datetime,carbon_intensity_actual,avg_carbon_intensity_forecast
2021-07-01T00:00:00.000000000,162.35,192.64741
2021-07-01T01:00:00.000000000,183.72,220.73026
2021-07-01T02:00:00.000000000,226.5,243.632
2021-07-01T03:00:00.000000000,250.79,256.58538
2021-07-01T04:00:00.000000000,251.0,255.58303
2021-07-01T05:00:00.000000000,253.65,248.74337
2021-07-01T06:00:00.000000000,242.78,241.90588
2021-07-01T07:00:00.000000000,245.9,232.59558
2021-07-01T08:00:00.000000000,243.18,220.27274
2021-07-01T09:00:00.000000000,239.27,210.49451
2021-07-01T10:00:00.000000000,236.96,208.9129
2021-07-01T11:00:00.000000000,235.3,213.45156
2021-07-01T12:00:00.000000000,233.51,214.47927
2021-07-01T13:00:00.000000000,228.12,204.09751
2021-07-01T14:00:00.000000000,168.95,178.75058
2021-07-01T15:00:00.000000000,144.28,145.77513
2021-07-01T16:00:00.000000000,133.48,120.2852
2021-07-01T17:00:00.000000000,132.39,110.07917
2021-07-01T18:00:00.000000000,128.73,111.82095
2021-07-01T19:00:00.000000000,136.27,117.40291
2021-07-01T20:00:00.000000000,137.5,121.96963
2021-07-01T21:00:00.000000000,140.8,127.52464
2021-07-01T22:00:00.000000000,148.03,138.10421
2021-07-01T23:00:00.000000000,156.27,157.36002
2021-07-02T00:00:00.000000000,164.05,189.43966
2021-07-02T01:00:00.000000000,183.26,211.60226
2021-07-02T02:00:00.000000000,228.33,232.45531
2021-07-02T03:00:00.000000000,250.12,249.65319
2021-07-02T04:00:00.000000000,248.23,254.60795
2021-07-02T05:00:00.000000000,241.91,250.03617
2021-07-02T06:00:00.000000000,237.49,240.64592
2021-07-02T07:00:00.000000000,235.49,226.70979
2021-07-02T08:00:00.000000000,236.83,210.77474
2021-07-02T09:00:00.000000000,229.4,199.89775
2021-07-02T10:00:00.000000000,228.7,198.84206
2021-07-02T11:00:00.000000000,226.58,203.52496
2021-07-02T12:00:00.000000000,236.3,206.71217
2021-07-02T13:00:00.000000000,237.47,201.19618
2021-07-02T14:00:00.000000000,188.81,179.33709
2021-07-02T15:00:00.000000000,158.87,145.65092
2021-07-02T16:00:00.000000000,146.93,117.19295
2021-07-02T17:00:00.000000000,138.94,105.70075
2021-07-02T18:00:00.000000000,144.33,108.92831
2021-07-02T19:00:00.000000000,150.66,117.44368
2021-07-02T20:00:00.000000000,156.93,124.42311
2021-07-02T21:00:00.000000000,160.17,130.7752
2021-07-02T22:00:00.000000000,168.86,141.11862
2021-07-02T23:00:00.000000000,168.74,158.92167
2021-07-03T00:00:00.000000000,184.24,192.37205
2021-07-03T01:00:00.000000000,194.82,210.39236
2021-07-03T02:00:00.000000000,229.61,229.39941
2021-07-03T03:00:00.000000000,253.62,247.62979
2021-07-03T04:00:00.000000000,246.29,254.69114
2021-07-03T05:00:00.000000000,249.4,251.63745
2021-07-03T06:00:00.000000000,241.42,242.58077
2021-07-03T07:00:00.000000000,234.11,228.34162
2021-07-03T08:00:00.000000000,231.8,212.46974
2021-07-03T09:00:00.000000000,241.24,202.24469
2021-07-03T10:00:00.000000000,238.27,201.66798
2021-07-03T11:00:00.000000000,231.77,205.91138
2021-07-03T12:00:00.000000000,225.48,208.53934
2021-07-03T13:00:00.000000000,224.57,203.81696
2021-07-03T14:00:00.000000000,190.47,184.58476
2021-07-03T15:00:00.000000000,148.11,153.9764
2021-07-03T16:00:00.000000000,144.4,126.95778
2021-07-03T17:00:00.000000000,132.37,114.71257
2021-07-03T18:00:00.000000000,127.84,116.13472
2021-07-03T19:00:00.000000000,132.05,123.48681
2021-07-03T20:00:00.000000000,139.79,130.30857
2021-07-03T21:00:00.000000000,147.99,137.21451
2021-07-03T22:00:00.000000000,146.68,147.91012
2021-07-03T23:00:00.000000000,158.59,164.73101
2021-07-04T00:00:00.000000000,157.87,193.93454
2021-07-04T01:00:00.000000000,179.86,213.01961
2021-07-04T02:00:00.000000000,228.31,233.1423
2021-07-04T03:00:00.000000000,251.05,254.17792
2021-07-04T04:00:00.000000000,238.78,262.96287
2021-07-04T05:00:00.000000000,239.64,259.57905
2021-07-04T06:00:00.000000000,238.41,250.94416
2021-07-04T07:00:00.000000000,240.48,239.00457
2021-07-04T08:00:00.000000000,231.65,225.49981
2021-07-04T09:00:00.000000000,214.29,216.33159
2021-07-04T10:00:00.000000000,222.04,215.81355
2021-07-04T11:00:00.000000000,218.66,221.08239
2021-07-04T12:00:00.000000000,223.9,226.51775
2021-07-04T13:00:00.000000000,216.67,222.0638
2021-07-04T14:00:00.000000000,137.76,196.54387
2021-07-04T15:00:00.000000000,115.55,155.58358
2021-07-04T16:00:00.000000000,102.38,121.8689
2021-07-04T17:00:00.000000000,95.47,108.8374
2021-07-04T18:00:00.000000000,98.93,110.86201
2021-07-04T19:00:00.000000000,108.03,116.35722
2021-07-04T20:00:00.000000000,105.56,121.28418
2021-07-04T21:00:00.000000000,106.02,128.89767
2021-07-04T22:00:00.000000000,113.35,143.62394
2021-07-04T23:00:00.000000000,111.43,166.08706
2021-07-02T00:00:00.000000000,164.05,209.26751
2021-07-02T01:00:00.000000000,183.26,233.90118
2021-07-02T02:00:00.000000000,228.33,252.67374
2021-07-02T03:00:00.000000000,250.12,262.29425
2021-07-02T04:00:00.000000000,248.23,259.38117
2021-07-02T05:00:00.000000000,241.91,252.10709
2021-07-02T06:00:00.000000000,237.49,245.94742
2021-07-02T07:00:00.000000000,235.49,237.74523
2021-07-02T08:00:00.000000000,236.83,227.15608
2021-07-02T09:00:00.000000000,229.4,219.5439
2021-07-02T10:00:00.000000000,228.7,219.61411
2021-07-02T11:00:00.000000000,226.58,224.85619
2021-07-02T12:00:00.000000000,236.3,225.92394
2021-07-02T13:00:00.000000000,237.47,214.18835
2021-07-02T14:00:00.000000000,188.81,186.46029
2021-07-02T15:00:00.000000000,158.87,152.2521
2021-07-02T16:00:00.000000000,146.93,127.92192
2021-07-02T17:00:00.000000000,138.94,120.12633
2021-07-02T18:00:00.000000000,144.33,123.34999
2021-07-02T19:00:00.000000000,150.66,129.00427
2021-07-02T20:00:00.000000000,156.93,133.23379
2021-07-02T21:00:00.000000000,160.17,139.48513
2021-07-02T22:00:00.000000000,168.86,152.50234
2021-07-02T23:00:00.000000000,168.74,174.46334
2021-07-03T00:00:00.000000000,184.24,205.05431
2021-07-03T01:00:00.000000000,194.82,224.44252
2021-07-03T02:00:00.000000000,229.61,241.9644
2021-07-03T03:00:00.000000000,253.62,255.85409
2021-07-03T04:00:00.000000000,246.29,258.84644
2021-07-03T05:00:00.000000000,249.4,254.86909
2021-07-03T06:00:00.000000000,241.42,248.13618
2021-07-03T07:00:00.000000000,234.11,237.03899
2021-07-03T08:00:00.000000000,231.8,223.47661
2021-07-03T09:00:00.000000000,241.24,214.43922
2021-07-03T10:00:00.000000000,238.27,214.55387
2021-07-03T11:00:00.000000000,231.77,220.56959
2021-07-03T12:00:00.000000000,225.48,225.17661
2021-07-03T13:00:00.000000000,224.57,219.82537
2021-07-03T14:00:00.000000000,190.47,196.95867
2021-07-03T15:00:00.000000000,148.11,162.92527
2021-07-03T16:00:00.000000000,144.4,135.36692
2021-07-03T17:00:00.000000000,132.37,124.4324
2021-07-03T18:00:00.000000000,127.84,126.35445
2021-07-03T19:00:00.000000000,132.05,132.68332
2021-07-03T20:00:00.000000000,139.79,138.26184
2021-07-03T21:00:00.000000000,147.99,144.93893
2021-07-03T22:00:00.000000000,146.68,156.80726
2021-07-03T23:00:00.000000000,158.59,175.96616
2021-07-04T00:00:00.000000000,157.87,197.71356
2021-07-04T01:00:00.000000000,179.86,216.55288
2021-07-04T02:00:00.000000000,228.31,235.50826
2021-07-04T03:00:00.000000000,251.05,254.9799
2021-07-04T04:00:00.000000000,238.78,262.95148
2021-07-04T05:00:00.000000000,239.64,259.01565
2021-07-04T06:00:00.000000000,238.41,248.83002
2021-07-04T07:00:00.000000000,240.48,234.47401
2021-07-04T08:00:00.000000000,231.65,219.0754
2021-07-04T09:00:00.000000000,214.29,209.3015
2021-07-04T10:00:00.000000000,222.04,209.11515
2021-07-04T11:00:00.000000000,218.66,214.33918
2021-07-04T12:00:00.000000000,223.9,218.94554
2021-07-04T13:00:00.000000000,216.67,213.80838
2021-07-04T14:00:00.000000000,137.76,188.7525
2021-07-04T15:00:00.000000000,115.55,149.3534
2021-07-04T16:00:00.000000000,102.38,117.19179
2021-07-04T17:00:00.000000000,95.47,105.65653
2021-07-04T18:00:00.000000000,98.93,109.69138
2021-07-04T19:00:00.000000000,108.03,117.46709
2021-07-04T20:00:00.000000000,105.56,123.73621
2021-07-04T21:00:00.000000000,106.02,131.44636
2021-07-04T22:00:00.000000000,113.35,145.93884
2021-07-04T23:00:00.000000000,111.43,168.40033
2021-07-05T00:00:00.000000000,121.35,201.36539
2021-07-05T01:00:00.000000000,142.35,219.72357
2021-07-05T02:00:00.000000000,196.1,238.16208
2021-07-05T03:00:00.000000000,224.98,257.34203
2021-07-05T04:00:00.000000000,211.95,264.48898
2021-07-05T05:00:00.000000000,213.75,259.71964
2021-07-05T06:00:00.000000000,221.85,250.20646
2021-07-05T07:00:00.000000000,215.35,237.98285
2021-07-05T08:00:00.000000000,203.27,224.69617
2021-07-05T09:00:00.000000000,203.81,216.1873
2021-07-05T10:00:00.000000000,204.62,216.61025
2021-07-05T11:00:00.000000000,201.17,222.72395
2021-07-05T12:00:00.000000000,204.8,228.78324
2021-07-05T13:00:00.000000000,199.65,223.5187
2021-07-05T14:00:00.000000000,141.65,195.25261
2021-07-05T15:00:00.000000000,112.18,151.53431
2021-07-05T16:00:00.000000000,103.68,117.43101
2021-07-05T17:00:00.000000000,92.81,106.63089
2021-07-05T18:00:00.000000000,91.77,111.3706
2021-07-05T19:00:00.000000000,101.8,118.41793
2021-07-05T20:00:00.000000000,116.33,123.9619
2021-07-05T21:00:00.000000000,119.1,132.20549
2021-07-05T22:00:00.000000000,118.95,148.41058
2021-07-05T23:00:00.000000000,135.88,172.72334
2021-07-03T00:00:00.000000000,184.24,226.08947
2021-07-03T01:00:00.000000000,194.82,247.44698
2021-07-03T02:00:00.000000000,229.61,263.45435
2021-07-03T03:00:00.000000000,253.62,270.2527
2021-07-03T04:00:00.000000000,246.29,265.1006
2021-07-03T05:00:00.000000000,249.4,257.37775
2021-07-03T06:00:00.000000000,241.42,252.90347
2021-07-03T07:00:00.000000000,234.11,247.11726
2021-07-03T08:00:00.000000000,231.8,239.12759
2021-07-03T09:00:00.000000000,241.24,233.83504
2021-07-03T10:00:00.000000000,238.27,235.80498
2021-07-03T11:00:00.000000000,231.77,243.30378
2021-07-03T12:00:00.000000000,225.48,245.97263
2021-07-03T13:00:00.000000000,224.57,233.80904
2021-07-03T14:00:00.000000000,190.47,204.88989
2021-07-03T15:00:00.000000000,148.11,171.52755
2021-07-03T16:00:00.000000000,144.4,149.69966
2021-07-03T17:00:00.000000000,132.37,143.44219
2021-07-03T18:00:00.000000000,127.84,145.44694
2021-07-03T19:00:00.000000000,132.05,148.70966
2021-07-03T20:00:00.000000000,139.79,151.72561
2021-07-03T21:00:00.000000000,147.99,158.55433
2021-07-03T22:00:00.000000000,146.68,172.53712
2021-07-03T23:00:00.000000000,158.59,194.2604
2021-07-04T00:00:00.000000000,157.87,209.53125
2021-07-04T01:00:00.000000000,179.86,227.12437
2021-07-04T02:00:00.000000000,228.31,243.99105
2021-07-04T03:00:00.000000000,251.05,259.68569
2021-07-04T04:00:00.000000000,238.78,263.71949
2021-07-04T05:00:00.000000000,239.64,258.0593
2021-07-04T06:00:00.000000000,238.41,249.39497
2021-07-04T07:00:00.000000000,240.48,238.2307
2021-07-04T08:00:00.000000000,231.65,226.03507
2021-07-04T09:00:00.000000000,214.29,218.5491
2021-07-04T10:00:00.000000000,222.04,220.01704
2021-07-04T11:00:00.000000000,218.66,227.47285
2021-07-04T12:00:00.000000000,223.9,233.57384
2021-07-04T13:00:00.000000000,216.67,226.65858
2021-07-04T14:00:00.000000000,137.76,198.03888
2021-07-04T15:00:00.000000000,115.55,157.64891
2021-07-04T16:00:00.000000000,102.38,128.00835
2021-07-04T17:00:00.000000000,95.47,119.51506
2021-07-04T18:00:00.000000000,98.93,124.05791
2021-07-04T19:00:00.000000000,108.03,130.19517
2021-07-04T20:00:00.000000000,105.56,135.18803
2021-07-04T21:00:00.000000000,106.02,143.30384
2021-07-04T22:00:00.000000000,113.35,159.10118
2021-07-04T23:00:00.000000000,111.43,182.15859
2021-07-05T00:00:00.000000000,121.35,202.64273
2021-07-05T01:00:00.000000000,142.35,220.76428
2021-07-05T02:00:00.000000000,196.1,238.21933
2021-07-05T03:00:00.000000000,224.98,255.51197
2021-07-05T04:00:00.000000000,211.95,261.33194
2021-07-05T05:00:00.000000000,213.75,255.92802
2021-07-05T06:00:00.000000000,221.85,245.4267
2021-07-05T07:00:00.000000000,215.35,231.56087
2021-07-05T08:00:00.000000000,203.27,216.97729
2021-07-05T09:00:00.000000000,203.81,208.18128
2021-07-05T10:00:00.000000000,204.62,209.3982
2021-07-05T11:00:00.000000000,201.17,216.37887
2021-07-05T12:00:00.000000000,204.8,222.09203
2021-07-05T13:00:00.000000000,199.65,215.67069
2021-07-05T14:00:00.000000000,141.65,187.35196
2021-07-05T15:00:00.000000000,112.18,145.75451
2021-07-05T16:00:00.000000000,103.68,114.27899
2021-07-05T17:00:00.000000000,92.81,105.37402
2021-07-05T18:00:00.000000000,91.77,111.60942
2021-07-05T19:00:00.000000000,101.8,120.07666
2021-07-05T20:00:00.000000000,116.33,126.45643
2021-07-05T21:00:00.000000000,119.1,134.62086
2021-07-05T22:00:00.000000000,118.95,150.37088
2021-07-05T23:00:00.000000000,135.88,174.07605
2021-07-06T00:00:00.000000000,141.37,202.24423
2021-07-06T01:00:00.000000000,161.65,218.69873
2021-07-06T02:00:00.000000000,200.61,234.90179
2021-07-06T03:00:00.000000000,231.74,250.17793
2021-07-06T04:00:00.000000000,230.68,254.94366
2021-07-06T05:00:00.000000000,222.61,251.47625
2021-07-06T06:00:00.000000000,213.7,244.8351
2021-07-06T07:00:00.000000000,196.36,234.55365
2021-07-06T08:00:00.000000000,189.56,222.42365
2021-07-06T09:00:00.000000000,178.76,214.59895
2021-07-06T10:00:00.000000000,186.66,215.05075
2021-07-06T11:00:00.000000000,181.43,220.75013
2021-07-06T12:00:00.000000000,177.44,225.28133
2021-07-06T13:00:00.000000000,190.65,219.93912
2021-07-06T14:00:00.000000000,165.7,196.80644
2021-07-06T15:00:00.000000000,143.68,162.39123
2021-07-06T16:00:00.000000000,144.31,134.85169
2021-07-06T17:00:00.000000000,145.26,124.09635
2021-07-06T18:00:00.000000000,135.55,125.47907
2021-07-06T19:00:00.000000000,142.15,130.35963
2021-07-06T20:00:00.000000000,145.46,135.03244
2021-07-06T21:00:00.000000000,145.73,142.33842
2021-07-06T22:00:00.000000000,142.91,156.01763
2021-07-06T23:00:00.000000000,138.46,176.30416
2021-07-04T00:00:00.000000000,157.87,190.80486
2021-07-04T01:00:00.000000000,179.86,219.10845
2021-07-04T02:00:00.000000000,228.31,242.5045
2021-07-04T03:00:00.000000000,251.05,256.2361
2021-07-04T04:00:00.000000000,238.78,254.50307
2021-07-04T05:00:00.000000000,239.64,245.78611
2021-07-04T06:00:00.000000000,238.41,239.7058
2021-07-04T07:00:00.000000000,240.48,234.95075
2021-07-04T08:00:00.000000000,231.65,228.04083
2021-07-04T09:00:00.000000000,214.29,221.14364
2021-07-04T10:00:00.000000000,222.04,219.91707
2021-07-04T11:00:00.000000000,218.66,225.14852
2021-07-04T12:00:00.000000000,223.9,227.06324
2021-07-04T13:00:00.000000000,216.67,214.23903
2021-07-04T14:00:00.000000000,137.76,182.8293
2021-07-04T15:00:00.000000000,115.55,144.61592
2021-07-04T16:00:00.000000000,102.38,118.82667
2021-07-04T17:00:00.000000000,95.47,111.54765
2021-07-04T18:00:00.000000000,98.93,114.05611
2021-07-04T19:00:00.000000000,108.03,115.82275
2021-07-04T20:00:00.000000000,105.56,116.33329
2021-07-04T21:00:00.000000000,106.02,121.30845
2021-07-04T22:00:00.000000000,113.35,134.93119
2021-07-04T23:00:00.000000000,111.43,157.74957
2021-07-05T00:00:00.000000000,121.35,186.3607
2021-07-05T01:00:00.000000000,142.35,210.23909
2021-07-05T02:00:00.000000000,196.1,233.12064
2021-07-05T03:00:00.000000000,224.98,252.0351
2021-07-05T04:00:00.000000000,211.95,256.62009
2021-07-05T05:00:00.000000000,213.75,250.39762
2021-07-05T06:00:00.000000000,221.85,241.50847
2021-07-05T07:00:00.000000000,215.35,230.48391
2021-07-05T08:00:00.000000000,203.27,217.0097
2021-07-05T09:00:00.000000000,203.81,206.74262
2021-07-05T10:00:00.000000000,204.62,205.83436
2021-07-05T11:00:00.000000000,201.17,212.27642
2021-07-05T12:00:00.000000000,204.8,218.33309
2021-07-05T13:00:00.000000000,199.65,212.30599
2021-07-05T14:00:00.000000000,141.65,184.22196
2021-07-05T15:00:00.000000000,112.18,142.53205
2021-07-05T16:00:00.000000000,103.68,110.41
2021-07-05T17:00:00.000000000,92.81,100.3107
2021-07-05T18:00:00.000000000,91.77,105.41013
2021-07-05T19:00:00.000000000,101.8,113.0615
2021-07-05T20:00:00.000000000,116.33,118.66903
2021-07-05T21:00:00.000000000,119.1,125.11371
2021-07-05T22:00:00.000000000,118.95,137.06898
2021-07-05T23:00:00.000000000,135.88,156.93218
2021-07-06T00:00:00.000000000,141.37,180.72866
2021-07-06T01:00:00.000000000,161.65,199.73892
2021-07-06T02:00:00.000000000,200.61,221.4359
2021-07-06T03:00:00.000000000,231.74,243.39456
2021-07-06T04:00:00.000000000,230.68,252.89399
2021-07-06T05:00:00.000000000,222.61,249.61824
2021-07-06T06:00:00.000000000,213.7,239.0644
2021-07-06T07:00:00.000000000,196.36,223.77116
2021-07-06T08:00:00.000000000,189.56,207.03148
2021-07-06T09:00:00.000000000,178.76,195.7333
2021-07-06T10:00:00.000000000,186.66,194.50039
2021-07-06T11:00:00.000000000,181.43,198.54486
2021-07-06T12:00:00.000000000,177.44,201.18208
2021-07-06T13:00:00.000000000,190.65,195.81141
2021-07-06T14:00:00.000000000,165.7,174.6991
2021-07-06T15:00:00.000000000,143.68,141.69389
2021-07-06T16:00:00.000000000,144.31,113.61584
2021-07-06T17:00:00.000000000,145.26,102.74083
2021-07-06T18:00:00.000000000,135.55,106.81167
2021-07-06T19:00:00.000000000,142.15,115.81696
2021-07-06T20:00:00.000000000,145.46,122.93359
2021-07-06T21:00:00.000000000,145.73,129.35296
2021-07-06T22:00:00.000000000,142.91,139.01978
2021-07-06T23:00:00.000000000,138.46,154.35167
2021-07-07T00:00:00.000000000,149.5,183.09875
2021-07-07T01:00:00.000000000,171.05,200.85277
2021-07-07T02:00:00.000000000,210.98,219.73342
2021-07-07T03:00:00.000000000,238.26,238.94777
2021-07-07T04:00:00.000000000,237.34,246.57571
2021-07-07T05:00:00.000000000,229.39,242.8108
2021-07-07T06:00:00.000000000,221.14,233.76756
2021-07-07T07:00:00.000000000,208.01,221.47488
2021-07-07T08:00:00.000000000,207.41,208.26327
2021-07-07T09:00:00.000000000,192.64,199.45573
2021-07-07T10:00:00.000000000,193.05,198.64755
2021-07-07T11:00:00.000000000,191.12,202.4278
2021-07-07T12:00:00.000000000,194.39,204.99868
2021-07-07T13:00:00.000000000,203.5,198.86425
2021-07-07T14:00:00.000000000,172.83,176.4722
2021-07-07T15:00:00.000000000,145.41,143.12901
2021-07-07T16:00:00.000000000,143.16,116.15098
2021-07-07T17:00:00.000000000,137.99,106.16855
2021-07-07T18:00:00.000000000,143.07,109.17227
2021-07-07T19:00:00.000000000,145.23,115.27663
2021-07-07T20:00:00.000000000,147.94,120.2634
2021-07-07T21:00:00.000000000,157.75,126.88913
2021-07-07T22:00:00.000000000,158.6,139.33772
2021-07-07T23:00:00.000000000,170.34,158.156
2021-07-05T00:00:00.000000000,121.35,159.23811
2021-07-05T01:00:00.000000000,142.35,193.80835
2021-07-05T02:00:00.000000000,196.1,223.83951
2021-07-05T03:00:00.000000000,224.98,240.05605
2021-07-05T04:00:00.000000000,211.95,237.29311
2021-07-05T05:00:00.000000000,213.75,226.78843
2021-07-05T06:00:00.000000000,221.85,219.02697
2021-07-05T07:00:00.000000000,215.35,211.41256
2021-07-05T08:00:00.000000000,203.27,199.32151
2021-07-05T09:00:00.000000000,203.81,187.65284
2021-07-05T10:00:00.000000000,204.62,185.76615
2021-07-05T11:00:00.000000000,201.17,192.0727
2021-07-05T12:00:00.000000000,204.8,193.14553
2021-07-05T13:00:00.000000000,199.65,178.48642
2021-07-05T14:00:00.000000000,141.65,147.50486
2021-07-05T15:00:00.000000000,112.18,111.62909
2021-07-05T16:00:00.000000000,103.68,86.81439
2021-07-05T17:00:00.000000000,92.81,79.16712
2021-07-05T18:00:00.000000000,91.77,83.94987
2021-07-05T19:00:00.000000000,101.8,91.09302
2021-07-05T20:00:00.000000000,116.33,96.39501
2021-07-05T21:00:00.000000000,119.1,101.70473
2021-07-05T22:00:00.000000000,118.95,109.9327
2021-07-05T23:00:00.000000000,135.88,125.76315
2021-07-06T00:00:00.000000000,141.37,158.96048
2021-07-06T01:00:00.000000000,161.65,181.96494
2021-07-06T02:00:00.000000000,200.61,207.98308
2021-07-06T03:00:00.000000000,231.74,230.61611
2021-07-06T04:00:00.000000000,230.68,237.47184
2021-07-06T05:00:00.000000000,222.61,231.40815
2021-07-06T06:00:00.000000000,213.7,220.87253
2021-07-06T07:00:00.000000000,196.36,207.95562
2021-07-06T08:00:00.000000000,189.56,192.8194
2021-07-06T09:00:00.000000000,178.76,181.05115
2021-07-06T10:00:00.000000000,186.66,179.22706
2021-07-06T11:00:00.000000000,181.43,183.24903
2021-07-06T12:00:00.000000000,177.44,184.12
2021-07-06T13:00:00.000000000,190.65,174.87917
2021-07-06T14:00:00.000000000,165.7,151.26847
2021-07-06T15:00:00.000000000,143.68,119.79915
2021-07-06T16:00:00.000000000,144.31,95.44143
2021-07-06T17:00:00.000000000,145.26,87.60287
2021-07-06T18:00:00.000000000,135.55,93.26718
2021-07-06T19:00:00.000000000,142.15,102.53174
2021-07-06T20:00:00.000000000,145.46,109.40204
2021-07-06T21:00:00.000000000,145.73,114.87882
2021-07-06T22:00:00.000000000,142.91,121.94125
2021-07-06T23:00:00.000000000,138.46,133.56281
2021-07-07T00:00:00.000000000,149.5,158.8391
2021-07-07T01:00:00.000000000,171.05,175.97157
2021-07-07T02:00:00.000000000,210.98,198.75009
2021-07-07T03:00:00.000000000,238.26,223.50719
2021-07-07T04:00:00.000000000,237.34,234.01215
2021-07-07T05:00:00.000000000,229.39,228.50745
2021-07-07T06:00:00.000000000,221.14,215.37679
2021-07-07T07:00:00.000000000,208.01,200.18794
2021-07-07T08:00:00.000000000,207.41,185.50688
2021-07-07T09:00:00.000000000,192.64,175.69455
2021-07-07T10:00:00.000000000,193.05,174.78268
2021-07-07T11:00:00.000000000,191.12,178.13416
2021-07-07T12:00:00.000000000,194.39,179.04785
2021-07-07T13:00:00.000000000,203.5,171.48539
2021-07-07T14:00:00.000000000,172.83,150.21271
2021-07-07T15:00:00.000000000,145.41,120.57107
2021-07-07T16:00:00.000000000,143.16,97.38963
2021-07-07T17:00:00.000000000,137.99,90.42154
2021-07-07T18:00:00.000000000,143.07,96.55395
2021-07-07T19:00:00.000000000,145.23,105.27536
2021-07-07T20:00:00.000000000,147.94,111.19518
2021-07-07T21:00:00.000000000,157.75,116.76441
2021-07-07T22:00:00.000000000,158.6,125.6953
2021-07-07T23:00:00.000000000,170.34,138.41553
2021-07-08T00:00:00.000000000,174.82,173.56002
2021-07-08T01:00:00.000000000,197.31,186.53456
2021-07-08T02:00:00.000000000,236.03,202.37075
2021-07-08T03:00:00.000000000,252.13,220.721
2021-07-08T04:00:00.000000000,252.38,227.76672
2021-07-08T05:00:00.000000000,251.16,222.92065
2021-07-08T06:00:00.000000000,251.7,213.21766
2021-07-08T07:00:00.000000000,250.75,202.30695
2021-07-08T08:00:00.000000000,246.38,192.00711
2021-07-08T09:00:00.000000000,243.51,185.92864
2021-07-08T10:00:00.000000000,237.07,186.51477
2021-07-08T11:00:00.000000000,224.5,189.94953
2021-07-08T12:00:00.000000000,241.35,191.04776
2021-07-08T13:00:00.000000000,248.28,183.23006
2021-07-08T14:00:00.000000000,212.74,161.12872
2021-07-08T15:00:00.000000000,170.34,131.44966
2021-07-08T16:00:00.000000000,159.83,109.56312
2021-07-08T17:00:00.000000000,159.16,102.97067
2021-07-08T18:00:00.000000000,163.86,106.35022
2021-07-08T19:00:00.000000000,160.39,110.67502
2021-07-08T20:00:00.000000000,171.05,113.90775
2021-07-08T21:00:00.000000000,181.36,120.47804
2021-07-08T22:00:00.000000000,192.36,134.57047
2021-07-08T23:00:00.000000000,199.72,153.52492
2021-07-06T00:00:00.000000000,141.37,171.1363
2021-07-06T01:00:00.000000000,161.65,202.71027
2021-07-06T02:00:00.000000000,200.61,233.28418
2021-07-06T03:00:00.000000000,231.74,250.45488
2021-07-06T04:00:00.000000000,230.68,248.61464
2021-07-06T05:00:00.000000000,222.61,238.67134
2021-07-06T06:00:00.000000000,213.7,229.45055
2021-07-06T07:00:00.000000000,196.36,217.68403
2021-07-06T08:00:00.000000000,189.56,200.86568
2021-07-06T09:00:00.000000000,178.76,187.02348
2021-07-06T10:00:00.000000000,186.66,186.95716
2021-07-06T11:00:00.000000000,181.43,195.22459
2021-07-06T12:00:00.000000000,177.44,193.74829
2021-07-06T13:00:00.000000000,190.65,173.55349
2021-07-06T14:00:00.000000000,165.7,140.94074
2021-07-06T15:00:00.000000000,143.68,110.45431
2021-07-06T16:00:00.000000000,144.31,92.06446
2021-07-06T17:00:00.000000000,145.26,87.75823
2021-07-06T18:00:00.000000000,135.55,93.77221
2021-07-06T19:00:00.000000000,142.15,103.1826
2021-07-06T20:00:00.000000000,145.46,111.13327
2021-07-06T21:00:00.000000000,145.73,118.06189
2021-07-06T22:00:00.000000000,142.91,125.80366
2021-07-06T23:00:00.000000000,138.46,138.07936
2021-07-07T00:00:00.000000000,149.5,156.35449
2021-07-07T01:00:00.000000000,171.05,176.09919
2021-07-07T02:00:00.000000000,210.98,200.44717
2021-07-07T03:00:00.000000000,238.26,223.00629
2021-07-07T04:00:00.000000000,237.34,229.92505
2021-07-07T05:00:00.000000000,229.39,223.03831
2021-07-07T06:00:00.000000000,221.14,211.12365
2021-07-07T07:00:00.000000000,208.01,197.23617
2021-07-07T08:00:00.000000000,207.41,182.00851
2021-07-07T09:00:00.000000000,192.64,170.91793
2021-07-07T10:00:00.000000000,193.05,170.33148
2021-07-07T11:00:00.000000000,191.12,174.78551
2021-07-07T12:00:00.000000000,194.39,174.60103
2021-07-07T13:00:00.000000000,203.5,163.47407
2021-07-07T14:00:00.000000000,172.83,139.63879
2021-07-07T15:00:00.000000000,145.41,110.92621
2021-07-07T16:00:00.000000000,143.16,90.31598
2021-07-07T17:00:00.000000000,137.99,85.01649
2021-07-07T18:00:00.000000000,143.07,91.74991
2021-07-07T19:00:00.000000000,145.23,101.21355
2021-07-07T20:00:00.000000000,147.94,108.19119
2021-07-07T21:00:00.000000000,157.75,114.28573
2021-07-07T22:00:00.000000000,158.6,122.40705
2021-07-07T23:00:00.000000000,170.34,133.77181
2021-07-08T00:00:00.000000000,174.82,156.25662
2021-07-08T01:00:00.000000000,197.31,171.77523
2021-07-08T02:00:00.000000000,236.03,193.24941
2021-07-08T03:00:00.000000000,252.13,217.0565
2021-07-08T04:00:00.000000000,252.38,226.46234
2021-07-08T05:00:00.000000000,251.16,219.69151
2021-07-08T06:00:00.000000000,251.7,205.85085
2021-07-08T07:00:00.000000000,250.75,191.07227
2021-07-08T08:00:00.000000000,246.38,177.64921
2021-07-08T09:00:00.000000000,243.51,169.09592
2021-07-08T10:00:00.000000000,237.07,169.11162
2021-07-08T11:00:00.000000000,224.5,172.86093
2021-07-08T12:00:00.000000000,241.35,173.17857
2021-07-08T13:00:00.000000000,248.28,164.08164
2021-07-08T14:00:00.000000000,212.74,142.26099
2021-07-08T15:00:00.000000000,170.34,114.47362
2021-07-08T16:00:00.000000000,159.83,94.27428
2021-07-08T17:00:00.000000000,159.16,89.20236
2021-07-08T18:00:00.000000000,163.86,95.52815
2021-07-08T19:00:00.000000000,160.39,103.2288
2021-07-08T20:00:00.000000000,171.05,108.23164
2021-07-08T21:00:00.000000000,181.36,113.95619
2021-07-08T22:00:00.000000000,192.36,124.17582
2021-07-08T23:00:00.000000000,199.72,137.6938
2021-07-09T00:00:00.000000000,208.46,183.5921
2021-07-09T01:00:00.000000000,228.43,195.58841
2021-07-09T02:00:00.000000000,258.23,208.56655
2021-07-09T03:00:00.000000000,273.23,223.54063
2021-07-09T04:00:00.000000000,265.26,228.10865
2021-07-09T05:00:00.000000000,250.99,222.41959
2021-07-09T06:00:00.000000000,246.67,213.55069
2021-07-09T07:00:00.000000000,244.99,204.59389
2021-07-09T08:00:00.000000000,243.62,196.84385
2021-07-09T09:00:00.000000000,240.14,192.75845
2021-07-09T10:00:00.000000000,243.02,193.8246
2021-07-09T11:00:00.000000000,250.98,197.41378
2021-07-09T12:00:00.000000000,256.66,199.30115
2021-07-09T13:00:00.000000000,261.66,192.18826
2021-07-09T14:00:00.000000000,222.54,170.00452
2021-07-09T15:00:00.000000000,188.76,140.06981
2021-07-09T16:00:00.000000000,173.84,118.55823
2021-07-09T17:00:00.000000000,168.52,112.30404
2021-07-09T18:00:00.000000000,183.08,114.76332
2021-07-09T19:00:00.000000000,187.6,117.09585
2021-07-09T20:00:00.000000000,196.25,118.76037
2021-07-09T21:00:00.000000000,205.88,125.3012
2021-07-09T22:00:00.000000000,209.31,141.30628
2021-07-09T23:00:00.000000000,214.27,163.0829
2021-07-07T00:00:00.000000000,149.5,186.72767
2021-07-07T01:00:00.000000000,171.05,204.75848
2021-07-07T02:00:00.000000000,210.98,224.34415
2021-07-07T03:00:00.000000000,238.26,241.1183
2021-07-07T04:00:00.000000000,237.34,243.90153
2021-07-07T05:00:00.000000000,229.39,234.19057
2021-07-07T06:00:00.000000000,221.14,219.74752
2021-07-07T07:00:00.000000000,208.01,203.72531
2021-07-07T08:00:00.000000000,207.41,189.55299
2021-07-07T09:00:00.000000000,192.64,181.9922
2021-07-07T10:00:00.000000000,193.05,184.72404
2021-07-07T11:00:00.000000000,191.12,192.70956
2021-07-07T12:00:00.000000000,194.39,194.16927
2021-07-07T13:00:00.000000000,203.5,180.11861
2021-07-07T14:00:00.000000000,172.83,152.004
2021-07-07T15:00:00.000000000,145.41,123.57281
2021-07-07T16:00:00.000000000,143.16,107.8965
2021-07-07T17:00:00.000000000,137.99,107.82225
2021-07-07T18:00:00.000000000,143.07,116.67763
2021-07-07T19:00:00.000000000,145.23,124.83807
2021-07-07T20:00:00.000000000,147.94,129.49452
2021-07-07T21:00:00.000000000,157.75,135.35415
2021-07-07T22:00:00.000000000,158.6,147.58099
2021-07-07T23:00:00.000000000,170.34,164.65557
2021-07-08T00:00:00.000000000,174.82,186.78167
2021-07-08T01:00:00.000000000,197.31,203.79351
2021-07-08T02:00:00.000000000,236.03,221.64053
2021-07-08T03:00:00.000000000,252.13,237.7032
2021-07-08T04:00:00.000000000,252.38,241.68298
2021-07-08T05:00:00.000000000,251.16,235.77643
2021-07-08T06:00:00.000000000,251.7,225.72889
2021-07-08T07:00:00.000000000,250.75,212.23829
2021-07-08T08:00:00.000000000,246.38,197.58773
2021-07-08T09:00:00.000000000,243.51,188.54636
2021-07-08T10:00:00.000000000,237.07,189.80806
2021-07-08T11:00:00.000000000,224.5,195.58947
2021-07-08T12:00:00.000000000,241.35,196.88891
2021-07-08T13:00:00.000000000,248.28,186.13455
2021-07-08T14:00:00.000000000,212.74,160.24879
2021-07-08T15:00:00.000000000,170.34,128.49003
2021-07-08T16:00:00.000000000,159.83,106.25299
2021-07-08T17:00:00.000000000,159.16,100.88824
2021-07-08T18:00:00.000000000,163.86,107.5527
2021-07-08T19:00:00.000000000,160.39,116.86107
2021-07-08T20:00:00.000000000,171.05,124.07306
2021-07-08T21:00:00.000000000,181.36,131.73614
2021-07-08T22:00:00.000000000,192.36,144.25635
2021-07-08T23:00:00.000000000,199.72,161.94422
2021-07-09T00:00:00.000000000,208.46,193.55807
2021-07-09T01:00:00.000000000,228.43,209.04336
2021-07-09T02:00:00.000000000,258.23,225.08261
2021-07-09T03:00:00.000000000,273.23,240.19936
2021-07-09T04:00:00.000000000,265.26,244.49696
2021-07-09T05:00:00.000000000,250.99,239.35326
2021-07-09T06:00:00.000000000,246.67,229.64128
2021-07-09T07:00:00.000000000,244.99,216.60373
2021-07-09T08:00:00.000000000,243.62,203.50521
2021-07-09T09:00:00.000000000,240.14,195.9226
2021-07-09T10:00:00.000000000,243.02,196.64554
2021-07-09T11:00:00.000000000,250.98,201.19648
2021-07-09T12:00:00.000000000,256.66,202.91185
2021-07-09T13:00:00.000000000,261.66,195.85451
2021-07-09T14:00:00.000000000,222.54,175.51817
2021-07-09T15:00:00.000000000,188.76,147.80357
2021-07-09T16:00:00.000000000,173.84,126.04579
2021-07-09T17:00:00.000000000,168.52,118.1013
2021-07-09T18:00:00.000000000,183.08,121.1317
2021-07-09T19:00:00.000000000,187.6,127.66418
2021-07-09T20:00:00.000000000,196.25,133.16141
2021-07-09T21:00:00.000000000,205.88,139.89955
2021-07-09T22:00:00.000000000,209.31,151.85925
2021-07-09T23:00:00.000000000,214.27,169.21453
2021-07-10T00:00:00.000000000,215.62,201.23822
2021-07-10T01:00:00.000000000,229.03,215.33185
2021-07-10T02:00:00.000000000,248.93,229.85039
2021-07-10T03:00:00.000000000,268.54,243.27355
2021-07-10T04:00:00.000000000,268.53,246.26212
2021-07-10T05:00:00.000000000,262.23,241.43885
2021-07-10T06:00:00.000000000,246.82,234.52428
2021-07-10T07:00:00.000000000,240.51,225.70973
2021-07-10T08:00:00.000000000,238.68,216.88258
2021-07-10T09:00:00.000000000,232.5,211.78511
2021-07-10T10:00:00.000000000,232.57,212.57625
2021-07-10T11:00:00.000000000,232.3,217.2707
2021-07-10T12:00:00.000000000,239.01,220.26142
2021-07-10T13:00:00.000000000,238.27,214.93508
2021-07-10T14:00:00.000000000,206.63,196.29991
2021-07-10T15:00:00.000000000,182.75,170.2214
2021-07-10T16:00:00.000000000,164.45,149.4255
2021-07-10T17:00:00.000000000,152.72,140.23969
2021-07-10T18:00:00.000000000,163.88,139.30422
2021-07-10T19:00:00.000000000,169.33,141.04117
2021-07-10T20:00:00.000000000,171.0,143.56169
2021-07-10T21:00:00.000000000,178.58,149.72019
2021-07-10T22:00:00.000000000,179.53,161.90194
2021-07-10T23:00:00.000000000,188.65,179.18221
2021-07-08T00:00:00.000000000,174.82,219.68057
2021-07-08T01:00:00.000000000,197.31,239.00071
2021-07-08T02:00:00.000000000,236.03,253.53627
2021-07-08T03:00:00.000000000,252.13,261.33527
2021-07-08T04:00:00.000000000,252.38,257.98084
2021-07-08T05:00:00.000000000,251.16,250.64074
2021-07-08T06:00:00.000000000,251.7,244.96738
2021-07-08T07:00:00.000000000,250.75,237.75891
2021-07-08T08:00:00.000000000,246.38,228.89423
2021-07-08T09:00:00.000000000,243.51,223.61644
2021-07-08T10:00:00.000000000,237.07,226.21282
2021-07-08T11:00:00.000000000,224.5,233.87617
2021-07-08T12:00:00.000000000,241.35,237.14559
2021-07-08T13:00:00.000000000,248.28,225.61642
2021-07-08T14:00:00.000000000,212.74,195.73817
2021-07-08T15:00:00.000000000,170.34,159.86233
2021-07-08T16:00:00.000000000,159.83,136.27059
2021-07-08T17:00:00.000000000,159.16,130.61406
2021-07-08T18:00:00.000000000,163.86,134.6765
2021-07-08T19:00:00.000000000,160.39,139.59474
2021-07-08T20:00:00.000000000,171.05,143.59416
2021-07-08T21:00:00.000000000,181.36,151.02672
2021-07-08T22:00:00.000000000,192.36,166.37929
2021-07-08T23:00:00.000000000,199.72,189.65949
2021-07-09T00:00:00.000000000,208.46,218.30989
2021-07-09T01:00:00.000000000,228.43,235.99569
2021-07-09T02:00:00.000000000,258.23,251.90453
2021-07-09T03:00:00.000000000,273.23,263.42105
2021-07-09T04:00:00.000000000,265.26,264.36489
2021-07-09T05:00:00.000000000,250.99,260.09186
2021-07-09T06:00:00.000000000,246.67,254.99795
2021-07-09T07:00:00.000000000,244.99,245.82919
2021-07-09T08:00:00.000000000,243.62,233.45369
2021-07-09T09:00:00.000000000,240.14,224.60148
2021-07-09T10:00:00.000000000,243.02,224.5336
2021-07-09T11:00:00.000000000,250.98,230.86544
2021-07-09T12:00:00.000000000,256.66,235.43549
2021-07-09T13:00:00.000000000,261.66,228.90096
2021-07-09T14:00:00.000000000,222.54,205.30575
2021-07-09T15:00:00.000000000,188.76,172.9147
2021-07-09T16:00:00.000000000,173.84,148.41513
2021-07-09T17:00:00.000000000,168.52,139.66942
2021-07-09T18:00:00.000000000,183.08,141.77792
2021-07-09T19:00:00.000000000,187.6,147.27953
2021-07-09T20:00:00.000000000,196.25,152.18972
2021-07-09T21:00:00.000000000,205.88,159.12924
2021-07-09T22:00:00.000000000,209.31,171.24882
2021-07-09T23:00:00.000000000,214.27,189.73854
2021-07-10T00:00:00.000000000,215.62,212.54901
2021-07-10T01:00:00.000000000,229.03,226.8079
2021-07-10T02:00:00.000000000,248.93,242.6638
2021-07-10T03:00:00.000000000,268.54,257.56248
2021-07-10T04:00:00.000000000,268.53,262.42021
2021-07-10T05:00:00.000000000,262.23,259.37957
2021-07-10T06:00:00.000000000,246.82,252.96853
2021-07-10T07:00:00.000000000,240.51,241.97997
2021-07-10T08:00:00.000000000,238.68,228.73389
2021-07-10T09:00:00.000000000,232.5,219.05807
2021-07-10T10:00:00.000000000,232.57,217.51813
2021-07-10T11:00:00.000000000,232.3,222.68587
2021-07-10T12:00:00.000000000,239.01,227.48736
2021-07-10T13:00:00.000000000,238.27,223.93569
2021-07-10T14:00:00.000000000,206.63,206.24342
2021-07-10T15:00:00.000000000,182.75,180.11609
2021-07-10T16:00:00.000000000,164.45,158.63355
2021-07-10T17:00:00.000000000,152.72,149.29013
2021-07-10T18:00:00.000000000,163.88,149.44809
2021-07-10T19:00:00.000000000,169.33,153.31274
2021-07-10T20:00:00.000000000,171.0,157.27089
2021-07-10T21:00:00.000000000,178.58,163.57409
2021-07-10T22:00:00.000000000,179.53,174.06096
2021-07-10T23:00:00.000000000,188.65,188.90704
2021-07-11T00:00:00.000000000,195.13,208.40845
2021-07-11T01:00:00.000000000,217.65,226.18811
2021-07-11T02:00:00.000000000,241.25,244.6356
2021-07-11T03:00:00.000000000,263.05,261.13607
2021-07-11T04:00:00.000000000,251.85,265.52477
2021-07-11T05:00:00.000000000,249.24,260.44921
2021-07-11T06:00:00.000000000,247.51,253.17201
2021-07-11T07:00:00.000000000,240.58,243.86813
2021-07-11T08:00:00.000000000,235.66,233.64966
2021-07-11T09:00:00.000000000,236.52,226.095
2021-07-11T10:00:00.000000000,228.75,225.1826
2021-07-11T11:00:00.000000000,227.75,231.53353
2021-07-11T12:00:00.000000000,225.71,238.20229
2021-07-11T13:00:00.000000000,220.49,233.86576
2021-07-11T14:00:00.000000000,202.7,211.84608
2021-07-11T15:00:00.000000000,174.41,180.78984
2021-07-11T16:00:00.000000000,162.97,157.37824
2021-07-11T17:00:00.000000000,155.19,148.39528
2021-07-11T18:00:00.000000000,156.02,148.01424
2021-07-11T19:00:00.000000000,149.83,148.70084
2021-07-11T20:00:00.000000000,148.1,149.75315
2021-07-11T21:00:00.000000000,153.35,155.21084
2021-07-11T22:00:00.000000000,166.6,167.20251
2021-07-11T23:00:00.000000000,170.42,184.8636
2021-07-09T00:00:00.000000000,208.46,245.52032
2021-07-09T01:00:00.000000000,228.43,263.78295
2021-07-09T02:00:00.000000000,258.23,278.73941
2021-07-09T03:00:00.000000000,273.23,286.36838
2021-07-09T04:00:00.000000000,265.26,282.91049
2021-07-09T05:00:00.000000000,250.99,276.31643
2021-07-09T06:00:00.000000000,246.67,271.77748
2021-07-09T07:00:00.000000000,244.99,263.87979
2021-07-09T08:00:00.000000000,243.62,253.25877
2021-07-09T09:00:00.000000000,240.14,245.84216
2021-07-09T10:00:00.000000000,243.02,246.7807
2021-07-09T11:00:00.000000000,250.98,254.56873
2021-07-09T12:00:00.000000000,256.66,259.77407
2021-07-09T13:00:00.000000000,261.66,252.07949
2021-07-09T14:00:00.000000000,222.54,227.6989
2021-07-09T15:00:00.000000000,188.76,197.58949
2021-07-09T16:00:00.000000000,173.84,177.31574
2021-07-09T17:00:00.000000000,168.52,171.00718
2021-07-09T18:00:00.000000000,183.08,171.72781
2021-07-09T19:00:00.000000000,187.6,174.13738
2021-07-09T20:00:00.000000000,196.25,177.48916
2021-07-09T21:00:00.000000000,205.88,184.21966
2021-07-09T22:00:00.000000000,209.31,195.84321
2021-07-09T23:00:00.000000000,214.27,214.16352
2021-07-10T00:00:00.000000000,215.62,226.74874
2021-07-10T01:00:00.000000000,229.03,237.37374
2021-07-10T02:00:00.000000000,248.93,250.20373
2021-07-10T03:00:00.000000000,268.54,262.71211
2021-07-10T04:00:00.000000000,268.53,265.7827
2021-07-10T05:00:00.000000000,262.23,262.18346
2021-07-10T06:00:00.000000000,246.82,257.53774
2021-07-10T07:00:00.000000000,240.51,249.52078
2021-07-10T08:00:00.000000000,238.68,239.02537
2021-07-10T09:00:00.000000000,232.5,230.6923
2021-07-10T10:00:00.000000000,232.57,229.65683
2021-07-10T11:00:00.000000000,232.3,236.62179
2021-07-10T12:00:00.000000000,239.01,244.17932
2021-07-10T13:00:00.000000000,238.27,241.56406
2021-07-10T14:00:00.000000000,206.63,222.58983
2021-07-10T15:00:00.000000000,182.75,196.09358
2021-07-10T16:00:00.000000000,164.45,176.86383
2021-07-10T17:00:00.000000000,152.72,170.10555
2021-07-10T18:00:00.000000000,163.88,169.81891
2021-07-10T19:00:00.000000000,169.33,170.73921
2021-07-10T20:00:00.000000000,171.0,172.90663
2021-07-10T21:00:00.000000000,178.58,179.98092
2021-07-10T22:00:00.000000000,179.53,191.99114
2021-07-10T23:00:00.000000000,188.65,206.91567
2021-07-11T00:00:00.000000000,195.13,214.93005
2021-07-11T01:00:00.000000000,217.65,226.87655
2021-07-11T02:00:00.000000000,241.25,241.94043
2021-07-11T03:00:00.000000000,263.05,258.72079
2021-07-11T04:00:00.000000000,251.85,265.20245
2021-07-11T05:00:00.000000000,249.24,261.28504
2021-07-11T06:00:00.000000000,247.51,253.19483
2021-07-11T07:00:00.000000000,240.58,241.95501
2021-07-11T08:00:00.000000000,235.66,230.39685
2021-07-11T09:00:00.000000000,236.52,222.96713
2021-07-11T10:00:00.000000000,228.75,223.11202
2021-07-11T11:00:00.000000000,227.75,230.40478
2021-07-11T12:00:00.000000000,225.71,238.15517
2021-07-11T13:00:00.000000000,220.49,235.41736
2021-07-11T14:00:00.000000000,202.7,215.25728
2021-07-11T15:00:00.000000000,174.41,186.1712
2021-07-11T16:00:00.000000000,162.97,164.28871
2021-07-11T17:00:00.000000000,155.19,156.44578
2021-07-11T18:00:00.000000000,156.02,156.69718
2021-07-11T19:00:00.000000000,149.83,158.11724
2021-07-11T20:00:00.000000000,148.1,160.3023
2021-07-11T21:00:00.000000000,153.35,167.14306
2021-07-11T22:00:00.000000000,166.6,179.83411
2021-07-11T23:00:00.000000000,170.42,196.07831
2021-07-12T00:00:00.000000000,183.7,201.15029
2021-07-12T01:00:00.000000000,203.11,215.88107
2021-07-12T02:00:00.000000000,233.86,233.764
2021-07-12T03:00:00.000000000,250.48,252.61424
2021-07-12T04:00:00.000000000,246.37,260.19826
2021-07-12T05:00:00.000000000,250.91,257.11408
2021-07-12T06:00:00.000000000,246.57,250.22003
2021-07-12T07:00:00.000000000,241.1,240.87858
2021-07-12T08:00:00.000000000,238.02,231.25586
2021-07-12T09:00:00.000000000,240.72,224.71537
2021-07-12T10:00:00.000000000,241.49,224.1743
2021-07-12T11:00:00.000000000,245.3,229.71222
2021-07-12T12:00:00.000000000,244.86,235.52751
2021-07-12T13:00:00.000000000,255.69,232.00614
2021-07-12T14:00:00.000000000,230.96,212.7148
2021-07-12T15:00:00.000000000,192.04,184.61662
2021-07-12T16:00:00.000000000,175.13,162.43438
2021-07-12T17:00:00.000000000,167.53,152.81978
2021-07-12T18:00:00.000000000,164.19,151.04179
2021-07-12T19:00:00.000000000,171.74,150.48701
2021-07-12T20:00:00.000000000,170.83,150.62255
2021-07-12T21:00:00.000000000,178.4,155.38893
2021-07-12T22:00:00.000000000,179.74,166.24128
2021-07-12T23:00:00.000000000,189.16,181.60459
2021-07-10T00:00:00.000000000,215.62,248.8228
2021-07-10T01:00:00.000000000,229.03,262.77565
2021-07-10T02:00:00.000000000,248.93,275.73367
2021-07-10T03:00:00.000000000,268.54,282.98105
2021-07-10T04:00:00.000000000,268.53,279.42852
2021-07-10T05:00:00.000000000,262.23,271.78279
2021-07-10T06:00:00.000000000,246.82,266.60909
2021-07-10T07:00:00.000000000,240.51,259.59346
2021-07-10T08:00:00.000000000,238.68,249.72544
2021-07-10T09:00:00.000000000,232.5,241.28609
2021-07-10T10:00:00.000000000,232.57,240.59326
2021-07-10T11:00:00.000000000,232.3,248.11146
2021-07-10T12:00:00.000000000,239.01,254.16215
2021-07-10T13:00:00.000000000,238.27,247.09923
2021-07-10T14:00:00.000000000,206.63,222.82293
2021-07-10T15:00:00.000000000,182.75,193.97691
2021-07-10T16:00:00.000000000,164.45,176.85053
2021-07-10T17:00:00.000000000,152.72,175.11514
2021-07-10T18:00:00.000000000,163.88,179.10824
2021-07-10T19:00:00.000000000,169.33,182.8533
2021-07-10T20:00:00.000000000,171.0,187.43264
2021-07-10T21:00:00.000000000,178.58,196.22467
2021-07-10T22:00:00.000000000,179.53,208.31531
2021-07-10T23:00:00.000000000,188.65,223.18474
2021-07-11T00:00:00.000000000,195.13,225.27049
2021-07-11T01:00:00.000000000,217.65,232.32644
2021-07-11T02:00:00.000000000,241.25,243.37938
2021-07-11T03:00:00.000000000,263.05,257.06723
2021-07-11T04:00:00.000000000,251.85,261.8799
2021-07-11T05:00:00.000000000,249.24,258.394
2021-07-11T06:00:00.000000000,247.51,252.82325
2021-07-11T07:00:00.000000000,240.58,244.66063
2021-07-11T08:00:00.000000000,235.66,235.02075
2021-07-11T09:00:00.000000000,236.52,228.42197
2021-07-11T10:00:00.000000000,228.75,229.34349
2021-07-11T11:00:00.000000000,227.75,237.49224
2021-07-11T12:00:00.000000000,225.71,245.50455
2021-07-11T13:00:00.000000000,220.49,241.10013
2021-07-11T14:00:00.000000000,202.7,217.38172
2021-07-11T15:00:00.000000000,174.41,185.82366
2021-07-11T16:00:00.000000000,162.97,164.82879
2021-07-11T17:00:00.000000000,155.19,160.38748
2021-07-11T18:00:00.000000000,156.02,163.39796
2021-07-11T19:00:00.000000000,149.83,166.73975
2021-07-11T20:00:00.000000000,148.1,171.59386
2021-07-11T21:00:00.000000000,153.35,181.90984
2021-07-11T22:00:00.000000000,166.6,196.46352
2021-07-11T23:00:00.000000000,170.42,211.46458
2021-07-12T00:00:00.000000000,183.7,212.75798
2021-07-12T01:00:00.000000000,203.11,221.11282
2021-07-12T02:00:00.000000000,233.86,233.97554
2021-07-12T03:00:00.000000000,250.48,250.77003
2021-07-12T04:00:00.000000000,246.37,258.47378
2021-07-12T05:00:00.000000000,250.91,255.68325
2021-07-12T06:00:00.000000000,246.57,248.49846
2021-07-12T07:00:00.000000000,241.1,238.37697
2021-07-12T08:00:00.000000000,238.02,228.20869
2021-07-12T09:00:00.000000000,240.72,221.85091
2021-07-12T10:00:00.000000000,241.49,222.13932
2021-07-12T11:00:00.000000000,245.3,228.70415
2021-07-12T12:00:00.000000000,244.86,235.73179
2021-07-12T13:00:00.000000000,255.69,232.88541
2021-07-12T14:00:00.000000000,230.96,213.33428
2021-07-12T15:00:00.000000000,192.04,185.42453
2021-07-12T16:00:00.000000000,175.13,164.78011
2021-07-12T17:00:00.000000000,167.53,158.01258
2021-07-12T18:00:00.000000000,164.19,158.9159
2021-07-12T19:00:00.000000000,171.74,160.51012
2021-07-12T20:00:00.000000000,170.83,162.72262
2021-07-12T21:00:00.000000000,178.4,169.85181
2021-07-12T22:00:00.000000000,179.74,182.64015
2021-07-12T23:00:00.000000000,189.16,197.76408
2021-07-13T00:00:00.000000000,191.45,211.12829
2021-07-13T01:00:00.000000000,207.14,219.96493
2021-07-13T02:00:00.000000000,239.37,230.76419
2021-07-13T03:00:00.000000000,251.33,241.87701
2021-07-13T04:00:00.000000000,250.81,244.49135
2021-07-13T05:00:00.000000000,248.61,240.4024
2021-07-13T06:00:00.000000000,241.87,235.03497
2021-07-13T07:00:00.000000000,242.3,227.92458
2021-07-13T08:00:00.000000000,242.11,220.57882
2021-07-13T09:00:00.000000000,240.1,215.44105
2021-07-13T10:00:00.000000000,241.49,215.18503
2021-07-13T11:00:00.000000000,241.01,220.88052
2021-07-13T12:00:00.000000000,244.4,227.0173
2021-07-13T13:00:00.000000000,257.46,225.97402
2021-07-13T14:00:00.000000000,234.04,213.01853
2021-07-13T15:00:00.000000000,204.14,194.12383
2021-07-13T16:00:00.000000000,179.4,179.38604
2021-07-13T17:00:00.000000000,172.06,173.06757
2021-07-13T18:00:00.000000000,168.34,171.32937
2021-07-13T19:00:00.000000000,165.6,170.1845
2021-07-13T20:00:00.000000000,168.85,169.98874
2021-07-13T21:00:00.000000000,161.48,174.79734
2021-07-13T22:00:00.000000000,165.58,184.12629
2021-07-13T23:00:00.000000000,175.11,195.52498
2021-07-11T00:00:00.000000000,195.13,201.50747
2021-07-11T01:00:00.000000000,217.65,222.4234
2021-07-11T02:00:00.000000000,241.25,243.06092
2021-07-11T03:00:00.000000000,263.05,259.03607
2021-07-11T04:00:00.000000000,251.85,261.30875
2021-07-11T05:00:00.000000000,249.24,254.47712
2021-07-11T06:00:00.000000000,247.51,246.33554
2021-07-11T07:00:00.000000000,240.58,236.11099
2021-07-11T08:00:00.000000000,235.66,223.49868
2021-07-11T09:00:00.000000000,236.52,213.80368
2021-07-11T10:00:00.000000000,228.75,213.288
2021-07-11T11:00:00.000000000,227.75,220.14852
2021-07-11T12:00:00.000000000,225.71,224.87778
2021-07-11T13:00:00.000000000,220.49,216.17115
2021-07-11T14:00:00.000000000,202.7,188.52375
2021-07-11T15:00:00.000000000,174.41,152.63033
2021-07-11T16:00:00.000000000,162.97,127.29708
2021-07-11T17:00:00.000000000,155.19,120.57474
2021-07-11T18:00:00.000000000,156.02,125.54641
2021-07-11T19:00:00.000000000,149.83,132.21654
2021-07-11T20:00:00.000000000,148.1,137.42826
2021-07-11T21:00:00.000000000,153.35,144.39213
2021-07-11T22:00:00.000000000,166.6,156.21576
2021-07-11T23:00:00.000000000,170.42,173.90382
2021-07-12T00:00:00.000000000,183.7,182.85533
2021-07-12T01:00:00.000000000,203.11,197.69326
2021-07-12T02:00:00.000000000,233.86,216.82059
2021-07-12T03:00:00.000000000,250.48,237.9665
2021-07-12T04:00:00.000000000,246.37,247.91277
2021-07-12T05:00:00.000000000,250.91,245.50081
2021-07-12T06:00:00.000000000,246.57,236.63797
2021-07-12T07:00:00.000000000,241.1,223.08079
2021-07-12T08:00:00.000000000,238.02,207.95973
2021-07-12T09:00:00.000000000,240.72,197.55312
2021-07-12T10:00:00.000000000,241.49,196.96134
2021-07-12T11:00:00.000000000,245.3,202.62682
2021-07-12T12:00:00.000000000,244.86,206.66435
2021-07-12T13:00:00.000000000,255.69,200.22036
2021-07-12T14:00:00.000000000,230.96,177.55151
2021-07-12T15:00:00.000000000,192.04,146.42662
2021-07-12T16:00:00.000000000,175.13,122.97522
2021-07-12T17:00:00.000000000,167.53,116.09326
2021-07-12T18:00:00.000000000,164.19,121.32057
2021-07-12T19:00:00.000000000,171.74,128.69225
2021-07-12T20:00:00.000000000,170.83,133.92901
2021-07-12T21:00:00.000000000,178.4,139.83449
2021-07-12T22:00:00.000000000,179.74,149.68589
2021-07-12T23:00:00.000000000,189.16,163.63884
2021-07-13T00:00:00.000000000,191.45,195.66139
2021-07-13T01:00:00.000000000,207.14,205.86178
2021-07-13T02:00:00.000000000,239.37,218.27522
2021-07-13T03:00:00.000000000,251.33,231.89338
2021-07-13T04:00:00.000000000,250.81,236.86774
2021-07-13T05:00:00.000000000,248.61,233.67345
2021-07-13T06:00:00.000000000,241.87,225.89695
2021-07-13T07:00:00.000000000,242.3,213.82106
2021-07-13T08:00:00.000000000,242.11,201.77089
2021-07-13T09:00:00.000000000,240.1,195.40732
2021-07-13T10:00:00.000000000,241.49,196.77543
2021-07-13T11:00:00.000000000,241.01,201.68482
2021-07-13T12:00:00.000000000,244.4,203.80387
2021-07-13T13:00:00.000000000,257.46,198.47032
2021-07-13T14:00:00.000000000,234.04,183.34414
2021-07-13T15:00:00.000000000,204.14,163.75208
2021-07-13T16:00:00.000000000,179.4,147.85924
2021-07-13T17:00:00.000000000,172.06,140.33208
2021-07-13T18:00:00.000000000,168.34,139.98604
2021-07-13T19:00:00.000000000,165.6,142.88215
2021-07-13T20:00:00.000000000,168.85,146.18022
2021-07-13T21:00:00.000000000,161.48,151.97007
2021-07-13T22:00:00.000000000,165.58,162.83187
2021-07-13T23:00:00.000000000,175.11,177.39338
2021-07-14T00:00:00.000000000,181.31,198.14857
2021-07-14T01:00:00.000000000,206.19,208.48938
2021-07-14T02:00:00.000000000,239.78,218.8353
2021-07-14T03:00:00.000000000,256.25,227.80316
2021-07-14T04:00:00.000000000,251.97,229.17729
2021-07-14T05:00:00.000000000,248.72,225.91438
2021-07-14T06:00:00.000000000,241.44,220.78182
2021-07-14T07:00:00.000000000,239.46,212.79491
2021-07-14T08:00:00.000000000,245.56,205.53916
2021-07-14T09:00:00.000000000,239.23,202.41863
2021-07-14T10:00:00.000000000,240.16,203.88945
2021-07-14T11:00:00.000000000,257.47,207.80294
2021-07-14T12:00:00.000000000,266.76,209.61479
2021-07-14T13:00:00.000000000,264.58,207.21424
2021-07-14T14:00:00.000000000,236.36,199.07923
2021-07-14T15:00:00.000000000,196.19,187.44857
2021-07-14T16:00:00.000000000,181.1,175.79635
2021-07-14T17:00:00.000000000,165.89,166.70322
2021-07-14T18:00:00.000000000,160.7,161.14283
2021-07-14T19:00:00.000000000,161.49,158.7953
2021-07-14T20:00:00.000000000,161.99,158.43758
2021-07-14T21:00:00.000000000,172.63,161.80387
2021-07-14T22:00:00.000000000,174.99,169.55548
2021-07-14T23:00:00.000000000,171.97,180.87404
2021-07-12T00:00:00.000000000,183.7,194.15132
2021-07-12T01:00:00.000000000,203.11,217.68321
2021-07-12T02:00:00.000000000,233.86,240.04709
2021-07-12T03:00:00.000000000,250.48,256.97658
2021-07-12T04:00:00.000000000,246.37,258.71682
2021-07-12T05:00:00.000000000,250.91,250.58762
2021-07-12T06:00:00.000000000,246.57,242.87065
2021-07-12T07:00:00.000000000,241.1,235.79822
2021-07-12T08:00:00.000000000,238.02,226.86525
2021-07-12T09:00:00.000000000,240.72,218.60023
2021-07-12T10:00:00.000000000,241.49,216.70954
2021-07-12T11:00:00.000000000,245.3,222.46166
2021-07-12T12:00:00.000000000,244.86,228.17644
2021-07-12T13:00:00.000000000,255.69,221.0501
2021-07-12T14:00:00.000000000,230.96,193.18278
2021-07-12T15:00:00.000000000,192.04,154.97634
2021-07-12T16:00:00.000000000,175.13,127.64282
2021-07-12T17:00:00.000000000,167.53,119.91082
2021-07-12T18:00:00.000000000,164.19,123.31961
2021-07-12T19:00:00.000000000,171.74,126.74884
2021-07-12T20:00:00.000000000,170.83,128.91502
2021-07-12T21:00:00.000000000,178.4,134.64453
2021-07-12T22:00:00.000000000,179.74,147.00874
2021-07-12T23:00:00.000000000,189.16,166.29214
2021-07-13T00:00:00.000000000,191.45,186.84882
2021-07-13T01:00:00.000000000,207.14,201.7677
2021-07-13T02:00:00.000000000,239.37,219.39254
2021-07-13T03:00:00.000000000,251.33,236.81227
2021-07-13T04:00:00.000000000,250.81,243.75611
2021-07-13T05:00:00.000000000,248.61,241.57786
2021-07-13T06:00:00.000000000,241.87,234.80726
2021-07-13T07:00:00.000000000,242.3,223.42093
2021-07-13T08:00:00.000000000,242.11,210.07821
2021-07-13T09:00:00.000000000,240.1,200.66002
2021-07-13T10:00:00.000000000,241.49,199.33274
2021-07-13T11:00:00.000000000,241.01,203.20447
2021-07-13T12:00:00.000000000,244.4,205.3117
2021-07-13T13:00:00.000000000,257.46,200.04243
2021-07-13T14:00:00.000000000,234.04,183.40339
2021-07-13T15:00:00.000000000,204.14,159.81419
2021-07-13T16:00:00.000000000,179.4,139.6362
2021-07-13T17:00:00.000000000,172.06,129.91504
2021-07-13T18:00:00.000000000,168.34,129.74186
2021-07-13T19:00:00.000000000,165.6,133.78606
2021-07-13T20:00:00.000000000,168.85,137.89107
2021-07-13T21:00:00.000000000,161.48,143.4773
2021-07-13T22:00:00.000000000,165.58,152.55401
2021-07-13T23:00:00.000000000,175.11,165.56249
2021-07-14T00:00:00.000000000,181.31,189.45111
2021-07-14T01:00:00.000000000,206.19,201.62623
2021-07-14T02:00:00.000000000,239.78,215.50285
2021-07-14T03:00:00.000000000,256.25,229.35745
2021-07-14T04:00:00.000000000,251.97,234.38403
2021-07-14T05:00:00.000000000,248.72,232.09008
2021-07-14T06:00:00.000000000,241.44,225.75846
2021-07-14T07:00:00.000000000,239.46,215.29864
2021-07-14T08:00:00.000000000,245.56,204.54596
2021-07-14T09:00:00.000000000,239.23,198.49294
2021-07-14T10:00:00.000000000,240.16,198.86537
2021-07-14T11:00:00.000000000,257.47,202.20044
2021-07-14T12:00:00.000000000,266.76,203.25745
2021-07-14T13:00:00.000000000,264.58,199.3801
2021-07-14T14:00:00.000000000,236.36,188.38828
2021-07-14T15:00:00.000000000,196.19,172.43173
2021-07-14T16:00:00.000000000,181.1,156.86093
2021-07-14T17:00:00.000000000,165.89,146.36521
2021-07-14T18:00:00.000000000,160.7,142.2174
2021-07-14T19:00:00.000000000,161.49,142.57678
2021-07-14T20:00:00.000000000,161.99,144.68198
2021-07-14T21:00:00.000000000,172.63,149.47343
2021-07-14T22:00:00.000000000,174.99,158.11697
2021-07-14T23:00:00.000000000,171.97,170.39359
2021-07-15T00:00:00.000000000,185.29,189.38521
2021-07-15T01:00:00.000000000,210.68,201.83641
2021-07-15T02:00:00.000000000,246.14,212.63295
2021-07-15T03:00:00.000000000,260.19,220.74588
2021-07-15T04:00:00.000000000,256.68,221.68806
2021-07-15T05:00:00.000000000,257.49,218.97679
2021-07-15T06:00:00.000000000,255.99,214.42064
2021-07-15T07:00:00.000000000,249.87,206.95859
2021-07-15T08:00:00.000000000,243.32,199.92884
2021-07-15T09:00:00.000000000,231.47,196.63057
2021-07-15T10:00:00.000000000,239.28,197.8764
2021-07-15T11:00:00.000000000,236.02,201.96573
2021-07-15T12:00:00.000000000,244.82,204.14696
2021-07-15T13:00:00.000000000,249.57,202.62964
2021-07-15T14:00:00.000000000,206.58,196.12307
2021-07-15T15:00:00.000000000,173.3,185.38742
2021-07-15T16:00:00.000000000,150.03,172.83973
2021-07-15T17:00:00.000000000,143.39,161.59371
2021-07-15T18:00:00.000000000,140.76,154.25499
2021-07-15T19:00:00.000000000,141.44,150.9446
2021-07-15T20:00:00.000000000,140.2,150.23345
2021-07-15T21:00:00.000000000,146.67,153.43377
2021-07-15T22:00:00.000000000,153.04,160.59874
2021-07-15T23:00:00.000000000,155.36,171.44076
2021-07-13T00:00:00.000000000,191.45,218.25762
2021-07-13T01:00:00.000000000,207.14,237.58104
2021-07-13T02:00:00.000000000,239.37,255.18809
2021-07-13T03:00:00.000000000,251.33,266.88084
2021-07-13T04:00:00.000000000,250.81,265.36479
2021-07-13T05:00:00.000000000,248.61,257.50709
2021-07-13T06:00:00.000000000,241.87,252.23161
2021-07-13T07:00:00.000000000,242.3,247.68267
2021-07-13T08:00:00.000000000,242.11,241.42303
2021-07-13T09:00:00.000000000,240.1,235.34851
2021-07-13T10:00:00.000000000,241.49,234.43427
2021-07-13T11:00:00.000000000,241.01,241.96862
2021-07-13T12:00:00.000000000,244.4,250.37574
2021-07-13T13:00:00.000000000,257.46,245.73005
2021-07-13T14:00:00.000000000,234.04,220.59803
2021-07-13T15:00:00.000000000,204.14,186.64171
2021-07-13T16:00:00.000000000,179.4,163.29442
2021-07-13T17:00:00.000000000,172.06,156.33403
2021-07-13T18:00:00.000000000,168.34,156.77166
2021-07-13T19:00:00.000000000,165.6,156.63475
2021-07-13T20:00:00.000000000,168.85,156.87421
2021-07-13T21:00:00.000000000,161.48,162.65735
2021-07-13T22:00:00.000000000,165.58,175.22034
2021-07-13T23:00:00.000000000,175.11,193.28755
2021-07-14T00:00:00.000000000,181.31,207.85533
2021-07-14T01:00:00.000000000,206.19,220.35153
2021-07-14T02:00:00.000000000,239.78,236.14705
2021-07-14T03:00:00.000000000,256.25,252.9441
2021-07-14T04:00:00.000000000,251.97,259.19965
2021-07-14T05:00:00.000000000,248.72,256.00311
2021-07-14T06:00:00.000000000,241.44,249.73295
2021-07-14T07:00:00.000000000,239.46,240.61446
2021-07-14T08:00:00.000000000,245.56,230.02419
2021-07-14T09:00:00.000000000,239.23,222.06188
2021-07-14T10:00:00.000000000,240.16,220.8148
2021-07-14T11:00:00.000000000,257.47,226.58006
2021-07-14T12:00:00.000000000,266.76,232.99497
2021-07-14T13:00:00.000000000,264.58,230.1141
2021-07-14T14:00:00.000000000,236.36,211.19806
2021-07-14T15:00:00.000000000,196.19,183.51136
2021-07-14T16:00:00.000000000,181.1,161.90859
2021-07-14T17:00:00.000000000,165.89,153.2837
2021-07-14T18:00:00.000000000,160.7,152.78153
2021-07-14T19:00:00.000000000,161.49,153.97355
2021-07-14T20:00:00.000000000,161.99,155.70863
2021-07-14T21:00:00.000000000,172.63,161.9035
2021-07-14T22:00:00.000000000,174.99,173.55473
2021-07-14T23:00:00.000000000,171.97,188.56503
2021-07-15T00:00:00.000000000,185.29,203.10556
2021-07-15T01:00:00.000000000,210.68,214.58923
2021-07-15T02:00:00.000000000,246.14,228.77396
2021-07-15T03:00:00.000000000,260.19,244.18717
2021-07-15T04:00:00.000000000,256.68,250.30865
2021-07-15T05:00:00.000000000,257.49,247.26996
2021-07-15T06:00:00.000000000,255.99,239.92776
2021-07-15T07:00:00.000000000,249.87,229.06648
2021-07-15T08:00:00.000000000,243.32,217.86891
2021-07-15T09:00:00.000000000,231.47,210.46778
2021-07-15T10:00:00.000000000,239.28,209.5456
2021-07-15T11:00:00.000000000,236.02,214.37692
2021-07-15T12:00:00.000000000,244.82,219.6772
2021-07-15T13:00:00.000000000,249.57,218.92776
2021-07-15T14:00:00.000000000,206.58,206.81345
2021-07-15T15:00:00.000000000,173.3,186.98721
2021-07-15T16:00:00.000000000,150.03,169.02952
2021-07-15T17:00:00.000000000,143.39,159.15217
2021-07-15T18:00:00.000000000,140.76,155.97495
2021-07-15T19:00:00.000000000,141.44,155.69667
2021-07-15T20:00:00.000000000,140.2,156.88195
2021-07-15T21:00:00.000000000,146.67,162.14284
2021-07-15T22:00:00.000000000,153.04,171.9227
2021-07-15T23:00:00.000000000,155.36,184.766
2021-07-16T00:00:00.000000000,164.6,192.35814
2021-07-16T01:00:00.000000000,184.58,206.25752
2021-07-16T02:00:00.000000000,218.9,220.81431
2021-07-16T03:00:00.000000000,247.58,234.30142
2021-07-16T04:00:00.000000000,247.09,239.1262
2021-07-16T05:00:00.000000000,241.99,237.61703
2021-07-16T06:00:00.000000000,219.79,233.19751
2021-07-16T07:00:00.000000000,220.3,225.45714
2021-07-16T08:00:00.000000000,214.55,217.80922
2021-07-16T09:00:00.000000000,216.28,213.64725
2021-07-16T10:00:00.000000000,212.87,213.47605
2021-07-16T11:00:00.000000000,228.78,216.07715
2021-07-16T12:00:00.000000000,233.53,218.60991
2021-07-16T13:00:00.000000000,244.17,218.26963
2021-07-16T14:00:00.000000000,207.9,210.23755
2021-07-16T15:00:00.000000000,160.7,194.68534
2021-07-16T16:00:00.000000000,147.95,177.74614
2021-07-16T17:00:00.000000000,141.64,165.21431
2021-07-16T18:00:00.000000000,141.51,158.59103
2021-07-16T19:00:00.000000000,142.16,156.30206
2021-07-16T20:00:00.000000000,146.63,156.2424
2021-07-16T21:00:00.000000000,151.38,159.17311
2021-07-16T22:00:00.000000000,151.79,164.83776
2021-07-16T23:00:00.000000000,159.35,174.40304
2021-07-14T00:00:00.000000000,181.31,198.45654
2021-07-14T01:00:00.000000000,206.19,222.1141
2021-07-14T02:00:00.000000000,239.78,245.51077
2021-07-14T03:00:00.000000000,256.25,263.28062
2021-07-14T04:00:00.000000000,251.97,265.4387
2021-07-14T05:00:00.000000000,248.72,257.81476
2021-07-14T06:00:00.000000000,241.44,250.7354
2021-07-14T07:00:00.000000000,239.46,244.5882
2021-07-14T08:00:00.000000000,245.56,236.28397
2021-07-14T09:00:00.000000000,239.23,227.60713
2021-07-14T10:00:00.000000000,240.16,224.55183
2021-07-14T11:00:00.000000000,257.47,230.58515
2021-07-14T12:00:00.000000000,266.76,238.80103
2021-07-14T13:00:00.000000000,264.58,235.43094
2021-07-14T14:00:00.000000000,236.36,210.85861
2021-07-14T15:00:00.000000000,196.19,174.30089
2021-07-14T16:00:00.000000000,181.1,146.96337
2021-07-14T17:00:00.000000000,165.89,137.74863
2021-07-14T18:00:00.000000000,160.7,138.64332
2021-07-14T19:00:00.000000000,161.49,139.6175
2021-07-14T20:00:00.000000000,161.99,139.78277
2021-07-14T21:00:00.000000000,172.63,144.34432
2021-07-14T22:00:00.000000000,174.99,154.93876
2021-07-14T23:00:00.000000000,171.97,171.48373
2021-07-15T00:00:00.000000000,185.29,186.70254
2021-07-15T01:00:00.000000000,210.68,199.50042
2021-07-15T02:00:00.000000000,246.14,218.12536
2021-07-15T03:00:00.000000000,260.19,240.55243
2021-07-15T04:00:00.000000000,256.68,251.7847
2021-07-15T05:00:00.000000000,257.49,250.6237
2021-07-15T06:00:00.000000000,255.99,243.53715
2021-07-15T07:00:00.000000000,249.87,232.6405
2021-07-15T08:00:00.000000000,243.32,219.83134
2021-07-15T09:00:00.000000000,231.47,210.37867
2021-07-15T10:00:00.000000000,239.28,208.61131
2021-07-15T11:00:00.000000000,236.02,212.62503
2021-07-15T12:00:00.000000000,244.82,217.29936
2021-07-15T13:00:00.000000000,249.57,214.71026
2021-07-15T14:00:00.000000000,206.58,196.20928
2021-07-15T15:00:00.000000000,173.3,165.94143
2021-07-15T16:00:00.000000000,150.03,140.05048
2021-07-15T17:00:00.000000000,143.39,128.96332
2021-07-15T18:00:00.000000000,140.76,129.33365
2021-07-15T19:00:00.000000000,141.44,133.18204
2021-07-15T20:00:00.000000000,140.2,136.9946
2021-07-15T21:00:00.000000000,146.67,143.482
2021-07-15T22:00:00.000000000,153.04,154.0455
2021-07-15T23:00:00.000000000,155.36,167.79677
2021-07-16T00:00:00.000000000,164.6,179.36128
2021-07-16T01:00:00.000000000,184.58,195.74958
2021-07-16T02:00:00.000000000,218.9,213.40191
2021-07-16T03:00:00.000000000,247.58,230.12572
2021-07-16T04:00:00.000000000,247.09,236.68768
2021-07-16T05:00:00.000000000,241.99,234.8001
2021-07-16T06:00:00.000000000,219.79,228.02717
2021-07-16T07:00:00.000000000,220.3,217.52431
2021-07-16T08:00:00.000000000,214.55,206.4776
2021-07-16T09:00:00.000000000,216.28,199.53778
2021-07-16T10:00:00.000000000,212.87,198.58071
2021-07-16T11:00:00.000000000,228.78,200.35919
2021-07-16T12:00:00.000000000,233.53,201.06507
2021-07-16T13:00:00.000000000,244.17,198.69265
2021-07-16T14:00:00.000000000,207.9,188.10305
2021-07-16T15:00:00.000000000,160.7,168.47331
2021-07-16T16:00:00.000000000,147.95,147.86307
2021-07-16T17:00:00.000000000,141.64,134.66878
2021-07-16T18:00:00.000000000,141.51,130.81756
2021-07-16T19:00:00.000000000,142.16,132.61927
2021-07-16T20:00:00.000000000,146.63,135.41141
2021-07-16T21:00:00.000000000,151.38,139.60407
2021-07-16T22:00:00.000000000,151.79,146.17903
2021-07-16T23:00:00.000000000,159.35,157.03018
2021-07-17T00:00:00.000000000,172.15,172.99196
2021-07-17T01:00:00.000000000,192.89,194.16461
2021-07-17T02:00:00.000000000,230.67,213.23892
2021-07-17T03:00:00.000000000,253.07,226.59582
2021-07-17T04:00:00.000000000,256.47,229.41321
2021-07-17T05:00:00.000000000,260.34,226.82963
2021-07-17T06:00:00.000000000,246.3,221.65084
2021-07-17T07:00:00.000000000,240.52,213.7741
2021-07-17T08:00:00.000000000,237.01,205.63798
2021-07-17T09:00:00.000000000,239.84,200.29661
2021-07-17T10:00:00.000000000,236.74,198.88423
2021-07-17T11:00:00.000000000,247.64,199.98683
2021-07-17T12:00:00.000000000,255.8,200.12141
2021-07-17T13:00:00.000000000,255.61,198.72195
2021-07-17T14:00:00.000000000,214.25,191.97023
2021-07-17T15:00:00.000000000,172.11,177.17037
2021-07-17T16:00:00.000000000,151.77,158.89745
2021-07-17T17:00:00.000000000,146.89,143.96064
2021-07-17T18:00:00.000000000,149.25,136.73053
2021-07-17T19:00:00.000000000,153.85,135.81644
2021-07-17T20:00:00.000000000,145.87,136.59243
2021-07-17T21:00:00.000000000,153.61,138.43926
2021-07-17T22:00:00.000000000,166.57,141.39932
2021-07-17T23:00:00.000000000,175.02,149.39005
2021-07-15T00:00:00.000000000,185.29,194.83016
2021-07-15T01:00:00.000000000,210.68,220.1141
2021-07-15T02:00:00.000000000,246.14,243.53639
2021-07-15T03:00:00.000000000,260.19,260.26443
2021-07-15T04:00:00.000000000,256.68,261.83009
2021-07-15T05:00:00.000000000,257.49,254.87536
2021-07-15T06:00:00.000000000,255.99,248.34996
2021-07-15T07:00:00.000000000,249.87,241.95919
2021-07-15T08:00:00.000000000,243.32,233.37536
2021-07-15T09:00:00.000000000,231.47,225.59757
2021-07-15T10:00:00.000000000,239.28,223.76193
2021-07-15T11:00:00.000000000,236.02,228.61833
2021-07-15T12:00:00.000000000,244.82,233.07547
2021-07-15T13:00:00.000000000,249.57,226.47789
2021-07-15T14:00:00.000000000,206.58,200.55116
2021-07-15T15:00:00.000000000,173.3,162.93526
2021-07-15T16:00:00.000000000,150.03,133.95166
2021-07-15T17:00:00.000000000,143.39,123.38682
2021-07-15T18:00:00.000000000,140.76,124.73453
2021-07-15T19:00:00.000000000,141.44,127.96627
2021-07-15T20:00:00.000000000,140.2,130.15353
2021-07-15T21:00:00.000000000,146.67,135.25562
2021-07-15T22:00:00.000000000,153.04,146.00707
2021-07-15T23:00:00.000000000,155.36,164.18675
2021-07-16T00:00:00.000000000,164.6,179.12268
2021-07-16T01:00:00.000000000,184.58,193.92471
2021-07-16T02:00:00.000000000,218.9,213.5565
2021-07-16T03:00:00.000000000,247.58,236.28051
2021-07-16T04:00:00.000000000,247.09,247.74981
2021-07-16T05:00:00.000000000,241.99,247.07041
2021-07-16T06:00:00.000000000,219.79,239.76533
2021-07-16T07:00:00.000000000,220.3,227.81237
2021-07-16T08:00:00.000000000,214.55,213.7811
2021-07-16T09:00:00.000000000,216.28,204.08031
2021-07-16T10:00:00.000000000,212.87,202.86761
2021-07-16T11:00:00.000000000,228.78,206.28832
2021-07-16T12:00:00.000000000,233.53,209.25795
2021-07-16T13:00:00.000000000,244.17,205.58839
2021-07-16T14:00:00.000000000,207.9,186.89776
2021-07-16T15:00:00.000000000,160.7,155.9261
2021-07-16T16:00:00.000000000,147.95,128.40523
2021-07-16T17:00:00.000000000,141.64,115.73168
2021-07-16T18:00:00.000000000,141.51,115.90054
2021-07-16T19:00:00.000000000,142.16,120.95724
2021-07-16T20:00:00.000000000,146.63,126.02326
2021-07-16T21:00:00.000000000,151.38,132.54357
2021-07-16T22:00:00.000000000,151.79,142.82284
2021-07-16T23:00:00.000000000,159.35,157.48685
2021-07-17T00:00:00.000000000,172.15,175.42217
2021-07-17T01:00:00.000000000,192.89,193.95176
2021-07-17T02:00:00.000000000,230.67,213.79913
2021-07-17T03:00:00.000000000,253.07,232.34369
2021-07-17T04:00:00.000000000,256.47,239.74032
2021-07-17T05:00:00.000000000,260.34,237.96873
2021-07-17T06:00:00.000000000,246.3,231.17479
2021-07-17T07:00:00.000000000,240.52,220.69485
2021-07-17T08:00:00.000000000,237.01,209.30005
2021-07-17T09:00:00.000000000,239.84,201.8077
2021-07-17T10:00:00.000000000,236.74,200.50631
2021-07-17T11:00:00.000000000,247.64,202.21024
2021-07-17T12:00:00.000000000,255.8,203.12048
2021-07-17T13:00:00.000000000,255.61,200.68549
2021-07-17T14:00:00.000000000,214.25,188.56393
2021-07-17T15:00:00.000000000,172.11,165.7603
2021-07-17T16:00:00.000000000,151.77,142.17061
2021-07-17T17:00:00.000000000,146.89,127.49222
2021-07-17T18:00:00.000000000,149.25,123.51588
2021-07-17T19:00:00.000000000,153.85,125.76771
2021-07-17T20:00:00.000000000,145.87,129.06473
2021-07-17T21:00:00.000000000,153.61,133.34679
2021-07-17T22:00:00.000000000,166.57,139.93936
2021-07-17T23:00:00.000000000,175.02,151.54276
2021-07-18T00:00:00.000000000,195.55,171.2345
2021-07-18T01:00:00.000000000,206.76,196.03351
2021-07-18T02:00:00.000000000,247.49,221.41227
2021-07-18T03:00:00.000000000,263.73,243.89686
2021-07-18T04:00:00.000000000,265.9,252.62343
2021-07-18T05:00:00.000000000,267.75,249.86542
2021-07-18T06:00:00.000000000,250.24,241.8798
2021-07-18T07:00:00.000000000,250.85,231.40461
2021-07-18T08:00:00.000000000,247.01,220.88571
2021-07-18T09:00:00.000000000,245.52,213.56795
2021-07-18T10:00:00.000000000,243.06,211.09982
2021-07-18T11:00:00.000000000,249.44,212.62361
2021-07-18T12:00:00.000000000,253.8,215.78491
2021-07-18T13:00:00.000000000,263.35,216.87495
2021-07-18T14:00:00.000000000,236.77,206.35799
2021-07-18T15:00:00.000000000,199.24,180.70438
2021-07-18T16:00:00.000000000,185.68,151.47972
2021-07-18T17:00:00.000000000,181.32,130.87584
2021-07-18T18:00:00.000000000,171.84,122.27262
2021-07-18T19:00:00.000000000,173.49,121.39673
2021-07-18T20:00:00.000000000,179.94,123.45009
2021-07-18T21:00:00.000000000,183.47,127.08666
2021-07-18T22:00:00.000000000,205.57,132.81404
2021-07-18T23:00:00.000000000,231.92,145.07038
2021-07-16T00:00:00.000000000,164.6,184.84111
2021-07-16T01:00:00.000000000,184.58,210.78907
2021-07-16T02:00:00.000000000,218.9,234.78884
2021-07-16T03:00:00.000000000,247.58,252.36038
2021-07-16T04:00:00.000000000,247.09,256.19478
2021-07-16T05:00:00.000000000,241.99,251.56019
2021-07-16T06:00:00.000000000,219.79,244.37028
2021-07-16T07:00:00.000000000,220.3,233.37133
2021-07-16T08:00:00.000000000,214.55,218.88934
2021-07-16T09:00:00.000000000,216.28,207.21583
2021-07-16T10:00:00.000000000,212.87,204.62381
2021-07-16T11:00:00.000000000,228.78,209.10583
2021-07-16T12:00:00.000000000,233.53,211.91156
2021-07-16T13:00:00.000000000,244.17,204.8463
2021-07-16T14:00:00.000000000,207.9,182.00132
2021-07-16T15:00:00.000000000,160.7,148.91083
2021-07-16T16:00:00.000000000,147.95,121.39333
2021-07-16T17:00:00.000000000,141.64,109.30019
2021-07-16T18:00:00.000000000,141.51,110.31948
2021-07-16T19:00:00.000000000,142.16,116.0745
2021-07-16T20:00:00.000000000,146.63,121.15075
2021-07-16T21:00:00.000000000,151.38,126.74018
2021-07-16T22:00:00.000000000,151.79,136.21473
2021-07-16T23:00:00.000000000,159.35,153.19872
2021-07-17T00:00:00.000000000,172.15,176.75052
2021-07-17T01:00:00.000000000,192.89,196.53595
2021-07-17T02:00:00.000000000,230.67,218.56268
2021-07-17T03:00:00.000000000,253.07,239.94485
2021-07-17T04:00:00.000000000,256.47,249.33299
2021-07-17T05:00:00.000000000,260.34,247.99595
2021-07-17T06:00:00.000000000,246.3,240.70979
2021-07-17T07:00:00.000000000,240.52,228.22647
2021-07-17T08:00:00.000000000,237.01,212.92104
2021-07-17T09:00:00.000000000,239.84,201.77581
2021-07-17T10:00:00.000000000,236.74,199.60009
2021-07-17T11:00:00.000000000,247.64,202.44413
2021-07-17T12:00:00.000000000,255.8,204.30802
2021-07-17T13:00:00.000000000,255.61,199.94522
2021-07-17T14:00:00.000000000,214.25,181.92543
2021-07-17T15:00:00.000000000,172.11,151.92609
2021-07-17T16:00:00.000000000,151.77,124.1593
2021-07-17T17:00:00.000000000,146.89,110.24645
2021-07-17T18:00:00.000000000,149.25,109.94217
2021-07-17T19:00:00.000000000,153.85,115.86787
2021-07-17T20:00:00.000000000,145.87,121.7119
2021-07-17T21:00:00.000000000,153.61,127.54455
2021-07-17T22:00:00.000000000,166.57,136.03257
2021-07-17T23:00:00.000000000,175.02,150.21713
2021-07-18T00:00:00.000000000,195.55,169.6012
2021-07-18T01:00:00.000000000,206.76,186.62766
2021-07-18T02:00:00.000000000,247.49,210.1078
2021-07-18T03:00:00.000000000,263.73,238.21405
2021-07-18T04:00:00.000000000,265.9,253.3795
2021-07-18T05:00:00.000000000,267.75,252.61856
2021-07-18T06:00:00.000000000,250.24,242.76303
2021-07-18T07:00:00.000000000,250.85,229.05102
2021-07-18T08:00:00.000000000,247.01,214.84408
2021-07-18T09:00:00.000000000,245.52,205.26453
2021-07-18T10:00:00.000000000,243.06,203.13282
2021-07-18T11:00:00.000000000,249.44,204.52773
2021-07-18T12:00:00.000000000,253.8,206.4925
2021-07-18T13:00:00.000000000,263.35,204.59284
2021-07-18T14:00:00.000000000,236.77,188.47222
2021-07-18T15:00:00.000000000,199.24,156.94458
2021-07-18T16:00:00.000000000,185.68,125.99812
2021-07-18T17:00:00.000000000,181.32,109.7055
2021-07-18T18:00:00.000000000,171.84,107.89398
2021-07-18T19:00:00.000000000,173.49,112.29873
2021-07-18T20:00:00.000000000,179.94,117.26659
2021-07-18T21:00:00.000000000,183.47,123.41052
2021-07-18T22:00:00.000000000,205.57,132.66669
2021-07-18T23:00:00.000000000,231.92,146.62941
2021-07-19T00:00:00.000000000,222.03,164.32694
2021-07-19T01:00:00.000000000,226.95,182.96646
2021-07-19T02:00:00.000000000,257.41,208.04587
2021-07-19T03:00:00.000000000,270.02,237.2973
2021-07-19T04:00:00.000000000,266.42,252.84668
2021-07-19T05:00:00.000000000,267.21,252.12413
2021-07-19T06:00:00.000000000,278.18,242.78177
2021-07-19T07:00:00.000000000,276.38,230.67602
2021-07-19T08:00:00.000000000,274.13,218.45267
2021-07-19T09:00:00.000000000,273.19,209.82477
2021-07-19T10:00:00.000000000,282.39,206.94725
2021-07-19T11:00:00.000000000,289.73,207.18404
2021-07-19T12:00:00.000000000,283.64,208.74226
2021-07-19T13:00:00.000000000,284.23,207.5649
2021-07-19T14:00:00.000000000,255.07,192.46429
2021-07-19T15:00:00.000000000,214.26,160.93119
2021-07-19T16:00:00.000000000,194.41,129.11388
2021-07-19T17:00:00.000000000,186.38,111.58426
2021-07-19T18:00:00.000000000,186.73,108.51946
2021-07-19T19:00:00.000000000,189.84,111.61218
2021-07-19T20:00:00.000000000,193.52,115.34561
2021-07-19T21:00:00.000000000,202.29,120.50304
2021-07-19T22:00:00.000000000,208.25,128.53297
2021-07-19T23:00:00.000000000,202.55,141.46998
2021-07-17T00:00:00.000000000,172.15,208.42774
2021-07-17T01:00:00.000000000,192.89,231.57496
2021-07-17T02:00:00.000000000,230.67,251.18107
2021-07-17T03:00:00.000000000,253.07,263.15856
2021-07-17T04:00:00.000000000,256.47,261.32487
2021-07-17T05:00:00.000000000,260.34,253.4562
2021-07-17T06:00:00.000000000,246.3,247.80423
2021-07-17T07:00:00.000000000,240.52,242.18574
2021-07-17T08:00:00.000000000,237.01,234.69142
2021-07-17T09:00:00.000000000,239.84,228.98594
2021-07-17T10:00:00.000000000,236.74,230.31999
2021-07-17T11:00:00.000000000,247.64,237.98878
2021-07-17T12:00:00.000000000,255.8,241.54626
2021-07-17T13:00:00.000000000,255.61,229.25099
2021-07-17T14:00:00.000000000,214.25,197.81913
2021-07-17T15:00:00.000000000,172.11,160.26682
2021-07-17T16:00:00.000000000,151.77,135.46686
2021-07-17T17:00:00.000000000,146.89,128.58299
2021-07-17T18:00:00.000000000,149.25,130.80463
2021-07-17T19:00:00.000000000,153.85,132.91824
2021-07-17T20:00:00.000000000,145.87,134.54118
2021-07-17T21:00:00.000000000,153.61,140.95484
2021-07-17T22:00:00.000000000,166.57,155.72919
2021-07-17T23:00:00.000000000,175.02,178.4345
2021-07-18T00:00:00.000000000,195.55,200.58922
2021-07-18T01:00:00.000000000,206.76,224.88049
2021-07-18T02:00:00.000000000,247.49,246.70585
2021-07-18T03:00:00.000000000,263.73,263.98516
2021-07-18T04:00:00.000000000,265.9,267.35515
2021-07-18T05:00:00.000000000,267.75,260.79071
2021-07-18T06:00:00.000000000,250.24,252.35411
2021-07-18T07:00:00.000000000,250.85,243.49623
2021-07-18T08:00:00.000000000,247.01,234.28202
2021-07-18T09:00:00.000000000,245.52,227.7395
2021-07-18T10:00:00.000000000,243.06,227.22338
2021-07-18T11:00:00.000000000,249.44,232.18929
2021-07-18T12:00:00.000000000,253.8,237.04873
2021-07-18T13:00:00.000000000,263.35,231.84368
2021-07-18T14:00:00.000000000,236.77,206.97875
2021-07-18T15:00:00.000000000,199.24,168.56726
2021-07-18T16:00:00.000000000,185.68,137.58763
2021-07-18T17:00:00.000000000,181.32,125.12882
2021-07-18T18:00:00.000000000,171.84,125.09208
2021-07-18T19:00:00.000000000,173.49,127.14185
2021-07-18T20:00:00.000000000,179.94,128.81111
2021-07-18T21:00:00.000000000,183.47,134.09563
2021-07-18T22:00:00.000000000,205.57,146.95589
2021-07-18T23:00:00.000000000,231.92,168.82367
2021-07-19T00:00:00.000000000,222.03,184.93753
2021-07-19T01:00:00.000000000,226.95,211.18389
2021-07-19T02:00:00.000000000,257.41,235.33652
2021-07-19T03:00:00.000000000,270.02,254.69355
2021-07-19T04:00:00.000000000,266.42,259.95584
2021-07-19T05:00:00.000000000,267.21,255.01173
2021-07-19T06:00:00.000000000,278.18,246.99215
2021-07-19T07:00:00.000000000,276.38,237.11891
2021-07-19T08:00:00.000000000,274.13,225.81962
2021-07-19T09:00:00.000000000,273.19,217.36084
2021-07-19T10:00:00.000000000,282.39,215.85799
2021-07-19T11:00:00.000000000,289.73,220.1581
2021-07-19T12:00:00.000000000,283.64,224.62672
2021-07-19T13:00:00.000000000,284.23,220.78974
2021-07-19T14:00:00.000000000,255.07,198.73157
2021-07-19T15:00:00.000000000,214.26,161.93653
2021-07-19T16:00:00.000000000,194.41,129.64473
2021-07-19T17:00:00.000000000,186.38,114.21752
2021-07-19T18:00:00.000000000,186.73,112.47243
2021-07-19T19:00:00.000000000,189.84,115.05275
2021-07-19T20:00:00.000000000,193.52,117.79542
2021-07-19T21:00:00.000000000,202.29,122.71008
2021-07-19T22:00:00.000000000,208.25,133.51696
2021-07-19T23:00:00.000000000,202.55,153.28346
2021-07-20T00:00:00.000000000,205.49,182.02804
2021-07-20T01:00:00.000000000,221.02,202.31775
2021-07-20T02:00:00.000000000,243.8,222.35629
2021-07-20T03:00:00.000000000,270.44,241.74689
2021-07-20T04:00:00.000000000,261.69,249.6419
2021-07-20T05:00:00.000000000,268.32,247.37459
2021-07-20T06:00:00.000000000,264.57,240.24049
2021-07-20T07:00:00.000000000,251.11,230.41894
2021-07-20T08:00:00.000000000,240.27,219.91441
2021-07-20T09:00:00.000000000,236.62,212.97585
2021-07-20T10:00:00.000000000,246.65,211.51115
2021-07-20T11:00:00.000000000,252.58,212.95503
2021-07-20T12:00:00.000000000,250.97,214.20273
2021-07-20T13:00:00.000000000,250.64,210.2087
2021-07-20T14:00:00.000000000,223.43,191.58661
2021-07-20T15:00:00.000000000,191.64,159.04093
2021-07-20T16:00:00.000000000,182.06,129.28371
2021-07-20T17:00:00.000000000,181.26,114.60969
2021-07-20T18:00:00.000000000,175.82,113.16965
2021-07-20T19:00:00.000000000,172.01,116.35699
2021-07-20T20:00:00.000000000,167.24,119.26945
2021-07-20T21:00:00.000000000,172.44,124.34246
2021-07-20T22:00:00.000000000,178.82,135.2561
2021-07-20T23:00:00.000000000,190.89,153.90064
2021-07-18T00:00:00.000000000,195.55,229.76691
2021-07-18T01:00:00.000000000,206.76,254.19705
2021-07-18T02:00:00.000000000,247.49,271.49201
2021-07-18T03:00:00.000000000,263.73,279.22316
2021-07-18T04:00:00.000000000,265.9,274.48432
2021-07-18T05:00:00.000000000,267.75,266.47635
2021-07-18T06:00:00.000000000,250.24,262.44086
2021-07-18T07:00:00.000000000,250.85,258.39886
2021-07-18T08:00:00.000000000,247.01,253.15947
2021-07-18T09:00:00.000000000,245.52,249.85249
2021-07-18T10:00:00.000000000,243.06,251.70602
2021-07-18T11:00:00.000000000,249.44,259.41727
2021-07-18T12:00:00.000000000,253.8,265.6853
2021-07-18T13:00:00.000000000,263.35,257.84576
2021-07-18T14:00:00.000000000,236.77,229.10557
2021-07-18T15:00:00.000000000,199.24,191.42814
2021-07-18T16:00:00.000000000,185.68,165.38158
2021-07-18T17:00:00.000000000,181.32,157.17936
2021-07-18T18:00:00.000000000,171.84,157.08762
2021-07-18T19:00:00.000000000,173.49,156.60194
2021-07-18T20:00:00.000000000,179.94,156.54169
2021-07-18T21:00:00.000000000,183.47,161.05094
2021-07-18T22:00:00.000000000,205.57,173.75081
2021-07-18T23:00:00.000000000,231.92,196.70562
2021-07-19T00:00:00.000000000,222.03,213.94211
2021-07-19T01:00:00.000000000,226.95,240.17347
2021-07-19T02:00:00.000000000,257.41,259.80847
2021-07-19T03:00:00.000000000,270.02,271.11458
2021-07-19T04:00:00.000000000,266.42,269.73115
2021-07-19T05:00:00.000000000,267.21,262.75629
2021-07-19T06:00:00.000000000,278.18,256.80005
2021-07-19T07:00:00.000000000,276.38,250.61281
2021-07-19T08:00:00.000000000,274.13,243.9433
2021-07-19T09:00:00.000000000,273.19,239.30074
2021-07-19T10:00:00.000000000,282.39,239.37615
2021-07-19T11:00:00.000000000,289.73,244.50182
2021-07-19T12:00:00.000000000,283.64,249.22392
2021-07-19T13:00:00.000000000,284.23,243.9255
2021-07-19T14:00:00.000000000,255.07,220.15644
2021-07-19T15:00:00.000000000,214.26,184.23533
2021-07-19T16:00:00.000000000,194.41,155.53494
2021-07-19T17:00:00.000000000,186.38,143.18758
2021-07-19T18:00:00.000000000,186.73,141.29301
2021-07-19T19:00:00.000000000,189.84,140.98847
2021-07-19T20:00:00.000000000,193.52,140.64772
2021-07-19T21:00:00.000000000,202.29,144.36973
2021-07-19T22:00:00.000000000,208.25,156.32015
2021-07-19T23:00:00.000000000,202.55,179.0741
2021-07-20T00:00:00.000000000,205.49,202.9801
2021-07-20T01:00:00.000000000,221.02,228.57269
2021-07-20T02:00:00.000000000,243.8,246.98101
2021-07-20T03:00:00.000000000,270.44,257.16416
2021-07-20T04:00:00.000000000,261.69,256.83617
2021-07-20T05:00:00.000000000,268.32,253.00376
2021-07-20T06:00:00.000000000,264.57,248.25493
2021-07-20T07:00:00.000000000,251.11,239.57221
2021-07-20T08:00:00.000000000,240.27,228.7374
2021-07-20T09:00:00.000000000,236.62,221.7978
2021-07-20T10:00:00.000000000,246.65,221.94613
2021-07-20T11:00:00.000000000,252.58,226.81282
2021-07-20T12:00:00.000000000,250.97,230.23809
2021-07-20T13:00:00.000000000,250.64,225.51591
2021-07-20T14:00:00.000000000,223.43,205.27043
2021-07-20T15:00:00.000000000,191.64,172.97328
2021-07-20T16:00:00.000000000,182.06,144.46362
2021-07-20T17:00:00.000000000,181.26,129.64369
2021-07-20T18:00:00.000000000,175.82,127.07407
2021-07-20T19:00:00.000000000,172.01,129.73828
2021-07-20T20:00:00.000000000,167.24,132.36736
2021-07-20T21:00:00.000000000,172.44,136.51878
2021-07-20T22:00:00.000000000,178.82,147.12177
2021-07-20T23:00:00.000000000,190.89,168.44959
2021-07-21T00:00:00.000000000,192.24,187.43631
2021-07-21T01:00:00.000000000,205.63,209.68128
2021-07-21T02:00:00.000000000,246.52,230.12561
2021-07-21T03:00:00.000000000,260.17,247.07725
2021-07-21T04:00:00.000000000,255.81,252.48766
2021-07-21T05:00:00.000000000,241.91,250.05465
2021-07-21T06:00:00.000000000,242.62,244.67898
2021-07-21T07:00:00.000000000,239.87,236.65452
2021-07-21T08:00:00.000000000,230.92,227.5815
2021-07-21T09:00:00.000000000,234.8,221.42314
2021-07-21T10:00:00.000000000,237.21,220.51282
2021-07-21T11:00:00.000000000,240.13,223.63934
2021-07-21T12:00:00.000000000,240.9,226.34301
2021-07-21T13:00:00.000000000,241.24,222.55415
2021-07-21T14:00:00.000000000,208.66,204.16085
2021-07-21T15:00:00.000000000,175.87,173.20581
2021-07-21T16:00:00.000000000,164.59,145.10151
2021-07-21T17:00:00.000000000,161.68,130.08364
2021-07-21T18:00:00.000000000,173.83,126.65813
2021-07-21T19:00:00.000000000,181.1,127.6592
2021-07-21T20:00:00.000000000,188.4,128.90579
2021-07-21T21:00:00.000000000,190.25,132.61197
2021-07-21T22:00:00.000000000,188.58,142.00152
2021-07-21T23:00:00.000000000,195.02,159.59551
2021-07-19T00:00:00.000000000,222.03,244.80292
2021-07-19T01:00:00.000000000,226.95,267.74224
2021-07-19T02:00:00.000000000,257.41,283.02831
2021-07-19T03:00:00.000000000,270.02,288.30953
2021-07-19T04:00:00.000000000,266.42,283.00663
2021-07-19T05:00:00.000000000,267.21,276.39193
2021-07-19T06:00:00.000000000,278.18,272.62266
2021-07-19T07:00:00.000000000,276.38,265.48989
2021-07-19T08:00:00.000000000,274.13,256.42534
2021-07-19T09:00:00.000000000,273.19,251.39266
2021-07-19T10:00:00.000000000,282.39,253.8014
2021-07-19T11:00:00.000000000,289.73,261.87285
2021-07-19T12:00:00.000000000,283.64,267.03869
2021-07-19T13:00:00.000000000,284.23,258.81472
2021-07-19T14:00:00.000000000,255.07,232.81284
2021-07-19T15:00:00.000000000,214.26,199.9161
2021-07-19T16:00:00.000000000,194.41,176.73518
2021-07-19T17:00:00.000000000,186.38,168.23544
2021-07-19T18:00:00.000000000,186.73,167.44676
2021-07-19T19:00:00.000000000,189.84,168.5742
2021-07-19T20:00:00.000000000,193.52,170.92679
2021-07-19T21:00:00.000000000,202.29,176.21778
2021-07-19T22:00:00.000000000,208.25,187.72963
2021-07-19T23:00:00.000000000,202.55,209.38057
2021-07-20T00:00:00.000000000,205.49,222.50628
2021-07-20T01:00:00.000000000,221.02,242.47281
2021-07-20T02:00:00.000000000,243.8,256.34489
2021-07-20T03:00:00.000000000,270.44,264.63093
2021-07-20T04:00:00.000000000,261.69,264.33697
2021-07-20T05:00:00.000000000,268.32,261.05614
2021-07-20T06:00:00.000000000,264.57,256.52662
2021-07-20T07:00:00.000000000,251.11,247.18248
2021-07-20T08:00:00.000000000,240.27,236.04378
2021-07-20T09:00:00.000000000,236.62,230.00058
2021-07-20T10:00:00.000000000,246.65,231.73217
2021-07-20T11:00:00.000000000,252.58,237.39388
2021-07-20T12:00:00.000000000,250.97,240.52547
2021-07-20T13:00:00.000000000,250.64,234.43062
2021-07-20T14:00:00.000000000,223.43,212.76046
2021-07-20T15:00:00.000000000,191.64,180.57539
2021-07-20T16:00:00.000000000,182.06,153.78857
2021-07-20T17:00:00.000000000,181.26,141.2422
2021-07-20T18:00:00.000000000,175.82,140.30481
2021-07-20T19:00:00.000000000,172.01,143.96583
2021-07-20T20:00:00.000000000,167.24,147.38883
2021-07-20T21:00:00.000000000,172.44,153.0135
2021-07-20T22:00:00.000000000,178.82,166.09801
2021-07-20T23:00:00.000000000,190.89,189.3272
2021-07-21T00:00:00.000000000,192.24,200.52057
2021-07-21T01:00:00.000000000,205.63,220.79828
2021-07-21T02:00:00.000000000,246.52,237.59985
2021-07-21T03:00:00.000000000,260.17,250.13984
2021-07-21T04:00:00.000000000,255.81,253.21977
2021-07-21T05:00:00.000000000,241.91,251.327
2021-07-21T06:00:00.000000000,242.62,246.88884
2021-07-21T07:00:00.000000000,239.87,237.93864
2021-07-21T08:00:00.000000000,230.92,227.43162
2021-07-21T09:00:00.000000000,234.8,221.24768
2021-07-21T10:00:00.000000000,237.21,221.88539
2021-07-21T11:00:00.000000000,240.13,226.68464
2021-07-21T12:00:00.000000000,240.9,229.81964
2021-07-21T13:00:00.000000000,241.24,225.52348
2021-07-21T14:00:00.000000000,208.66,207.51817
2021-07-21T15:00:00.000000000,175.87,178.91414
2021-07-21T16:00:00.000000000,164.59,153.13253
2021-07-21T17:00:00.000000000,161.68,138.72007
2021-07-21T18:00:00.000000000,173.83,134.9978
2021-07-21T19:00:00.000000000,181.1,136.35623
2021-07-21T20:00:00.000000000,188.4,138.25888
2021-07-21T21:00:00.000000000,190.25,142.41355
2021-07-21T22:00:00.000000000,188.58,152.82634
2021-07-21T23:00:00.000000000,195.02,171.96517
2021-07-22T00:00:00.000000000,202.49,190.03444
2021-07-22T01:00:00.000000000,215.97,207.92524
2021-07-22T02:00:00.000000000,244.0,225.38404
2021-07-22T03:00:00.000000000,262.63,241.92425
2021-07-22T04:00:00.000000000,261.19,248.60383
2021-07-22T05:00:00.000000000,266.61,247.5851
2021-07-22T06:00:00.000000000,254.96,243.04087
2021-07-22T07:00:00.000000000,245.94,235.68418
2021-07-22T08:00:00.000000000,249.29,228.17148
2021-07-22T09:00:00.000000000,246.94,223.78219
2021-07-22T10:00:00.000000000,245.64,223.41366
2021-07-22T11:00:00.000000000,248.6,226.00872
2021-07-22T12:00:00.000000000,253.57,228.10287
2021-07-22T13:00:00.000000000,261.82,224.76621
2021-07-22T14:00:00.000000000,222.55,208.79669
2021-07-22T15:00:00.000000000,180.91,181.63238
2021-07-22T16:00:00.000000000,175.08,156.44314
2021-07-22T17:00:00.000000000,170.64,141.96029
2021-07-22T18:00:00.000000000,171.52,137.27202
2021-07-22T19:00:00.000000000,173.71,136.41885
2021-07-22T20:00:00.000000000,177.63,136.01011
2021-07-22T21:00:00.000000000,180.18,139.07547
2021-07-22T22:00:00.000000000,189.27,148.73258
2021-07-22T23:00:00.000000000,199.05,165.94594
2021-07-20T00:00:00.000000000,205.49,254.38273
2021-07-20T01:00:00.000000000,221.02,269.93081
2021-07-20T02:00:00.000000000,243.8,278.87068
2021-07-20T03:00:00.000000000,270.44,280.82079
2021-07-20T04:00:00.000000000,261.69,275.09745
2021-07-20T05:00:00.000000000,268.32,269.4218
2021-07-20T06:00:00.000000000,264.57,265.9951
2021-07-20T07:00:00.000000000,251.11,258.42787
2021-07-20T08:00:00.000000000,240.27,248.84497
2021-07-20T09:00:00.000000000,236.62,243.85002
2021-07-20T10:00:00.000000000,246.65,246.79306
2021-07-20T11:00:00.000000000,252.58,253.95817
2021-07-20T12:00:00.000000000,250.97,257.07834
2021-07-20T13:00:00.000000000,250.64,248.00722
2021-07-20T14:00:00.000000000,223.43,223.36014
2021-07-20T15:00:00.000000000,191.64,193.13012
2021-07-20T16:00:00.000000000,182.06,172.66063
2021-07-20T17:00:00.000000000,181.26,166.8678
2021-07-20T18:00:00.000000000,175.82,169.31554
2021-07-20T19:00:00.000000000,172.01,173.90403
2021-07-20T20:00:00.000000000,167.24,178.40339
2021-07-20T21:00:00.000000000,172.44,185.55292
2021-07-20T22:00:00.000000000,178.82,199.39363
2021-07-20T23:00:00.000000000,190.89,221.84281
2021-07-21T00:00:00.000000000,192.24,229.48983
2021-07-21T01:00:00.000000000,205.63,246.01259
2021-07-21T02:00:00.000000000,246.52,256.77506
2021-07-21T03:00:00.000000000,260.17,261.93605
2021-07-21T04:00:00.000000000,255.81,259.38781
2021-07-21T05:00:00.000000000,241.91,255.50154
2021-07-21T06:00:00.000000000,242.62,252.47401
2021-07-21T07:00:00.000000000,239.87,245.2218
2021-07-21T08:00:00.000000000,230.92,236.05996
2021-07-21T09:00:00.000000000,234.8,231.22968
2021-07-21T10:00:00.000000000,237.21,233.95873
2021-07-21T11:00:00.000000000,240.13,242.10031
2021-07-21T12:00:00.000000000,240.9,248.1851
2021-07-21T13:00:00.000000000,241.24,243.14276
2021-07-21T14:00:00.000000000,208.66,221.4837
2021-07-21T15:00:00.000000000,175.87,191.57965
2021-07-21T16:00:00.000000000,164.59,168.71707
2021-07-21T17:00:00.000000000,161.68,158.82191
2021-07-21T18:00:00.000000000,173.83,157.55015
2021-07-21T19:00:00.000000000,181.1,159.01057
2021-07-21T20:00:00.000000000,188.4,160.83818
2021-07-21T21:00:00.000000000,190.25,166.0899
2021-07-21T22:00:00.000000000,188.58,179.23464
2021-07-21T23:00:00.000000000,195.02,201.34876
2021-07-22T00:00:00.000000000,202.49,210.02181
2021-07-22T01:00:00.000000000,215.97,227.05703
2021-07-22T02:00:00.000000000,244.0,241.12351
2021-07-22T03:00:00.000000000,262.63,251.5166
2021-07-22T04:00:00.000000000,261.19,253.27886
2021-07-22T05:00:00.000000000,266.61,251.06057
2021-07-22T06:00:00.000000000,254.96,247.74526
2021-07-22T07:00:00.000000000,245.94,240.73602
2021-07-22T08:00:00.000000000,249.29,232.67286
2021-07-22T09:00:00.000000000,246.94,228.32533
2021-07-22T10:00:00.000000000,245.64,229.81748
2021-07-22T11:00:00.000000000,248.6,235.58038
2021-07-22T12:00:00.000000000,253.57,239.68977
2021-07-22T13:00:00.000000000,261.82,235.47478
2021-07-22T14:00:00.000000000,222.55,217.42121
2021-07-22T15:00:00.000000000,180.91,190.52482
2021-07-22T16:00:00.000000000,175.08,167.79916
2021-07-22T17:00:00.000000000,170.64,155.72537
2021-07-22T18:00:00.000000000,171.52,152.1604
2021-07-22T19:00:00.000000000,173.71,151.90713
2021-07-22T20:00:00.000000000,177.63,152.1474
2021-07-22T21:00:00.000000000,180.18,155.74865
2021-07-22T22:00:00.000000000,189.27,166.1979
2021-07-22T23:00:00.000000000,199.05,184.66086
2021-07-23T00:00:00.000000000,207.53,208.57436
2021-07-23T01:00:00.000000000,226.12,225.89945
2021-07-23T02:00:00.000000000,248.52,240.0036
2021-07-23T03:00:00.000000000,260.28,250.72149
2021-07-23T04:00:00.000000000,259.74,252.86271
2021-07-23T05:00:00.000000000,260.85,250.77194
2021-07-23T06:00:00.000000000,248.06,247.95197
2021-07-23T07:00:00.000000000,245.98,242.55521
2021-07-23T08:00:00.000000000,250.3,237.18362
2021-07-23T09:00:00.000000000,241.08,234.45717
2021-07-23T10:00:00.000000000,247.47,234.9474
2021-07-23T11:00:00.000000000,251.99,238.91289
2021-07-23T12:00:00.000000000,263.37,242.87427
2021-07-23T13:00:00.000000000,272.36,241.21048
2021-07-23T14:00:00.000000000,232.2,226.97888
2021-07-23T15:00:00.000000000,196.07,202.44996
2021-07-23T16:00:00.000000000,176.51,179.73313
2021-07-23T17:00:00.000000000,173.48,165.72795
2021-07-23T18:00:00.000000000,166.76,159.56814
2021-07-23T19:00:00.000000000,177.88,156.73668
2021-07-23T20:00:00.000000000,182.0,155.0262
2021-07-23T21:00:00.000000000,181.47,157.26558
2021-07-23T22:00:00.000000000,184.78,166.31026
2021-07-23T23:00:00.000000000,184.87,183.82686
2021-07-21T00:00:00.000000000,192.24,232.78828
2021-07-21T01:00:00.000000000,205.63,247.80155
2021-07-21T02:00:00.000000000,246.52,259.16911
2021-07-21T03:00:00.000000000,260.17,266.14936
2021-07-21T04:00:00.000000000,255.81,264.7086
2021-07-21T05:00:00.000000000,241.91,260.15688
2021-07-21T06:00:00.000000000,242.62,255.26636
2021-07-21T07:00:00.000000000,239.87,245.99684
2021-07-21T08:00:00.000000000,230.92,235.30061
2021-07-21T09:00:00.000000000,234.8,229.8325
2021-07-21T10:00:00.000000000,237.21,232.71509
2021-07-21T11:00:00.000000000,240.13,240.25128
2021-07-21T12:00:00.000000000,240.9,243.88428
2021-07-21T13:00:00.000000000,241.24,235.47988
2021-07-21T14:00:00.000000000,208.66,212.18217
2021-07-21T15:00:00.000000000,175.87,183.56357
2021-07-21T16:00:00.000000000,164.59,163.3309
2021-07-21T17:00:00.000000000,161.68,156.14871
2021-07-21T18:00:00.000000000,173.83,156.93412
2021-07-21T19:00:00.000000000,181.1,160.06951
2021-07-21T20:00:00.000000000,188.4,163.35878
2021-07-21T21:00:00.000000000,190.25,169.78818
2021-07-21T22:00:00.000000000,188.58,183.46774
2021-07-21T23:00:00.000000000,195.02,204.7397
2021-07-22T00:00:00.000000000,202.49,217.43148
2021-07-22T01:00:00.000000000,215.97,234.14045
2021-07-22T02:00:00.000000000,244.0,246.49761
2021-07-22T03:00:00.000000000,262.63,255.12048
2021-07-22T04:00:00.000000000,261.19,255.92691
2021-07-22T05:00:00.000000000,266.61,253.57921
2021-07-22T06:00:00.000000000,254.96,249.7945
2021-07-22T07:00:00.000000000,245.94,241.11819
2021-07-22T08:00:00.000000000,249.29,230.61854
2021-07-22T09:00:00.000000000,246.94,225.02681
2021-07-22T10:00:00.000000000,245.64,226.97716
2021-07-22T11:00:00.000000000,248.6,232.97761
2021-07-22T12:00:00.000000000,253.57,236.37795
2021-07-22T13:00:00.000000000,261.82,230.35731
2021-07-22T14:00:00.000000000,222.55,209.52764
2021-07-22T15:00:00.000000000,180.91,179.75176
2021-07-22T16:00:00.000000000,175.08,155.45491
2021-07-22T17:00:00.000000000,170.64,143.95913
2021-07-22T18:00:00.000000000,171.52,142.51355
2021-07-22T19:00:00.000000000,173.71,145.02637
2021-07-22T20:00:00.000000000,177.63,147.68209
2021-07-22T21:00:00.000000000,180.18,153.34018
2021-07-22T22:00:00.000000000,189.27,166.68302
2021-07-22T23:00:00.000000000,199.05,188.75733
2021-07-23T00:00:00.000000000,207.53,209.41515
2021-07-23T01:00:00.000000000,226.12,227.86843
2021-07-23T02:00:00.000000000,248.52,242.92687
2021-07-23T03:00:00.000000000,260.28,254.04488
2021-07-23T04:00:00.000000000,259.74,256.43399
2021-07-23T05:00:00.000000000,260.85,254.60219
2021-07-23T06:00:00.000000000,248.06,250.92163
2021-07-23T07:00:00.000000000,245.98,242.80423
2021-07-23T08:00:00.000000000,250.3,233.40137
2021-07-23T09:00:00.000000000,241.08,228.12432
2021-07-23T10:00:00.000000000,247.47,229.11758
2021-07-23T11:00:00.000000000,251.99,234.16209
2021-07-23T12:00:00.000000000,263.37,237.7814
2021-07-23T13:00:00.000000000,272.36,234.26599
2021-07-23T14:00:00.000000000,232.2,217.45899
2021-07-23T15:00:00.000000000,196.07,190.44772
2021-07-23T16:00:00.000000000,176.51,166.07225
2021-07-23T17:00:00.000000000,173.48,152.13173
2021-07-23T18:00:00.000000000,166.76,148.06348
2021-07-23T19:00:00.000000000,177.88,148.73895
2021-07-23T20:00:00.000000000,182.0,150.04672
2021-07-23T21:00:00.000000000,181.47,153.92554
2021-07-23T22:00:00.000000000,184.78,163.82383
2021-07-23T23:00:00.000000000,184.87,182.17869
2021-07-24T00:00:00.000000000,185.25,210.69562
2021-07-24T01:00:00.000000000,197.58,223.52961
2021-07-24T02:00:00.000000000,240.09,236.11099
2021-07-24T03:00:00.000000000,252.87,248.8104
2021-07-24T04:00:00.000000000,255.35,252.91633
2021-07-24T05:00:00.000000000,256.16,250.37955
2021-07-24T06:00:00.000000000,250.58,246.59358
2021-07-24T07:00:00.000000000,237.42,241.72476
2021-07-24T08:00:00.000000000,239.63,237.76015
2021-07-24T09:00:00.000000000,248.23,235.92298
2021-07-24T10:00:00.000000000,244.99,236.02304
2021-07-24T11:00:00.000000000,242.91,239.17879
2021-07-24T12:00:00.000000000,244.53,243.92297
2021-07-24T13:00:00.000000000,246.82,243.39653
2021-07-24T14:00:00.000000000,232.47,228.08668
2021-07-24T15:00:00.000000000,198.51,201.20752
2021-07-24T16:00:00.000000000,181.15,178.0471
2021-07-24T17:00:00.000000000,170.8,167.12095
2021-07-24T18:00:00.000000000,184.9,164.40251
2021-07-24T19:00:00.000000000,187.52,163.23811
2021-07-24T20:00:00.000000000,185.61,162.45613
2021-07-24T21:00:00.000000000,184.16,165.91115
2021-07-24T22:00:00.000000000,178.07,175.19499
2021-07-24T23:00:00.000000000,188.44,190.44241
2021-07-22T00:00:00.000000000,202.49,243.23763
2021-07-22T01:00:00.000000000,215.97,259.77258
2021-07-22T02:00:00.000000000,244.0,270.27835
2021-07-22T03:00:00.000000000,262.63,273.41066
2021-07-22T04:00:00.000000000,261.19,267.14334
2021-07-22T05:00:00.000000000,266.61,259.59854
2021-07-22T06:00:00.000000000,254.96,255.25855
2021-07-22T07:00:00.000000000,245.94,248.96616
2021-07-22T08:00:00.000000000,249.29,241.29932
2021-07-22T09:00:00.000000000,246.94,237.44155
2021-07-22T10:00:00.000000000,245.64,240.97095
2021-07-22T11:00:00.000000000,248.6,249.80401
2021-07-22T12:00:00.000000000,253.57,255.03344
2021-07-22T13:00:00.000000000,261.82,246.06479
2021-07-22T14:00:00.000000000,222.55,218.94499
2021-07-22T15:00:00.000000000,180.91,186.27373
2021-07-22T16:00:00.000000000,175.08,165.43349
2021-07-22T17:00:00.000000000,170.64,160.74951
2021-07-22T18:00:00.000000000,171.52,163.45786
2021-07-22T19:00:00.000000000,173.71,166.54796
2021-07-22T20:00:00.000000000,177.63,169.6253
2021-07-22T21:00:00.000000000,180.18,176.56453
2021-07-22T22:00:00.000000000,189.27,191.123
2021-07-22T23:00:00.000000000,199.05,213.67709
2021-07-23T00:00:00.000000000,207.53,234.90564
2021-07-23T01:00:00.000000000,226.12,253.69893
2021-07-23T02:00:00.000000000,248.52,266.08965
2021-07-23T03:00:00.000000000,260.28,271.51976
2021-07-23T04:00:00.000000000,259.74,268.07499
2021-07-23T05:00:00.000000000,260.85,263.00932
2021-07-23T06:00:00.000000000,248.06,259.50845
2021-07-23T07:00:00.000000000,245.98,252.42687
2021-07-23T08:00:00.000000000,250.3,243.56256
2021-07-23T09:00:00.000000000,241.08,238.66925
2021-07-23T10:00:00.000000000,247.47,241.14593
2021-07-23T11:00:00.000000000,251.99,249.13121
2021-07-23T12:00:00.000000000,263.37,255.47013
2021-07-23T13:00:00.000000000,272.36,250.72656
2021-07-23T14:00:00.000000000,232.2,228.4931
2021-07-23T15:00:00.000000000,196.07,196.89304
2021-07-23T16:00:00.000000000,176.51,172.64164
2021-07-23T17:00:00.000000000,173.48,162.32752
2021-07-23T18:00:00.000000000,166.76,161.08951
2021-07-23T19:00:00.000000000,177.88,162.57714
2021-07-23T20:00:00.000000000,182.0,164.66776
2021-07-23T21:00:00.000000000,181.47,169.99895
2021-07-23T22:00:00.000000000,184.78,182.381
2021-07-23T23:00:00.000000000,184.87,204.16776
2021-07-24T00:00:00.000000000,185.25,233.89911
2021-07-24T01:00:00.000000000,197.58,251.073
2021-07-24T02:00:00.000000000,240.09,263.83797
2021-07-24T03:00:00.000000000,252.87,271.60221
2021-07-24T04:00:00.000000000,255.35,270.79407
2021-07-24T05:00:00.000000000,256.16,267.01294
2021-07-24T06:00:00.000000000,250.58,263.62915
2021-07-24T07:00:00.000000000,237.42,256.24226
2021-07-24T08:00:00.000000000,239.63,247.30751
2021-07-24T09:00:00.000000000,248.23,241.85453
2021-07-24T10:00:00.000000000,244.99,242.81695
2021-07-24T11:00:00.000000000,242.91,249.69816
2021-07-24T12:00:00.000000000,244.53,256.89926
2021-07-24T13:00:00.000000000,246.82,255.78618
2021-07-24T14:00:00.000000000,232.47,238.34144
2021-07-24T15:00:00.000000000,198.51,209.9209
2021-07-24T16:00:00.000000000,181.15,185.77688
2021-07-24T17:00:00.000000000,170.8,173.30308
2021-07-24T18:00:00.000000000,184.9,169.56515
2021-07-24T19:00:00.000000000,187.52,169.48472
2021-07-24T20:00:00.000000000,185.61,170.98522
2021-07-24T21:00:00.000000000,184.16,175.83526
2021-07-24T22:00:00.000000000,178.07,186.51742
2021-07-24T23:00:00.000000000,188.44,205.62473
2021-07-25T00:00:00.000000000,202.0,244.2994
2021-07-25T01:00:00.000000000,219.98,259.86589
2021-07-25T02:00:00.000000000,246.08,270.39359
2021-07-25T03:00:00.000000000,257.26,276.72517
2021-07-25T04:00:00.000000000,258.19,275.06988
2021-07-25T05:00:00.000000000,255.86,271.42337
2021-07-25T06:00:00.000000000,248.26,269.54093
2021-07-25T07:00:00.000000000,244.01,264.63827
2021-07-25T08:00:00.000000000,240.41,258.17422
2021-07-25T09:00:00.000000000,235.14,254.49809
2021-07-25T10:00:00.000000000,233.11,255.67539
2021-07-25T11:00:00.000000000,234.15,262.26809
2021-07-25T12:00:00.000000000,235.26,270.61259
2021-07-25T13:00:00.000000000,241.75,270.3521
2021-07-25T14:00:00.000000000,219.54,250.84042
2021-07-25T15:00:00.000000000,176.75,218.06648
2021-07-25T16:00:00.000000000,150.94,190.71173
2021-07-25T17:00:00.000000000,159.6,177.46379
2021-07-25T18:00:00.000000000,166.04,173.52954
2021-07-25T19:00:00.000000000,155.84,173.13714
2021-07-25T20:00:00.000000000,156.04,175.0854
2021-07-25T21:00:00.000000000,163.34,181.47822
2021-07-25T22:00:00.000000000,177.11,194.43526
2021-07-25T23:00:00.000000000,176.27,215.85916
2021-07-23T00:00:00.000000000,207.53,242.12222
2021-07-23T01:00:00.000000000,226.12,260.61277
2021-07-23T02:00:00.000000000,248.52,274.05799
2021-07-23T03:00:00.000000000,260.28,279.60296
2021-07-23T04:00:00.000000000,259.74,274.7021
2021-07-23T05:00:00.000000000,260.85,267.71798
2021-07-23T06:00:00.000000000,248.06,263.60533
2021-07-23T07:00:00.000000000,245.98,256.99629
2021-07-23T08:00:00.000000000,250.3,248.63951
2021-07-23T09:00:00.000000000,241.08,243.61326
2021-07-23T10:00:00.000000000,247.47,245.97098
2021-07-23T11:00:00.000000000,251.99,254.24477
2021-07-23T12:00:00.000000000,263.37,259.5838
2021-07-23T13:00:00.000000000,272.36,252.11262
2021-07-23T14:00:00.000000000,232.2,228.00175
2021-07-23T15:00:00.000000000,196.07,197.99256
2021-07-23T16:00:00.000000000,176.51,177.61387
2021-07-23T17:00:00.000000000,173.48,170.79787
2021-07-23T18:00:00.000000000,166.76,170.64929
2021-07-23T19:00:00.000000000,177.88,171.67945
2021-07-23T20:00:00.000000000,182.0,173.66595
2021-07-23T21:00:00.000000000,181.47,179.47149
2021-07-23T22:00:00.000000000,184.78,191.48654
2021-07-23T23:00:00.000000000,184.87,211.44274
2021-07-24T00:00:00.000000000,185.25,237.40527
2021-07-24T01:00:00.000000000,197.58,252.81067
2021-07-24T02:00:00.000000000,240.09,264.82981
2021-07-24T03:00:00.000000000,252.87,272.57317
2021-07-24T04:00:00.000000000,255.35,271.62003
2021-07-24T05:00:00.000000000,256.16,267.07786
2021-07-24T06:00:00.000000000,250.58,262.65862
2021-07-24T07:00:00.000000000,237.42,254.13555
2021-07-24T08:00:00.000000000,239.63,243.91498
2021-07-24T09:00:00.000000000,248.23,237.56724
2021-07-24T10:00:00.000000000,244.99,238.8673
2021-07-24T11:00:00.000000000,242.91,246.93783
2021-07-24T12:00:00.000000000,244.53,255.05739
2021-07-24T13:00:00.000000000,246.82,253.53927
2021-07-24T14:00:00.000000000,232.47,235.12639
2021-07-24T15:00:00.000000000,198.51,206.93119
2021-07-24T16:00:00.000000000,181.15,184.38797
2021-07-24T17:00:00.000000000,170.8,173.96243
2021-07-24T18:00:00.000000000,184.9,171.38913
2021-07-24T19:00:00.000000000,187.52,171.67877
2021-07-24T20:00:00.000000000,185.61,173.73753
2021-07-24T21:00:00.000000000,184.16,179.63747
2021-07-24T22:00:00.000000000,178.07,191.38867
2021-07-24T23:00:00.000000000,188.44,210.37775
2021-07-25T00:00:00.000000000,202.0,241.59059
2021-07-25T01:00:00.000000000,219.98,256.95911
2021-07-25T02:00:00.000000000,246.08,268.28542
2021-07-25T03:00:00.000000000,257.26,276.23818
2021-07-25T04:00:00.000000000,258.19,275.77834
2021-07-25T05:00:00.000000000,255.86,271.45284
2021-07-25T06:00:00.000000000,248.26,267.0411
2021-07-25T07:00:00.000000000,244.01,259.09621
2021-07-25T08:00:00.000000000,240.41,250.49098
2021-07-25T09:00:00.000000000,235.14,246.29411
2021-07-25T10:00:00.000000000,233.11,248.23711
2021-07-25T11:00:00.000000000,234.15,255.52968
2021-07-25T12:00:00.000000000,235.26,264.43494
2021-07-25T13:00:00.000000000,241.75,265.2958
2021-07-25T14:00:00.000000000,219.54,247.12613
2021-07-25T15:00:00.000000000,176.75,215.17346
2021-07-25T16:00:00.000000000,150.94,187.70873
2021-07-25T17:00:00.000000000,159.6,174.26781
2021-07-25T18:00:00.000000000,166.04,170.68545
2021-07-25T19:00:00.000000000,155.84,171.29697
2021-07-25T20:00:00.000000000,156.04,174.36111
2021-07-25T21:00:00.000000000,163.34,181.0547
2021-07-25T22:00:00.000000000,177.11,193.52853
2021-07-25T23:00:00.000000000,176.27,213.99048
2021-07-26T00:00:00.000000000,188.66,244.25678
2021-07-26T01:00:00.000000000,206.6,260.19818
2021-07-26T02:00:00.000000000,233.33,269.97574
2021-07-26T03:00:00.000000000,250.12,275.05331
2021-07-26T04:00:00.000000000,258.29,272.24954
2021-07-26T05:00:00.000000000,241.28,267.49508
2021-07-26T06:00:00.000000000,242.61,264.43202
2021-07-26T07:00:00.000000000,234.92,258.68146
2021-07-26T08:00:00.000000000,242.17,251.89592
2021-07-26T09:00:00.000000000,252.36,248.57431
2021-07-26T10:00:00.000000000,267.2,250.38715
2021-07-26T11:00:00.000000000,272.45,257.76099
2021-07-26T12:00:00.000000000,272.99,267.5671
2021-07-26T13:00:00.000000000,269.21,268.51909
2021-07-26T14:00:00.000000000,260.38,248.09367
2021-07-26T15:00:00.000000000,234.73,212.92871
2021-07-26T16:00:00.000000000,222.2,184.11557
2021-07-26T17:00:00.000000000,206.83,171.81975
2021-07-26T18:00:00.000000000,190.14,169.94917
2021-07-26T19:00:00.000000000,189.24,171.29939
2021-07-26T20:00:00.000000000,188.64,174.22848
2021-07-26T21:00:00.000000000,191.06,180.82004
2021-07-26T22:00:00.000000000,194.41,193.9466
2021-07-26T23:00:00.000000000,209.82,215.81635
2021-07-24T00:00:00.000000000,185.25,244.34968
2021-07-24T01:00:00.000000000,197.58,261.90884
2021-07-24T02:00:00.000000000,240.09,273.28009
2021-07-24T03:00:00.000000000,252.87,276.85579
2021-07-24T04:00:00.000000000,255.35,270.67901
2021-07-24T05:00:00.000000000,256.16,262.73681
2021-07-24T06:00:00.000000000,250.58,258.56924
2021-07-24T07:00:00.000000000,237.42,253.32161
2021-07-24T08:00:00.000000000,239.63,246.72083
2021-07-24T09:00:00.000000000,248.23,241.49377
2021-07-24T10:00:00.000000000,244.99,241.45142
2021-07-24T11:00:00.000000000,242.91,248.01109
2021-07-24T12:00:00.000000000,244.53,255.07811
2021-07-24T13:00:00.000000000,246.82,252.38647
2021-07-24T14:00:00.000000000,232.47,233.03882
2021-07-24T15:00:00.000000000,198.51,205.28355
2021-07-24T16:00:00.000000000,181.15,185.13071
2021-07-24T17:00:00.000000000,170.8,178.05579
2021-07-24T18:00:00.000000000,184.9,177.56985
2021-07-24T19:00:00.000000000,187.52,177.64606
2021-07-24T20:00:00.000000000,185.61,178.51144
2021-07-24T21:00:00.000000000,184.16,183.51012
2021-07-24T22:00:00.000000000,178.07,194.69248
2021-07-24T23:00:00.000000000,188.44,213.80319
2021-07-25T00:00:00.000000000,202.0,241.726
2021-07-25T01:00:00.000000000,219.98,259.11155
2021-07-25T02:00:00.000000000,246.08,270.02938
2021-07-25T03:00:00.000000000,257.26,274.76544
2021-07-25T04:00:00.000000000,258.19,270.6103
2021-07-25T05:00:00.000000000,255.86,263.93658
2021-07-25T06:00:00.000000000,248.26,258.87983
2021-07-25T07:00:00.000000000,244.01,251.40099
2021-07-25T08:00:00.000000000,240.41,243.65991
2021-07-25T09:00:00.000000000,235.14,240.00831
2021-07-25T10:00:00.000000000,233.11,242.37567
2021-07-25T11:00:00.000000000,234.15,250.50795
2021-07-25T12:00:00.000000000,235.26,260.5066
2021-07-25T13:00:00.000000000,241.75,262.17689
2021-07-25T14:00:00.000000000,219.54,244.63108
2021-07-25T15:00:00.000000000,176.75,213.72539
2021-07-25T16:00:00.000000000,150.94,187.53457
2021-07-25T17:00:00.000000000,159.6,174.97882
2021-07-25T18:00:00.000000000,166.04,171.50689
2021-07-25T19:00:00.000000000,155.84,171.65032
2021-07-25T20:00:00.000000000,156.04,174.41346
2021-07-25T21:00:00.000000000,163.34,180.58495
2021-07-25T22:00:00.000000000,177.11,192.40621
2021-07-25T23:00:00.000000000,176.27,212.79654
2021-07-26T00:00:00.000000000,188.66,241.67396
2021-07-26T01:00:00.000000000,206.6,257.9994
2021-07-26T02:00:00.000000000,233.33,269.58107
2021-07-26T03:00:00.000000000,250.12,276.95204
2021-07-26T04:00:00.000000000,258.29,275.50268
2021-07-26T05:00:00.000000000,241.28,270.04195
2021-07-26T06:00:00.000000000,242.61,264.64769
2021-07-26T07:00:00.000000000,234.92,256.23266
2021-07-26T08:00:00.000000000,242.17,247.56436
2021-07-26T09:00:00.000000000,252.36,243.30561
2021-07-26T10:00:00.000000000,267.2,245.22508
2021-07-26T11:00:00.000000000,272.45,252.61378
2021-07-26T12:00:00.000000000,272.99,261.8421
2021-07-26T13:00:00.000000000,269.21,263.2171
2021-07-26T14:00:00.000000000,260.38,245.44272
2021-07-26T15:00:00.000000000,234.73,213.55624
2021-07-26T16:00:00.000000000,222.2,186.10038
2021-07-26T17:00:00.000000000,206.83,172.95639
2021-07-26T18:00:00.000000000,190.14,169.87102
2021-07-26T19:00:00.000000000,189.24,170.81873
2021-07-26T20:00:00.000000000,188.64,174.02104
2021-07-26T21:00:00.000000000,191.06,180.57239
2021-07-26T22:00:00.000000000,194.41,192.71031
2021-07-26T23:00:00.000000000,209.82,213.02698
2021-07-27T00:00:00.000000000,221.37,235.52429
2021-07-27T01:00:00.000000000,241.71,255.39861
2021-07-27T02:00:00.000000000,269.13,267.30102
2021-07-27T03:00:00.000000000,282.89,271.14014
2021-07-27T04:00:00.000000000,286.34,266.3022
2021-07-27T05:00:00.000000000,291.24,259.97518
2021-07-27T06:00:00.000000000,291.96,255.32322
2021-07-27T07:00:00.000000000,294.47,247.75454
2021-07-27T08:00:00.000000000,289.33,239.51847
2021-07-27T09:00:00.000000000,282.41,234.99462
2021-07-27T10:00:00.000000000,298.45,236.69094
2021-07-27T11:00:00.000000000,298.43,244.40574
2021-07-27T12:00:00.000000000,296.43,253.31184
2021-07-27T13:00:00.000000000,286.76,254.5555
2021-07-27T14:00:00.000000000,246.21,238.35499
2021-07-27T15:00:00.000000000,192.63,209.32396
2021-07-27T16:00:00.000000000,168.88,184.0117
2021-07-27T17:00:00.000000000,161.72,171.21929
2021-07-27T18:00:00.000000000,168.54,168.00909
2021-07-27T19:00:00.000000000,169.72,168.6227
2021-07-27T20:00:00.000000000,174.51,170.66641
2021-07-27T21:00:00.000000000,181.74,175.22077
2021-07-27T22:00:00.000000000,189.98,185.21844
2021-07-27T23:00:00.000000000,197.32,204.78517
2021-07-25T00:00:00.000000000,202.0,247.2452
2021-07-25T01:00:00.000000000,219.98,265.79282
2021-07-25T02:00:00.000000000,246.08,276.11787
2021-07-25T03:00:00.000000000,257.26,278.31606
2021-07-25T04:00:00.000000000,258.19,271.62832
2021-07-25T05:00:00.000000000,255.86,264.50326
2021-07-25T06:00:00.000000000,248.26,261.52965
2021-07-25T07:00:00.000000000,244.01,257.52332
2021-07-25T08:00:00.000000000,240.41,253.19502
2021-07-25T09:00:00.000000000,235.14,251.04
2021-07-25T10:00:00.000000000,233.11,252.26385
2021-07-25T11:00:00.000000000,234.15,257.86608
2021-07-25T12:00:00.000000000,235.26,264.84462
2021-07-25T13:00:00.000000000,241.75,263.73965
2021-07-25T14:00:00.000000000,219.54,245.29864
2021-07-25T15:00:00.000000000,176.75,215.92436
2021-07-25T16:00:00.000000000,150.94,192.51368
2021-07-25T17:00:00.000000000,159.6,182.13646
2021-07-25T18:00:00.000000000,166.04,179.13295
2021-07-25T19:00:00.000000000,155.84,178.1571
2021-07-25T20:00:00.000000000,156.04,179.13384
2021-07-25T21:00:00.000000000,163.34,183.70543
2021-07-25T22:00:00.000000000,177.11,194.62953
2021-07-25T23:00:00.000000000,176.27,215.30535
2021-07-26T00:00:00.000000000,188.66,242.85994
2021-07-26T01:00:00.000000000,206.6,261.18149
2021-07-26T02:00:00.000000000,233.33,273.05536
2021-07-26T03:00:00.000000000,250.12,278.8925
2021-07-26T04:00:00.000000000,258.29,275.67306
2021-07-26T05:00:00.000000000,241.28,269.41992
2021-07-26T06:00:00.000000000,242.61,264.26272
2021-07-26T07:00:00.000000000,234.92,256.55282
2021-07-26T08:00:00.000000000,242.17,248.73078
2021-07-26T09:00:00.000000000,252.36,244.87212
2021-07-26T10:00:00.000000000,267.2,246.6263
2021-07-26T11:00:00.000000000,272.45,253.85386
2021-07-26T12:00:00.000000000,272.99,263.48379
2021-07-26T13:00:00.000000000,269.21,265.95641
2021-07-26T14:00:00.000000000,260.38,249.37219
2021-07-26T15:00:00.000000000,234.73,217.92657
2021-07-26T16:00:00.000000000,222.2,190.0159
2021-07-26T17:00:00.000000000,206.83,175.86773
2021-07-26T18:00:00.000000000,190.14,171.84556
2021-07-26T19:00:00.000000000,189.24,172.18187
2021-07-26T20:00:00.000000000,188.64,175.12281
2021-07-26T21:00:00.000000000,191.06,181.05885
2021-07-26T22:00:00.000000000,194.41,192.17533
2021-07-26T23:00:00.000000000,209.82,212.32682
2021-07-27T00:00:00.000000000,221.37,236.36111
2021-07-27T01:00:00.000000000,241.71,253.34549
2021-07-27T02:00:00.000000000,269.13,265.17298
2021-07-27T03:00:00.000000000,282.89,271.48049
2021-07-27T04:00:00.000000000,286.34,269.09305
2021-07-27T05:00:00.000000000,291.24,263.21455
2021-07-27T06:00:00.000000000,291.96,257.02405
2021-07-27T07:00:00.000000000,294.47,247.25058
2021-07-27T08:00:00.000000000,289.33,237.17488
2021-07-27T09:00:00.000000000,282.41,231.96736
2021-07-27T10:00:00.000000000,298.45,234.22272
2021-07-27T11:00:00.000000000,298.43,242.05785
2021-07-27T12:00:00.000000000,296.43,249.85277
2021-07-27T13:00:00.000000000,286.76,249.84537
2021-07-27T14:00:00.000000000,246.21,233.8369
2021-07-27T15:00:00.000000000,192.63,206.35467
2021-07-27T16:00:00.000000000,168.88,182.46208
2021-07-27T17:00:00.000000000,161.72,170.54667
2021-07-27T18:00:00.000000000,168.54,167.98376
2021-07-27T19:00:00.000000000,169.72,169.49563
2021-07-27T20:00:00.000000000,174.51,172.50961
2021-07-27T21:00:00.000000000,181.74,178.12525
2021-07-27T22:00:00.000000000,189.98,188.79054
2021-07-27T23:00:00.000000000,197.32,207.44916
2021-07-28T00:00:00.000000000,206.08,235.75067
2021-07-28T01:00:00.000000000,231.73,251.97047
2021-07-28T02:00:00.000000000,269.36,262.085
2021-07-28T03:00:00.000000000,288.43,264.55895
2021-07-28T04:00:00.000000000,288.98,257.20764
2021-07-28T05:00:00.000000000,289.67,247.95388
2021-07-28T06:00:00.000000000,283.53,241.98865
2021-07-28T07:00:00.000000000,268.48,235.09479
2021-07-28T08:00:00.000000000,263.49,228.17895
2021-07-28T09:00:00.000000000,259.14,225.15562
2021-07-28T10:00:00.000000000,266.68,229.21008
2021-07-28T11:00:00.000000000,273.45,240.26161
2021-07-28T12:00:00.000000000,271.54,251.29981
2021-07-28T13:00:00.000000000,285.21,251.1827
2021-07-28T14:00:00.000000000,248.77,232.52076
2021-07-28T15:00:00.000000000,209.38,204.65401
2021-07-28T16:00:00.000000000,188.65,183.70136
2021-07-28T17:00:00.000000000,181.51,174.98194
2021-07-28T18:00:00.000000000,179.74,172.70506
2021-07-28T19:00:00.000000000,193.46,172.05594
2021-07-28T20:00:00.000000000,201.29,173.4487
2021-07-28T21:00:00.000000000,207.4,179.11414
2021-07-28T22:00:00.000000000,211.1,191.14647
2021-07-28T23:00:00.000000000,213.67,210.41794
2021-07-26T00:00:00.000000000,188.66,244.63704
2021-07-26T01:00:00.000000000,206.6,261.98049
2021-07-26T02:00:00.000000000,233.33,275.25229
2021-07-26T03:00:00.000000000,250.12,283.35561
2021-07-26T04:00:00.000000000,258.29,281.28481
2021-07-26T05:00:00.000000000,241.28,274.9347
2021-07-26T06:00:00.000000000,242.61,269.51275
2021-07-26T07:00:00.000000000,234.92,261.74401
2021-07-26T08:00:00.000000000,242.17,253.62967
2021-07-26T09:00:00.000000000,252.36,249.50107
2021-07-26T10:00:00.000000000,267.2,251.14933
2021-07-26T11:00:00.000000000,272.45,257.8611
2021-07-26T12:00:00.000000000,272.99,265.40888
2021-07-26T13:00:00.000000000,269.21,263.68993
2021-07-26T14:00:00.000000000,260.38,243.07733
2021-07-26T15:00:00.000000000,234.73,210.92218
2021-07-26T16:00:00.000000000,222.2,185.6855
2021-07-26T17:00:00.000000000,206.83,175.48995
2021-07-26T18:00:00.000000000,190.14,173.97213
2021-07-26T19:00:00.000000000,189.24,175.09581
2021-07-26T20:00:00.000000000,188.64,178.00505
2021-07-26T21:00:00.000000000,191.06,184.07758
2021-07-26T22:00:00.000000000,194.41,195.44123
2021-07-26T23:00:00.000000000,209.82,214.75592
2021-07-27T00:00:00.000000000,221.37,236.62745
2021-07-27T01:00:00.000000000,241.71,250.67417
2021-07-27T02:00:00.000000000,269.13,261.21603
2021-07-27T03:00:00.000000000,282.89,268.69713
2021-07-27T04:00:00.000000000,286.34,268.86842
2021-07-27T05:00:00.000000000,291.24,265.29073
2021-07-27T06:00:00.000000000,291.96,259.58752
2021-07-27T07:00:00.000000000,294.47,248.44192
2021-07-27T08:00:00.000000000,289.33,236.26783
2021-07-27T09:00:00.000000000,282.41,229.78597
2021-07-27T10:00:00.000000000,298.45,231.4358
2021-07-27T11:00:00.000000000,298.43,237.1754
2021-07-27T12:00:00.000000000,296.43,241.72896
2021-07-27T13:00:00.000000000,286.76,239.86211
2021-07-27T14:00:00.000000000,246.21,224.73755
2021-07-27T15:00:00.000000000,192.63,199.12925
2021-07-27T16:00:00.000000000,168.88,175.94659
2021-07-27T17:00:00.000000000,161.72,164.03956
2021-07-27T18:00:00.000000000,168.54,162.64003
2021-07-27T19:00:00.000000000,169.72,166.8383
2021-07-27T20:00:00.000000000,174.51,171.92706
2021-07-27T21:00:00.000000000,181.74,178.53936
2021-07-27T22:00:00.000000000,189.98,189.53955
2021-07-27T23:00:00.000000000,197.32,207.83588
2021-07-28T00:00:00.000000000,206.08,235.50952
2021-07-28T01:00:00.000000000,231.73,249.00862
2021-07-28T02:00:00.000000000,269.36,260.04192
2021-07-28T03:00:00.000000000,288.43,268.53134
2021-07-28T04:00:00.000000000,288.98,269.32452
2021-07-28T05:00:00.000000000,289.67,265.36498
2021-07-28T06:00:00.000000000,283.53,258.77531
2021-07-28T07:00:00.000000000,268.48,246.96675
2021-07-28T08:00:00.000000000,263.49,234.42364
2021-07-28T09:00:00.000000000,259.14,227.47971
2021-07-28T10:00:00.000000000,266.68,228.53614
2021-07-28T11:00:00.000000000,273.45,233.82906
2021-07-28T12:00:00.000000000,271.54,237.97504
2021-07-28T13:00:00.000000000,285.21,236.03314
2021-07-28T14:00:00.000000000,248.77,221.88035
2021-07-28T15:00:00.000000000,209.38,198.14071
2021-07-28T16:00:00.000000000,188.65,176.39805
2021-07-28T17:00:00.000000000,181.51,165.00927
2021-07-28T18:00:00.000000000,179.74,163.42964
2021-07-28T19:00:00.000000000,193.46,167.38441
2021-07-28T20:00:00.000000000,201.29,172.57363
2021-07-28T21:00:00.000000000,207.4,179.45215
2021-07-28T22:00:00.000000000,211.1,190.30876
2021-07-28T23:00:00.000000000,213.67,207.55636
2021-07-29T00:00:00.000000000,220.82,239.47583
2021-07-29T01:00:00.000000000,231.98,252.99233
2021-07-29T02:00:00.000000000,269.11,263.50378
2021-07-29T03:00:00.000000000,275.4,271.09296
2021-07-29T04:00:00.000000000,274.61,270.43397
2021-07-29T05:00:00.000000000,268.58,265.45333
2021-07-29T06:00:00.000000000,256.18,259.5329
2021-07-29T07:00:00.000000000,256.27,249.63094
2021-07-29T08:00:00.000000000,261.53,239.11875
2021-07-29T09:00:00.000000000,265.35,233.74639
2021-07-29T10:00:00.000000000,264.94,236.18456
2021-07-29T11:00:00.000000000,263.16,243.76036
2021-07-29T12:00:00.000000000,266.17,250.17778
2021-07-29T13:00:00.000000000,270.2,247.21562
2021-07-29T14:00:00.000000000,231.6,228.44374
2021-07-29T15:00:00.000000000,190.51,200.4454
2021-07-29T16:00:00.000000000,174.45,178.04252
2021-07-29T17:00:00.000000000,177.47,168.12717
2021-07-29T18:00:00.000000000,182.4,166.74376
2021-07-29T19:00:00.000000000,189.86,168.68354
2021-07-29T20:00:00.000000000,197.97,172.15743
2021-07-29T21:00:00.000000000,202.97,179.22075
2021-07-29T22:00:00.000000000,209.63,192.45714
2021-07-29T23:00:00.000000000,211.95,212.63925
2021-07-27T00:00:00.000000000,221.37,238.41261
2021-07-27T01:00:00.000000000,241.71,263.82065
2021-07-27T02:00:00.000000000,269.13,279.97499
2021-07-27T03:00:00.000000000,282.89,285.73092
2021-07-27T04:00:00.000000000,286.34,279.83659
2021-07-27T05:00:00.000000000,291.24,271.5413
2021-07-27T06:00:00.000000000,291.96,266.79723
2021-07-27T07:00:00.000000000,294.47,261.69385
2021-07-27T08:00:00.000000000,289.33,255.86934
2021-07-27T09:00:00.000000000,282.41,251.71167
2021-07-27T10:00:00.000000000,298.45,251.94527
2021-07-27T11:00:00.000000000,298.43,258.93089
2021-07-27T12:00:00.000000000,296.43,268.47913
2021-07-27T13:00:00.000000000,286.76,268.7505
2021-07-27T14:00:00.000000000,246.21,247.45458
2021-07-27T15:00:00.000000000,192.63,210.81909
2021-07-27T16:00:00.000000000,168.88,180.74654
2021-07-27T17:00:00.000000000,161.72,167.33778
2021-07-27T18:00:00.000000000,168.54,164.36594
2021-07-27T19:00:00.000000000,169.72,163.64949
2021-07-27T20:00:00.000000000,174.51,164.02106
2021-07-27T21:00:00.000000000,181.74,168.22698
2021-07-27T22:00:00.000000000,189.98,179.43492
2021-07-27T23:00:00.000000000,197.32,201.92292
2021-07-28T00:00:00.000000000,206.08,221.8353
2021-07-28T01:00:00.000000000,231.73,241.95834
2021-07-28T02:00:00.000000000,269.36,258.34983
2021-07-28T03:00:00.000000000,288.43,270.66034
2021-07-28T04:00:00.000000000,288.98,272.59719
2021-07-28T05:00:00.000000000,289.67,268.40845
2021-07-28T06:00:00.000000000,283.53,261.76544
2021-07-28T07:00:00.000000000,268.48,250.69616
2021-07-28T08:00:00.000000000,263.49,237.63662
2021-07-28T09:00:00.000000000,259.14,229.45706
2021-07-28T10:00:00.000000000,266.68,229.68508
2021-07-28T11:00:00.000000000,273.45,235.0896
2021-07-28T12:00:00.000000000,271.54,240.25156
2021-07-28T13:00:00.000000000,285.21,237.0132
2021-07-28T14:00:00.000000000,248.77,215.42789
2021-07-28T15:00:00.000000000,209.38,179.65585
2021-07-28T16:00:00.000000000,188.65,149.05924
2021-07-28T17:00:00.000000000,181.51,135.7051
2021-07-28T18:00:00.000000000,179.74,136.46306
2021-07-28T19:00:00.000000000,193.46,142.55282
2021-07-28T20:00:00.000000000,201.29,148.01269
2021-07-28T21:00:00.000000000,207.4,154.74001
2021-07-28T22:00:00.000000000,211.1,167.22101
2021-07-28T23:00:00.000000000,213.67,188.69003
2021-07-29T00:00:00.000000000,220.82,211.9707
2021-07-29T01:00:00.000000000,231.98,228.95207
2021-07-29T02:00:00.000000000,269.11,245.15641
2021-07-29T03:00:00.000000000,275.4,259.52209
2021-07-29T04:00:00.000000000,274.61,264.16945
2021-07-29T05:00:00.000000000,268.58,261.08148
2021-07-29T06:00:00.000000000,256.18,253.06028
2021-07-29T07:00:00.000000000,256.27,239.43097
2021-07-29T08:00:00.000000000,261.53,224.04479
2021-07-29T09:00:00.000000000,265.35,214.29312
2021-07-29T10:00:00.000000000,264.94,213.81798
2021-07-29T11:00:00.000000000,263.16,218.21006
2021-07-29T12:00:00.000000000,266.17,221.30918
2021-07-29T13:00:00.000000000,270.2,217.23651
2021-07-29T14:00:00.000000000,231.6,198.60049
2021-07-29T15:00:00.000000000,190.51,168.63935
2021-07-29T16:00:00.000000000,174.45,142.43942
2021-07-29T17:00:00.000000000,177.47,130.96982
2021-07-29T18:00:00.000000000,182.4,132.84812
2021-07-29T19:00:00.000000000,189.86,140.56555
2021-07-29T20:00:00.000000000,197.97,147.3055
2021-07-29T21:00:00.000000000,202.97,154.13043
2021-07-29T22:00:00.000000000,209.63,164.99305
2021-07-29T23:00:00.000000000,211.95,182.50148
2021-07-30T00:00:00.000000000,222.67,225.37524
2021-07-30T01:00:00.000000000,234.67,241.6559
2021-07-30T02:00:00.000000000,261.33,253.51778
2021-07-30T03:00:00.000000000,275.35,259.73838
2021-07-30T04:00:00.000000000,270.19,256.42469
2021-07-30T05:00:00.000000000,264.86,249.96438
2021-07-30T06:00:00.000000000,259.54,244.51942
2021-07-30T07:00:00.000000000,261.77,236.21694
2021-07-30T08:00:00.000000000,267.44,226.36026
2021-07-30T09:00:00.000000000,270.24,220.88168
2021-07-30T10:00:00.000000000,278.24,223.79895
2021-07-30T11:00:00.000000000,280.41,233.00063
2021-07-30T12:00:00.000000000,283.54,240.17906
2021-07-30T13:00:00.000000000,287.42,235.00667
2021-07-30T14:00:00.000000000,263.64,211.84269
2021-07-30T15:00:00.000000000,224.84,180.58905
2021-07-30T16:00:00.000000000,204.18,157.61968
2021-07-30T17:00:00.000000000,197.41,149.07702
2021-07-30T18:00:00.000000000,197.25,149.48973
2021-07-30T19:00:00.000000000,204.12,152.60615
2021-07-30T20:00:00.000000000,204.97,156.49112
2021-07-30T21:00:00.000000000,220.84,163.70836
2021-07-30T22:00:00.000000000,225.77,177.73633
2021-07-30T23:00:00.000000000,233.25,198.86756
2021-07-28T00:00:00.000000000,206.08,238.3734
2021-07-28T01:00:00.000000000,231.73,265.69063
2021-07-28T02:00:00.000000000,269.36,285.28977
2021-07-28T03:00:00.000000000,288.43,293.16296
2021-07-28T04:00:00.000000000,288.98,289.53451
2021-07-28T05:00:00.000000000,289.67,285.28128
2021-07-28T06:00:00.000000000,283.53,283.66108
2021-07-28T07:00:00.000000000,268.48,276.60172
2021-07-28T08:00:00.000000000,263.49,264.05934
2021-07-28T09:00:00.000000000,259.14,254.21334
2021-07-28T10:00:00.000000000,266.68,253.76438
2021-07-28T11:00:00.000000000,273.45,260.87887
2021-07-28T12:00:00.000000000,271.54,263.92214
2021-07-28T13:00:00.000000000,285.21,252.21832
2021-07-28T14:00:00.000000000,248.77,222.82525
2021-07-28T15:00:00.000000000,209.38,186.05111
2021-07-28T16:00:00.000000000,188.65,158.79286
2021-07-28T17:00:00.000000000,181.51,147.29537
2021-07-28T18:00:00.000000000,179.74,147.0496
2021-07-28T19:00:00.000000000,193.46,151.27287
2021-07-28T20:00:00.000000000,201.29,155.8562
2021-07-28T21:00:00.000000000,207.4,162.84612
2021-07-28T22:00:00.000000000,211.1,175.52222
2021-07-28T23:00:00.000000000,213.67,198.36853
2021-07-29T00:00:00.000000000,220.82,214.20238
2021-07-29T01:00:00.000000000,231.98,231.54249
2021-07-29T02:00:00.000000000,269.11,247.52516
2021-07-29T03:00:00.000000000,275.4,260.57047
2021-07-29T04:00:00.000000000,274.61,263.61015
2021-07-29T05:00:00.000000000,268.58,260.11564
2021-07-29T06:00:00.000000000,256.18,253.42013
2021-07-29T07:00:00.000000000,256.27,241.72365
2021-07-29T08:00:00.000000000,261.53,227.6312
2021-07-29T09:00:00.000000000,265.35,218.31014
2021-07-29T10:00:00.000000000,264.94,217.96995
2021-07-29T11:00:00.000000000,263.16,222.95163
2021-07-29T12:00:00.000000000,266.17,226.66737
2021-07-29T13:00:00.000000000,270.2,222.18483
2021-07-29T14:00:00.000000000,231.6,202.12114
2021-07-29T15:00:00.000000000,190.51,171.05923
2021-07-29T16:00:00.000000000,174.45,144.93949
2021-07-29T17:00:00.000000000,177.47,133.97175
2021-07-29T18:00:00.000000000,182.4,135.70434
2021-07-29T19:00:00.000000000,189.86,142.66908
2021-07-29T20:00:00.000000000,197.97,148.8303
2021-07-29T21:00:00.000000000,202.97,155.66768
2021-07-29T22:00:00.000000000,209.63,166.85149
2021-07-29T23:00:00.000000000,211.95,184.74812
2021-07-30T00:00:00.000000000,222.67,220.98148
2021-07-30T01:00:00.000000000,234.67,236.94455
2021-07-30T02:00:00.000000000,261.33,248.60539
2021-07-30T03:00:00.000000000,275.35,255.23329
2021-07-30T04:00:00.000000000,270.19,252.71136
2021-07-30T05:00:00.000000000,264.86,245.86798
2021-07-30T06:00:00.000000000,259.54,238.0627
2021-07-30T07:00:00.000000000,261.77,227.02624
2021-07-30T08:00:00.000000000,267.44,215.54516
2021-07-30T09:00:00.000000000,270.24,209.37792
2021-07-30T10:00:00.000000000,278.24,211.4847
2021-07-30T11:00:00.000000000,280.41,218.97167
2021-07-30T12:00:00.000000000,283.54,224.50827
2021-07-30T13:00:00.000000000,287.42,219.87698
2021-07-30T14:00:00.000000000,263.64,199.63311
2021-07-30T15:00:00.000000000,224.84,171.59089
2021-07-30T16:00:00.000000000,204.18,150.23813
2021-07-30T17:00:00.000000000,197.41,142.39892
2021-07-30T18:00:00.000000000,197.25,144.22012
2021-07-30T19:00:00.000000000,204.12,149.34108
2021-07-30T20:00:00.000000000,204.97,154.19104
2021-07-30T21:00:00.000000000,220.84,161.01937
2021-07-30T22:00:00.000000000,225.77,174.08947
2021-07-30T23:00:00.000000000,233.25,194.10201
2021-07-31T00:00:00.000000000,239.09,224.73944
2021-07-31T01:00:00.000000000,263.44,239.6802
2021-07-31T02:00:00.000000000,275.51,251.07775
2021-07-31T03:00:00.000000000,285.39,256.82965
2021-07-31T04:00:00.000000000,286.6,252.5543
2021-07-31T05:00:00.000000000,288.41,244.33385
2021-07-31T06:00:00.000000000,279.87,237.37208
2021-07-31T07:00:00.000000000,286.1,229.06579
2021-07-31T08:00:00.000000000,289.07,220.33176
2021-07-31T09:00:00.000000000,279.85,215.10869
2021-07-31T10:00:00.000000000,277.88,216.69566
2021-07-31T11:00:00.000000000,275.6,224.32335
2021-07-31T12:00:00.000000000,270.19,230.90426
2021-07-31T13:00:00.000000000,269.45,227.22103
2021-07-31T14:00:00.000000000,239.04,207.73862
2021-07-31T15:00:00.000000000,192.94,181.24427
2021-07-31T16:00:00.000000000,173.16,162.14111
2021-07-31T17:00:00.000000000,166.56,155.73895
2021-07-31T18:00:00.000000000,163.87,156.79439
2021-07-31T19:00:00.000000000,162.37,159.73704
2021-07-31T20:00:00.000000000,166.54,163.01833
2021-07-31T21:00:00.000000000,171.92,169.52937
2021-07-31T22:00:00.000000000,179.71,181.91596
2021-07-31T23:00:00.000000000,184.83,199.96731
2021-07-29T00:00:00.000000000,220.82,256.39206
2021-07-29T01:00:00.000000000,231.98,268.73546
2021-07-29T02:00:00.000000000,269.11,279.37404
2021-07-29T03:00:00.000000000,275.4,286.39105
2021-07-29T04:00:00.000000000,274.61,284.35599
2021-07-29T05:00:00.000000000,268.58,278.41419
2021-07-29T06:00:00.000000000,256.18,273.48047
2021-07-29T07:00:00.000000000,256.27,265.46621
2021-07-29T08:00:00.000000000,261.53,255.0762
2021-07-29T09:00:00.000000000,265.35,247.21879
2021-07-29T10:00:00.000000000,264.94,246.92304
2021-07-29T11:00:00.000000000,263.16,253.3552
2021-07-29T12:00:00.000000000,266.17,259.19033
2021-07-29T13:00:00.000000000,270.2,254.43511
2021-07-29T14:00:00.000000000,231.6,232.70915
2021-07-29T15:00:00.000000000,190.51,203.02221
2021-07-29T16:00:00.000000000,174.45,182.45622
2021-07-29T17:00:00.000000000,177.47,177.06213
2021-07-29T18:00:00.000000000,182.4,179.14405
2021-07-29T19:00:00.000000000,189.86,182.72608
2021-07-29T20:00:00.000000000,197.97,187.77086
2021-07-29T21:00:00.000000000,202.97,197.12302
2021-07-29T22:00:00.000000000,209.63,210.62886
2021-07-29T23:00:00.000000000,211.95,228.40018
2021-07-30T00:00:00.000000000,222.67,243.755
2021-07-30T01:00:00.000000000,234.67,253.84639
2021-07-30T02:00:00.000000000,261.33,261.19966
2021-07-30T03:00:00.000000000,275.35,266.13683
2021-07-30T04:00:00.000000000,270.19,264.61258
2021-07-30T05:00:00.000000000,264.86,260.55481
2021-07-30T06:00:00.000000000,259.54,256.56559
2021-07-30T07:00:00.000000000,261.77,248.08885
2021-07-30T08:00:00.000000000,267.44,237.83845
2021-07-30T09:00:00.000000000,270.24,231.66136
2021-07-30T10:00:00.000000000,278.24,233.40498
2021-07-30T11:00:00.000000000,280.41,241.0066
2021-07-30T12:00:00.000000000,283.54,247.51181
2021-07-30T13:00:00.000000000,287.42,244.33057
2021-07-30T14:00:00.000000000,263.64,225.92625
2021-07-30T15:00:00.000000000,224.84,200.20599
2021-07-30T16:00:00.000000000,204.18,181.30506
2021-07-30T17:00:00.000000000,197.41,174.48816
2021-07-30T18:00:00.000000000,197.25,174.57385
2021-07-30T19:00:00.000000000,204.12,176.78886
2021-07-30T20:00:00.000000000,204.97,180.56462
2021-07-30T21:00:00.000000000,220.84,188.33229
2021-07-30T22:00:00.000000000,225.77,201.58138
2021-07-30T23:00:00.000000000,233.25,220.14836
2021-07-31T00:00:00.000000000,239.09,236.43067
2021-07-31T01:00:00.000000000,263.44,249.62508
2021-07-31T02:00:00.000000000,275.51,259.61845
2021-07-31T03:00:00.000000000,285.39,264.8663
2021-07-31T04:00:00.000000000,286.6,261.26419
2021-07-31T05:00:00.000000000,288.41,253.59111
2021-07-31T06:00:00.000000000,279.87,246.08659
2021-07-31T07:00:00.000000000,286.1,236.10923
2021-07-31T08:00:00.000000000,289.07,226.49684
2021-07-31T09:00:00.000000000,279.85,221.55284
2021-07-31T10:00:00.000000000,277.88,223.88411
2021-07-31T11:00:00.000000000,275.6,231.47098
2021-07-31T12:00:00.000000000,270.19,237.80397
2021-07-31T13:00:00.000000000,269.45,235.97504
2021-07-31T14:00:00.000000000,239.04,220.89577
2021-07-31T15:00:00.000000000,192.94,198.70278
2021-07-31T16:00:00.000000000,173.16,181.15124
2021-07-31T17:00:00.000000000,166.56,173.57188
2021-07-31T18:00:00.000000000,163.87,172.50224
2021-07-31T19:00:00.000000000,162.37,174.265
2021-07-31T20:00:00.000000000,166.54,177.95176
2021-07-31T21:00:00.000000000,171.92,184.84754
2021-07-31T22:00:00.000000000,179.71,195.85575
2021-07-31T23:00:00.000000000,184.83,211.92793
2021-08-01T00:00:00.000000000,186.44,241.63145
2021-08-01T01:00:00.000000000,202.19,253.2799
2021-08-01T02:00:00.000000000,251.04,259.08583
2021-08-01T03:00:00.000000000,265.97,259.46545
2021-08-01T04:00:00.000000000,271.6,252.09076
2021-08-01T05:00:00.000000000,270.33,243.96686
2021-08-01T06:00:00.000000000,253.12,239.46517
2021-08-01T07:00:00.000000000,240.36,234.29628
2021-08-01T08:00:00.000000000,234.51,229.2105
2021-08-01T09:00:00.000000000,235.85,227.95579
2021-08-01T10:00:00.000000000,236.87,233.14111
2021-08-01T11:00:00.000000000,242.13,244.48442
2021-08-01T12:00:00.000000000,252.97,255.36205
2021-08-01T13:00:00.000000000,261.93,253.99321
2021-08-01T14:00:00.000000000,201.08,233.59971
2021-08-01T15:00:00.000000000,155.37,205.05173
2021-08-01T16:00:00.000000000,135.63,185.4062
2021-08-01T17:00:00.000000000,129.31,178.95631
2021-08-01T18:00:00.000000000,137.91,177.6617
2021-08-01T19:00:00.000000000,137.75,176.4314
2021-08-01T20:00:00.000000000,143.04,177.41034
2021-08-01T21:00:00.000000000,148.73,184.33157
2021-08-01T22:00:00.000000000,158.01,198.56981
2021-08-01T23:00:00.000000000,159.97,218.80804
2021-07-30T00:00:00.000000000,222.67,266.50125
2021-07-30T01:00:00.000000000,234.67,276.42468
2021-07-30T02:00:00.000000000,261.33,281.74315
2021-07-30T03:00:00.000000000,275.35,282.71143
2021-07-30T04:00:00.000000000,270.19,276.9639
2021-07-30T05:00:00.000000000,264.86,270.59324
2021-07-30T06:00:00.000000000,259.54,266.81558
2021-07-30T07:00:00.000000000,261.77,260.03342
2021-07-30T08:00:00.000000000,267.44,252.24293
2021-07-30T09:00:00.000000000,270.24,248.43932
2021-07-30T10:00:00.000000000,278.24,251.69867
2021-07-30T11:00:00.000000000,280.41,259.34518
2021-07-30T12:00:00.000000000,283.54,264.33244
2021-07-30T13:00:00.000000000,287.42,258.17699
2021-07-30T14:00:00.000000000,263.64,236.11885
2021-07-30T15:00:00.000000000,224.84,208.21791
2021-07-30T16:00:00.000000000,204.18,190.70358
2021-07-30T17:00:00.000000000,197.41,187.30221
2021-07-30T18:00:00.000000000,197.25,188.8121
2021-07-30T19:00:00.000000000,204.12,190.67639
2021-07-30T20:00:00.000000000,204.97,195.36039
2021-07-30T21:00:00.000000000,220.84,205.13292
2021-07-30T22:00:00.000000000,225.77,219.78738
2021-07-30T23:00:00.000000000,233.25,239.5814
2021-07-31T00:00:00.000000000,239.09,255.66214
2021-07-31T01:00:00.000000000,263.44,268.58319
2021-07-31T02:00:00.000000000,275.51,275.39654
2021-07-31T03:00:00.000000000,285.39,276.92511
2021-07-31T04:00:00.000000000,286.6,271.6197
2021-07-31T05:00:00.000000000,288.41,265.15339
2021-07-31T06:00:00.000000000,279.87,260.34207
2021-07-31T07:00:00.000000000,286.1,252.01594
2021-07-31T08:00:00.000000000,289.07,243.16302
2021-07-31T09:00:00.000000000,279.85,238.63037
2021-07-31T10:00:00.000000000,277.88,241.21069
2021-07-31T11:00:00.000000000,275.6,248.55133
2021-07-31T12:00:00.000000000,270.19,254.86974
2021-07-31T13:00:00.000000000,269.45,252.64835
2021-07-31T14:00:00.000000000,239.04,235.92036
2021-07-31T15:00:00.000000000,192.94,211.08645
2021-07-31T16:00:00.000000000,173.16,192.22813
2021-07-31T17:00:00.000000000,166.56,184.69898
2021-07-31T18:00:00.000000000,163.87,183.52316
2021-07-31T19:00:00.000000000,162.37,184.3476
2021-07-31T20:00:00.000000000,166.54,187.52029
2021-07-31T21:00:00.000000000,171.92,194.62707
2021-07-31T22:00:00.000000000,179.71,207.0745
2021-07-31T23:00:00.000000000,184.83,226.85802
2021-08-01T00:00:00.000000000,186.44,242.42438
2021-08-01T01:00:00.000000000,202.19,257.06647
2021-08-01T02:00:00.000000000,251.04,267.21187
2021-08-01T03:00:00.000000000,265.97,273.03664
2021-08-01T04:00:00.000000000,271.6,270.03524
2021-08-01T05:00:00.000000000,270.33,263.0709
2021-08-01T06:00:00.000000000,253.12,256.89675
2021-08-01T07:00:00.000000000,240.36,248.70301
2021-08-01T08:00:00.000000000,234.51,240.34939
2021-08-01T09:00:00.000000000,235.85,235.69481
2021-08-01T10:00:00.000000000,236.87,237.21112
2021-08-01T11:00:00.000000000,242.13,244.36306
2021-08-01T12:00:00.000000000,252.97,252.06327
2021-08-01T13:00:00.000000000,261.93,250.49727
2021-08-01T14:00:00.000000000,201.08,231.37826
2021-08-01T15:00:00.000000000,155.37,201.86369
2021-08-01T16:00:00.000000000,135.63,178.99838
2021-08-01T17:00:00.000000000,129.31,170.03699
2021-08-01T18:00:00.000000000,137.91,169.19125
2021-08-01T19:00:00.000000000,137.75,170.47356
2021-08-01T20:00:00.000000000,143.04,173.5713
2021-08-01T21:00:00.000000000,148.73,181.05126
2021-08-01T22:00:00.000000000,158.01,194.69158
2021-08-01T23:00:00.000000000,159.97,215.1044
2021-08-02T00:00:00.000000000,171.43,235.86788
2021-08-02T01:00:00.000000000,190.84,251.29411
2021-08-02T02:00:00.000000000,243.35,262.34004
2021-08-02T03:00:00.000000000,267.19,269.10297
2021-08-02T04:00:00.000000000,258.51,266.60353
2021-08-02T05:00:00.000000000,254.89,260.17519
2021-08-02T06:00:00.000000000,252.62,255.04425
2021-08-02T07:00:00.000000000,253.17,248.53337
2021-08-02T08:00:00.000000000,254.22,241.66557
2021-08-02T09:00:00.000000000,256.89,237.74746
2021-08-02T10:00:00.000000000,257.64,238.95435
2021-08-02T11:00:00.000000000,259.05,245.92202
2021-08-02T12:00:00.000000000,258.77,253.54795
2021-08-02T13:00:00.000000000,262.73,251.09235
2021-08-02T14:00:00.000000000,218.66,230.30157
2021-08-02T15:00:00.000000000,169.87,199.21631
2021-08-02T16:00:00.000000000,155.46,175.4687
2021-08-02T17:00:00.000000000,148.86,165.8243
2021-08-02T18:00:00.000000000,160.23,163.97225
2021-08-02T19:00:00.000000000,160.15,163.85962
2021-08-02T20:00:00.000000000,170.68,165.71405
2021-08-02T21:00:00.000000000,184.71,173.0715
2021-08-02T22:00:00.000000000,190.89,187.84165
2021-08-02T23:00:00.000000000,194.8,209.4806
2021-07-31T00:00:00.000000000,239.09,260.73226
2021-07-31T01:00:00.000000000,263.44,273.83681
2021-07-31T02:00:00.000000000,275.51,281.47406
2021-07-31T03:00:00.000000000,285.39,285.01284
2021-07-31T04:00:00.000000000,286.6,280.8918
2021-07-31T05:00:00.000000000,288.41,274.36375
2021-07-31T06:00:00.000000000,279.87,269.96992
2021-07-31T07:00:00.000000000,286.1,263.7377
2021-07-31T08:00:00.000000000,289.07,256.80638
2021-07-31T09:00:00.000000000,279.85,252.25713
2021-07-31T10:00:00.000000000,277.88,252.69795
2021-07-31T11:00:00.000000000,275.6,258.34423
2021-07-31T12:00:00.000000000,270.19,265.98884
2021-07-31T13:00:00.000000000,269.45,265.66009
2021-07-31T14:00:00.000000000,239.04,245.98703
2021-07-31T15:00:00.000000000,192.94,213.18147
2021-07-31T16:00:00.000000000,173.16,188.05499
2021-07-31T17:00:00.000000000,166.56,179.88624
2021-07-31T18:00:00.000000000,163.87,181.1409
2021-07-31T19:00:00.000000000,162.37,184.1721
2021-07-31T20:00:00.000000000,166.54,188.80499
2021-07-31T21:00:00.000000000,171.92,197.43733
2021-07-31T22:00:00.000000000,179.71,210.96202
2021-07-31T23:00:00.000000000,184.83,231.42916
2021-08-01T00:00:00.000000000,186.44,239.43655
2021-08-01T01:00:00.000000000,202.19,252.6051
2021-08-01T02:00:00.000000000,251.04,263.63201
2021-08-01T03:00:00.000000000,265.97,272.25006
2021-08-01T04:00:00.000000000,271.6,271.534
2021-08-01T05:00:00.000000000,270.33,265.45057
2021-08-01T06:00:00.000000000,253.12,259.64682
2021-08-01T07:00:00.000000000,240.36,251.89772
2021-08-01T08:00:00.000000000,234.51,243.19504
2021-08-01T09:00:00.000000000,235.85,237.89437
2021-08-01T10:00:00.000000000,236.87,239.48182
2021-08-01T11:00:00.000000000,242.13,247.88666
2021-08-01T12:00:00.000000000,252.97,257.34878
2021-08-01T13:00:00.000000000,261.93,255.27371
2021-08-01T14:00:00.000000000,201.08,231.6101
2021-08-01T15:00:00.000000000,155.37,196.33241
2021-08-01T16:00:00.000000000,135.63,170.82581
2021-08-01T17:00:00.000000000,129.31,163.3525
2021-08-01T18:00:00.000000000,137.91,165.11252
2021-08-01T19:00:00.000000000,137.75,168.02313
2021-08-01T20:00:00.000000000,143.04,172.05796
2021-08-01T21:00:00.000000000,148.73,180.70878
2021-08-01T22:00:00.000000000,158.01,195.36927
2021-08-01T23:00:00.000000000,159.97,215.383
2021-08-02T00:00:00.000000000,171.43,226.75116
2021-08-02T01:00:00.000000000,190.84,240.91953
2021-08-02T02:00:00.000000000,243.35,255.07338
2021-08-02T03:00:00.000000000,267.19,267.92102
2021-08-02T04:00:00.000000000,258.51,269.91602
2021-08-02T05:00:00.000000000,254.89,263.58494
2021-08-02T06:00:00.000000000,252.62,255.70635
2021-08-02T07:00:00.000000000,253.17,246.14076
2021-08-02T08:00:00.000000000,254.22,235.82935
2021-08-02T09:00:00.000000000,256.89,228.89369
2021-08-02T10:00:00.000000000,257.64,229.22729
2021-08-02T11:00:00.000000000,259.05,236.69062
2021-08-02T12:00:00.000000000,258.77,245.24426
2021-08-02T13:00:00.000000000,262.73,242.72172
2021-08-02T14:00:00.000000000,218.66,219.30869
2021-08-02T15:00:00.000000000,169.87,184.21548
2021-08-02T16:00:00.000000000,155.46,158.35957
2021-08-02T17:00:00.000000000,148.86,150.85818
2021-08-02T18:00:00.000000000,160.23,153.60766
2021-08-02T19:00:00.000000000,160.15,157.63731
2021-08-02T20:00:00.000000000,170.68,161.8012
2021-08-02T21:00:00.000000000,184.71,170.03764
2021-08-02T22:00:00.000000000,190.89,184.09671
2021-08-02T23:00:00.000000000,194.8,202.90326
2021-08-03T00:00:00.000000000,201.53,219.15223
2021-08-03T01:00:00.000000000,222.47,226.98919
2021-08-03T02:00:00.000000000,262.9,239.03426
2021-08-03T03:00:00.000000000,269.02,254.4548
2021-08-03T04:00:00.000000000,262.35,260.59116
2021-08-03T05:00:00.000000000,259.74,257.40656
2021-08-03T06:00:00.000000000,258.59,252.12879
2021-08-03T07:00:00.000000000,250.76,245.56504
2021-08-03T08:00:00.000000000,249.05,238.16878
2021-08-03T09:00:00.000000000,241.29,231.87577
2021-08-03T10:00:00.000000000,249.73,229.8528
2021-08-03T11:00:00.000000000,252.55,234.68802
2021-08-03T12:00:00.000000000,247.44,242.21094
2021-08-03T13:00:00.000000000,251.32,241.74937
2021-08-03T14:00:00.000000000,214.79,223.95528
2021-08-03T15:00:00.000000000,178.71,195.56627
2021-08-03T16:00:00.000000000,165.63,173.57008
2021-08-03T17:00:00.000000000,163.7,165.58566
2021-08-03T18:00:00.000000000,162.99,165.18369
2021-08-03T19:00:00.000000000,168.04,165.62928
2021-08-03T20:00:00.000000000,181.0,167.4812
2021-08-03T21:00:00.000000000,187.93,175.57069
2021-08-03T22:00:00.000000000,198.88,189.04656
2021-08-03T23:00:00.000000000,203.59,204.06908
2021-08-01T00:00:00.000000000,186.44,203.40223
2021-08-01T01:00:00.000000000,202.19,226.12049
2021-08-01T02:00:00.000000000,251.04,247.8938
2021-08-01T03:00:00.000000000,265.97,265.4671
2021-08-01T04:00:00.000000000,271.6,268.29699
2021-08-01T05:00:00.000000000,270.33,260.91378
2021-08-01T06:00:00.000000000,253.12,252.62827
2021-08-01T07:00:00.000000000,240.36,244.30607
2021-08-01T08:00:00.000000000,234.51,234.12284
2021-08-01T09:00:00.000000000,235.85,225.50465
2021-08-01T10:00:00.000000000,236.87,223.40839
2021-08-01T11:00:00.000000000,242.13,227.87178
2021-08-01T12:00:00.000000000,252.97,233.14241
2021-08-01T13:00:00.000000000,261.93,227.87119
2021-08-01T14:00:00.000000000,201.08,201.09331
2021-08-01T15:00:00.000000000,155.37,160.19903
2021-08-01T16:00:00.000000000,135.63,128.735
2021-08-01T17:00:00.000000000,129.31,119.01937
2021-08-01T18:00:00.000000000,137.91,123.13509
2021-08-01T19:00:00.000000000,137.75,128.96789
2021-08-01T20:00:00.000000000,143.04,132.91315
2021-08-01T21:00:00.000000000,148.73,139.43344
2021-08-01T22:00:00.000000000,158.01,151.96885
2021-08-01T23:00:00.000000000,159.97,171.83281
2021-08-02T00:00:00.000000000,171.43,181.5095
2021-08-02T01:00:00.000000000,190.84,202.24109
2021-08-02T02:00:00.000000000,243.35,225.4384
2021-08-02T03:00:00.000000000,267.19,247.45456
2021-08-02T04:00:00.000000000,258.51,255.89842
2021-08-02T05:00:00.000000000,254.89,251.23334
2021-08-02T06:00:00.000000000,252.62,240.16302
2021-08-02T07:00:00.000000000,253.17,225.16857
2021-08-02T08:00:00.000000000,254.22,208.31278
2021-08-02T09:00:00.000000000,256.89,195.62858
2021-08-02T10:00:00.000000000,257.64,192.9436
2021-08-02T11:00:00.000000000,259.05,197.52312
2021-08-02T12:00:00.000000000,258.77,201.5862
2021-08-02T13:00:00.000000000,262.73,196.53671
2021-08-02T14:00:00.000000000,218.66,174.57146
2021-08-02T15:00:00.000000000,169.87,141.07113
2021-08-02T16:00:00.000000000,155.46,113.69911
2021-08-02T17:00:00.000000000,148.86,104.17095
2021-08-02T18:00:00.000000000,160.23,109.11582
2021-08-02T19:00:00.000000000,160.15,117.91153
2021-08-02T20:00:00.000000000,170.68,124.44732
2021-08-02T21:00:00.000000000,184.71,130.74157
2021-08-02T22:00:00.000000000,190.89,140.26766
2021-08-02T23:00:00.000000000,194.8,155.0026
2021-08-03T00:00:00.000000000,201.53,184.40996
2021-08-03T01:00:00.000000000,222.47,197.01182
2021-08-03T02:00:00.000000000,262.9,215.59207
2021-08-03T03:00:00.000000000,269.02,237.85626
2021-08-03T04:00:00.000000000,262.35,248.30621
2021-08-03T05:00:00.000000000,259.74,244.10934
2021-08-03T06:00:00.000000000,258.59,231.77628
2021-08-03T07:00:00.000000000,250.76,215.92179
2021-08-03T08:00:00.000000000,249.05,200.86836
2021-08-03T09:00:00.000000000,241.29,191.5311
2021-08-03T10:00:00.000000000,249.73,190.73506
2021-08-03T11:00:00.000000000,252.55,194.52618
2021-08-03T12:00:00.000000000,247.44,197.28644
2021-08-03T13:00:00.000000000,251.32,193.08188
2021-08-03T14:00:00.000000000,214.79,175.77137
2021-08-03T15:00:00.000000000,178.71,149.60357
2021-08-03T16:00:00.000000000,165.63,127.97593
2021-08-03T17:00:00.000000000,163.7,120.32088
2021-08-03T18:00:00.000000000,162.99,124.31143
2021-08-03T19:00:00.000000000,168.04,131.6241
2021-08-03T20:00:00.000000000,181.0,137.33892
2021-08-03T21:00:00.000000000,187.93,143.76911
2021-08-03T22:00:00.000000000,198.88,153.44781
2021-08-03T23:00:00.000000000,203.59,165.83066
2021-08-04T00:00:00.000000000,210.51,189.06337
2021-08-04T01:00:00.000000000,231.02,195.99981
2021-08-04T02:00:00.000000000,269.42,211.90086
2021-08-04T03:00:00.000000000,278.77,236.25198
2021-08-04T04:00:00.000000000,270.33,250.90918
2021-08-04T05:00:00.000000000,260.54,251.14192
2021-08-04T06:00:00.000000000,255.64,243.76249
2021-08-04T07:00:00.000000000,254.17,233.4242
2021-08-04T08:00:00.000000000,251.33,223.88883
2021-08-04T09:00:00.000000000,244.76,217.89215
2021-08-04T10:00:00.000000000,254.53,216.53352
2021-08-04T11:00:00.000000000,258.33,218.32567
2021-08-04T12:00:00.000000000,258.28,220.92177
2021-08-04T13:00:00.000000000,263.88,218.63541
2021-08-04T14:00:00.000000000,220.18,203.83173
2021-08-04T15:00:00.000000000,170.12,179.33898
2021-08-04T16:00:00.000000000,156.28,158.34253
2021-08-04T17:00:00.000000000,157.26,149.28176
2021-08-04T18:00:00.000000000,160.35,148.65179
2021-08-04T19:00:00.000000000,165.95,149.37546
2021-08-04T20:00:00.000000000,179.49,149.94853
2021-08-04T21:00:00.000000000,184.49,154.7204
2021-08-04T22:00:00.000000000,187.6,164.54176
2021-08-04T23:00:00.000000000,197.2,176.32449
2021-08-02T00:00:00.000000000,171.43,195.36087
2021-08-02T01:00:00.000000000,190.84,219.01021
2021-08-02T02:00:00.000000000,243.35,243.27296
2021-08-02T03:00:00.000000000,267.19,263.70775
2021-08-02T04:00:00.000000000,258.51,267.91503
2021-08-02T05:00:00.000000000,254.89,259.68172
2021-08-02T06:00:00.000000000,252.62,249.07488
2021-08-02T07:00:00.000000000,253.17,236.99083
2021-08-02T08:00:00.000000000,254.22,222.34256
2021-08-02T09:00:00.000000000,256.89,212.08192
2021-08-02T10:00:00.000000000,257.64,214.17379
2021-08-02T11:00:00.000000000,259.05,224.09369
2021-08-02T12:00:00.000000000,258.77,229.88158
2021-08-02T13:00:00.000000000,262.73,217.32563
2021-08-02T14:00:00.000000000,218.66,179.47484
2021-08-02T15:00:00.000000000,169.87,130.90828
2021-08-02T16:00:00.000000000,155.46,98.02941
2021-08-02T17:00:00.000000000,148.86,91.68695
2021-08-02T18:00:00.000000000,160.23,100.59774
2021-08-02T19:00:00.000000000,160.15,110.01331
2021-08-02T20:00:00.000000000,170.68,116.87436
2021-08-02T21:00:00.000000000,184.71,125.8522
2021-08-02T22:00:00.000000000,190.89,141.66296
2021-08-02T23:00:00.000000000,194.8,164.62274
2021-08-03T00:00:00.000000000,201.53,185.89985
2021-08-03T01:00:00.000000000,222.47,206.39591
2021-08-03T02:00:00.000000000,262.9,228.48793
2021-08-03T03:00:00.000000000,269.02,248.7848
2021-08-03T04:00:00.000000000,262.35,256.38567
2021-08-03T05:00:00.000000000,259.74,252.53223
2021-08-03T06:00:00.000000000,258.59,242.54375
2021-08-03T07:00:00.000000000,250.76,227.61696
2021-08-03T08:00:00.000000000,249.05,210.10748
2021-08-03T09:00:00.000000000,241.29,197.10922
2021-08-03T10:00:00.000000000,249.73,194.47063
2021-08-03T11:00:00.000000000,252.55,198.29378
2021-08-03T12:00:00.000000000,247.44,200.60313
2021-08-03T13:00:00.000000000,251.32,194.36772
2021-08-03T14:00:00.000000000,214.79,173.09134
2021-08-03T15:00:00.000000000,178.71,141.30213
2021-08-03T16:00:00.000000000,165.63,114.80123
2021-08-03T17:00:00.000000000,163.7,104.81563
2021-08-03T18:00:00.000000000,162.99,109.15017
2021-08-03T19:00:00.000000000,168.04,118.34152
2021-08-03T20:00:00.000000000,181.0,125.5467
2021-08-03T21:00:00.000000000,187.93,132.18939
2021-08-03T22:00:00.000000000,198.88,141.89161
2021-08-03T23:00:00.000000000,203.59,157.14708
2021-08-04T00:00:00.000000000,210.51,188.54408
2021-08-04T01:00:00.000000000,231.02,200.32892
2021-08-04T02:00:00.000000000,269.42,218.65847
2021-08-04T03:00:00.000000000,278.77,242.1272
2021-08-04T04:00:00.000000000,270.33,254.86832
2021-08-04T05:00:00.000000000,260.54,253.07776
2021-08-04T06:00:00.000000000,255.64,242.23018
2021-08-04T07:00:00.000000000,254.17,226.37982
2021-08-04T08:00:00.000000000,251.33,210.2997
2021-08-04T09:00:00.000000000,244.76,199.60422
2021-08-04T10:00:00.000000000,254.53,197.41195
2021-08-04T11:00:00.000000000,258.33,200.06813
2021-08-04T12:00:00.000000000,258.28,202.45434
2021-08-04T13:00:00.000000000,263.88,199.19957
2021-08-04T14:00:00.000000000,220.18,183.80133
2021-08-04T15:00:00.000000000,170.12,158.70587
2021-08-04T16:00:00.000000000,156.28,136.38646
2021-08-04T17:00:00.000000000,157.26,126.70661
2021-08-04T18:00:00.000000000,160.35,128.48499
2021-08-04T19:00:00.000000000,165.95,134.30172
2021-08-04T20:00:00.000000000,179.49,139.35175
2021-08-04T21:00:00.000000000,184.49,145.89965
2021-08-04T22:00:00.000000000,187.6,156.0217
2021-08-04T23:00:00.000000000,197.2,169.01049
2021-08-05T00:00:00.000000000,211.09,177.2805
2021-08-05T01:00:00.000000000,236.21,188.11366
2021-08-05T02:00:00.000000000,270.5,206.63528
2021-08-05T03:00:00.000000000,277.52,231.61251
2021-08-05T04:00:00.000000000,268.83,246.85383
2021-08-05T05:00:00.000000000,256.05,248.68361
2021-08-05T06:00:00.000000000,252.11,242.22304
2021-08-05T07:00:00.000000000,236.37,231.52883
2021-08-05T08:00:00.000000000,230.88,221.01425
2021-08-05T09:00:00.000000000,230.5,214.26209
2021-08-05T10:00:00.000000000,230.47,212.35385
2021-08-05T11:00:00.000000000,233.58,212.93544
2021-08-05T12:00:00.000000000,226.43,213.60943
2021-08-05T13:00:00.000000000,226.12,211.43413
2021-08-05T14:00:00.000000000,200.17,200.03058
2021-08-05T15:00:00.000000000,153.04,178.86651
2021-08-05T16:00:00.000000000,139.55,157.5558
2021-08-05T17:00:00.000000000,149.96,144.82877
2021-08-05T18:00:00.000000000,159.31,140.93608
2021-08-05T19:00:00.000000000,160.21,140.71528
2021-08-05T20:00:00.000000000,159.57,141.03683
2021-08-05T21:00:00.000000000,157.4,144.38877
2021-08-05T22:00:00.000000000,161.12,151.51311
2021-08-05T23:00:00.000000000,163.18,161.60288
2021-08-03T00:00:00.000000000,201.53,227.67238
2021-08-03T01:00:00.000000000,222.47,247.85745
2021-08-03T02:00:00.000000000,262.9,263.37244
2021-08-03T03:00:00.000000000,269.02,271.03943
2021-08-03T04:00:00.000000000,262.35,266.89201
2021-08-03T05:00:00.000000000,259.74,259.27199
2021-08-03T06:00:00.000000000,258.59,254.13093
2021-08-03T07:00:00.000000000,250.76,247.50239
2021-08-03T08:00:00.000000000,249.05,238.55098
2021-08-03T09:00:00.000000000,241.29,232.55711
2021-08-03T10:00:00.000000000,249.73,234.35001
2021-08-03T11:00:00.000000000,252.55,242.46262
2021-08-03T12:00:00.000000000,247.44,248.22638
2021-08-03T13:00:00.000000000,251.32,240.34624
2021-08-03T14:00:00.000000000,214.79,212.37117
2021-08-03T15:00:00.000000000,178.71,175.61192
2021-08-03T16:00:00.000000000,165.63,150.02953
2021-08-03T17:00:00.000000000,163.7,142.8778
2021-08-03T18:00:00.000000000,162.99,146.08718
2021-08-03T19:00:00.000000000,168.04,151.05085
2021-08-03T20:00:00.000000000,181.0,155.3369
2021-08-03T21:00:00.000000000,187.93,162.47975
2021-08-03T22:00:00.000000000,198.88,175.84926
2021-08-03T23:00:00.000000000,203.59,196.72865
2021-08-04T00:00:00.000000000,210.51,211.60943
2021-08-04T01:00:00.000000000,231.02,224.51734
2021-08-04T02:00:00.000000000,269.42,239.6776
2021-08-04T03:00:00.000000000,278.77,254.23787
2021-08-04T04:00:00.000000000,270.33,258.45958
2021-08-04T05:00:00.000000000,260.54,255.32466
2021-08-04T06:00:00.000000000,255.64,250.54097
2021-08-04T07:00:00.000000000,254.17,242.57776
2021-08-04T08:00:00.000000000,251.33,232.40763
2021-08-04T09:00:00.000000000,244.76,225.04355
2021-08-04T10:00:00.000000000,254.53,225.04465
2021-08-04T11:00:00.000000000,258.33,231.7713
2021-08-04T12:00:00.000000000,258.28,237.78576
2021-08-04T13:00:00.000000000,263.88,233.07048
2021-08-04T14:00:00.000000000,220.18,211.79884
2021-08-04T15:00:00.000000000,170.12,182.68464
2021-08-04T16:00:00.000000000,156.28,161.01525
2021-08-04T17:00:00.000000000,157.26,152.96839
2021-08-04T18:00:00.000000000,160.35,153.16708
2021-08-04T19:00:00.000000000,165.95,155.33862
2021-08-04T20:00:00.000000000,179.49,157.94005
2021-08-04T21:00:00.000000000,184.49,164.41832
2021-08-04T22:00:00.000000000,187.6,176.02873
2021-08-04T23:00:00.000000000,197.2,191.37806
2021-08-05T00:00:00.000000000,211.09,190.36364
2021-08-05T01:00:00.000000000,236.21,202.02854
2021-08-05T02:00:00.000000000,270.5,219.59222
2021-08-05T03:00:00.000000000,277.52,239.97034
2021-08-05T04:00:00.000000000,268.83,250.23248
2021-08-05T05:00:00.000000000,256.05,249.90356
2021-08-05T06:00:00.000000000,252.11,244.27235
2021-08-05T07:00:00.000000000,236.37,234.27271
2021-08-05T08:00:00.000000000,230.88,222.79359
2021-08-05T09:00:00.000000000,230.5,214.36089
2021-08-05T10:00:00.000000000,230.47,212.46884
2021-08-05T11:00:00.000000000,233.58,216.12967
2021-08-05T12:00:00.000000000,226.43,219.47595
2021-08-05T13:00:00.000000000,226.12,216.41312
2021-08-05T14:00:00.000000000,200.17,202.32776
2021-08-05T15:00:00.000000000,153.04,181.06241
2021-08-05T16:00:00.000000000,139.55,162.18888
2021-08-05T17:00:00.000000000,149.96,152.01935
2021-08-05T18:00:00.000000000,159.31,149.45551
2021-08-05T19:00:00.000000000,160.21,150.03833
2021-08-05T20:00:00.000000000,159.57,151.20083
2021-08-05T21:00:00.000000000,157.4,155.42953
2021-08-05T22:00:00.000000000,161.12,163.31232
2021-08-05T23:00:00.000000000,163.18,173.77904
2021-08-06T00:00:00.000000000,169.46,193.94148
2021-08-06T01:00:00.000000000,199.05,206.51398
2021-08-06T02:00:00.000000000,243.63,221.06244
2021-08-06T03:00:00.000000000,259.3,236.83965
2021-08-06T04:00:00.000000000,244.07,244.83138
2021-08-06T05:00:00.000000000,244.11,245.15751
2021-08-06T06:00:00.000000000,230.01,240.72685
2021-08-06T07:00:00.000000000,223.24,232.55968
2021-08-06T08:00:00.000000000,233.51,225.62524
2021-08-06T09:00:00.000000000,214.16,222.27119
2021-08-06T10:00:00.000000000,208.38,221.72125
2021-08-06T11:00:00.000000000,211.28,222.55623
2021-08-06T12:00:00.000000000,233.73,222.1102
2021-08-06T13:00:00.000000000,229.19,219.61549
2021-08-06T14:00:00.000000000,190.97,211.97931
2021-08-06T15:00:00.000000000,144.79,198.02164
2021-08-06T16:00:00.000000000,134.48,181.96821
2021-08-06T17:00:00.000000000,132.36,168.90609
2021-08-06T18:00:00.000000000,137.1,161.30134
2021-08-06T19:00:00.000000000,145.23,157.66851
2021-08-06T20:00:00.000000000,140.53,155.94417
2021-08-06T21:00:00.000000000,143.9,157.86884
2021-08-06T22:00:00.000000000,149.13,164.15757
2021-08-06T23:00:00.000000000,149.36,175.2702
2021-08-04T00:00:00.000000000,210.51,222.64132
2021-08-04T01:00:00.000000000,231.02,242.27735
2021-08-04T02:00:00.000000000,269.42,259.03855
2021-08-04T03:00:00.000000000,278.77,269.53845
2021-08-04T04:00:00.000000000,270.33,267.66804
2021-08-04T05:00:00.000000000,260.54,260.16552
2021-08-04T06:00:00.000000000,255.64,253.8852
2021-08-04T07:00:00.000000000,254.17,246.62911
2021-08-04T08:00:00.000000000,251.33,237.73708
2021-08-04T09:00:00.000000000,244.76,231.22178
2021-08-04T10:00:00.000000000,254.53,231.52258
2021-08-04T11:00:00.000000000,258.33,238.52092
2021-08-04T12:00:00.000000000,258.28,245.62138
2021-08-04T13:00:00.000000000,263.88,241.79184
2021-08-04T14:00:00.000000000,220.18,218.16137
2021-08-04T15:00:00.000000000,170.12,183.33001
2021-08-04T16:00:00.000000000,156.28,157.1925
2021-08-04T17:00:00.000000000,157.26,148.62802
2021-08-04T18:00:00.000000000,160.35,150.76766
2021-08-04T19:00:00.000000000,165.95,154.9648
2021-08-04T20:00:00.000000000,179.49,158.46913
2021-08-04T21:00:00.000000000,184.49,164.45643
2021-08-04T22:00:00.000000000,187.6,175.55014
2021-08-04T23:00:00.000000000,197.2,193.44152
2021-08-05T00:00:00.000000000,211.09,182.69326
2021-08-05T01:00:00.000000000,236.21,196.51868
2021-08-05T02:00:00.000000000,270.5,214.81574
2021-08-05T03:00:00.000000000,277.52,233.94481
2021-08-05T04:00:00.000000000,268.83,242.16356
2021-08-05T05:00:00.000000000,256.05,240.4244
2021-08-05T06:00:00.000000000,252.11,234.24106
2021-08-05T07:00:00.000000000,236.37,224.17988
2021-08-05T08:00:00.000000000,230.88,212.35971
2021-08-05T09:00:00.000000000,230.5,203.63666
2021-08-05T10:00:00.000000000,230.47,202.09468
2021-08-05T11:00:00.000000000,233.58,206.28976
2021-08-05T12:00:00.000000000,226.43,209.77909
2021-08-05T13:00:00.000000000,226.12,206.23451
2021-08-05T14:00:00.000000000,200.17,190.94635
2021-08-05T15:00:00.000000000,153.04,168.25011
2021-08-05T16:00:00.000000000,139.55,148.41715
2021-08-05T17:00:00.000000000,149.96,138.17351
2021-08-05T18:00:00.000000000,159.31,136.51505
2021-08-05T19:00:00.000000000,160.21,138.66229
2021-08-05T20:00:00.000000000,159.57,141.4397
2021-08-05T21:00:00.000000000,157.4,146.46784
2021-08-05T22:00:00.000000000,161.12,154.54331
2021-08-05T23:00:00.000000000,163.18,165.33987
2021-08-06T00:00:00.000000000,169.46,197.68145
2021-08-06T01:00:00.000000000,199.05,210.62569
2021-08-06T02:00:00.000000000,243.63,223.58948
2021-08-06T03:00:00.000000000,259.3,235.2566
2021-08-06T04:00:00.000000000,244.07,238.23263
2021-08-06T05:00:00.000000000,244.11,235.12007
2021-08-06T06:00:00.000000000,230.01,229.1989
2021-08-06T07:00:00.000000000,223.24,219.52027
2021-08-06T08:00:00.000000000,233.51,209.6765
2021-08-06T09:00:00.000000000,214.16,204.61373
2021-08-06T10:00:00.000000000,208.38,206.04794
2021-08-06T11:00:00.000000000,211.28,211.04484
2021-08-06T12:00:00.000000000,233.73,213.53658
2021-08-06T13:00:00.000000000,229.19,209.03951
2021-08-06T14:00:00.000000000,190.97,195.27266
2021-08-06T15:00:00.000000000,144.79,176.63783
2021-08-06T16:00:00.000000000,134.48,160.24021
2021-08-06T17:00:00.000000000,132.36,150.14093
2021-08-06T18:00:00.000000000,137.1,146.04579
2021-08-06T19:00:00.000000000,145.23,145.65239
2021-08-06T20:00:00.000000000,140.53,147.07104
2021-08-06T21:00:00.000000000,143.9,151.95747
2021-08-06T22:00:00.000000000,149.13,162.3226
2021-08-06T23:00:00.000000000,149.36,177.48315
2021-08-07T00:00:00.000000000,153.66,197.63828
2021-08-07T01:00:00.000000000,179.35,212.79045
2021-08-07T02:00:00.000000000,232.78,228.451
2021-08-07T03:00:00.000000000,242.45,242.39741
2021-08-07T04:00:00.000000000,234.89,247.35691
2021-08-07T05:00:00.000000000,236.52,245.74709
2021-08-07T06:00:00.000000000,230.69,241.49067
2021-08-07T07:00:00.000000000,235.65,234.17084
2021-08-07T08:00:00.000000000,241.49,227.81665
2021-08-07T09:00:00.000000000,234.07,224.4475
2021-08-07T10:00:00.000000000,229.82,223.7039
2021-08-07T11:00:00.000000000,230.17,225.59334
2021-08-07T12:00:00.000000000,223.63,227.62385
2021-08-07T13:00:00.000000000,222.05,227.73349
2021-08-07T14:00:00.000000000,184.82,221.33389
2021-08-07T15:00:00.000000000,135.26,207.4555
2021-08-07T16:00:00.000000000,133.14,190.72863
2021-08-07T17:00:00.000000000,122.04,176.44364
2021-08-07T18:00:00.000000000,120.43,167.48602
2021-08-07T19:00:00.000000000,122.57,163.41105
2021-08-07T20:00:00.000000000,125.34,162.5511
2021-08-07T21:00:00.000000000,136.67,164.76601
2021-08-07T22:00:00.000000000,146.0,169.47106
2021-08-07T23:00:00.000000000,154.74,178.85688
2021-08-05T00:00:00.000000000,211.09,208.23367
2021-08-05T01:00:00.000000000,236.21,232.19614
2021-08-05T02:00:00.000000000,270.5,251.50564
2021-08-05T03:00:00.000000000,277.52,261.25044
2021-08-05T04:00:00.000000000,268.83,258.02221
2021-08-05T05:00:00.000000000,256.05,250.70869
2021-08-05T06:00:00.000000000,252.11,244.51064
2021-08-05T07:00:00.000000000,236.37,235.59181
2021-08-05T08:00:00.000000000,230.88,223.38998
2021-08-05T09:00:00.000000000,230.5,214.71283
2021-08-05T10:00:00.000000000,230.47,215.57869
2021-08-05T11:00:00.000000000,233.58,222.60731
2021-08-05T12:00:00.000000000,226.43,225.42386
2021-08-05T13:00:00.000000000,226.12,214.99518
2021-08-05T14:00:00.000000000,200.17,187.66415
2021-08-05T15:00:00.000000000,153.04,153.44812
2021-08-05T16:00:00.000000000,139.55,128.92571
2021-08-05T17:00:00.000000000,149.96,121.2416
2021-08-05T18:00:00.000000000,159.31,125.00793
2021-08-05T19:00:00.000000000,160.21,132.19367
2021-08-05T20:00:00.000000000,159.57,138.07763
2021-08-05T21:00:00.000000000,157.4,144.71946
2021-08-05T22:00:00.000000000,161.12,155.9921
2021-08-05T23:00:00.000000000,163.18,174.76758
2021-08-06T00:00:00.000000000,169.46,202.30705
2021-08-06T01:00:00.000000000,199.05,217.33579
2021-08-06T02:00:00.000000000,243.63,230.69607
2021-08-06T03:00:00.000000000,259.3,241.55233
2021-08-06T04:00:00.000000000,244.07,243.30284
2021-08-06T05:00:00.000000000,244.11,239.2898
2021-08-06T06:00:00.000000000,230.01,232.91607
2021-08-06T07:00:00.000000000,223.24,222.64883
2021-08-06T08:00:00.000000000,233.51,211.22925
2021-08-06T09:00:00.000000000,214.16,204.51882
2021-08-06T10:00:00.000000000,208.38,205.48379
2021-08-06T11:00:00.000000000,211.28,211.05818
2021-08-06T12:00:00.000000000,233.73,214.46616
2021-08-06T13:00:00.000000000,229.19,209.05184
2021-08-06T14:00:00.000000000,190.97,190.32159
2021-08-06T15:00:00.000000000,144.79,164.39253
2021-08-06T16:00:00.000000000,134.48,143.42559
2021-08-06T17:00:00.000000000,132.36,133.95122
2021-08-06T18:00:00.000000000,137.1,133.64908
2021-08-06T19:00:00.000000000,145.23,137.13121
2021-08-06T20:00:00.000000000,140.53,141.04387
2021-08-06T21:00:00.000000000,143.9,147.42765
2021-08-06T22:00:00.000000000,149.13,159.81361
2021-08-06T23:00:00.000000000,149.36,178.21135
2021-08-07T00:00:00.000000000,153.66,199.67098
2021-08-07T01:00:00.000000000,179.35,213.4707
2021-08-07T02:00:00.000000000,232.78,226.9962
2021-08-07T03:00:00.000000000,242.45,238.29603
2021-08-07T04:00:00.000000000,234.89,240.7704
2021-08-07T05:00:00.000000000,236.52,237.58525
2021-08-07T06:00:00.000000000,230.69,231.86612
2021-08-07T07:00:00.000000000,235.65,222.6114
2021-08-07T08:00:00.000000000,241.49,213.25082
2021-08-07T09:00:00.000000000,234.07,208.35274
2021-08-07T10:00:00.000000000,229.82,209.77374
2021-08-07T11:00:00.000000000,230.17,215.40029
2021-08-07T12:00:00.000000000,223.63,219.44648
2021-08-07T13:00:00.000000000,222.05,217.35319
2021-08-07T14:00:00.000000000,184.82,205.58587
2021-08-07T15:00:00.000000000,135.26,187.38982
2021-08-07T16:00:00.000000000,133.14,170.26034
2021-08-07T17:00:00.000000000,122.04,159.17656
2021-08-07T18:00:00.000000000,120.43,154.35495
2021-08-07T19:00:00.000000000,122.57,153.59715
2021-08-07T20:00:00.000000000,125.34,154.70759
2021-08-07T21:00:00.000000000,136.67,158.97024
2021-08-07T22:00:00.000000000,146.0,167.27272
2021-08-07T23:00:00.000000000,154.74,179.88131
2021-08-08T00:00:00.000000000,174.75,185.63397
2021-08-08T01:00:00.000000000,208.22,205.74158
2021-08-08T02:00:00.000000000,253.72,227.16444
2021-08-08T03:00:00.000000000,259.16,246.07237
2021-08-08T04:00:00.000000000,245.41,253.89214
2021-08-08T05:00:00.000000000,244.73,253.46813
2021-08-08T06:00:00.000000000,237.04,248.95839
2021-08-08T07:00:00.000000000,228.08,240.40596
2021-08-08T08:00:00.000000000,235.97,231.84043
2021-08-08T09:00:00.000000000,235.4,226.53526
2021-08-08T10:00:00.000000000,236.88,224.62521
2021-08-08T11:00:00.000000000,233.59,225.81191
2021-08-08T12:00:00.000000000,233.46,227.82647
2021-08-08T13:00:00.000000000,241.79,228.94504
2021-08-08T14:00:00.000000000,186.12,223.162
2021-08-08T15:00:00.000000000,125.76,206.79735
2021-08-08T16:00:00.000000000,113.33,184.79095
2021-08-08T17:00:00.000000000,106.04,165.18737
2021-08-08T18:00:00.000000000,102.09,153.71868
2021-08-08T19:00:00.000000000,107.18,150.38706
2021-08-08T20:00:00.000000000,105.12,151.17045
2021-08-08T21:00:00.000000000,110.69,153.6922
2021-08-08T22:00:00.000000000,118.87,156.68122
2021-08-08T23:00:00.000000000,132.71,164.53898
2021-08-06T00:00:00.000000000,169.46,206.28609
2021-08-06T01:00:00.000000000,199.05,229.51541
2021-08-06T02:00:00.000000000,243.63,246.45291
2021-08-06T03:00:00.000000000,259.3,254.499
2021-08-06T04:00:00.000000000,244.07,251.67288
2021-08-06T05:00:00.000000000,244.11,245.9552
2021-08-06T06:00:00.000000000,230.01,240.92194
2021-08-06T07:00:00.000000000,223.24,232.48923
2021-08-06T08:00:00.000000000,233.51,220.9135
2021-08-06T09:00:00.000000000,214.16,212.13738
2021-08-06T10:00:00.000000000,208.38,210.73159
2021-08-06T11:00:00.000000000,211.28,214.4756
2021-08-06T12:00:00.000000000,233.73,215.54933
2021-08-06T13:00:00.000000000,229.19,207.08803
2021-08-06T14:00:00.000000000,190.97,185.13483
2021-08-06T15:00:00.000000000,144.79,156.06944
2021-08-06T16:00:00.000000000,134.48,133.37083
2021-08-06T17:00:00.000000000,132.36,124.15438
2021-08-06T18:00:00.000000000,137.1,125.64659
2021-08-06T19:00:00.000000000,145.23,131.14088
2021-08-06T20:00:00.000000000,140.53,135.71499
2021-08-06T21:00:00.000000000,143.9,141.37719
2021-08-06T22:00:00.000000000,149.13,152.5357
2021-08-06T23:00:00.000000000,149.36,172.23197
2021-08-07T00:00:00.000000000,153.66,197.3442
2021-08-07T01:00:00.000000000,179.35,213.92844
2021-08-07T02:00:00.000000000,232.78,229.76484
2021-08-07T03:00:00.000000000,242.45,242.14776
2021-08-07T04:00:00.000000000,234.89,244.47059
2021-08-07T05:00:00.000000000,236.52,241.0399
2021-08-07T06:00:00.000000000,230.69,235.62993
2021-08-07T07:00:00.000000000,235.65,226.31571
2021-08-07T08:00:00.000000000,241.49,215.42535
2021-08-07T09:00:00.000000000,234.07,208.55132
2021-08-07T10:00:00.000000000,229.82,209.03755
2021-08-07T11:00:00.000000000,230.17,214.69378
2021-08-07T12:00:00.000000000,223.63,218.81548
2021-08-07T13:00:00.000000000,222.05,215.47608
2021-08-07T14:00:00.000000000,184.82,200.3067
2021-08-07T15:00:00.000000000,135.26,177.55696
2021-08-07T16:00:00.000000000,133.14,157.01034
2021-08-07T17:00:00.000000000,122.04,144.80721
2021-08-07T18:00:00.000000000,120.43,140.79591
2021-08-07T19:00:00.000000000,122.57,141.84638
2021-08-07T20:00:00.000000000,125.34,144.79929
2021-08-07T21:00:00.000000000,136.67,150.21809
2021-08-07T22:00:00.000000000,146.0,159.73198
2021-08-07T23:00:00.000000000,154.74,174.43089
2021-08-08T00:00:00.000000000,174.75,180.3447
2021-08-08T01:00:00.000000000,208.22,201.31808
2021-08-08T02:00:00.000000000,253.72,223.28512
2021-08-08T03:00:00.000000000,259.16,242.40839
2021-08-08T04:00:00.000000000,245.41,249.69805
2021-08-08T05:00:00.000000000,244.73,247.86245
2021-08-08T06:00:00.000000000,237.04,241.01851
2021-08-08T07:00:00.000000000,228.08,230.07921
2021-08-08T08:00:00.000000000,235.97,218.52648
2021-08-08T09:00:00.000000000,235.4,210.97073
2021-08-08T10:00:00.000000000,236.88,209.53118
2021-08-08T11:00:00.000000000,233.59,212.12787
2021-08-08T12:00:00.000000000,233.46,214.04435
2021-08-08T13:00:00.000000000,241.79,212.62407
2021-08-08T14:00:00.000000000,186.12,202.62305
2021-08-08T15:00:00.000000000,125.76,182.42146
2021-08-08T16:00:00.000000000,113.33,159.32805
2021-08-08T17:00:00.000000000,106.04,141.77839
2021-08-08T18:00:00.000000000,102.09,133.69879
2021-08-08T19:00:00.000000000,107.18,133.05409
2021-08-08T20:00:00.000000000,105.12,135.2151
2021-08-08T21:00:00.000000000,110.69,139.04328
2021-08-08T22:00:00.000000000,118.87,144.91519
2021-08-08T23:00:00.000000000,132.71,156.05362
2021-08-09T00:00:00.000000000,150.22,178.58295
2021-08-09T01:00:00.000000000,194.67,207.59855
2021-08-09T02:00:00.000000000,243.25,231.13843
2021-08-09T03:00:00.000000000,256.09,245.69833
2021-08-09T04:00:00.000000000,261.34,248.57291
2021-08-09T05:00:00.000000000,259.54,246.15452
2021-08-09T06:00:00.000000000,241.39,240.5824
2021-08-09T07:00:00.000000000,245.32,230.94056
2021-08-09T08:00:00.000000000,245.39,221.2096
2021-08-09T09:00:00.000000000,247.68,215.17562
2021-08-09T10:00:00.000000000,250.68,213.12679
2021-08-09T11:00:00.000000000,249.66,214.35372
2021-08-09T12:00:00.000000000,245.85,216.12683
2021-08-09T13:00:00.000000000,253.56,217.79555
2021-08-09T14:00:00.000000000,232.55,212.91006
2021-08-09T15:00:00.000000000,182.01,195.38741
2021-08-09T16:00:00.000000000,163.47,170.43346
2021-08-09T17:00:00.000000000,155.3,147.70712
2021-08-09T18:00:00.000000000,158.22,135.39638
2021-08-09T19:00:00.000000000,162.7,133.09499
2021-08-09T20:00:00.000000000,168.47,134.35937
2021-08-09T21:00:00.000000000,168.73,135.77213
2021-08-09T22:00:00.000000000,178.79,138.01113
2021-08-09T23:00:00.000000000,180.94,148.7885
2021-08-07T00:00:00.000000000,153.66,195.70321
2021-08-07T01:00:00.000000000,179.35,221.61731
2021-08-07T02:00:00.000000000,232.78,243.04658
2021-08-07T03:00:00.000000000,242.45,255.24297
2021-08-07T04:00:00.000000000,234.89,254.53637
2021-08-07T05:00:00.000000000,236.52,249.12131
2021-08-07T06:00:00.000000000,230.69,243.82542
2021-08-07T07:00:00.000000000,235.65,235.14327
2021-08-07T08:00:00.000000000,241.49,222.87034
2021-08-07T09:00:00.000000000,234.07,213.32046
2021-08-07T10:00:00.000000000,229.82,212.31897
2021-08-07T11:00:00.000000000,230.17,217.84449
2021-08-07T12:00:00.000000000,223.63,220.6784
2021-08-07T13:00:00.000000000,222.05,212.76574
2021-08-07T14:00:00.000000000,184.82,189.60308
2021-08-07T15:00:00.000000000,135.26,158.02239
2021-08-07T16:00:00.000000000,133.14,132.68142
2021-08-07T17:00:00.000000000,122.04,121.4355
2021-08-07T18:00:00.000000000,120.43,121.69413
2021-08-07T19:00:00.000000000,122.57,126.56337
2021-08-07T20:00:00.000000000,125.34,131.03555
2021-08-07T21:00:00.000000000,136.67,136.23802
2021-08-07T22:00:00.000000000,146.0,145.59811
2021-08-07T23:00:00.000000000,154.74,162.98834
2021-08-08T00:00:00.000000000,174.75,169.50004
2021-08-08T01:00:00.000000000,208.22,191.85572
2021-08-08T02:00:00.000000000,253.72,216.25245
2021-08-08T03:00:00.000000000,259.16,238.60293
2021-08-08T04:00:00.000000000,245.41,247.43446
2021-08-08T05:00:00.000000000,244.73,245.13072
2021-08-08T06:00:00.000000000,237.04,238.20348
2021-08-08T07:00:00.000000000,228.08,227.75257
2021-08-08T08:00:00.000000000,235.97,214.80658
2021-08-08T09:00:00.000000000,235.4,204.74335
2021-08-08T10:00:00.000000000,236.88,202.5299
2021-08-08T11:00:00.000000000,233.59,206.09763
2021-08-08T12:00:00.000000000,233.46,209.42261
2021-08-08T13:00:00.000000000,241.79,205.97461
2021-08-08T14:00:00.000000000,186.12,187.94719
2021-08-08T15:00:00.000000000,125.76,157.53451
2021-08-08T16:00:00.000000000,113.33,129.26732
2021-08-08T17:00:00.000000000,106.04,114.10104
2021-08-08T18:00:00.000000000,102.09,111.41297
2021-08-08T19:00:00.000000000,107.18,114.26197
2021-08-08T20:00:00.000000000,105.12,117.98958
2021-08-08T21:00:00.000000000,110.69,122.81914
2021-08-08T22:00:00.000000000,118.87,130.61276
2021-08-08T23:00:00.000000000,132.71,144.26346
2021-08-09T00:00:00.000000000,150.22,173.32419
2021-08-09T01:00:00.000000000,194.67,201.47985
2021-08-09T02:00:00.000000000,243.25,224.41503
2021-08-09T03:00:00.000000000,256.09,237.95339
2021-08-09T04:00:00.000000000,261.34,238.74894
2021-08-09T05:00:00.000000000,259.54,234.29426
2021-08-09T06:00:00.000000000,241.39,228.77969
2021-08-09T07:00:00.000000000,245.32,220.65459
2021-08-09T08:00:00.000000000,245.39,210.62946
2021-08-09T09:00:00.000000000,247.68,202.79833
2021-08-09T10:00:00.000000000,250.68,200.66413
2021-08-09T11:00:00.000000000,249.66,203.83405
2021-08-09T12:00:00.000000000,245.85,207.35884
2021-08-09T13:00:00.000000000,253.56,206.77677
2021-08-09T14:00:00.000000000,232.55,194.89818
2021-08-09T15:00:00.000000000,182.01,171.02755
2021-08-09T16:00:00.000000000,163.47,145.50704
2021-08-09T17:00:00.000000000,155.3,127.73485
2021-08-09T18:00:00.000000000,158.22,120.54277
2021-08-09T19:00:00.000000000,162.7,120.3351
2021-08-09T20:00:00.000000000,168.47,122.08188
2021-08-09T21:00:00.000000000,168.73,124.45986
2021-08-09T22:00:00.000000000,178.79,129.60214
2021-08-09T23:00:00.000000000,180.94,143.18889
2021-08-10T00:00:00.000000000,191.58,180.2593
2021-08-10T01:00:00.000000000,215.95,208.64302
2021-08-10T02:00:00.000000000,257.37,230.35092
2021-08-10T03:00:00.000000000,268.0,241.66148
2021-08-10T04:00:00.000000000,266.04,241.61039
2021-08-10T05:00:00.000000000,263.73,237.94337
2021-08-10T06:00:00.000000000,255.4,232.75916
2021-08-10T07:00:00.000000000,257.52,224.35302
2021-08-10T08:00:00.000000000,253.92,215.56056
2021-08-10T09:00:00.000000000,251.15,209.73699
2021-08-10T10:00:00.000000000,253.94,208.01087
2021-08-10T11:00:00.000000000,261.14,210.15196
2021-08-10T12:00:00.000000000,264.7,212.59515
2021-08-10T13:00:00.000000000,275.93,213.57041
2021-08-10T14:00:00.000000000,236.32,206.69517
2021-08-10T15:00:00.000000000,189.56,188.20233
2021-08-10T16:00:00.000000000,179.28,165.02993
2021-08-10T17:00:00.000000000,164.58,146.01169
2021-08-10T18:00:00.000000000,177.06,137.04441
2021-08-10T19:00:00.000000000,186.31,136.20327
2021-08-10T20:00:00.000000000,191.34,137.12553
2021-08-10T21:00:00.000000000,197.65,137.77336
2021-08-10T22:00:00.000000000,201.36,139.73775
2021-08-10T23:00:00.000000000,212.64,150.40567
2021-08-08T00:00:00.000000000,174.75,184.37535
2021-08-08T01:00:00.000000000,208.22,214.48341
2021-08-08T02:00:00.000000000,253.72,238.53802
2021-08-08T03:00:00.000000000,259.16,252.2981
2021-08-08T04:00:00.000000000,245.41,251.26862
2021-08-08T05:00:00.000000000,244.73,244.02701
2021-08-08T06:00:00.000000000,237.04,238.49524
2021-08-08T07:00:00.000000000,228.08,232.74295
2021-08-08T08:00:00.000000000,235.97,223.69889
2021-08-08T09:00:00.000000000,235.4,214.67051
2021-08-08T10:00:00.000000000,236.88,211.40909
2021-08-08T11:00:00.000000000,233.59,214.16297
2021-08-08T12:00:00.000000000,233.46,215.13763
2021-08-08T13:00:00.000000000,241.79,205.44516
2021-08-08T14:00:00.000000000,186.12,178.91748
2021-08-08T15:00:00.000000000,125.76,142.51354
2021-08-08T16:00:00.000000000,113.33,114.53431
2021-08-08T17:00:00.000000000,106.04,104.15521
2021-08-08T18:00:00.000000000,102.09,105.76033
2021-08-08T19:00:00.000000000,107.18,109.2787
2021-08-08T20:00:00.000000000,105.12,111.50409
2021-08-08T21:00:00.000000000,110.69,116.03748
2021-08-08T22:00:00.000000000,118.87,127.09038
2021-08-08T23:00:00.000000000,132.71,147.99645
2021-08-09T00:00:00.000000000,150.22,172.99175
2021-08-09T01:00:00.000000000,194.67,200.41845
2021-08-09T02:00:00.000000000,243.25,225.54783
2021-08-09T03:00:00.000000000,256.09,244.00836
2021-08-09T04:00:00.000000000,261.34,248.38838
2021-08-09T05:00:00.000000000,259.54,244.30701
2021-08-09T06:00:00.000000000,241.39,238.16162
2021-08-09T07:00:00.000000000,245.32,229.10784
2021-08-09T08:00:00.000000000,245.39,216.78199
2021-08-09T09:00:00.000000000,247.68,206.54553
2021-08-09T10:00:00.000000000,250.68,204.16485
2021-08-09T11:00:00.000000000,249.66,208.39289
2021-08-09T12:00:00.000000000,245.85,212.04109
2021-08-09T13:00:00.000000000,253.56,207.2864
2021-08-09T14:00:00.000000000,232.55,186.33207
2021-08-09T15:00:00.000000000,182.01,152.94808
2021-08-09T16:00:00.000000000,163.47,123.36151
2021-08-09T17:00:00.000000000,155.3,108.4359
2021-08-09T18:00:00.000000000,158.22,106.4634
2021-08-09T19:00:00.000000000,162.7,109.58368
2021-08-09T20:00:00.000000000,168.47,113.07074
2021-08-09T21:00:00.000000000,168.73,117.42896
2021-08-09T22:00:00.000000000,178.79,125.79398
2021-08-09T23:00:00.000000000,180.94,142.39414
2021-08-10T00:00:00.000000000,191.58,178.14046
2021-08-10T01:00:00.000000000,215.95,199.78581
2021-08-10T02:00:00.000000000,257.37,219.04226
2021-08-10T03:00:00.000000000,268.0,233.21397
2021-08-10T04:00:00.000000000,266.04,236.49936
2021-08-10T05:00:00.000000000,263.73,233.73389
2021-08-10T06:00:00.000000000,255.4,228.10227
2021-08-10T07:00:00.000000000,257.52,219.1553
2021-08-10T08:00:00.000000000,253.92,208.92821
2021-08-10T09:00:00.000000000,251.15,202.06795
2021-08-10T10:00:00.000000000,253.94,201.06042
2021-08-10T11:00:00.000000000,261.14,203.68092
2021-08-10T12:00:00.000000000,264.7,205.39902
2021-08-10T13:00:00.000000000,275.93,202.87216
2021-08-10T14:00:00.000000000,236.32,189.96328
2021-08-10T15:00:00.000000000,189.56,166.69087
2021-08-10T16:00:00.000000000,179.28,143.33106
2021-08-10T17:00:00.000000000,164.58,128.71233
2021-08-10T18:00:00.000000000,177.06,124.3456
2021-08-10T19:00:00.000000000,186.31,125.95558
2021-08-10T20:00:00.000000000,191.34,128.38877
2021-08-10T21:00:00.000000000,197.65,131.76152
2021-08-10T22:00:00.000000000,201.36,138.3176
2021-08-10T23:00:00.000000000,212.64,151.55054
2021-08-11T00:00:00.000000000,207.01,185.70962
2021-08-11T01:00:00.000000000,232.14,208.28793
2021-08-11T02:00:00.000000000,272.46,227.81566
2021-08-11T03:00:00.000000000,280.83,242.20391
2021-08-11T04:00:00.000000000,278.44,246.32899
2021-08-11T05:00:00.000000000,261.46,244.5777
2021-08-11T06:00:00.000000000,254.14,239.28227
2021-08-11T07:00:00.000000000,243.28,229.8511
2021-08-11T08:00:00.000000000,245.28,219.79866
2021-08-11T09:00:00.000000000,237.65,213.57764
2021-08-11T10:00:00.000000000,236.72,212.40422
2021-08-11T11:00:00.000000000,241.57,214.24069
2021-08-11T12:00:00.000000000,238.75,215.3603
2021-08-11T13:00:00.000000000,255.89,213.84841
2021-08-11T14:00:00.000000000,246.37,203.62956
2021-08-11T15:00:00.000000000,217.81,182.26931
2021-08-11T16:00:00.000000000,204.04,158.28299
2021-08-11T17:00:00.000000000,179.28,140.84927
2021-08-11T18:00:00.000000000,185.46,133.90913
2021-08-11T19:00:00.000000000,188.38,134.29933
2021-08-11T20:00:00.000000000,202.29,136.20142
2021-08-11T21:00:00.000000000,199.6,139.03388
2021-08-11T22:00:00.000000000,207.19,144.7412
2021-08-11T23:00:00.000000000,218.79,158.01477
2021-08-09T00:00:00.000000000,150.22,183.04536
2021-08-09T01:00:00.000000000,194.67,214.9357
2021-08-09T02:00:00.000000000,243.25,239.68639
2021-08-09T03:00:00.000000000,256.09,251.98654
2021-08-09T04:00:00.000000000,261.34,249.32086
2021-08-09T05:00:00.000000000,259.54,242.39882
2021-08-09T06:00:00.000000000,241.39,238.34417
2021-08-09T07:00:00.000000000,245.32,233.03677
2021-08-09T08:00:00.000000000,245.39,222.97474
2021-08-09T09:00:00.000000000,247.68,213.42506
2021-08-09T10:00:00.000000000,250.68,211.66964
2021-08-09T11:00:00.000000000,249.66,216.467
2021-08-09T12:00:00.000000000,245.85,217.22803
2021-08-09T13:00:00.000000000,253.56,204.46129
2021-08-09T14:00:00.000000000,232.55,174.46233
2021-08-09T15:00:00.000000000,182.01,136.60729
2021-08-09T16:00:00.000000000,163.47,108.83281
2021-08-09T17:00:00.000000000,155.3,98.86099
2021-08-09T18:00:00.000000000,158.22,100.74869
2021-08-09T19:00:00.000000000,162.7,104.87938
2021-08-09T20:00:00.000000000,168.47,108.00871
2021-08-09T21:00:00.000000000,168.73,113.14928
2021-08-09T22:00:00.000000000,178.79,124.39426
2021-08-09T23:00:00.000000000,180.94,145.64485
2021-08-10T00:00:00.000000000,191.58,181.80319
2021-08-10T01:00:00.000000000,215.95,206.09922
2021-08-10T02:00:00.000000000,257.37,228.17831
2021-08-10T03:00:00.000000000,268.0,244.08121
2021-08-10T04:00:00.000000000,266.04,247.11696
2021-08-10T05:00:00.000000000,263.73,242.85099
2021-08-10T06:00:00.000000000,255.4,236.2038
2021-08-10T07:00:00.000000000,257.52,226.11776
2021-08-10T08:00:00.000000000,253.92,213.39571
2021-08-10T09:00:00.000000000,251.15,203.93655
2021-08-10T10:00:00.000000000,253.94,202.35266
2021-08-10T11:00:00.000000000,261.14,205.67624
2021-08-10T12:00:00.000000000,264.7,206.86918
2021-08-10T13:00:00.000000000,275.93,200.50595
2021-08-10T14:00:00.000000000,236.32,181.037
2021-08-10T15:00:00.000000000,189.56,151.66396
2021-08-10T16:00:00.000000000,179.28,125.67757
2021-08-10T17:00:00.000000000,164.58,112.52187
2021-08-10T18:00:00.000000000,177.06,111.48336
2021-08-10T19:00:00.000000000,186.31,116.12576
2021-08-10T20:00:00.000000000,191.34,120.88685
2021-08-10T21:00:00.000000000,197.65,126.10518
2021-08-10T22:00:00.000000000,201.36,134.86225
2021-08-10T23:00:00.000000000,212.64,150.90825
2021-08-11T00:00:00.000000000,207.01,183.42287
2021-08-11T01:00:00.000000000,232.14,203.39982
2021-08-11T02:00:00.000000000,272.46,222.98186
2021-08-11T03:00:00.000000000,280.83,239.34533
2021-08-11T04:00:00.000000000,278.44,244.60506
2021-08-11T05:00:00.000000000,261.46,242.25951
2021-08-11T06:00:00.000000000,254.14,235.82671
2021-08-11T07:00:00.000000000,243.28,225.33675
2021-08-11T08:00:00.000000000,245.28,213.47593
2021-08-11T09:00:00.000000000,237.65,205.74458
2021-08-11T10:00:00.000000000,236.72,204.78581
2021-08-11T11:00:00.000000000,241.57,207.00099
2021-08-11T12:00:00.000000000,238.75,207.23321
2021-08-11T13:00:00.000000000,255.89,202.79988
2021-08-11T14:00:00.000000000,246.37,188.5671
2021-08-11T15:00:00.000000000,217.81,164.68708
2021-08-11T16:00:00.000000000,204.04,141.02225
2021-08-11T17:00:00.000000000,179.28,126.51556
2021-08-11T18:00:00.000000000,185.46,122.82239
2021-08-11T19:00:00.000000000,188.38,125.71562
2021-08-11T20:00:00.000000000,202.29,129.61988
2021-08-11T21:00:00.000000000,199.6,134.45361
2021-08-11T22:00:00.000000000,207.19,142.31571
2021-08-11T23:00:00.000000000,218.79,156.22559
2021-08-12T00:00:00.000000000,226.63,189.57911
2021-08-12T01:00:00.000000000,241.47,206.63301
2021-08-12T02:00:00.000000000,260.1,224.76419
2021-08-12T03:00:00.000000000,264.31,242.87604
2021-08-12T04:00:00.000000000,265.42,251.22151
2021-08-12T05:00:00.000000000,253.99,250.86924
2021-08-12T06:00:00.000000000,247.0,244.67928
2021-08-12T07:00:00.000000000,238.1,233.75778
2021-08-12T08:00:00.000000000,234.58,222.37676
2021-08-12T09:00:00.000000000,225.27,215.79011
2021-08-12T10:00:00.000000000,218.62,215.09482
2021-08-12T11:00:00.000000000,221.23,216.49393
2021-08-12T12:00:00.000000000,226.04,216.51019
2021-08-12T13:00:00.000000000,230.07,213.37265
2021-08-12T14:00:00.000000000,218.07,200.75494
2021-08-12T15:00:00.000000000,187.45,176.90502
2021-08-12T16:00:00.000000000,161.07,152.04418
2021-08-12T17:00:00.000000000,164.36,136.20675
2021-08-12T18:00:00.000000000,166.28,131.71627
2021-08-12T19:00:00.000000000,174.66,134.05716
2021-08-12T20:00:00.000000000,185.0,137.35315
2021-08-12T21:00:00.000000000,182.35,142.095
2021-08-12T22:00:00.000000000,185.38,150.22709
2021-08-12T23:00:00.000000000,190.93,164.31992
2021-08-10T00:00:00.000000000,191.58,235.69995
2021-08-10T01:00:00.000000000,215.95,255.05877
2021-08-10T02:00:00.000000000,257.37,267.63047
2021-08-10T03:00:00.000000000,268.0,273.53423
2021-08-10T04:00:00.000000000,266.04,269.83259
2021-08-10T05:00:00.000000000,263.73,263.34851
2021-08-10T06:00:00.000000000,255.4,258.62422
2021-08-10T07:00:00.000000000,257.52,252.35395
2021-08-10T08:00:00.000000000,253.92,245.29373
2021-08-10T09:00:00.000000000,251.15,240.83072
2021-08-10T10:00:00.000000000,253.94,240.94319
2021-08-10T11:00:00.000000000,261.14,245.31196
2021-08-10T12:00:00.000000000,264.7,249.65026
2021-08-10T13:00:00.000000000,275.93,245.66756
2021-08-10T14:00:00.000000000,236.32,225.18589
2021-08-10T15:00:00.000000000,189.56,193.71317
2021-08-10T16:00:00.000000000,179.28,168.67275
2021-08-10T17:00:00.000000000,164.58,158.33363
2021-08-10T18:00:00.000000000,177.06,157.79652
2021-08-10T19:00:00.000000000,186.31,159.65375
2021-08-10T20:00:00.000000000,191.34,161.4813
2021-08-10T21:00:00.000000000,197.65,167.09369
2021-08-10T22:00:00.000000000,201.36,180.10138
2021-08-10T23:00:00.000000000,212.64,202.46796
2021-08-11T00:00:00.000000000,207.01,219.20495
2021-08-11T01:00:00.000000000,232.14,237.56318
2021-08-11T02:00:00.000000000,272.46,253.47954
2021-08-11T03:00:00.000000000,280.83,264.70173
2021-08-11T04:00:00.000000000,278.44,265.51855
2021-08-11T05:00:00.000000000,261.46,260.90039
2021-08-11T06:00:00.000000000,254.14,255.30317
2021-08-11T07:00:00.000000000,243.28,246.22016
2021-08-11T08:00:00.000000000,245.28,235.52958
2021-08-11T09:00:00.000000000,237.65,228.36584
2021-08-11T10:00:00.000000000,236.72,228.70158
2021-08-11T11:00:00.000000000,241.57,236.00772
2021-08-11T12:00:00.000000000,238.75,243.81348
2021-08-11T13:00:00.000000000,255.89,242.89327
2021-08-11T14:00:00.000000000,246.37,225.16531
2021-08-11T15:00:00.000000000,217.81,196.19711
2021-08-11T16:00:00.000000000,204.04,171.58992
2021-08-11T17:00:00.000000000,179.28,159.5214
2021-08-11T18:00:00.000000000,185.46,157.0895
2021-08-11T19:00:00.000000000,188.38,158.47463
2021-08-11T20:00:00.000000000,202.29,160.76993
2021-08-11T21:00:00.000000000,199.6,165.80492
2021-08-11T22:00:00.000000000,207.19,175.71047
2021-08-11T23:00:00.000000000,218.79,192.50532
2021-08-12T00:00:00.000000000,226.63,214.61114
2021-08-12T01:00:00.000000000,241.47,231.49342
2021-08-12T02:00:00.000000000,260.1,247.78373
2021-08-12T03:00:00.000000000,264.31,260.87307
2021-08-12T04:00:00.000000000,265.42,263.70279
2021-08-12T05:00:00.000000000,253.99,259.94596
2021-08-12T06:00:00.000000000,247.0,253.61044
2021-08-12T07:00:00.000000000,238.1,243.1246
2021-08-12T08:00:00.000000000,234.58,231.51663
2021-08-12T09:00:00.000000000,225.27,224.35952
2021-08-12T10:00:00.000000000,218.62,225.07253
2021-08-12T11:00:00.000000000,221.23,231.9141
2021-08-12T12:00:00.000000000,226.04,238.2914
2021-08-12T13:00:00.000000000,230.07,236.79154
2021-08-12T14:00:00.000000000,218.07,220.71132
2021-08-12T15:00:00.000000000,187.45,194.5469
2021-08-12T16:00:00.000000000,161.07,171.46896
2021-08-12T17:00:00.000000000,164.36,159.21171
2021-08-12T18:00:00.000000000,166.28,156.19629
2021-08-12T19:00:00.000000000,174.66,157.73978
2021-08-12T20:00:00.000000000,185.0,160.53177
2021-08-12T21:00:00.000000000,182.35,165.71076
2021-08-12T22:00:00.000000000,185.38,174.85553
2021-08-12T23:00:00.000000000,190.93,189.7828
2021-08-13T00:00:00.000000000,199.73,215.17594
2021-08-13T01:00:00.000000000,222.76,231.43805
2021-08-13T02:00:00.000000000,249.92,246.95104
2021-08-13T03:00:00.000000000,256.07,259.9445
2021-08-13T04:00:00.000000000,250.72,263.27984
2021-08-13T05:00:00.000000000,243.37,260.17358
2021-08-13T06:00:00.000000000,229.98,254.66631
2021-08-13T07:00:00.000000000,221.24,245.19369
2021-08-13T08:00:00.000000000,220.17,234.79715
2021-08-13T09:00:00.000000000,214.71,228.35448
2021-08-13T10:00:00.000000000,212.08,228.78152
2021-08-13T11:00:00.000000000,208.09,235.20642
2021-08-13T12:00:00.000000000,209.94,241.86252
2021-08-13T13:00:00.000000000,217.55,241.20977
2021-08-13T14:00:00.000000000,198.58,225.83788
2021-08-13T15:00:00.000000000,178.1,199.68635
2021-08-13T16:00:00.000000000,152.01,176.12466
2021-08-13T17:00:00.000000000,143.08,163.11744
2021-08-13T18:00:00.000000000,153.49,159.19031
2021-08-13T19:00:00.000000000,153.86,159.56058
2021-08-13T20:00:00.000000000,160.79,161.38712
2021-08-13T21:00:00.000000000,168.02,166.18334
2021-08-13T22:00:00.000000000,176.14,175.55733
2021-08-13T23:00:00.000000000,178.97,191.08818
2021-08-11T00:00:00.000000000,207.01,248.64259
2021-08-11T01:00:00.000000000,232.14,263.68472
2021-08-11T02:00:00.000000000,272.46,274.63481
2021-08-11T03:00:00.000000000,280.83,279.30099
2021-08-11T04:00:00.000000000,278.44,274.49582
2021-08-11T05:00:00.000000000,261.46,267.73222
2021-08-11T06:00:00.000000000,254.14,263.9059
2021-08-11T07:00:00.000000000,243.28,257.76885
2021-08-11T08:00:00.000000000,245.28,249.54053
2021-08-11T09:00:00.000000000,237.65,243.84016
2021-08-11T10:00:00.000000000,236.72,244.92256
2021-08-11T11:00:00.000000000,241.57,252.13683
2021-08-11T12:00:00.000000000,238.75,257.99005
2021-08-11T13:00:00.000000000,255.89,252.29212
2021-08-11T14:00:00.000000000,246.37,229.23822
2021-08-11T15:00:00.000000000,217.81,199.05723
2021-08-11T16:00:00.000000000,204.04,178.73204
2021-08-11T17:00:00.000000000,179.28,173.23191
2021-08-11T18:00:00.000000000,185.46,174.76141
2021-08-11T19:00:00.000000000,188.38,177.33844
2021-08-11T20:00:00.000000000,202.29,180.80048
2021-08-11T21:00:00.000000000,199.6,188.17303
2021-08-11T22:00:00.000000000,207.19,200.86019
2021-08-11T23:00:00.000000000,218.79,219.79056
2021-08-12T00:00:00.000000000,226.63,235.79613
2021-08-12T01:00:00.000000000,241.47,252.46749
2021-08-12T02:00:00.000000000,260.1,264.59285
2021-08-12T03:00:00.000000000,264.31,270.74949
2021-08-12T04:00:00.000000000,265.42,268.20097
2021-08-12T05:00:00.000000000,253.99,263.03034
2021-08-12T06:00:00.000000000,247.0,258.35656
2021-08-12T07:00:00.000000000,238.1,249.3994
2021-08-12T08:00:00.000000000,234.58,238.83759
2021-08-12T09:00:00.000000000,225.27,232.62218
2021-08-12T10:00:00.000000000,218.62,234.58814
2021-08-12T11:00:00.000000000,221.23,242.96765
2021-08-12T12:00:00.000000000,226.04,250.41988
2021-08-12T13:00:00.000000000,230.07,248.38581
2021-08-12T14:00:00.000000000,218.07,230.74492
2021-08-12T15:00:00.000000000,187.45,204.29819
2021-08-12T16:00:00.000000000,161.07,183.04418
2021-08-12T17:00:00.000000000,164.36,173.03226
2021-08-12T18:00:00.000000000,166.28,170.79243
2021-08-12T19:00:00.000000000,174.66,171.74986
2021-08-12T20:00:00.000000000,185.0,174.17118
2021-08-12T21:00:00.000000000,182.35,179.47531
2021-08-12T22:00:00.000000000,185.38,189.86623
2021-08-12T23:00:00.000000000,190.93,207.82295
2021-08-13T00:00:00.000000000,199.73,231.12728
2021-08-13T01:00:00.000000000,222.76,249.41864
2021-08-13T02:00:00.000000000,249.92,262.86823
2021-08-13T03:00:00.000000000,256.07,269.88697
2021-08-13T04:00:00.000000000,250.72,267.65965
2021-08-13T05:00:00.000000000,243.37,262.44324
2021-08-13T06:00:00.000000000,229.98,257.71805
2021-08-13T07:00:00.000000000,221.24,249.17783
2021-08-13T08:00:00.000000000,220.17,239.42006
2021-08-13T09:00:00.000000000,214.71,233.75512
2021-08-13T10:00:00.000000000,212.08,235.44623
2021-08-13T11:00:00.000000000,208.09,243.72667
2021-08-13T12:00:00.000000000,209.94,252.21205
2021-08-13T13:00:00.000000000,217.55,252.11212
2021-08-13T14:00:00.000000000,198.58,235.67088
2021-08-13T15:00:00.000000000,178.1,208.58894
2021-08-13T16:00:00.000000000,152.01,185.41604
2021-08-13T17:00:00.000000000,143.08,173.30722
2021-08-13T18:00:00.000000000,153.49,169.43616
2021-08-13T19:00:00.000000000,153.86,169.41657
2021-08-13T20:00:00.000000000,160.79,171.45819
2021-08-13T21:00:00.000000000,168.02,176.30813
2021-08-13T22:00:00.000000000,176.14,185.90102
2021-08-13T23:00:00.000000000,178.97,203.35092
2021-08-14T00:00:00.000000000,185.49,224.67222
2021-08-14T01:00:00.000000000,207.94,246.31578
2021-08-14T02:00:00.000000000,242.08,261.05431
2021-08-14T03:00:00.000000000,246.48,267.9808
2021-08-14T04:00:00.000000000,245.27,265.7714
2021-08-14T05:00:00.000000000,244.1,261.33194
2021-08-14T06:00:00.000000000,229.33,257.37873
2021-08-14T07:00:00.000000000,220.82,249.46095
2021-08-14T08:00:00.000000000,223.08,240.15556
2021-08-14T09:00:00.000000000,217.34,234.54961
2021-08-14T10:00:00.000000000,221.74,235.5524
2021-08-14T11:00:00.000000000,223.72,242.85179
2021-08-14T12:00:00.000000000,220.18,251.07988
2021-08-14T13:00:00.000000000,234.39,252.02221
2021-08-14T14:00:00.000000000,234.97,236.38208
2021-08-14T15:00:00.000000000,204.37,207.67154
2021-08-14T16:00:00.000000000,179.27,181.28719
2021-08-14T17:00:00.000000000,156.71,166.31473
2021-08-14T18:00:00.000000000,157.54,161.61744
2021-08-14T19:00:00.000000000,173.68,161.90339
2021-08-14T20:00:00.000000000,181.9,163.59721
2021-08-14T21:00:00.000000000,184.31,167.26837
2021-08-14T22:00:00.000000000,187.5,175.94726
2021-08-14T23:00:00.000000000,191.35,194.36946
2021-08-12T00:00:00.000000000,226.63,237.91223
2021-08-12T01:00:00.000000000,241.47,252.20516
2021-08-12T02:00:00.000000000,260.1,264.95033
2021-08-12T03:00:00.000000000,264.31,275.5827
2021-08-12T04:00:00.000000000,265.42,277.59894
2021-08-12T05:00:00.000000000,253.99,273.44258
2021-08-12T06:00:00.000000000,247.0,266.64621
2021-08-12T07:00:00.000000000,238.1,255.1098
2021-08-12T08:00:00.000000000,234.58,241.61362
2021-08-12T09:00:00.000000000,225.27,231.68015
2021-08-12T10:00:00.000000000,218.62,229.74295
2021-08-12T11:00:00.000000000,221.23,234.65511
2021-08-12T12:00:00.000000000,226.04,241.15082
2021-08-12T13:00:00.000000000,230.07,241.88641
2021-08-12T14:00:00.000000000,218.07,228.14879
2021-08-12T15:00:00.000000000,187.45,202.30952
2021-08-12T16:00:00.000000000,161.07,178.72567
2021-08-12T17:00:00.000000000,164.36,167.36814
2021-08-12T18:00:00.000000000,166.28,166.73402
2021-08-12T19:00:00.000000000,174.66,170.64757
2021-08-12T20:00:00.000000000,185.0,174.83937
2021-08-12T21:00:00.000000000,182.35,181.43794
2021-08-12T22:00:00.000000000,185.38,192.13626
2021-08-12T23:00:00.000000000,190.93,208.80537
2021-08-13T00:00:00.000000000,199.73,214.44159
2021-08-13T01:00:00.000000000,222.76,222.50606
2021-08-13T02:00:00.000000000,249.92,233.3983
2021-08-13T03:00:00.000000000,256.07,246.63545
2021-08-13T04:00:00.000000000,250.72,252.34146
2021-08-13T05:00:00.000000000,243.37,250.8796
2021-08-13T06:00:00.000000000,229.98,245.94
2021-08-13T07:00:00.000000000,221.24,236.73724
2021-08-13T08:00:00.000000000,220.17,227.06556
2021-08-13T09:00:00.000000000,214.71,221.82726
2021-08-13T10:00:00.000000000,212.08,223.18025
2021-08-13T11:00:00.000000000,208.09,229.25174
2021-08-13T12:00:00.000000000,209.94,234.48057
2021-08-13T13:00:00.000000000,217.55,232.28121
2021-08-13T14:00:00.000000000,198.58,217.09292
2021-08-13T15:00:00.000000000,178.1,194.14925
2021-08-13T16:00:00.000000000,152.01,174.95757
2021-08-13T17:00:00.000000000,143.08,165.60747
2021-08-13T18:00:00.000000000,153.49,163.54621
2021-08-13T19:00:00.000000000,153.86,164.36473
2021-08-13T20:00:00.000000000,160.79,166.19474
2021-08-13T21:00:00.000000000,168.02,171.86427
2021-08-13T22:00:00.000000000,176.14,182.76657
2021-08-13T23:00:00.000000000,178.97,197.35566
2021-08-14T00:00:00.000000000,185.49,215.29192
2021-08-14T01:00:00.000000000,207.94,226.99282
2021-08-14T02:00:00.000000000,242.08,238.9085
2021-08-14T03:00:00.000000000,246.48,250.63713
2021-08-14T04:00:00.000000000,245.27,254.56313
2021-08-14T05:00:00.000000000,244.1,252.71573
2021-08-14T06:00:00.000000000,229.33,248.46449
2021-08-14T07:00:00.000000000,220.82,240.3004
2021-08-14T08:00:00.000000000,223.08,231.83916
2021-08-14T09:00:00.000000000,217.34,227.4234
2021-08-14T10:00:00.000000000,221.74,228.73798
2021-08-14T11:00:00.000000000,223.72,234.40569
2021-08-14T12:00:00.000000000,220.18,239.12884
2021-08-14T13:00:00.000000000,234.39,236.73563
2021-08-14T14:00:00.000000000,234.97,221.79059
2021-08-14T15:00:00.000000000,204.37,198.70254
2021-08-14T16:00:00.000000000,179.27,178.68052
2021-08-14T17:00:00.000000000,156.71,167.70659
2021-08-14T18:00:00.000000000,157.54,163.92617
2021-08-14T19:00:00.000000000,173.68,163.20278
2021-08-14T20:00:00.000000000,181.9,163.69929
2021-08-14T21:00:00.000000000,184.31,168.11822
2021-08-14T22:00:00.000000000,187.5,178.45969
2021-08-14T23:00:00.000000000,191.35,194.47522
2021-08-15T00:00:00.000000000,187.85,216.66742
2021-08-15T01:00:00.000000000,224.51,237.85128
2021-08-15T02:00:00.000000000,247.34,252.93325
2021-08-15T03:00:00.000000000,245.82,261.90055
2021-08-15T04:00:00.000000000,242.41,261.33376
2021-08-15T05:00:00.000000000,242.3,257.27651
2021-08-15T06:00:00.000000000,245.84,253.54099
2021-08-15T07:00:00.000000000,245.84,247.34228
2021-08-15T08:00:00.000000000,242.36,240.44111
2021-08-15T09:00:00.000000000,234.94,236.57258
2021-08-15T10:00:00.000000000,233.88,237.43924
2021-08-15T11:00:00.000000000,235.28,243.37392
2021-08-15T12:00:00.000000000,235.3,250.2198
2021-08-15T13:00:00.000000000,235.02,249.38596
2021-08-15T14:00:00.000000000,229.2,231.50759
2021-08-15T15:00:00.000000000,172.7,200.62527
2021-08-15T16:00:00.000000000,161.23,173.29779
2021-08-15T17:00:00.000000000,152.08,158.46768
2021-08-15T18:00:00.000000000,150.08,153.41408
2021-08-15T19:00:00.000000000,142.85,151.99602
2021-08-15T20:00:00.000000000,164.42,151.90443
2021-08-15T21:00:00.000000000,177.54,155.60954
2021-08-15T22:00:00.000000000,183.04,166.55095
2021-08-15T23:00:00.000000000,192.69,187.30022
2021-08-13T00:00:00.000000000,199.73,201.0437
2021-08-13T01:00:00.000000000,222.76,220.81709
2021-08-13T02:00:00.000000000,249.92,240.38591
2021-08-13T03:00:00.000000000,256.07,254.77806
2021-08-13T04:00:00.000000000,250.72,255.87086
2021-08-13T05:00:00.000000000,243.37,248.18992
2021-08-13T06:00:00.000000000,229.98,239.20109
2021-08-13T07:00:00.000000000,221.24,228.85515
2021-08-13T08:00:00.000000000,220.17,215.75566
2021-08-13T09:00:00.000000000,214.71,203.1849
2021-08-13T10:00:00.000000000,212.08,197.30704
2021-08-13T11:00:00.000000000,208.09,200.1703
2021-08-13T12:00:00.000000000,209.94,206.0721
2021-08-13T13:00:00.000000000,217.55,206.29102
2021-08-13T14:00:00.000000000,198.58,191.91765
2021-08-13T15:00:00.000000000,178.1,166.53835
2021-08-13T16:00:00.000000000,152.01,144.45739
2021-08-13T17:00:00.000000000,143.08,135.55146
2021-08-13T18:00:00.000000000,153.49,137.25289
2021-08-13T19:00:00.000000000,153.86,142.54289
2021-08-13T20:00:00.000000000,160.79,146.80058
2021-08-13T21:00:00.000000000,168.02,152.34234
2021-08-13T22:00:00.000000000,176.14,160.65371
2021-08-13T23:00:00.000000000,178.97,173.08537
2021-08-14T00:00:00.000000000,185.49,197.7802
2021-08-14T01:00:00.000000000,207.94,207.62604
2021-08-14T02:00:00.000000000,242.08,219.87686
2021-08-14T03:00:00.000000000,246.48,233.74893
2021-08-14T04:00:00.000000000,245.27,239.20935
2021-08-14T05:00:00.000000000,244.1,236.96754
2021-08-14T06:00:00.000000000,229.33,230.61728
2021-08-14T07:00:00.000000000,220.82,220.36352
2021-08-14T08:00:00.000000000,223.08,209.72648
2021-08-14T09:00:00.000000000,217.34,203.90203
2021-08-14T10:00:00.000000000,221.74,204.79936
2021-08-14T11:00:00.000000000,223.72,209.0771
2021-08-14T12:00:00.000000000,220.18,211.43527
2021-08-14T13:00:00.000000000,234.39,207.07262
2021-08-14T14:00:00.000000000,234.97,191.60939
2021-08-14T15:00:00.000000000,204.37,169.40526
2021-08-14T16:00:00.000000000,179.27,150.66291
2021-08-14T17:00:00.000000000,156.71,141.68096
2021-08-14T18:00:00.000000000,157.54,140.88668
2021-08-14T19:00:00.000000000,173.68,143.8044
2021-08-14T20:00:00.000000000,181.9,147.27782
2021-08-14T21:00:00.000000000,184.31,153.54067
2021-08-14T22:00:00.000000000,187.5,164.68449
2021-08-14T23:00:00.000000000,191.35,179.35859
2021-08-15T00:00:00.000000000,187.85,206.26585
2021-08-15T01:00:00.000000000,224.51,221.19513
2021-08-15T02:00:00.000000000,247.34,234.66903
2021-08-15T03:00:00.000000000,245.82,246.84608
2021-08-15T04:00:00.000000000,242.41,250.34813
2021-08-15T05:00:00.000000000,242.3,248.06794
2021-08-15T06:00:00.000000000,245.84,243.67853
2021-08-15T07:00:00.000000000,245.84,236.05934
2021-08-15T08:00:00.000000000,242.36,227.92098
2021-08-15T09:00:00.000000000,234.94,223.78106
2021-08-15T10:00:00.000000000,233.88,225.23779
2021-08-15T11:00:00.000000000,235.28,230.47779
2021-08-15T12:00:00.000000000,235.3,234.58025
2021-08-15T13:00:00.000000000,235.02,230.7844
2021-08-15T14:00:00.000000000,229.2,212.7803
2021-08-15T15:00:00.000000000,172.7,185.2421
2021-08-15T16:00:00.000000000,161.23,161.74861
2021-08-15T17:00:00.000000000,152.08,149.53525
2021-08-15T18:00:00.000000000,150.08,145.95424
2021-08-15T19:00:00.000000000,142.85,145.59373
2021-08-15T20:00:00.000000000,164.42,146.37011
2021-08-15T21:00:00.000000000,177.54,151.32471
2021-08-15T22:00:00.000000000,183.04,163.49044
2021-08-15T23:00:00.000000000,192.69,182.66149
2021-08-16T00:00:00.000000000,199.76,194.32592
2021-08-16T01:00:00.000000000,223.61,214.35767
2021-08-16T02:00:00.000000000,260.07,232.28483
2021-08-16T03:00:00.000000000,262.05,246.95347
2021-08-16T04:00:00.000000000,255.09,251.11849
2021-08-16T05:00:00.000000000,252.39,248.90413
2021-08-16T06:00:00.000000000,242.49,245.0948
2021-08-16T07:00:00.000000000,235.6,238.89153
2021-08-16T08:00:00.000000000,227.27,231.63314
2021-08-16T09:00:00.000000000,220.58,226.82106
2021-08-16T10:00:00.000000000,218.44,226.48974
2021-08-16T11:00:00.000000000,224.18,230.48376
2021-08-16T12:00:00.000000000,227.18,234.32055
2021-08-16T13:00:00.000000000,233.72,230.84794
2021-08-16T14:00:00.000000000,241.16,212.56739
2021-08-16T15:00:00.000000000,218.03,183.05551
2021-08-16T16:00:00.000000000,190.74,157.11179
2021-08-16T17:00:00.000000000,170.48,143.119
2021-08-16T18:00:00.000000000,166.98,138.7239
2021-08-16T19:00:00.000000000,170.1,137.58557
2021-08-16T20:00:00.000000000,174.85,137.1609
2021-08-16T21:00:00.000000000,178.38,140.58783
2021-08-16T22:00:00.000000000,180.76,150.73856
2021-08-16T23:00:00.000000000,194.93,168.81391
2021-08-14T00:00:00.000000000,185.49,209.6551
2021-08-14T01:00:00.000000000,207.94,225.50938
2021-08-14T02:00:00.000000000,242.08,238.46219
2021-08-14T03:00:00.000000000,246.48,246.2527
2021-08-14T04:00:00.000000000,245.27,243.95154
2021-08-14T05:00:00.000000000,244.1,237.16523
2021-08-14T06:00:00.000000000,229.33,230.90777
2021-08-14T07:00:00.000000000,220.82,222.92837
2021-08-14T08:00:00.000000000,223.08,213.59622
2021-08-14T09:00:00.000000000,217.34,206.8481
2021-08-14T10:00:00.000000000,221.74,206.37023
2021-08-14T11:00:00.000000000,223.72,212.14887
2021-08-14T12:00:00.000000000,220.18,218.80457
2021-08-14T13:00:00.000000000,234.39,218.24152
2021-08-14T14:00:00.000000000,234.97,202.80992
2021-08-14T15:00:00.000000000,204.37,177.94492
2021-08-14T16:00:00.000000000,179.27,157.27567
2021-08-14T17:00:00.000000000,156.71,148.35395
2021-08-14T18:00:00.000000000,157.54,148.18986
2021-08-14T19:00:00.000000000,173.68,151.32753
2021-08-14T20:00:00.000000000,181.9,154.61983
2021-08-14T21:00:00.000000000,184.31,159.96191
2021-08-14T22:00:00.000000000,187.5,169.84808
2021-08-14T23:00:00.000000000,191.35,185.2761
2021-08-15T00:00:00.000000000,187.85,206.91013
2021-08-15T01:00:00.000000000,224.51,222.99412
2021-08-15T02:00:00.000000000,247.34,236.2359
2021-08-15T03:00:00.000000000,245.82,246.52957
2021-08-15T04:00:00.000000000,242.41,247.89483
2021-08-15T05:00:00.000000000,242.3,244.64713
2021-08-15T06:00:00.000000000,245.84,240.34425
2021-08-15T07:00:00.000000000,245.84,232.96604
2021-08-15T08:00:00.000000000,242.36,224.50657
2021-08-15T09:00:00.000000000,234.94,220.00269
2021-08-15T10:00:00.000000000,233.88,221.74027
2021-08-15T11:00:00.000000000,235.28,227.74587
2021-08-15T12:00:00.000000000,235.3,232.5364
2021-08-15T13:00:00.000000000,235.02,228.53407
2021-08-15T14:00:00.000000000,229.2,208.93678
2021-08-15T15:00:00.000000000,172.7,179.48072
2021-08-15T16:00:00.000000000,161.23,155.21234
2021-08-15T17:00:00.000000000,152.08,143.6498
2021-08-15T18:00:00.000000000,150.08,141.3804
2021-08-15T19:00:00.000000000,142.85,142.39412
2021-08-15T20:00:00.000000000,164.42,144.18448
2021-08-15T21:00:00.000000000,177.54,149.61985
2021-08-15T22:00:00.000000000,183.04,162.15347
2021-08-15T23:00:00.000000000,192.69,182.04002
2021-08-16T00:00:00.000000000,199.76,190.94281
2021-08-16T01:00:00.000000000,223.61,211.0233
2021-08-16T02:00:00.000000000,260.07,229.16798
2021-08-16T03:00:00.000000000,262.05,243.43647
2021-08-16T04:00:00.000000000,255.09,246.7791
2021-08-16T05:00:00.000000000,252.39,243.98182
2021-08-16T06:00:00.000000000,242.49,239.97517
2021-08-16T07:00:00.000000000,235.6,233.50412
2021-08-16T08:00:00.000000000,227.27,225.35512
2021-08-16T09:00:00.000000000,220.58,219.80906
2021-08-16T10:00:00.000000000,218.44,219.92649
2021-08-16T11:00:00.000000000,224.18,224.75044
2021-08-16T12:00:00.000000000,227.18,228.46763
2021-08-16T13:00:00.000000000,233.72,223.54125
2021-08-16T14:00:00.000000000,241.16,203.4506
2021-08-16T15:00:00.000000000,218.03,173.27216
2021-08-16T16:00:00.000000000,190.74,147.90926
2021-08-16T17:00:00.000000000,170.48,135.22574
2021-08-16T18:00:00.000000000,166.98,132.19204
2021-08-16T19:00:00.000000000,170.1,132.34864
2021-08-16T20:00:00.000000000,174.85,133.0964
2021-08-16T21:00:00.000000000,178.38,137.27216
2021-08-16T22:00:00.000000000,180.76,147.72818
2021-08-16T23:00:00.000000000,194.93,165.53385
2021-08-17T00:00:00.000000000,200.53,176.45375
2021-08-17T01:00:00.000000000,221.07,193.32591
2021-08-17T02:00:00.000000000,240.94,211.88876
2021-08-17T03:00:00.000000000,244.75,230.19983
2021-08-17T04:00:00.000000000,241.51,238.44338
2021-08-17T05:00:00.000000000,237.36,238.20373
2021-08-17T06:00:00.000000000,234.61,233.41982
2021-08-17T07:00:00.000000000,225.34,224.45094
2021-08-17T08:00:00.000000000,214.15,213.68393
2021-08-17T09:00:00.000000000,211.45,205.92333
2021-08-17T10:00:00.000000000,202.67,203.84342
2021-08-17T11:00:00.000000000,200.93,204.76448
2021-08-17T12:00:00.000000000,203.11,203.37561
2021-08-17T13:00:00.000000000,224.9,196.73247
2021-08-17T14:00:00.000000000,217.58,181.53818
2021-08-17T15:00:00.000000000,166.23,159.27585
2021-08-17T16:00:00.000000000,144.08,138.47775
2021-08-17T17:00:00.000000000,128.74,126.0678
2021-08-17T18:00:00.000000000,121.35,122.42988
2021-08-17T19:00:00.000000000,123.65,123.20148
2021-08-17T20:00:00.000000000,121.44,124.88817
2021-08-17T21:00:00.000000000,122.16,129.429
2021-08-17T22:00:00.000000000,132.07,138.72768
2021-08-17T23:00:00.000000000,139.69,153.18389
2021-08-15T00:00:00.000000000,187.85,222.20413
2021-08-15T01:00:00.000000000,224.51,240.3157
2021-08-15T02:00:00.000000000,247.34,252.41295
2021-08-15T03:00:00.000000000,245.82,258.95192
2021-08-15T04:00:00.000000000,242.41,256.55429
2021-08-15T05:00:00.000000000,242.3,251.32596
2021-08-15T06:00:00.000000000,245.84,247.30145
2021-08-15T07:00:00.000000000,245.84,241.13155
2021-08-15T08:00:00.000000000,242.36,233.56034
2021-08-15T09:00:00.000000000,234.94,228.68127
2021-08-15T10:00:00.000000000,233.88,228.98858
2021-08-15T11:00:00.000000000,235.28,234.09826
2021-08-15T12:00:00.000000000,235.3,239.85761
2021-08-15T13:00:00.000000000,235.02,237.66473
2021-08-15T14:00:00.000000000,229.2,218.13474
2021-08-15T15:00:00.000000000,172.7,186.50631
2021-08-15T16:00:00.000000000,161.23,160.46205
2021-08-15T17:00:00.000000000,152.08,149.28309
2021-08-15T18:00:00.000000000,150.08,148.6597
2021-08-15T19:00:00.000000000,142.85,151.11631
2021-08-15T20:00:00.000000000,164.42,153.58525
2021-08-15T21:00:00.000000000,177.54,158.98381
2021-08-15T22:00:00.000000000,183.04,171.335
2021-08-15T23:00:00.000000000,192.69,192.61409
2021-08-16T00:00:00.000000000,199.76,206.57752
2021-08-16T01:00:00.000000000,223.61,222.73215
2021-08-16T02:00:00.000000000,260.07,236.36977
2021-08-16T03:00:00.000000000,262.05,247.54677
2021-08-16T04:00:00.000000000,255.09,249.24962
2021-08-16T05:00:00.000000000,252.39,245.55889
2021-08-16T06:00:00.000000000,242.49,241.0153
2021-08-16T07:00:00.000000000,235.6,233.9852
2021-08-16T08:00:00.000000000,227.27,225.71743
2021-08-16T09:00:00.000000000,220.58,221.09025
2021-08-16T10:00:00.000000000,218.44,222.87091
2021-08-16T11:00:00.000000000,224.18,229.39505
2021-08-16T12:00:00.000000000,227.18,234.74231
2021-08-16T13:00:00.000000000,233.72,229.72189
2021-08-16T14:00:00.000000000,241.16,206.99109
2021-08-16T15:00:00.000000000,218.03,174.05526
2021-08-16T16:00:00.000000000,190.74,148.36974
2021-08-16T17:00:00.000000000,170.48,137.73791
2021-08-16T18:00:00.000000000,166.98,136.76567
2021-08-16T19:00:00.000000000,170.1,138.02985
2021-08-16T20:00:00.000000000,174.85,139.7573
2021-08-16T21:00:00.000000000,178.38,145.81378
2021-08-16T22:00:00.000000000,180.76,159.99879
2021-08-16T23:00:00.000000000,194.93,181.63535
2021-08-17T00:00:00.000000000,200.53,192.70885
2021-08-17T01:00:00.000000000,221.07,206.85582
2021-08-17T02:00:00.000000000,240.94,221.34918
2021-08-17T03:00:00.000000000,244.75,235.40303
2021-08-17T04:00:00.000000000,241.51,240.66756
2021-08-17T05:00:00.000000000,237.36,239.31977
2021-08-17T06:00:00.000000000,234.61,234.6922
2021-08-17T07:00:00.000000000,225.34,225.94603
2021-08-17T08:00:00.000000000,214.15,215.73811
2021-08-17T09:00:00.000000000,211.45,209.36536
2021-08-17T10:00:00.000000000,202.67,209.42799
2021-08-17T11:00:00.000000000,200.93,213.11137
2021-08-17T12:00:00.000000000,203.11,214.11134
2021-08-17T13:00:00.000000000,224.9,207.24929
2021-08-17T14:00:00.000000000,217.58,189.12577
2021-08-17T15:00:00.000000000,166.23,164.61924
2021-08-17T16:00:00.000000000,144.08,144.33571
2021-08-17T17:00:00.000000000,128.74,134.138
2021-08-17T18:00:00.000000000,121.35,132.11845
2021-08-17T19:00:00.000000000,123.65,133.37024
2021-08-17T20:00:00.000000000,121.44,135.22063
2021-08-17T21:00:00.000000000,122.16,140.60777
2021-08-17T22:00:00.000000000,132.07,152.53128
2021-08-17T23:00:00.000000000,139.69,170.0766
2021-08-18T00:00:00.000000000,147.51,204.09547
2021-08-18T01:00:00.000000000,184.49,216.58017
2021-08-18T02:00:00.000000000,238.57,230.05423
2021-08-18T03:00:00.000000000,250.8,244.76443
2021-08-18T04:00:00.000000000,246.32,251.60465
2021-08-18T05:00:00.000000000,243.9,251.47379
2021-08-18T06:00:00.000000000,238.49,247.35388
2021-08-18T07:00:00.000000000,233.63,238.98395
2021-08-18T08:00:00.000000000,230.85,230.48072
2021-08-18T09:00:00.000000000,216.97,226.14319
2021-08-18T10:00:00.000000000,231.21,226.71487
2021-08-18T11:00:00.000000000,230.57,230.08726
2021-08-18T12:00:00.000000000,235.65,232.05772
2021-08-18T13:00:00.000000000,234.82,228.49604
2021-08-18T14:00:00.000000000,210.05,214.32185
2021-08-18T15:00:00.000000000,165.99,191.51925
2021-08-18T16:00:00.000000000,137.21,170.10047
2021-08-18T17:00:00.000000000,132.94,156.78576
2021-08-18T18:00:00.000000000,129.67,151.46025
2021-08-18T19:00:00.000000000,124.37,150.23997
2021-08-18T20:00:00.000000000,122.84,150.38999
2021-08-18T21:00:00.000000000,125.81,154.64571
2021-08-18T22:00:00.000000000,132.56,165.48914
2021-08-18T23:00:00.000000000,141.9,182.51597
2021-08-16T00:00:00.000000000,199.76,220.75775
2021-08-16T01:00:00.000000000,223.61,241.01712
2021-08-16T02:00:00.000000000,260.07,254.0805
2021-08-16T03:00:00.000000000,262.05,259.21516
2021-08-16T04:00:00.000000000,255.09,254.97579
2021-08-16T05:00:00.000000000,252.39,249.61751
2021-08-16T06:00:00.000000000,242.49,246.63289
2021-08-16T07:00:00.000000000,235.6,241.11931
2021-08-16T08:00:00.000000000,227.27,233.53256
2021-08-16T09:00:00.000000000,220.58,229.07403
2021-08-16T10:00:00.000000000,218.44,231.12185
2021-08-16T11:00:00.000000000,224.18,238.27266
2021-08-16T12:00:00.000000000,227.18,242.90895
2021-08-16T13:00:00.000000000,233.72,235.8096
2021-08-16T14:00:00.000000000,241.16,211.76288
2021-08-16T15:00:00.000000000,218.03,179.61364
2021-08-16T16:00:00.000000000,190.74,155.62724
2021-08-16T17:00:00.000000000,170.48,145.74029
2021-08-16T18:00:00.000000000,166.98,144.74
2021-08-16T19:00:00.000000000,170.1,146.02065
2021-08-16T20:00:00.000000000,174.85,147.51962
2021-08-16T21:00:00.000000000,178.38,152.85114
2021-08-16T22:00:00.000000000,180.76,166.59732
2021-08-16T23:00:00.000000000,194.93,189.94573
2021-08-17T00:00:00.000000000,200.53,186.29086
2021-08-17T01:00:00.000000000,221.07,200.39072
2021-08-17T02:00:00.000000000,240.94,215.49955
2021-08-17T03:00:00.000000000,244.75,230.45537
2021-08-17T04:00:00.000000000,241.51,236.09944
2021-08-17T05:00:00.000000000,237.36,234.4134
2021-08-17T06:00:00.000000000,234.61,229.18822
2021-08-17T07:00:00.000000000,225.34,219.92143
2021-08-17T08:00:00.000000000,214.15,208.76219
2021-08-17T09:00:00.000000000,211.45,201.24482
2021-08-17T10:00:00.000000000,202.67,200.64705
2021-08-17T11:00:00.000000000,200.93,203.88134
2021-08-17T12:00:00.000000000,203.11,204.85485
2021-08-17T13:00:00.000000000,224.9,198.23781
2021-08-17T14:00:00.000000000,217.58,179.89073
2021-08-17T15:00:00.000000000,166.23,154.62743
2021-08-17T16:00:00.000000000,144.08,133.96413
2021-08-17T17:00:00.000000000,128.74,124.55012
2021-08-17T18:00:00.000000000,121.35,124.20317
2021-08-17T19:00:00.000000000,123.65,127.26485
2021-08-17T20:00:00.000000000,121.44,130.51777
2021-08-17T21:00:00.000000000,122.16,136.50027
2021-08-17T22:00:00.000000000,132.07,148.00355
2021-08-17T23:00:00.000000000,139.69,164.38156
2021-08-18T00:00:00.000000000,147.51,203.06858
2021-08-18T01:00:00.000000000,184.49,214.01119
2021-08-18T02:00:00.000000000,238.57,224.86324
2021-08-18T03:00:00.000000000,250.8,237.12872
2021-08-18T04:00:00.000000000,246.32,241.73458
2021-08-18T05:00:00.000000000,243.9,239.75717
2021-08-18T06:00:00.000000000,238.49,234.257
2021-08-18T07:00:00.000000000,233.63,224.82531
2021-08-18T08:00:00.000000000,230.85,214.51591
2021-08-18T09:00:00.000000000,216.97,209.11823
2021-08-18T10:00:00.000000000,231.21,210.71393
2021-08-18T11:00:00.000000000,230.57,215.11065
2021-08-18T12:00:00.000000000,235.65,216.54411
2021-08-18T13:00:00.000000000,234.82,208.77928
2021-08-18T14:00:00.000000000,210.05,187.38657
2021-08-18T15:00:00.000000000,165.99,158.87482
2021-08-18T16:00:00.000000000,137.21,137.15366
2021-08-18T17:00:00.000000000,132.94,128.82011
2021-08-18T18:00:00.000000000,129.67,129.60671
2021-08-18T19:00:00.000000000,124.37,132.79825
2021-08-18T20:00:00.000000000,122.84,136.09716
2021-08-18T21:00:00.000000000,125.81,143.60642
2021-08-18T22:00:00.000000000,132.56,159.21947
2021-08-18T23:00:00.000000000,141.9,180.54567
2021-08-19T00:00:00.000000000,149.56,209.43293
2021-08-19T01:00:00.000000000,174.49,221.1123
2021-08-19T02:00:00.000000000,225.5,232.9908
2021-08-19T03:00:00.000000000,231.93,246.06759
2021-08-19T04:00:00.000000000,233.45,251.4728
2021-08-19T05:00:00.000000000,237.52,250.38899
2021-08-19T06:00:00.000000000,216.66,246.0727
2021-08-19T07:00:00.000000000,221.32,237.83971
2021-08-19T08:00:00.000000000,214.4,229.11803
2021-08-19T09:00:00.000000000,217.75,224.68158
2021-08-19T10:00:00.000000000,218.95,225.92596
2021-08-19T11:00:00.000000000,223.18,230.60789
2021-08-19T12:00:00.000000000,230.0,234.00188
2021-08-19T13:00:00.000000000,224.54,229.97886
2021-08-19T14:00:00.000000000,218.29,212.50671
2021-08-19T15:00:00.000000000,173.05,185.88361
2021-08-19T16:00:00.000000000,148.47,163.16765
2021-08-19T17:00:00.000000000,144.3,151.49024
2021-08-19T18:00:00.000000000,138.53,148.39411
2021-08-19T19:00:00.000000000,135.86,148.46502
2021-08-19T20:00:00.000000000,125.89,149.4526
2021-08-19T21:00:00.000000000,127.6,154.97726
2021-08-19T22:00:00.000000000,134.29,168.11853
2021-08-19T23:00:00.000000000,141.97,187.5778
2021-08-17T00:00:00.000000000,200.53,187.71431
2021-08-17T01:00:00.000000000,221.07,211.21448
2021-08-17T02:00:00.000000000,240.94,232.77538
2021-08-17T03:00:00.000000000,244.75,248.14169
2021-08-17T04:00:00.000000000,241.51,250.33764
2021-08-17T05:00:00.000000000,237.36,244.72753
2021-08-17T06:00:00.000000000,234.61,236.67205
2021-08-17T07:00:00.000000000,225.34,225.47532
2021-08-17T08:00:00.000000000,214.15,212.20029
2021-08-17T09:00:00.000000000,211.45,202.49359
2021-08-17T10:00:00.000000000,202.67,200.80613
2021-08-17T11:00:00.000000000,200.93,205.44511
2021-08-17T12:00:00.000000000,203.11,210.55624
2021-08-17T13:00:00.000000000,224.9,209.3966
2021-08-17T14:00:00.000000000,217.58,193.30173
2021-08-17T15:00:00.000000000,166.23,164.52193
2021-08-17T16:00:00.000000000,144.08,137.40385
2021-08-17T17:00:00.000000000,128.74,123.03328
2021-08-17T18:00:00.000000000,121.35,121.35822
2021-08-17T19:00:00.000000000,123.65,126.30822
2021-08-17T20:00:00.000000000,121.44,131.75229
2021-08-17T21:00:00.000000000,122.16,136.953
2021-08-17T22:00:00.000000000,132.07,144.48736
2021-08-17T23:00:00.000000000,139.69,158.62167
2021-08-18T00:00:00.000000000,147.51,192.12154
2021-08-18T01:00:00.000000000,184.49,208.29266
2021-08-18T02:00:00.000000000,238.57,223.10798
2021-08-18T03:00:00.000000000,250.8,235.85309
2021-08-18T04:00:00.000000000,246.32,238.89473
2021-08-18T05:00:00.000000000,243.9,234.40713
2021-08-18T06:00:00.000000000,238.49,225.6275
2021-08-18T07:00:00.000000000,233.63,212.19139
2021-08-18T08:00:00.000000000,230.85,197.70161
2021-08-18T09:00:00.000000000,216.97,189.33264
2021-08-18T10:00:00.000000000,231.21,190.8831
2021-08-18T11:00:00.000000000,230.57,197.51288
2021-08-18T12:00:00.000000000,235.65,201.173
2021-08-18T13:00:00.000000000,234.82,194.75953
2021-08-18T14:00:00.000000000,210.05,173.80966
2021-08-18T15:00:00.000000000,165.99,145.25595
2021-08-18T16:00:00.000000000,137.21,122.75405
2021-08-18T17:00:00.000000000,132.94,113.93018
2021-08-18T18:00:00.000000000,129.67,116.19229
2021-08-18T19:00:00.000000000,124.37,122.47664
2021-08-18T20:00:00.000000000,122.84,128.3737
2021-08-18T21:00:00.000000000,125.81,135.58422
2021-08-18T22:00:00.000000000,132.56,148.52947
2021-08-18T23:00:00.000000000,141.9,167.52511
2021-08-19T00:00:00.000000000,149.56,204.80387
2021-08-19T01:00:00.000000000,174.49,217.82293
2021-08-19T02:00:00.000000000,225.5,230.47762
2021-08-19T03:00:00.000000000,231.93,242.35916
2021-08-19T04:00:00.000000000,233.45,245.23643
2021-08-19T05:00:00.000000000,237.52,241.18299
2021-08-19T06:00:00.000000000,216.66,233.79121
2021-08-19T07:00:00.000000000,221.32,222.39573
2021-08-19T08:00:00.000000000,214.4,210.45632
2021-08-19T09:00:00.000000000,217.75,204.22463
2021-08-19T10:00:00.000000000,218.95,206.47323
2021-08-19T11:00:00.000000000,223.18,213.29979
2021-08-19T12:00:00.000000000,230.0,217.49114
2021-08-19T13:00:00.000000000,224.54,212.00537
2021-08-19T14:00:00.000000000,218.29,192.33751
2021-08-19T15:00:00.000000000,173.05,165.22786
2021-08-19T16:00:00.000000000,148.47,143.55004
2021-08-19T17:00:00.000000000,144.3,133.94254
2021-08-19T18:00:00.000000000,138.53,133.65573
2021-08-19T19:00:00.000000000,135.86,137.26092
2021-08-19T20:00:00.000000000,125.89,141.87437
2021-08-19T21:00:00.000000000,127.6,149.58988
2021-08-19T22:00:00.000000000,134.29,163.49464
2021-08-19T23:00:00.000000000,141.97,182.58305
2021-08-20T00:00:00.000000000,152.54,203.01395
2021-08-20T01:00:00.000000000,189.58,215.98841
2021-08-20T02:00:00.000000000,226.29,230.84241
2021-08-20T03:00:00.000000000,221.63,246.11858
2021-08-20T04:00:00.000000000,221.42,251.58641
2021-08-20T05:00:00.000000000,225.76,248.81546
2021-08-20T06:00:00.000000000,234.23,242.4764
2021-08-20T07:00:00.000000000,230.46,232.31161
2021-08-20T08:00:00.000000000,232.73,221.06593
2021-08-20T09:00:00.000000000,235.51,214.25206
2021-08-20T10:00:00.000000000,242.6,214.94362
2021-08-20T11:00:00.000000000,243.79,220.49232
2021-08-20T12:00:00.000000000,236.86,224.53722
2021-08-20T13:00:00.000000000,232.15,220.29314
2021-08-20T14:00:00.000000000,222.56,202.19017
2021-08-20T15:00:00.000000000,168.8,175.34912
2021-08-20T16:00:00.000000000,129.41,152.62052
2021-08-20T17:00:00.000000000,118.73,141.35567
2021-08-20T18:00:00.000000000,121.49,139.42826
2021-08-20T19:00:00.000000000,114.1,141.75981
2021-08-20T20:00:00.000000000,111.57,145.52026
2021-08-20T21:00:00.000000000,118.72,152.69053
2021-08-20T22:00:00.000000000,133.47,165.04523
2021-08-20T23:00:00.000000000,142.01,181.81696
2021-08-18T00:00:00.000000000,147.51,161.60416
2021-08-18T01:00:00.000000000,184.49,194.39663
2021-08-18T02:00:00.000000000,238.57,222.09293
2021-08-18T03:00:00.000000000,250.8,236.84451
2021-08-18T04:00:00.000000000,246.32,236.39014
2021-08-18T05:00:00.000000000,243.9,230.98425
2021-08-18T06:00:00.000000000,238.49,225.61585
2021-08-18T07:00:00.000000000,233.63,216.35935
2021-08-18T08:00:00.000000000,230.85,201.99634
2021-08-18T09:00:00.000000000,216.97,189.50721
2021-08-18T10:00:00.000000000,231.21,186.58495
2021-08-18T11:00:00.000000000,230.57,191.06855
2021-08-18T12:00:00.000000000,235.65,192.63402
2021-08-18T13:00:00.000000000,234.82,185.31207
2021-08-18T14:00:00.000000000,210.05,165.91777
2021-08-18T15:00:00.000000000,165.99,138.39665
2021-08-18T16:00:00.000000000,137.21,113.33738
2021-08-18T17:00:00.000000000,132.94,98.88397
2021-08-18T18:00:00.000000000,129.67,96.4088
2021-08-18T19:00:00.000000000,124.37,101.13293
2021-08-18T20:00:00.000000000,122.84,106.81803
2021-08-18T21:00:00.000000000,125.81,110.91409
2021-08-18T22:00:00.000000000,132.56,115.53206
2021-08-18T23:00:00.000000000,141.9,127.81378
2021-08-19T00:00:00.000000000,149.56,171.83572
2021-08-19T01:00:00.000000000,174.49,191.74709
2021-08-19T02:00:00.000000000,225.5,212.71556
2021-08-19T03:00:00.000000000,231.93,230.81306
2021-08-19T04:00:00.000000000,233.45,235.74315
2021-08-19T05:00:00.000000000,237.52,230.13892
2021-08-19T06:00:00.000000000,216.66,220.10038
2021-08-19T07:00:00.000000000,221.32,206.67556
2021-08-19T08:00:00.000000000,214.4,191.61552
2021-08-19T09:00:00.000000000,217.75,181.2809
2021-08-19T10:00:00.000000000,218.95,181.03796
2021-08-19T11:00:00.000000000,223.18,186.56146
2021-08-19T12:00:00.000000000,230.0,189.48721
2021-08-19T13:00:00.000000000,224.54,182.92025
2021-08-19T14:00:00.000000000,218.29,161.97337
2021-08-19T15:00:00.000000000,173.05,132.67764
2021-08-19T16:00:00.000000000,148.47,108.98653
2021-08-19T17:00:00.000000000,144.3,99.61298
2021-08-19T18:00:00.000000000,138.53,102.38391
2021-08-19T19:00:00.000000000,135.86,109.54391
2021-08-19T20:00:00.000000000,125.89,116.07583
2021-08-19T21:00:00.000000000,127.6,122.61951
2021-08-19T22:00:00.000000000,134.29,132.42079
2021-08-19T23:00:00.000000000,141.97,147.23426
2021-08-20T00:00:00.000000000,152.54,181.95194
2021-08-20T01:00:00.000000000,189.58,200.35474
2021-08-20T02:00:00.000000000,226.29,219.50516
2021-08-20T03:00:00.000000000,221.63,236.58411
2021-08-20T04:00:00.000000000,221.42,241.78247
2021-08-20T05:00:00.000000000,225.76,236.73017
2021-08-20T06:00:00.000000000,234.23,226.17238
2021-08-20T07:00:00.000000000,230.46,211.09474
2021-08-20T08:00:00.000000000,232.73,194.69282
2021-08-20T09:00:00.000000000,235.51,184.23569
2021-08-20T10:00:00.000000000,242.6,184.6558
2021-08-20T11:00:00.000000000,243.79,190.66261
2021-08-20T12:00:00.000000000,236.86,193.466
2021-08-20T13:00:00.000000000,232.15,186.23001
2021-08-20T14:00:00.000000000,222.56,164.54897
2021-08-20T15:00:00.000000000,168.8,134.99666
2021-08-20T16:00:00.000000000,129.41,111.62537
2021-08-20T17:00:00.000000000,118.73,103.20327
2021-08-20T18:00:00.000000000,121.49,107.30858
2021-08-20T19:00:00.000000000,114.1,115.73678
2021-08-20T20:00:00.000000000,111.57,122.89623
2021-08-20T21:00:00.000000000,118.72,129.88893
2021-08-20T22:00:00.000000000,133.47,140.67695
2021-08-20T23:00:00.000000000,142.01,156.68707
2021-08-21T00:00:00.000000000,148.87,184.68691
2021-08-21T01:00:00.000000000,187.7,203.0041
2021-08-21T02:00:00.000000000,220.23,220.50122
2021-08-21T03:00:00.000000000,224.6,234.93819
2021-08-21T04:00:00.000000000,228.14,238.40767
2021-08-21T05:00:00.000000000,228.87,233.35535
2021-08-21T06:00:00.000000000,233.43,223.55737
2021-08-21T07:00:00.000000000,233.34,208.8897
2021-08-21T08:00:00.000000000,228.53,192.5801
2021-08-21T09:00:00.000000000,223.75,182.19857
2021-08-21T10:00:00.000000000,216.49,182.7019
2021-08-21T11:00:00.000000000,221.94,188.63834
2021-08-21T12:00:00.000000000,217.29,190.66371
2021-08-21T13:00:00.000000000,223.85,182.19254
2021-08-21T14:00:00.000000000,194.75,160.18452
2021-08-21T15:00:00.000000000,123.03,131.91354
2021-08-21T16:00:00.000000000,80.04,110.29566
2021-08-21T17:00:00.000000000,64.87,102.76786
2021-08-21T18:00:00.000000000,61.32,106.87783
2021-08-21T19:00:00.000000000,59.35,115.01524
2021-08-21T20:00:00.000000000,57.21,121.98124
2021-08-21T21:00:00.000000000,70.09,129.15377
2021-08-21T22:00:00.000000000,73.65,140.93914
2021-08-21T23:00:00.000000000,89.33,158.41851
2021-08-19T00:00:00.000000000,149.56,174.56791
2021-08-19T01:00:00.000000000,174.49,205.70272
2021-08-19T02:00:00.000000000,225.5,231.8673
2021-08-19T03:00:00.000000000,231.93,246.7703
2021-08-19T04:00:00.000000000,233.45,246.17503
2021-08-19T05:00:00.000000000,237.52,239.25459
2021-08-19T06:00:00.000000000,216.66,232.4436
2021-08-19T07:00:00.000000000,221.32,223.2958
2021-08-19T08:00:00.000000000,214.4,210.23875
2021-08-19T09:00:00.000000000,217.75,199.22301
2021-08-19T10:00:00.000000000,218.95,197.06951
2021-08-19T11:00:00.000000000,223.18,202.40805
2021-08-19T12:00:00.000000000,230.0,206.80192
2021-08-19T13:00:00.000000000,224.54,201.88896
2021-08-19T14:00:00.000000000,218.29,179.93896
2021-08-19T15:00:00.000000000,173.05,145.83766
2021-08-19T16:00:00.000000000,148.47,116.39667
2021-08-19T17:00:00.000000000,144.3,102.39689
2021-08-19T18:00:00.000000000,138.53,101.97954
2021-08-19T19:00:00.000000000,135.86,107.39715
2021-08-19T20:00:00.000000000,125.89,112.67965
2021-08-19T21:00:00.000000000,127.6,117.1243
2021-08-19T22:00:00.000000000,134.29,124.23602
2021-08-19T23:00:00.000000000,141.97,140.09822
2021-08-20T00:00:00.000000000,152.54,169.64471
2021-08-20T01:00:00.000000000,189.58,191.73905
2021-08-20T02:00:00.000000000,226.29,214.66015
2021-08-20T03:00:00.000000000,221.63,233.75385
2021-08-20T04:00:00.000000000,221.42,238.8721
2021-08-20T05:00:00.000000000,225.76,233.49036
2021-08-20T06:00:00.000000000,234.23,224.14773
2021-08-20T07:00:00.000000000,230.46,211.41061
2021-08-20T08:00:00.000000000,232.73,196.25618
2021-08-20T09:00:00.000000000,235.51,185.26768
2021-08-20T10:00:00.000000000,242.6,184.4463
2021-08-20T11:00:00.000000000,243.79,189.82503
2021-08-20T12:00:00.000000000,236.86,193.19188
2021-08-20T13:00:00.000000000,232.15,187.22344
2021-08-20T14:00:00.000000000,222.56,165.69607
2021-08-20T15:00:00.000000000,168.8,134.15412
2021-08-20T16:00:00.000000000,129.41,107.98646
2021-08-20T17:00:00.000000000,118.73,97.2789
2021-08-20T18:00:00.000000000,121.49,99.84316
2021-08-20T19:00:00.000000000,114.1,107.3839
2021-08-20T20:00:00.000000000,111.57,114.27827
2021-08-20T21:00:00.000000000,118.72,120.52606
2021-08-20T22:00:00.000000000,133.47,129.25166
2021-08-20T23:00:00.000000000,142.01,143.48609
2021-08-21T00:00:00.000000000,148.87,179.05796
2021-08-21T01:00:00.000000000,187.7,198.40877
2021-08-21T02:00:00.000000000,220.23,217.66015
2021-08-21T03:00:00.000000000,224.6,234.29106
2021-08-21T04:00:00.000000000,228.14,238.93312
2021-08-21T05:00:00.000000000,228.87,233.72112
2021-08-21T06:00:00.000000000,233.43,223.73168
2021-08-21T07:00:00.000000000,233.34,209.4081
2021-08-21T08:00:00.000000000,228.53,193.43986
2021-08-21T09:00:00.000000000,223.75,183.12498
2021-08-21T10:00:00.000000000,216.49,183.79829
2021-08-21T11:00:00.000000000,221.94,190.34373
2021-08-21T12:00:00.000000000,217.29,193.33259
2021-08-21T13:00:00.000000000,223.85,184.79297
2021-08-21T14:00:00.000000000,194.75,160.63129
2021-08-21T15:00:00.000000000,123.03,129.04284
2021-08-21T16:00:00.000000000,80.04,105.2175
2021-08-21T17:00:00.000000000,64.87,97.41909
2021-08-21T18:00:00.000000000,61.32,102.1415
2021-08-21T19:00:00.000000000,59.35,110.38059
2021-08-21T20:00:00.000000000,57.21,117.20709
2021-08-21T21:00:00.000000000,70.09,124.23703
2021-08-21T22:00:00.000000000,73.65,136.01007
2021-08-21T23:00:00.000000000,89.33,153.72863
2021-08-22T00:00:00.000000000,106.34,205.89377
2021-08-22T01:00:00.000000000,139.77,226.45242
2021-08-22T02:00:00.000000000,202.26,243.10749
2021-08-22T03:00:00.000000000,209.31,254.63305
2021-08-22T04:00:00.000000000,206.02,253.77984
2021-08-22T05:00:00.000000000,213.52,245.69615
2021-08-22T06:00:00.000000000,213.39,237.28725
2021-08-22T07:00:00.000000000,212.27,227.30334
2021-08-22T08:00:00.000000000,205.06,216.06264
2021-08-22T09:00:00.000000000,200.12,209.29033
2021-08-22T10:00:00.000000000,200.16,211.98066
2021-08-22T11:00:00.000000000,202.9,221.90181
2021-08-22T12:00:00.000000000,199.63,230.25933
2021-08-22T13:00:00.000000000,210.79,224.20652
2021-08-22T14:00:00.000000000,180.36,195.6672
2021-08-22T15:00:00.000000000,110.16,155.83983
2021-08-22T16:00:00.000000000,91.76,126.53413
2021-08-22T17:00:00.000000000,85.97,116.82522
2021-08-22T18:00:00.000000000,82.12,119.32585
2021-08-22T19:00:00.000000000,90.16,124.025
2021-08-22T20:00:00.000000000,86.61,128.88448
2021-08-22T21:00:00.000000000,87.72,137.13533
2021-08-22T22:00:00.000000000,95.84,153.40025
2021-08-22T23:00:00.000000000,111.73,177.8269
2021-08-20T00:00:00.000000000,152.54,173.17815
2021-08-20T01:00:00.000000000,189.58,200.76295
2021-08-20T02:00:00.000000000,226.29,226.3795
2021-08-20T03:00:00.000000000,221.63,245.48059
2021-08-20T04:00:00.000000000,221.42,249.3937
2021-08-20T05:00:00.000000000,225.76,244.09283
2021-08-20T06:00:00.000000000,234.23,237.41866
2021-08-20T07:00:00.000000000,230.46,229.75774
2021-08-20T08:00:00.000000000,232.73,219.57971
2021-08-20T09:00:00.000000000,235.51,210.63754
2021-08-20T10:00:00.000000000,242.6,207.85629
2021-08-20T11:00:00.000000000,243.79,211.12189
2021-08-20T12:00:00.000000000,236.86,215.2035
2021-08-20T13:00:00.000000000,232.15,211.9148
2021-08-20T14:00:00.000000000,222.56,190.57568
2021-08-20T15:00:00.000000000,168.8,154.21651
2021-08-20T16:00:00.000000000,129.41,122.39691
2021-08-20T17:00:00.000000000,118.73,107.75075
2021-08-20T18:00:00.000000000,121.49,107.1041
2021-08-20T19:00:00.000000000,114.1,110.95369
2021-08-20T20:00:00.000000000,111.57,114.1985
2021-08-20T21:00:00.000000000,118.72,118.21547
2021-08-20T22:00:00.000000000,133.47,126.14175
2021-08-20T23:00:00.000000000,142.01,142.30273
2021-08-21T00:00:00.000000000,148.87,162.01923
2021-08-21T01:00:00.000000000,187.7,186.32201
2021-08-21T02:00:00.000000000,220.23,212.40029
2021-08-21T03:00:00.000000000,224.6,235.05719
2021-08-21T04:00:00.000000000,228.14,243.19017
2021-08-21T05:00:00.000000000,228.87,239.20138
2021-08-21T06:00:00.000000000,233.43,229.54772
2021-08-21T07:00:00.000000000,233.34,215.59262
2021-08-21T08:00:00.000000000,228.53,198.61208
2021-08-21T09:00:00.000000000,223.75,185.43926
2021-08-21T10:00:00.000000000,216.49,182.42776
2021-08-21T11:00:00.000000000,221.94,185.41439
2021-08-21T12:00:00.000000000,217.29,186.53412
2021-08-21T13:00:00.000000000,223.85,179.94379
2021-08-21T14:00:00.000000000,194.75,159.25567
2021-08-21T15:00:00.000000000,123.03,127.73675
2021-08-21T16:00:00.000000000,80.04,100.32175
2021-08-21T17:00:00.000000000,64.87,88.92839
2021-08-21T18:00:00.000000000,61.32,92.55285
2021-08-21T19:00:00.000000000,59.35,101.87484
2021-08-21T20:00:00.000000000,57.21,109.57972
2021-08-21T21:00:00.000000000,70.09,115.21475
2021-08-21T22:00:00.000000000,73.65,121.74238
2021-08-21T23:00:00.000000000,89.33,133.76867
2021-08-22T00:00:00.000000000,106.34,191.54029
2021-08-22T01:00:00.000000000,139.77,215.43216
2021-08-22T02:00:00.000000000,202.26,236.70721
2021-08-22T03:00:00.000000000,209.31,252.43647
2021-08-22T04:00:00.000000000,206.02,254.15806
2021-08-22T05:00:00.000000000,213.52,246.37646
2021-08-22T06:00:00.000000000,213.39,236.75516
2021-08-22T07:00:00.000000000,212.27,225.09465
2021-08-22T08:00:00.000000000,205.06,211.89406
2021-08-22T09:00:00.000000000,200.12,202.86977
2021-08-22T10:00:00.000000000,200.16,203.85155
2021-08-22T11:00:00.000000000,202.9,212.98157
2021-08-22T12:00:00.000000000,199.63,221.00064
2021-08-22T13:00:00.000000000,210.79,215.37354
2021-08-22T14:00:00.000000000,180.36,187.92722
2021-08-22T15:00:00.000000000,110.16,148.66527
2021-08-22T16:00:00.000000000,91.76,118.68357
2021-08-22T17:00:00.000000000,85.97,108.06664
2021-08-22T18:00:00.000000000,82.12,110.86009
2021-08-22T19:00:00.000000000,90.16,116.54839
2021-08-22T20:00:00.000000000,86.61,121.84052
2021-08-22T21:00:00.000000000,87.72,128.92571
2021-08-22T22:00:00.000000000,95.84,142.22243
2021-08-22T23:00:00.000000000,111.73,163.48536
2021-08-23T00:00:00.000000000,124.29,203.57574
2021-08-23T01:00:00.000000000,171.53,221.58823
2021-08-23T02:00:00.000000000,229.19,241.47884
2021-08-23T03:00:00.000000000,241.15,261.1493
2021-08-23T04:00:00.000000000,243.67,267.15174
2021-08-23T05:00:00.000000000,236.21,261.20604
2021-08-23T06:00:00.000000000,228.29,252.20075
2021-08-23T07:00:00.000000000,226.17,241.56926
2021-08-23T08:00:00.000000000,222.07,229.4219
2021-08-23T09:00:00.000000000,218.67,221.29831
2021-08-23T10:00:00.000000000,215.54,222.87638
2021-08-23T11:00:00.000000000,217.63,232.25426
2021-08-23T12:00:00.000000000,216.75,241.15408
2021-08-23T13:00:00.000000000,218.87,234.98028
2021-08-23T14:00:00.000000000,198.77,203.56331
2021-08-23T15:00:00.000000000,128.65,158.92361
2021-08-23T16:00:00.000000000,114.62,126.84209
2021-08-23T17:00:00.000000000,117.34,118.29587
2021-08-23T18:00:00.000000000,111.08,123.10727
2021-08-23T19:00:00.000000000,105.53,128.6289
2021-08-23T20:00:00.000000000,104.15,133.20286
2021-08-23T21:00:00.000000000,99.49,141.70914
2021-08-23T22:00:00.000000000,108.64,157.51013
2021-08-23T23:00:00.000000000,124.08,179.19151
2021-08-21T00:00:00.000000000,148.87,167.76378
2021-08-21T01:00:00.000000000,187.7,203.46513
2021-08-21T02:00:00.000000000,220.23,230.78263
2021-08-21T03:00:00.000000000,224.6,244.21209
2021-08-21T04:00:00.000000000,228.14,242.34041
2021-08-21T05:00:00.000000000,228.87,235.78406
2021-08-21T06:00:00.000000000,233.43,229.97743
2021-08-21T07:00:00.000000000,233.34,221.56075
2021-08-21T08:00:00.000000000,228.53,208.31903
2021-08-21T09:00:00.000000000,223.75,196.22316
2021-08-21T10:00:00.000000000,216.49,192.06649
2021-08-21T11:00:00.000000000,221.94,194.94797
2021-08-21T12:00:00.000000000,217.29,197.96838
2021-08-21T13:00:00.000000000,223.85,193.99846
2021-08-21T14:00:00.000000000,194.75,173.39236
2021-08-21T15:00:00.000000000,123.03,138.21644
2021-08-21T16:00:00.000000000,80.04,106.22766
2021-08-21T17:00:00.000000000,64.87,90.63374
2021-08-21T18:00:00.000000000,61.32,90.5015
2021-08-21T19:00:00.000000000,59.35,96.99693
2021-08-21T20:00:00.000000000,57.21,102.59483
2021-08-21T21:00:00.000000000,70.09,105.91841
2021-08-21T22:00:00.000000000,73.65,111.40257
2021-08-21T23:00:00.000000000,89.33,127.80169
2021-08-22T00:00:00.000000000,106.34,164.35766
2021-08-22T01:00:00.000000000,139.77,191.226
2021-08-22T02:00:00.000000000,202.26,218.62248
2021-08-22T03:00:00.000000000,209.31,240.45005
2021-08-22T04:00:00.000000000,206.02,245.88034
2021-08-22T05:00:00.000000000,213.52,238.96376
2021-08-22T06:00:00.000000000,213.39,228.28567
2021-08-22T07:00:00.000000000,212.27,215.20722
2021-08-22T08:00:00.000000000,205.06,199.49477
2021-08-22T09:00:00.000000000,200.12,186.95701
2021-08-22T10:00:00.000000000,200.16,184.62736
2021-08-22T11:00:00.000000000,202.9,190.15102
2021-08-22T12:00:00.000000000,199.63,195.06808
2021-08-22T13:00:00.000000000,210.79,190.21836
2021-08-22T14:00:00.000000000,180.36,167.22998
2021-08-22T15:00:00.000000000,110.16,131.6672
2021-08-22T16:00:00.000000000,91.76,101.90327
2021-08-22T17:00:00.000000000,85.97,90.15702
2021-08-22T18:00:00.000000000,82.12,93.60693
2021-08-22T19:00:00.000000000,90.16,101.97357
2021-08-22T20:00:00.000000000,86.61,109.06997
2021-08-22T21:00:00.000000000,87.72,114.80961
2021-08-22T22:00:00.000000000,95.84,122.30164
2021-08-22T23:00:00.000000000,111.73,135.99583
2021-08-23T00:00:00.000000000,124.29,177.28469
2021-08-23T01:00:00.000000000,171.53,196.32611
2021-08-23T02:00:00.000000000,229.19,220.34375
2021-08-23T03:00:00.000000000,241.15,246.10549
2021-08-23T04:00:00.000000000,243.67,257.2219
2021-08-23T05:00:00.000000000,236.21,252.81946
2021-08-23T06:00:00.000000000,228.29,242.22348
2021-08-23T07:00:00.000000000,226.17,229.1972
2021-08-23T08:00:00.000000000,222.07,214.76104
2021-08-23T09:00:00.000000000,218.67,204.16094
2021-08-23T10:00:00.000000000,215.54,203.1765
2021-08-23T11:00:00.000000000,217.63,209.45484
2021-08-23T12:00:00.000000000,216.75,215.71058
2021-08-23T13:00:00.000000000,218.87,210.56713
2021-08-23T14:00:00.000000000,198.77,183.86016
2021-08-23T15:00:00.000000000,128.65,143.3286
2021-08-23T16:00:00.000000000,114.62,111.6817
2021-08-23T17:00:00.000000000,117.34,101.72979
2021-08-23T18:00:00.000000000,111.08,106.80153
2021-08-23T19:00:00.000000000,105.53,114.17721
2021-08-23T20:00:00.000000000,104.15,119.88917
2021-08-23T21:00:00.000000000,99.49,127.04889
2021-08-23T22:00:00.000000000,108.64,138.61808
2021-08-23T23:00:00.000000000,124.08,155.00079
2021-08-24T00:00:00.000000000,143.65,187.18843
2021-08-24T01:00:00.000000000,187.56,204.45972
2021-08-24T02:00:00.000000000,237.13,225.12905
2021-08-24T03:00:00.000000000,239.95,244.80757
2021-08-24T04:00:00.000000000,234.11,251.24542
2021-08-24T05:00:00.000000000,236.07,246.93009
2021-08-24T06:00:00.000000000,236.11,239.34072
2021-08-24T07:00:00.000000000,233.99,229.13246
2021-08-24T08:00:00.000000000,237.86,216.73213
2021-08-24T09:00:00.000000000,226.71,207.46034
2021-08-24T10:00:00.000000000,222.05,206.78596
2021-08-24T11:00:00.000000000,225.66,212.7629
2021-08-24T12:00:00.000000000,226.08,217.69605
2021-08-24T13:00:00.000000000,233.65,212.47061
2021-08-24T14:00:00.000000000,224.98,190.53246
2021-08-24T15:00:00.000000000,155.34,158.88108
2021-08-24T16:00:00.000000000,120.72,133.80932
2021-08-24T17:00:00.000000000,117.59,124.08715
2021-08-24T18:00:00.000000000,116.9,125.5246
2021-08-24T19:00:00.000000000,114.15,130.23661
2021-08-24T20:00:00.000000000,115.09,134.87733
2021-08-24T21:00:00.000000000,121.49,141.67102
2021-08-24T22:00:00.000000000,132.0,151.85582
2021-08-24T23:00:00.000000000,144.99,165.61937
2021-08-22T00:00:00.000000000,106.34,151.18326
2021-08-22T01:00:00.000000000,139.77,190.01811
2021-08-22T02:00:00.000000000,202.26,219.89665
2021-08-22T03:00:00.000000000,209.31,234.88413
2021-08-22T04:00:00.000000000,206.02,233.31472
2021-08-22T05:00:00.000000000,213.52,226.11469
2021-08-22T06:00:00.000000000,213.39,220.14299
2021-08-22T07:00:00.000000000,212.27,212.93167
2021-08-22T08:00:00.000000000,205.06,201.06979
2021-08-22T09:00:00.000000000,200.12,189.00864
2021-08-22T10:00:00.000000000,200.16,183.54775
2021-08-22T11:00:00.000000000,202.9,184.53872
2021-08-22T12:00:00.000000000,199.63,185.54203
2021-08-22T13:00:00.000000000,210.79,180.32026
2021-08-22T14:00:00.000000000,180.36,160.00198
2021-08-22T15:00:00.000000000,110.16,125.46193
2021-08-22T16:00:00.000000000,91.76,93.63202
2021-08-22T17:00:00.000000000,85.97,77.80466
2021-08-22T18:00:00.000000000,82.12,77.55308
2021-08-22T19:00:00.000000000,90.16,83.40605
2021-08-22T20:00:00.000000000,86.61,88.29288
2021-08-22T21:00:00.000000000,87.72,90.98738
2021-08-22T22:00:00.000000000,95.84,95.37375
2021-08-22T23:00:00.000000000,111.73,110.85918
2021-08-23T00:00:00.000000000,124.29,154.16594
2021-08-23T01:00:00.000000000,171.53,181.43203
2021-08-23T02:00:00.000000000,229.19,211.15898
2021-08-23T03:00:00.000000000,241.15,236.71023
2021-08-23T04:00:00.000000000,243.67,245.25241
2021-08-23T05:00:00.000000000,236.21,239.63773
2021-08-23T06:00:00.000000000,228.29,228.98428
2021-08-23T07:00:00.000000000,226.17,216.27525
2021-08-23T08:00:00.000000000,222.07,201.16386
2021-08-23T09:00:00.000000000,218.67,188.37365
2021-08-23T10:00:00.000000000,215.54,184.17918
2021-08-23T11:00:00.000000000,217.63,186.43491
2021-08-23T12:00:00.000000000,216.75,188.36367
2021-08-23T13:00:00.000000000,218.87,183.63867
2021-08-23T14:00:00.000000000,198.77,164.08228
2021-08-23T15:00:00.000000000,128.65,131.50006
2021-08-23T16:00:00.000000000,114.62,101.86244
2021-08-23T17:00:00.000000000,117.34,88.32229
2021-08-23T18:00:00.000000000,111.08,90.07853
2021-08-23T19:00:00.000000000,105.53,97.6116
2021-08-23T20:00:00.000000000,104.15,104.19536
2021-08-23T21:00:00.000000000,99.49,109.31177
2021-08-23T22:00:00.000000000,108.64,114.8142
2021-08-23T23:00:00.000000000,124.08,125.66208
2021-08-24T00:00:00.000000000,143.65,159.31
2021-08-24T01:00:00.000000000,187.56,175.33561
2021-08-24T02:00:00.000000000,237.13,198.63431
2021-08-24T03:00:00.000000000,239.95,225.85109
2021-08-24T04:00:00.000000000,234.11,239.39223
2021-08-24T05:00:00.000000000,236.07,236.97342
2021-08-24T06:00:00.000000000,236.11,226.63387
2021-08-24T07:00:00.000000000,233.99,213.14761
2021-08-24T08:00:00.000000000,237.86,198.64231
2021-08-24T09:00:00.000000000,226.71,188.10159
2021-08-24T10:00:00.000000000,222.05,185.83614
2021-08-24T11:00:00.000000000,225.66,187.99382
2021-08-24T12:00:00.000000000,226.08,189.6893
2021-08-24T13:00:00.000000000,233.65,185.17698
2021-08-24T14:00:00.000000000,224.98,166.38955
2021-08-24T15:00:00.000000000,155.34,135.91616
2021-08-24T16:00:00.000000000,120.72,109.42972
2021-08-24T17:00:00.000000000,117.59,98.69318
2021-08-24T18:00:00.000000000,116.9,101.47772
2021-08-24T19:00:00.000000000,114.15,108.35222
2021-08-24T20:00:00.000000000,115.09,114.19135
2021-08-24T21:00:00.000000000,121.49,120.33612
2021-08-24T22:00:00.000000000,132.0,128.70608
2021-08-24T23:00:00.000000000,144.99,140.1103
2021-08-25T00:00:00.000000000,162.53,173.77597
2021-08-25T01:00:00.000000000,199.37,187.29167
2021-08-25T02:00:00.000000000,242.39,206.72306
2021-08-25T03:00:00.000000000,246.81,229.25865
2021-08-25T04:00:00.000000000,249.57,239.37896
2021-08-25T05:00:00.000000000,245.86,236.21103
2021-08-25T06:00:00.000000000,252.67,227.18211
2021-08-25T07:00:00.000000000,254.46,215.41248
2021-08-25T08:00:00.000000000,252.22,203.16759
2021-08-25T09:00:00.000000000,246.56,195.12639
2021-08-25T10:00:00.000000000,245.2,194.7483
2021-08-25T11:00:00.000000000,235.46,198.66029
2021-08-25T12:00:00.000000000,234.93,201.41899
2021-08-25T13:00:00.000000000,241.06,196.73961
2021-08-25T14:00:00.000000000,221.06,178.42675
2021-08-25T15:00:00.000000000,161.09,150.89702
2021-08-25T16:00:00.000000000,133.42,127.75869
2021-08-25T17:00:00.000000000,127.9,117.59225
2021-08-25T18:00:00.000000000,121.19,117.94896
2021-08-25T19:00:00.000000000,120.81,121.8771
2021-08-25T20:00:00.000000000,128.02,126.30888
2021-08-25T21:00:00.000000000,143.65,132.9978
2021-08-25T22:00:00.000000000,160.31,143.31212
2021-08-25T23:00:00.000000000,168.42,156.44927
2021-08-23T00:00:00.000000000,124.29,163.98631
2021-08-23T01:00:00.000000000,171.53,201.20026
2021-08-23T02:00:00.000000000,229.19,229.98416
2021-08-23T03:00:00.000000000,241.15,245.45579
2021-08-23T04:00:00.000000000,243.67,244.8986
2021-08-23T05:00:00.000000000,236.21,237.83268
2021-08-23T06:00:00.000000000,228.29,231.25156
2021-08-23T07:00:00.000000000,226.17,223.56936
2021-08-23T08:00:00.000000000,222.07,212.11914
2021-08-23T09:00:00.000000000,218.67,201.03466
2021-08-23T10:00:00.000000000,215.54,196.38111
2021-08-23T11:00:00.000000000,217.63,198.0038
2021-08-23T12:00:00.000000000,216.75,198.91936
2021-08-23T13:00:00.000000000,218.87,192.14444
2021-08-23T14:00:00.000000000,198.77,169.46071
2021-08-23T15:00:00.000000000,128.65,133.15792
2021-08-23T16:00:00.000000000,114.62,101.0703
2021-08-23T17:00:00.000000000,117.34,85.93419
2021-08-23T18:00:00.000000000,111.08,85.82273
2021-08-23T19:00:00.000000000,105.53,90.60644
2021-08-23T20:00:00.000000000,104.15,94.27272
2021-08-23T21:00:00.000000000,99.49,97.56835
2021-08-23T22:00:00.000000000,108.64,104.78474
2021-08-23T23:00:00.000000000,124.08,123.3594
2021-08-24T00:00:00.000000000,143.65,147.65673
2021-08-24T01:00:00.000000000,187.56,167.72516
2021-08-24T02:00:00.000000000,237.13,194.75159
2021-08-24T03:00:00.000000000,239.95,223.25379
2021-08-24T04:00:00.000000000,234.11,236.28167
2021-08-24T05:00:00.000000000,236.07,233.09065
2021-08-24T06:00:00.000000000,236.11,222.62508
2021-08-24T07:00:00.000000000,233.99,209.58213
2021-08-24T08:00:00.000000000,237.86,194.7743
2021-08-24T09:00:00.000000000,226.71,182.87752
2021-08-24T10:00:00.000000000,222.05,179.44026
2021-08-24T11:00:00.000000000,225.66,181.17613
2021-08-24T12:00:00.000000000,226.08,182.41995
2021-08-24T13:00:00.000000000,233.65,177.52614
2021-08-24T14:00:00.000000000,224.98,158.54721
2021-08-24T15:00:00.000000000,155.34,127.71693
2021-08-24T16:00:00.000000000,120.72,100.64028
2021-08-24T17:00:00.000000000,117.59,89.62879
2021-08-24T18:00:00.000000000,116.9,92.87716
2021-08-24T19:00:00.000000000,114.15,100.55169
2021-08-24T20:00:00.000000000,115.09,106.69547
2021-08-24T21:00:00.000000000,121.49,111.81358
2021-08-24T22:00:00.000000000,132.0,117.58855
2021-08-24T23:00:00.000000000,144.99,126.54589
2021-08-25T00:00:00.000000000,162.53,156.81656
2021-08-25T01:00:00.000000000,199.37,169.34692
2021-08-25T02:00:00.000000000,242.39,190.63503
2021-08-25T03:00:00.000000000,246.81,219.51338
2021-08-25T04:00:00.000000000,249.57,236.36605
2021-08-25T05:00:00.000000000,245.86,236.18209
2021-08-25T06:00:00.000000000,252.67,226.55413
2021-08-25T07:00:00.000000000,254.46,213.92039
2021-08-25T08:00:00.000000000,252.22,201.37251
2021-08-25T09:00:00.000000000,246.56,192.68083
2021-08-25T10:00:00.000000000,245.2,190.31502
2021-08-25T11:00:00.000000000,235.46,190.76798
2021-08-25T12:00:00.000000000,234.93,191.5305
2021-08-25T13:00:00.000000000,241.06,187.91084
2021-08-25T14:00:00.000000000,221.06,171.01772
2021-08-25T15:00:00.000000000,161.09,141.87521
2021-08-25T16:00:00.000000000,133.42,115.86801
2021-08-25T17:00:00.000000000,127.9,104.8956
2021-08-25T18:00:00.000000000,121.19,106.45579
2021-08-25T19:00:00.000000000,120.81,110.96201
2021-08-25T20:00:00.000000000,128.02,114.44943
2021-08-25T21:00:00.000000000,143.65,119.68967
2021-08-25T22:00:00.000000000,160.31,128.753
2021-08-25T23:00:00.000000000,168.42,140.76689
2021-08-26T00:00:00.000000000,168.99,172.58327
2021-08-26T01:00:00.000000000,206.46,183.35963
2021-08-26T02:00:00.000000000,242.98,200.59098
2021-08-26T03:00:00.000000000,239.59,223.59208
2021-08-26T04:00:00.000000000,234.72,235.97005
2021-08-26T05:00:00.000000000,233.31,235.0868
2021-08-26T06:00:00.000000000,234.14,227.71351
2021-08-26T07:00:00.000000000,237.26,218.02156
2021-08-26T08:00:00.000000000,230.73,208.59519
2021-08-26T09:00:00.000000000,216.97,202.6206
2021-08-26T10:00:00.000000000,212.2,201.80782
2021-08-26T11:00:00.000000000,209.83,203.48483
2021-08-26T12:00:00.000000000,219.66,204.61853
2021-08-26T13:00:00.000000000,225.48,200.42384
2021-08-26T14:00:00.000000000,205.97,184.11365
2021-08-26T15:00:00.000000000,150.18,158.19486
2021-08-26T16:00:00.000000000,139.11,135.6236
2021-08-26T17:00:00.000000000,131.96,124.91226
2021-08-26T18:00:00.000000000,137.42,123.36033
2021-08-26T19:00:00.000000000,140.86,124.22527
2021-08-26T20:00:00.000000000,150.44,125.77381
2021-08-26T21:00:00.000000000,162.54,131.31145
2021-08-26T22:00:00.000000000,167.06,142.38389
2021-08-26T23:00:00.000000000,171.56,156.67777
2021-08-24T00:00:00.000000000,143.65,166.68307
2021-08-24T01:00:00.000000000,187.56,198.15192
2021-08-24T02:00:00.000000000,237.13,226.94664
2021-08-24T03:00:00.000000000,239.95,246.60377
2021-08-24T04:00:00.000000000,234.11,249.92424
2021-08-24T05:00:00.000000000,236.07,244.1555
2021-08-24T06:00:00.000000000,236.11,237.07406
2021-08-24T07:00:00.000000000,233.99,227.9232
2021-08-24T08:00:00.000000000,237.86,214.62453
2021-08-24T09:00:00.000000000,226.71,202.22531
2021-08-24T10:00:00.000000000,222.05,197.55709
2021-08-24T11:00:00.000000000,225.66,199.66722
2021-08-24T12:00:00.000000000,226.08,201.57915
2021-08-24T13:00:00.000000000,233.65,196.63856
2021-08-24T14:00:00.000000000,224.98,176.04819
2021-08-24T15:00:00.000000000,155.34,141.70802
2021-08-24T16:00:00.000000000,120.72,110.51444
2021-08-24T17:00:00.000000000,117.59,95.43009
2021-08-24T18:00:00.000000000,116.9,95.26309
2021-08-24T19:00:00.000000000,114.15,101.20928
2021-08-24T20:00:00.000000000,115.09,106.65264
2021-08-24T21:00:00.000000000,121.49,111.00987
2021-08-24T22:00:00.000000000,132.0,117.01921
2021-08-24T23:00:00.000000000,144.99,131.29265
2021-08-25T00:00:00.000000000,162.53,149.3641
2021-08-25T01:00:00.000000000,199.37,167.35603
2021-08-25T02:00:00.000000000,242.39,193.25127
2021-08-25T03:00:00.000000000,246.81,221.86316
2021-08-25T04:00:00.000000000,249.57,235.85823
2021-08-25T05:00:00.000000000,245.86,233.7854
2021-08-25T06:00:00.000000000,252.67,223.66389
2021-08-25T07:00:00.000000000,254.46,210.00652
2021-08-25T08:00:00.000000000,252.22,194.36967
2021-08-25T09:00:00.000000000,246.56,182.14323
2021-08-25T10:00:00.000000000,245.2,178.74465
2021-08-25T11:00:00.000000000,235.46,180.12241
2021-08-25T12:00:00.000000000,234.93,180.95297
2021-08-25T13:00:00.000000000,241.06,176.60939
2021-08-25T14:00:00.000000000,221.06,159.47877
2021-08-25T15:00:00.000000000,161.09,130.80687
2021-08-25T16:00:00.000000000,133.42,104.78899
2021-08-25T17:00:00.000000000,127.9,93.58819
2021-08-25T18:00:00.000000000,121.19,96.41868
2021-08-25T19:00:00.000000000,120.81,104.3395
2021-08-25T20:00:00.000000000,128.02,110.9335
2021-08-25T21:00:00.000000000,143.65,116.2503
2021-08-25T22:00:00.000000000,160.31,121.58108
2021-08-25T23:00:00.000000000,168.42,129.36722
2021-08-26T00:00:00.000000000,168.99,165.46622
2021-08-26T01:00:00.000000000,206.46,174.99461
2021-08-26T02:00:00.000000000,242.98,193.67122
2021-08-26T03:00:00.000000000,239.59,220.52022
2021-08-26T04:00:00.000000000,234.72,236.39304
2021-08-26T05:00:00.000000000,233.31,236.41293
2021-08-26T06:00:00.000000000,234.14,227.50084
2021-08-26T07:00:00.000000000,237.26,215.48048
2021-08-26T08:00:00.000000000,230.73,203.90182
2021-08-26T09:00:00.000000000,216.97,196.44682
2021-08-26T10:00:00.000000000,212.2,194.80675
2021-08-26T11:00:00.000000000,209.83,195.40259
2021-08-26T12:00:00.000000000,219.66,196.28124
2021-08-26T13:00:00.000000000,225.48,193.61077
2021-08-26T14:00:00.000000000,205.97,179.15249
2021-08-26T15:00:00.000000000,150.18,153.50954
2021-08-26T16:00:00.000000000,139.11,130.01796
2021-08-26T17:00:00.000000000,131.96,119.32418
2021-08-26T18:00:00.000000000,137.42,119.63737
2021-08-26T19:00:00.000000000,140.86,123.15328
2021-08-26T20:00:00.000000000,150.44,126.28398
2021-08-26T21:00:00.000000000,162.54,131.58884
2021-08-26T22:00:00.000000000,167.06,140.41668
2021-08-26T23:00:00.000000000,171.56,151.32368
2021-08-27T00:00:00.000000000,183.73,175.35359
2021-08-27T01:00:00.000000000,213.97,182.59289
2021-08-27T02:00:00.000000000,249.4,199.34384
2021-08-27T03:00:00.000000000,241.68,224.74582
2021-08-27T04:00:00.000000000,236.89,240.04553
2021-08-27T05:00:00.000000000,240.77,240.42194
2021-08-27T06:00:00.000000000,231.0,232.6657
2021-08-27T07:00:00.000000000,238.96,221.9642
2021-08-27T08:00:00.000000000,245.31,212.13029
2021-08-27T09:00:00.000000000,236.89,206.09019
2021-08-27T10:00:00.000000000,237.55,204.71237
2021-08-27T11:00:00.000000000,244.73,205.69682
2021-08-27T12:00:00.000000000,247.48,207.39618
2021-08-27T13:00:00.000000000,245.74,205.85273
2021-08-27T14:00:00.000000000,233.33,193.34956
2021-08-27T15:00:00.000000000,169.0,170.66021
2021-08-27T16:00:00.000000000,147.52,149.42034
2021-08-27T17:00:00.000000000,149.59,138.66779
2021-08-27T18:00:00.000000000,149.1,136.81577
2021-08-27T19:00:00.000000000,156.3,137.83405
2021-08-27T20:00:00.000000000,157.59,139.56349
2021-08-27T21:00:00.000000000,164.11,144.81341
2021-08-27T22:00:00.000000000,166.75,153.77609
2021-08-27T23:00:00.000000000,177.49,163.97922
2021-08-25T00:00:00.000000000,162.53,185.29167
2021-08-25T01:00:00.000000000,199.37,216.2762
2021-08-25T02:00:00.000000000,242.39,239.73928
2021-08-25T03:00:00.000000000,246.81,253.9504
2021-08-25T04:00:00.000000000,249.57,255.49132
2021-08-25T05:00:00.000000000,245.86,251.58352
2021-08-25T06:00:00.000000000,252.67,246.38381
2021-08-25T07:00:00.000000000,254.46,237.65378
2021-08-25T08:00:00.000000000,252.22,225.18844
2021-08-25T09:00:00.000000000,246.56,214.85435
2021-08-25T10:00:00.000000000,245.2,210.9623
2021-08-25T11:00:00.000000000,235.46,212.07895
2021-08-25T12:00:00.000000000,234.93,214.3091
2021-08-25T13:00:00.000000000,241.06,211.50799
2021-08-25T14:00:00.000000000,221.06,191.50384
2021-08-25T15:00:00.000000000,161.09,154.14609
2021-08-25T16:00:00.000000000,133.42,119.52232
2021-08-25T17:00:00.000000000,127.9,103.15194
2021-08-25T18:00:00.000000000,121.19,103.65435
2021-08-25T19:00:00.000000000,120.81,110.42043
2021-08-25T20:00:00.000000000,128.02,115.1547
2021-08-25T21:00:00.000000000,143.65,118.55113
2021-08-25T22:00:00.000000000,160.31,126.09175
2021-08-25T23:00:00.000000000,168.42,145.51098
2021-08-26T00:00:00.000000000,168.99,168.38396
2021-08-26T01:00:00.000000000,206.46,185.99977
2021-08-26T02:00:00.000000000,242.98,208.41443
2021-08-26T03:00:00.000000000,239.59,231.80768
2021-08-26T04:00:00.000000000,234.72,242.09377
2021-08-26T05:00:00.000000000,233.31,239.39289
2021-08-26T06:00:00.000000000,234.14,230.4545
2021-08-26T07:00:00.000000000,237.26,218.06763
2021-08-26T08:00:00.000000000,230.73,204.09777
2021-08-26T09:00:00.000000000,216.97,193.87368
2021-08-26T10:00:00.000000000,212.2,191.80625
2021-08-26T11:00:00.000000000,209.83,194.41232
2021-08-26T12:00:00.000000000,219.66,195.97979
2021-08-26T13:00:00.000000000,225.48,191.07247
2021-08-26T14:00:00.000000000,205.97,172.94025
2021-08-26T15:00:00.000000000,150.18,144.37456
2021-08-26T16:00:00.000000000,139.11,119.30939
2021-08-26T17:00:00.000000000,131.96,108.23755
2021-08-26T18:00:00.000000000,137.42,109.65699
2021-08-26T19:00:00.000000000,140.86,115.66652
2021-08-26T20:00:00.000000000,150.44,121.02152
2021-08-26T21:00:00.000000000,162.54,126.74634
2021-08-26T22:00:00.000000000,167.06,134.7326
2021-08-26T23:00:00.000000000,171.56,146.45368
2021-08-27T00:00:00.000000000,183.73,178.64681
2021-08-27T01:00:00.000000000,213.97,187.99527
2021-08-27T02:00:00.000000000,249.4,206.03964
2021-08-27T03:00:00.000000000,241.68,230.89509
2021-08-27T04:00:00.000000000,236.89,245.04912
2021-08-27T05:00:00.000000000,240.77,244.70817
2021-08-27T06:00:00.000000000,231.0,236.57664
2021-08-27T07:00:00.000000000,238.96,225.19535
2021-08-27T08:00:00.000000000,245.31,214.11043
2021-08-27T09:00:00.000000000,236.89,206.75293
2021-08-27T10:00:00.000000000,237.55,205.05991
2021-08-27T11:00:00.000000000,244.73,206.7778
2021-08-27T12:00:00.000000000,247.48,208.81159
2021-08-27T13:00:00.000000000,245.74,206.50463
2021-08-27T14:00:00.000000000,233.33,192.80344
2021-08-27T15:00:00.000000000,169.0,169.42968
2021-08-27T16:00:00.000000000,147.52,148.2197
2021-08-27T17:00:00.000000000,149.59,138.15823
2021-08-27T18:00:00.000000000,149.1,137.52587
2021-08-27T19:00:00.000000000,156.3,139.77906
2021-08-27T20:00:00.000000000,157.59,141.94552
2021-08-27T21:00:00.000000000,164.11,146.74909
2021-08-27T22:00:00.000000000,166.75,154.83776
2021-08-27T23:00:00.000000000,177.49,164.68027
2021-08-28T00:00:00.000000000,190.85,194.16323
2021-08-28T01:00:00.000000000,233.97,201.71641
2021-08-28T02:00:00.000000000,276.67,216.60408
2021-08-28T03:00:00.000000000,273.36,237.09856
2021-08-28T04:00:00.000000000,266.69,247.71483
2021-08-28T05:00:00.000000000,262.48,246.17944
2021-08-28T06:00:00.000000000,260.67,239.76005
2021-08-28T07:00:00.000000000,268.47,231.91523
2021-08-28T08:00:00.000000000,264.1,224.90918
2021-08-28T09:00:00.000000000,268.48,219.85359
2021-08-28T10:00:00.000000000,263.11,217.87981
2021-08-28T11:00:00.000000000,258.9,219.75305
2021-08-28T12:00:00.000000000,261.14,222.85049
2021-08-28T13:00:00.000000000,266.5,221.39031
2021-08-28T14:00:00.000000000,231.39,208.68099
2021-08-28T15:00:00.000000000,173.12,187.84772
2021-08-28T16:00:00.000000000,146.03,170.02317
2021-08-28T17:00:00.000000000,136.83,161.81937
2021-08-28T18:00:00.000000000,142.24,159.90245
2021-08-28T19:00:00.000000000,155.35,158.87309
2021-08-28T20:00:00.000000000,158.59,158.33753
2021-08-28T21:00:00.000000000,163.77,162.6998
2021-08-28T22:00:00.000000000,169.98,171.54309
2021-08-28T23:00:00.000000000,183.39,181.65749
2021-08-26T00:00:00.000000000,168.99,202.19635
2021-08-26T01:00:00.000000000,206.46,227.25814
2021-08-26T02:00:00.000000000,242.98,245.5356
2021-08-26T03:00:00.000000000,239.59,256.40784
2021-08-26T04:00:00.000000000,234.72,256.66143
2021-08-26T05:00:00.000000000,233.31,253.07936
2021-08-26T06:00:00.000000000,234.14,248.516
2021-08-26T07:00:00.000000000,237.26,239.68079
2021-08-26T08:00:00.000000000,230.73,227.60906
2021-08-26T09:00:00.000000000,216.97,219.09056
2021-08-26T10:00:00.000000000,212.2,217.87936
2021-08-26T11:00:00.000000000,209.83,221.17527
2021-08-26T12:00:00.000000000,219.66,223.82471
2021-08-26T13:00:00.000000000,225.48,219.40444
2021-08-26T14:00:00.000000000,205.97,198.47367
2021-08-26T15:00:00.000000000,150.18,163.51528
2021-08-26T16:00:00.000000000,139.11,132.72072
2021-08-26T17:00:00.000000000,131.96,118.29683
2021-08-26T18:00:00.000000000,137.42,118.27967
2021-08-26T19:00:00.000000000,140.86,123.99222
2021-08-26T20:00:00.000000000,150.44,128.61348
2021-08-26T21:00:00.000000000,162.54,133.63733
2021-08-26T22:00:00.000000000,167.06,144.36544
2021-08-26T23:00:00.000000000,171.56,165.82866
2021-08-27T00:00:00.000000000,183.73,178.4747
2021-08-27T01:00:00.000000000,213.97,191.47215
2021-08-27T02:00:00.000000000,249.4,211.29556
2021-08-27T03:00:00.000000000,241.68,234.05117
2021-08-27T04:00:00.000000000,236.89,245.04579
2021-08-27T05:00:00.000000000,240.77,243.49462
2021-08-27T06:00:00.000000000,231.0,235.87642
2021-08-27T07:00:00.000000000,238.96,224.55245
2021-08-27T08:00:00.000000000,245.31,211.83017
2021-08-27T09:00:00.000000000,236.89,202.46209
2021-08-27T10:00:00.000000000,237.55,200.55753
2021-08-27T11:00:00.000000000,244.73,204.11203
2021-08-27T12:00:00.000000000,247.48,207.33596
2021-08-27T13:00:00.000000000,245.74,204.02846
2021-08-27T14:00:00.000000000,233.33,188.13221
2021-08-27T15:00:00.000000000,169.0,163.34589
2021-08-27T16:00:00.000000000,147.52,141.75788
2021-08-27T17:00:00.000000000,149.59,131.82587
2021-08-27T18:00:00.000000000,149.1,131.94175
2021-08-27T19:00:00.000000000,156.3,135.80965
2021-08-27T20:00:00.000000000,157.59,139.54239
2021-08-27T21:00:00.000000000,164.11,144.87318
2021-08-27T22:00:00.000000000,166.75,152.41165
2021-08-27T23:00:00.000000000,177.49,161.87797
2021-08-28T00:00:00.000000000,190.85,196.02407
2021-08-28T01:00:00.000000000,233.97,203.22943
2021-08-28T02:00:00.000000000,276.67,218.95968
2021-08-28T03:00:00.000000000,273.36,241.15372
2021-08-28T04:00:00.000000000,266.69,253.28312
2021-08-28T05:00:00.000000000,262.48,252.50624
2021-08-28T06:00:00.000000000,260.67,246.10344
2021-08-28T07:00:00.000000000,268.47,237.26398
2021-08-28T08:00:00.000000000,264.1,228.09141
2021-08-28T09:00:00.000000000,268.48,220.961
2021-08-28T10:00:00.000000000,263.11,218.49541
2021-08-28T11:00:00.000000000,258.9,221.48726
2021-08-28T12:00:00.000000000,261.14,226.14443
2021-08-28T13:00:00.000000000,266.5,224.89531
2021-08-28T14:00:00.000000000,231.39,210.2969
2021-08-28T15:00:00.000000000,173.12,186.69477
2021-08-28T16:00:00.000000000,146.03,167.10619
2021-08-28T17:00:00.000000000,136.83,158.97498
2021-08-28T18:00:00.000000000,142.24,158.20524
2021-08-28T19:00:00.000000000,155.35,158.46974
2021-08-28T20:00:00.000000000,158.59,158.85888
2021-08-28T21:00:00.000000000,163.77,163.9344
2021-08-28T22:00:00.000000000,169.98,173.33534
2021-08-28T23:00:00.000000000,183.39,183.58383
2021-08-29T00:00:00.000000000,203.93,201.63797
2021-08-29T01:00:00.000000000,248.38,213.12633
2021-08-29T02:00:00.000000000,286.63,229.89967
2021-08-29T03:00:00.000000000,280.6,249.73472
2021-08-29T04:00:00.000000000,276.44,259.08843
2021-08-29T05:00:00.000000000,282.08,257.50479
2021-08-29T06:00:00.000000000,282.08,252.04899
2021-08-29T07:00:00.000000000,268.58,244.49346
2021-08-29T08:00:00.000000000,262.96,236.15578
2021-08-29T09:00:00.000000000,268.83,229.08513
2021-08-29T10:00:00.000000000,273.74,226.11896
2021-08-29T11:00:00.000000000,273.76,229.51892
2021-08-29T12:00:00.000000000,270.57,235.27709
2021-08-29T13:00:00.000000000,268.48,234.84446
2021-08-29T14:00:00.000000000,246.61,220.31493
2021-08-29T15:00:00.000000000,198.44,195.659
2021-08-29T16:00:00.000000000,166.0,174.16723
2021-08-29T17:00:00.000000000,166.0,163.38442
2021-08-29T18:00:00.000000000,165.73,160.01058
2021-08-29T19:00:00.000000000,166.66,158.53608
2021-08-29T20:00:00.000000000,169.23,158.43206
2021-08-29T21:00:00.000000000,178.17,163.68076
2021-08-29T22:00:00.000000000,183.12,173.49102
2021-08-29T23:00:00.000000000,191.8,185.51035
2021-08-27T00:00:00.000000000,183.73,210.39994
2021-08-27T01:00:00.000000000,213.97,229.98889
2021-08-27T02:00:00.000000000,249.4,245.92266
2021-08-27T03:00:00.000000000,241.68,256.32426
2021-08-27T04:00:00.000000000,236.89,255.84977
2021-08-27T05:00:00.000000000,240.77,250.9575
2021-08-27T06:00:00.000000000,231.0,246.70744
2021-08-27T07:00:00.000000000,238.96,239.9344
2021-08-27T08:00:00.000000000,245.31,230.53417
2021-08-27T09:00:00.000000000,236.89,223.856
2021-08-27T10:00:00.000000000,237.55,224.24242
2021-08-27T11:00:00.000000000,244.73,230.60159
2021-08-27T12:00:00.000000000,247.48,236.32318
2021-08-27T13:00:00.000000000,245.74,231.66216
2021-08-27T14:00:00.000000000,233.33,208.43287
2021-08-27T15:00:00.000000000,169.0,174.06401
2021-08-27T16:00:00.000000000,147.52,147.12057
2021-08-27T17:00:00.000000000,149.59,136.45258
2021-08-27T18:00:00.000000000,149.1,136.9092
2021-08-27T19:00:00.000000000,156.3,140.52397
2021-08-27T20:00:00.000000000,157.59,143.91998
2021-08-27T21:00:00.000000000,164.11,149.90247
2021-08-27T22:00:00.000000000,166.75,162.01219
2021-08-27T23:00:00.000000000,177.49,181.89414
2021-08-28T00:00:00.000000000,190.85,200.99359
2021-08-28T01:00:00.000000000,233.97,213.67288
2021-08-28T02:00:00.000000000,276.67,230.41727
2021-08-28T03:00:00.000000000,273.36,247.48845
2021-08-28T04:00:00.000000000,266.69,253.49667
2021-08-28T05:00:00.000000000,262.48,250.53599
2021-08-28T06:00:00.000000000,260.67,245.48507
2021-08-28T07:00:00.000000000,268.47,238.09564
2021-08-28T08:00:00.000000000,264.1,228.61879
2021-08-28T09:00:00.000000000,268.48,220.70148
2021-08-28T10:00:00.000000000,263.11,219.10221
2021-08-28T11:00:00.000000000,258.9,224.95244
2021-08-28T12:00:00.000000000,261.14,231.30245
2021-08-28T13:00:00.000000000,266.5,228.04568
2021-08-28T14:00:00.000000000,231.39,208.97885
2021-08-28T15:00:00.000000000,173.12,181.95215
2021-08-28T16:00:00.000000000,146.03,161.32355
2021-08-28T17:00:00.000000000,136.83,153.31266
2021-08-28T18:00:00.000000000,142.24,152.96128
2021-08-28T19:00:00.000000000,155.35,154.06345
2021-08-28T20:00:00.000000000,158.59,155.47292
2021-08-28T21:00:00.000000000,163.77,161.07369
2021-08-28T22:00:00.000000000,169.98,171.16548
2021-08-28T23:00:00.000000000,183.39,183.70922
2021-08-29T00:00:00.000000000,203.93,209.45518
2021-08-29T01:00:00.000000000,248.38,221.5942
2021-08-29T02:00:00.000000000,286.63,237.45379
2021-08-29T03:00:00.000000000,280.6,254.71603
2021-08-29T04:00:00.000000000,276.44,261.63644
2021-08-29T05:00:00.000000000,282.08,259.48498
2021-08-29T06:00:00.000000000,282.08,254.73427
2021-08-29T07:00:00.000000000,268.58,247.4406
2021-08-29T08:00:00.000000000,262.96,239.01979
2021-08-29T09:00:00.000000000,268.83,233.12909
2021-08-29T10:00:00.000000000,273.74,232.87822
2021-08-29T11:00:00.000000000,273.76,239.1597
2021-08-29T12:00:00.000000000,270.57,247.01353
2021-08-29T13:00:00.000000000,268.48,246.09456
2021-08-29T14:00:00.000000000,246.61,227.83887
2021-08-29T15:00:00.000000000,198.44,198.95921
2021-08-29T16:00:00.000000000,166.0,175.53692
2021-08-29T17:00:00.000000000,166.0,165.35064
2021-08-29T18:00:00.000000000,165.73,163.32819
2021-08-29T19:00:00.000000000,166.66,163.26645
2021-08-29T20:00:00.000000000,169.23,164.42585
2021-08-29T21:00:00.000000000,178.17,170.00261
2021-08-29T22:00:00.000000000,183.12,179.77893
2021-08-29T23:00:00.000000000,191.8,192.58021
2021-08-30T00:00:00.000000000,195.95,196.56982
2021-08-30T01:00:00.000000000,237.9,213.90011
2021-08-30T02:00:00.000000000,273.49,233.67646
2021-08-30T03:00:00.000000000,262.86,252.31245
2021-08-30T04:00:00.000000000,247.51,259.43009
2021-08-30T05:00:00.000000000,254.63,257.28033
2021-08-30T06:00:00.000000000,255.63,251.91113
2021-08-30T07:00:00.000000000,243.86,243.87558
2021-08-30T08:00:00.000000000,243.29,234.8966
2021-08-30T09:00:00.000000000,237.17,227.83609
2021-08-30T10:00:00.000000000,246.0,225.41885
2021-08-30T11:00:00.000000000,252.22,228.73506
2021-08-30T12:00:00.000000000,244.88,233.09458
2021-08-30T13:00:00.000000000,235.25,231.66187
2021-08-30T14:00:00.000000000,230.91,217.76876
2021-08-30T15:00:00.000000000,185.28,194.12158
2021-08-30T16:00:00.000000000,185.28,172.15187
2021-08-30T17:00:00.000000000,166.85,159.23615
2021-08-30T18:00:00.000000000,165.83,154.2659
2021-08-30T19:00:00.000000000,166.6,152.74349
2021-08-30T20:00:00.000000000,164.74,152.50968
2021-08-30T21:00:00.000000000,177.18,155.93287
2021-08-30T22:00:00.000000000,175.47,163.25562
2021-08-30T23:00:00.000000000,187.76,175.05589
2021-08-28T00:00:00.000000000,190.85,214.92819
2021-08-28T01:00:00.000000000,233.97,236.18593
2021-08-28T02:00:00.000000000,276.67,253.21381
2021-08-28T03:00:00.000000000,273.36,263.44485
2021-08-28T04:00:00.000000000,266.69,261.5023
2021-08-28T05:00:00.000000000,262.48,254.79953
2021-08-28T06:00:00.000000000,260.67,250.02358
2021-08-28T07:00:00.000000000,268.47,244.63897
2021-08-28T08:00:00.000000000,264.1,237.32672
2021-08-28T09:00:00.000000000,268.48,231.75619
2021-08-28T10:00:00.000000000,263.11,232.18126
2021-08-28T11:00:00.000000000,258.9,239.43589
2021-08-28T12:00:00.000000000,261.14,247.06835
2021-08-28T13:00:00.000000000,266.5,243.09665
2021-08-28T14:00:00.000000000,231.39,217.70719
2021-08-28T15:00:00.000000000,173.12,179.97356
2021-08-28T16:00:00.000000000,146.03,151.71616
2021-08-28T17:00:00.000000000,136.83,142.12569
2021-08-28T18:00:00.000000000,142.24,143.66546
2021-08-28T19:00:00.000000000,155.35,146.6974
2021-08-28T20:00:00.000000000,158.59,148.73558
2021-08-28T21:00:00.000000000,163.77,154.00683
2021-08-28T22:00:00.000000000,169.98,165.9592
2021-08-28T23:00:00.000000000,183.39,185.98689
2021-08-29T00:00:00.000000000,203.93,211.25491
2021-08-29T01:00:00.000000000,248.38,228.84339
2021-08-29T02:00:00.000000000,286.63,247.4684
2021-08-29T03:00:00.000000000,280.6,263.57178
2021-08-29T04:00:00.000000000,276.44,266.67374
2021-08-29T05:00:00.000000000,282.08,260.60668
2021-08-29T06:00:00.000000000,282.08,253.59662
2021-08-29T07:00:00.000000000,268.58,245.4724
2021-08-29T08:00:00.000000000,262.96,235.58072
2021-08-29T09:00:00.000000000,268.83,227.89298
2021-08-29T10:00:00.000000000,273.74,227.71902
2021-08-29T11:00:00.000000000,273.76,236.15134
2021-08-29T12:00:00.000000000,270.57,245.33683
2021-08-29T13:00:00.000000000,268.48,241.33978
2021-08-29T14:00:00.000000000,246.61,215.45116
2021-08-29T15:00:00.000000000,198.44,178.75909
2021-08-29T16:00:00.000000000,166.0,152.36441
2021-08-29T17:00:00.000000000,166.0,144.38348
2021-08-29T18:00:00.000000000,165.73,146.21896
2021-08-29T19:00:00.000000000,166.66,148.60928
2021-08-29T20:00:00.000000000,169.23,150.89991
2021-08-29T21:00:00.000000000,178.17,157.76457
2021-08-29T22:00:00.000000000,183.12,170.716
2021-08-29T23:00:00.000000000,191.8,188.29154
2021-08-30T00:00:00.000000000,195.95,197.72782
2021-08-30T01:00:00.000000000,237.9,217.42374
2021-08-30T02:00:00.000000000,273.49,238.35221
2021-08-30T03:00:00.000000000,262.86,255.96993
2021-08-30T04:00:00.000000000,247.51,260.99618
2021-08-30T05:00:00.000000000,254.63,257.38739
2021-08-30T06:00:00.000000000,255.63,251.32022
2021-08-30T07:00:00.000000000,243.86,242.59586
2021-08-30T08:00:00.000000000,243.29,232.43175
2021-08-30T09:00:00.000000000,237.17,225.01489
2021-08-30T10:00:00.000000000,246.0,224.13023
2021-08-30T11:00:00.000000000,252.22,229.44823
2021-08-30T12:00:00.000000000,244.88,234.4712
2021-08-30T13:00:00.000000000,235.25,231.04956
2021-08-30T14:00:00.000000000,230.91,212.90158
2021-08-30T15:00:00.000000000,185.28,185.25691
2021-08-30T16:00:00.000000000,185.28,161.74441
2021-08-30T17:00:00.000000000,166.85,149.81787
2021-08-30T18:00:00.000000000,165.83,146.83019
2021-08-30T19:00:00.000000000,166.6,147.29502
2021-08-30T20:00:00.000000000,164.74,148.57738
2021-08-30T21:00:00.000000000,177.18,152.71469
2021-08-30T22:00:00.000000000,175.47,160.67835
2021-08-30T23:00:00.000000000,187.76,173.73418
2021-08-31T00:00:00.000000000,196.55,185.32555
2021-08-31T01:00:00.000000000,228.87,204.68254
2021-08-31T02:00:00.000000000,256.55,223.64051
2021-08-31T03:00:00.000000000,243.99,238.12173
2021-08-31T04:00:00.000000000,241.69,241.75231
2021-08-31T05:00:00.000000000,239.95,239.1598
2021-08-31T06:00:00.000000000,231.85,234.50813
2021-08-31T07:00:00.000000000,222.92,227.06533
2021-08-31T08:00:00.000000000,220.74,218.58383
2021-08-31T09:00:00.000000000,220.74,212.35735
2021-08-31T10:00:00.000000000,197.74,210.88603
2021-08-31T11:00:00.000000000,206.75,214.04704
2021-08-31T12:00:00.000000000,209.98,216.94519
2021-08-31T13:00:00.000000000,228.03,215.14608
2021-08-31T14:00:00.000000000,228.03,203.48268
2021-08-31T15:00:00.000000000,159.35,183.51592
2021-08-31T16:00:00.000000000,149.27,164.03455
2021-08-31T17:00:00.000000000,138.72,151.74118
2021-08-31T18:00:00.000000000,136.83,147.32573
2021-08-31T19:00:00.000000000,140.27,147.18423
2021-08-31T20:00:00.000000000,145.89,147.54495
2021-08-31T21:00:00.000000000,151.06,149.47684
2021-08-31T22:00:00.000000000,171.83,153.81852
2021-08-31T23:00:00.000000000,177.49,163.19104
2021-08-29T00:00:00.000000000,203.93,223.31183
2021-08-29T01:00:00.000000000,248.38,243.84611
2021-08-29T02:00:00.000000000,286.63,260.10234
2021-08-29T03:00:00.000000000,280.6,272.16576
2021-08-29T04:00:00.000000000,276.44,272.22188
2021-08-29T05:00:00.000000000,282.08,265.32522
2021-08-29T06:00:00.000000000,282.08,258.66756
2021-08-29T07:00:00.000000000,268.58,251.48918
2021-08-29T08:00:00.000000000,262.96,243.05283
2021-08-29T09:00:00.000000000,268.83,237.09
2021-08-29T10:00:00.000000000,273.74,236.55258
2021-08-29T11:00:00.000000000,273.76,241.4299
2021-08-29T12:00:00.000000000,270.57,248.37254
2021-08-29T13:00:00.000000000,268.48,245.69721
2021-08-29T14:00:00.000000000,246.61,219.43615
2021-08-29T15:00:00.000000000,198.44,176.37031
2021-08-29T16:00:00.000000000,166.0,142.69035
2021-08-29T17:00:00.000000000,166.0,131.90019
2021-08-29T18:00:00.000000000,165.73,135.40959
2021-08-29T19:00:00.000000000,166.66,140.87208
2021-08-29T20:00:00.000000000,169.23,144.66821
2021-08-29T21:00:00.000000000,178.17,151.52961
2021-08-29T22:00:00.000000000,183.12,166.18306
2021-08-29T23:00:00.000000000,191.8,190.20027
2021-08-30T00:00:00.000000000,195.95,203.7302
2021-08-30T01:00:00.000000000,237.9,222.41892
2021-08-30T02:00:00.000000000,273.49,241.22668
2021-08-30T03:00:00.000000000,262.86,257.20686
2021-08-30T04:00:00.000000000,247.51,260.99343
2021-08-30T05:00:00.000000000,254.63,256.42408
2021-08-30T06:00:00.000000000,255.63,249.9021
2021-08-30T07:00:00.000000000,243.86,240.83204
2021-08-30T08:00:00.000000000,243.29,229.8861
2021-08-30T09:00:00.000000000,237.17,222.15431
2021-08-30T10:00:00.000000000,246.0,222.17666
2021-08-30T11:00:00.000000000,252.22,228.90593
2021-08-30T12:00:00.000000000,244.88,235.24131
2021-08-30T13:00:00.000000000,235.25,230.77468
2021-08-30T14:00:00.000000000,230.91,207.67539
2021-08-30T15:00:00.000000000,185.28,173.6819
2021-08-30T16:00:00.000000000,185.28,146.98926
2021-08-30T17:00:00.000000000,166.85,136.44169
2021-08-30T18:00:00.000000000,165.83,136.76277
2021-08-30T19:00:00.000000000,166.6,139.85321
2021-08-30T20:00:00.000000000,164.74,142.93266
2021-08-30T21:00:00.000000000,177.18,149.03904
2021-08-30T22:00:00.000000000,175.47,160.69801
2021-08-30T23:00:00.000000000,187.76,178.32362
2021-08-31T00:00:00.000000000,196.55,191.15773
2021-08-31T01:00:00.000000000,228.87,209.85795
2021-08-31T02:00:00.000000000,256.55,228.91876
2021-08-31T03:00:00.000000000,243.99,244.43086
2021-08-31T04:00:00.000000000,241.69,249.38397
2021-08-31T05:00:00.000000000,239.95,247.73632
2021-08-31T06:00:00.000000000,231.85,242.96483
2021-08-31T07:00:00.000000000,222.92,233.95553
2021-08-31T08:00:00.000000000,220.74,223.52917
2021-08-31T09:00:00.000000000,220.74,216.53323
2021-08-31T10:00:00.000000000,197.74,215.78602
2021-08-31T11:00:00.000000000,206.75,219.78948
2021-08-31T12:00:00.000000000,209.98,222.68039
2021-08-31T13:00:00.000000000,228.03,220.02901
2021-08-31T14:00:00.000000000,228.03,207.1772
2021-08-31T15:00:00.000000000,159.35,185.92031
2021-08-31T16:00:00.000000000,149.27,165.02768
2021-08-31T17:00:00.000000000,138.72,151.50276
2021-08-31T18:00:00.000000000,136.83,146.72965
2021-08-31T19:00:00.000000000,140.27,147.46339
2021-08-31T20:00:00.000000000,145.89,149.18758
2021-08-31T21:00:00.000000000,151.06,152.19981
2021-08-31T22:00:00.000000000,171.83,157.59339
2021-08-31T23:00:00.000000000,177.49,168.18257
2021-09-01T00:00:00.000000000,185.4,201.56459
2021-09-01T01:00:00.000000000,187.3,227.16681
2021-09-01T02:00:00.000000000,227.92,245.08056
2021-09-01T03:00:00.000000000,224.2,252.0629
2021-09-01T04:00:00.000000000,219.92,249.19554
2021-09-01T05:00:00.000000000,205.58,244.64761
2021-09-01T06:00:00.000000000,192.92,240.48514
2021-09-01T07:00:00.000000000,201.63,232.73167
2021-09-01T08:00:00.000000000,202.79,224.40549
2021-09-01T09:00:00.000000000,204.18,218.69827
2021-09-01T10:00:00.000000000,201.02,217.26569
2021-09-01T11:00:00.000000000,197.52,221.46642
2021-09-01T12:00:00.000000000,190.59,227.10193
2021-09-01T13:00:00.000000000,200.29,230.40223
2021-09-01T14:00:00.000000000,190.48,225.08142
2021-09-01T15:00:00.000000000,134.79,209.49755
2021-09-01T16:00:00.000000000,109.39,189.539
2021-09-01T17:00:00.000000000,114.29,172.06587
2021-09-01T18:00:00.000000000,111.56,162.10806
2021-09-01T19:00:00.000000000,111.29,159.11916
2021-09-01T20:00:00.000000000,96.69,158.99116
2021-09-01T21:00:00.000000000,95.13,159.63596
2021-09-01T22:00:00.000000000,105.98,162.13441
2021-09-01T23:00:00.000000000,106.29,173.29438
2021-08-30T00:00:00.000000000,195.95,221.41408
2021-08-30T01:00:00.000000000,237.9,239.84226
2021-08-30T02:00:00.000000000,273.49,256.67812
2021-08-30T03:00:00.000000000,262.86,270.13617
2021-08-30T04:00:00.000000000,247.51,271.8692
2021-08-30T05:00:00.000000000,254.63,265.69703
2021-08-30T06:00:00.000000000,255.63,258.10429
2021-08-30T07:00:00.000000000,243.86,248.5973
2021-08-30T08:00:00.000000000,243.29,237.83659
2021-08-30T09:00:00.000000000,237.17,230.11169
2021-08-30T10:00:00.000000000,246.0,229.36852
2021-08-30T11:00:00.000000000,252.22,235.4062
2021-08-30T12:00:00.000000000,244.88,242.65126
2021-08-30T13:00:00.000000000,235.25,240.35095
2021-08-30T14:00:00.000000000,230.91,218.48283
2021-08-30T15:00:00.000000000,185.28,183.78779
2021-08-30T16:00:00.000000000,185.28,156.13114
2021-08-30T17:00:00.000000000,166.85,145.89144
2021-08-30T18:00:00.000000000,165.83,147.11753
2021-08-30T19:00:00.000000000,166.6,150.89577
2021-08-30T20:00:00.000000000,164.74,154.31342
2021-08-30T21:00:00.000000000,177.18,160.84662
2021-08-30T22:00:00.000000000,175.47,173.28952
2021-08-30T23:00:00.000000000,187.76,192.45723
2021-08-31T00:00:00.000000000,196.55,200.10494
2021-08-31T01:00:00.000000000,228.87,212.96912
2021-08-31T02:00:00.000000000,256.55,226.52802
2021-08-31T03:00:00.000000000,243.99,238.6015
2021-08-31T04:00:00.000000000,241.69,241.79213
2021-08-31T05:00:00.000000000,239.95,239.11731
2021-08-31T06:00:00.000000000,231.85,233.87447
2021-08-31T07:00:00.000000000,222.92,224.74063
2021-08-31T08:00:00.000000000,220.74,214.95744
2021-08-31T09:00:00.000000000,220.74,209.55503
2021-08-31T10:00:00.000000000,197.74,210.78505
2021-08-31T11:00:00.000000000,206.75,216.40717
2021-08-31T12:00:00.000000000,209.98,220.34462
2021-08-31T13:00:00.000000000,228.03,217.55954
2021-08-31T14:00:00.000000000,228.03,204.28183
2021-08-31T15:00:00.000000000,159.35,184.51977
2021-08-31T16:00:00.000000000,149.27,166.53779
2021-08-31T17:00:00.000000000,138.72,155.52377
2021-08-31T18:00:00.000000000,136.83,151.41067
2021-08-31T19:00:00.000000000,140.27,151.71454
2021-08-31T20:00:00.000000000,145.89,153.70168
2021-08-31T21:00:00.000000000,151.06,158.51054
2021-08-31T22:00:00.000000000,171.83,167.50554
2021-08-31T23:00:00.000000000,177.49,180.70259
2021-09-01T00:00:00.000000000,185.4,205.4556
2021-09-01T01:00:00.000000000,187.3,227.31726
2021-09-01T02:00:00.000000000,227.92,242.3699
2021-09-01T03:00:00.000000000,224.2,248.25817
2021-09-01T04:00:00.000000000,219.92,245.32053
2021-09-01T05:00:00.000000000,205.58,240.69059
2021-09-01T06:00:00.000000000,192.92,235.74607
2021-09-01T07:00:00.000000000,201.63,226.93809
2021-09-01T08:00:00.000000000,202.79,218.3504
2021-09-01T09:00:00.000000000,204.18,213.83066
2021-09-01T10:00:00.000000000,201.02,214.49808
2021-09-01T11:00:00.000000000,197.52,219.72411
2021-09-01T12:00:00.000000000,190.59,224.63095
2021-09-01T13:00:00.000000000,200.29,226.66485
2021-09-01T14:00:00.000000000,190.48,221.28538
2021-09-01T15:00:00.000000000,134.79,207.28387
2021-09-01T16:00:00.000000000,109.39,189.17286
2021-09-01T17:00:00.000000000,114.29,172.66449
2021-09-01T18:00:00.000000000,111.56,162.78449
2021-09-01T19:00:00.000000000,111.29,159.784
2021-09-01T20:00:00.000000000,96.69,160.06054
2021-09-01T21:00:00.000000000,95.13,161.86165
2021-09-01T22:00:00.000000000,105.98,166.43808
2021-09-01T23:00:00.000000000,106.29,178.99056
2021-09-02T00:00:00.000000000,116.13,210.19272
2021-09-02T01:00:00.000000000,149.74,238.38339
2021-09-02T02:00:00.000000000,212.7,253.63665
2021-09-02T03:00:00.000000000,212.97,252.871
2021-09-02T04:00:00.000000000,212.32,242.59074
2021-09-02T05:00:00.000000000,205.15,234.62344
2021-09-02T06:00:00.000000000,206.06,230.2242
2021-09-02T07:00:00.000000000,201.42,223.11829
2021-09-02T08:00:00.000000000,209.72,215.94138
2021-09-02T09:00:00.000000000,215.76,211.75323
2021-09-02T10:00:00.000000000,212.76,212.26473
2021-09-02T11:00:00.000000000,206.03,219.17668
2021-09-02T12:00:00.000000000,211.37,227.52898
2021-09-02T13:00:00.000000000,226.16,233.32292
2021-09-02T14:00:00.000000000,213.45,230.6058
2021-09-02T15:00:00.000000000,143.0,217.8473
2021-09-02T16:00:00.000000000,128.12,199.45412
2021-09-02T17:00:00.000000000,126.1,180.89047
2021-09-02T18:00:00.000000000,126.52,168.3923
2021-09-02T19:00:00.000000000,125.54,163.4752
2021-09-02T20:00:00.000000000,121.29,162.96561
2021-09-02T21:00:00.000000000,118.15,163.60585
2021-09-02T22:00:00.000000000,121.49,166.48378
2021-09-02T23:00:00.000000000,134.38,179.54782
2021-08-31T00:00:00.000000000,196.55,207.00719
2021-08-31T01:00:00.000000000,228.87,227.79207
2021-08-31T02:00:00.000000000,256.55,244.40355
2021-08-31T03:00:00.000000000,243.99,252.67855
2021-08-31T04:00:00.000000000,241.69,249.42303
2021-08-31T05:00:00.000000000,239.95,242.77984
2021-08-31T06:00:00.000000000,231.85,237.97993
2021-08-31T07:00:00.000000000,222.92,231.46786
2021-08-31T08:00:00.000000000,220.74,222.94274
2021-08-31T09:00:00.000000000,220.74,216.24041
2021-08-31T10:00:00.000000000,197.74,215.4797
2021-08-31T11:00:00.000000000,206.75,221.08324
2021-08-31T12:00:00.000000000,209.98,225.93948
2021-08-31T13:00:00.000000000,228.03,222.27881
2021-08-31T14:00:00.000000000,228.03,205.25376
2021-08-31T15:00:00.000000000,159.35,180.8492
2021-08-31T16:00:00.000000000,149.27,160.66703
2021-08-31T17:00:00.000000000,138.72,150.20619
2021-08-31T18:00:00.000000000,136.83,147.43447
2021-08-31T19:00:00.000000000,140.27,148.36372
2021-08-31T20:00:00.000000000,145.89,150.39805
2021-08-31T21:00:00.000000000,151.06,155.00705
2021-08-31T22:00:00.000000000,171.83,164.04133
2021-08-31T23:00:00.000000000,177.49,179.54348
2021-09-01T00:00:00.000000000,185.4,208.03728
2021-09-01T01:00:00.000000000,187.3,224.06257
2021-09-01T02:00:00.000000000,227.92,235.38138
2021-09-01T03:00:00.000000000,224.2,239.99423
2021-09-01T04:00:00.000000000,219.92,236.25862
2021-09-01T05:00:00.000000000,205.58,230.8699
2021-09-01T06:00:00.000000000,192.92,225.80949
2021-09-01T07:00:00.000000000,201.63,217.51669
2021-09-01T08:00:00.000000000,202.79,209.04059
2021-09-01T09:00:00.000000000,204.18,205.15483
2021-09-01T10:00:00.000000000,201.02,207.69388
2021-09-01T11:00:00.000000000,197.52,215.00276
2021-09-01T12:00:00.000000000,190.59,220.70477
2021-09-01T13:00:00.000000000,200.29,219.93159
2021-09-01T14:00:00.000000000,190.48,209.30676
2021-09-01T15:00:00.000000000,134.79,192.58552
2021-09-01T16:00:00.000000000,109.39,176.33928
2021-09-01T17:00:00.000000000,114.29,164.43201
2021-09-01T18:00:00.000000000,111.56,158.06935
2021-09-01T19:00:00.000000000,111.29,156.70922
2021-09-01T20:00:00.000000000,96.69,158.04136
2021-09-01T21:00:00.000000000,95.13,162.21251
2021-09-01T22:00:00.000000000,105.98,170.93615
2021-09-01T23:00:00.000000000,106.29,185.61452
2021-09-02T00:00:00.000000000,116.13,207.78522
2021-09-02T01:00:00.000000000,149.74,229.27264
2021-09-02T02:00:00.000000000,212.7,241.03438
2021-09-02T03:00:00.000000000,212.97,240.94135
2021-09-02T04:00:00.000000000,212.32,232.78904
2021-09-02T05:00:00.000000000,205.15,226.1651
2021-09-02T06:00:00.000000000,206.06,221.93642
2021-09-02T07:00:00.000000000,201.42,214.89275
2021-09-02T08:00:00.000000000,209.72,207.74911
2021-09-02T09:00:00.000000000,215.76,204.25951
2021-09-02T10:00:00.000000000,212.76,206.33206
2021-09-02T11:00:00.000000000,206.03,214.23469
2021-09-02T12:00:00.000000000,211.37,221.94036
2021-09-02T13:00:00.000000000,226.16,225.10709
2021-09-02T14:00:00.000000000,213.45,219.47223
2021-09-02T15:00:00.000000000,143.0,206.05322
2021-09-02T16:00:00.000000000,128.12,189.73631
2021-09-02T17:00:00.000000000,126.1,174.88075
2021-09-02T18:00:00.000000000,126.52,165.30934
2021-09-02T19:00:00.000000000,125.54,161.64338
2021-09-02T20:00:00.000000000,121.29,161.41901
2021-09-02T21:00:00.000000000,118.15,163.47611
2021-09-02T22:00:00.000000000,121.49,168.93013
2021-09-02T23:00:00.000000000,134.38,182.17591
2021-09-03T00:00:00.000000000,132.63,210.66506
2021-09-03T01:00:00.000000000,189.53,229.52425
2021-09-03T02:00:00.000000000,239.95,243.57574
2021-09-03T03:00:00.000000000,232.65,248.68687
2021-09-03T04:00:00.000000000,235.12,243.4158
2021-09-03T05:00:00.000000000,244.77,236.34582
2021-09-03T06:00:00.000000000,228.44,233.19344
2021-09-03T07:00:00.000000000,228.1,229.74458
2021-09-03T08:00:00.000000000,231.0,225.93429
2021-09-03T09:00:00.000000000,224.53,222.74565
2021-09-03T10:00:00.000000000,228.33,222.81469
2021-09-03T11:00:00.000000000,237.79,230.28646
2021-09-03T12:00:00.000000000,242.67,240.02776
2021-09-03T13:00:00.000000000,244.82,243.36261
2021-09-03T14:00:00.000000000,229.09,234.081
2021-09-03T15:00:00.000000000,159.41,217.31013
2021-09-03T16:00:00.000000000,134.42,201.75447
2021-09-03T17:00:00.000000000,129.5,190.37667
2021-09-03T18:00:00.000000000,128.17,181.9667
2021-09-03T19:00:00.000000000,126.84,175.77384
2021-09-03T20:00:00.000000000,121.23,173.13575
2021-09-03T21:00:00.000000000,119.84,174.85322
2021-09-03T22:00:00.000000000,128.75,179.93203
2021-09-03T23:00:00.000000000,138.64,190.58182
2021-09-01T00:00:00.000000000,185.4,170.02417
2021-09-01T01:00:00.000000000,187.3,196.16763
2021-09-01T02:00:00.000000000,227.92,221.14957
2021-09-01T03:00:00.000000000,224.2,234.90029
2021-09-01T04:00:00.000000000,219.92,232.64828
2021-09-01T05:00:00.000000000,205.58,224.00222
2021-09-01T06:00:00.000000000,192.92,216.06714
2021-09-01T07:00:00.000000000,201.63,206.32589
2021-09-01T08:00:00.000000000,202.79,192.85583
2021-09-01T09:00:00.000000000,204.18,180.65225
2021-09-01T10:00:00.000000000,201.02,177.09816
2021-09-01T11:00:00.000000000,197.52,180.54191
2021-09-01T12:00:00.000000000,190.59,180.77443
2021-09-01T13:00:00.000000000,200.29,173.52739
2021-09-01T14:00:00.000000000,190.48,158.43776
2021-09-01T15:00:00.000000000,134.79,139.94053
2021-09-01T16:00:00.000000000,109.39,123.64624
2021-09-01T17:00:00.000000000,114.29,114.18678
2021-09-01T18:00:00.000000000,111.56,113.18077
2021-09-01T19:00:00.000000000,111.29,118.33392
2021-09-01T20:00:00.000000000,96.69,124.19095
2021-09-01T21:00:00.000000000,95.13,128.81558
2021-09-01T22:00:00.000000000,105.98,132.75808
2021-09-01T23:00:00.000000000,106.29,140.57627
2021-09-02T00:00:00.000000000,116.13,170.19352
2021-09-02T01:00:00.000000000,149.74,180.05492
2021-09-02T02:00:00.000000000,212.7,193.63007
2021-09-02T03:00:00.000000000,212.97,209.0957
2021-09-02T04:00:00.000000000,212.32,214.49089
2021-09-02T05:00:00.000000000,205.15,210.27379
2021-09-02T06:00:00.000000000,206.06,201.7838
2021-09-02T07:00:00.000000000,201.42,191.31564
2021-09-02T08:00:00.000000000,209.72,181.12873
2021-09-02T09:00:00.000000000,215.76,175.17934
2021-09-02T10:00:00.000000000,212.76,176.25941
2021-09-02T11:00:00.000000000,206.03,180.78865
2021-09-02T12:00:00.000000000,211.37,182.96661
2021-09-02T13:00:00.000000000,226.16,178.17011
2021-09-02T14:00:00.000000000,213.45,163.81551
2021-09-02T15:00:00.000000000,143.0,144.806
2021-09-02T16:00:00.000000000,128.12,129.58509
2021-09-02T17:00:00.000000000,126.1,122.50902
2021-09-02T18:00:00.000000000,126.52,122.08045
2021-09-02T19:00:00.000000000,125.54,123.96714
2021-09-02T20:00:00.000000000,121.29,126.25552
2021-09-02T21:00:00.000000000,118.15,131.75729
2021-09-02T22:00:00.000000000,121.49,142.30582
2021-09-02T23:00:00.000000000,134.38,155.12257
2021-09-03T00:00:00.000000000,132.63,185.06938
2021-09-03T01:00:00.000000000,189.53,197.86727
2021-09-03T02:00:00.000000000,239.95,211.03221
2021-09-03T03:00:00.000000000,232.65,222.57488
2021-09-03T04:00:00.000000000,235.12,225.12156
2021-09-03T05:00:00.000000000,244.77,222.14986
2021-09-03T06:00:00.000000000,228.44,217.9065
2021-09-03T07:00:00.000000000,228.1,211.93182
2021-09-03T08:00:00.000000000,231.0,205.07716
2021-09-03T09:00:00.000000000,224.53,200.48362
2021-09-03T10:00:00.000000000,228.33,200.87178
2021-09-03T11:00:00.000000000,237.79,205.3533
2021-09-03T12:00:00.000000000,242.67,208.54172
2021-09-03T13:00:00.000000000,244.82,205.2805
2021-09-03T14:00:00.000000000,229.09,191.84872
2021-09-03T15:00:00.000000000,159.41,172.10289
2021-09-03T16:00:00.000000000,134.42,155.0274
2021-09-03T17:00:00.000000000,129.5,145.76104
2021-09-03T18:00:00.000000000,128.17,142.88302
2021-09-03T19:00:00.000000000,126.84,142.55805
2021-09-03T20:00:00.000000000,121.23,143.12596
2021-09-03T21:00:00.000000000,119.84,147.49864
2021-09-03T22:00:00.000000000,128.75,155.89302
2021-09-03T23:00:00.000000000,138.64,167.34446
2021-09-04T00:00:00.000000000,157.94,191.56987
2021-09-04T01:00:00.000000000,216.58,205.42633
2021-09-04T02:00:00.000000000,259.38,222.61603
2021-09-04T03:00:00.000000000,258.6,238.95999
2021-09-04T04:00:00.000000000,258.66,244.06837
2021-09-04T05:00:00.000000000,265.6,240.7941
2021-09-04T06:00:00.000000000,255.76,236.13573
2021-09-04T07:00:00.000000000,249.0,230.39304
2021-09-04T08:00:00.000000000,243.45,223.78271
2021-09-04T09:00:00.000000000,244.74,218.03235
2021-09-04T10:00:00.000000000,245.52,216.20842
2021-09-04T11:00:00.000000000,247.24,219.59983
2021-09-04T12:00:00.000000000,252.35,222.44109
2021-09-04T13:00:00.000000000,254.37,218.00564
2021-09-04T14:00:00.000000000,220.37,203.01948
2021-09-04T15:00:00.000000000,139.9,183.12428
2021-09-04T16:00:00.000000000,118.72,167.47871
2021-09-04T17:00:00.000000000,113.1,159.57737
2021-09-04T18:00:00.000000000,108.19,156.36948
2021-09-04T19:00:00.000000000,115.83,153.94759
2021-09-04T20:00:00.000000000,113.35,152.379
2021-09-04T21:00:00.000000000,118.51,155.91866
2021-09-04T22:00:00.000000000,137.37,164.05744
2021-09-04T23:00:00.000000000,154.31,174.7053
2021-09-02T00:00:00.000000000,116.13,151.2175
2021-09-02T01:00:00.000000000,149.74,181.18657
2021-09-02T02:00:00.000000000,212.7,206.70158
2021-09-02T03:00:00.000000000,212.97,220.13029
2021-09-02T04:00:00.000000000,212.32,217.63383
2021-09-02T05:00:00.000000000,205.15,209.86071
2021-09-02T06:00:00.000000000,206.06,204.43277
2021-09-02T07:00:00.000000000,201.42,199.06361
2021-09-02T08:00:00.000000000,209.72,190.17587
2021-09-02T09:00:00.000000000,215.76,180.96119
2021-09-02T10:00:00.000000000,212.76,177.93396
2021-09-02T11:00:00.000000000,206.03,181.72979
2021-09-02T12:00:00.000000000,211.37,184.84898
2021-09-02T13:00:00.000000000,226.16,180.54072
2021-09-02T14:00:00.000000000,213.45,163.59996
2021-09-02T15:00:00.000000000,143.0,138.04235
2021-09-02T16:00:00.000000000,128.12,115.25967
2021-09-02T17:00:00.000000000,126.1,102.04163
2021-09-02T18:00:00.000000000,126.52,98.10912
2021-09-02T19:00:00.000000000,125.54,99.18754
2021-09-02T20:00:00.000000000,121.29,101.90682
2021-09-02T21:00:00.000000000,118.15,105.13282
2021-09-02T22:00:00.000000000,121.49,110.48841
2021-09-02T23:00:00.000000000,134.38,122.66262
2021-09-03T00:00:00.000000000,132.63,161.77984
2021-09-03T01:00:00.000000000,189.53,180.5223
2021-09-03T02:00:00.000000000,239.95,202.20312
2021-09-03T03:00:00.000000000,232.65,221.8217
2021-09-03T04:00:00.000000000,235.12,227.72465
2021-09-03T05:00:00.000000000,244.77,223.64779
2021-09-03T06:00:00.000000000,228.44,217.54677
2021-09-03T07:00:00.000000000,228.1,211.05832
2021-09-03T08:00:00.000000000,231.0,203.34727
2021-09-03T09:00:00.000000000,224.53,196.86557
2021-09-03T10:00:00.000000000,228.33,195.34518
2021-09-03T11:00:00.000000000,237.79,198.16735
2021-09-03T12:00:00.000000000,242.67,200.13905
2021-09-03T13:00:00.000000000,244.82,195.69943
2021-09-03T14:00:00.000000000,229.09,179.4874
2021-09-03T15:00:00.000000000,159.41,154.78386
2021-09-03T16:00:00.000000000,134.42,132.96124
2021-09-03T17:00:00.000000000,129.5,120.91312
2021-09-03T18:00:00.000000000,128.17,117.13616
2021-09-03T19:00:00.000000000,126.84,116.92532
2021-09-03T20:00:00.000000000,121.23,118.37714
2021-09-03T21:00:00.000000000,119.84,122.92615
2021-09-03T22:00:00.000000000,128.75,130.85031
2021-09-03T23:00:00.000000000,138.64,142.31842
2021-09-04T00:00:00.000000000,157.94,176.37147
2021-09-04T01:00:00.000000000,216.58,192.74587
2021-09-04T02:00:00.000000000,259.38,213.02502
2021-09-04T03:00:00.000000000,258.6,234.09707
2021-09-04T04:00:00.000000000,258.66,243.17997
2021-09-04T05:00:00.000000000,265.6,241.44616
2021-09-04T06:00:00.000000000,255.76,235.2623
2021-09-04T07:00:00.000000000,249.0,227.12536
2021-09-04T08:00:00.000000000,243.45,218.51459
2021-09-04T09:00:00.000000000,244.74,212.43524
2021-09-04T10:00:00.000000000,245.52,210.92278
2021-09-04T11:00:00.000000000,247.24,212.37717
2021-09-04T12:00:00.000000000,252.35,213.05771
2021-09-04T13:00:00.000000000,254.37,208.84221
2021-09-04T14:00:00.000000000,220.37,193.19207
2021-09-04T15:00:00.000000000,139.9,167.33772
2021-09-04T16:00:00.000000000,118.72,143.6358
2021-09-04T17:00:00.000000000,113.1,131.10059
2021-09-04T18:00:00.000000000,108.19,128.64142
2021-09-04T19:00:00.000000000,115.83,130.2
2021-09-04T20:00:00.000000000,113.35,132.09372
2021-09-04T21:00:00.000000000,118.51,136.51954
2021-09-04T22:00:00.000000000,137.37,144.20884
2021-09-04T23:00:00.000000000,154.31,155.80775
2021-09-05T00:00:00.000000000,173.32,190.92584
2021-09-05T01:00:00.000000000,235.14,211.30633
2021-09-05T02:00:00.000000000,278.71,232.55626
2021-09-05T03:00:00.000000000,266.37,250.64513
2021-09-05T04:00:00.000000000,265.35,255.4778
2021-09-05T05:00:00.000000000,270.71,250.71198
2021-09-05T06:00:00.000000000,271.4,243.95433
2021-09-05T07:00:00.000000000,268.6,236.25104
2021-09-05T08:00:00.000000000,265.68,227.6802
2021-09-05T09:00:00.000000000,256.36,220.79973
2021-09-05T10:00:00.000000000,253.14,219.15967
2021-09-05T11:00:00.000000000,249.36,223.62492
2021-09-05T12:00:00.000000000,251.11,228.35781
2021-09-05T13:00:00.000000000,253.04,225.07187
2021-09-05T14:00:00.000000000,219.34,207.00891
2021-09-05T15:00:00.000000000,145.44,178.82583
2021-09-05T16:00:00.000000000,127.05,154.64684
2021-09-05T17:00:00.000000000,123.8,142.26546
2021-09-05T18:00:00.000000000,127.32,138.65156
2021-09-05T19:00:00.000000000,134.23,137.80102
2021-09-05T20:00:00.000000000,127.62,138.21689
2021-09-05T21:00:00.000000000,143.49,142.88815
2021-09-05T22:00:00.000000000,156.54,152.43994
2021-09-05T23:00:00.000000000,172.47,167.04054
2021-09-03T00:00:00.000000000,132.63,183.15689
2021-09-03T01:00:00.000000000,189.53,212.2628
2021-09-03T02:00:00.000000000,239.95,236.17195
2021-09-03T03:00:00.000000000,232.65,251.90842
2021-09-03T04:00:00.000000000,235.12,253.79247
2021-09-03T05:00:00.000000000,244.77,248.9704
2021-09-03T06:00:00.000000000,228.44,243.81081
2021-09-03T07:00:00.000000000,228.1,237.13377
2021-09-03T08:00:00.000000000,231.0,227.61847
2021-09-03T09:00:00.000000000,224.53,219.41598
2021-09-03T10:00:00.000000000,228.33,217.0215
2021-09-03T11:00:00.000000000,237.79,220.50453
2021-09-03T12:00:00.000000000,242.67,224.6352
2021-09-03T13:00:00.000000000,244.82,220.65181
2021-09-03T14:00:00.000000000,229.09,197.63781
2021-09-03T15:00:00.000000000,159.41,159.22008
2021-09-03T16:00:00.000000000,134.42,126.3444
2021-09-03T17:00:00.000000000,129.5,111.71797
2021-09-03T18:00:00.000000000,128.17,111.4324
2021-09-03T19:00:00.000000000,126.84,115.08311
2021-09-03T20:00:00.000000000,121.23,117.38987
2021-09-03T21:00:00.000000000,119.84,120.81783
2021-09-03T22:00:00.000000000,128.75,129.80569
2021-09-03T23:00:00.000000000,138.64,149.13355
2021-09-04T00:00:00.000000000,157.94,183.22333
2021-09-04T01:00:00.000000000,216.58,201.37767
2021-09-04T02:00:00.000000000,259.38,222.65251
2021-09-04T03:00:00.000000000,258.6,243.65359
2021-09-04T04:00:00.000000000,258.66,252.10452
2021-09-04T05:00:00.000000000,265.6,250.04446
2021-09-04T06:00:00.000000000,255.76,243.58076
2021-09-04T07:00:00.000000000,249.0,234.05265
2021-09-04T08:00:00.000000000,243.45,222.79225
2021-09-04T09:00:00.000000000,244.74,214.95453
2021-09-04T10:00:00.000000000,245.52,214.31
2021-09-04T11:00:00.000000000,247.24,218.33288
2021-09-04T12:00:00.000000000,252.35,221.454
2021-09-04T13:00:00.000000000,254.37,216.91535
2021-09-04T14:00:00.000000000,220.37,196.80706
2021-09-04T15:00:00.000000000,139.9,164.81002
2021-09-04T16:00:00.000000000,118.72,137.2151
2021-09-04T17:00:00.000000000,113.1,124.43046
2021-09-04T18:00:00.000000000,108.19,123.71745
2021-09-04T19:00:00.000000000,115.83,127.43076
2021-09-04T20:00:00.000000000,113.35,131.05274
2021-09-04T21:00:00.000000000,118.51,136.49687
2021-09-04T22:00:00.000000000,137.37,145.63776
2021-09-04T23:00:00.000000000,154.31,159.72925
2021-09-05T00:00:00.000000000,173.32,198.94996
2021-09-05T01:00:00.000000000,235.14,221.48014
2021-09-05T02:00:00.000000000,278.71,243.20022
2021-09-05T03:00:00.000000000,266.37,260.64148
2021-09-05T04:00:00.000000000,265.35,264.27593
2021-09-05T05:00:00.000000000,270.71,258.4317
2021-09-05T06:00:00.000000000,271.4,250.3908
2021-09-05T07:00:00.000000000,268.6,240.76918
2021-09-05T08:00:00.000000000,265.68,230.00205
2021-09-05T09:00:00.000000000,256.36,222.48254
2021-09-05T10:00:00.000000000,253.14,222.44584
2021-09-05T11:00:00.000000000,249.36,229.62704
2021-09-05T12:00:00.000000000,251.11,237.9947
2021-09-05T13:00:00.000000000,253.04,236.57743
2021-09-05T14:00:00.000000000,219.34,214.67024
2021-09-05T15:00:00.000000000,145.44,178.32144
2021-09-05T16:00:00.000000000,127.05,147.81091
2021-09-05T17:00:00.000000000,123.8,134.30945
2021-09-05T18:00:00.000000000,127.32,133.00855
2021-09-05T19:00:00.000000000,134.23,135.31278
2021-09-05T20:00:00.000000000,127.62,138.07224
2021-09-05T21:00:00.000000000,143.49,143.50639
2021-09-05T22:00:00.000000000,156.54,154.05796
2021-09-05T23:00:00.000000000,172.47,171.52031
2021-09-06T00:00:00.000000000,188.7,204.38993
2021-09-06T01:00:00.000000000,244.95,230.78272
2021-09-06T02:00:00.000000000,277.41,252.25332
2021-09-06T03:00:00.000000000,273.37,265.55904
2021-09-06T04:00:00.000000000,274.7,265.11977
2021-09-06T05:00:00.000000000,273.67,257.95852
2021-09-06T06:00:00.000000000,271.04,250.68286
2021-09-06T07:00:00.000000000,276.53,242.48115
2021-09-06T08:00:00.000000000,273.37,233.3845
2021-09-06T09:00:00.000000000,264.66,227.17397
2021-09-06T10:00:00.000000000,265.22,227.34628
2021-09-06T11:00:00.000000000,264.77,234.74789
2021-09-06T12:00:00.000000000,265.41,244.49813
2021-09-06T13:00:00.000000000,266.0,245.2866
2021-09-06T14:00:00.000000000,244.93,224.43372
2021-09-06T15:00:00.000000000,172.42,187.14889
2021-09-06T16:00:00.000000000,150.15,155.01098
2021-09-06T17:00:00.000000000,139.13,140.22017
2021-09-06T18:00:00.000000000,145.35,138.31173
2021-09-06T19:00:00.000000000,149.39,140.41983
2021-09-06T20:00:00.000000000,155.09,142.63202
2021-09-06T21:00:00.000000000,165.61,146.58377
2021-09-06T22:00:00.000000000,178.03,155.4942
2021-09-06T23:00:00.000000000,190.82,173.45931
2021-09-04T00:00:00.000000000,157.94,189.21577
2021-09-04T01:00:00.000000000,216.58,217.51831
2021-09-04T02:00:00.000000000,259.38,242.06347
2021-09-04T03:00:00.000000000,258.6,258.9355
2021-09-04T04:00:00.000000000,258.66,260.53264
2021-09-04T05:00:00.000000000,265.6,254.07384
2021-09-04T06:00:00.000000000,255.76,247.63619
2021-09-04T07:00:00.000000000,249.0,240.53769
2021-09-04T08:00:00.000000000,243.45,230.74616
2021-09-04T09:00:00.000000000,244.74,222.58687
2021-09-04T10:00:00.000000000,245.52,221.31605
2021-09-04T11:00:00.000000000,247.24,227.11029
2021-09-04T12:00:00.000000000,252.35,234.27349
2021-09-04T13:00:00.000000000,254.37,231.2345
2021-09-04T14:00:00.000000000,220.37,205.00624
2021-09-04T15:00:00.000000000,139.9,161.73347
2021-09-04T16:00:00.000000000,118.72,126.39474
2021-09-04T17:00:00.000000000,113.1,112.75762
2021-09-04T18:00:00.000000000,108.19,114.42717
2021-09-04T19:00:00.000000000,115.83,119.46824
2021-09-04T20:00:00.000000000,113.35,122.87541
2021-09-04T21:00:00.000000000,118.51,127.27164
2021-09-04T22:00:00.000000000,137.37,136.93877
2021-09-04T23:00:00.000000000,154.31,156.21137
2021-09-05T00:00:00.000000000,173.32,200.07265
2021-09-05T01:00:00.000000000,235.14,226.55105
2021-09-05T02:00:00.000000000,278.71,250.03484
2021-09-05T03:00:00.000000000,266.37,266.7921
2021-09-05T04:00:00.000000000,265.35,268.71478
2021-09-05T05:00:00.000000000,270.71,261.83415
2021-09-05T06:00:00.000000000,271.4,253.87602
2021-09-05T07:00:00.000000000,268.6,244.63163
2021-09-05T08:00:00.000000000,265.68,233.477
2021-09-05T09:00:00.000000000,256.36,225.34771
2021-09-05T10:00:00.000000000,253.14,225.39873
2021-09-05T11:00:00.000000000,249.36,233.15982
2021-09-05T12:00:00.000000000,251.11,241.38057
2021-09-05T13:00:00.000000000,253.04,237.62234
2021-09-05T14:00:00.000000000,219.34,210.9431
2021-09-05T15:00:00.000000000,145.44,169.25492
2021-09-05T16:00:00.000000000,127.05,135.87058
2021-09-05T17:00:00.000000000,123.8,122.81302
2021-09-05T18:00:00.000000000,127.32,123.48885
2021-09-05T19:00:00.000000000,134.23,127.24758
2021-09-05T20:00:00.000000000,127.62,130.54616
2021-09-05T21:00:00.000000000,143.49,136.24927
2021-09-05T22:00:00.000000000,156.54,147.93392
2021-09-05T23:00:00.000000000,172.47,168.1763
2021-09-06T00:00:00.000000000,188.7,209.84158
2021-09-06T01:00:00.000000000,244.95,233.5365
2021-09-06T02:00:00.000000000,277.41,253.93665
2021-09-06T03:00:00.000000000,273.37,268.15764
2021-09-06T04:00:00.000000000,274.7,268.81804
2021-09-06T05:00:00.000000000,273.67,261.88272
2021-09-06T06:00:00.000000000,271.04,254.42561
2021-09-06T07:00:00.000000000,276.53,245.7755
2021-09-06T08:00:00.000000000,273.37,235.91367
2021-09-06T09:00:00.000000000,264.66,229.42631
2021-09-06T10:00:00.000000000,265.22,230.2911
2021-09-06T11:00:00.000000000,264.77,238.43907
2021-09-06T12:00:00.000000000,265.41,247.90753
2021-09-06T13:00:00.000000000,266.0,246.25488
2021-09-06T14:00:00.000000000,244.93,221.677
2021-09-06T15:00:00.000000000,172.42,181.89778
2021-09-06T16:00:00.000000000,150.15,149.82994
2021-09-06T17:00:00.000000000,139.13,137.086
2021-09-06T18:00:00.000000000,145.35,137.05787
2021-09-06T19:00:00.000000000,149.39,140.08361
2021-09-06T20:00:00.000000000,155.09,143.11584
2021-09-06T21:00:00.000000000,165.61,148.79087
2021-09-06T22:00:00.000000000,178.03,160.30548
2021-09-06T23:00:00.000000000,190.82,179.95598
2021-09-07T00:00:00.000000000,205.94,212.79317
2021-09-07T01:00:00.000000000,250.45,238.09733
2021-09-07T02:00:00.000000000,275.52,257.57596
2021-09-07T03:00:00.000000000,267.81,267.72247
2021-09-07T04:00:00.000000000,271.41,265.26781
2021-09-07T05:00:00.000000000,265.58,258.2418
2021-09-07T06:00:00.000000000,255.44,252.17436
2021-09-07T07:00:00.000000000,250.15,244.41657
2021-09-07T08:00:00.000000000,244.28,234.98412
2021-09-07T09:00:00.000000000,245.75,228.07436
2021-09-07T10:00:00.000000000,246.22,227.9775
2021-09-07T11:00:00.000000000,246.91,235.52021
2021-09-07T12:00:00.000000000,247.3,243.83453
2021-09-07T13:00:00.000000000,269.58,242.01063
2021-09-07T14:00:00.000000000,267.92,220.95856
2021-09-07T15:00:00.000000000,201.25,187.51579
2021-09-07T16:00:00.000000000,174.84,160.17538
2021-09-07T17:00:00.000000000,169.78,148.03005
2021-09-07T18:00:00.000000000,170.83,146.74035
2021-09-07T19:00:00.000000000,173.25,148.59805
2021-09-07T20:00:00.000000000,176.33,150.22926
2021-09-07T21:00:00.000000000,178.7,154.09951
2021-09-07T22:00:00.000000000,190.23,163.33407
2021-09-07T23:00:00.000000000,200.22,181.34283
2021-09-05T00:00:00.000000000,173.32,199.58953
2021-09-05T01:00:00.000000000,235.14,225.76007
2021-09-05T02:00:00.000000000,278.71,250.0798
2021-09-05T03:00:00.000000000,266.37,268.42996
2021-09-05T04:00:00.000000000,265.35,270.75261
2021-09-05T05:00:00.000000000,270.71,263.1169
2021-09-05T06:00:00.000000000,271.4,254.88235
2021-09-05T07:00:00.000000000,268.6,246.01859
2021-09-05T08:00:00.000000000,265.68,234.61362
2021-09-05T09:00:00.000000000,256.36,226.25032
2021-09-05T10:00:00.000000000,253.14,227.30341
2021-09-05T11:00:00.000000000,249.36,236.04185
2021-09-05T12:00:00.000000000,251.11,243.67265
2021-09-05T13:00:00.000000000,253.04,235.98563
2021-09-05T14:00:00.000000000,219.34,202.16555
2021-09-05T15:00:00.000000000,145.44,153.63148
2021-09-05T16:00:00.000000000,127.05,117.91574
2021-09-05T17:00:00.000000000,123.8,107.54943
2021-09-05T18:00:00.000000000,127.32,112.34524
2021-09-05T19:00:00.000000000,134.23,118.72914
2021-09-05T20:00:00.000000000,127.62,123.39578
2021-09-05T21:00:00.000000000,143.49,130.53994
2021-09-05T22:00:00.000000000,156.54,144.47371
2021-09-05T23:00:00.000000000,172.47,166.92529
2021-09-06T00:00:00.000000000,188.7,209.3828
2021-09-06T01:00:00.000000000,244.95,231.7767
2021-09-06T02:00:00.000000000,277.41,251.53176
2021-09-06T03:00:00.000000000,273.37,266.13035
2021-09-06T04:00:00.000000000,274.7,267.75244
2021-09-06T05:00:00.000000000,273.67,261.82024
2021-09-06T06:00:00.000000000,271.04,254.93103
2021-09-06T07:00:00.000000000,276.53,246.13734
2021-09-06T08:00:00.000000000,273.37,235.62304
2021-09-06T09:00:00.000000000,264.66,228.63312
2021-09-06T10:00:00.000000000,265.22,229.51277
2021-09-06T11:00:00.000000000,264.77,236.83037
2021-09-06T12:00:00.000000000,265.41,243.39509
2021-09-06T13:00:00.000000000,266.0,237.96749
2021-09-06T14:00:00.000000000,244.93,211.3455
2021-09-06T15:00:00.000000000,172.42,171.88755
2021-09-06T16:00:00.000000000,150.15,141.21485
2021-09-06T17:00:00.000000000,139.13,129.69253
2021-09-06T18:00:00.000000000,145.35,130.68089
2021-09-06T19:00:00.000000000,149.39,134.46797
2021-09-06T20:00:00.000000000,155.09,137.9105
2021-09-06T21:00:00.000000000,165.61,144.35477
2021-09-06T22:00:00.000000000,178.03,157.50059
2021-09-06T23:00:00.000000000,190.82,178.78396
2021-09-07T00:00:00.000000000,205.94,217.91303
2021-09-07T01:00:00.000000000,250.45,240.03115
2021-09-07T02:00:00.000000000,275.52,256.95917
2021-09-07T03:00:00.000000000,267.81,266.52364
2021-09-07T04:00:00.000000000,271.41,265.07357
2021-09-07T05:00:00.000000000,265.58,259.51307
2021-09-07T06:00:00.000000000,255.44,254.32619
2021-09-07T07:00:00.000000000,250.15,246.21131
2021-09-07T08:00:00.000000000,244.28,236.00538
2021-09-07T09:00:00.000000000,245.75,228.95693
2021-09-07T10:00:00.000000000,246.22,229.33547
2021-09-07T11:00:00.000000000,246.91,236.90526
2021-09-07T12:00:00.000000000,247.3,244.51436
2021-09-07T13:00:00.000000000,269.58,241.83345
2021-09-07T14:00:00.000000000,267.92,220.68924
2021-09-07T15:00:00.000000000,201.25,187.9711
2021-09-07T16:00:00.000000000,174.84,161.29213
2021-09-07T17:00:00.000000000,169.78,149.21517
2021-09-07T18:00:00.000000000,170.83,147.74315
2021-09-07T19:00:00.000000000,173.25,149.7366
2021-09-07T20:00:00.000000000,176.33,151.9675
2021-09-07T21:00:00.000000000,178.7,156.99902
2021-09-07T22:00:00.000000000,190.23,168.0705
2021-09-07T23:00:00.000000000,200.22,187.63331
2021-09-08T00:00:00.000000000,217.09,218.1283
2021-09-08T01:00:00.000000000,254.29,244.01011
2021-09-08T02:00:00.000000000,271.36,260.85334
2021-09-08T03:00:00.000000000,265.52,267.1664
2021-09-08T04:00:00.000000000,253.55,262.96767
2021-09-08T05:00:00.000000000,250.98,256.72849
2021-09-08T06:00:00.000000000,245.69,251.91145
2021-09-08T07:00:00.000000000,239.69,244.48492
2021-09-08T08:00:00.000000000,237.99,235.76732
2021-09-08T09:00:00.000000000,234.75,229.93416
2021-09-08T10:00:00.000000000,223.09,230.04987
2021-09-08T11:00:00.000000000,230.99,236.57949
2021-09-08T12:00:00.000000000,249.51,244.08973
2021-09-08T13:00:00.000000000,263.73,244.03689
2021-09-08T14:00:00.000000000,253.99,227.22236
2021-09-08T15:00:00.000000000,198.79,197.3117
2021-09-08T16:00:00.000000000,167.52,170.52157
2021-09-08T17:00:00.000000000,163.38,156.15666
2021-09-08T18:00:00.000000000,162.38,152.55807
2021-09-08T19:00:00.000000000,168.6,153.21468
2021-09-08T20:00:00.000000000,180.67,154.18923
2021-09-08T21:00:00.000000000,190.08,157.0461
2021-09-08T22:00:00.000000000,199.58,165.43399
2021-09-08T23:00:00.000000000,211.16,184.55599
2021-09-06T00:00:00.000000000,188.7,216.63864
2021-09-06T01:00:00.000000000,244.95,236.81974
2021-09-06T02:00:00.000000000,277.41,253.754
2021-09-06T03:00:00.000000000,273.37,266.8966
2021-09-06T04:00:00.000000000,274.7,267.66292
2021-09-06T05:00:00.000000000,273.67,260.9474
2021-09-06T06:00:00.000000000,271.04,254.19777
2021-09-06T07:00:00.000000000,276.53,246.32465
2021-09-06T08:00:00.000000000,273.37,236.42461
2021-09-06T09:00:00.000000000,264.66,229.47228
2021-09-06T10:00:00.000000000,265.22,229.66785
2021-09-06T11:00:00.000000000,264.77,235.75749
2021-09-06T12:00:00.000000000,265.41,242.55321
2021-09-06T13:00:00.000000000,266.0,237.75175
2021-09-06T14:00:00.000000000,244.93,208.77896
2021-09-06T15:00:00.000000000,172.42,164.39552
2021-09-06T16:00:00.000000000,150.15,130.86089
2021-09-06T17:00:00.000000000,139.13,121.00089
2021-09-06T18:00:00.000000000,145.35,125.59249
2021-09-06T19:00:00.000000000,149.39,132.13393
2021-09-06T20:00:00.000000000,155.09,137.20656
2021-09-06T21:00:00.000000000,165.61,145.09808
2021-09-06T22:00:00.000000000,178.03,160.59244
2021-09-06T23:00:00.000000000,190.82,184.83604
2021-09-07T00:00:00.000000000,205.94,219.54432
2021-09-07T01:00:00.000000000,250.45,239.27825
2021-09-07T02:00:00.000000000,275.52,254.83559
2021-09-07T03:00:00.000000000,267.81,264.69165
2021-09-07T04:00:00.000000000,271.41,264.26233
2021-09-07T05:00:00.000000000,265.58,259.76947
2021-09-07T06:00:00.000000000,255.44,255.26289
2021-09-07T07:00:00.000000000,250.15,247.04926
2021-09-07T08:00:00.000000000,244.28,236.13368
2021-09-07T09:00:00.000000000,245.75,228.82915
2021-09-07T10:00:00.000000000,246.22,229.70184
2021-09-07T11:00:00.000000000,246.91,237.25096
2021-09-07T12:00:00.000000000,247.3,243.92367
2021-09-07T13:00:00.000000000,269.58,239.4372
2021-09-07T14:00:00.000000000,267.92,216.1275
2021-09-07T15:00:00.000000000,201.25,181.84281
2021-09-07T16:00:00.000000000,174.84,154.90941
2021-09-07T17:00:00.000000000,169.78,143.809
2021-09-07T18:00:00.000000000,170.83,143.85788
2021-09-07T19:00:00.000000000,173.25,147.35762
2021-09-07T20:00:00.000000000,176.33,150.6862
2021-09-07T21:00:00.000000000,178.7,156.76367
2021-09-07T22:00:00.000000000,190.23,169.33263
2021-09-07T23:00:00.000000000,200.22,190.10218
2021-09-08T00:00:00.000000000,217.09,220.61872
2021-09-08T01:00:00.000000000,254.29,243.30667
2021-09-08T02:00:00.000000000,271.36,258.87689
2021-09-08T03:00:00.000000000,265.52,266.07083
2021-09-08T04:00:00.000000000,253.55,263.38116
2021-09-08T05:00:00.000000000,250.98,258.3285
2021-09-08T06:00:00.000000000,245.69,254.03221
2021-09-08T07:00:00.000000000,239.69,246.05069
2021-09-08T08:00:00.000000000,237.99,236.00515
2021-09-08T09:00:00.000000000,234.75,229.53121
2021-09-08T10:00:00.000000000,223.09,230.47523
2021-09-08T11:00:00.000000000,230.99,238.25288
2021-09-08T12:00:00.000000000,249.51,246.23966
2021-09-08T13:00:00.000000000,263.73,245.02027
2021-09-08T14:00:00.000000000,253.99,226.06572
2021-09-08T15:00:00.000000000,198.79,194.82687
2021-09-08T16:00:00.000000000,167.52,168.02458
2021-09-08T17:00:00.000000000,163.38,154.39155
2021-09-08T18:00:00.000000000,162.38,151.45653
2021-09-08T19:00:00.000000000,168.6,152.81495
2021-09-08T20:00:00.000000000,180.67,154.71149
2021-09-08T21:00:00.000000000,190.08,158.90492
2021-09-08T22:00:00.000000000,199.58,169.18623
2021-09-08T23:00:00.000000000,211.16,189.29472
2021-09-09T00:00:00.000000000,226.08,214.00775
2021-09-09T01:00:00.000000000,264.47,238.86159
2021-09-09T02:00:00.000000000,286.05,255.00581
2021-09-09T03:00:00.000000000,277.98,261.50064
2021-09-09T04:00:00.000000000,281.68,258.32694
2021-09-09T05:00:00.000000000,278.69,253.42316
2021-09-09T06:00:00.000000000,274.03,249.51317
2021-09-09T07:00:00.000000000,271.56,242.48703
2021-09-09T08:00:00.000000000,271.72,234.17945
2021-09-09T09:00:00.000000000,274.75,228.76046
2021-09-09T10:00:00.000000000,275.55,228.78341
2021-09-09T11:00:00.000000000,273.02,234.57025
2021-09-09T12:00:00.000000000,267.73,241.23014
2021-09-09T13:00:00.000000000,265.42,241.42023
2021-09-09T14:00:00.000000000,254.84,226.27266
2021-09-09T15:00:00.000000000,203.57,198.18624
2021-09-09T16:00:00.000000000,182.97,171.99765
2021-09-09T17:00:00.000000000,176.28,156.83447
2021-09-09T18:00:00.000000000,177.61,152.26717
2021-09-09T19:00:00.000000000,181.02,152.40471
2021-09-09T20:00:00.000000000,190.59,152.96712
2021-09-09T21:00:00.000000000,201.59,155.34203
2021-09-09T22:00:00.000000000,207.61,163.22929
2021-09-09T23:00:00.000000000,219.04,181.86672
2021-09-07T00:00:00.000000000,205.94,215.81016
2021-09-07T01:00:00.000000000,250.45,235.04217
2021-09-07T02:00:00.000000000,275.52,250.82492
2021-09-07T03:00:00.000000000,267.81,262.87858
2021-09-07T04:00:00.000000000,271.41,264.52643
2021-09-07T05:00:00.000000000,265.58,260.29702
2021-09-07T06:00:00.000000000,255.44,254.81604
2021-09-07T07:00:00.000000000,250.15,246.18157
2021-09-07T08:00:00.000000000,244.28,235.16058
2021-09-07T09:00:00.000000000,245.75,227.31537
2021-09-07T10:00:00.000000000,246.22,226.19842
2021-09-07T11:00:00.000000000,246.91,230.04282
2021-09-07T12:00:00.000000000,247.3,235.0867
2021-09-07T13:00:00.000000000,269.58,232.99404
2021-09-07T14:00:00.000000000,267.92,211.79547
2021-09-07T15:00:00.000000000,201.25,175.23203
2021-09-07T16:00:00.000000000,174.84,144.56478
2021-09-07T17:00:00.000000000,169.78,132.86123
2021-09-07T18:00:00.000000000,170.83,135.59139
2021-09-07T19:00:00.000000000,173.25,142.41107
2021-09-07T20:00:00.000000000,176.33,147.23619
2021-09-07T21:00:00.000000000,178.7,152.95986
2021-09-07T22:00:00.000000000,190.23,164.13273
2021-09-07T23:00:00.000000000,200.22,184.03505
2021-09-08T00:00:00.000000000,217.09,208.52144
2021-09-08T01:00:00.000000000,254.29,223.51378
2021-09-08T02:00:00.000000000,271.36,237.81759
2021-09-08T03:00:00.000000000,265.52,250.16627
2021-09-08T04:00:00.000000000,253.55,253.07002
2021-09-08T05:00:00.000000000,250.98,250.20097
2021-09-08T06:00:00.000000000,245.69,245.60357
2021-09-08T07:00:00.000000000,239.69,237.43834
2021-09-08T08:00:00.000000000,237.99,227.69497
2021-09-08T09:00:00.000000000,234.75,221.87174
2021-09-08T10:00:00.000000000,223.09,223.20322
2021-09-08T11:00:00.000000000,230.99,229.81918
2021-09-08T12:00:00.000000000,249.51,235.33187
2021-09-08T13:00:00.000000000,263.73,231.44254
2021-09-08T14:00:00.000000000,253.99,211.38025
2021-09-08T15:00:00.000000000,198.79,181.61157
2021-09-08T16:00:00.000000000,167.52,157.53966
2021-09-08T17:00:00.000000000,163.38,146.76523
2021-09-08T18:00:00.000000000,162.38,145.59363
2021-09-08T19:00:00.000000000,168.6,147.73072
2021-09-08T20:00:00.000000000,180.67,150.25537
2021-09-08T21:00:00.000000000,190.08,155.97092
2021-09-08T22:00:00.000000000,199.58,167.62626
2021-09-08T23:00:00.000000000,211.16,185.33485
2021-09-09T00:00:00.000000000,226.08,212.09134
2021-09-09T01:00:00.000000000,264.47,230.99628
2021-09-09T02:00:00.000000000,286.05,245.87149
2021-09-09T03:00:00.000000000,277.98,255.62583
2021-09-09T04:00:00.000000000,281.68,256.10235
2021-09-09T05:00:00.000000000,278.69,252.74719
2021-09-09T06:00:00.000000000,274.03,248.91466
2021-09-09T07:00:00.000000000,271.56,241.61957
2021-09-09T08:00:00.000000000,271.72,232.89925
2021-09-09T09:00:00.000000000,274.75,227.42529
2021-09-09T10:00:00.000000000,275.55,227.97706
2021-09-09T11:00:00.000000000,273.02,233.94915
2021-09-09T12:00:00.000000000,267.73,239.62692
2021-09-09T13:00:00.000000000,265.42,237.51137
2021-09-09T14:00:00.000000000,254.84,220.5582
2021-09-09T15:00:00.000000000,203.57,193.09375
2021-09-09T16:00:00.000000000,182.97,169.05229
2021-09-09T17:00:00.000000000,176.28,156.03167
2021-09-09T18:00:00.000000000,177.61,152.28043
2021-09-09T19:00:00.000000000,181.02,152.4139
2021-09-09T20:00:00.000000000,190.59,153.31274
2021-09-09T21:00:00.000000000,201.59,157.25876
2021-09-09T22:00:00.000000000,207.61,167.1991
2021-09-09T23:00:00.000000000,219.04,185.23215
2021-09-10T00:00:00.000000000,230.22,207.88496
2021-09-10T01:00:00.000000000,268.35,230.22121
2021-09-10T02:00:00.000000000,282.25,246.1344
2021-09-10T03:00:00.000000000,279.68,254.79521
2021-09-10T04:00:00.000000000,276.23,254.38487
2021-09-10T05:00:00.000000000,269.23,251.51432
2021-09-10T06:00:00.000000000,260.16,248.39916
2021-09-10T07:00:00.000000000,264.15,241.37788
2021-09-10T08:00:00.000000000,262.16,232.78736
2021-09-10T09:00:00.000000000,263.06,227.27652
2021-09-10T10:00:00.000000000,257.62,227.08175
2021-09-10T11:00:00.000000000,258.39,231.4862
2021-09-10T12:00:00.000000000,262.24,235.42065
2021-09-10T13:00:00.000000000,266.83,233.38953
2021-09-10T14:00:00.000000000,251.1,218.72461
2021-09-10T15:00:00.000000000,216.56,193.11001
2021-09-10T16:00:00.000000000,178.3,168.71683
2021-09-10T17:00:00.000000000,159.56,153.53004
2021-09-10T18:00:00.000000000,169.42,148.19907
2021-09-10T19:00:00.000000000,171.15,147.98323
2021-09-10T20:00:00.000000000,169.15,148.50862
2021-09-10T21:00:00.000000000,176.52,151.35056
2021-09-10T22:00:00.000000000,175.77,159.80399
2021-09-10T23:00:00.000000000,190.71,177.88648
2021-09-08T00:00:00.000000000,217.09,220.9898
2021-09-08T01:00:00.000000000,254.29,236.08729
2021-09-08T02:00:00.000000000,271.36,249.98291
2021-09-08T03:00:00.000000000,265.52,260.80694
2021-09-08T04:00:00.000000000,253.55,261.11903
2021-09-08T05:00:00.000000000,250.98,255.477
2021-09-08T06:00:00.000000000,245.69,249.64272
2021-09-08T07:00:00.000000000,239.69,241.6641
2021-09-08T08:00:00.000000000,237.99,232.22606
2021-09-08T09:00:00.000000000,234.75,226.18992
2021-09-08T10:00:00.000000000,223.09,227.83678
2021-09-08T11:00:00.000000000,230.99,237.25749
2021-09-08T12:00:00.000000000,249.51,247.71961
2021-09-08T13:00:00.000000000,263.73,246.67419
2021-09-08T14:00:00.000000000,253.99,224.14035
2021-09-08T15:00:00.000000000,198.79,189.73065
2021-09-08T16:00:00.000000000,167.52,163.78233
2021-09-08T17:00:00.000000000,163.38,154.74043
2021-09-08T18:00:00.000000000,162.38,155.33402
2021-09-08T19:00:00.000000000,168.6,157.75004
2021-09-08T20:00:00.000000000,180.67,160.63587
2021-09-08T21:00:00.000000000,190.08,167.25086
2021-09-08T22:00:00.000000000,199.58,179.88699
2021-09-08T23:00:00.000000000,211.16,198.13862
2021-09-09T00:00:00.000000000,226.08,220.51581
2021-09-09T01:00:00.000000000,264.47,237.49667
2021-09-09T02:00:00.000000000,286.05,252.15387
2021-09-09T03:00:00.000000000,277.98,262.01852
2021-09-09T04:00:00.000000000,281.68,261.42036
2021-09-09T05:00:00.000000000,278.69,256.37247
2021-09-09T06:00:00.000000000,274.03,251.98285
2021-09-09T07:00:00.000000000,271.56,245.04308
2021-09-09T08:00:00.000000000,271.72,236.25609
2021-09-09T09:00:00.000000000,274.75,230.67125
2021-09-09T10:00:00.000000000,275.55,232.50804
2021-09-09T11:00:00.000000000,273.02,241.44657
2021-09-09T12:00:00.000000000,267.73,249.39832
2021-09-09T13:00:00.000000000,265.42,245.02656
2021-09-09T14:00:00.000000000,254.84,221.71367
2021-09-09T15:00:00.000000000,203.57,189.48677
2021-09-09T16:00:00.000000000,182.97,165.72745
2021-09-09T17:00:00.000000000,176.28,156.59162
2021-09-09T18:00:00.000000000,177.61,155.78639
2021-09-09T19:00:00.000000000,181.02,156.79327
2021-09-09T20:00:00.000000000,190.59,158.46984
2021-09-09T21:00:00.000000000,201.59,164.2373
2021-09-09T22:00:00.000000000,207.61,176.64491
2021-09-09T23:00:00.000000000,219.04,195.5795
2021-09-10T00:00:00.000000000,230.22,211.3106
2021-09-10T01:00:00.000000000,268.35,229.96737
2021-09-10T02:00:00.000000000,282.25,244.92455
2021-09-10T03:00:00.000000000,279.68,254.53511
2021-09-10T04:00:00.000000000,276.23,254.47475
2021-09-10T05:00:00.000000000,269.23,250.72745
2021-09-10T06:00:00.000000000,260.16,246.83635
2021-09-10T07:00:00.000000000,264.15,239.28199
2021-09-10T08:00:00.000000000,262.16,229.49129
2021-09-10T09:00:00.000000000,263.06,223.07447
2021-09-10T10:00:00.000000000,257.62,223.70394
2021-09-10T11:00:00.000000000,258.39,229.95555
2021-09-10T12:00:00.000000000,262.24,234.78372
2021-09-10T13:00:00.000000000,266.83,230.21811
2021-09-10T14:00:00.000000000,251.1,210.53999
2021-09-10T15:00:00.000000000,216.56,181.87237
2021-09-10T16:00:00.000000000,178.3,158.20694
2021-09-10T17:00:00.000000000,159.56,146.47185
2021-09-10T18:00:00.000000000,169.42,144.0636
2021-09-10T19:00:00.000000000,171.15,145.60635
2021-09-10T20:00:00.000000000,169.15,147.98133
2021-09-10T21:00:00.000000000,176.52,153.34295
2021-09-10T22:00:00.000000000,175.77,164.82495
2021-09-10T23:00:00.000000000,190.71,183.86694
2021-09-11T00:00:00.000000000,210.94,211.95467
2021-09-11T01:00:00.000000000,250.61,230.41842
2021-09-11T02:00:00.000000000,267.69,243.42775
2021-09-11T03:00:00.000000000,252.13,250.83397
2021-09-11T04:00:00.000000000,257.25,249.86544
2021-09-11T05:00:00.000000000,256.64,246.46779
2021-09-11T06:00:00.000000000,247.39,243.15664
2021-09-11T07:00:00.000000000,239.03,236.45801
2021-09-11T08:00:00.000000000,242.96,228.60866
2021-09-11T09:00:00.000000000,241.59,224.2762
2021-09-11T10:00:00.000000000,240.9,225.50444
2021-09-11T11:00:00.000000000,248.02,231.18023
2021-09-11T12:00:00.000000000,259.74,236.14967
2021-09-11T13:00:00.000000000,258.46,233.88547
2021-09-11T14:00:00.000000000,242.63,217.64008
2021-09-11T15:00:00.000000000,165.61,191.20212
2021-09-11T16:00:00.000000000,131.7,167.73219
2021-09-11T17:00:00.000000000,126.65,154.52962
2021-09-11T18:00:00.000000000,126.76,150.27253
2021-09-11T19:00:00.000000000,135.59,150.14112
2021-09-11T20:00:00.000000000,150.34,151.05429
2021-09-11T21:00:00.000000000,158.2,155.07909
2021-09-11T22:00:00.000000000,168.17,165.59284
2021-09-11T23:00:00.000000000,172.99,184.74734
2021-09-09T00:00:00.000000000,226.08,221.64447
2021-09-09T01:00:00.000000000,264.47,238.30159
2021-09-09T02:00:00.000000000,286.05,254.15764
2021-09-09T03:00:00.000000000,277.98,267.60798
2021-09-09T04:00:00.000000000,281.68,269.32176
2021-09-09T05:00:00.000000000,278.69,263.15713
2021-09-09T06:00:00.000000000,274.03,256.42609
2021-09-09T07:00:00.000000000,271.56,248.74102
2021-09-09T08:00:00.000000000,271.72,239.84688
2021-09-09T09:00:00.000000000,274.75,233.17027
2021-09-09T10:00:00.000000000,275.55,232.62732
2021-09-09T11:00:00.000000000,273.02,239.54552
2021-09-09T12:00:00.000000000,267.73,250.16666
2021-09-09T13:00:00.000000000,265.42,251.99483
2021-09-09T14:00:00.000000000,254.84,230.41858
2021-09-09T15:00:00.000000000,203.57,192.06627
2021-09-09T16:00:00.000000000,182.97,161.33124
2021-09-09T17:00:00.000000000,176.28,150.81827
2021-09-09T18:00:00.000000000,177.61,152.91587
2021-09-09T19:00:00.000000000,181.02,157.14971
2021-09-09T20:00:00.000000000,190.59,160.5917
2021-09-09T21:00:00.000000000,201.59,166.77244
2021-09-09T22:00:00.000000000,207.61,178.18229
2021-09-09T23:00:00.000000000,219.04,195.93122
2021-09-10T00:00:00.000000000,230.22,207.50265
2021-09-10T01:00:00.000000000,268.35,225.10897
2021-09-10T02:00:00.000000000,282.25,241.50522
2021-09-10T03:00:00.000000000,279.68,254.25817
2021-09-10T04:00:00.000000000,276.23,256.33649
2021-09-10T05:00:00.000000000,269.23,252.17681
2021-09-10T06:00:00.000000000,260.16,246.4849
2021-09-10T07:00:00.000000000,264.15,237.33455
2021-09-10T08:00:00.000000000,262.16,226.01977
2021-09-10T09:00:00.000000000,263.06,218.10336
2021-09-10T10:00:00.000000000,257.62,217.84403
2021-09-10T11:00:00.000000000,258.39,223.84998
2021-09-10T12:00:00.000000000,262.24,229.39526
2021-09-10T13:00:00.000000000,266.83,226.05621
2021-09-10T14:00:00.000000000,251.1,206.54059
2021-09-10T15:00:00.000000000,216.56,176.61587
2021-09-10T16:00:00.000000000,178.3,151.77288
2021-09-10T17:00:00.000000000,159.56,140.66595
2021-09-10T18:00:00.000000000,169.42,140.24816
2021-09-10T19:00:00.000000000,171.15,143.99188
2021-09-10T20:00:00.000000000,169.15,148.00271
2021-09-10T21:00:00.000000000,176.52,154.12292
2021-09-10T22:00:00.000000000,175.77,164.90139
2021-09-10T23:00:00.000000000,190.71,181.70357
2021-09-11T00:00:00.000000000,210.94,214.79646
2021-09-11T01:00:00.000000000,250.61,228.24201
2021-09-11T02:00:00.000000000,267.69,240.11154
2021-09-11T03:00:00.000000000,252.13,249.71605
2021-09-11T04:00:00.000000000,257.25,250.40708
2021-09-11T05:00:00.000000000,256.64,245.90553
2021-09-11T06:00:00.000000000,247.39,240.05508
2021-09-11T07:00:00.000000000,239.03,230.94359
2021-09-11T08:00:00.000000000,242.96,221.30528
2021-09-11T09:00:00.000000000,241.59,216.48767
2021-09-11T10:00:00.000000000,240.9,218.94866
2021-09-11T11:00:00.000000000,248.02,226.36373
2021-09-11T12:00:00.000000000,259.74,232.16867
2021-09-11T13:00:00.000000000,258.46,228.64843
2021-09-11T14:00:00.000000000,242.63,210.51447
2021-09-11T15:00:00.000000000,165.61,184.33582
2021-09-11T16:00:00.000000000,131.7,162.88639
2021-09-11T17:00:00.000000000,126.65,152.14917
2021-09-11T18:00:00.000000000,126.76,149.32073
2021-09-11T19:00:00.000000000,135.59,150.20887
2021-09-11T20:00:00.000000000,150.34,153.11912
2021-09-11T21:00:00.000000000,158.2,160.09157
2021-09-11T22:00:00.000000000,168.17,173.41433
2021-09-11T23:00:00.000000000,172.99,192.34548
2021-09-12T00:00:00.000000000,187.03,224.57016
2021-09-12T01:00:00.000000000,242.97,242.97388
2021-09-12T02:00:00.000000000,273.46,256.65109
2021-09-12T03:00:00.000000000,266.94,265.09398
2021-09-12T04:00:00.000000000,268.79,263.16428
2021-09-12T05:00:00.000000000,268.19,256.63669
2021-09-12T06:00:00.000000000,262.86,250.9061
2021-09-12T07:00:00.000000000,259.39,243.71659
2021-09-12T08:00:00.000000000,260.34,236.04641
2021-09-12T09:00:00.000000000,255.33,231.88725
2021-09-12T10:00:00.000000000,259.33,233.79663
2021-09-12T11:00:00.000000000,262.06,241.84916
2021-09-12T12:00:00.000000000,267.38,250.44496
2021-09-12T13:00:00.000000000,274.08,248.55551
2021-09-12T14:00:00.000000000,250.72,227.09153
2021-09-12T15:00:00.000000000,178.75,193.80495
2021-09-12T16:00:00.000000000,130.39,167.29531
2021-09-12T17:00:00.000000000,131.8,155.60953
2021-09-12T18:00:00.000000000,123.8,152.98183
2021-09-12T19:00:00.000000000,127.98,152.76256
2021-09-12T20:00:00.000000000,133.42,154.23242
2021-09-12T21:00:00.000000000,158.97,160.57586
2021-09-12T22:00:00.000000000,164.19,174.67967
2021-09-12T23:00:00.000000000,165.57,196.77502
2021-09-10T00:00:00.000000000,230.22,229.24763
2021-09-10T01:00:00.000000000,268.35,247.7422
2021-09-10T02:00:00.000000000,282.25,260.84651
2021-09-10T03:00:00.000000000,279.68,268.00969
2021-09-10T04:00:00.000000000,276.23,265.40675
2021-09-10T05:00:00.000000000,269.23,259.53307
2021-09-10T06:00:00.000000000,260.16,254.56618
2021-09-10T07:00:00.000000000,264.15,247.06318
2021-09-10T08:00:00.000000000,262.16,237.79068
2021-09-10T09:00:00.000000000,263.06,231.99296
2021-09-10T10:00:00.000000000,257.62,232.99752
2021-09-10T11:00:00.000000000,258.39,239.19693
2021-09-10T12:00:00.000000000,262.24,245.36361
2021-09-10T13:00:00.000000000,266.83,242.30994
2021-09-10T14:00:00.000000000,251.1,220.29088
2021-09-10T15:00:00.000000000,216.56,185.66536
2021-09-10T16:00:00.000000000,178.3,158.20814
2021-09-10T17:00:00.000000000,159.56,148.041
2021-09-10T18:00:00.000000000,169.42,149.74335
2021-09-10T19:00:00.000000000,171.15,154.6997
2021-09-10T20:00:00.000000000,169.15,158.76819
2021-09-10T21:00:00.000000000,176.52,164.86927
2021-09-10T22:00:00.000000000,175.77,177.07569
2021-09-10T23:00:00.000000000,190.71,197.90111
2021-09-11T00:00:00.000000000,210.94,217.98123
2021-09-11T01:00:00.000000000,250.61,234.86959
2021-09-11T02:00:00.000000000,267.69,248.31264
2021-09-11T03:00:00.000000000,252.13,257.24948
2021-09-11T04:00:00.000000000,257.25,256.22398
2021-09-11T05:00:00.000000000,256.64,250.60781
2021-09-11T06:00:00.000000000,247.39,244.88645
2021-09-11T07:00:00.000000000,239.03,236.44379
2021-09-11T08:00:00.000000000,242.96,226.3965
2021-09-11T09:00:00.000000000,241.59,220.35037
2021-09-11T10:00:00.000000000,240.9,222.07423
2021-09-11T11:00:00.000000000,248.02,229.53982
2021-09-11T12:00:00.000000000,259.74,235.92561
2021-09-11T13:00:00.000000000,258.46,231.54824
2021-09-11T14:00:00.000000000,242.63,208.568
2021-09-11T15:00:00.000000000,165.61,175.07294
2021-09-11T16:00:00.000000000,131.7,149.33649
2021-09-11T17:00:00.000000000,126.65,139.85145
2021-09-11T18:00:00.000000000,126.76,141.14797
2021-09-11T19:00:00.000000000,135.59,145.5444
2021-09-11T20:00:00.000000000,150.34,149.93852
2021-09-11T21:00:00.000000000,158.2,156.9812
2021-09-11T22:00:00.000000000,168.17,170.37427
2021-09-11T23:00:00.000000000,172.99,190.9062
2021-09-12T00:00:00.000000000,187.03,223.61111
2021-09-12T01:00:00.000000000,242.97,238.47471
2021-09-12T02:00:00.000000000,273.46,252.48735
2021-09-12T03:00:00.000000000,266.94,265.36038
2021-09-12T04:00:00.000000000,268.79,267.48105
2021-09-12T05:00:00.000000000,268.19,261.57995
2021-09-12T06:00:00.000000000,262.86,253.98439
2021-09-12T07:00:00.000000000,259.39,244.23694
2021-09-12T08:00:00.000000000,260.34,233.68729
2021-09-12T09:00:00.000000000,255.33,227.87868
2021-09-12T10:00:00.000000000,259.33,230.67995
2021-09-12T11:00:00.000000000,262.06,240.04344
2021-09-12T12:00:00.000000000,267.38,248.46883
2021-09-12T13:00:00.000000000,274.08,242.82318
2021-09-12T14:00:00.000000000,250.72,214.13849
2021-09-12T15:00:00.000000000,178.75,174.07952
2021-09-12T16:00:00.000000000,130.39,145.66061
2021-09-12T17:00:00.000000000,131.8,137.85761
2021-09-12T18:00:00.000000000,123.8,141.15384
2021-09-12T19:00:00.000000000,127.98,145.40971
2021-09-12T20:00:00.000000000,133.42,149.64307
2021-09-12T21:00:00.000000000,158.97,158.49723
2021-09-12T22:00:00.000000000,164.19,175.43497
2021-09-12T23:00:00.000000000,165.57,198.6365
2021-09-13T00:00:00.000000000,184.98,223.69636
2021-09-13T01:00:00.000000000,238.78,239.24104
2021-09-13T02:00:00.000000000,269.97,253.91775
2021-09-13T03:00:00.000000000,259.75,267.03519
2021-09-13T04:00:00.000000000,260.2,268.8089
2021-09-13T05:00:00.000000000,249.8,262.31981
2021-09-13T06:00:00.000000000,245.53,254.49048
2021-09-13T07:00:00.000000000,234.88,245.17421
2021-09-13T08:00:00.000000000,245.26,235.24184
2021-09-13T09:00:00.000000000,238.19,229.61093
2021-09-13T10:00:00.000000000,232.05,231.93277
2021-09-13T11:00:00.000000000,226.53,240.80436
2021-09-13T12:00:00.000000000,232.29,249.00083
2021-09-13T13:00:00.000000000,241.86,243.42391
2021-09-13T14:00:00.000000000,238.18,214.81588
2021-09-13T15:00:00.000000000,175.04,174.59675
2021-09-13T16:00:00.000000000,145.04,145.94504
2021-09-13T17:00:00.000000000,142.04,137.95214
2021-09-13T18:00:00.000000000,147.42,141.00929
2021-09-13T19:00:00.000000000,159.4,144.98845
2021-09-13T20:00:00.000000000,164.77,148.98476
2021-09-13T21:00:00.000000000,156.71,157.88032
2021-09-13T22:00:00.000000000,164.27,174.91992
2021-09-13T23:00:00.000000000,171.96,198.15032
2021-09-11T00:00:00.000000000,210.94,204.05197
2021-09-11T01:00:00.000000000,250.61,227.6476
2021-09-11T02:00:00.000000000,267.69,245.20216
2021-09-11T03:00:00.000000000,252.13,256.4336
2021-09-11T04:00:00.000000000,257.25,256.58075
2021-09-11T05:00:00.000000000,256.64,251.40905
2021-09-11T06:00:00.000000000,247.39,244.92104
2021-09-11T07:00:00.000000000,239.03,235.35301
2021-09-11T08:00:00.000000000,242.96,223.94375
2021-09-11T09:00:00.000000000,241.59,216.41449
2021-09-11T10:00:00.000000000,240.9,215.87033
2021-09-11T11:00:00.000000000,248.02,220.63273
2021-09-11T12:00:00.000000000,259.74,227.56237
2021-09-11T13:00:00.000000000,258.46,228.62719
2021-09-11T14:00:00.000000000,242.63,210.02661
2021-09-11T15:00:00.000000000,165.61,173.49555
2021-09-11T16:00:00.000000000,131.7,140.22833
2021-09-11T17:00:00.000000000,126.65,124.73924
2021-09-11T18:00:00.000000000,126.76,124.58635
2021-09-11T19:00:00.000000000,135.59,130.34967
2021-09-11T20:00:00.000000000,150.34,135.24294
2021-09-11T21:00:00.000000000,158.2,140.08867
2021-09-11T22:00:00.000000000,168.17,150.12206
2021-09-11T23:00:00.000000000,172.99,170.54236
2021-09-12T00:00:00.000000000,187.03,190.10264
2021-09-12T01:00:00.000000000,242.97,212.72535
2021-09-12T02:00:00.000000000,273.46,234.48517
2021-09-12T03:00:00.000000000,266.94,253.06127
2021-09-12T04:00:00.000000000,268.79,257.72801
2021-09-12T05:00:00.000000000,268.19,251.59983
2021-09-12T06:00:00.000000000,262.86,242.62236
2021-09-12T07:00:00.000000000,259.39,231.6525
2021-09-12T08:00:00.000000000,260.34,218.6827
2021-09-12T09:00:00.000000000,255.33,209.1982
2021-09-12T10:00:00.000000000,259.33,208.70807
2021-09-12T11:00:00.000000000,262.06,215.60381
2021-09-12T12:00:00.000000000,267.38,223.27256
2021-09-12T13:00:00.000000000,274.08,219.70831
2021-09-12T14:00:00.000000000,250.72,192.8728
2021-09-12T15:00:00.000000000,178.75,150.37979
2021-09-12T16:00:00.000000000,130.39,116.66965
2021-09-12T17:00:00.000000000,131.8,105.33245
2021-09-12T18:00:00.000000000,123.8,109.51405
2021-09-12T19:00:00.000000000,127.98,116.74489
2021-09-12T20:00:00.000000000,133.42,122.51541
2021-09-12T21:00:00.000000000,158.97,129.36984
2021-09-12T22:00:00.000000000,164.19,141.66683
2021-09-12T23:00:00.000000000,165.57,161.65556
2021-09-13T00:00:00.000000000,184.98,192.95791
2021-09-13T01:00:00.000000000,238.78,213.92202
2021-09-13T02:00:00.000000000,269.97,234.92388
2021-09-13T03:00:00.000000000,259.75,254.0483
2021-09-13T04:00:00.000000000,260.2,259.49701
2021-09-13T05:00:00.000000000,249.8,253.46167
2021-09-13T06:00:00.000000000,245.53,243.77659
2021-09-13T07:00:00.000000000,234.88,231.64597
2021-09-13T08:00:00.000000000,245.26,217.48093
2021-09-13T09:00:00.000000000,238.19,207.63375
2021-09-13T10:00:00.000000000,232.05,207.9031
2021-09-13T11:00:00.000000000,226.53,215.12094
2021-09-13T12:00:00.000000000,232.29,222.04095
2021-09-13T13:00:00.000000000,241.86,216.79517
2021-09-13T14:00:00.000000000,238.18,188.05592
2021-09-13T15:00:00.000000000,175.04,144.34405
2021-09-13T16:00:00.000000000,145.04,110.66555
2021-09-13T17:00:00.000000000,142.04,100.60601
2021-09-13T18:00:00.000000000,147.42,106.46471
2021-09-13T19:00:00.000000000,159.4,115.0677
2021-09-13T20:00:00.000000000,164.77,121.76241
2021-09-13T21:00:00.000000000,156.71,129.55252
2021-09-13T22:00:00.000000000,164.27,143.17694
2021-09-13T23:00:00.000000000,171.96,164.19614
2021-09-14T00:00:00.000000000,183.9,200.49242
2021-09-14T01:00:00.000000000,238.25,218.53459
2021-09-14T02:00:00.000000000,263.29,237.00805
2021-09-14T03:00:00.000000000,258.33,252.72857
2021-09-14T04:00:00.000000000,257.78,255.90462
2021-09-14T05:00:00.000000000,249.34,250.41689
2021-09-14T06:00:00.000000000,245.01,243.09553
2021-09-14T07:00:00.000000000,241.2,234.00861
2021-09-14T08:00:00.000000000,231.11,223.55211
2021-09-14T09:00:00.000000000,227.18,216.33308
2021-09-14T10:00:00.000000000,224.06,216.41463
2021-09-14T11:00:00.000000000,226.27,222.10399
2021-09-14T12:00:00.000000000,236.44,226.82062
2021-09-14T13:00:00.000000000,247.15,221.95166
2021-09-14T14:00:00.000000000,247.41,199.79807
2021-09-14T15:00:00.000000000,175.62,166.77896
2021-09-14T16:00:00.000000000,136.93,140.37339
2021-09-14T17:00:00.000000000,132.29,129.90508
2021-09-14T18:00:00.000000000,133.69,130.73865
2021-09-14T19:00:00.000000000,132.75,134.99404
2021-09-14T20:00:00.000000000,136.0,139.24606
2021-09-14T21:00:00.000000000,152.63,146.05645
2021-09-14T22:00:00.000000000,161.43,157.70077
2021-09-14T23:00:00.000000000,168.35,174.78852
2021-09-12T00:00:00.000000000,187.03,204.80541
2021-09-12T01:00:00.000000000,242.97,230.11796
2021-09-12T02:00:00.000000000,273.46,248.97569
2021-09-12T03:00:00.000000000,266.94,260.63604
2021-09-12T04:00:00.000000000,268.79,259.63334
2021-09-12T05:00:00.000000000,268.19,252.95323
2021-09-12T06:00:00.000000000,262.86,247.13853
2021-09-12T07:00:00.000000000,259.39,239.65045
2021-09-12T08:00:00.000000000,260.34,228.93461
2021-09-12T09:00:00.000000000,255.33,220.89137
2021-09-12T10:00:00.000000000,259.33,220.83898
2021-09-12T11:00:00.000000000,262.06,226.85193
2021-09-12T12:00:00.000000000,267.38,232.33166
2021-09-12T13:00:00.000000000,274.08,225.78263
2021-09-12T14:00:00.000000000,250.72,196.06515
2021-09-12T15:00:00.000000000,178.75,151.47285
2021-09-12T16:00:00.000000000,130.39,117.25007
2021-09-12T17:00:00.000000000,131.8,106.13772
2021-09-12T18:00:00.000000000,123.8,110.04603
2021-09-12T19:00:00.000000000,127.98,116.41685
2021-09-12T20:00:00.000000000,133.42,121.19843
2021-09-12T21:00:00.000000000,158.97,128.197
2021-09-12T22:00:00.000000000,164.19,143.15138
2021-09-12T23:00:00.000000000,165.57,168.85931
2021-09-13T00:00:00.000000000,184.98,201.62403
2021-09-13T01:00:00.000000000,238.78,221.97008
2021-09-13T02:00:00.000000000,269.97,240.85418
2021-09-13T03:00:00.000000000,259.75,256.95651
2021-09-13T04:00:00.000000000,260.2,259.64668
2021-09-13T05:00:00.000000000,249.8,252.66272
2021-09-13T06:00:00.000000000,245.53,244.53813
2021-09-13T07:00:00.000000000,234.88,235.23376
2021-09-13T08:00:00.000000000,245.26,223.8054
2021-09-13T09:00:00.000000000,238.19,216.01648
2021-09-13T10:00:00.000000000,232.05,217.71067
2021-09-13T11:00:00.000000000,226.53,226.41487
2021-09-13T12:00:00.000000000,232.29,234.07149
2021-09-13T13:00:00.000000000,241.86,226.65672
2021-09-13T14:00:00.000000000,238.18,193.68876
2021-09-13T15:00:00.000000000,175.04,147.16455
2021-09-13T16:00:00.000000000,145.04,113.88736
2021-09-13T17:00:00.000000000,142.04,105.5185
2021-09-13T18:00:00.000000000,147.42,111.47477
2021-09-13T19:00:00.000000000,159.4,118.23393
2021-09-13T20:00:00.000000000,164.77,123.55947
2021-09-13T21:00:00.000000000,156.71,132.14691
2021-09-13T22:00:00.000000000,164.27,148.77251
2021-09-13T23:00:00.000000000,171.96,173.22255
2021-09-14T00:00:00.000000000,183.9,210.38896
2021-09-14T01:00:00.000000000,238.25,227.6995
2021-09-14T02:00:00.000000000,263.29,244.92226
2021-09-14T03:00:00.000000000,258.33,258.82067
2021-09-14T04:00:00.000000000,257.78,260.69446
2021-09-14T05:00:00.000000000,249.34,255.3579
2021-09-14T06:00:00.000000000,245.01,249.14692
2021-09-14T07:00:00.000000000,241.2,240.68784
2021-09-14T08:00:00.000000000,231.11,230.16051
2021-09-14T09:00:00.000000000,227.18,223.14124
2021-09-14T10:00:00.000000000,224.06,224.55291
2021-09-14T11:00:00.000000000,226.27,232.5485
2021-09-14T12:00:00.000000000,236.44,238.85428
2021-09-14T13:00:00.000000000,247.15,232.55197
2021-09-14T14:00:00.000000000,247.41,206.48833
2021-09-14T15:00:00.000000000,175.62,170.54855
2021-09-14T16:00:00.000000000,136.93,144.20011
2021-09-14T17:00:00.000000000,132.29,135.62802
2021-09-14T18:00:00.000000000,133.69,137.83893
2021-09-14T19:00:00.000000000,132.75,142.32324
2021-09-14T20:00:00.000000000,136.0,146.49343
2021-09-14T21:00:00.000000000,152.63,153.76017
2021-09-14T22:00:00.000000000,161.43,166.68636
2021-09-14T23:00:00.000000000,168.35,185.09419
2021-09-15T00:00:00.000000000,185.1,216.08829
2021-09-15T01:00:00.000000000,234.73,234.04154
2021-09-15T02:00:00.000000000,259.75,251.78167
2021-09-15T03:00:00.000000000,249.39,265.40583
2021-09-15T04:00:00.000000000,242.45,266.27457
2021-09-15T05:00:00.000000000,246.75,259.13967
2021-09-15T06:00:00.000000000,231.81,251.15383
2021-09-15T07:00:00.000000000,220.94,242.04574
2021-09-15T08:00:00.000000000,211.95,232.32011
2021-09-15T09:00:00.000000000,208.33,225.93174
2021-09-15T10:00:00.000000000,203.84,226.84506
2021-09-15T11:00:00.000000000,197.71,234.84683
2021-09-15T12:00:00.000000000,198.36,242.40079
2021-09-15T13:00:00.000000000,204.06,238.57447
2021-09-15T14:00:00.000000000,206.43,215.79497
2021-09-15T15:00:00.000000000,145.78,182.98757
2021-09-15T16:00:00.000000000,114.44,158.37471
2021-09-15T17:00:00.000000000,98.8,149.7386
2021-09-15T18:00:00.000000000,99.28,150.6115
2021-09-15T19:00:00.000000000,99.99,153.43743
2021-09-15T20:00:00.000000000,91.79,156.40273
2021-09-15T21:00:00.000000000,104.94,162.92828
2021-09-15T22:00:00.000000000,108.76,174.54075
2021-09-15T23:00:00.000000000,117.05,191.0911
2021-09-13T00:00:00.000000000,184.98,198.02841
2021-09-13T01:00:00.000000000,238.78,225.93259
2021-09-13T02:00:00.000000000,269.97,247.22477
2021-09-13T03:00:00.000000000,259.75,261.67663
2021-09-13T04:00:00.000000000,260.2,263.14083
2021-09-13T05:00:00.000000000,249.8,257.58942
2021-09-13T06:00:00.000000000,245.53,251.28942
2021-09-13T07:00:00.000000000,234.88,243.16493
2021-09-13T08:00:00.000000000,245.26,232.36537
2021-09-13T09:00:00.000000000,238.19,223.94777
2021-09-13T10:00:00.000000000,232.05,221.97093
2021-09-13T11:00:00.000000000,226.53,225.64417
2021-09-13T12:00:00.000000000,232.29,231.45644
2021-09-13T13:00:00.000000000,241.86,229.36893
2021-09-13T14:00:00.000000000,238.18,204.42863
2021-09-13T15:00:00.000000000,175.04,160.00809
2021-09-13T16:00:00.000000000,145.04,122.10161
2021-09-13T17:00:00.000000000,142.04,107.0028
2021-09-13T18:00:00.000000000,147.42,109.01004
2021-09-13T19:00:00.000000000,159.4,115.08793
2021-09-13T20:00:00.000000000,164.77,119.23201
2021-09-13T21:00:00.000000000,156.71,124.32995
2021-09-13T22:00:00.000000000,164.27,136.3543
2021-09-13T23:00:00.000000000,171.96,160.31623
2021-09-14T00:00:00.000000000,183.9,199.57708
2021-09-14T01:00:00.000000000,238.25,217.65902
2021-09-14T02:00:00.000000000,263.29,236.79551
2021-09-14T03:00:00.000000000,258.33,253.65454
2021-09-14T04:00:00.000000000,257.78,257.67797
2021-09-14T05:00:00.000000000,249.34,252.84521
2021-09-14T06:00:00.000000000,245.01,246.52018
2021-09-14T07:00:00.000000000,241.2,238.55856
2021-09-14T08:00:00.000000000,231.11,228.73529
2021-09-14T09:00:00.000000000,227.18,221.73641
2021-09-14T10:00:00.000000000,224.06,222.32961
2021-09-14T11:00:00.000000000,226.27,230.01462
2021-09-14T12:00:00.000000000,236.44,237.76555
2021-09-14T13:00:00.000000000,247.15,233.88793
2021-09-14T14:00:00.000000000,247.41,209.0449
2021-09-14T15:00:00.000000000,175.62,172.00425
2021-09-14T16:00:00.000000000,136.93,143.52333
2021-09-14T17:00:00.000000000,132.29,133.15206
2021-09-14T18:00:00.000000000,133.69,134.13641
2021-09-14T19:00:00.000000000,132.75,137.41666
2021-09-14T20:00:00.000000000,136.0,140.55136
2021-09-14T21:00:00.000000000,152.63,146.94865
2021-09-14T22:00:00.000000000,161.43,158.93362
2021-09-14T23:00:00.000000000,168.35,176.33747
2021-09-15T00:00:00.000000000,185.1,210.67387
2021-09-15T01:00:00.000000000,234.73,226.56518
2021-09-15T02:00:00.000000000,259.75,244.75769
2021-09-15T03:00:00.000000000,249.39,261.6745
2021-09-15T04:00:00.000000000,242.45,265.91567
2021-09-15T05:00:00.000000000,246.75,260.26369
2021-09-15T06:00:00.000000000,231.81,252.32318
2021-09-15T07:00:00.000000000,220.94,242.88369
2021-09-15T08:00:00.000000000,211.95,232.43632
2021-09-15T09:00:00.000000000,208.33,225.03192
2021-09-15T10:00:00.000000000,203.84,225.07345
2021-09-15T11:00:00.000000000,197.71,232.76757
2021-09-15T12:00:00.000000000,198.36,240.97757
2021-09-15T13:00:00.000000000,204.06,238.06716
2021-09-15T14:00:00.000000000,206.43,215.31522
2021-09-15T15:00:00.000000000,145.78,181.40381
2021-09-15T16:00:00.000000000,114.44,155.56972
2021-09-15T17:00:00.000000000,98.8,146.50591
2021-09-15T18:00:00.000000000,99.28,147.42627
2021-09-15T19:00:00.000000000,99.99,150.18243
2021-09-15T20:00:00.000000000,91.79,153.1275
2021-09-15T21:00:00.000000000,104.94,160.11262
2021-09-15T22:00:00.000000000,108.76,172.32365
2021-09-15T23:00:00.000000000,117.05,188.4392
2021-09-16T00:00:00.000000000,134.53,220.80419
2021-09-16T01:00:00.000000000,195.74,237.08023
2021-09-16T02:00:00.000000000,217.07,253.19121
2021-09-16T03:00:00.000000000,212.92,265.84999
2021-09-16T04:00:00.000000000,216.55,266.28537
2021-09-16T05:00:00.000000000,213.29,258.78567
2021-09-16T06:00:00.000000000,204.78,250.61249
2021-09-16T07:00:00.000000000,208.67,241.54284
2021-09-16T08:00:00.000000000,200.69,232.36941
2021-09-16T09:00:00.000000000,190.86,226.64073
2021-09-16T10:00:00.000000000,186.47,227.90474
2021-09-16T11:00:00.000000000,184.84,236.15243
2021-09-16T12:00:00.000000000,176.01,244.55435
2021-09-16T13:00:00.000000000,189.51,242.30872
2021-09-16T14:00:00.000000000,192.09,221.27096
2021-09-16T15:00:00.000000000,123.91,189.85133
2021-09-16T16:00:00.000000000,99.63,165.86685
2021-09-16T17:00:00.000000000,99.85,156.89544
2021-09-16T18:00:00.000000000,101.59,156.62719
2021-09-16T19:00:00.000000000,98.8,158.32431
2021-09-16T20:00:00.000000000,94.8,161.06826
2021-09-16T21:00:00.000000000,90.95,167.92819
2021-09-16T22:00:00.000000000,104.18,180.01624
2021-09-16T23:00:00.000000000,112.03,196.86256
2021-09-14T00:00:00.000000000,183.9,203.13109
2021-09-14T01:00:00.000000000,238.25,225.26397
2021-09-14T02:00:00.000000000,263.29,244.6423
2021-09-14T03:00:00.000000000,258.33,259.72352
2021-09-14T04:00:00.000000000,257.78,262.68765
2021-09-14T05:00:00.000000000,249.34,258.16955
2021-09-14T06:00:00.000000000,245.01,252.02503
2021-09-14T07:00:00.000000000,241.2,243.35641
2021-09-14T08:00:00.000000000,231.11,232.15749
2021-09-14T09:00:00.000000000,227.18,223.5373
2021-09-14T10:00:00.000000000,224.06,221.74987
2021-09-14T11:00:00.000000000,226.27,226.0214
2021-09-14T12:00:00.000000000,236.44,232.20631
2021-09-14T13:00:00.000000000,247.15,230.87305
2021-09-14T14:00:00.000000000,247.41,209.2794
2021-09-14T15:00:00.000000000,175.62,171.19127
2021-09-14T16:00:00.000000000,136.93,138.71217
2021-09-14T17:00:00.000000000,132.29,125.66232
2021-09-14T18:00:00.000000000,133.69,127.44121
2021-09-14T19:00:00.000000000,132.75,133.347
2021-09-14T20:00:00.000000000,136.0,137.65656
2021-09-14T21:00:00.000000000,152.63,142.91691
2021-09-14T22:00:00.000000000,161.43,153.11621
2021-09-14T23:00:00.000000000,168.35,171.79252
2021-09-15T00:00:00.000000000,185.1,198.04731
2021-09-15T01:00:00.000000000,234.73,211.11364
2021-09-15T02:00:00.000000000,259.75,228.52477
2021-09-15T03:00:00.000000000,249.39,247.15894
2021-09-15T04:00:00.000000000,242.45,253.96668
2021-09-15T05:00:00.000000000,246.75,250.46381
2021-09-15T06:00:00.000000000,231.81,244.03629
2021-09-15T07:00:00.000000000,220.94,235.77979
2021-09-15T08:00:00.000000000,211.95,226.38368
2021-09-15T09:00:00.000000000,208.33,219.9244
2021-09-15T10:00:00.000000000,203.84,220.37087
2021-09-15T11:00:00.000000000,197.71,227.33395
2021-09-15T12:00:00.000000000,198.36,234.13435
2021-09-15T13:00:00.000000000,204.06,230.1383
2021-09-15T14:00:00.000000000,206.43,207.72066
2021-09-15T15:00:00.000000000,145.78,175.43332
2021-09-15T16:00:00.000000000,114.44,150.96489
2021-09-15T17:00:00.000000000,98.8,142.11335
2021-09-15T18:00:00.000000000,99.28,142.53722
2021-09-15T19:00:00.000000000,99.99,144.57823
2021-09-15T20:00:00.000000000,91.79,146.96726
2021-09-15T21:00:00.000000000,104.94,153.66168
2021-09-15T22:00:00.000000000,108.76,165.61471
2021-09-15T23:00:00.000000000,117.05,180.49734
2021-09-16T00:00:00.000000000,134.53,208.00895
2021-09-16T01:00:00.000000000,195.74,221.27411
2021-09-16T02:00:00.000000000,217.07,237.27801
2021-09-16T03:00:00.000000000,212.92,253.18395
2021-09-16T04:00:00.000000000,216.55,257.69134
2021-09-16T05:00:00.000000000,213.29,252.98343
2021-09-16T06:00:00.000000000,204.78,246.11151
2021-09-16T07:00:00.000000000,208.67,237.63543
2021-09-16T08:00:00.000000000,200.69,228.59926
2021-09-16T09:00:00.000000000,190.86,222.59782
2021-09-16T10:00:00.000000000,186.47,223.08988
2021-09-16T11:00:00.000000000,184.84,230.15539
2021-09-16T12:00:00.000000000,176.01,237.20287
2021-09-16T13:00:00.000000000,189.51,233.95694
2021-09-16T14:00:00.000000000,192.09,213.27776
2021-09-16T15:00:00.000000000,123.91,183.34242
2021-09-16T16:00:00.000000000,99.63,160.46077
2021-09-16T17:00:00.000000000,99.85,151.62523
2021-09-16T18:00:00.000000000,101.59,151.0405
2021-09-16T19:00:00.000000000,98.8,152.16364
2021-09-16T20:00:00.000000000,94.8,154.24297
2021-09-16T21:00:00.000000000,90.95,160.96496
2021-09-16T22:00:00.000000000,104.18,173.18341
2021-09-16T23:00:00.000000000,112.03,188.80042
2021-09-17T00:00:00.000000000,129.54,213.65688
2021-09-17T01:00:00.000000000,193.17,228.47907
2021-09-17T02:00:00.000000000,218.42,244.5651
2021-09-17T03:00:00.000000000,215.6,258.49394
2021-09-17T04:00:00.000000000,211.69,260.49494
2021-09-17T05:00:00.000000000,215.54,254.28547
2021-09-17T06:00:00.000000000,205.01,247.31695
2021-09-17T07:00:00.000000000,220.14,239.59958
2021-09-17T08:00:00.000000000,224.4,231.6513
2021-09-17T09:00:00.000000000,223.95,226.37364
2021-09-17T10:00:00.000000000,223.86,227.03168
2021-09-17T11:00:00.000000000,232.41,234.39532
2021-09-17T12:00:00.000000000,231.84,241.86087
2021-09-17T13:00:00.000000000,231.97,238.98308
2021-09-17T14:00:00.000000000,234.07,218.59154
2021-09-17T15:00:00.000000000,171.98,189.05558
2021-09-17T16:00:00.000000000,135.97,166.6471
2021-09-17T17:00:00.000000000,123.33,157.89398
2021-09-17T18:00:00.000000000,128.8,156.77114
2021-09-17T19:00:00.000000000,127.27,157.19718
2021-09-17T20:00:00.000000000,125.09,158.90062
2021-09-17T21:00:00.000000000,115.73,165.37516
2021-09-17T22:00:00.000000000,120.42,177.1498
2021-09-17T23:00:00.000000000,120.64,192.74993
2021-09-15T00:00:00.000000000,185.1,179.09939
2021-09-15T01:00:00.000000000,234.73,203.90077
2021-09-15T02:00:00.000000000,259.75,228.98548
2021-09-15T03:00:00.000000000,249.39,248.91125
2021-09-15T04:00:00.000000000,242.45,253.28769
2021-09-15T05:00:00.000000000,246.75,247.15794
2021-09-15T06:00:00.000000000,231.81,239.62777
2021-09-15T07:00:00.000000000,220.94,231.36391
2021-09-15T08:00:00.000000000,211.95,219.45611
2021-09-15T09:00:00.000000000,208.33,207.2537
2021-09-15T10:00:00.000000000,203.84,201.36917
2021-09-15T11:00:00.000000000,197.71,203.81869
2021-09-15T12:00:00.000000000,198.36,210.33777
2021-09-15T13:00:00.000000000,204.06,211.08723
2021-09-15T14:00:00.000000000,206.43,192.47273
2021-09-15T15:00:00.000000000,145.78,157.12216
2021-09-15T16:00:00.000000000,114.44,126.09529
2021-09-15T17:00:00.000000000,98.8,113.77932
2021-09-15T18:00:00.000000000,99.28,116.05955
2021-09-15T19:00:00.000000000,99.99,122.2765
2021-09-15T20:00:00.000000000,91.79,126.6104
2021-09-15T21:00:00.000000000,104.94,130.83189
2021-09-15T22:00:00.000000000,108.76,137.12767
2021-09-15T23:00:00.000000000,117.05,149.50102
2021-09-16T00:00:00.000000000,134.53,172.99761
2021-09-16T01:00:00.000000000,195.74,187.23987
2021-09-16T02:00:00.000000000,217.07,206.96036
2021-09-16T03:00:00.000000000,212.92,227.75547
2021-09-16T04:00:00.000000000,216.55,235.91246
2021-09-16T05:00:00.000000000,213.29,232.60929
2021-09-16T06:00:00.000000000,204.78,224.97502
2021-09-16T07:00:00.000000000,208.67,214.49002
2021-09-16T08:00:00.000000000,200.69,202.34011
2021-09-16T09:00:00.000000000,190.86,193.54803
2021-09-16T10:00:00.000000000,186.47,192.69674
2021-09-16T11:00:00.000000000,184.84,197.10611
2021-09-16T12:00:00.000000000,176.01,200.61294
2021-09-16T13:00:00.000000000,189.51,196.95114
2021-09-16T14:00:00.000000000,192.09,180.35921
2021-09-16T15:00:00.000000000,123.91,155.11074
2021-09-16T16:00:00.000000000,99.63,133.32022
2021-09-16T17:00:00.000000000,99.85,122.88074
2021-09-16T18:00:00.000000000,101.59,122.29167
2021-09-16T19:00:00.000000000,98.8,126.04535
2021-09-16T20:00:00.000000000,94.8,130.69932
2021-09-16T21:00:00.000000000,90.95,137.00641
2021-09-16T22:00:00.000000000,104.18,145.37208
2021-09-16T23:00:00.000000000,112.03,155.83701
2021-09-17T00:00:00.000000000,129.54,188.26079
2021-09-17T01:00:00.000000000,193.17,202.91136
2021-09-17T02:00:00.000000000,218.42,220.48703
2021-09-17T03:00:00.000000000,215.6,236.73371
2021-09-17T04:00:00.000000000,211.69,241.06583
2021-09-17T05:00:00.000000000,215.54,236.48745
2021-09-17T06:00:00.000000000,205.01,229.39663
2021-09-17T07:00:00.000000000,220.14,219.84267
2021-09-17T08:00:00.000000000,224.4,209.22867
2021-09-17T09:00:00.000000000,223.95,202.11361
2021-09-17T10:00:00.000000000,223.86,202.38077
2021-09-17T11:00:00.000000000,232.41,208.41326
2021-09-17T12:00:00.000000000,231.84,212.91437
2021-09-17T13:00:00.000000000,231.97,208.96285
2021-09-17T14:00:00.000000000,234.07,192.68466
2021-09-17T15:00:00.000000000,171.98,169.77211
2021-09-17T16:00:00.000000000,135.97,150.39021
2021-09-17T17:00:00.000000000,123.33,139.90733
2021-09-17T18:00:00.000000000,128.8,136.90419
2021-09-17T19:00:00.000000000,127.27,137.95546
2021-09-17T20:00:00.000000000,125.09,141.19483
2021-09-17T21:00:00.000000000,115.73,147.74257
2021-09-17T22:00:00.000000000,120.42,157.62757
2021-09-17T23:00:00.000000000,120.64,170.0836
2021-09-18T00:00:00.000000000,140.09,199.65064
2021-09-18T01:00:00.000000000,191.26,217.74579
2021-09-18T02:00:00.000000000,214.17,235.56049
2021-09-18T03:00:00.000000000,215.59,248.17441
2021-09-18T04:00:00.000000000,210.51,248.36156
2021-09-18T05:00:00.000000000,227.33,241.62704
2021-09-18T06:00:00.000000000,225.86,234.20825
2021-09-18T07:00:00.000000000,236.63,224.91731
2021-09-18T08:00:00.000000000,227.92,214.79569
2021-09-18T09:00:00.000000000,224.49,207.93475
2021-09-18T10:00:00.000000000,221.09,208.02004
2021-09-18T11:00:00.000000000,217.02,214.31261
2021-09-18T12:00:00.000000000,217.81,219.16959
2021-09-18T13:00:00.000000000,217.03,215.62974
2021-09-18T14:00:00.000000000,206.64,199.89751
2021-09-18T15:00:00.000000000,129.54,177.56473
2021-09-18T16:00:00.000000000,79.97,158.38855
2021-09-18T17:00:00.000000000,80.1,147.44644
2021-09-18T18:00:00.000000000,73.36,143.7468
2021-09-18T19:00:00.000000000,69.23,144.5761
2021-09-18T20:00:00.000000000,67.08,147.81223
2021-09-18T21:00:00.000000000,68.42,154.03601
2021-09-18T22:00:00.000000000,69.59,163.53061
2021-09-18T23:00:00.000000000,85.29,176.96568
2021-09-16T00:00:00.000000000,134.53,152.63306
2021-09-16T01:00:00.000000000,195.74,183.58125
2021-09-16T02:00:00.000000000,217.07,212.83207
2021-09-16T03:00:00.000000000,212.92,230.60724
2021-09-16T04:00:00.000000000,216.55,230.99021
2021-09-16T05:00:00.000000000,213.29,222.76878
2021-09-16T06:00:00.000000000,204.78,213.89274
2021-09-16T07:00:00.000000000,208.67,202.49529
2021-09-16T08:00:00.000000000,200.69,186.09375
2021-09-16T09:00:00.000000000,190.86,170.80272
2021-09-16T10:00:00.000000000,186.47,165.71209
2021-09-16T11:00:00.000000000,184.84,168.46655
2021-09-16T12:00:00.000000000,176.01,169.73269
2021-09-16T13:00:00.000000000,189.51,164.48738
2021-09-16T14:00:00.000000000,192.09,147.48269
2021-09-16T15:00:00.000000000,123.91,121.19509
2021-09-16T16:00:00.000000000,99.63,96.89987
2021-09-16T17:00:00.000000000,99.85,85.04119
2021-09-16T18:00:00.000000000,101.59,86.89332
2021-09-16T19:00:00.000000000,98.8,96.10735
2021-09-16T20:00:00.000000000,94.8,104.8262
2021-09-16T21:00:00.000000000,90.95,109.35898
2021-09-16T22:00:00.000000000,104.18,111.48954
2021-09-16T23:00:00.000000000,112.03,119.35998
2021-09-17T00:00:00.000000000,129.54,153.95271
2021-09-17T01:00:00.000000000,193.17,171.14736
2021-09-17T02:00:00.000000000,218.42,194.81493
2021-09-17T03:00:00.000000000,215.6,219.51386
2021-09-17T04:00:00.000000000,211.69,229.8352
2021-09-17T05:00:00.000000000,215.54,226.09464
2021-09-17T06:00:00.000000000,205.01,216.45538
2021-09-17T07:00:00.000000000,220.14,204.31932
2021-09-17T08:00:00.000000000,224.4,190.73259
2021-09-17T09:00:00.000000000,223.95,180.29032
2021-09-17T10:00:00.000000000,223.86,178.10602
2021-09-17T11:00:00.000000000,232.41,181.03542
2021-09-17T12:00:00.000000000,231.84,182.95315
2021-09-17T13:00:00.000000000,231.97,178.36979
2021-09-17T14:00:00.000000000,234.07,161.54179
2021-09-17T15:00:00.000000000,171.98,135.80448
2021-09-17T16:00:00.000000000,135.97,113.54121
2021-09-17T17:00:00.000000000,123.33,103.70702
2021-09-17T18:00:00.000000000,128.8,105.18323
2021-09-17T19:00:00.000000000,127.27,110.78028
2021-09-17T20:00:00.000000000,125.09,115.84531
2021-09-17T21:00:00.000000000,115.73,121.01066
2021-09-17T22:00:00.000000000,120.42,127.38072
2021-09-17T23:00:00.000000000,120.64,136.04622
2021-09-18T00:00:00.000000000,140.09,168.94854
2021-09-18T01:00:00.000000000,191.26,184.76019
2021-09-18T02:00:00.000000000,214.17,205.65771
2021-09-18T03:00:00.000000000,215.59,227.91259
2021-09-18T04:00:00.000000000,210.51,237.46427
2021-09-18T05:00:00.000000000,227.33,233.66167
2021-09-18T06:00:00.000000000,225.86,222.88885
2021-09-18T07:00:00.000000000,236.63,208.68733
2021-09-18T08:00:00.000000000,227.92,193.91716
2021-09-18T09:00:00.000000000,224.49,183.68464
2021-09-18T10:00:00.000000000,221.09,181.91756
2021-09-18T11:00:00.000000000,217.02,184.83847
2021-09-18T12:00:00.000000000,217.81,186.4919
2021-09-18T13:00:00.000000000,217.03,182.03099
2021-09-18T14:00:00.000000000,206.64,165.74819
2021-09-18T15:00:00.000000000,129.54,140.57841
2021-09-18T16:00:00.000000000,79.97,118.66934
2021-09-18T17:00:00.000000000,80.1,109.38468
2021-09-18T18:00:00.000000000,73.36,111.78877
2021-09-18T19:00:00.000000000,69.23,118.56859
2021-09-18T20:00:00.000000000,67.08,124.33545
2021-09-18T21:00:00.000000000,68.42,130.17002
2021-09-18T22:00:00.000000000,69.59,138.10228
2021-09-18T23:00:00.000000000,85.29,148.91734
2021-09-19T00:00:00.000000000,104.82,173.65981
2021-09-19T01:00:00.000000000,157.72,195.34148
2021-09-19T02:00:00.000000000,177.36,218.17973
2021-09-19T03:00:00.000000000,175.84,237.72424
2021-09-19T04:00:00.000000000,184.11,243.68724
2021-09-19T05:00:00.000000000,197.0,238.5197
2021-09-19T06:00:00.000000000,202.91,228.62705
2021-09-19T07:00:00.000000000,189.39,215.60572
2021-09-19T08:00:00.000000000,173.5,201.57389
2021-09-19T09:00:00.000000000,172.37,191.3141
2021-09-19T10:00:00.000000000,172.13,188.55568
2021-09-19T11:00:00.000000000,164.19,190.39143
2021-09-19T12:00:00.000000000,173.85,190.19524
2021-09-19T13:00:00.000000000,174.07,184.36263
2021-09-19T14:00:00.000000000,158.62,169.1134
2021-09-19T15:00:00.000000000,88.83,145.86555
2021-09-19T16:00:00.000000000,80.36,123.67303
2021-09-19T17:00:00.000000000,72.74,111.06695
2021-09-19T18:00:00.000000000,79.82,109.59674
2021-09-19T19:00:00.000000000,76.25,114.30089
2021-09-19T20:00:00.000000000,72.32,120.06768
2021-09-19T21:00:00.000000000,76.81,126.45724
2021-09-19T22:00:00.000000000,76.22,134.70319
2021-09-19T23:00:00.000000000,83.57,147.49287
2021-09-17T00:00:00.000000000,129.54,158.21755
2021-09-17T01:00:00.000000000,193.17,187.19976
2021-09-17T02:00:00.000000000,218.42,214.60097
2021-09-17T03:00:00.000000000,215.6,233.80245
2021-09-17T04:00:00.000000000,211.69,237.26786
2021-09-17T05:00:00.000000000,215.54,232.13879
2021-09-17T06:00:00.000000000,205.01,226.1433
2021-09-17T07:00:00.000000000,220.14,218.46261
2021-09-17T08:00:00.000000000,224.4,206.91236
2021-09-17T09:00:00.000000000,223.95,195.84765
2021-09-17T10:00:00.000000000,223.86,191.74328
2021-09-17T11:00:00.000000000,232.41,194.88334
2021-09-17T12:00:00.000000000,231.84,199.38672
2021-09-17T13:00:00.000000000,231.97,197.75379
2021-09-17T14:00:00.000000000,234.07,180.02746
2021-09-17T15:00:00.000000000,171.98,148.27432
2021-09-17T16:00:00.000000000,135.97,118.77725
2021-09-17T17:00:00.000000000,123.33,103.59613
2021-09-17T18:00:00.000000000,128.8,101.80687
2021-09-17T19:00:00.000000000,127.27,105.87178
2021-09-17T20:00:00.000000000,125.09,110.1368
2021-09-17T21:00:00.000000000,115.73,113.4214
2021-09-17T22:00:00.000000000,120.42,117.77752
2021-09-17T23:00:00.000000000,120.64,129.2
2021-09-18T00:00:00.000000000,140.09,173.96017
2021-09-18T01:00:00.000000000,191.26,195.17744
2021-09-18T02:00:00.000000000,214.17,219.06254
2021-09-18T03:00:00.000000000,215.59,239.96549
2021-09-18T04:00:00.000000000,210.51,246.0495
2021-09-18T05:00:00.000000000,227.33,240.50767
2021-09-18T06:00:00.000000000,225.86,231.69781
2021-09-18T07:00:00.000000000,236.63,221.50721
2021-09-18T08:00:00.000000000,227.92,210.00718
2021-09-18T09:00:00.000000000,224.49,200.59005
2021-09-18T10:00:00.000000000,221.09,197.82356
2021-09-18T11:00:00.000000000,217.02,201.41015
2021-09-18T12:00:00.000000000,217.81,205.24968
2021-09-18T13:00:00.000000000,217.03,202.26341
2021-09-18T14:00:00.000000000,206.64,185.78281
2021-09-18T15:00:00.000000000,129.54,159.21427
2021-09-18T16:00:00.000000000,79.97,135.39422
2021-09-18T17:00:00.000000000,80.1,123.05172
2021-09-18T18:00:00.000000000,73.36,120.969
2021-09-18T19:00:00.000000000,69.23,123.27003
2021-09-18T20:00:00.000000000,67.08,126.51354
2021-09-18T21:00:00.000000000,68.42,131.64609
2021-09-18T22:00:00.000000000,69.59,139.37249
2021-09-18T23:00:00.000000000,85.29,151.08015
2021-09-19T00:00:00.000000000,104.82,172.34772
2021-09-19T01:00:00.000000000,157.72,195.34591
2021-09-19T02:00:00.000000000,177.36,217.68985
2021-09-19T03:00:00.000000000,175.84,235.03297
2021-09-19T04:00:00.000000000,184.11,239.01842
2021-09-19T05:00:00.000000000,197.0,233.95887
2021-09-19T06:00:00.000000000,202.91,225.91514
2021-09-19T07:00:00.000000000,189.39,215.18815
2021-09-19T08:00:00.000000000,173.5,202.90082
2021-09-19T09:00:00.000000000,172.37,193.65039
2021-09-19T10:00:00.000000000,172.13,191.26408
2021-09-19T11:00:00.000000000,164.19,193.35071
2021-09-19T12:00:00.000000000,173.85,193.2267
2021-09-19T13:00:00.000000000,174.07,187.04315
2021-09-19T14:00:00.000000000,158.62,171.50649
2021-09-19T15:00:00.000000000,88.83,148.39307
2021-09-19T16:00:00.000000000,80.36,126.32275
2021-09-19T17:00:00.000000000,72.74,112.78226
2021-09-19T18:00:00.000000000,79.82,109.23176
2021-09-19T19:00:00.000000000,76.25,111.70886
2021-09-19T20:00:00.000000000,72.32,116.13508
2021-09-19T21:00:00.000000000,76.81,122.16631
2021-09-19T22:00:00.000000000,76.22,130.99676
2021-09-19T23:00:00.000000000,83.57,145.17046
2021-09-20T00:00:00.000000000,104.31,194.60073
2021-09-20T01:00:00.000000000,177.67,210.48833
2021-09-20T02:00:00.000000000,207.75,223.5037
2021-09-20T03:00:00.000000000,200.21,231.51025
2021-09-20T04:00:00.000000000,206.5,228.77316
2021-09-20T05:00:00.000000000,208.37,220.55678
2021-09-20T06:00:00.000000000,190.71,212.60383
2021-09-20T07:00:00.000000000,176.09,204.05266
2021-09-20T08:00:00.000000000,172.77,195.95156
2021-09-20T09:00:00.000000000,183.28,191.42195
2021-09-20T10:00:00.000000000,196.07,193.05974
2021-09-20T11:00:00.000000000,214.63,199.96067
2021-09-20T12:00:00.000000000,212.65,204.78524
2021-09-20T13:00:00.000000000,216.6,200.23359
2021-09-20T14:00:00.000000000,220.14,184.16425
2021-09-20T15:00:00.000000000,147.2,163.7993
2021-09-20T16:00:00.000000000,107.82,147.88779
2021-09-20T17:00:00.000000000,100.8,139.2315
2021-09-20T18:00:00.000000000,103.47,135.75363
2021-09-20T19:00:00.000000000,109.42,134.71306
2021-09-20T20:00:00.000000000,107.64,136.09446
2021-09-20T21:00:00.000000000,113.21,142.32922
2021-09-20T22:00:00.000000000,127.69,155.29596
2021-09-20T23:00:00.000000000,144.69,173.19439
2021-09-18T00:00:00.000000000,140.09,156.49651
2021-09-18T01:00:00.000000000,191.26,192.99677
2021-09-18T02:00:00.000000000,214.17,222.91395
2021-09-18T03:00:00.000000000,215.59,239.89701
2021-09-18T04:00:00.000000000,210.51,239.67742
2021-09-18T05:00:00.000000000,227.33,231.64326
2021-09-18T06:00:00.000000000,225.86,223.87455
2021-09-18T07:00:00.000000000,236.63,215.66584
2021-09-18T08:00:00.000000000,227.92,203.91783
2021-09-18T09:00:00.000000000,224.49,192.03519
2021-09-18T10:00:00.000000000,221.09,186.31582
2021-09-18T11:00:00.000000000,217.02,188.56109
2021-09-18T12:00:00.000000000,217.81,194.36071
2021-09-18T13:00:00.000000000,217.03,195.70779
2021-09-18T14:00:00.000000000,206.64,178.85346
2021-09-18T15:00:00.000000000,129.54,143.59948
2021-09-18T16:00:00.000000000,79.97,109.44355
2021-09-18T17:00:00.000000000,80.1,91.97125
2021-09-18T18:00:00.000000000,73.36,90.61336
2021-09-18T19:00:00.000000000,69.23,95.89262
2021-09-18T20:00:00.000000000,67.08,100.53059
2021-09-18T21:00:00.000000000,68.42,102.69527
2021-09-18T22:00:00.000000000,69.59,106.01436
2021-09-18T23:00:00.000000000,85.29,119.57126
2021-09-19T00:00:00.000000000,104.82,142.74434
2021-09-19T01:00:00.000000000,157.72,171.00945
2021-09-19T02:00:00.000000000,177.36,199.78634
2021-09-19T03:00:00.000000000,175.84,221.50002
2021-09-19T04:00:00.000000000,184.11,227.27273
2021-09-19T05:00:00.000000000,197.0,222.7375
2021-09-19T06:00:00.000000000,202.91,214.75491
2021-09-19T07:00:00.000000000,189.39,203.76685
2021-09-19T08:00:00.000000000,173.5,189.33816
2021-09-19T09:00:00.000000000,172.37,177.01861
2021-09-19T10:00:00.000000000,172.13,173.52256
2021-09-19T11:00:00.000000000,164.19,175.65242
2021-09-19T12:00:00.000000000,173.85,174.95572
2021-09-19T13:00:00.000000000,174.07,167.44358
2021-09-19T14:00:00.000000000,158.62,150.0036
2021-09-19T15:00:00.000000000,88.83,124.52804
2021-09-19T16:00:00.000000000,80.36,100.73126
2021-09-19T17:00:00.000000000,72.74,87.41435
2021-09-19T18:00:00.000000000,79.82,86.32174
2021-09-19T19:00:00.000000000,76.25,91.72552
2021-09-19T20:00:00.000000000,72.32,97.5737
2021-09-19T21:00:00.000000000,76.81,101.95563
2021-09-19T22:00:00.000000000,76.22,105.96782
2021-09-19T23:00:00.000000000,83.57,114.99816
2021-09-20T00:00:00.000000000,104.31,166.68449
2021-09-20T01:00:00.000000000,177.67,184.70184
2021-09-20T02:00:00.000000000,207.75,205.26201
2021-09-20T03:00:00.000000000,200.21,224.96569
2021-09-20T04:00:00.000000000,206.5,231.36015
2021-09-20T05:00:00.000000000,208.37,224.88825
2021-09-20T06:00:00.000000000,190.71,213.06088
2021-09-20T07:00:00.000000000,176.09,199.42943
2021-09-20T08:00:00.000000000,172.77,186.49061
2021-09-20T09:00:00.000000000,183.28,177.91727
2021-09-20T10:00:00.000000000,196.07,177.27962
2021-09-20T11:00:00.000000000,214.63,181.87408
2021-09-20T12:00:00.000000000,212.65,184.41447
2021-09-20T13:00:00.000000000,216.6,178.02276
2021-09-20T14:00:00.000000000,220.14,158.76506
2021-09-20T15:00:00.000000000,147.2,132.98387
2021-09-20T16:00:00.000000000,107.82,113.12656
2021-09-20T17:00:00.000000000,100.8,105.98245
2021-09-20T18:00:00.000000000,103.47,109.0238
2021-09-20T19:00:00.000000000,109.42,114.21888
2021-09-20T20:00:00.000000000,107.64,118.05176
2021-09-20T21:00:00.000000000,113.21,123.0797
2021-09-20T22:00:00.000000000,127.69,132.7478
2021-09-20T23:00:00.000000000,144.69,146.89161
2021-09-21T00:00:00.000000000,166.93,188.76527
2021-09-21T01:00:00.000000000,237.9,211.61744
2021-09-21T02:00:00.000000000,260.67,233.56176
2021-09-21T03:00:00.000000000,258.75,247.70596
2021-09-21T04:00:00.000000000,261.89,247.02274
2021-09-21T05:00:00.000000000,259.77,238.37123
2021-09-21T06:00:00.000000000,264.02,230.09741
2021-09-21T07:00:00.000000000,260.33,221.49458
2021-09-21T08:00:00.000000000,260.83,210.74507
2021-09-21T09:00:00.000000000,261.44,200.57705
2021-09-21T10:00:00.000000000,260.0,196.7811
2021-09-21T11:00:00.000000000,255.23,201.27958
2021-09-21T12:00:00.000000000,250.41,206.69974
2021-09-21T13:00:00.000000000,248.25,204.84637
2021-09-21T14:00:00.000000000,248.25,189.8418
2021-09-21T15:00:00.000000000,167.29,166.36395
2021-09-21T16:00:00.000000000,140.11,145.79584
2021-09-21T17:00:00.000000000,132.48,135.18247
2021-09-21T18:00:00.000000000,126.8,133.16562
2021-09-21T19:00:00.000000000,138.63,135.27421
2021-09-21T20:00:00.000000000,156.23,138.51314
2021-09-21T21:00:00.000000000,165.16,143.73567
2021-09-21T22:00:00.000000000,177.67,151.14905
2021-09-21T23:00:00.000000000,184.86,162.6304
2021-09-19T00:00:00.000000000,104.82,133.41392
2021-09-19T01:00:00.000000000,157.72,176.6016
2021-09-19T02:00:00.000000000,177.36,208.71913
2021-09-19T03:00:00.000000000,175.84,219.94203
2021-09-19T04:00:00.000000000,184.11,213.55884
2021-09-19T05:00:00.000000000,197.0,205.61825
2021-09-19T06:00:00.000000000,202.91,200.80091
2021-09-19T07:00:00.000000000,189.39,194.15906
2021-09-19T08:00:00.000000000,173.5,181.68808
2021-09-19T09:00:00.000000000,172.37,168.75136
2021-09-19T10:00:00.000000000,172.13,163.1411
2021-09-19T11:00:00.000000000,164.19,162.94697
2021-09-19T12:00:00.000000000,173.85,159.47703
2021-09-19T13:00:00.000000000,174.07,150.69862
2021-09-19T14:00:00.000000000,158.62,134.44955
2021-09-19T15:00:00.000000000,88.83,110.30283
2021-09-19T16:00:00.000000000,80.36,86.25432
2021-09-19T17:00:00.000000000,72.74,70.66325
2021-09-19T18:00:00.000000000,79.82,67.79836
2021-09-19T19:00:00.000000000,76.25,73.4591
2021-09-19T20:00:00.000000000,72.32,79.23606
2021-09-19T21:00:00.000000000,76.81,80.64284
2021-09-19T22:00:00.000000000,76.22,80.38243
2021-09-19T23:00:00.000000000,83.57,90.32142
2021-09-20T00:00:00.000000000,104.31,152.42521
2021-09-20T01:00:00.000000000,177.67,173.25566
2021-09-20T02:00:00.000000000,207.75,195.38856
2021-09-20T03:00:00.000000000,200.21,213.48454
2021-09-20T04:00:00.000000000,206.5,217.28159
2021-09-20T05:00:00.000000000,208.37,210.24793
2021-09-20T06:00:00.000000000,190.71,199.63883
2021-09-20T07:00:00.000000000,176.09,187.90198
2021-09-20T08:00:00.000000000,172.77,175.92715
2021-09-20T09:00:00.000000000,183.28,167.3508
2021-09-20T10:00:00.000000000,196.07,166.67223
2021-09-20T11:00:00.000000000,214.63,170.43469
2021-09-20T12:00:00.000000000,212.65,170.2882
2021-09-20T13:00:00.000000000,216.6,161.39621
2021-09-20T14:00:00.000000000,220.14,142.7874
2021-09-20T15:00:00.000000000,147.2,120.24218
2021-09-20T16:00:00.000000000,107.82,102.92351
2021-09-20T17:00:00.000000000,100.8,95.61973
2021-09-20T18:00:00.000000000,103.47,97.28576
2021-09-20T19:00:00.000000000,109.42,101.80886
2021-09-20T20:00:00.000000000,107.64,105.54178
2021-09-20T21:00:00.000000000,113.21,110.02203
2021-09-20T22:00:00.000000000,127.69,118.06627
2021-09-20T23:00:00.000000000,144.69,130.43946
2021-09-21T00:00:00.000000000,166.93,167.13079
2021-09-21T01:00:00.000000000,237.9,182.35091
2021-09-21T02:00:00.000000000,260.67,204.06446
2021-09-21T03:00:00.000000000,258.75,226.77984
2021-09-21T04:00:00.000000000,261.89,235.45305
2021-09-21T05:00:00.000000000,259.77,230.98052
2021-09-21T06:00:00.000000000,264.02,222.28729
2021-09-21T07:00:00.000000000,260.33,212.97333
2021-09-21T08:00:00.000000000,260.83,203.20778
2021-09-21T09:00:00.000000000,261.44,195.22702
2021-09-21T10:00:00.000000000,260.0,192.68067
2021-09-21T11:00:00.000000000,255.23,194.84139
2021-09-21T12:00:00.000000000,250.41,196.85118
2021-09-21T13:00:00.000000000,248.25,193.30007
2021-09-21T14:00:00.000000000,248.25,178.69517
2021-09-21T15:00:00.000000000,167.29,156.05116
2021-09-21T16:00:00.000000000,140.11,136.22261
2021-09-21T17:00:00.000000000,132.48,126.60202
2021-09-21T18:00:00.000000000,126.8,125.57339
2021-09-21T19:00:00.000000000,138.63,127.65525
2021-09-21T20:00:00.000000000,156.23,130.18255
2021-09-21T21:00:00.000000000,165.16,135.10081
2021-09-21T22:00:00.000000000,177.67,142.07975
2021-09-21T23:00:00.000000000,184.86,150.45353
2021-09-22T00:00:00.000000000,206.75,187.89262
2021-09-22T01:00:00.000000000,275.33,212.14572
2021-09-22T02:00:00.000000000,292.73,235.25513
2021-09-22T03:00:00.000000000,283.42,250.18979
2021-09-22T04:00:00.000000000,279.02,250.54942
2021-09-22T05:00:00.000000000,272.35,243.40416
2021-09-22T06:00:00.000000000,266.46,235.74809
2021-09-22T07:00:00.000000000,271.8,226.43216
2021-09-22T08:00:00.000000000,275.59,214.96654
2021-09-22T09:00:00.000000000,275.17,204.95351
2021-09-22T10:00:00.000000000,270.81,201.43738
2021-09-22T11:00:00.000000000,269.58,205.4125
2021-09-22T12:00:00.000000000,269.7,209.42441
2021-09-22T13:00:00.000000000,262.46,206.97124
2021-09-22T14:00:00.000000000,265.37,193.3794
2021-09-22T15:00:00.000000000,193.36,171.76195
2021-09-22T16:00:00.000000000,140.83,151.15537
2021-09-22T17:00:00.000000000,132.48,138.14291
2021-09-22T18:00:00.000000000,136.36,133.58162
2021-09-22T19:00:00.000000000,140.16,134.70616
2021-09-22T20:00:00.000000000,152.65,137.8311
2021-09-22T21:00:00.000000000,166.92,142.67784
2021-09-22T22:00:00.000000000,172.84,149.36366
2021-09-22T23:00:00.000000000,173.0,160.68382
2021-09-20T00:00:00.000000000,104.31,160.71084
2021-09-20T01:00:00.000000000,177.67,190.64074
2021-09-20T02:00:00.000000000,207.75,212.86679
2021-09-20T03:00:00.000000000,200.21,222.62414
2021-09-20T04:00:00.000000000,206.5,217.95308
2021-09-20T05:00:00.000000000,208.37,210.25275
2021-09-20T06:00:00.000000000,190.71,206.09118
2021-09-20T07:00:00.000000000,176.09,201.91677
2021-09-20T08:00:00.000000000,172.77,193.79698
2021-09-20T09:00:00.000000000,183.28,186.05274
2021-09-20T10:00:00.000000000,196.07,185.31443
2021-09-20T11:00:00.000000000,214.63,190.41483
2021-09-20T12:00:00.000000000,212.65,192.26414
2021-09-20T13:00:00.000000000,216.6,182.12207
2021-09-20T14:00:00.000000000,220.14,156.5814
2021-09-20T15:00:00.000000000,147.2,124.17486
2021-09-20T16:00:00.000000000,107.82,100.24171
2021-09-20T17:00:00.000000000,100.8,90.35948
2021-09-20T18:00:00.000000000,103.47,89.88008
2021-09-20T19:00:00.000000000,109.42,91.56313
2021-09-20T20:00:00.000000000,107.64,93.63595
2021-09-20T21:00:00.000000000,113.21,98.29171
2021-09-20T22:00:00.000000000,127.69,109.10193
2021-09-20T23:00:00.000000000,144.69,128.7326
2021-09-21T00:00:00.000000000,166.93,187.92726
2021-09-21T01:00:00.000000000,237.9,215.27395
2021-09-21T02:00:00.000000000,260.67,239.2884
2021-09-21T03:00:00.000000000,258.75,254.07929
2021-09-21T04:00:00.000000000,261.89,254.72444
2021-09-21T05:00:00.000000000,259.77,249.02387
2021-09-21T06:00:00.000000000,264.02,242.77502
2021-09-21T07:00:00.000000000,260.33,234.10566
2021-09-21T08:00:00.000000000,260.83,222.61999
2021-09-21T09:00:00.000000000,261.44,212.91853
2021-09-21T10:00:00.000000000,260.0,210.24325
2021-09-21T11:00:00.000000000,255.23,214.48268
2021-09-21T12:00:00.000000000,250.41,217.61112
2021-09-21T13:00:00.000000000,248.25,212.56445
2021-09-21T14:00:00.000000000,248.25,194.41624
2021-09-21T15:00:00.000000000,167.29,167.11593
2021-09-21T16:00:00.000000000,140.11,142.70381
2021-09-21T17:00:00.000000000,132.48,128.82776
2021-09-21T18:00:00.000000000,126.8,125.06651
2021-09-21T19:00:00.000000000,138.63,126.61644
2021-09-21T20:00:00.000000000,156.23,129.26752
2021-09-21T21:00:00.000000000,165.16,133.63685
2021-09-21T22:00:00.000000000,177.67,141.49482
2021-09-21T23:00:00.000000000,184.86,156.43388
2021-09-22T00:00:00.000000000,206.75,194.50762
2021-09-22T01:00:00.000000000,275.33,221.03439
2021-09-22T02:00:00.000000000,292.73,243.74809
2021-09-22T03:00:00.000000000,283.42,257.85104
2021-09-22T04:00:00.000000000,279.02,259.48087
2021-09-22T05:00:00.000000000,272.35,255.56121
2021-09-22T06:00:00.000000000,266.46,249.88861
2021-09-22T07:00:00.000000000,271.8,240.25654
2021-09-22T08:00:00.000000000,275.59,228.05783
2021-09-22T09:00:00.000000000,275.17,218.39282
2021-09-22T10:00:00.000000000,270.81,215.55992
2021-09-22T11:00:00.000000000,269.58,219.18107
2021-09-22T12:00:00.000000000,269.7,222.2922
2021-09-22T13:00:00.000000000,262.46,219.63522
2021-09-22T14:00:00.000000000,265.37,206.18656
2021-09-22T15:00:00.000000000,193.36,182.88588
2021-09-22T16:00:00.000000000,140.83,159.12834
2021-09-22T17:00:00.000000000,132.48,142.86347
2021-09-22T18:00:00.000000000,136.36,136.37847
2021-09-22T19:00:00.000000000,140.16,136.57086
2021-09-22T20:00:00.000000000,152.65,138.57373
2021-09-22T21:00:00.000000000,166.92,142.20922
2021-09-22T22:00:00.000000000,172.84,148.78022
2021-09-22T23:00:00.000000000,173.0,162.70467
2021-09-23T00:00:00.000000000,193.5,196.92168
2021-09-23T01:00:00.000000000,255.83,221.86784
2021-09-23T02:00:00.000000000,266.76,240.00169
2021-09-23T03:00:00.000000000,256.86,246.43783
2021-09-23T04:00:00.000000000,254.24,241.87591
2021-09-23T05:00:00.000000000,250.37,235.8081
2021-09-23T06:00:00.000000000,251.95,230.74648
2021-09-23T07:00:00.000000000,239.1,222.4471
2021-09-23T08:00:00.000000000,230.28,212.79124
2021-09-23T09:00:00.000000000,220.35,206.31234
2021-09-23T10:00:00.000000000,224.5,205.9702
2021-09-23T11:00:00.000000000,225.57,211.39679
2021-09-23T12:00:00.000000000,225.58,215.63351
2021-09-23T13:00:00.000000000,233.62,214.59178
2021-09-23T14:00:00.000000000,240.9,205.44095
2021-09-23T15:00:00.000000000,197.09,189.79717
2021-09-23T16:00:00.000000000,162.94,172.33181
2021-09-23T17:00:00.000000000,155.8,157.49469
2021-09-23T18:00:00.000000000,161.7,149.03896
2021-09-23T19:00:00.000000000,165.17,147.31668
2021-09-23T20:00:00.000000000,182.48,148.54695
2021-09-23T21:00:00.000000000,192.53,151.02579
2021-09-23T22:00:00.000000000,202.51,156.07617
2021-09-23T23:00:00.000000000,220.61,168.45175
2021-09-21T00:00:00.000000000,166.93,209.9325
2021-09-21T01:00:00.000000000,237.9,240.31908
2021-09-21T02:00:00.000000000,260.67,264.07054
2021-09-21T03:00:00.000000000,258.75,280.36138
2021-09-21T04:00:00.000000000,261.89,283.36903
2021-09-21T05:00:00.000000000,259.77,279.67306
2021-09-21T06:00:00.000000000,264.02,274.13926
2021-09-21T07:00:00.000000000,260.33,263.71315
2021-09-21T08:00:00.000000000,260.83,249.14533
2021-09-21T09:00:00.000000000,261.44,239.06557
2021-09-21T10:00:00.000000000,260.0,238.65039
2021-09-21T11:00:00.000000000,255.23,244.20079
2021-09-21T12:00:00.000000000,250.41,248.85826
2021-09-21T13:00:00.000000000,248.25,242.49378
2021-09-21T14:00:00.000000000,248.25,212.47528
2021-09-21T15:00:00.000000000,167.29,163.49065
2021-09-21T16:00:00.000000000,140.11,122.01699
2021-09-21T17:00:00.000000000,132.48,104.48017
2021-09-21T18:00:00.000000000,126.8,106.33131
2021-09-21T19:00:00.000000000,138.63,114.54545
2021-09-21T20:00:00.000000000,156.23,121.0525
2021-09-21T21:00:00.000000000,165.16,127.71363
2021-09-21T22:00:00.000000000,177.67,141.13512
2021-09-21T23:00:00.000000000,184.86,167.86002
2021-09-22T00:00:00.000000000,206.75,200.94597
2021-09-22T01:00:00.000000000,275.33,233.0633
2021-09-22T02:00:00.000000000,292.73,258.69845
2021-09-22T03:00:00.000000000,283.42,273.08144
2021-09-22T04:00:00.000000000,279.02,273.61629
2021-09-22T05:00:00.000000000,272.35,268.7693
2021-09-22T06:00:00.000000000,266.46,262.71998
2021-09-22T07:00:00.000000000,271.8,252.24642
2021-09-22T08:00:00.000000000,275.59,237.88628
2021-09-22T09:00:00.000000000,275.17,226.64267
2021-09-22T10:00:00.000000000,270.81,224.47333
2021-09-22T11:00:00.000000000,269.58,230.03113
2021-09-22T12:00:00.000000000,269.7,234.00767
2021-09-22T13:00:00.000000000,262.46,227.74632
2021-09-22T14:00:00.000000000,265.37,204.98387
2021-09-22T15:00:00.000000000,193.36,170.39339
2021-09-22T16:00:00.000000000,140.83,140.14644
2021-09-22T17:00:00.000000000,132.48,124.77002
2021-09-22T18:00:00.000000000,136.36,122.90143
2021-09-22T19:00:00.000000000,140.16,126.88041
2021-09-22T20:00:00.000000000,152.65,130.56035
2021-09-22T21:00:00.000000000,166.92,134.98368
2021-09-22T22:00:00.000000000,172.84,143.56417
2021-09-22T23:00:00.000000000,173.0,162.07312
2021-09-23T00:00:00.000000000,193.5,201.24659
2021-09-23T01:00:00.000000000,255.83,227.51014
2021-09-23T02:00:00.000000000,266.76,247.12041
2021-09-23T03:00:00.000000000,256.86,257.3337
2021-09-23T04:00:00.000000000,254.24,256.80214
2021-09-23T05:00:00.000000000,250.37,253.01251
2021-09-23T06:00:00.000000000,251.95,247.80379
2021-09-23T07:00:00.000000000,239.1,237.69092
2021-09-23T08:00:00.000000000,230.28,225.46768
2021-09-23T09:00:00.000000000,220.35,217.62612
2021-09-23T10:00:00.000000000,224.5,217.47767
2021-09-23T11:00:00.000000000,225.57,222.59938
2021-09-23T12:00:00.000000000,225.58,226.39523
2021-09-23T13:00:00.000000000,233.62,223.88672
2021-09-23T14:00:00.000000000,240.9,209.27334
2021-09-23T15:00:00.000000000,197.09,183.76782
2021-09-23T16:00:00.000000000,162.94,158.19946
2021-09-23T17:00:00.000000000,155.8,141.3326
2021-09-23T18:00:00.000000000,161.7,135.47746
2021-09-23T19:00:00.000000000,165.17,136.97323
2021-09-23T20:00:00.000000000,182.48,139.99763
2021-09-23T21:00:00.000000000,192.53,143.70587
2021-09-23T22:00:00.000000000,202.51,151.19068
2021-09-23T23:00:00.000000000,220.61,168.04779
2021-09-24T00:00:00.000000000,228.89,210.71216
2021-09-24T01:00:00.000000000,253.18,235.26446
2021-09-24T02:00:00.000000000,260.93,250.61146
2021-09-24T03:00:00.000000000,259.72,252.97165
2021-09-24T04:00:00.000000000,265.63,245.32314
2021-09-24T05:00:00.000000000,276.11,237.73391
2021-09-24T06:00:00.000000000,272.23,232.5418
2021-09-24T07:00:00.000000000,273.18,224.6216
2021-09-24T08:00:00.000000000,271.87,215.93155
2021-09-24T09:00:00.000000000,270.4,210.21518
2021-09-24T10:00:00.000000000,270.47,210.27244
2021-09-24T11:00:00.000000000,272.78,216.96569
2021-09-24T12:00:00.000000000,274.39,223.33513
2021-09-24T13:00:00.000000000,274.77,224.09702
2021-09-24T14:00:00.000000000,281.84,215.88433
2021-09-24T15:00:00.000000000,246.99,201.23064
2021-09-24T16:00:00.000000000,206.9,185.3935
2021-09-24T17:00:00.000000000,182.25,171.97272
2021-09-24T18:00:00.000000000,174.94,163.65494
2021-09-24T19:00:00.000000000,170.27,160.54382
2021-09-24T20:00:00.000000000,172.18,160.26344
2021-09-24T21:00:00.000000000,171.76,162.22211
2021-09-24T22:00:00.000000000,184.82,167.82816
2021-09-24T23:00:00.000000000,196.95,181.59985
2021-09-22T00:00:00.000000000,206.75,207.91872
2021-09-22T01:00:00.000000000,275.33,241.62439
2021-09-22T02:00:00.000000000,292.73,266.45989
2021-09-22T03:00:00.000000000,283.42,280.54131
2021-09-22T04:00:00.000000000,279.02,281.27305
2021-09-22T05:00:00.000000000,272.35,276.82624
2021-09-22T06:00:00.000000000,266.46,272.05706
2021-09-22T07:00:00.000000000,271.8,263.79379
2021-09-22T08:00:00.000000000,275.59,251.50804
2021-09-22T09:00:00.000000000,275.17,240.8903
2021-09-22T10:00:00.000000000,270.81,236.45959
2021-09-22T11:00:00.000000000,269.58,238.00655
2021-09-22T12:00:00.000000000,269.7,240.21718
2021-09-22T13:00:00.000000000,262.46,235.02098
2021-09-22T14:00:00.000000000,265.37,211.14759
2021-09-22T15:00:00.000000000,193.36,169.9939
2021-09-22T16:00:00.000000000,140.83,133.44907
2021-09-22T17:00:00.000000000,132.48,117.00316
2021-09-22T18:00:00.000000000,136.36,118.21296
2021-09-22T19:00:00.000000000,140.16,124.9978
2021-09-22T20:00:00.000000000,152.65,129.00353
2021-09-22T21:00:00.000000000,166.92,132.8988
2021-09-22T22:00:00.000000000,172.84,141.82473
2021-09-22T23:00:00.000000000,173.0,163.64462
2021-09-23T00:00:00.000000000,193.5,186.01789
2021-09-23T01:00:00.000000000,255.83,200.68228
2021-09-23T02:00:00.000000000,266.76,217.80091
2021-09-23T03:00:00.000000000,256.86,234.0237
2021-09-23T04:00:00.000000000,254.24,239.75632
2021-09-23T05:00:00.000000000,250.37,237.64425
2021-09-23T06:00:00.000000000,251.95,232.27519
2021-09-23T07:00:00.000000000,239.1,223.02625
2021-09-23T08:00:00.000000000,230.28,211.72586
2021-09-23T09:00:00.000000000,220.35,203.72389
2021-09-23T10:00:00.000000000,224.5,202.80595
2021-09-23T11:00:00.000000000,225.57,206.7982
2021-09-23T12:00:00.000000000,225.58,209.64279
2021-09-23T13:00:00.000000000,233.62,205.9546
2021-09-23T14:00:00.000000000,240.9,190.68015
2021-09-23T15:00:00.000000000,197.09,167.47793
2021-09-23T16:00:00.000000000,162.94,146.80747
2021-09-23T17:00:00.000000000,155.8,135.89032
2021-09-23T18:00:00.000000000,161.7,134.05985
2021-09-23T19:00:00.000000000,165.17,136.9271
2021-09-23T20:00:00.000000000,182.48,140.53905
2021-09-23T21:00:00.000000000,192.53,145.77656
2021-09-23T22:00:00.000000000,202.51,153.91836
2021-09-23T23:00:00.000000000,220.61,165.71013
2021-09-24T00:00:00.000000000,228.89,208.51139
2021-09-24T01:00:00.000000000,253.18,220.3285
2021-09-24T02:00:00.000000000,260.93,230.79831
2021-09-24T03:00:00.000000000,259.72,238.00093
2021-09-24T04:00:00.000000000,265.63,237.13804
2021-09-24T05:00:00.000000000,276.11,232.71879
2021-09-24T06:00:00.000000000,272.23,228.43097
2021-09-24T07:00:00.000000000,273.18,221.59882
2021-09-24T08:00:00.000000000,271.87,213.88986
2021-09-24T09:00:00.000000000,270.4,208.9128
2021-09-24T10:00:00.000000000,270.47,209.62788
2021-09-24T11:00:00.000000000,272.78,216.56717
2021-09-24T12:00:00.000000000,274.39,223.05486
2021-09-24T13:00:00.000000000,274.77,222.0134
2021-09-24T14:00:00.000000000,281.84,209.91665
2021-09-24T15:00:00.000000000,246.99,192.56237
2021-09-24T16:00:00.000000000,206.9,177.83009
2021-09-24T17:00:00.000000000,182.25,169.01407
2021-09-24T18:00:00.000000000,174.94,164.68559
2021-09-24T19:00:00.000000000,170.27,162.86799
2021-09-24T20:00:00.000000000,172.18,162.99268
2021-09-24T21:00:00.000000000,171.76,167.56497
2021-09-24T22:00:00.000000000,184.82,177.12035
2021-09-24T23:00:00.000000000,196.95,190.40556
2021-09-25T00:00:00.000000000,220.13,222.82188
2021-09-25T01:00:00.000000000,256.4,243.09334
2021-09-25T02:00:00.000000000,254.04,255.81833
2021-09-25T03:00:00.000000000,255.22,257.51809
2021-09-25T04:00:00.000000000,260.27,249.63353
2021-09-25T05:00:00.000000000,259.64,241.64993
2021-09-25T06:00:00.000000000,270.49,237.03956
2021-09-25T07:00:00.000000000,266.58,230.01625
2021-09-25T08:00:00.000000000,262.09,221.91804
2021-09-25T09:00:00.000000000,252.68,216.39479
2021-09-25T10:00:00.000000000,246.7,216.71185
2021-09-25T11:00:00.000000000,246.2,224.24946
2021-09-25T12:00:00.000000000,246.94,232.02833
2021-09-25T13:00:00.000000000,245.57,232.98049
2021-09-25T14:00:00.000000000,235.44,223.4053
2021-09-25T15:00:00.000000000,180.68,208.43333
2021-09-25T16:00:00.000000000,131.74,194.86338
2021-09-25T17:00:00.000000000,111.33,184.90641
2021-09-25T18:00:00.000000000,105.17,178.19753
2021-09-25T19:00:00.000000000,108.35,174.46666
2021-09-25T20:00:00.000000000,110.96,173.53108
2021-09-25T21:00:00.000000000,117.71,176.0285
2021-09-25T22:00:00.000000000,129.37,182.63106
2021-09-25T23:00:00.000000000,148.25,196.31686
2021-09-23T00:00:00.000000000,193.5,207.19481
2021-09-23T01:00:00.000000000,255.83,225.05786
2021-09-23T02:00:00.000000000,266.76,238.44233
2021-09-23T03:00:00.000000000,256.86,248.61071
2021-09-23T04:00:00.000000000,254.24,249.16889
2021-09-23T05:00:00.000000000,250.37,244.499
2021-09-23T06:00:00.000000000,251.95,239.06329
2021-09-23T07:00:00.000000000,239.1,231.3372
2021-09-23T08:00:00.000000000,230.28,221.61368
2021-09-23T09:00:00.000000000,220.35,214.89523
2021-09-23T10:00:00.000000000,224.5,213.94046
2021-09-23T11:00:00.000000000,225.57,217.29707
2021-09-23T12:00:00.000000000,225.58,223.2974
2021-09-23T13:00:00.000000000,233.62,223.81647
2021-09-23T14:00:00.000000000,240.9,204.06244
2021-09-23T15:00:00.000000000,197.09,166.77072
2021-09-23T16:00:00.000000000,162.94,134.96938
2021-09-23T17:00:00.000000000,155.8,123.20426
2021-09-23T18:00:00.000000000,161.7,126.25171
2021-09-23T19:00:00.000000000,165.17,133.23082
2021-09-23T20:00:00.000000000,182.48,138.26274
2021-09-23T21:00:00.000000000,192.53,144.0191
2021-09-23T22:00:00.000000000,202.51,155.85003
2021-09-23T23:00:00.000000000,220.61,176.7907
2021-09-24T00:00:00.000000000,228.89,210.14126
2021-09-24T01:00:00.000000000,253.18,224.68345
2021-09-24T02:00:00.000000000,260.93,238.83874
2021-09-24T03:00:00.000000000,259.72,251.32704
2021-09-24T04:00:00.000000000,265.63,254.19613
2021-09-24T05:00:00.000000000,276.11,250.76923
2021-09-24T06:00:00.000000000,272.23,246.3297
2021-09-24T07:00:00.000000000,273.18,239.41754
2021-09-24T08:00:00.000000000,271.87,230.64964
2021-09-24T09:00:00.000000000,270.4,223.96035
2021-09-24T10:00:00.000000000,270.47,223.21394
2021-09-24T11:00:00.000000000,272.78,229.32574
2021-09-24T12:00:00.000000000,274.39,236.88388
2021-09-24T13:00:00.000000000,274.77,235.868
2021-09-24T14:00:00.000000000,281.84,217.228
2021-09-24T15:00:00.000000000,246.99,187.20923
2021-09-24T16:00:00.000000000,206.9,162.88125
2021-09-24T17:00:00.000000000,182.25,152.83068
2021-09-24T18:00:00.000000000,174.94,152.37699
2021-09-24T19:00:00.000000000,170.27,154.11837
2021-09-24T20:00:00.000000000,172.18,155.76336
2021-09-24T21:00:00.000000000,171.76,161.10786
2021-09-24T22:00:00.000000000,184.82,172.09923
2021-09-24T23:00:00.000000000,196.95,188.41037
2021-09-25T00:00:00.000000000,220.13,223.2122
2021-09-25T01:00:00.000000000,256.4,242.63318
2021-09-25T02:00:00.000000000,254.04,257.71938
2021-09-25T03:00:00.000000000,255.22,265.84581
2021-09-25T04:00:00.000000000,260.27,263.85154
2021-09-25T05:00:00.000000000,259.64,258.13871
2021-09-25T06:00:00.000000000,270.49,253.05918
2021-09-25T07:00:00.000000000,266.58,244.66826
2021-09-25T08:00:00.000000000,262.09,234.04733
2021-09-25T09:00:00.000000000,252.68,225.55931
2021-09-25T10:00:00.000000000,246.7,223.65151
2021-09-25T11:00:00.000000000,246.2,229.68992
2021-09-25T12:00:00.000000000,246.94,236.93596
2021-09-25T13:00:00.000000000,245.57,236.63229
2021-09-25T14:00:00.000000000,235.44,222.86716
2021-09-25T15:00:00.000000000,180.68,200.69431
2021-09-25T16:00:00.000000000,131.74,181.36565
2021-09-25T17:00:00.000000000,111.33,170.30217
2021-09-25T18:00:00.000000000,105.17,165.88617
2021-09-25T19:00:00.000000000,108.35,164.63964
2021-09-25T20:00:00.000000000,110.96,165.05847
2021-09-25T21:00:00.000000000,117.71,169.37724
2021-09-25T22:00:00.000000000,129.37,178.88091
2021-09-25T23:00:00.000000000,148.25,195.18787
2021-09-26T00:00:00.000000000,176.26,213.64248
2021-09-26T01:00:00.000000000,216.65,237.11742
2021-09-26T02:00:00.000000000,219.14,254.1342
2021-09-26T03:00:00.000000000,219.99,262.39825
2021-09-26T04:00:00.000000000,216.96,260.15544
2021-09-26T05:00:00.000000000,217.0,254.3644
2021-09-26T06:00:00.000000000,209.69,248.62303
2021-09-26T07:00:00.000000000,201.09,240.15944
2021-09-26T08:00:00.000000000,190.99,231.6939
2021-09-26T09:00:00.000000000,195.17,226.51303
2021-09-26T10:00:00.000000000,190.14,225.59109
2021-09-26T11:00:00.000000000,186.7,228.73826
2021-09-26T12:00:00.000000000,184.21,232.02764
2021-09-26T13:00:00.000000000,190.61,231.83175
2021-09-26T14:00:00.000000000,185.3,222.87366
2021-09-26T15:00:00.000000000,159.57,204.81999
2021-09-26T16:00:00.000000000,129.3,184.75339
2021-09-26T17:00:00.000000000,109.53,168.93846
2021-09-26T18:00:00.000000000,101.51,160.03822
2021-09-26T19:00:00.000000000,91.17,156.94683
2021-09-26T20:00:00.000000000,90.1,157.06578
2021-09-26T21:00:00.000000000,92.39,160.21572
2021-09-26T22:00:00.000000000,100.22,167.3576
2021-09-26T23:00:00.000000000,113.54,182.84395
2021-09-24T00:00:00.000000000,228.89,224.1594
2021-09-24T01:00:00.000000000,253.18,241.01057
2021-09-24T02:00:00.000000000,260.93,254.34141
2021-09-24T03:00:00.000000000,259.72,265.41947
2021-09-24T04:00:00.000000000,265.63,266.9716
2021-09-24T05:00:00.000000000,276.11,261.94175
2021-09-24T06:00:00.000000000,272.23,255.42583
2021-09-24T07:00:00.000000000,273.18,246.43925
2021-09-24T08:00:00.000000000,271.87,236.4817
2021-09-24T09:00:00.000000000,270.4,229.99817
2021-09-24T10:00:00.000000000,270.47,230.20858
2021-09-24T11:00:00.000000000,272.78,237.28614
2021-09-24T12:00:00.000000000,274.39,248.50177
2021-09-24T13:00:00.000000000,274.77,252.67117
2021-09-24T14:00:00.000000000,281.84,233.83935
2021-09-24T15:00:00.000000000,246.99,195.80199
2021-09-24T16:00:00.000000000,206.9,162.84484
2021-09-24T17:00:00.000000000,182.25,149.45905
2021-09-24T18:00:00.000000000,174.94,150.38667
2021-09-24T19:00:00.000000000,170.27,154.89323
2021-09-24T20:00:00.000000000,172.18,158.64261
2021-09-24T21:00:00.000000000,171.76,164.57076
2021-09-24T22:00:00.000000000,184.82,176.49817
2021-09-24T23:00:00.000000000,196.95,196.89019
2021-09-25T00:00:00.000000000,220.13,224.21795
2021-09-25T01:00:00.000000000,256.4,246.70508
2021-09-25T02:00:00.000000000,254.04,263.8679
2021-09-25T03:00:00.000000000,255.22,274.17142
2021-09-25T04:00:00.000000000,260.27,273.59534
2021-09-25T05:00:00.000000000,259.64,268.19891
2021-09-25T06:00:00.000000000,270.49,262.51568
2021-09-25T07:00:00.000000000,266.58,253.17254
2021-09-25T08:00:00.000000000,262.09,241.00866
2021-09-25T09:00:00.000000000,252.68,231.46905
2021-09-25T10:00:00.000000000,246.7,229.82997
2021-09-25T11:00:00.000000000,246.2,237.36707
2021-09-25T12:00:00.000000000,246.94,247.89013
2021-09-25T13:00:00.000000000,245.57,249.59955
2021-09-25T14:00:00.000000000,235.44,230.99564
2021-09-25T15:00:00.000000000,180.68,197.32654
2021-09-25T16:00:00.000000000,131.74,168.10914
2021-09-25T17:00:00.000000000,111.33,154.19584
2021-09-25T18:00:00.000000000,105.17,152.24838
2021-09-25T19:00:00.000000000,108.35,154.4515
2021-09-25T20:00:00.000000000,110.96,156.94868
2021-09-25T21:00:00.000000000,117.71,162.00447
2021-09-25T22:00:00.000000000,129.37,172.84103
2021-09-25T23:00:00.000000000,148.25,192.61662
2021-09-26T00:00:00.000000000,176.26,213.05672
2021-09-26T01:00:00.000000000,216.65,238.54291
2021-09-26T02:00:00.000000000,219.14,256.73007
2021-09-26T03:00:00.000000000,219.99,266.59267
2021-09-26T04:00:00.000000000,216.96,265.57332
2021-09-26T05:00:00.000000000,217.0,259.77025
2021-09-26T06:00:00.000000000,209.69,252.58328
2021-09-26T07:00:00.000000000,201.09,242.21861
2021-09-26T08:00:00.000000000,190.99,231.55471
2021-09-26T09:00:00.000000000,195.17,224.98423
2021-09-26T10:00:00.000000000,190.14,224.31868
2021-09-26T11:00:00.000000000,186.7,228.9029
2021-09-26T12:00:00.000000000,184.21,234.98997
2021-09-26T13:00:00.000000000,190.61,236.67333
2021-09-26T14:00:00.000000000,185.3,224.19368
2021-09-26T15:00:00.000000000,159.57,197.07842
2021-09-26T16:00:00.000000000,129.3,169.08018
2021-09-26T17:00:00.000000000,109.53,151.31391
2021-09-26T18:00:00.000000000,101.51,145.31084
2021-09-26T19:00:00.000000000,91.17,145.97997
2021-09-26T20:00:00.000000000,90.1,148.1966
2021-09-26T21:00:00.000000000,92.39,152.0223
2021-09-26T22:00:00.000000000,100.22,160.51355
2021-09-26T23:00:00.000000000,113.54,179.0749
2021-09-27T00:00:00.000000000,136.38,200.64341
2021-09-27T01:00:00.000000000,189.43,229.20398
2021-09-27T02:00:00.000000000,192.87,248.55337
2021-09-27T03:00:00.000000000,194.55,254.74692
2021-09-27T04:00:00.000000000,194.47,249.11554
2021-09-27T05:00:00.000000000,193.94,241.51108
2021-09-27T06:00:00.000000000,183.07,235.30058
2021-09-27T07:00:00.000000000,170.6,227.19164
2021-09-27T08:00:00.000000000,159.49,218.92069
2021-09-27T09:00:00.000000000,156.62,213.54016
2021-09-27T10:00:00.000000000,157.83,213.01522
2021-09-27T11:00:00.000000000,154.04,217.80495
2021-09-27T12:00:00.000000000,165.53,222.81287
2021-09-27T13:00:00.000000000,178.81,223.98509
2021-09-27T14:00:00.000000000,189.41,215.62305
2021-09-27T15:00:00.000000000,155.16,197.21688
2021-09-27T16:00:00.000000000,110.42,176.06501
2021-09-27T17:00:00.000000000,100.81,158.86667
2021-09-27T18:00:00.000000000,102.78,149.4824
2021-09-27T19:00:00.000000000,98.26,146.81919
2021-09-27T20:00:00.000000000,89.85,146.99189
2021-09-27T21:00:00.000000000,89.41,148.71737
2021-09-27T22:00:00.000000000,91.12,153.71981
2021-09-27T23:00:00.000000000,99.33,168.17083
2021-09-25T00:00:00.000000000,220.13,219.02166
2021-09-25T01:00:00.000000000,256.4,240.81061
2021-09-25T02:00:00.000000000,254.04,258.95617
2021-09-25T03:00:00.000000000,255.22,272.64243
2021-09-25T04:00:00.000000000,260.27,274.59371
2021-09-25T05:00:00.000000000,259.64,269.03902
2021-09-25T06:00:00.000000000,270.49,262.39454
2021-09-25T07:00:00.000000000,266.58,253.89951
2021-09-25T08:00:00.000000000,262.09,243.75779
2021-09-25T09:00:00.000000000,252.68,235.00121
2021-09-25T10:00:00.000000000,246.7,231.55544
2021-09-25T11:00:00.000000000,246.2,236.42613
2021-09-25T12:00:00.000000000,246.94,246.62933
2021-09-25T13:00:00.000000000,245.57,251.08528
2021-09-25T14:00:00.000000000,235.44,234.98917
2021-09-25T15:00:00.000000000,180.68,200.46534
2021-09-25T16:00:00.000000000,131.74,168.87449
2021-09-25T17:00:00.000000000,111.33,153.51625
2021-09-25T18:00:00.000000000,105.17,151.08417
2021-09-25T19:00:00.000000000,108.35,152.45296
2021-09-25T20:00:00.000000000,110.96,153.77492
2021-09-25T21:00:00.000000000,117.71,158.33823
2021-09-25T22:00:00.000000000,129.37,168.91782
2021-09-25T23:00:00.000000000,148.25,188.2288
2021-09-26T00:00:00.000000000,176.26,207.37682
2021-09-26T01:00:00.000000000,216.65,226.80942
2021-09-26T02:00:00.000000000,219.14,244.28016
2021-09-26T03:00:00.000000000,219.99,258.21332
2021-09-26T04:00:00.000000000,216.96,260.90673
2021-09-26T05:00:00.000000000,217.0,256.25962
2021-09-26T06:00:00.000000000,209.69,249.69678
2021-09-26T07:00:00.000000000,201.09,240.56843
2021-09-26T08:00:00.000000000,190.99,230.391
2021-09-26T09:00:00.000000000,195.17,223.57198
2021-09-26T10:00:00.000000000,190.14,223.26208
2021-09-26T11:00:00.000000000,186.7,229.41912
2021-09-26T12:00:00.000000000,184.21,237.60732
2021-09-26T13:00:00.000000000,190.61,238.63584
2021-09-26T14:00:00.000000000,185.3,221.4772
2021-09-26T15:00:00.000000000,159.57,189.69105
2021-09-26T16:00:00.000000000,129.3,161.02943
2021-09-26T17:00:00.000000000,109.53,146.53374
2021-09-26T18:00:00.000000000,101.51,143.59907
2021-09-26T19:00:00.000000000,91.17,145.26252
2021-09-26T20:00:00.000000000,90.1,147.97608
2021-09-26T21:00:00.000000000,92.39,153.31871
2021-09-26T22:00:00.000000000,100.22,163.62808
2021-09-26T23:00:00.000000000,113.54,181.01307
2021-09-27T00:00:00.000000000,136.38,195.56854
2021-09-27T01:00:00.000000000,189.43,215.35158
2021-09-27T02:00:00.000000000,192.87,233.83435
2021-09-27T03:00:00.000000000,194.55,248.67947
2021-09-27T04:00:00.000000000,194.47,252.50649
2021-09-27T05:00:00.000000000,193.94,249.1912
2021-09-27T06:00:00.000000000,183.07,243.15416
2021-09-27T07:00:00.000000000,170.6,234.0208
2021-09-27T08:00:00.000000000,159.49,224.26731
2021-09-27T09:00:00.000000000,156.62,218.19038
2021-09-27T10:00:00.000000000,157.83,217.86319
2021-09-27T11:00:00.000000000,154.04,221.92124
2021-09-27T12:00:00.000000000,165.53,225.8143
2021-09-27T13:00:00.000000000,178.81,224.61767
2021-09-27T14:00:00.000000000,189.41,211.24151
2021-09-27T15:00:00.000000000,155.16,186.42229
2021-09-27T16:00:00.000000000,110.42,161.56395
2021-09-27T17:00:00.000000000,100.81,145.63057
2021-09-27T18:00:00.000000000,102.78,139.63811
2021-09-27T19:00:00.000000000,98.26,139.69049
2021-09-27T20:00:00.000000000,89.85,141.9108
2021-09-27T21:00:00.000000000,89.41,146.65694
2021-09-27T22:00:00.000000000,91.12,155.17335
2021-09-27T23:00:00.000000000,99.33,170.01649
2021-09-28T00:00:00.000000000,126.11,180.79449
2021-09-28T01:00:00.000000000,179.64,200.44812
2021-09-28T02:00:00.000000000,193.22,214.6944
2021-09-28T03:00:00.000000000,193.77,221.51925
2021-09-28T04:00:00.000000000,204.84,219.04525
2021-09-28T05:00:00.000000000,199.25,214.90545
2021-09-28T06:00:00.000000000,193.42,210.95777
2021-09-28T07:00:00.000000000,185.31,204.05332
2021-09-28T08:00:00.000000000,178.11,195.43635
2021-09-28T09:00:00.000000000,171.8,189.81349
2021-09-28T10:00:00.000000000,173.82,189.31881
2021-09-28T11:00:00.000000000,171.93,191.69441
2021-09-28T12:00:00.000000000,179.84,191.79991
2021-09-28T13:00:00.000000000,185.29,187.84893
2021-09-28T14:00:00.000000000,186.65,177.46327
2021-09-28T15:00:00.000000000,141.51,161.21873
2021-09-28T16:00:00.000000000,101.14,143.85542
2021-09-28T17:00:00.000000000,92.31,129.76964
2021-09-28T18:00:00.000000000,84.93,122.07555
2021-09-28T19:00:00.000000000,80.21,120.96109
2021-09-28T20:00:00.000000000,79.48,123.23726
2021-09-28T21:00:00.000000000,74.01,128.26181
2021-09-28T22:00:00.000000000,74.6,137.8501
2021-09-28T23:00:00.000000000,87.66,153.85845
2021-09-26T00:00:00.000000000,176.26,174.67904
2021-09-26T01:00:00.000000000,216.65,202.99859
2021-09-26T02:00:00.000000000,219.14,226.17982
2021-09-26T03:00:00.000000000,219.99,240.63053
2021-09-26T04:00:00.000000000,216.96,241.32586
2021-09-26T05:00:00.000000000,217.0,235.36868
2021-09-26T06:00:00.000000000,209.69,228.84553
2021-09-26T07:00:00.000000000,201.09,220.08553
2021-09-26T08:00:00.000000000,190.99,207.59997
2021-09-26T09:00:00.000000000,195.17,196.09916
2021-09-26T10:00:00.000000000,190.14,190.73984
2021-09-26T11:00:00.000000000,186.7,191.61784
2021-09-26T12:00:00.000000000,184.21,195.62828
2021-09-26T13:00:00.000000000,190.61,196.63376
2021-09-26T14:00:00.000000000,185.3,181.69458
2021-09-26T15:00:00.000000000,159.57,149.85962
2021-09-26T16:00:00.000000000,129.3,118.59557
2021-09-26T17:00:00.000000000,109.53,102.8327
2021-09-26T18:00:00.000000000,101.51,102.4209
2021-09-26T19:00:00.000000000,91.17,109.00082
2021-09-26T20:00:00.000000000,90.1,115.09242
2021-09-26T21:00:00.000000000,92.39,119.27416
2021-09-26T22:00:00.000000000,100.22,125.08957
2021-09-26T23:00:00.000000000,113.54,139.84564
2021-09-27T00:00:00.000000000,136.38,168.9958
2021-09-27T01:00:00.000000000,189.43,187.50638
2021-09-27T02:00:00.000000000,192.87,205.42979
2021-09-27T03:00:00.000000000,194.55,220.3561
2021-09-27T04:00:00.000000000,194.47,223.84571
2021-09-27T05:00:00.000000000,193.94,219.75379
2021-09-27T06:00:00.000000000,183.07,212.86438
2021-09-27T07:00:00.000000000,170.6,203.08795
2021-09-27T08:00:00.000000000,159.49,191.48034
2021-09-27T09:00:00.000000000,156.62,183.53469
2021-09-27T10:00:00.000000000,157.83,183.2518
2021-09-27T11:00:00.000000000,154.04,187.36217
2021-09-27T12:00:00.000000000,165.53,190.07404
2021-09-27T13:00:00.000000000,178.81,185.9904
2021-09-27T14:00:00.000000000,189.41,169.51245
2021-09-27T15:00:00.000000000,155.16,143.951
2021-09-27T16:00:00.000000000,110.42,121.10904
2021-09-27T17:00:00.000000000,100.81,108.96625
2021-09-27T18:00:00.000000000,102.78,106.92924
2021-09-27T19:00:00.000000000,98.26,109.95214
2021-09-27T20:00:00.000000000,89.85,114.30148
2021-09-27T21:00:00.000000000,89.41,120.28969
2021-09-27T22:00:00.000000000,91.12,130.25062
2021-09-27T23:00:00.000000000,99.33,145.44942
2021-09-28T00:00:00.000000000,126.11,175.05886
2021-09-28T01:00:00.000000000,179.64,184.6706
2021-09-28T02:00:00.000000000,193.22,192.98962
2021-09-28T03:00:00.000000000,193.77,202.45446
2021-09-28T04:00:00.000000000,204.84,204.50005
2021-09-28T05:00:00.000000000,199.25,200.53383
2021-09-28T06:00:00.000000000,193.42,192.96631
2021-09-28T07:00:00.000000000,185.31,183.19902
2021-09-28T08:00:00.000000000,178.11,174.0766
2021-09-28T09:00:00.000000000,171.8,169.98607
2021-09-28T10:00:00.000000000,173.82,171.55813
2021-09-28T11:00:00.000000000,171.93,173.39694
2021-09-28T12:00:00.000000000,179.84,171.50267
2021-09-28T13:00:00.000000000,185.29,163.84657
2021-09-28T14:00:00.000000000,186.65,148.46268
2021-09-28T15:00:00.000000000,141.51,128.80056
2021-09-28T16:00:00.000000000,101.14,113.00819
2021-09-28T17:00:00.000000000,92.31,104.98989
2021-09-28T18:00:00.000000000,84.93,103.26523
2021-09-28T19:00:00.000000000,80.21,104.42687
2021-09-28T20:00:00.000000000,79.48,107.30015
2021-09-28T21:00:00.000000000,74.01,115.21321
2021-09-28T22:00:00.000000000,74.6,131.91807
2021-09-28T23:00:00.000000000,87.66,153.44239
2021-09-29T00:00:00.000000000,114.02,198.68307
2021-09-29T01:00:00.000000000,173.63,206.78075
2021-09-29T02:00:00.000000000,189.65,211.3653
2021-09-29T03:00:00.000000000,193.78,214.72654
2021-09-29T04:00:00.000000000,188.29,212.52102
2021-09-29T05:00:00.000000000,198.35,208.7155
2021-09-29T06:00:00.000000000,185.07,205.06553
2021-09-29T07:00:00.000000000,185.81,200.52664
2021-09-29T08:00:00.000000000,176.93,197.39918
2021-09-29T09:00:00.000000000,171.06,197.89177
2021-09-29T10:00:00.000000000,172.99,201.151
2021-09-29T11:00:00.000000000,173.38,205.52839
2021-09-29T12:00:00.000000000,176.86,207.19631
2021-09-29T13:00:00.000000000,172.13,203.47018
2021-09-29T14:00:00.000000000,194.91,193.01573
2021-09-29T15:00:00.000000000,154.17,178.80489
2021-09-29T16:00:00.000000000,127.06,165.61952
2021-09-29T17:00:00.000000000,114.86,154.82911
2021-09-29T18:00:00.000000000,118.91,146.24907
2021-09-29T19:00:00.000000000,118.97,140.40859
2021-09-29T20:00:00.000000000,113.41,138.87324
2021-09-29T21:00:00.000000000,108.65,145.41722
2021-09-29T22:00:00.000000000,118.5,161.00255
2021-09-29T23:00:00.000000000,125.84,180.87421
2021-09-27T00:00:00.000000000,136.38,136.41543
2021-09-27T01:00:00.000000000,189.43,172.48735
2021-09-27T02:00:00.000000000,192.87,202.09199
2021-09-27T03:00:00.000000000,194.55,214.12726
2021-09-27T04:00:00.000000000,194.47,209.2515
2021-09-27T05:00:00.000000000,193.94,201.23788
2021-09-27T06:00:00.000000000,183.07,195.32322
2021-09-27T07:00:00.000000000,170.6,186.55796
2021-09-27T08:00:00.000000000,159.49,172.0682
2021-09-27T09:00:00.000000000,156.62,157.90979
2021-09-27T10:00:00.000000000,157.83,152.97467
2021-09-27T11:00:00.000000000,154.04,154.74856
2021-09-27T12:00:00.000000000,165.53,153.0091
2021-09-27T13:00:00.000000000,178.81,146.39668
2021-09-27T14:00:00.000000000,189.41,135.31356
2021-09-27T15:00:00.000000000,155.16,119.69085
2021-09-27T16:00:00.000000000,110.42,101.76699
2021-09-27T17:00:00.000000000,100.81,86.9299
2021-09-27T18:00:00.000000000,102.78,82.03355
2021-09-27T19:00:00.000000000,98.26,86.66517
2021-09-27T20:00:00.000000000,89.85,93.36824
2021-09-27T21:00:00.000000000,89.41,96.02238
2021-09-27T22:00:00.000000000,91.12,95.33676
2021-09-27T23:00:00.000000000,99.33,101.3257
2021-09-28T00:00:00.000000000,126.11,152.96596
2021-09-28T01:00:00.000000000,179.64,165.42294
2021-09-28T02:00:00.000000000,193.22,176.95456
2021-09-28T03:00:00.000000000,193.77,186.65599
2021-09-28T04:00:00.000000000,204.84,187.40562
2021-09-28T05:00:00.000000000,199.25,182.80108
2021-09-28T06:00:00.000000000,193.42,174.82833
2021-09-28T07:00:00.000000000,185.31,164.78085
2021-09-28T08:00:00.000000000,178.11,154.82365
2021-09-28T09:00:00.000000000,171.8,149.20516
2021-09-28T10:00:00.000000000,173.82,150.11475
2021-09-28T11:00:00.000000000,171.93,150.44629
2021-09-28T12:00:00.000000000,179.84,143.83991
2021-09-28T13:00:00.000000000,185.29,131.59222
2021-09-28T14:00:00.000000000,186.65,117.8416
2021-09-28T15:00:00.000000000,141.51,105.74856
2021-09-28T16:00:00.000000000,101.14,97.22014
2021-09-28T17:00:00.000000000,92.31,91.90921
2021-09-28T18:00:00.000000000,84.93,90.84814
2021-09-28T19:00:00.000000000,80.21,92.71048
2021-09-28T20:00:00.000000000,79.48,95.52881
2021-09-28T21:00:00.000000000,74.01,101.78207
2021-09-28T22:00:00.000000000,74.6,114.56562
2021-09-28T23:00:00.000000000,87.66,130.99459
2021-09-29T00:00:00.000000000,114.02,188.5573
2021-09-29T01:00:00.000000000,173.63,190.74931
2021-09-29T02:00:00.000000000,189.65,192.91443
2021-09-29T03:00:00.000000000,193.78,199.22115
2021-09-29T04:00:00.000000000,188.29,200.08365
2021-09-29T05:00:00.000000000,198.35,195.76943
2021-09-29T06:00:00.000000000,185.07,189.50877
2021-09-29T07:00:00.000000000,185.81,183.1308
2021-09-29T08:00:00.000000000,176.93,179.37728
2021-09-29T09:00:00.000000000,171.06,180.0739
2021-09-29T10:00:00.000000000,172.99,183.58978
2021-09-29T11:00:00.000000000,173.38,186.50673
2021-09-29T12:00:00.000000000,176.86,185.97873
2021-09-29T13:00:00.000000000,172.13,179.61014
2021-09-29T14:00:00.000000000,194.91,166.81287
2021-09-29T15:00:00.000000000,154.17,152.1133
2021-09-29T16:00:00.000000000,127.06,140.98334
2021-09-29T17:00:00.000000000,114.86,133.89688
2021-09-29T18:00:00.000000000,118.91,128.53405
2021-09-29T19:00:00.000000000,118.97,124.02813
2021-09-29T20:00:00.000000000,113.41,123.12522
2021-09-29T21:00:00.000000000,108.65,131.35553
2021-09-29T22:00:00.000000000,118.5,151.05228
2021-09-29T23:00:00.000000000,125.84,173.96095
2021-09-30T00:00:00.000000000,144.15,200.28051
2021-09-30T01:00:00.000000000,213.03,206.92224
2021-09-30T02:00:00.000000000,224.91,215.59338
2021-09-30T03:00:00.000000000,231.18,225.84707
2021-09-30T04:00:00.000000000,238.22,228.78566
2021-09-30T05:00:00.000000000,246.47,226.51819
2021-09-30T06:00:00.000000000,252.48,223.85866
2021-09-30T07:00:00.000000000,246.29,220.41327
2021-09-30T08:00:00.000000000,246.71,218.29892
2021-09-30T09:00:00.000000000,239.81,218.31722
2021-09-30T10:00:00.000000000,239.13,219.7856
2021-09-30T11:00:00.000000000,242.95,222.43819
2021-09-30T12:00:00.000000000,236.18,222.45936
2021-09-30T13:00:00.000000000,232.11,216.72988
2021-09-30T14:00:00.000000000,229.74,204.86626
2021-09-30T15:00:00.000000000,145.44,191.67181
2021-09-30T16:00:00.000000000,105.67,181.52963
2021-09-30T17:00:00.000000000,101.47,173.98671
2021-09-30T18:00:00.000000000,98.01,166.94745
2021-09-30T19:00:00.000000000,99.85,160.16194
2021-09-30T20:00:00.000000000,124.74,156.42349
2021-09-30T21:00:00.000000000,130.78,160.58132
2021-09-30T22:00:00.000000000,132.21,172.46789
2021-09-30T23:00:00.000000000,139.54,187.23717
2021-09-28T00:00:00.000000000,126.11,137.65426
2021-09-28T01:00:00.000000000,179.64,166.90525
2021-09-28T02:00:00.000000000,193.22,190.79248
2021-09-28T03:00:00.000000000,193.77,202.28672
2021-09-28T04:00:00.000000000,204.84,199.50464
2021-09-28T05:00:00.000000000,199.25,193.11207
2021-09-28T06:00:00.000000000,193.42,186.80251
2021-09-28T07:00:00.000000000,185.31,178.00618
2021-09-28T08:00:00.000000000,178.11,165.69573
2021-09-28T09:00:00.000000000,171.8,155.50272
2021-09-28T10:00:00.000000000,173.82,153.77622
2021-09-28T11:00:00.000000000,171.93,156.67146
2021-09-28T12:00:00.000000000,179.84,155.60628
2021-09-28T13:00:00.000000000,185.29,148.32131
2021-09-28T14:00:00.000000000,186.65,134.66286
2021-09-28T15:00:00.000000000,141.51,116.54834
2021-09-28T16:00:00.000000000,101.14,99.00552
2021-09-28T17:00:00.000000000,92.31,86.132
2021-09-28T18:00:00.000000000,84.93,81.77204
2021-09-28T19:00:00.000000000,80.21,84.4333
2021-09-28T20:00:00.000000000,79.48,88.86615
2021-09-28T21:00:00.000000000,74.01,92.17403
2021-09-28T22:00:00.000000000,74.6,96.64072
2021-09-28T23:00:00.000000000,87.66,107.69892
2021-09-29T00:00:00.000000000,114.02,166.98497
2021-09-29T01:00:00.000000000,173.63,180.89626
2021-09-29T02:00:00.000000000,189.65,194.77081
2021-09-29T03:00:00.000000000,193.78,207.76873
2021-09-29T04:00:00.000000000,188.29,210.14004
2021-09-29T05:00:00.000000000,198.35,204.15445
2021-09-29T06:00:00.000000000,185.07,195.52254
2021-09-29T07:00:00.000000000,185.81,186.12637
2021-09-29T08:00:00.000000000,176.93,177.32701
2021-09-29T09:00:00.000000000,171.06,172.30625
2021-09-29T10:00:00.000000000,172.99,173.45062
2021-09-29T11:00:00.000000000,173.38,177.53538
2021-09-29T12:00:00.000000000,176.86,178.23283
2021-09-29T13:00:00.000000000,172.13,170.37281
2021-09-29T14:00:00.000000000,194.91,152.09372
2021-09-29T15:00:00.000000000,154.17,129.67213
2021-09-29T16:00:00.000000000,127.06,112.93928
2021-09-29T17:00:00.000000000,114.86,105.58318
2021-09-29T18:00:00.000000000,118.91,104.96545
2021-09-29T19:00:00.000000000,118.97,106.1171
2021-09-29T20:00:00.000000000,113.41,108.31939
2021-09-29T21:00:00.000000000,108.65,114.92691
2021-09-29T22:00:00.000000000,118.5,129.00834
2021-09-29T23:00:00.000000000,125.84,147.56693
2021-09-30T00:00:00.000000000,144.15,187.1579
2021-09-30T01:00:00.000000000,213.03,198.77679
2021-09-30T02:00:00.000000000,224.91,211.98269
2021-09-30T03:00:00.000000000,231.18,225.90862
2021-09-30T04:00:00.000000000,238.22,230.57288
2021-09-30T05:00:00.000000000,246.47,227.97603
2021-09-30T06:00:00.000000000,252.48,223.14064
2021-09-30T07:00:00.000000000,246.29,216.84374
2021-09-30T08:00:00.000000000,246.71,210.75363
2021-09-30T09:00:00.000000000,239.81,207.34894
2021-09-30T10:00:00.000000000,239.13,207.48158
2021-09-30T11:00:00.000000000,242.95,209.34024
2021-09-30T12:00:00.000000000,236.18,209.04858
2021-09-30T13:00:00.000000000,232.11,203.68836
2021-09-30T14:00:00.000000000,229.74,190.10122
2021-09-30T15:00:00.000000000,145.44,170.63365
2021-09-30T16:00:00.000000000,105.67,153.11703
2021-09-30T17:00:00.000000000,101.47,142.03183
2021-09-30T18:00:00.000000000,98.01,136.54742
2021-09-30T19:00:00.000000000,99.85,134.19863
2021-09-30T20:00:00.000000000,124.74,134.49957
2021-09-30T21:00:00.000000000,130.78,140.36182
2021-09-30T22:00:00.000000000,132.21,152.40311
2021-09-30T23:00:00.000000000,139.54,168.257
2021-10-01T00:00:00.000000000,167.08,208.56301
2021-10-01T01:00:00.000000000,248.19,227.86469
2021-10-01T02:00:00.000000000,263.06,244.8086
2021-10-01T03:00:00.000000000,266.23,254.13711
2021-10-01T04:00:00.000000000,268.78,251.80284
2021-10-01T05:00:00.000000000,276.92,245.74142
2021-10-01T06:00:00.000000000,273.59,241.88181
2021-10-01T07:00:00.000000000,272.57,236.74923
2021-10-01T08:00:00.000000000,273.61,230.39747
2021-10-01T09:00:00.000000000,271.58,225.57369
2021-10-01T10:00:00.000000000,272.45,225.66686
2021-10-01T11:00:00.000000000,274.09,231.40514
2021-10-01T12:00:00.000000000,272.41,234.2226
2021-10-01T13:00:00.000000000,270.12,227.44224
2021-10-01T14:00:00.000000000,266.34,211.38927
2021-10-01T15:00:00.000000000,185.46,193.49177
2021-10-01T16:00:00.000000000,140.42,179.86102
2021-10-01T17:00:00.000000000,132.13,170.53191
2021-10-01T18:00:00.000000000,143.09,163.60689
2021-10-01T19:00:00.000000000,145.49,158.59011
2021-10-01T20:00:00.000000000,144.94,156.79836
2021-10-01T21:00:00.000000000,150.75,160.87621
2021-10-01T22:00:00.000000000,148.93,170.31205
2021-10-01T23:00:00.000000000,163.91,184.68943
2021-09-29T00:00:00.000000000,114.02,177.78295
2021-09-29T01:00:00.000000000,173.63,193.06159
2021-09-29T02:00:00.000000000,189.65,203.88409
2021-09-29T03:00:00.000000000,193.78,211.38163
2021-09-29T04:00:00.000000000,188.29,209.63608
2021-09-29T05:00:00.000000000,198.35,203.3515
2021-09-29T06:00:00.000000000,185.07,196.96515
2021-09-29T07:00:00.000000000,185.81,189.62375
2021-09-29T08:00:00.000000000,176.93,181.89808
2021-09-29T09:00:00.000000000,171.06,177.71791
2021-09-29T10:00:00.000000000,172.99,179.48412
2021-09-29T11:00:00.000000000,173.38,185.33279
2021-09-29T12:00:00.000000000,176.86,190.29266
2021-09-29T13:00:00.000000000,172.13,187.34503
2021-09-29T14:00:00.000000000,194.91,170.81318
2021-09-29T15:00:00.000000000,154.17,146.06792
2021-09-29T16:00:00.000000000,127.06,125.13957
2021-09-29T17:00:00.000000000,114.86,113.37892
2021-09-29T18:00:00.000000000,118.91,108.60672
2021-09-29T19:00:00.000000000,118.97,107.1726
2021-09-29T20:00:00.000000000,113.41,109.10625
2021-09-29T21:00:00.000000000,108.65,116.53045
2021-09-29T22:00:00.000000000,118.5,132.81047
2021-09-29T23:00:00.000000000,125.84,155.66196
2021-09-30T00:00:00.000000000,144.15,197.60173
2021-09-30T01:00:00.000000000,213.03,220.89927
2021-09-30T02:00:00.000000000,224.91,239.69712
2021-09-30T03:00:00.000000000,231.18,250.91403
2021-09-30T04:00:00.000000000,238.22,250.45903
2021-09-30T05:00:00.000000000,246.47,245.64383
2021-09-30T06:00:00.000000000,252.48,240.95501
2021-09-30T07:00:00.000000000,246.29,233.55014
2021-09-30T08:00:00.000000000,246.71,224.31896
2021-09-30T09:00:00.000000000,239.81,218.0333
2021-09-30T10:00:00.000000000,239.13,217.78557
2021-09-30T11:00:00.000000000,242.95,221.93219
2021-09-30T12:00:00.000000000,236.18,223.88666
2021-09-30T13:00:00.000000000,232.11,218.81741
2021-09-30T14:00:00.000000000,229.74,202.71794
2021-09-30T15:00:00.000000000,145.44,178.0751
2021-09-30T16:00:00.000000000,105.67,154.56948
2021-09-30T17:00:00.000000000,101.47,138.64404
2021-09-30T18:00:00.000000000,98.01,131.25173
2021-09-30T19:00:00.000000000,99.85,130.05304
2021-09-30T20:00:00.000000000,124.74,132.32283
2021-09-30T21:00:00.000000000,130.78,138.15053
2021-09-30T22:00:00.000000000,132.21,148.96974
2021-09-30T23:00:00.000000000,139.54,167.41302
2021-10-01T00:00:00.000000000,167.08,209.06796
2021-10-01T01:00:00.000000000,248.19,230.91406
2021-10-01T02:00:00.000000000,263.06,249.03152
2021-10-01T03:00:00.000000000,266.23,259.29055
2021-10-01T04:00:00.000000000,268.78,257.90846
2021-10-01T05:00:00.000000000,276.92,252.11823
2021-10-01T06:00:00.000000000,273.59,247.00413
2021-10-01T07:00:00.000000000,272.57,239.93502
2021-10-01T08:00:00.000000000,273.61,231.98812
2021-10-01T09:00:00.000000000,271.58,226.31674
2021-10-01T10:00:00.000000000,272.45,225.6694
2021-10-01T11:00:00.000000000,274.09,230.07754
2021-10-01T12:00:00.000000000,272.41,232.59221
2021-10-01T13:00:00.000000000,270.12,227.92442
2021-10-01T14:00:00.000000000,266.34,213.90922
2021-10-01T15:00:00.000000000,185.46,194.3268
2021-10-01T16:00:00.000000000,140.42,176.41827
2021-10-01T17:00:00.000000000,132.13,163.65515
2021-10-01T18:00:00.000000000,143.09,156.16378
2021-10-01T19:00:00.000000000,145.49,152.58393
2021-10-01T20:00:00.000000000,144.94,152.02552
2021-10-01T21:00:00.000000000,150.75,156.11454
2021-10-01T22:00:00.000000000,148.93,165.17267
2021-10-01T23:00:00.000000000,163.91,180.76678
2021-10-02T00:00:00.000000000,193.26,221.59067
2021-10-02T01:00:00.000000000,263.77,240.06609
2021-10-02T02:00:00.000000000,278.01,255.00956
2021-10-02T03:00:00.000000000,276.56,262.68891
2021-10-02T04:00:00.000000000,281.9,259.64206
2021-10-02T05:00:00.000000000,282.93,253.00622
2021-10-02T06:00:00.000000000,275.6,248.09856
2021-10-02T07:00:00.000000000,275.73,241.51319
2021-10-02T08:00:00.000000000,276.2,234.66526
2021-10-02T09:00:00.000000000,276.32,230.28297
2021-10-02T10:00:00.000000000,275.65,230.64208
2021-10-02T11:00:00.000000000,276.22,235.85405
2021-10-02T12:00:00.000000000,274.19,238.89886
2021-10-02T13:00:00.000000000,275.34,234.15122
2021-10-02T14:00:00.000000000,269.36,220.65654
2021-10-02T15:00:00.000000000,185.52,204.13031
2021-10-02T16:00:00.000000000,151.95,190.80538
2021-10-02T17:00:00.000000000,136.5,181.40474
2021-10-02T18:00:00.000000000,136.38,174.22376
2021-10-02T19:00:00.000000000,135.62,168.88383
2021-10-02T20:00:00.000000000,129.03,166.94989
2021-10-02T21:00:00.000000000,131.06,170.80118
2021-10-02T22:00:00.000000000,143.26,180.09688
2021-10-02T23:00:00.000000000,159.97,195.37779
2021-09-30T00:00:00.000000000,144.15,188.61525
2021-09-30T01:00:00.000000000,213.03,215.64609
2021-09-30T02:00:00.000000000,224.91,238.22796
2021-09-30T03:00:00.000000000,231.18,255.52732
2021-09-30T04:00:00.000000000,238.22,259.76057
2021-09-30T05:00:00.000000000,246.47,256.12093
2021-09-30T06:00:00.000000000,252.48,250.87365
2021-09-30T07:00:00.000000000,246.29,242.62631
2021-09-30T08:00:00.000000000,246.71,231.18154
2021-09-30T09:00:00.000000000,239.81,222.29702
2021-09-30T10:00:00.000000000,239.13,220.38139
2021-09-30T11:00:00.000000000,242.95,224.524
2021-09-30T12:00:00.000000000,236.18,230.95439
2021-09-30T13:00:00.000000000,232.11,230.86175
2021-09-30T14:00:00.000000000,229.74,210.33322
2021-09-30T15:00:00.000000000,145.44,170.44805
2021-09-30T16:00:00.000000000,105.67,132.80374
2021-09-30T17:00:00.000000000,101.47,112.43793
2021-09-30T18:00:00.000000000,98.01,107.47523
2021-09-30T19:00:00.000000000,99.85,109.23287
2021-09-30T20:00:00.000000000,124.74,113.04576
2021-09-30T21:00:00.000000000,130.78,119.16002
2021-09-30T22:00:00.000000000,132.21,131.49521
2021-09-30T23:00:00.000000000,139.54,154.6749
2021-10-01T00:00:00.000000000,167.08,198.3116
2021-10-01T01:00:00.000000000,248.19,224.29864
2021-10-01T02:00:00.000000000,263.06,246.13992
2021-10-01T03:00:00.000000000,266.23,261.58063
2021-10-01T04:00:00.000000000,268.78,264.29606
2021-10-01T05:00:00.000000000,276.92,259.99176
2021-10-01T06:00:00.000000000,273.59,253.93571
2021-10-01T07:00:00.000000000,272.57,244.81213
2021-10-01T08:00:00.000000000,273.61,233.44143
2021-10-01T09:00:00.000000000,271.58,225.30421
2021-10-01T10:00:00.000000000,272.45,224.30015
2021-10-01T11:00:00.000000000,274.09,228.79652
2021-10-01T12:00:00.000000000,272.41,232.80211
2021-10-01T13:00:00.000000000,270.12,228.74202
2021-10-01T14:00:00.000000000,266.34,207.80251
2021-10-01T15:00:00.000000000,185.46,172.95351
2021-10-01T16:00:00.000000000,140.42,141.67745
2021-10-01T17:00:00.000000000,132.13,125.38368
2021-10-01T18:00:00.000000000,143.09,122.22464
2021-10-01T19:00:00.000000000,145.49,124.56219
2021-10-01T20:00:00.000000000,144.94,127.69283
2021-10-01T21:00:00.000000000,150.75,133.10821
2021-10-01T22:00:00.000000000,148.93,144.16538
2021-10-01T23:00:00.000000000,163.91,164.61666
2021-10-02T00:00:00.000000000,193.26,210.98641
2021-10-02T01:00:00.000000000,263.77,236.11053
2021-10-02T02:00:00.000000000,278.01,255.92177
2021-10-02T03:00:00.000000000,276.56,266.61561
2021-10-02T04:00:00.000000000,281.9,264.87048
2021-10-02T05:00:00.000000000,282.93,258.42649
2021-10-02T06:00:00.000000000,275.6,252.79581
2021-10-02T07:00:00.000000000,275.73,245.55966
2021-10-02T08:00:00.000000000,276.2,237.1868
2021-10-02T09:00:00.000000000,276.32,230.81379
2021-10-02T10:00:00.000000000,275.65,229.90381
2021-10-02T11:00:00.000000000,276.22,235.43227
2021-10-02T12:00:00.000000000,274.19,240.51582
2021-10-02T13:00:00.000000000,275.34,237.15232
2021-10-02T14:00:00.000000000,269.36,220.06577
2021-10-02T15:00:00.000000000,185.52,194.0214
2021-10-02T16:00:00.000000000,151.95,171.33859
2021-10-02T17:00:00.000000000,136.5,157.97955
2021-10-02T18:00:00.000000000,136.38,152.21697
2021-10-02T19:00:00.000000000,135.62,149.80831
2021-10-02T20:00:00.000000000,129.03,149.21734
2021-10-02T21:00:00.000000000,131.06,152.81387
2021-10-02T22:00:00.000000000,143.26,162.15172
2021-10-02T23:00:00.000000000,159.97,179.69645
2021-10-03T00:00:00.000000000,201.47,225.37882
2021-10-03T01:00:00.000000000,271.71,248.56021
2021-10-03T02:00:00.000000000,284.56,264.73868
2021-10-03T03:00:00.000000000,281.06,272.22788
2021-10-03T04:00:00.000000000,282.49,268.83418
2021-10-03T05:00:00.000000000,276.55,262.75156
2021-10-03T06:00:00.000000000,286.69,258.87951
2021-10-03T07:00:00.000000000,284.14,253.44514
2021-10-03T08:00:00.000000000,289.73,247.53223
2021-10-03T09:00:00.000000000,284.59,244.27476
2021-10-03T10:00:00.000000000,280.23,244.98899
2021-10-03T11:00:00.000000000,277.7,250.25515
2021-10-03T12:00:00.000000000,273.77,255.76917
2021-10-03T13:00:00.000000000,273.41,253.57136
2021-10-03T14:00:00.000000000,270.49,236.52419
2021-10-03T15:00:00.000000000,179.6,209.39869
2021-10-03T16:00:00.000000000,117.11,185.99193
2021-10-03T17:00:00.000000000,110.95,172.32638
2021-10-03T18:00:00.000000000,109.87,165.39227
2021-10-03T19:00:00.000000000,110.3,161.48109
2021-10-03T20:00:00.000000000,120.71,160.44731
2021-10-03T21:00:00.000000000,136.05,164.30334
2021-10-03T22:00:00.000000000,151.41,174.58548
2021-10-03T23:00:00.000000000,171.47,194.18241
2021-10-01T00:00:00.000000000,167.08,210.86065
2021-10-01T01:00:00.000000000,248.19,242.12063
2021-10-01T02:00:00.000000000,263.06,266.1825
2021-10-01T03:00:00.000000000,266.23,282.03817
2021-10-01T04:00:00.000000000,268.78,284.67722
2021-10-01T05:00:00.000000000,276.92,281.02423
2021-10-01T06:00:00.000000000,273.59,275.734
2021-10-01T07:00:00.000000000,272.57,265.1053
2021-10-01T08:00:00.000000000,273.61,249.99575
2021-10-01T09:00:00.000000000,271.58,239.57072
2021-10-01T10:00:00.000000000,272.45,239.51636
2021-10-01T11:00:00.000000000,274.09,246.00343
2021-10-01T12:00:00.000000000,272.41,250.55659
2021-10-01T13:00:00.000000000,270.12,242.54752
2021-10-01T14:00:00.000000000,266.34,211.15863
2021-10-01T15:00:00.000000000,185.46,162.4384
2021-10-01T16:00:00.000000000,140.42,121.68734
2021-10-01T17:00:00.000000000,132.13,104.058
2021-10-01T18:00:00.000000000,143.09,104.89993
2021-10-01T19:00:00.000000000,145.49,111.99498
2021-10-01T20:00:00.000000000,144.94,118.32413
2021-10-01T21:00:00.000000000,150.75,125.66918
2021-10-01T22:00:00.000000000,148.93,140.34995
2021-10-01T23:00:00.000000000,163.91,168.33801
2021-10-02T00:00:00.000000000,193.26,211.36975
2021-10-02T01:00:00.000000000,263.77,241.01004
2021-10-02T02:00:00.000000000,278.01,263.24272
2021-10-02T03:00:00.000000000,276.56,275.73027
2021-10-02T04:00:00.000000000,281.9,275.69699
2021-10-02T05:00:00.000000000,282.93,271.04309
2021-10-02T06:00:00.000000000,275.6,265.64633
2021-10-02T07:00:00.000000000,275.73,256.0145
2021-10-02T08:00:00.000000000,276.2,243.52021
2021-10-02T09:00:00.000000000,276.32,235.04039
2021-10-02T10:00:00.000000000,275.65,234.81059
2021-10-02T11:00:00.000000000,276.22,240.408
2021-10-02T12:00:00.000000000,274.19,244.05121
2021-10-02T13:00:00.000000000,275.34,237.85927
2021-10-02T14:00:00.000000000,269.36,214.57523
2021-10-02T15:00:00.000000000,185.52,178.21867
2021-10-02T16:00:00.000000000,151.95,146.15864
2021-10-02T17:00:00.000000000,136.5,129.25462
2021-10-02T18:00:00.000000000,136.38,126.1089
2021-10-02T19:00:00.000000000,135.62,129.14339
2021-10-02T20:00:00.000000000,129.03,132.67697
2021-10-02T21:00:00.000000000,131.06,137.98229
2021-10-02T22:00:00.000000000,143.26,149.38402
2021-10-02T23:00:00.000000000,159.97,172.24176
2021-10-03T00:00:00.000000000,201.47,218.90881
2021-10-03T01:00:00.000000000,271.71,245.82085
2021-10-03T02:00:00.000000000,284.56,265.03267
2021-10-03T03:00:00.000000000,281.06,274.95999
2021-10-03T04:00:00.000000000,282.49,272.839
2021-10-03T05:00:00.000000000,276.55,266.3852
2021-10-03T06:00:00.000000000,286.69,260.71185
2021-10-03T07:00:00.000000000,284.14,253.47834
2021-10-03T08:00:00.000000000,289.73,245.74075
2021-10-03T09:00:00.000000000,284.59,240.94406
2021-10-03T10:00:00.000000000,280.23,241.0091
2021-10-03T11:00:00.000000000,277.7,246.27307
2021-10-03T12:00:00.000000000,273.77,252.07308
2021-10-03T13:00:00.000000000,273.41,250.01756
2021-10-03T14:00:00.000000000,270.49,231.25469
2021-10-03T15:00:00.000000000,179.6,199.32976
2021-10-03T16:00:00.000000000,117.11,170.6955
2021-10-03T17:00:00.000000000,110.95,154.59135
2021-10-03T18:00:00.000000000,109.87,148.58952
2021-10-03T19:00:00.000000000,110.3,146.76825
2021-10-03T20:00:00.000000000,120.71,146.91176
2021-10-03T21:00:00.000000000,136.05,151.09178
2021-10-03T22:00:00.000000000,151.41,162.11684
2021-10-03T23:00:00.000000000,171.47,183.72016
2021-10-04T00:00:00.000000000,224.83,228.81083
2021-10-04T01:00:00.000000000,292.39,253.79879
2021-10-04T02:00:00.000000000,300.51,270.49055
2021-10-04T03:00:00.000000000,287.63,277.7439
2021-10-04T04:00:00.000000000,282.82,274.21379
2021-10-04T05:00:00.000000000,274.54,268.48527
2021-10-04T06:00:00.000000000,271.52,264.83479
2021-10-04T07:00:00.000000000,267.64,258.94368
2021-10-04T08:00:00.000000000,266.3,252.07181
2021-10-04T09:00:00.000000000,265.18,248.14332
2021-10-04T10:00:00.000000000,266.89,248.64
2021-10-04T11:00:00.000000000,270.39,253.79493
2021-10-04T12:00:00.000000000,271.22,259.30075
2021-10-04T13:00:00.000000000,272.97,256.9581
2021-10-04T14:00:00.000000000,275.99,238.64141
2021-10-04T15:00:00.000000000,241.71,208.643
2021-10-04T16:00:00.000000000,203.14,182.28038
2021-10-04T17:00:00.000000000,194.69,167.14832
2021-10-04T18:00:00.000000000,185.61,160.54466
2021-10-04T19:00:00.000000000,179.61,157.89145
2021-10-04T20:00:00.000000000,188.78,157.79538
2021-10-04T21:00:00.000000000,194.99,161.98251
2021-10-04T22:00:00.000000000,202.87,172.87066
2021-10-04T23:00:00.000000000,230.51,194.34159
2021-10-02T00:00:00.000000000,193.26,219.65478
2021-10-02T01:00:00.000000000,263.77,254.13472
2021-10-02T02:00:00.000000000,278.01,278.09297
2021-10-02T03:00:00.000000000,276.56,290.01589
2021-10-02T04:00:00.000000000,281.9,288.42146
2021-10-02T05:00:00.000000000,282.93,283.33166
2021-10-02T06:00:00.000000000,275.6,279.40999
2021-10-02T07:00:00.000000000,275.73,272.00904
2021-10-02T08:00:00.000000000,276.2,261.00985
2021-10-02T09:00:00.000000000,276.32,253.16695
2021-10-02T10:00:00.000000000,275.65,252.59945
2021-10-02T11:00:00.000000000,276.22,259.08581
2021-10-02T12:00:00.000000000,274.19,266.98867
2021-10-02T13:00:00.000000000,275.34,264.46519
2021-10-02T14:00:00.000000000,269.36,237.26253
2021-10-02T15:00:00.000000000,185.52,189.83917
2021-10-02T16:00:00.000000000,151.95,148.34179
2021-10-02T17:00:00.000000000,136.5,128.42909
2021-10-02T18:00:00.000000000,136.38,125.88646
2021-10-02T19:00:00.000000000,135.62,129.69758
2021-10-02T20:00:00.000000000,129.03,133.36907
2021-10-02T21:00:00.000000000,131.06,138.13334
2021-10-02T22:00:00.000000000,143.26,149.69456
2021-10-02T23:00:00.000000000,159.97,175.77191
2021-10-03T00:00:00.000000000,201.47,221.28447
2021-10-03T01:00:00.000000000,271.71,254.58878
2021-10-03T02:00:00.000000000,284.56,277.43251
2021-10-03T03:00:00.000000000,281.06,288.3897
2021-10-03T04:00:00.000000000,282.49,286.13179
2021-10-03T05:00:00.000000000,276.55,280.20696
2021-10-03T06:00:00.000000000,286.69,275.52554
2021-10-03T07:00:00.000000000,284.14,268.25963
2021-10-03T08:00:00.000000000,289.73,258.55912
2021-10-03T09:00:00.000000000,284.59,251.77161
2021-10-03T10:00:00.000000000,280.23,251.03685
2021-10-03T11:00:00.000000000,277.7,257.28271
2021-10-03T12:00:00.000000000,273.77,266.40153
2021-10-03T13:00:00.000000000,273.41,266.74794
2021-10-03T14:00:00.000000000,270.49,243.46127
2021-10-03T15:00:00.000000000,179.6,199.95651
2021-10-03T16:00:00.000000000,117.11,160.61431
2021-10-03T17:00:00.000000000,110.95,140.61699
2021-10-03T18:00:00.000000000,109.87,136.36999
2021-10-03T19:00:00.000000000,110.3,138.22698
2021-10-03T20:00:00.000000000,120.71,140.88339
2021-10-03T21:00:00.000000000,136.05,145.15438
2021-10-03T22:00:00.000000000,151.41,155.6432
2021-10-03T23:00:00.000000000,171.47,179.66613
2021-10-04T00:00:00.000000000,224.83,226.31263
2021-10-04T01:00:00.000000000,292.39,255.37586
2021-10-04T02:00:00.000000000,300.51,274.35358
2021-10-04T03:00:00.000000000,287.63,282.61674
2021-10-04T04:00:00.000000000,282.82,279.48999
2021-10-04T05:00:00.000000000,274.54,274.06014
2021-10-04T06:00:00.000000000,271.52,270.26703
2021-10-04T07:00:00.000000000,267.64,263.7203
2021-10-04T08:00:00.000000000,266.3,255.40617
2021-10-04T09:00:00.000000000,265.18,250.15642
2021-10-04T10:00:00.000000000,266.89,250.1526
2021-10-04T11:00:00.000000000,270.39,256.17563
2021-10-04T12:00:00.000000000,271.22,264.73335
2021-10-04T13:00:00.000000000,272.97,265.70556
2021-10-04T14:00:00.000000000,275.99,245.94648
2021-10-04T15:00:00.000000000,241.71,208.45439
2021-10-04T16:00:00.000000000,203.14,173.99525
2021-10-04T17:00:00.000000000,194.69,155.14266
2021-10-04T18:00:00.000000000,185.61,149.28633
2021-10-04T19:00:00.000000000,179.61,149.12427
2021-10-04T20:00:00.000000000,188.78,150.63124
2021-10-04T21:00:00.000000000,194.99,154.60844
2021-10-04T22:00:00.000000000,202.87,165.04373
2021-10-04T23:00:00.000000000,230.51,188.13784
2021-10-05T00:00:00.000000000,265.9,213.43542
2021-10-05T01:00:00.000000000,288.95,239.64735
2021-10-05T02:00:00.000000000,289.86,258.07154
2021-10-05T03:00:00.000000000,282.37,266.74144
2021-10-05T04:00:00.000000000,265.79,264.82747
2021-10-05T05:00:00.000000000,256.9,259.85481
2021-10-05T06:00:00.000000000,258.44,254.78514
2021-10-05T07:00:00.000000000,247.63,246.59464
2021-10-05T08:00:00.000000000,249.46,237.8065
2021-10-05T09:00:00.000000000,250.1,232.09403
2021-10-05T10:00:00.000000000,255.96,231.4286
2021-10-05T11:00:00.000000000,247.67,235.23442
2021-10-05T12:00:00.000000000,265.29,237.90711
2021-10-05T13:00:00.000000000,262.34,235.2423
2021-10-05T14:00:00.000000000,258.45,222.58614
2021-10-05T15:00:00.000000000,227.78,200.3174
2021-10-05T16:00:00.000000000,170.17,177.57595
2021-10-05T17:00:00.000000000,151.64,161.03206
2021-10-05T18:00:00.000000000,142.73,152.85274
2021-10-05T19:00:00.000000000,147.9,150.106
2021-10-05T20:00:00.000000000,138.61,149.48807
2021-10-05T21:00:00.000000000,143.25,152.18536
2021-10-05T22:00:00.000000000,147.21,160.42524
2021-10-05T23:00:00.000000000,161.52,178.83286
2021-10-03T00:00:00.000000000,201.47,213.4167
2021-10-03T01:00:00.000000000,271.71,245.37169
2021-10-03T02:00:00.000000000,284.56,270.76063
2021-10-03T03:00:00.000000000,281.06,288.07371
2021-10-03T04:00:00.000000000,282.49,290.40941
2021-10-03T05:00:00.000000000,276.55,284.68169
2021-10-03T06:00:00.000000000,286.69,278.33064
2021-10-03T07:00:00.000000000,284.14,270.23088
2021-10-03T08:00:00.000000000,289.73,259.5375
2021-10-03T09:00:00.000000000,284.59,251.52742
2021-10-03T10:00:00.000000000,280.23,250.1324
2021-10-03T11:00:00.000000000,277.7,255.95293
2021-10-03T12:00:00.000000000,273.77,265.16646
2021-10-03T13:00:00.000000000,273.41,264.16305
2021-10-03T14:00:00.000000000,270.49,235.61705
2021-10-03T15:00:00.000000000,179.6,184.48792
2021-10-03T16:00:00.000000000,117.11,140.79707
2021-10-03T17:00:00.000000000,110.95,122.48862
2021-10-03T18:00:00.000000000,109.87,122.40699
2021-10-03T19:00:00.000000000,110.3,126.94054
2021-10-03T20:00:00.000000000,120.71,130.70794
2021-10-03T21:00:00.000000000,136.05,136.27197
2021-10-03T22:00:00.000000000,151.41,148.5004
2021-10-03T23:00:00.000000000,171.47,173.17352
2021-10-04T00:00:00.000000000,224.83,224.2398
2021-10-04T01:00:00.000000000,292.39,252.69621
2021-10-04T02:00:00.000000000,300.51,273.56887
2021-10-04T03:00:00.000000000,287.63,285.71108
2021-10-04T04:00:00.000000000,282.82,285.42048
2021-10-04T05:00:00.000000000,274.54,280.23707
2021-10-04T06:00:00.000000000,271.52,274.95659
2021-10-04T07:00:00.000000000,267.64,266.30973
2021-10-04T08:00:00.000000000,266.3,255.23014
2021-10-04T09:00:00.000000000,265.18,248.01067
2021-10-04T10:00:00.000000000,266.89,248.14424
2021-10-04T11:00:00.000000000,270.39,255.01768
2021-10-04T12:00:00.000000000,271.22,263.28487
2021-10-04T13:00:00.000000000,272.97,261.36492
2021-10-04T14:00:00.000000000,275.99,236.38474
2021-10-04T15:00:00.000000000,241.71,193.60303
2021-10-04T16:00:00.000000000,203.14,156.55377
2021-10-04T17:00:00.000000000,194.69,139.02168
2021-10-04T18:00:00.000000000,185.61,136.50076
2021-10-04T19:00:00.000000000,179.61,139.53213
2021-10-04T20:00:00.000000000,188.78,143.32829
2021-10-04T21:00:00.000000000,194.99,149.26643
2021-10-04T22:00:00.000000000,202.87,161.71795
2021-10-04T23:00:00.000000000,230.51,185.87151
2021-10-05T00:00:00.000000000,265.9,217.24169
2021-10-05T01:00:00.000000000,288.95,242.91938
2021-10-05T02:00:00.000000000,289.86,260.72331
2021-10-05T03:00:00.000000000,282.37,270.14844
2021-10-05T04:00:00.000000000,265.79,269.5076
2021-10-05T05:00:00.000000000,256.9,265.39481
2021-10-05T06:00:00.000000000,258.44,259.84446
2021-10-05T07:00:00.000000000,247.63,249.66002
2021-10-05T08:00:00.000000000,249.46,238.10843
2021-10-05T09:00:00.000000000,250.1,231.36285
2021-10-05T10:00:00.000000000,255.96,231.87166
2021-10-05T11:00:00.000000000,247.67,237.04365
2021-10-05T12:00:00.000000000,265.29,241.27952
2021-10-05T13:00:00.000000000,262.34,239.02453
2021-10-05T14:00:00.000000000,258.45,222.42657
2021-10-05T15:00:00.000000000,227.78,192.39295
2021-10-05T16:00:00.000000000,170.17,163.3694
2021-10-05T17:00:00.000000000,151.64,145.93039
2021-10-05T18:00:00.000000000,142.73,141.07598
2021-10-05T19:00:00.000000000,147.9,142.94325
2021-10-05T20:00:00.000000000,138.61,145.61382
2021-10-05T21:00:00.000000000,143.25,149.85644
2021-10-05T22:00:00.000000000,147.21,159.80919
2021-10-05T23:00:00.000000000,161.52,180.96639
2021-10-06T00:00:00.000000000,188.04,199.20715
2021-10-06T01:00:00.000000000,247.74,220.28985
2021-10-06T02:00:00.000000000,255.42,237.42061
2021-10-06T03:00:00.000000000,244.75,248.16989
2021-10-06T04:00:00.000000000,241.74,248.40559
2021-10-06T05:00:00.000000000,239.37,244.03927
2021-10-06T06:00:00.000000000,239.05,238.30517
2021-10-06T07:00:00.000000000,236.8,229.19651
2021-10-06T08:00:00.000000000,220.81,219.35713
2021-10-06T09:00:00.000000000,216.14,213.62826
2021-10-06T10:00:00.000000000,213.77,213.78989
2021-10-06T11:00:00.000000000,217.38,217.32751
2021-10-06T12:00:00.000000000,221.41,218.50085
2021-10-06T13:00:00.000000000,231.24,214.67333
2021-10-06T14:00:00.000000000,241.41,202.64314
2021-10-06T15:00:00.000000000,190.7,182.72691
2021-10-06T16:00:00.000000000,157.17,161.45904
2021-10-06T17:00:00.000000000,142.22,145.13361
2021-10-06T18:00:00.000000000,138.66,136.83488
2021-10-06T19:00:00.000000000,136.31,135.6676
2021-10-06T20:00:00.000000000,135.37,138.20502
2021-10-06T21:00:00.000000000,132.48,143.85303
2021-10-06T22:00:00.000000000,139.46,153.73998
2021-10-06T23:00:00.000000000,164.74,170.47331
2021-10-04T00:00:00.000000000,224.83,239.89529
2021-10-04T01:00:00.000000000,292.39,266.14601
2021-10-04T02:00:00.000000000,300.51,282.48598
2021-10-04T03:00:00.000000000,287.63,292.02113
2021-10-04T04:00:00.000000000,282.82,291.61331
2021-10-04T05:00:00.000000000,274.54,287.55235
2021-10-04T06:00:00.000000000,271.52,283.62792
2021-10-04T07:00:00.000000000,267.64,276.84968
2021-10-04T08:00:00.000000000,266.3,268.41511
2021-10-04T09:00:00.000000000,265.18,263.37301
2021-10-04T10:00:00.000000000,266.89,262.2457
2021-10-04T11:00:00.000000000,270.39,265.27507
2021-10-04T12:00:00.000000000,271.22,271.98525
2021-10-04T13:00:00.000000000,272.97,271.58236
2021-10-04T14:00:00.000000000,275.99,246.34599
2021-10-04T15:00:00.000000000,241.71,199.05117
2021-10-04T16:00:00.000000000,203.14,157.91746
2021-10-04T17:00:00.000000000,194.69,140.59203
2021-10-04T18:00:00.000000000,185.61,140.61054
2021-10-04T19:00:00.000000000,179.61,145.42343
2021-10-04T20:00:00.000000000,188.78,149.20141
2021-10-04T21:00:00.000000000,194.99,155.14479
2021-10-04T22:00:00.000000000,202.87,169.54043
2021-10-04T23:00:00.000000000,230.51,197.85084
2021-10-05T00:00:00.000000000,265.9,221.80306
2021-10-05T01:00:00.000000000,288.95,246.95946
2021-10-05T02:00:00.000000000,289.86,264.83484
2021-10-05T03:00:00.000000000,282.37,274.79562
2021-10-05T04:00:00.000000000,265.79,274.36623
2021-10-05T05:00:00.000000000,256.9,270.06186
2021-10-05T06:00:00.000000000,258.44,264.46968
2021-10-05T07:00:00.000000000,247.63,254.18518
2021-10-05T08:00:00.000000000,249.46,242.03557
2021-10-05T09:00:00.000000000,250.1,234.71625
2021-10-05T10:00:00.000000000,255.96,235.36153
2021-10-05T11:00:00.000000000,247.67,241.59886
2021-10-05T12:00:00.000000000,265.29,247.44698
2021-10-05T13:00:00.000000000,262.34,245.36464
2021-10-05T14:00:00.000000000,258.45,226.07916
2021-10-05T15:00:00.000000000,227.78,192.25945
2021-10-05T16:00:00.000000000,170.17,161.212
2021-10-05T17:00:00.000000000,151.64,144.45492
2021-10-05T18:00:00.000000000,142.73,141.15672
2021-10-05T19:00:00.000000000,147.9,144.2245
2021-10-05T20:00:00.000000000,138.61,147.79916
2021-10-05T21:00:00.000000000,143.25,152.81297
2021-10-05T22:00:00.000000000,147.21,163.65708
2021-10-05T23:00:00.000000000,161.52,185.53833
2021-10-06T00:00:00.000000000,188.04,213.04
2021-10-06T01:00:00.000000000,247.74,229.85471
2021-10-06T02:00:00.000000000,255.42,243.53545
2021-10-06T03:00:00.000000000,244.75,253.41202
2021-10-06T04:00:00.000000000,241.74,253.3716
2021-10-06T05:00:00.000000000,239.37,247.56038
2021-10-06T06:00:00.000000000,239.05,239.76283
2021-10-06T07:00:00.000000000,236.8,229.01844
2021-10-06T08:00:00.000000000,220.81,218.68972
2021-10-06T09:00:00.000000000,216.14,214.11945
2021-10-06T10:00:00.000000000,213.77,216.77299
2021-10-06T11:00:00.000000000,217.38,223.16739
2021-10-06T12:00:00.000000000,221.41,227.48196
2021-10-06T13:00:00.000000000,231.24,224.37024
2021-10-06T14:00:00.000000000,241.41,208.58989
2021-10-06T15:00:00.000000000,190.7,183.48753
2021-10-06T16:00:00.000000000,157.17,160.21361
2021-10-06T17:00:00.000000000,142.22,146.04447
2021-10-06T18:00:00.000000000,138.66,140.69797
2021-10-06T19:00:00.000000000,136.31,141.16662
2021-10-06T20:00:00.000000000,135.37,144.91417
2021-10-06T21:00:00.000000000,132.48,152.56234
2021-10-06T22:00:00.000000000,139.46,166.1575
2021-10-06T23:00:00.000000000,164.74,186.27008
2021-10-07T00:00:00.000000000,205.02,220.65305
2021-10-07T01:00:00.000000000,256.9,232.5462
2021-10-07T02:00:00.000000000,260.26,239.19877
2021-10-07T03:00:00.000000000,256.72,241.04529
2021-10-07T04:00:00.000000000,249.74,235.4635
2021-10-07T05:00:00.000000000,255.89,228.2157
2021-10-07T06:00:00.000000000,253.12,221.68751
2021-10-07T07:00:00.000000000,249.71,212.9096
2021-10-07T08:00:00.000000000,249.41,205.15207
2021-10-07T09:00:00.000000000,247.91,203.45424
2021-10-07T10:00:00.000000000,251.65,208.66229
2021-10-07T11:00:00.000000000,248.3,217.34904
2021-10-07T12:00:00.000000000,251.75,222.54891
2021-10-07T13:00:00.000000000,248.19,219.2206
2021-10-07T14:00:00.000000000,255.71,205.94489
2021-10-07T15:00:00.000000000,231.02,188.26987
2021-10-07T16:00:00.000000000,199.1,172.62567
2021-10-07T17:00:00.000000000,164.88,161.42021
2021-10-07T18:00:00.000000000,159.48,154.23742
2021-10-07T19:00:00.000000000,153.57,151.43437
2021-10-07T20:00:00.000000000,151.44,153.42241
2021-10-07T21:00:00.000000000,149.02,161.50135
2021-10-07T22:00:00.000000000,149.61,176.9755
2021-10-07T23:00:00.000000000,163.87,197.83449
2021-10-05T00:00:00.000000000,265.9,222.5984
2021-10-05T01:00:00.000000000,288.95,246.51028
2021-10-05T02:00:00.000000000,289.86,265.83295
2021-10-05T03:00:00.000000000,282.37,278.48187
2021-10-05T04:00:00.000000000,265.79,278.41573
2021-10-05T05:00:00.000000000,256.9,270.45052
2021-10-05T06:00:00.000000000,258.44,261.30523
2021-10-05T07:00:00.000000000,247.63,251.02128
2021-10-05T08:00:00.000000000,249.46,240.54342
2021-10-05T09:00:00.000000000,250.1,232.20918
2021-10-05T10:00:00.000000000,255.96,229.13457
2021-10-05T11:00:00.000000000,247.67,233.77077
2021-10-05T12:00:00.000000000,265.29,243.01639
2021-10-05T13:00:00.000000000,262.34,247.63845
2021-10-05T14:00:00.000000000,258.45,234.47649
2021-10-05T15:00:00.000000000,227.78,204.20228
2021-10-05T16:00:00.000000000,170.17,174.74214
2021-10-05T17:00:00.000000000,151.64,159.01253
2021-10-05T18:00:00.000000000,142.73,155.46607
2021-10-05T19:00:00.000000000,147.9,156.69725
2021-10-05T20:00:00.000000000,138.61,158.8126
2021-10-05T21:00:00.000000000,143.25,163.4104
2021-10-05T22:00:00.000000000,147.21,172.17428
2021-10-05T23:00:00.000000000,161.52,189.1871
2021-10-06T00:00:00.000000000,188.04,204.02809
2021-10-06T01:00:00.000000000,247.74,220.66625
2021-10-06T02:00:00.000000000,255.42,235.74079
2021-10-06T03:00:00.000000000,244.75,247.07183
2021-10-06T04:00:00.000000000,241.74,247.50226
2021-10-06T05:00:00.000000000,239.37,241.17486
2021-10-06T06:00:00.000000000,239.05,232.96682
2021-10-06T07:00:00.000000000,236.8,222.13993
2021-10-06T08:00:00.000000000,220.81,210.75534
2021-10-06T09:00:00.000000000,216.14,204.20285
2021-10-06T10:00:00.000000000,213.77,205.85305
2021-10-06T11:00:00.000000000,217.38,213.51964
2021-10-06T12:00:00.000000000,221.41,220.75421
2021-10-06T13:00:00.000000000,231.24,219.62346
2021-10-06T14:00:00.000000000,241.41,202.8951
2021-10-06T15:00:00.000000000,190.7,175.71067
2021-10-06T16:00:00.000000000,157.17,151.96238
2021-10-06T17:00:00.000000000,142.22,140.01564
2021-10-06T18:00:00.000000000,138.66,137.91248
2021-10-06T19:00:00.000000000,136.31,140.70765
2021-10-06T20:00:00.000000000,135.37,145.18961
2021-10-06T21:00:00.000000000,132.48,152.1031
2021-10-06T22:00:00.000000000,139.46,163.47184
2021-10-06T23:00:00.000000000,164.74,180.10438
2021-10-07T00:00:00.000000000,205.02,214.90956
2021-10-07T01:00:00.000000000,256.9,226.26761
2021-10-07T02:00:00.000000000,260.26,234.13033
2021-10-07T03:00:00.000000000,256.72,238.64546
2021-10-07T04:00:00.000000000,249.74,235.23341
2021-10-07T05:00:00.000000000,255.89,227.80627
2021-10-07T06:00:00.000000000,253.12,219.17299
2021-10-07T07:00:00.000000000,249.71,207.93128
2021-10-07T08:00:00.000000000,249.41,197.72517
2021-10-07T09:00:00.000000000,247.91,194.1109
2021-10-07T10:00:00.000000000,251.65,199.10095
2021-10-07T11:00:00.000000000,248.3,208.94663
2021-10-07T12:00:00.000000000,251.75,215.43051
2021-10-07T13:00:00.000000000,248.19,211.4167
2021-10-07T14:00:00.000000000,255.71,194.72242
2021-10-07T15:00:00.000000000,231.02,173.33838
2021-10-07T16:00:00.000000000,199.1,156.91466
2021-10-07T17:00:00.000000000,164.88,148.93514
2021-10-07T18:00:00.000000000,159.48,146.75212
2021-10-07T19:00:00.000000000,153.57,147.52528
2021-10-07T20:00:00.000000000,151.44,150.63847
2021-10-07T21:00:00.000000000,149.02,158.52512
2021-10-07T22:00:00.000000000,149.61,173.65409
2021-10-07T23:00:00.000000000,163.87,193.56789
2021-10-08T00:00:00.000000000,194.67,214.50488
2021-10-08T01:00:00.000000000,250.7,227.04295
2021-10-08T02:00:00.000000000,255.55,234.79486
2021-10-08T03:00:00.000000000,249.91,236.31362
2021-10-08T04:00:00.000000000,242.97,229.78944
2021-10-08T05:00:00.000000000,238.68,221.80103
2021-10-08T06:00:00.000000000,237.81,214.70218
2021-10-08T07:00:00.000000000,244.63,205.0509
2021-10-08T08:00:00.000000000,235.92,196.17895
2021-10-08T09:00:00.000000000,234.92,193.47927
2021-10-08T10:00:00.000000000,228.92,198.5705
2021-10-08T11:00:00.000000000,237.4,207.62896
2021-10-08T12:00:00.000000000,233.5,211.16996
2021-10-08T13:00:00.000000000,228.1,204.75091
2021-10-08T14:00:00.000000000,229.75,191.41395
2021-10-08T15:00:00.000000000,223.59,178.51552
2021-10-08T16:00:00.000000000,186.71,168.27543
2021-10-08T17:00:00.000000000,163.81,159.59369
2021-10-08T18:00:00.000000000,145.12,152.76303
2021-10-08T19:00:00.000000000,141.26,149.89057
2021-10-08T20:00:00.000000000,128.55,151.88619
2021-10-08T21:00:00.000000000,129.18,159.80212
2021-10-08T22:00:00.000000000,129.06,174.23741
2021-10-08T23:00:00.000000000,135.36,192.80886
2021-10-06T00:00:00.000000000,188.04,195.0958
2021-10-06T01:00:00.000000000,247.74,214.89594
2021-10-06T02:00:00.000000000,255.42,230.02205
2021-10-06T03:00:00.000000000,244.75,239.94577
2021-10-06T04:00:00.000000000,241.74,239.24622
2021-10-06T05:00:00.000000000,239.37,233.39639
2021-10-06T06:00:00.000000000,239.05,227.12628
2021-10-06T07:00:00.000000000,236.8,218.62698
2021-10-06T08:00:00.000000000,220.81,208.55139
2021-10-06T09:00:00.000000000,216.14,201.96261
2021-10-06T10:00:00.000000000,213.77,202.26883
2021-10-06T11:00:00.000000000,217.38,208.93891
2021-10-06T12:00:00.000000000,221.41,218.47384
2021-10-06T13:00:00.000000000,231.24,221.90022
2021-10-06T14:00:00.000000000,241.41,206.44396
2021-10-06T15:00:00.000000000,190.7,174.93696
2021-10-06T16:00:00.000000000,157.17,145.46547
2021-10-06T17:00:00.000000000,142.22,130.05646
2021-10-06T18:00:00.000000000,138.66,126.78364
2021-10-06T19:00:00.000000000,136.31,129.16338
2021-10-06T20:00:00.000000000,135.37,133.21272
2021-10-06T21:00:00.000000000,132.48,138.93667
2021-10-06T22:00:00.000000000,139.46,149.8053
2021-10-06T23:00:00.000000000,164.74,168.66704
2021-10-07T00:00:00.000000000,205.02,203.81168
2021-10-07T01:00:00.000000000,256.9,218.63846
2021-10-07T02:00:00.000000000,260.26,230.24544
2021-10-07T03:00:00.000000000,256.72,238.76315
2021-10-07T04:00:00.000000000,249.74,237.8514
2021-10-07T05:00:00.000000000,255.89,231.04313
2021-10-07T06:00:00.000000000,253.12,222.23905
2021-10-07T07:00:00.000000000,249.71,210.99123
2021-10-07T08:00:00.000000000,249.41,199.98685
2021-10-07T09:00:00.000000000,247.91,194.80175
2021-10-07T10:00:00.000000000,251.65,198.09733
2021-10-07T11:00:00.000000000,248.3,206.59737
2021-10-07T12:00:00.000000000,251.75,213.38489
2021-10-07T13:00:00.000000000,248.19,210.0899
2021-10-07T14:00:00.000000000,255.71,190.63624
2021-10-07T15:00:00.000000000,231.02,162.19761
2021-10-07T16:00:00.000000000,199.1,139.4299
2021-10-07T17:00:00.000000000,164.88,129.56468
2021-10-07T18:00:00.000000000,159.48,129.05475
2021-10-07T19:00:00.000000000,153.57,132.04802
2021-10-07T20:00:00.000000000,151.44,136.30531
2021-10-07T21:00:00.000000000,149.02,144.09782
2021-10-07T22:00:00.000000000,149.61,159.01376
2021-10-07T23:00:00.000000000,163.87,179.98188
2021-10-08T00:00:00.000000000,194.67,214.73819
2021-10-08T01:00:00.000000000,250.7,227.17324
2021-10-08T02:00:00.000000000,255.55,234.79594
2021-10-08T03:00:00.000000000,249.91,238.32522
2021-10-08T04:00:00.000000000,242.97,234.31238
2021-10-08T05:00:00.000000000,238.68,226.99238
2021-10-08T06:00:00.000000000,237.81,218.5852
2021-10-08T07:00:00.000000000,244.63,207.25666
2021-10-08T08:00:00.000000000,235.92,196.96715
2021-10-08T09:00:00.000000000,234.92,193.37691
2021-10-08T10:00:00.000000000,228.92,198.09906
2021-10-08T11:00:00.000000000,237.4,206.93645
2021-10-08T12:00:00.000000000,233.5,211.44874
2021-10-08T13:00:00.000000000,228.1,205.21509
2021-10-08T14:00:00.000000000,229.75,187.39522
2021-10-08T15:00:00.000000000,223.59,166.18774
2021-10-08T16:00:00.000000000,186.71,150.41599
2021-10-08T17:00:00.000000000,163.81,142.85754
2021-10-08T18:00:00.000000000,145.12,141.10871
2021-10-08T19:00:00.000000000,141.26,142.31592
2021-10-08T20:00:00.000000000,128.55,145.67202
2021-10-08T21:00:00.000000000,129.18,153.73069
2021-10-08T22:00:00.000000000,129.06,169.74562
2021-10-08T23:00:00.000000000,135.36,191.44126
2021-10-09T00:00:00.000000000,151.29,218.28353
2021-10-09T01:00:00.000000000,206.39,225.38955
2021-10-09T02:00:00.000000000,221.83,228.30524
2021-10-09T03:00:00.000000000,213.2,229.01772
2021-10-09T04:00:00.000000000,211.14,224.35258
2021-10-09T05:00:00.000000000,204.91,217.99072
2021-10-09T06:00:00.000000000,199.99,210.97943
2021-10-09T07:00:00.000000000,196.49,201.10417
2021-10-09T08:00:00.000000000,193.23,192.69204
2021-10-09T09:00:00.000000000,188.47,191.19764
2021-10-09T10:00:00.000000000,194.22,197.27795
2021-10-09T11:00:00.000000000,193.17,206.25973
2021-10-09T12:00:00.000000000,198.03,209.4787
2021-10-09T13:00:00.000000000,204.31,201.79505
2021-10-09T14:00:00.000000000,206.22,185.5494
2021-10-09T15:00:00.000000000,146.93,169.63383
2021-10-09T16:00:00.000000000,109.43,159.0786
2021-10-09T17:00:00.000000000,109.68,153.23828
2021-10-09T18:00:00.000000000,108.58,149.63657
2021-10-09T19:00:00.000000000,97.66,147.87839
2021-10-09T20:00:00.000000000,100.69,149.378
2021-10-09T21:00:00.000000000,101.4,157.94541
2021-10-09T22:00:00.000000000,103.89,175.98556
2021-10-09T23:00:00.000000000,124.91,198.30191
2021-10-07T00:00:00.000000000,205.02,196.15066
2021-10-07T01:00:00.000000000,256.9,219.20307
2021-10-07T02:00:00.000000000,260.26,235.53699
2021-10-07T03:00:00.000000000,256.72,243.83499
2021-10-07T04:00:00.000000000,249.74,241.26579
2021-10-07T05:00:00.000000000,255.89,234.90344
2021-10-07T06:00:00.000000000,253.12,228.52029
2021-10-07T07:00:00.000000000,249.71,219.53279
2021-10-07T08:00:00.000000000,249.41,209.34818
2021-10-07T09:00:00.000000000,247.91,203.38331
2021-10-07T10:00:00.000000000,251.65,204.87432
2021-10-07T11:00:00.000000000,248.3,212.48821
2021-10-07T12:00:00.000000000,251.75,219.96236
2021-10-07T13:00:00.000000000,248.19,219.12363
2021-10-07T14:00:00.000000000,255.71,202.30103
2021-10-07T15:00:00.000000000,231.02,173.82433
2021-10-07T16:00:00.000000000,199.1,147.56872
2021-10-07T17:00:00.000000000,164.88,131.95128
2021-10-07T18:00:00.000000000,159.48,126.24055
2021-10-07T19:00:00.000000000,153.57,126.21569
2021-10-07T20:00:00.000000000,151.44,129.04141
2021-10-07T21:00:00.000000000,149.02,134.75319
2021-10-07T22:00:00.000000000,149.61,146.72177
2021-10-07T23:00:00.000000000,163.87,167.38169
2021-10-08T00:00:00.000000000,194.67,197.15184
2021-10-08T01:00:00.000000000,250.7,214.23549
2021-10-08T02:00:00.000000000,255.55,225.229
2021-10-08T03:00:00.000000000,249.91,230.44122
2021-10-08T04:00:00.000000000,242.97,226.9858
2021-10-08T05:00:00.000000000,238.68,220.38398
2021-10-08T06:00:00.000000000,237.81,213.29418
2021-10-08T07:00:00.000000000,244.63,203.30028
2021-10-08T08:00:00.000000000,235.92,192.92413
2021-10-08T09:00:00.000000000,234.92,188.02257
2021-10-08T10:00:00.000000000,228.92,191.51068
2021-10-08T11:00:00.000000000,237.4,200.49621
2021-10-08T12:00:00.000000000,233.5,206.58574
2021-10-08T13:00:00.000000000,228.1,201.79181
2021-10-08T14:00:00.000000000,229.75,183.40714
2021-10-08T15:00:00.000000000,223.59,159.02981
2021-10-08T16:00:00.000000000,186.71,139.25262
2021-10-08T17:00:00.000000000,163.81,128.31838
2021-10-08T18:00:00.000000000,145.12,124.59622
2021-10-08T19:00:00.000000000,141.26,124.77688
2021-10-08T20:00:00.000000000,128.55,127.81917
2021-10-08T21:00:00.000000000,129.18,135.38806
2021-10-08T22:00:00.000000000,129.06,150.70023
2021-10-08T23:00:00.000000000,135.36,172.75504
2021-10-09T00:00:00.000000000,151.29,210.92532
2021-10-09T01:00:00.000000000,206.39,218.08283
2021-10-09T02:00:00.000000000,221.83,220.38282
2021-10-09T03:00:00.000000000,213.2,220.97097
2021-10-09T04:00:00.000000000,211.14,216.51878
2021-10-09T05:00:00.000000000,204.91,210.54835
2021-10-09T06:00:00.000000000,199.99,204.09597
2021-10-09T07:00:00.000000000,196.49,195.0267
2021-10-09T08:00:00.000000000,193.23,187.09655
2021-10-09T09:00:00.000000000,188.47,185.76282
2021-10-09T10:00:00.000000000,194.22,192.15744
2021-10-09T11:00:00.000000000,193.17,201.9966
2021-10-09T12:00:00.000000000,198.03,206.62867
2021-10-09T13:00:00.000000000,204.31,199.39822
2021-10-09T14:00:00.000000000,206.22,181.53434
2021-10-09T15:00:00.000000000,146.93,162.63673
2021-10-09T16:00:00.000000000,109.43,149.81462
2021-10-09T17:00:00.000000000,109.68,143.13235
2021-10-09T18:00:00.000000000,108.58,139.47212
2021-10-09T19:00:00.000000000,97.66,137.32862
2021-10-09T20:00:00.000000000,100.69,138.48416
2021-10-09T21:00:00.000000000,101.4,147.3333
2021-10-09T22:00:00.000000000,103.89,166.95415
2021-10-09T23:00:00.000000000,124.91,191.4732
2021-10-10T00:00:00.000000000,152.49,222.21944
2021-10-10T01:00:00.000000000,230.92,234.61405
2021-10-10T02:00:00.000000000,234.53,240.50656
2021-10-10T03:00:00.000000000,241.18,239.43782
2021-10-10T04:00:00.000000000,236.13,229.9629
2021-10-10T05:00:00.000000000,219.11,220.07432
2021-10-10T06:00:00.000000000,212.74,213.79178
2021-10-10T07:00:00.000000000,224.02,206.90614
2021-10-10T08:00:00.000000000,232.2,201.05122
2021-10-10T09:00:00.000000000,233.36,200.71224
2021-10-10T10:00:00.000000000,233.81,207.64113
2021-10-10T11:00:00.000000000,236.99,218.75366
2021-10-10T12:00:00.000000000,240.1,223.76756
2021-10-10T13:00:00.000000000,238.22,215.62019
2021-10-10T14:00:00.000000000,253.25,197.45002
2021-10-10T15:00:00.000000000,139.03,179.79495
2021-10-10T16:00:00.000000000,96.89,167.8604
2021-10-10T17:00:00.000000000,96.3,159.49772
2021-10-10T18:00:00.000000000,91.01,152.09381
2021-10-10T19:00:00.000000000,93.82,147.05723
2021-10-10T20:00:00.000000000,91.91,148.19131
2021-10-10T21:00:00.000000000,80.56,157.91814
2021-10-10T22:00:00.000000000,87.31,176.60111
2021-10-10T23:00:00.000000000,103.33,200.13948
2021-10-08T00:00:00.000000000,194.67,165.08506
2021-10-08T01:00:00.000000000,250.7,204.80625
2021-10-08T02:00:00.000000000,255.55,230.97775
2021-10-08T03:00:00.000000000,249.91,239.54208
2021-10-08T04:00:00.000000000,242.97,235.14015
2021-10-08T05:00:00.000000000,238.68,230.07658
2021-10-08T06:00:00.000000000,237.81,226.03033
2021-10-08T07:00:00.000000000,244.63,218.30291
2021-10-08T08:00:00.000000000,235.92,207.62549
2021-10-08T09:00:00.000000000,234.92,198.61204
2021-10-08T10:00:00.000000000,228.92,194.45542
2021-10-08T11:00:00.000000000,237.4,197.60722
2021-10-08T12:00:00.000000000,233.5,204.77162
2021-10-08T13:00:00.000000000,228.1,210.87158
2021-10-08T14:00:00.000000000,229.75,204.2336
2021-10-08T15:00:00.000000000,223.59,179.92152
2021-10-08T16:00:00.000000000,186.71,148.89275
2021-10-08T17:00:00.000000000,163.81,123.94148
2021-10-08T18:00:00.000000000,145.12,112.30549
2021-10-08T19:00:00.000000000,141.26,111.46628
2021-10-08T20:00:00.000000000,128.55,113.52401
2021-10-08T21:00:00.000000000,129.18,113.33504
2021-10-08T22:00:00.000000000,129.06,114.16666
2021-10-08T23:00:00.000000000,135.36,127.81112
2021-10-09T00:00:00.000000000,151.29,171.88596
2021-10-09T01:00:00.000000000,206.39,190.60418
2021-10-09T02:00:00.000000000,221.83,203.94252
2021-10-09T03:00:00.000000000,213.2,210.75747
2021-10-09T04:00:00.000000000,211.14,207.35564
2021-10-09T05:00:00.000000000,204.91,200.35109
2021-10-09T06:00:00.000000000,199.99,193.88689
2021-10-09T07:00:00.000000000,196.49,186.12198
2021-10-09T08:00:00.000000000,193.23,177.62566
2021-10-09T09:00:00.000000000,188.47,172.76012
2021-10-09T10:00:00.000000000,194.22,175.01551
2021-10-09T11:00:00.000000000,193.17,182.08106
2021-10-09T12:00:00.000000000,198.03,185.63074
2021-10-09T13:00:00.000000000,204.31,179.26545
2021-10-09T14:00:00.000000000,206.22,162.37582
2021-10-09T15:00:00.000000000,146.93,141.57385
2021-10-09T16:00:00.000000000,109.43,124.32909
2021-10-09T17:00:00.000000000,109.68,112.80821
2021-10-09T18:00:00.000000000,108.58,106.72999
2021-10-09T19:00:00.000000000,97.66,104.50051
2021-10-09T20:00:00.000000000,100.69,106.38453
2021-10-09T21:00:00.000000000,101.4,113.6341
2021-10-09T22:00:00.000000000,103.89,128.42381
2021-10-09T23:00:00.000000000,124.91,149.16077
2021-10-10T00:00:00.000000000,152.49,194.54007
2021-10-10T01:00:00.000000000,230.92,208.14518
2021-10-10T02:00:00.000000000,234.53,215.13141
2021-10-10T03:00:00.000000000,241.18,216.9137
2021-10-10T04:00:00.000000000,236.13,210.99153
2021-10-10T05:00:00.000000000,219.11,203.74338
2021-10-10T06:00:00.000000000,212.74,198.60781
2021-10-10T07:00:00.000000000,224.02,192.60679
2021-10-10T08:00:00.000000000,232.2,186.61488
2021-10-10T09:00:00.000000000,233.36,184.96008
2021-10-10T10:00:00.000000000,233.81,190.27295
2021-10-10T11:00:00.000000000,236.99,200.29165
2021-10-10T12:00:00.000000000,240.1,205.3812
2021-10-10T13:00:00.000000000,238.22,196.8116
2021-10-10T14:00:00.000000000,253.25,175.71128
2021-10-10T15:00:00.000000000,139.03,153.01169
2021-10-10T16:00:00.000000000,96.89,137.43944
2021-10-10T17:00:00.000000000,96.3,128.67196
2021-10-10T18:00:00.000000000,91.01,123.10679
2021-10-10T19:00:00.000000000,93.82,118.95523
2021-10-10T20:00:00.000000000,91.91,119.34709
2021-10-10T21:00:00.000000000,80.56,128.21207
2021-10-10T22:00:00.000000000,87.31,147.93838
2021-10-10T23:00:00.000000000,103.33,173.58813
2021-10-11T00:00:00.000000000,132.61,191.12718
2021-10-11T01:00:00.000000000,209.67,206.7869
2021-10-11T02:00:00.000000000,215.67,213.877
2021-10-11T03:00:00.000000000,217.68,214.2456
2021-10-11T04:00:00.000000000,211.98,207.99526
2021-10-11T05:00:00.000000000,195.69,201.55506
2021-10-11T06:00:00.000000000,187.92,195.43261
2021-10-11T07:00:00.000000000,168.66,186.03327
2021-10-11T08:00:00.000000000,182.95,175.87216
2021-10-11T09:00:00.000000000,183.92,171.21501
2021-10-11T10:00:00.000000000,185.0,174.84936
2021-10-11T11:00:00.000000000,190.73,181.21817
2021-10-11T12:00:00.000000000,198.8,180.05181
2021-10-11T13:00:00.000000000,196.48,165.97559
2021-10-11T14:00:00.000000000,199.54,142.63289
2021-10-11T15:00:00.000000000,119.46,120.73199
2021-10-11T16:00:00.000000000,97.9,107.97044
2021-10-11T17:00:00.000000000,84.7,103.84106
2021-10-11T18:00:00.000000000,81.84,104.93746
2021-10-11T19:00:00.000000000,88.48,107.55423
2021-10-11T20:00:00.000000000,81.91,111.45116
2021-10-11T21:00:00.000000000,80.12,120.39105
2021-10-11T22:00:00.000000000,87.01,139.20349
2021-10-11T23:00:00.000000000,100.75,164.97033
2021-10-09T00:00:00.000000000,151.29,146.33704
2021-10-09T01:00:00.000000000,206.39,177.45442
2021-10-09T02:00:00.000000000,221.83,202.09308
2021-10-09T03:00:00.000000000,213.2,213.61134
2021-10-09T04:00:00.000000000,211.14,211.15271
2021-10-09T05:00:00.000000000,204.91,205.91235
2021-10-09T06:00:00.000000000,199.99,202.7133
2021-10-09T07:00:00.000000000,196.49,197.09512
2021-10-09T08:00:00.000000000,193.23,187.01447
2021-10-09T09:00:00.000000000,188.47,176.83875
2021-10-09T10:00:00.000000000,194.22,172.18816
2021-10-09T11:00:00.000000000,193.17,173.54968
2021-10-09T12:00:00.000000000,198.03,175.44334
2021-10-09T13:00:00.000000000,204.31,175.29159
2021-10-09T14:00:00.000000000,206.22,168.22876
2021-10-09T15:00:00.000000000,146.93,151.60595
2021-10-09T16:00:00.000000000,109.43,129.7704
2021-10-09T17:00:00.000000000,109.68,109.86472
2021-10-09T18:00:00.000000000,108.58,98.72857
2021-10-09T19:00:00.000000000,97.66,97.20187
2021-10-09T20:00:00.000000000,100.69,100.65323
2021-10-09T21:00:00.000000000,101.4,103.84712
2021-10-09T22:00:00.000000000,103.89,106.80359
2021-10-09T23:00:00.000000000,124.91,116.96747
2021-10-10T00:00:00.000000000,152.49,160.78112
2021-10-10T01:00:00.000000000,230.92,187.42483
2021-10-10T02:00:00.000000000,234.53,209.6607
2021-10-10T03:00:00.000000000,241.18,222.18229
2021-10-10T04:00:00.000000000,236.13,220.352
2021-10-10T05:00:00.000000000,219.11,212.86465
2021-10-10T06:00:00.000000000,212.74,206.67253
2021-10-10T07:00:00.000000000,224.02,199.84743
2021-10-10T08:00:00.000000000,232.2,190.8808
2021-10-10T09:00:00.000000000,233.36,183.62473
2021-10-10T10:00:00.000000000,233.81,183.2718
2021-10-10T11:00:00.000000000,236.99,189.07045
2021-10-10T12:00:00.000000000,240.1,192.23399
2021-10-10T13:00:00.000000000,238.22,185.70717
2021-10-10T14:00:00.000000000,253.25,167.41639
2021-10-10T15:00:00.000000000,139.03,143.02562
2021-10-10T16:00:00.000000000,96.89,121.72401
2021-10-10T17:00:00.000000000,96.3,107.89112
2021-10-10T18:00:00.000000000,91.01,101.69485
2021-10-10T19:00:00.000000000,93.82,100.383
2021-10-10T20:00:00.000000000,91.91,102.72431
2021-10-10T21:00:00.000000000,80.56,108.38123
2021-10-10T22:00:00.000000000,87.31,118.47796
2021-10-10T23:00:00.000000000,103.33,134.9522
2021-10-11T00:00:00.000000000,132.61,167.68631
2021-10-11T01:00:00.000000000,209.67,191.81383
2021-10-11T02:00:00.000000000,215.67,209.34858
2021-10-11T03:00:00.000000000,217.68,217.5436
2021-10-11T04:00:00.000000000,211.98,214.50378
2021-10-11T05:00:00.000000000,195.69,207.70989
2021-10-11T06:00:00.000000000,187.92,199.86111
2021-10-11T07:00:00.000000000,168.66,188.74323
2021-10-11T08:00:00.000000000,182.95,175.53045
2021-10-11T09:00:00.000000000,183.92,166.623
2021-10-11T10:00:00.000000000,185.0,167.01309
2021-10-11T11:00:00.000000000,190.73,171.47687
2021-10-11T12:00:00.000000000,198.8,169.99389
2021-10-11T13:00:00.000000000,196.48,158.09419
2021-10-11T14:00:00.000000000,199.54,136.91905
2021-10-11T15:00:00.000000000,119.46,113.42272
2021-10-11T16:00:00.000000000,97.9,96.26578
2021-10-11T17:00:00.000000000,84.7,89.02489
2021-10-11T18:00:00.000000000,81.84,90.73504
2021-10-11T19:00:00.000000000,88.48,96.1293
2021-10-11T20:00:00.000000000,81.91,101.25022
2021-10-11T21:00:00.000000000,80.12,107.30193
2021-10-11T22:00:00.000000000,87.01,118.66821
2021-10-11T23:00:00.000000000,100.75,137.32489
2021-10-12T00:00:00.000000000,164.75,190.69765
2021-10-12T01:00:00.000000000,207.0,205.13276
2021-10-12T02:00:00.000000000,204.83,212.88533
2021-10-12T03:00:00.000000000,205.38,215.21645
2021-10-12T04:00:00.000000000,202.55,210.17122
2021-10-12T05:00:00.000000000,204.23,202.5708
2021-10-12T06:00:00.000000000,204.68,194.12263
2021-10-12T07:00:00.000000000,199.64,183.37231
2021-10-12T08:00:00.000000000,201.26,173.5787
2021-10-12T09:00:00.000000000,198.22,169.48986
2021-10-12T10:00:00.000000000,196.06,173.03311
2021-10-12T11:00:00.000000000,194.57,179.76931
2021-10-12T12:00:00.000000000,197.74,180.17927
2021-10-12T13:00:00.000000000,214.18,168.54449
2021-10-12T14:00:00.000000000,206.58,147.83361
2021-10-12T15:00:00.000000000,148.7,128.32059
2021-10-12T16:00:00.000000000,93.85,117.03804
2021-10-12T17:00:00.000000000,98.51,113.47564
2021-10-12T18:00:00.000000000,105.97,114.66253
2021-10-12T19:00:00.000000000,108.37,116.67691
2021-10-12T20:00:00.000000000,108.76,119.03649
2021-10-12T21:00:00.000000000,106.15,126.11459
2021-10-12T22:00:00.000000000,114.47,143.24616
2021-10-12T23:00:00.000000000,137.68,167.02277
2021-10-10T00:00:00.000000000,152.49,168.35705
2021-10-10T01:00:00.000000000,230.92,206.47395
2021-10-10T02:00:00.000000000,234.53,232.76587
2021-10-10T03:00:00.000000000,241.18,244.29817
2021-10-10T04:00:00.000000000,236.13,241.53065
2021-10-10T05:00:00.000000000,219.11,235.2849
2021-10-10T06:00:00.000000000,212.74,230.90366
2021-10-10T07:00:00.000000000,224.02,225.34453
2021-10-10T08:00:00.000000000,232.2,216.41659
2021-10-10T09:00:00.000000000,233.36,207.49309
2021-10-10T10:00:00.000000000,233.81,202.97725
2021-10-10T11:00:00.000000000,236.99,205.74236
2021-10-10T12:00:00.000000000,240.1,212.49512
2021-10-10T13:00:00.000000000,238.22,214.30958
2021-10-10T14:00:00.000000000,253.25,196.60301
2021-10-10T15:00:00.000000000,139.03,159.3604
2021-10-10T16:00:00.000000000,96.89,123.56391
2021-10-10T17:00:00.000000000,96.3,104.45856
2021-10-10T18:00:00.000000000,91.01,101.22781
2021-10-10T19:00:00.000000000,93.82,103.91842
2021-10-10T20:00:00.000000000,91.91,105.69363
2021-10-10T21:00:00.000000000,80.56,106.31619
2021-10-10T22:00:00.000000000,87.31,111.16392
2021-10-10T23:00:00.000000000,103.33,129.68113
2021-10-11T00:00:00.000000000,132.61,148.47681
2021-10-11T01:00:00.000000000,209.67,175.68116
2021-10-11T02:00:00.000000000,215.67,199.50168
2021-10-11T03:00:00.000000000,217.68,214.50258
2021-10-11T04:00:00.000000000,211.98,215.80145
2021-10-11T05:00:00.000000000,195.69,210.56522
2021-10-11T06:00:00.000000000,187.92,202.90863
2021-10-11T07:00:00.000000000,168.66,191.72109
2021-10-11T08:00:00.000000000,182.95,177.29648
2021-10-11T09:00:00.000000000,183.92,166.06395
2021-10-11T10:00:00.000000000,185.0,163.89311
2021-10-11T11:00:00.000000000,190.73,165.46336
2021-10-11T12:00:00.000000000,198.8,162.19114
2021-10-11T13:00:00.000000000,196.48,152.07111
2021-10-11T14:00:00.000000000,199.54,134.71507
2021-10-11T15:00:00.000000000,119.46,112.28513
2021-10-11T16:00:00.000000000,97.9,92.19002
2021-10-11T17:00:00.000000000,84.7,80.99259
2021-10-11T18:00:00.000000000,81.84,80.83113
2021-10-11T19:00:00.000000000,88.48,86.99829
2021-10-11T20:00:00.000000000,81.91,93.36028
2021-10-11T21:00:00.000000000,80.12,98.45624
2021-10-11T22:00:00.000000000,87.01,104.80963
2021-10-11T23:00:00.000000000,100.75,117.36647
2021-10-12T00:00:00.000000000,164.75,184.75766
2021-10-12T01:00:00.000000000,207.0,199.77173
2021-10-12T02:00:00.000000000,204.83,208.26184
2021-10-12T03:00:00.000000000,205.38,211.42258
2021-10-12T04:00:00.000000000,202.55,206.5532
2021-10-12T05:00:00.000000000,204.23,199.21155
2021-10-12T06:00:00.000000000,204.68,192.29996
2021-10-12T07:00:00.000000000,199.64,184.26189
2021-10-12T08:00:00.000000000,201.26,176.80109
2021-10-12T09:00:00.000000000,198.22,173.42935
2021-10-12T10:00:00.000000000,196.06,175.65842
2021-10-12T11:00:00.000000000,194.57,180.42589
2021-10-12T12:00:00.000000000,197.74,180.32873
2021-10-12T13:00:00.000000000,214.18,170.06264
2021-10-12T14:00:00.000000000,206.58,150.72383
2021-10-12T15:00:00.000000000,148.7,130.89716
2021-10-12T16:00:00.000000000,93.85,118.29979
2021-10-12T17:00:00.000000000,98.51,113.24732
2021-10-12T18:00:00.000000000,105.97,112.71078
2021-10-12T19:00:00.000000000,108.37,112.9448
2021-10-12T20:00:00.000000000,108.76,114.02342
2021-10-12T21:00:00.000000000,106.15,120.35946
2021-10-12T22:00:00.000000000,114.47,136.99805
2021-10-12T23:00:00.000000000,137.68,160.71968
2021-10-13T00:00:00.000000000,176.76,188.62768
2021-10-13T01:00:00.000000000,248.07,201.97568
2021-10-13T02:00:00.000000000,252.48,212.82036
2021-10-13T03:00:00.000000000,251.62,219.72466
2021-10-13T04:00:00.000000000,257.47,217.18672
2021-10-13T05:00:00.000000000,253.19,210.57701
2021-10-13T06:00:00.000000000,248.96,204.66111
2021-10-13T07:00:00.000000000,249.39,197.62101
2021-10-13T08:00:00.000000000,257.55,190.68015
2021-10-13T09:00:00.000000000,258.48,187.56924
2021-10-13T10:00:00.000000000,252.21,190.74609
2021-10-13T11:00:00.000000000,256.09,198.08597
2021-10-13T12:00:00.000000000,260.26,200.89537
2021-10-13T13:00:00.000000000,259.21,192.8485
2021-10-13T14:00:00.000000000,251.01,175.67245
2021-10-13T15:00:00.000000000,190.91,157.91693
2021-10-13T16:00:00.000000000,120.77,145.16358
2021-10-13T17:00:00.000000000,112.58,136.91328
2021-10-13T18:00:00.000000000,110.27,131.45691
2021-10-13T19:00:00.000000000,111.53,128.05609
2021-10-13T20:00:00.000000000,112.25,128.46925
2021-10-13T21:00:00.000000000,110.15,135.57097
2021-10-13T22:00:00.000000000,120.25,150.62645
2021-10-13T23:00:00.000000000,139.68,169.8917
2021-10-11T00:00:00.000000000,132.61,145.68562
2021-10-11T01:00:00.000000000,209.67,189.87542
2021-10-11T02:00:00.000000000,215.67,220.31939
2021-10-11T03:00:00.000000000,217.68,228.59437
2021-10-11T04:00:00.000000000,211.98,219.83759
2021-10-11T05:00:00.000000000,195.69,210.87253
2021-10-11T06:00:00.000000000,187.92,206.1397
2021-10-11T07:00:00.000000000,168.66,199.54906
2021-10-11T08:00:00.000000000,182.95,186.74018
2021-10-11T09:00:00.000000000,183.92,173.66087
2021-10-11T10:00:00.000000000,185.0,168.46529
2021-10-11T11:00:00.000000000,190.73,169.93223
2021-10-11T12:00:00.000000000,198.8,169.78285
2021-10-11T13:00:00.000000000,196.48,163.30069
2021-10-11T14:00:00.000000000,199.54,144.75477
2021-10-11T15:00:00.000000000,119.46,115.18173
2021-10-11T16:00:00.000000000,97.9,87.39603
2021-10-11T17:00:00.000000000,84.7,71.9465
2021-10-11T18:00:00.000000000,81.84,70.79314
2021-10-11T19:00:00.000000000,88.48,77.55387
2021-10-11T20:00:00.000000000,81.91,83.65113
2021-10-11T21:00:00.000000000,80.12,85.16646
2021-10-11T22:00:00.000000000,87.01,86.4114
2021-10-11T23:00:00.000000000,100.75,99.78981
2021-10-12T00:00:00.000000000,164.75,153.31863
2021-10-12T01:00:00.000000000,207.0,178.36359
2021-10-12T02:00:00.000000000,204.83,200.6871
2021-10-12T03:00:00.000000000,205.38,214.53786
2021-10-12T04:00:00.000000000,202.55,214.37754
2021-10-12T05:00:00.000000000,204.23,206.99634
2021-10-12T06:00:00.000000000,204.68,198.09982
2021-10-12T07:00:00.000000000,199.64,187.05162
2021-10-12T08:00:00.000000000,201.26,173.98745
2021-10-12T09:00:00.000000000,198.22,164.13581
2021-10-12T10:00:00.000000000,196.06,163.75641
2021-10-12T11:00:00.000000000,194.57,169.33089
2021-10-12T12:00:00.000000000,197.74,170.18938
2021-10-12T13:00:00.000000000,214.18,160.26773
2021-10-12T14:00:00.000000000,206.58,139.90969
2021-10-12T15:00:00.000000000,148.7,116.51216
2021-10-12T16:00:00.000000000,93.85,98.99379
2021-10-12T17:00:00.000000000,98.51,91.07642
2021-10-12T18:00:00.000000000,105.97,92.03884
2021-10-12T19:00:00.000000000,108.37,96.45998
2021-10-12T20:00:00.000000000,108.76,100.66201
2021-10-12T21:00:00.000000000,106.15,105.3191
2021-10-12T22:00:00.000000000,114.47,113.60821
2021-10-12T23:00:00.000000000,137.68,127.66254
2021-10-13T00:00:00.000000000,176.76,154.06863
2021-10-13T01:00:00.000000000,248.07,173.14576
2021-10-13T02:00:00.000000000,252.48,194.47889
2021-10-13T03:00:00.000000000,251.62,213.37082
2021-10-13T04:00:00.000000000,257.47,219.24987
2021-10-13T05:00:00.000000000,253.19,214.53696
2021-10-13T06:00:00.000000000,248.96,205.24129
2021-10-13T07:00:00.000000000,249.39,192.82115
2021-10-13T08:00:00.000000000,257.55,179.27818
2021-10-13T09:00:00.000000000,258.48,169.7595
2021-10-13T10:00:00.000000000,252.21,168.96475
2021-10-13T11:00:00.000000000,256.09,172.69634
2021-10-13T12:00:00.000000000,260.26,172.34549
2021-10-13T13:00:00.000000000,259.21,163.77997
2021-10-13T14:00:00.000000000,251.01,146.59592
2021-10-13T15:00:00.000000000,190.91,125.61193
2021-10-13T16:00:00.000000000,120.77,108.25022
2021-10-13T17:00:00.000000000,112.58,99.27509
2021-10-13T18:00:00.000000000,110.27,99.24763
2021-10-13T19:00:00.000000000,111.53,103.45729
2021-10-13T20:00:00.000000000,112.25,108.16203
2021-10-13T21:00:00.000000000,110.15,113.71746
2021-10-13T22:00:00.000000000,120.25,121.99472
2021-10-13T23:00:00.000000000,139.68,133.85902
2021-10-14T00:00:00.000000000,161.38,178.55921
2021-10-14T01:00:00.000000000,242.82,191.58909
2021-10-14T02:00:00.000000000,261.53,204.75924
2021-10-14T03:00:00.000000000,261.65,216.61117
2021-10-14T04:00:00.000000000,262.11,218.54099
2021-10-14T05:00:00.000000000,251.02,212.41892
2021-10-14T06:00:00.000000000,254.72,202.98
2021-10-14T07:00:00.000000000,248.28,191.48537
2021-10-14T08:00:00.000000000,252.21,181.05524
2021-10-14T09:00:00.000000000,242.76,175.68676
2021-10-14T10:00:00.000000000,241.22,177.88571
2021-10-14T11:00:00.000000000,249.52,184.40752
2021-10-14T12:00:00.000000000,243.0,186.86145
2021-10-14T13:00:00.000000000,247.45,179.36233
2021-10-14T14:00:00.000000000,243.22,162.2869
2021-10-14T15:00:00.000000000,166.55,143.35693
2021-10-14T16:00:00.000000000,113.58,129.87039
2021-10-14T17:00:00.000000000,99.45,123.69004
2021-10-14T18:00:00.000000000,109.08,123.01791
2021-10-14T19:00:00.000000000,110.74,123.9512
2021-10-14T20:00:00.000000000,108.23,125.6744
2021-10-14T21:00:00.000000000,105.24,131.53814
2021-10-14T22:00:00.000000000,106.4,144.33215
2021-10-14T23:00:00.000000000,135.66,161.01343
2021-10-12T00:00:00.000000000,164.75,146.12945
2021-10-12T01:00:00.000000000,207.0,183.39154
2021-10-12T02:00:00.000000000,204.83,210.90636
2021-10-12T03:00:00.000000000,205.38,219.84563
2021-10-12T04:00:00.000000000,202.55,212.33539
2021-10-12T05:00:00.000000000,204.23,203.45822
2021-10-12T06:00:00.000000000,204.68,198.58786
2021-10-12T07:00:00.000000000,199.64,192.14894
2021-10-12T08:00:00.000000000,201.26,180.61464
2021-10-12T09:00:00.000000000,198.22,169.95834
2021-10-12T10:00:00.000000000,196.06,168.69847
2021-10-12T11:00:00.000000000,194.57,175.099
2021-10-12T12:00:00.000000000,197.74,177.47144
2021-10-12T13:00:00.000000000,214.18,168.56352
2021-10-12T14:00:00.000000000,206.58,147.58595
2021-10-12T15:00:00.000000000,148.7,121.30811
2021-10-12T16:00:00.000000000,93.85,99.49565
2021-10-12T17:00:00.000000000,98.51,86.51967
2021-10-12T18:00:00.000000000,105.97,83.11228
2021-10-12T19:00:00.000000000,108.37,85.58477
2021-10-12T20:00:00.000000000,108.76,89.5926
2021-10-12T21:00:00.000000000,106.15,92.70748
2021-10-12T22:00:00.000000000,114.47,97.66712
2021-10-12T23:00:00.000000000,137.68,111.6134
2021-10-13T00:00:00.000000000,176.76,141.63255
2021-10-13T01:00:00.000000000,248.07,166.17199
2021-10-13T02:00:00.000000000,252.48,192.54489
2021-10-13T03:00:00.000000000,251.62,212.94676
2021-10-13T04:00:00.000000000,257.47,217.92915
2021-10-13T05:00:00.000000000,253.19,212.74137
2021-10-13T06:00:00.000000000,248.96,204.38056
2021-10-13T07:00:00.000000000,249.39,193.23825
2021-10-13T08:00:00.000000000,257.55,179.33422
2021-10-13T09:00:00.000000000,258.48,167.9941
2021-10-13T10:00:00.000000000,252.21,165.90272
2021-10-13T11:00:00.000000000,256.09,169.52949
2021-10-13T12:00:00.000000000,260.26,169.14627
2021-10-13T13:00:00.000000000,259.21,160.46609
2021-10-13T14:00:00.000000000,251.01,143.23031
2021-10-13T15:00:00.000000000,190.91,121.71352
2021-10-13T16:00:00.000000000,120.77,103.02788
2021-10-13T17:00:00.000000000,112.58,92.38178
2021-10-13T18:00:00.000000000,110.27,91.39684
2021-10-13T19:00:00.000000000,111.53,95.80397
2021-10-13T20:00:00.000000000,112.25,100.95694
2021-10-13T21:00:00.000000000,110.15,105.53497
2021-10-13T22:00:00.000000000,120.25,110.45377
2021-10-13T23:00:00.000000000,139.68,119.01363
2021-10-14T00:00:00.000000000,161.38,163.81319
2021-10-14T01:00:00.000000000,242.82,179.47965
2021-10-14T02:00:00.000000000,261.53,196.73394
2021-10-14T03:00:00.000000000,261.65,213.12561
2021-10-14T04:00:00.000000000,262.11,218.06016
2021-10-14T05:00:00.000000000,251.02,212.24635
2021-10-14T06:00:00.000000000,254.72,201.2177
2021-10-14T07:00:00.000000000,248.28,187.74069
2021-10-14T08:00:00.000000000,252.21,175.12742
2021-10-14T09:00:00.000000000,242.76,167.56333
2021-10-14T10:00:00.000000000,241.22,168.2632
2021-10-14T11:00:00.000000000,249.52,173.35139
2021-10-14T12:00:00.000000000,243.0,174.55088
2021-10-14T13:00:00.000000000,247.45,166.51587
2021-10-14T14:00:00.000000000,243.22,148.62995
2021-10-14T15:00:00.000000000,166.55,127.57468
2021-10-14T16:00:00.000000000,113.58,112.01272
2021-10-14T17:00:00.000000000,99.45,105.82792
2021-10-14T18:00:00.000000000,109.08,107.66389
2021-10-14T19:00:00.000000000,110.74,111.56755
2021-10-14T20:00:00.000000000,108.23,114.79302
2021-10-14T21:00:00.000000000,105.24,120.03487
2021-10-14T22:00:00.000000000,106.4,130.73032
2021-10-14T23:00:00.000000000,135.66,145.49239
2021-10-15T00:00:00.000000000,177.7,194.29845
2021-10-15T01:00:00.000000000,272.95,210.76372
2021-10-15T02:00:00.000000000,277.67,225.73977
2021-10-15T03:00:00.000000000,284.5,235.21809
2021-10-15T04:00:00.000000000,280.93,233.457
2021-10-15T05:00:00.000000000,277.63,226.21222
2021-10-15T06:00:00.000000000,276.04,218.85455
2021-10-15T07:00:00.000000000,269.97,209.8729
2021-10-15T08:00:00.000000000,269.15,200.26349
2021-10-15T09:00:00.000000000,261.95,194.08687
2021-10-15T10:00:00.000000000,254.03,195.05823
2021-10-15T11:00:00.000000000,252.94,202.25183
2021-10-15T12:00:00.000000000,253.2,207.08933
2021-10-15T13:00:00.000000000,254.45,202.47954
2021-10-15T14:00:00.000000000,250.79,187.32771
2021-10-15T15:00:00.000000000,178.53,168.74597
2021-10-15T16:00:00.000000000,122.2,153.88389
2021-10-15T17:00:00.000000000,115.5,145.06324
2021-10-15T18:00:00.000000000,116.44,141.10698
2021-10-15T19:00:00.000000000,120.08,140.33125
2021-10-15T20:00:00.000000000,115.53,142.04093
2021-10-15T21:00:00.000000000,111.87,147.90859
2021-10-15T22:00:00.000000000,108.06,158.70448
2021-10-15T23:00:00.000000000,139.86,173.25437
2021-10-13T00:00:00.000000000,176.76,160.69616
2021-10-13T01:00:00.000000000,248.07,194.7413
2021-10-13T02:00:00.000000000,252.48,221.47272
2021-10-13T03:00:00.000000000,251.62,237.22641
2021-10-13T04:00:00.000000000,257.47,239.08844
2021-10-13T05:00:00.000000000,253.19,235.23892
2021-10-13T06:00:00.000000000,248.96,230.75944
2021-10-13T07:00:00.000000000,249.39,223.4527
2021-10-13T08:00:00.000000000,257.55,212.00078
2021-10-13T09:00:00.000000000,258.48,200.86407
2021-10-13T10:00:00.000000000,252.21,194.81087
2021-10-13T11:00:00.000000000,256.09,194.2082
2021-10-13T12:00:00.000000000,260.26,195.47356
2021-10-13T13:00:00.000000000,259.21,194.08209
2021-10-13T14:00:00.000000000,251.01,178.97948
2021-10-13T15:00:00.000000000,190.91,147.41653
2021-10-13T16:00:00.000000000,120.77,115.08226
2021-10-13T17:00:00.000000000,112.58,96.62597
2021-10-13T18:00:00.000000000,110.27,93.81969
2021-10-13T19:00:00.000000000,111.53,98.44136
2021-10-13T20:00:00.000000000,112.25,102.6568
2021-10-13T21:00:00.000000000,110.15,104.95483
2021-10-13T22:00:00.000000000,120.25,108.86283
2021-10-13T23:00:00.000000000,139.68,123.54978
2021-10-14T00:00:00.000000000,161.38,155.31617
2021-10-14T01:00:00.000000000,242.82,177.77825
2021-10-14T02:00:00.000000000,261.53,202.06508
2021-10-14T03:00:00.000000000,261.65,222.58737
2021-10-14T04:00:00.000000000,262.11,228.6166
2021-10-14T05:00:00.000000000,251.02,223.06311
2021-10-14T06:00:00.000000000,254.72,213.09564
2021-10-14T07:00:00.000000000,248.28,200.3379
2021-10-14T08:00:00.000000000,252.21,185.86006
2021-10-14T09:00:00.000000000,242.76,174.70287
2021-10-14T10:00:00.000000000,241.22,172.72049
2021-10-14T11:00:00.000000000,249.52,177.30594
2021-10-14T12:00:00.000000000,243.0,179.8605
2021-10-14T13:00:00.000000000,247.45,173.80055
2021-10-14T14:00:00.000000000,243.22,155.43835
2021-10-14T15:00:00.000000000,166.55,129.83826
2021-10-14T16:00:00.000000000,113.58,108.31188
2021-10-14T17:00:00.000000000,99.45,98.2746
2021-10-14T18:00:00.000000000,109.08,99.22064
2021-10-14T19:00:00.000000000,110.74,104.41146
2021-10-14T20:00:00.000000000,108.23,109.32493
2021-10-14T21:00:00.000000000,105.24,114.27862
2021-10-14T22:00:00.000000000,106.4,121.49028
2021-10-14T23:00:00.000000000,135.66,133.09677
2021-10-15T00:00:00.000000000,177.7,185.40395
2021-10-15T01:00:00.000000000,272.95,204.97771
2021-10-15T02:00:00.000000000,277.67,224.66234
2021-10-15T03:00:00.000000000,284.5,238.97421
2021-10-15T04:00:00.000000000,280.93,239.94859
2021-10-15T05:00:00.000000000,277.63,232.70901
2021-10-15T06:00:00.000000000,276.04,224.05958
2021-10-15T07:00:00.000000000,269.97,213.77327
2021-10-15T08:00:00.000000000,269.15,202.39971
2021-10-15T09:00:00.000000000,261.95,194.06838
2021-10-15T10:00:00.000000000,254.03,193.52964
2021-10-15T11:00:00.000000000,252.94,200.06133
2021-10-15T12:00:00.000000000,253.2,204.95142
2021-10-15T13:00:00.000000000,254.45,200.4543
2021-10-15T14:00:00.000000000,250.79,183.80429
2021-10-15T15:00:00.000000000,178.53,161.54991
2021-10-15T16:00:00.000000000,122.2,143.21077
2021-10-15T17:00:00.000000000,115.5,133.4208
2021-10-15T18:00:00.000000000,116.44,130.9222
2021-10-15T19:00:00.000000000,120.08,132.16772
2021-10-15T20:00:00.000000000,115.53,135.08682
2021-10-15T21:00:00.000000000,111.87,140.85518
2021-10-15T22:00:00.000000000,108.06,150.21639
2021-10-15T23:00:00.000000000,139.86,163.26779
2021-10-16T00:00:00.000000000,189.89,216.37716
2021-10-16T01:00:00.000000000,282.71,236.26225
2021-10-16T02:00:00.000000000,296.83,252.05246
2021-10-16T03:00:00.000000000,294.04,258.97438
2021-10-16T04:00:00.000000000,294.88,254.4846
2021-10-16T05:00:00.000000000,286.77,246.2498
2021-10-16T06:00:00.000000000,291.93,238.78809
2021-10-16T07:00:00.000000000,283.98,228.48186
2021-10-16T08:00:00.000000000,286.17,217.65914
2021-10-16T09:00:00.000000000,288.11,210.98591
2021-10-16T10:00:00.000000000,289.09,211.20318
2021-10-16T11:00:00.000000000,291.13,217.28903
2021-10-16T12:00:00.000000000,289.74,221.36985
2021-10-16T13:00:00.000000000,293.22,218.69269
2021-10-16T14:00:00.000000000,289.31,208.28194
2021-10-16T15:00:00.000000000,205.73,194.1682
2021-10-16T16:00:00.000000000,131.84,180.18551
2021-10-16T17:00:00.000000000,126.95,168.56226
2021-10-16T18:00:00.000000000,124.22,161.13125
2021-10-16T19:00:00.000000000,123.98,159.22481
2021-10-16T20:00:00.000000000,125.56,161.45592
2021-10-16T21:00:00.000000000,125.22,166.9671
2021-10-16T22:00:00.000000000,127.92,175.64782
2021-10-16T23:00:00.000000000,139.12,189.59161
2021-10-14T00:00:00.000000000,161.38,179.30351
2021-10-14T01:00:00.000000000,242.82,209.29165
2021-10-14T02:00:00.000000000,261.53,230.18134
2021-10-14T03:00:00.000000000,261.65,241.88669
2021-10-14T04:00:00.000000000,262.11,241.43775
2021-10-14T05:00:00.000000000,251.02,236.75003
2021-10-14T06:00:00.000000000,254.72,232.8367
2021-10-14T07:00:00.000000000,248.28,227.11968
2021-10-14T08:00:00.000000000,252.21,218.09372
2021-10-14T09:00:00.000000000,242.76,209.84477
2021-10-14T10:00:00.000000000,241.22,205.67185
2021-10-14T11:00:00.000000000,249.52,206.32336
2021-10-14T12:00:00.000000000,243.0,210.33539
2021-10-14T13:00:00.000000000,247.45,211.02975
2021-10-14T14:00:00.000000000,243.22,193.83776
2021-10-14T15:00:00.000000000,166.55,157.35877
2021-10-14T16:00:00.000000000,113.58,122.11542
2021-10-14T17:00:00.000000000,99.45,103.53625
2021-10-14T18:00:00.000000000,109.08,100.57803
2021-10-14T19:00:00.000000000,110.74,103.88232
2021-10-14T20:00:00.000000000,108.23,107.14878
2021-10-14T21:00:00.000000000,105.24,110.9021
2021-10-14T22:00:00.000000000,106.4,120.28235
2021-10-14T23:00:00.000000000,135.66,142.08215
2021-10-15T00:00:00.000000000,177.7,192.28476
2021-10-15T01:00:00.000000000,272.95,216.84517
2021-10-15T02:00:00.000000000,277.67,240.27512
2021-10-15T03:00:00.000000000,284.5,257.81221
2021-10-15T04:00:00.000000000,280.93,261.11666
2021-10-15T05:00:00.000000000,277.63,255.35479
2021-10-15T06:00:00.000000000,276.04,246.9147
2021-10-15T07:00:00.000000000,269.97,235.27578
2021-10-15T08:00:00.000000000,269.15,221.46767
2021-10-15T09:00:00.000000000,261.95,211.14715
2021-10-15T10:00:00.000000000,254.03,209.01897
2021-10-15T11:00:00.000000000,252.94,213.44484
2021-10-15T12:00:00.000000000,253.2,217.40514
2021-10-15T13:00:00.000000000,254.45,214.0988
2021-10-15T14:00:00.000000000,250.79,196.62255
2021-10-15T15:00:00.000000000,178.53,167.52243
2021-10-15T16:00:00.000000000,122.2,140.09662
2021-10-15T17:00:00.000000000,115.5,124.33401
2021-10-15T18:00:00.000000000,116.44,120.66169
2021-10-15T19:00:00.000000000,120.08,123.9959
2021-10-15T20:00:00.000000000,115.53,129.29579
2021-10-15T21:00:00.000000000,111.87,135.99948
2021-10-15T22:00:00.000000000,108.06,145.67159
2021-10-15T23:00:00.000000000,139.86,161.75765
2021-10-16T00:00:00.000000000,189.89,212.51716
2021-10-16T01:00:00.000000000,282.71,235.58531
2021-10-16T02:00:00.000000000,296.83,255.9544
2021-10-16T03:00:00.000000000,294.04,268.70957
2021-10-16T04:00:00.000000000,294.88,268.43307
2021-10-16T05:00:00.000000000,286.77,261.28954
2021-10-16T06:00:00.000000000,291.93,252.54551
2021-10-16T07:00:00.000000000,283.98,240.33689
2021-10-16T08:00:00.000000000,286.17,227.04651
2021-10-16T09:00:00.000000000,288.11,217.96685
2021-10-16T10:00:00.000000000,289.09,216.61774
2021-10-16T11:00:00.000000000,291.13,221.52873
2021-10-16T12:00:00.000000000,289.74,225.11819
2021-10-16T13:00:00.000000000,293.22,222.23136
2021-10-16T14:00:00.000000000,289.31,209.47206
2021-10-16T15:00:00.000000000,205.73,188.98309
2021-10-16T16:00:00.000000000,131.84,168.11094
2021-10-16T17:00:00.000000000,126.95,153.06936
2021-10-16T18:00:00.000000000,124.22,146.35433
2021-10-16T19:00:00.000000000,123.98,146.78123
2021-10-16T20:00:00.000000000,125.56,150.62337
2021-10-16T21:00:00.000000000,125.22,156.98185
2021-10-16T22:00:00.000000000,127.92,166.2526
2021-10-16T23:00:00.000000000,139.12,181.56768
2021-10-17T00:00:00.000000000,215.71,208.80778
2021-10-17T01:00:00.000000000,295.46,232.00509
2021-10-17T02:00:00.000000000,300.59,251.38468
2021-10-17T03:00:00.000000000,298.29,263.33535
2021-10-17T04:00:00.000000000,295.2,263.26727
2021-10-17T05:00:00.000000000,292.78,257.67636
2021-10-17T06:00:00.000000000,296.34,251.63393
2021-10-17T07:00:00.000000000,292.93,242.77063
2021-10-17T08:00:00.000000000,294.81,233.00056
2021-10-17T09:00:00.000000000,295.58,226.35764
2021-10-17T10:00:00.000000000,293.75,225.29667
2021-10-17T11:00:00.000000000,302.02,229.72012
2021-10-17T12:00:00.000000000,302.79,233.55853
2021-10-17T13:00:00.000000000,300.88,231.30386
2021-10-17T14:00:00.000000000,301.56,218.97934
2021-10-17T15:00:00.000000000,234.24,198.72841
2021-10-17T16:00:00.000000000,165.75,178.07463
2021-10-17T17:00:00.000000000,131.07,162.14224
2021-10-17T18:00:00.000000000,106.46,152.28871
2021-10-17T19:00:00.000000000,101.25,147.99083
2021-10-17T20:00:00.000000000,98.44,148.278
2021-10-17T21:00:00.000000000,97.81,153.15242
2021-10-17T22:00:00.000000000,104.15,162.79482
2021-10-17T23:00:00.000000000,121.0,179.49507
2021-10-15T00:00:00.000000000,177.7,196.38192
2021-10-15T01:00:00.000000000,272.95,231.98561
2021-10-15T02:00:00.000000000,277.67,258.22338
2021-10-15T03:00:00.000000000,284.5,275.0668
2021-10-15T04:00:00.000000000,280.93,278.31057
2021-10-15T05:00:00.000000000,277.63,274.62583
2021-10-15T06:00:00.000000000,276.04,268.87713
2021-10-15T07:00:00.000000000,269.97,259.05042
2021-10-15T08:00:00.000000000,269.15,245.20521
2021-10-15T09:00:00.000000000,261.95,233.99317
2021-10-15T10:00:00.000000000,254.03,229.22852
2021-10-15T11:00:00.000000000,252.94,229.03873
2021-10-15T12:00:00.000000000,253.2,230.69508
2021-10-15T13:00:00.000000000,254.45,227.96959
2021-10-15T14:00:00.000000000,250.79,205.37399
2021-10-15T15:00:00.000000000,178.53,160.13566
2021-10-15T16:00:00.000000000,122.2,116.74888
2021-10-15T17:00:00.000000000,115.5,95.55155
2021-10-15T18:00:00.000000000,116.44,95.49788
2021-10-15T19:00:00.000000000,120.08,103.43853
2021-10-15T20:00:00.000000000,115.53,109.43448
2021-10-15T21:00:00.000000000,111.87,114.1483
2021-10-15T22:00:00.000000000,108.06,123.9363
2021-10-15T23:00:00.000000000,139.86,148.62043
2021-10-16T00:00:00.000000000,189.89,206.59022
2021-10-16T01:00:00.000000000,282.71,231.82352
2021-10-16T02:00:00.000000000,296.83,253.77736
2021-10-16T03:00:00.000000000,294.04,268.7837
2021-10-16T04:00:00.000000000,294.88,270.81979
2021-10-16T05:00:00.000000000,286.77,265.78137
2021-10-16T06:00:00.000000000,291.93,258.59239
2021-10-16T07:00:00.000000000,283.98,247.41517
2021-10-16T08:00:00.000000000,286.17,234.00989
2021-10-16T09:00:00.000000000,288.11,224.40986
2021-10-16T10:00:00.000000000,289.09,222.51161
2021-10-16T11:00:00.000000000,291.13,226.00719
2021-10-16T12:00:00.000000000,289.74,227.75282
2021-10-16T13:00:00.000000000,293.22,222.59821
2021-10-16T14:00:00.000000000,289.31,205.22413
2021-10-16T15:00:00.000000000,205.73,177.13624
2021-10-16T16:00:00.000000000,131.84,150.10529
2021-10-16T17:00:00.000000000,126.95,133.55924
2021-10-16T18:00:00.000000000,124.22,128.97524
2021-10-16T19:00:00.000000000,123.98,131.8029
2021-10-16T20:00:00.000000000,125.56,136.40714
2021-10-16T21:00:00.000000000,125.22,142.85765
2021-10-16T22:00:00.000000000,127.92,153.26668
2021-10-16T23:00:00.000000000,139.12,171.71566
2021-10-17T00:00:00.000000000,215.71,200.37267
2021-10-17T01:00:00.000000000,295.46,225.44935
2021-10-17T02:00:00.000000000,300.59,247.13184
2021-10-17T03:00:00.000000000,298.29,261.43274
2021-10-17T04:00:00.000000000,295.2,262.89686
2021-10-17T05:00:00.000000000,292.78,257.71075
2021-10-17T06:00:00.000000000,296.34,251.37444
2021-10-17T07:00:00.000000000,292.93,242.24841
2021-10-17T08:00:00.000000000,294.81,231.41118
2021-10-17T09:00:00.000000000,295.58,223.0994
2021-10-17T10:00:00.000000000,293.75,220.81358
2021-10-17T11:00:00.000000000,302.02,224.41183
2021-10-17T12:00:00.000000000,302.79,227.33405
2021-10-17T13:00:00.000000000,300.88,223.59873
2021-10-17T14:00:00.000000000,301.56,208.56026
2021-10-17T15:00:00.000000000,234.24,184.49991
2021-10-17T16:00:00.000000000,165.75,161.12989
2021-10-17T17:00:00.000000000,131.07,145.39113
2021-10-17T18:00:00.000000000,106.46,138.01241
2021-10-17T19:00:00.000000000,101.25,136.17776
2021-10-17T20:00:00.000000000,98.44,137.47628
2021-10-17T21:00:00.000000000,97.81,142.56124
2021-10-17T22:00:00.000000000,104.15,152.3344
2021-10-17T23:00:00.000000000,121.0,169.32752
2021-10-18T00:00:00.000000000,166.46,184.09159
2021-10-18T01:00:00.000000000,246.51,211.58658
2021-10-18T02:00:00.000000000,259.54,230.61181
2021-10-18T03:00:00.000000000,257.39,236.08123
2021-10-18T04:00:00.000000000,247.04,230.32047
2021-10-18T05:00:00.000000000,241.79,224.11902
2021-10-18T06:00:00.000000000,233.81,219.6044
2021-10-18T07:00:00.000000000,227.71,211.82314
2021-10-18T08:00:00.000000000,238.25,202.30649
2021-10-18T09:00:00.000000000,224.55,195.69591
2021-10-18T10:00:00.000000000,221.79,194.68295
2021-10-18T11:00:00.000000000,229.76,197.62371
2021-10-18T12:00:00.000000000,242.37,196.52601
2021-10-18T13:00:00.000000000,231.83,191.06292
2021-10-18T14:00:00.000000000,235.98,183.67057
2021-10-18T15:00:00.000000000,166.89,174.04909
2021-10-18T16:00:00.000000000,130.57,159.98009
2021-10-18T17:00:00.000000000,120.81,142.92517
2021-10-18T18:00:00.000000000,115.51,130.07829
2021-10-18T19:00:00.000000000,112.62,125.65119
2021-10-18T20:00:00.000000000,112.78,127.0115
2021-10-18T21:00:00.000000000,116.6,131.09035
2021-10-18T22:00:00.000000000,117.33,138.12118
2021-10-18T23:00:00.000000000,135.53,152.54723
2021-10-16T00:00:00.000000000,189.89,195.06108
2021-10-16T01:00:00.000000000,282.71,225.37848
2021-10-16T02:00:00.000000000,296.83,252.16483
2021-10-16T03:00:00.000000000,294.04,273.47971
2021-10-16T04:00:00.000000000,294.88,279.56498
2021-10-16T05:00:00.000000000,286.77,274.97418
2021-10-16T06:00:00.000000000,291.93,267.70152
2021-10-16T07:00:00.000000000,283.98,257.8211
2021-10-16T08:00:00.000000000,286.17,244.43605
2021-10-16T09:00:00.000000000,288.11,233.03333
2021-10-16T10:00:00.000000000,289.09,228.37581
2021-10-16T11:00:00.000000000,291.13,229.89251
2021-10-16T12:00:00.000000000,289.74,234.50692
2021-10-16T13:00:00.000000000,293.22,233.53441
2021-10-16T14:00:00.000000000,289.31,210.6569
2021-10-16T15:00:00.000000000,205.73,165.51991
2021-10-16T16:00:00.000000000,131.84,123.55935
2021-10-16T17:00:00.000000000,126.95,104.06642
2021-10-16T18:00:00.000000000,124.22,103.95818
2021-10-16T19:00:00.000000000,123.98,110.60629
2021-10-16T20:00:00.000000000,125.56,116.40103
2021-10-16T21:00:00.000000000,125.22,122.40156
2021-10-16T22:00:00.000000000,127.92,132.96334
2021-10-16T23:00:00.000000000,139.12,154.80914
2021-10-17T00:00:00.000000000,215.71,189.52738
2021-10-17T01:00:00.000000000,295.46,217.92134
2021-10-17T02:00:00.000000000,300.59,241.35276
2021-10-17T03:00:00.000000000,298.29,257.72214
2021-10-17T04:00:00.000000000,295.2,260.76793
2021-10-17T05:00:00.000000000,292.78,255.98899
2021-10-17T06:00:00.000000000,296.34,248.95554
2021-10-17T07:00:00.000000000,292.93,238.56381
2021-10-17T08:00:00.000000000,294.81,225.04894
2021-10-17T09:00:00.000000000,295.58,214.48355
2021-10-17T10:00:00.000000000,293.75,211.74945
2021-10-17T11:00:00.000000000,302.02,215.23308
2021-10-17T12:00:00.000000000,302.79,218.80471
2021-10-17T13:00:00.000000000,300.88,214.45645
2021-10-17T14:00:00.000000000,301.56,192.47381
2021-10-17T15:00:00.000000000,234.24,155.55867
2021-10-17T16:00:00.000000000,165.75,122.48575
2021-10-17T17:00:00.000000000,131.07,106.52469
2021-10-17T18:00:00.000000000,106.46,105.50926
2021-10-17T19:00:00.000000000,101.25,110.20541
2021-10-17T20:00:00.000000000,98.44,115.05567
2021-10-17T21:00:00.000000000,97.81,121.19783
2021-10-17T22:00:00.000000000,104.15,132.4543
2021-10-17T23:00:00.000000000,121.0,153.36234
2021-10-18T00:00:00.000000000,166.46,178.10445
2021-10-18T01:00:00.000000000,246.51,207.11048
2021-10-18T02:00:00.000000000,259.54,226.59499
2021-10-18T03:00:00.000000000,257.39,232.78054
2021-10-18T04:00:00.000000000,247.04,226.96352
2021-10-18T05:00:00.000000000,241.79,219.50372
2021-10-18T06:00:00.000000000,233.81,213.28948
2021-10-18T07:00:00.000000000,227.71,203.85665
2021-10-18T08:00:00.000000000,238.25,191.64281
2021-10-18T09:00:00.000000000,224.55,182.87219
2021-10-18T10:00:00.000000000,221.79,182.32108
2021-10-18T11:00:00.000000000,229.76,187.29472
2021-10-18T12:00:00.000000000,242.37,189.04749
2021-10-18T13:00:00.000000000,231.83,182.97775
2021-10-18T14:00:00.000000000,235.98,167.1055
2021-10-18T15:00:00.000000000,166.89,144.85699
2021-10-18T16:00:00.000000000,130.57,123.66996
2021-10-18T17:00:00.000000000,120.81,109.24177
2021-10-18T18:00:00.000000000,115.51,103.94624
2021-10-18T19:00:00.000000000,112.62,105.65784
2021-10-18T20:00:00.000000000,112.78,110.11068
2021-10-18T21:00:00.000000000,116.6,115.42895
2021-10-18T22:00:00.000000000,117.33,124.92029
2021-10-18T23:00:00.000000000,135.53,143.50101
2021-10-19T00:00:00.000000000,172.76,185.6019
2021-10-19T01:00:00.000000000,240.14,204.58484
2021-10-19T02:00:00.000000000,243.53,217.28889
2021-10-19T03:00:00.000000000,247.17,220.29899
2021-10-19T04:00:00.000000000,254.21,214.20279
2021-10-19T05:00:00.000000000,257.5,208.41998
2021-10-19T06:00:00.000000000,266.0,205.04253
2021-10-19T07:00:00.000000000,275.46,200.13177
2021-10-19T08:00:00.000000000,288.53,194.93749
2021-10-19T09:00:00.000000000,289.82,192.29546
2021-10-19T10:00:00.000000000,293.56,193.5788
2021-10-19T11:00:00.000000000,300.21,198.49751
2021-10-19T12:00:00.000000000,297.27,200.49899
2021-10-19T13:00:00.000000000,294.79,197.7633
2021-10-19T14:00:00.000000000,285.55,191.65743
2021-10-19T15:00:00.000000000,213.28,183.66269
2021-10-19T16:00:00.000000000,149.09,172.59489
2021-10-19T17:00:00.000000000,131.97,158.10549
2021-10-19T18:00:00.000000000,133.74,145.19074
2021-10-19T19:00:00.000000000,136.5,138.3508
2021-10-19T20:00:00.000000000,135.33,137.3092
2021-10-19T21:00:00.000000000,140.18,141.27819
2021-10-19T22:00:00.000000000,138.69,149.90501
2021-10-19T23:00:00.000000000,158.94,163.63812
2021-10-17T00:00:00.000000000,215.71,202.11951
2021-10-17T01:00:00.000000000,295.46,261.99432
2021-10-17T02:00:00.000000000,300.59,293.54148
2021-10-17T03:00:00.000000000,298.29,298.98619
2021-10-17T04:00:00.000000000,295.2,290.39602
2021-10-17T05:00:00.000000000,292.78,283.43379
2021-10-17T06:00:00.000000000,296.34,278.44866
2021-10-17T07:00:00.000000000,292.93,269.81275
2021-10-17T08:00:00.000000000,294.81,257.81356
2021-10-17T09:00:00.000000000,295.58,248.30243
2021-10-17T10:00:00.000000000,293.75,241.37453
2021-10-17T11:00:00.000000000,302.02,238.39258
2021-10-17T12:00:00.000000000,302.79,241.0102
2021-10-17T13:00:00.000000000,300.88,243.62235
2021-10-17T14:00:00.000000000,301.56,224.53304
2021-10-17T15:00:00.000000000,234.24,173.81646
2021-10-17T16:00:00.000000000,165.75,119.71438
2021-10-17T17:00:00.000000000,131.07,90.14733
2021-10-17T18:00:00.000000000,106.46,87.90753
2021-10-17T19:00:00.000000000,101.25,96.90998
2021-10-17T20:00:00.000000000,98.44,101.73223
2021-10-17T21:00:00.000000000,97.81,100.78223
2021-10-17T22:00:00.000000000,104.15,103.92602
2021-10-17T23:00:00.000000000,121.0,132.03019
2021-10-18T00:00:00.000000000,166.46,179.02911
2021-10-18T01:00:00.000000000,246.51,216.40255
2021-10-18T02:00:00.000000000,259.54,238.97837
2021-10-18T03:00:00.000000000,257.39,246.02995
2021-10-18T04:00:00.000000000,247.04,241.69602
2021-10-18T05:00:00.000000000,241.79,236.7372
2021-10-18T06:00:00.000000000,233.81,232.05059
2021-10-18T07:00:00.000000000,227.71,223.41536
2021-10-18T08:00:00.000000000,238.25,211.814
2021-10-18T09:00:00.000000000,224.55,202.93922
2021-10-18T10:00:00.000000000,221.79,199.31598
2021-10-18T11:00:00.000000000,229.76,200.03386
2021-10-18T12:00:00.000000000,242.37,201.72664
2021-10-18T13:00:00.000000000,231.83,200.67003
2021-10-18T14:00:00.000000000,235.98,186.71457
2021-10-18T15:00:00.000000000,166.89,156.5491
2021-10-18T16:00:00.000000000,130.57,124.43014
2021-10-18T17:00:00.000000000,120.81,104.162
2021-10-18T18:00:00.000000000,115.51,99.14889
2021-10-18T19:00:00.000000000,112.62,102.69359
2021-10-18T20:00:00.000000000,112.78,106.22102
2021-10-18T21:00:00.000000000,116.6,108.10795
2021-10-18T22:00:00.000000000,117.33,114.26395
2021-10-18T23:00:00.000000000,135.53,134.87239
2021-10-19T00:00:00.000000000,172.76,205.31924
2021-10-19T01:00:00.000000000,240.14,225.70856
2021-10-19T02:00:00.000000000,243.53,233.05351
2021-10-19T03:00:00.000000000,247.17,230.15951
2021-10-19T04:00:00.000000000,254.21,220.81765
2021-10-19T05:00:00.000000000,257.5,214.58526
2021-10-19T06:00:00.000000000,266.0,211.46899
2021-10-19T07:00:00.000000000,275.46,206.62506
2021-10-19T08:00:00.000000000,288.53,202.18438
2021-10-19T09:00:00.000000000,289.82,201.5016
2021-10-19T10:00:00.000000000,293.56,204.12913
2021-10-19T11:00:00.000000000,300.21,210.09507
2021-10-19T12:00:00.000000000,297.27,216.83977
2021-10-19T13:00:00.000000000,294.79,220.01835
2021-10-19T14:00:00.000000000,285.55,212.74838
2021-10-19T15:00:00.000000000,213.28,194.8691
2021-10-19T16:00:00.000000000,149.09,174.11898
2021-10-19T17:00:00.000000000,131.97,155.67184
2021-10-19T18:00:00.000000000,133.74,142.60789
2021-10-19T19:00:00.000000000,136.5,135.69265
2021-10-19T20:00:00.000000000,135.33,134.0994
2021-10-19T21:00:00.000000000,140.18,138.39965
2021-10-19T22:00:00.000000000,138.69,152.33971
2021-10-19T23:00:00.000000000,158.94,177.05472
2021-10-20T00:00:00.000000000,218.88,240.17333
2021-10-20T01:00:00.000000000,300.41,270.74894
2021-10-20T02:00:00.000000000,307.16,282.6717
2021-10-20T03:00:00.000000000,307.75,277.73721
2021-10-20T04:00:00.000000000,306.22,265.55352
2021-10-20T05:00:00.000000000,306.49,257.46035
2021-10-20T06:00:00.000000000,298.45,252.04529
2021-10-20T07:00:00.000000000,294.21,242.1258
2021-10-20T08:00:00.000000000,294.18,234.25097
2021-10-20T09:00:00.000000000,298.0,232.65371
2021-10-20T10:00:00.000000000,300.27,235.83479
2021-10-20T11:00:00.000000000,300.23,241.80766
2021-10-20T12:00:00.000000000,299.08,247.89596
2021-10-20T13:00:00.000000000,299.16,254.86216
2021-10-20T14:00:00.000000000,297.53,256.69674
2021-10-20T15:00:00.000000000,232.33,245.35851
2021-10-20T16:00:00.000000000,171.39,222.49609
2021-10-20T17:00:00.000000000,141.55,195.28574
2021-10-20T18:00:00.000000000,144.39,174.83543
2021-10-20T19:00:00.000000000,143.83,165.72827
2021-10-20T20:00:00.000000000,148.97,165.52096
2021-10-20T21:00:00.000000000,157.16,168.77423
2021-10-20T22:00:00.000000000,153.17,176.87638
2021-10-20T23:00:00.000000000,187.45,199.69044
2021-10-18T00:00:00.000000000,166.46,180.05929
2021-10-18T01:00:00.000000000,246.51,225.65608
2021-10-18T02:00:00.000000000,259.54,248.61025
2021-10-18T03:00:00.000000000,257.39,252.6709
2021-10-18T04:00:00.000000000,247.04,246.2332
2021-10-18T05:00:00.000000000,241.79,240.74123
2021-10-18T06:00:00.000000000,233.81,235.69927
2021-10-18T07:00:00.000000000,227.71,227.75186
2021-10-18T08:00:00.000000000,238.25,218.04599
2021-10-18T09:00:00.000000000,224.55,210.09427
2021-10-18T10:00:00.000000000,221.79,202.60059
2021-10-18T11:00:00.000000000,229.76,195.92764
2021-10-18T12:00:00.000000000,242.37,193.01472
2021-10-18T13:00:00.000000000,231.83,193.98433
2021-10-18T14:00:00.000000000,235.98,183.19908
2021-10-18T15:00:00.000000000,166.89,149.25725
2021-10-18T16:00:00.000000000,130.57,110.05301
2021-10-18T17:00:00.000000000,120.81,86.4566
2021-10-18T18:00:00.000000000,115.51,83.47891
2021-10-18T19:00:00.000000000,112.62,89.96605
2021-10-18T20:00:00.000000000,112.78,93.46668
2021-10-18T21:00:00.000000000,116.6,93.29192
2021-10-18T22:00:00.000000000,117.33,98.08944
2021-10-18T23:00:00.000000000,135.53,122.87982
2021-10-19T00:00:00.000000000,172.76,177.58571
2021-10-19T01:00:00.000000000,240.14,198.40549
2021-10-19T02:00:00.000000000,243.53,212.66277
2021-10-19T03:00:00.000000000,247.17,220.19425
2021-10-19T04:00:00.000000000,254.21,217.44783
2021-10-19T05:00:00.000000000,257.5,211.26728
2021-10-19T06:00:00.000000000,266.0,206.19466
2021-10-19T07:00:00.000000000,275.46,200.34395
2021-10-19T08:00:00.000000000,288.53,193.10488
2021-10-19T09:00:00.000000000,289.82,187.8609
2021-10-19T10:00:00.000000000,293.56,187.48165
2021-10-19T11:00:00.000000000,300.21,191.74918
2021-10-19T12:00:00.000000000,297.27,196.40993
2021-10-19T13:00:00.000000000,294.79,194.59375
2021-10-19T14:00:00.000000000,285.55,178.83377
2021-10-19T15:00:00.000000000,213.28,152.7293
2021-10-19T16:00:00.000000000,149.09,129.33041
2021-10-19T17:00:00.000000000,131.97,115.88801
2021-10-19T18:00:00.000000000,133.74,110.72517
2021-10-19T19:00:00.000000000,136.5,109.4618
2021-10-19T20:00:00.000000000,135.33,110.78676
2021-10-19T21:00:00.000000000,140.18,116.19876
2021-10-19T22:00:00.000000000,138.69,129.31082
2021-10-19T23:00:00.000000000,158.94,150.6839
2021-10-20T00:00:00.000000000,218.88,220.80065
2021-10-20T01:00:00.000000000,300.41,247.47564
2021-10-20T02:00:00.000000000,307.16,258.88688
2021-10-20T03:00:00.000000000,307.75,257.75937
2021-10-20T04:00:00.000000000,306.22,250.26213
2021-10-20T05:00:00.000000000,306.49,245.83654
2021-10-20T06:00:00.000000000,298.45,242.49686
2021-10-20T07:00:00.000000000,294.21,234.29536
2021-10-20T08:00:00.000000000,294.18,225.96507
2021-10-20T09:00:00.000000000,298.0,222.87619
2021-10-20T10:00:00.000000000,300.27,224.85385
2021-10-20T11:00:00.000000000,300.23,229.5113
2021-10-20T12:00:00.000000000,299.08,233.1519
2021-10-20T13:00:00.000000000,299.16,234.31605
2021-10-20T14:00:00.000000000,297.53,227.17884
2021-10-20T15:00:00.000000000,232.33,208.15294
2021-10-20T16:00:00.000000000,171.39,184.09119
2021-10-20T17:00:00.000000000,141.55,162.47064
2021-10-20T18:00:00.000000000,144.39,149.41063
2021-10-20T19:00:00.000000000,143.83,144.73507
2021-10-20T20:00:00.000000000,148.97,144.32819
2021-10-20T21:00:00.000000000,157.16,147.34693
2021-10-20T22:00:00.000000000,153.17,158.28373
2021-10-20T23:00:00.000000000,187.45,183.17662
2021-10-21T00:00:00.000000000,248.81,238.31895
2021-10-21T01:00:00.000000000,304.49,274.94678
2021-10-21T02:00:00.000000000,308.11,293.21082
2021-10-21T03:00:00.000000000,307.95,291.95517
2021-10-21T04:00:00.000000000,308.51,280.3755
2021-10-21T05:00:00.000000000,314.64,271.25368
2021-10-21T06:00:00.000000000,303.41,265.73376
2021-10-21T07:00:00.000000000,305.94,256.76787
2021-10-21T08:00:00.000000000,305.97,248.89739
2021-10-21T09:00:00.000000000,305.44,244.59059
2021-10-21T10:00:00.000000000,305.27,243.72217
2021-10-21T11:00:00.000000000,306.7,247.37726
2021-10-21T12:00:00.000000000,306.33,253.53374
2021-10-21T13:00:00.000000000,308.51,261.49323
2021-10-21T14:00:00.000000000,301.27,263.59155
2021-10-21T15:00:00.000000000,242.03,250.63105
2021-10-21T16:00:00.000000000,170.75,224.74043
2021-10-21T17:00:00.000000000,147.16,195.109
2021-10-21T18:00:00.000000000,154.14,174.03054
2021-10-21T19:00:00.000000000,152.44,165.48347
2021-10-21T20:00:00.000000000,152.26,165.82771
2021-10-21T21:00:00.000000000,161.17,167.9682
2021-10-21T22:00:00.000000000,176.52,172.39295
2021-10-21T23:00:00.000000000,193.61,191.95699
2021-10-19T00:00:00.000000000,172.76,225.80187
2021-10-19T01:00:00.000000000,240.14,251.25109
2021-10-19T02:00:00.000000000,243.53,257.54401
2021-10-19T03:00:00.000000000,247.17,255.70757
2021-10-19T04:00:00.000000000,254.21,248.22476
2021-10-19T05:00:00.000000000,257.5,242.27354
2021-10-19T06:00:00.000000000,266.0,238.97536
2021-10-19T07:00:00.000000000,275.46,234.92849
2021-10-19T08:00:00.000000000,288.53,230.72558
2021-10-19T09:00:00.000000000,289.82,229.48023
2021-10-19T10:00:00.000000000,293.56,229.00256
2021-10-19T11:00:00.000000000,300.21,230.10535
2021-10-19T12:00:00.000000000,297.27,236.08826
2021-10-19T13:00:00.000000000,294.79,238.44286
2021-10-19T14:00:00.000000000,285.55,217.78664
2021-10-19T15:00:00.000000000,213.28,173.51959
2021-10-19T16:00:00.000000000,149.09,133.65731
2021-10-19T17:00:00.000000000,131.97,115.0673
2021-10-19T18:00:00.000000000,133.74,111.97602
2021-10-19T19:00:00.000000000,136.5,112.02965
2021-10-19T20:00:00.000000000,135.33,111.7595
2021-10-19T21:00:00.000000000,140.18,117.52847
2021-10-19T22:00:00.000000000,138.69,139.76057
2021-10-19T23:00:00.000000000,158.94,180.99066
2021-10-20T00:00:00.000000000,218.88,231.06786
2021-10-20T01:00:00.000000000,300.41,264.61439
2021-10-20T02:00:00.000000000,307.16,281.08459
2021-10-20T03:00:00.000000000,307.75,283.1726
2021-10-20T04:00:00.000000000,306.22,276.67583
2021-10-20T05:00:00.000000000,306.49,272.17334
2021-10-20T06:00:00.000000000,298.45,269.09563
2021-10-20T07:00:00.000000000,294.21,260.42129
2021-10-20T08:00:00.000000000,294.18,249.52959
2021-10-20T09:00:00.000000000,298.0,244.07762
2021-10-20T10:00:00.000000000,300.27,245.64167
2021-10-20T11:00:00.000000000,300.23,250.77006
2021-10-20T12:00:00.000000000,299.08,254.19437
2021-10-20T13:00:00.000000000,299.16,250.61384
2021-10-20T14:00:00.000000000,297.53,231.76418
2021-10-20T15:00:00.000000000,232.33,197.31304
2021-10-20T16:00:00.000000000,171.39,162.78638
2021-10-20T17:00:00.000000000,141.55,140.03194
2021-10-20T18:00:00.000000000,144.39,131.26485
2021-10-20T19:00:00.000000000,143.83,131.1649
2021-10-20T20:00:00.000000000,148.97,133.81364
2021-10-20T21:00:00.000000000,157.16,138.82631
2021-10-20T22:00:00.000000000,153.17,152.48285
2021-10-20T23:00:00.000000000,187.45,183.09663
2021-10-21T00:00:00.000000000,248.81,226.77077
2021-10-21T01:00:00.000000000,304.49,263.73819
2021-10-21T02:00:00.000000000,308.11,283.12028
2021-10-21T03:00:00.000000000,307.95,284.98674
2021-10-21T04:00:00.000000000,308.51,277.61286
2021-10-21T05:00:00.000000000,314.64,272.44536
2021-10-21T06:00:00.000000000,303.41,268.11198
2021-10-21T07:00:00.000000000,305.94,257.49994
2021-10-21T08:00:00.000000000,305.97,245.68368
2021-10-21T09:00:00.000000000,305.44,239.51298
2021-10-21T10:00:00.000000000,305.27,239.99514
2021-10-21T11:00:00.000000000,306.7,243.95038
2021-10-21T12:00:00.000000000,306.33,245.66207
2021-10-21T13:00:00.000000000,308.51,244.0695
2021-10-21T14:00:00.000000000,301.27,234.48746
2021-10-21T15:00:00.000000000,242.03,211.79412
2021-10-21T16:00:00.000000000,170.75,182.47766
2021-10-21T17:00:00.000000000,147.16,156.70603
2021-10-21T18:00:00.000000000,154.14,143.32737
2021-10-21T19:00:00.000000000,152.44,141.54343
2021-10-21T20:00:00.000000000,152.26,144.16552
2021-10-21T21:00:00.000000000,161.17,147.33446
2021-10-21T22:00:00.000000000,176.52,154.84458
2021-10-21T23:00:00.000000000,193.61,178.30674
2021-10-22T00:00:00.000000000,260.75,222.17769
2021-10-22T01:00:00.000000000,303.59,261.42206
2021-10-22T02:00:00.000000000,308.56,288.04877
2021-10-22T03:00:00.000000000,308.2,295.65191
2021-10-22T04:00:00.000000000,314.14,289.28873
2021-10-22T05:00:00.000000000,308.05,282.94878
2021-10-22T06:00:00.000000000,296.1,280.66816
2021-10-22T07:00:00.000000000,290.47,274.91213
2021-10-22T08:00:00.000000000,295.14,267.00428
2021-10-22T09:00:00.000000000,297.88,259.42393
2021-10-22T10:00:00.000000000,294.04,255.30303
2021-10-22T11:00:00.000000000,307.56,259.12201
2021-10-22T12:00:00.000000000,304.98,266.70828
2021-10-22T13:00:00.000000000,290.1,273.81425
2021-10-22T14:00:00.000000000,280.78,272.45276
2021-10-22T15:00:00.000000000,238.04,255.53648
2021-10-22T16:00:00.000000000,166.88,226.2763
2021-10-22T17:00:00.000000000,147.78,193.91424
2021-10-22T18:00:00.000000000,153.0,170.49055
2021-10-22T19:00:00.000000000,143.98,160.78603
2021-10-22T20:00:00.000000000,133.35,161.17692
2021-10-22T21:00:00.000000000,125.16,163.29464
2021-10-22T22:00:00.000000000,124.4,164.77433
2021-10-22T23:00:00.000000000,138.41,178.55866
2021-10-20T00:00:00.000000000,218.88,244.90039
2021-10-20T01:00:00.000000000,300.41,273.09989
2021-10-20T02:00:00.000000000,307.16,286.06101
2021-10-20T03:00:00.000000000,307.75,292.85373
2021-10-20T04:00:00.000000000,306.22,291.20213
2021-10-20T05:00:00.000000000,306.49,287.00684
2021-10-20T06:00:00.000000000,298.45,283.4243
2021-10-20T07:00:00.000000000,294.21,277.35064
2021-10-20T08:00:00.000000000,294.18,269.87868
2021-10-20T09:00:00.000000000,298.0,266.66093
2021-10-20T10:00:00.000000000,300.27,266.89696
2021-10-20T11:00:00.000000000,300.23,269.38568
2021-10-20T12:00:00.000000000,299.08,275.57108
2021-10-20T13:00:00.000000000,299.16,275.53357
2021-10-20T14:00:00.000000000,297.53,248.83918
2021-10-20T15:00:00.000000000,232.33,195.08007
2021-10-20T16:00:00.000000000,171.39,146.02068
2021-10-20T17:00:00.000000000,141.55,122.01969
2021-10-20T18:00:00.000000000,144.39,116.91218
2021-10-20T19:00:00.000000000,143.83,117.53573
2021-10-20T20:00:00.000000000,148.97,119.74256
2021-10-20T21:00:00.000000000,157.16,128.42313
2021-10-20T22:00:00.000000000,153.17,152.21566
2021-10-20T23:00:00.000000000,187.45,194.95759
2021-10-21T00:00:00.000000000,248.81,229.84166
2021-10-21T01:00:00.000000000,304.49,264.49091
2021-10-21T02:00:00.000000000,308.11,284.21761
2021-10-21T03:00:00.000000000,307.95,289.48913
2021-10-21T04:00:00.000000000,308.51,284.75066
2021-10-21T05:00:00.000000000,314.64,280.75829
2021-10-21T06:00:00.000000000,303.41,278.20562
2021-10-21T07:00:00.000000000,305.94,269.65025
2021-10-21T08:00:00.000000000,305.97,257.46724
2021-10-21T09:00:00.000000000,305.44,249.84804
2021-10-21T10:00:00.000000000,305.27,250.33026
2021-10-21T11:00:00.000000000,306.7,256.71006
2021-10-21T12:00:00.000000000,306.33,261.79112
2021-10-21T13:00:00.000000000,308.51,256.93912
2021-10-21T14:00:00.000000000,301.27,233.3697
2021-10-21T15:00:00.000000000,242.03,194.28853
2021-10-21T16:00:00.000000000,170.75,158.39587
2021-10-21T17:00:00.000000000,147.16,137.95328
2021-10-21T18:00:00.000000000,154.14,132.6606
2021-10-21T19:00:00.000000000,152.44,135.00458
2021-10-21T20:00:00.000000000,152.26,138.4736
2021-10-21T21:00:00.000000000,161.17,142.97584
2021-10-21T22:00:00.000000000,176.52,154.67312
2021-10-21T23:00:00.000000000,193.61,182.46297
2021-10-22T00:00:00.000000000,260.75,230.09975
2021-10-22T01:00:00.000000000,303.59,269.54628
2021-10-22T02:00:00.000000000,308.56,292.1414
2021-10-22T03:00:00.000000000,308.2,295.12985
2021-10-22T04:00:00.000000000,314.14,285.86288
2021-10-22T05:00:00.000000000,308.05,278.48334
2021-10-22T06:00:00.000000000,296.1,275.92445
2021-10-22T07:00:00.000000000,290.47,270.32141
2021-10-22T08:00:00.000000000,295.14,262.46474
2021-10-22T09:00:00.000000000,297.88,255.61456
2021-10-22T10:00:00.000000000,294.04,252.44266
2021-10-22T11:00:00.000000000,307.56,256.22761
2021-10-22T12:00:00.000000000,304.98,263.58826
2021-10-22T13:00:00.000000000,290.1,267.70623
2021-10-22T14:00:00.000000000,280.78,257.87272
2021-10-22T15:00:00.000000000,238.04,230.90274
2021-10-22T16:00:00.000000000,166.88,198.44384
2021-10-22T17:00:00.000000000,147.78,172.00069
2021-10-22T18:00:00.000000000,153.0,157.39234
2021-10-22T19:00:00.000000000,143.98,152.98347
2021-10-22T20:00:00.000000000,133.35,154.03602
2021-10-22T21:00:00.000000000,125.16,156.05468
2021-10-22T22:00:00.000000000,124.4,161.23509
2021-10-22T23:00:00.000000000,138.41,181.884
2021-10-23T00:00:00.000000000,198.54,232.12883
2021-10-23T01:00:00.000000000,259.07,264.22676
2021-10-23T02:00:00.000000000,259.55,280.89264
2021-10-23T03:00:00.000000000,261.03,283.36533
2021-10-23T04:00:00.000000000,258.88,276.84371
2021-10-23T05:00:00.000000000,253.4,270.96787
2021-10-23T06:00:00.000000000,240.56,266.00046
2021-10-23T07:00:00.000000000,233.57,256.57445
2021-10-23T08:00:00.000000000,233.66,247.32947
2021-10-23T09:00:00.000000000,224.22,243.1889
2021-10-23T10:00:00.000000000,216.38,243.72612
2021-10-23T11:00:00.000000000,201.0,247.56757
2021-10-23T12:00:00.000000000,204.75,252.51182
2021-10-23T13:00:00.000000000,202.75,256.38753
2021-10-23T14:00:00.000000000,209.62,249.64343
2021-10-23T15:00:00.000000000,159.55,225.88097
2021-10-23T16:00:00.000000000,123.04,194.3959
2021-10-23T17:00:00.000000000,106.31,167.62094
2021-10-23T18:00:00.000000000,100.96,153.18688
2021-10-23T19:00:00.000000000,100.17,150.1429
2021-10-23T20:00:00.000000000,102.81,152.74297
2021-10-23T21:00:00.000000000,98.45,156.99144
2021-10-23T22:00:00.000000000,102.48,165.5313
2021-10-23T23:00:00.000000000,131.09,188.44117
2021-10-21T00:00:00.000000000,248.81,231.19344
2021-10-21T01:00:00.000000000,304.49,268.55731
2021-10-21T02:00:00.000000000,308.11,289.56306
2021-10-21T03:00:00.000000000,307.95,296.83661
2021-10-21T04:00:00.000000000,308.51,292.91123
2021-10-21T05:00:00.000000000,314.64,288.74102
2021-10-21T06:00:00.000000000,303.41,286.76378
2021-10-21T07:00:00.000000000,305.94,280.5006
2021-10-21T08:00:00.000000000,305.97,270.30653
2021-10-21T09:00:00.000000000,305.44,263.53168
2021-10-21T10:00:00.000000000,305.27,262.30777
2021-10-21T11:00:00.000000000,306.7,266.14363
2021-10-21T12:00:00.000000000,306.33,272.63471
2021-10-21T13:00:00.000000000,308.51,272.05056
2021-10-21T14:00:00.000000000,301.27,247.48829
2021-10-21T15:00:00.000000000,242.03,198.71922
2021-10-21T16:00:00.000000000,170.75,152.18687
2021-10-21T17:00:00.000000000,147.16,126.65675
2021-10-21T18:00:00.000000000,154.14,120.08558
2021-10-21T19:00:00.000000000,152.44,122.24134
2021-10-21T20:00:00.000000000,152.26,126.11687
2021-10-21T21:00:00.000000000,161.17,131.94878
2021-10-21T22:00:00.000000000,176.52,146.42331
2021-10-21T23:00:00.000000000,193.61,179.09175
2021-10-22T00:00:00.000000000,260.75,221.07367
2021-10-22T01:00:00.000000000,303.59,266.14282
2021-10-22T02:00:00.000000000,308.56,292.62308
2021-10-22T03:00:00.000000000,308.2,298.52927
2021-10-22T04:00:00.000000000,314.14,290.89704
2021-10-22T05:00:00.000000000,308.05,284.06387
2021-10-22T06:00:00.000000000,296.1,281.18205
2021-10-22T07:00:00.000000000,290.47,275.53851
2021-10-22T08:00:00.000000000,295.14,267.41861
2021-10-22T09:00:00.000000000,297.88,260.35838
2021-10-22T10:00:00.000000000,294.04,256.11898
2021-10-22T11:00:00.000000000,307.56,257.86794
2021-10-22T12:00:00.000000000,304.98,263.47528
2021-10-22T13:00:00.000000000,290.1,266.04179
2021-10-22T14:00:00.000000000,280.78,252.37437
2021-10-22T15:00:00.000000000,238.04,218.20397
2021-10-22T16:00:00.000000000,166.88,180.0134
2021-10-22T17:00:00.000000000,147.78,152.8313
2021-10-22T18:00:00.000000000,153.0,140.83281
2021-10-22T19:00:00.000000000,143.98,138.56223
2021-10-22T20:00:00.000000000,133.35,139.37585
2021-10-22T21:00:00.000000000,125.16,140.51064
2021-10-22T22:00:00.000000000,124.4,145.56144
2021-10-22T23:00:00.000000000,138.41,168.19751
2021-10-23T00:00:00.000000000,198.54,221.93676
2021-10-23T01:00:00.000000000,259.07,257.17827
2021-10-23T02:00:00.000000000,259.55,276.64008
2021-10-23T03:00:00.000000000,261.03,280.49132
2021-10-23T04:00:00.000000000,258.88,274.11935
2021-10-23T05:00:00.000000000,253.4,267.88143
2021-10-23T06:00:00.000000000,240.56,262.34401
2021-10-23T07:00:00.000000000,233.57,252.52592
2021-10-23T08:00:00.000000000,233.66,242.31722
2021-10-23T09:00:00.000000000,224.22,237.02257
2021-10-23T10:00:00.000000000,216.38,237.45244
2021-10-23T11:00:00.000000000,201.0,241.83676
2021-10-23T12:00:00.000000000,204.75,245.91604
2021-10-23T13:00:00.000000000,202.75,246.54556
2021-10-23T14:00:00.000000000,209.62,235.56813
2021-10-23T15:00:00.000000000,159.55,208.88107
2021-10-23T16:00:00.000000000,123.04,177.4477
2021-10-23T17:00:00.000000000,106.31,153.10812
2021-10-23T18:00:00.000000000,100.96,141.65809
2021-10-23T19:00:00.000000000,100.17,140.03648
2021-10-23T20:00:00.000000000,102.81,142.0073
2021-10-23T21:00:00.000000000,98.45,145.14394
2021-10-23T22:00:00.000000000,102.48,153.33657
2021-10-23T23:00:00.000000000,131.09,176.62411
2021-10-24T00:00:00.000000000,196.48,253.55167
2021-10-24T01:00:00.000000000,245.34,258.79112
2021-10-24T02:00:00.000000000,248.97,263.21558
2021-10-24T03:00:00.000000000,243.92,266.5754
2021-10-24T04:00:00.000000000,229.47,261.29637
2021-10-24T05:00:00.000000000,226.45,251.70719
2021-10-24T06:00:00.000000000,233.93,243.39676
2021-10-24T07:00:00.000000000,236.7,234.59201
2021-10-24T08:00:00.000000000,230.09,227.63999
2021-10-24T09:00:00.000000000,220.42,225.51645
2021-10-24T10:00:00.000000000,228.75,229.91721
2021-10-24T11:00:00.000000000,230.81,240.52221
2021-10-24T12:00:00.000000000,221.6,257.023
2021-10-24T13:00:00.000000000,219.92,269.17672
2021-10-24T14:00:00.000000000,218.1,262.71307
2021-10-24T15:00:00.000000000,177.24,240.59625
2021-10-24T16:00:00.000000000,137.22,219.06183
2021-10-24T17:00:00.000000000,107.71,209.3347
2021-10-24T18:00:00.000000000,111.47,209.0029
2021-10-24T19:00:00.000000000,110.4,213.18333
2021-10-24T20:00:00.000000000,115.01,218.51103
2021-10-24T21:00:00.000000000,103.48,223.0468
2021-10-24T22:00:00.000000000,114.65,227.79738
2021-10-24T23:00:00.000000000,149.92,236.62699
2021-10-22T00:00:00.000000000,260.75,226.07806
2021-10-22T01:00:00.000000000,303.59,273.09176
2021-10-22T02:00:00.000000000,308.56,295.37308
2021-10-22T03:00:00.000000000,308.2,299.90314
2021-10-22T04:00:00.000000000,314.14,294.79455
2021-10-22T05:00:00.000000000,308.05,290.56004
2021-10-22T06:00:00.000000000,296.1,286.13739
2021-10-22T07:00:00.000000000,290.47,277.81149
2021-10-22T08:00:00.000000000,295.14,269.12142
2021-10-22T09:00:00.000000000,297.88,264.08352
2021-10-22T10:00:00.000000000,294.04,258.64393
2021-10-22T11:00:00.000000000,307.56,253.7046
2021-10-22T12:00:00.000000000,304.98,255.24281
2021-10-22T13:00:00.000000000,290.1,260.40776
2021-10-22T14:00:00.000000000,280.78,247.46138
2021-10-22T15:00:00.000000000,238.04,203.67706
2021-10-22T16:00:00.000000000,166.88,154.24283
2021-10-22T17:00:00.000000000,147.78,124.80478
2021-10-22T18:00:00.000000000,153.0,119.41861
2021-10-22T19:00:00.000000000,143.98,124.37636
2021-10-22T20:00:00.000000000,133.35,126.34066
2021-10-22T21:00:00.000000000,125.16,125.97354
2021-10-22T22:00:00.000000000,124.4,132.58272
2021-10-22T23:00:00.000000000,138.41,162.85789
2021-10-23T00:00:00.000000000,198.54,197.49148
2021-10-23T01:00:00.000000000,259.07,226.3288
2021-10-23T02:00:00.000000000,259.55,242.1727
2021-10-23T03:00:00.000000000,261.03,247.66874
2021-10-23T04:00:00.000000000,258.88,243.87036
2021-10-23T05:00:00.000000000,253.4,239.02172
2021-10-23T06:00:00.000000000,240.56,235.05949
2021-10-23T07:00:00.000000000,233.57,228.43431
2021-10-23T08:00:00.000000000,233.66,219.91069
2021-10-23T09:00:00.000000000,224.22,214.11405
2021-10-23T10:00:00.000000000,216.38,212.52125
2021-10-23T11:00:00.000000000,201.0,215.44975
2021-10-23T12:00:00.000000000,204.75,221.56029
2021-10-23T13:00:00.000000000,202.75,223.38228
2021-10-23T14:00:00.000000000,209.62,206.57217
2021-10-23T15:00:00.000000000,159.55,170.99798
2021-10-23T16:00:00.000000000,123.04,137.03895
2021-10-23T17:00:00.000000000,106.31,118.94461
2021-10-23T18:00:00.000000000,100.96,115.32578
2021-10-23T19:00:00.000000000,100.17,117.37934
2021-10-23T20:00:00.000000000,102.81,119.25452
2021-10-23T21:00:00.000000000,98.45,122.37557
2021-10-23T22:00:00.000000000,102.48,133.66975
2021-10-23T23:00:00.000000000,131.09,159.20666
2021-10-24T00:00:00.000000000,196.48,237.55427
2021-10-24T01:00:00.000000000,245.34,236.36088
2021-10-24T02:00:00.000000000,248.97,240.81633
2021-10-24T03:00:00.000000000,243.92,250.06811
2021-10-24T04:00:00.000000000,229.47,251.8998
2021-10-24T05:00:00.000000000,226.45,248.92086
2021-10-24T06:00:00.000000000,233.93,247.24167
2021-10-24T07:00:00.000000000,236.7,246.66824
2021-10-24T08:00:00.000000000,230.09,246.57358
2021-10-24T09:00:00.000000000,220.42,248.33733
2021-10-24T10:00:00.000000000,228.75,255.60542
2021-10-24T11:00:00.000000000,230.81,270.33754
2021-10-24T12:00:00.000000000,221.6,286.96372
2021-10-24T13:00:00.000000000,219.92,290.27965
2021-10-24T14:00:00.000000000,218.1,271.2726
2021-10-24T15:00:00.000000000,177.24,239.68825
2021-10-24T16:00:00.000000000,137.22,213.92071
2021-10-24T17:00:00.000000000,107.71,201.22553
2021-10-24T18:00:00.000000000,111.47,196.15325
2021-10-24T19:00:00.000000000,110.4,194.54106
2021-10-24T20:00:00.000000000,115.01,197.7678
2021-10-24T21:00:00.000000000,103.48,207.7811
2021-10-24T22:00:00.000000000,114.65,220.01743
2021-10-24T23:00:00.000000000,149.92,230.1939
2021-10-25T00:00:00.000000000,227.1,240.20648
2021-10-25T01:00:00.000000000,272.75,257.51992
2021-10-25T02:00:00.000000000,281.79,271.05232
2021-10-25T03:00:00.000000000,285.13,279.15986
2021-10-25T04:00:00.000000000,286.21,278.44533
2021-10-25T05:00:00.000000000,283.49,273.39274
2021-10-25T06:00:00.000000000,268.91,266.5254
2021-10-25T07:00:00.000000000,258.17,256.00679
2021-10-25T08:00:00.000000000,247.71,247.9802
2021-10-25T09:00:00.000000000,257.62,245.37052
2021-10-25T10:00:00.000000000,256.09,245.82703
2021-10-25T11:00:00.000000000,253.51,247.0641
2021-10-25T12:00:00.000000000,258.01,245.46339
2021-10-25T13:00:00.000000000,262.38,241.1544
2021-10-25T14:00:00.000000000,260.31,234.75132
2021-10-25T15:00:00.000000000,229.69,225.79062
2021-10-25T16:00:00.000000000,197.07,214.58175
2021-10-25T17:00:00.000000000,191.71,202.24196
2021-10-25T18:00:00.000000000,175.43,191.63045
2021-10-25T19:00:00.000000000,154.34,185.79394
2021-10-25T20:00:00.000000000,154.27,185.0247
2021-10-25T21:00:00.000000000,143.39,189.26114
2021-10-25T22:00:00.000000000,171.37,197.37357
2021-10-25T23:00:00.000000000,151.12,211.74152
2021-10-23T00:00:00.000000000,198.54,173.83207
2021-10-23T01:00:00.000000000,259.07,214.5281
2021-10-23T02:00:00.000000000,259.55,237.43746
2021-10-23T03:00:00.000000000,261.03,245.08033
2021-10-23T04:00:00.000000000,258.88,242.46238
2021-10-23T05:00:00.000000000,253.4,238.8439
2021-10-23T06:00:00.000000000,240.56,234.14546
2021-10-23T07:00:00.000000000,233.57,225.3906
2021-10-23T08:00:00.000000000,233.66,214.28503
2021-10-23T09:00:00.000000000,224.22,205.13122
2021-10-23T10:00:00.000000000,216.38,197.79139
2021-10-23T11:00:00.000000000,201.0,191.90131
2021-10-23T12:00:00.000000000,204.75,188.6804
2021-10-23T13:00:00.000000000,202.75,188.87355
2021-10-23T14:00:00.000000000,209.62,179.6491
2021-10-23T15:00:00.000000000,159.55,150.24919
2021-10-23T16:00:00.000000000,123.04,114.49157
2021-10-23T17:00:00.000000000,106.31,90.7366
2021-10-23T18:00:00.000000000,100.96,85.25028
2021-10-23T19:00:00.000000000,100.17,89.86572
2021-10-23T20:00:00.000000000,102.81,93.8355
2021-10-23T21:00:00.000000000,98.45,95.30989
2021-10-23T22:00:00.000000000,102.48,100.76079
2021-10-23T23:00:00.000000000,131.09,123.01984
2021-10-24T00:00:00.000000000,196.48,213.38604
2021-10-24T01:00:00.000000000,245.34,224.60658
2021-10-24T02:00:00.000000000,248.97,235.5954
2021-10-24T03:00:00.000000000,243.92,246.67125
2021-10-24T04:00:00.000000000,229.47,250.19706
2021-10-24T05:00:00.000000000,226.45,250.32632
2021-10-24T06:00:00.000000000,233.93,251.86839
2021-10-24T07:00:00.000000000,236.7,253.75003
2021-10-24T08:00:00.000000000,230.09,257.55683
2021-10-24T09:00:00.000000000,220.42,261.89315
2021-10-24T10:00:00.000000000,228.75,264.99688
2021-10-24T11:00:00.000000000,230.81,270.47992
2021-10-24T12:00:00.000000000,221.6,279.36911
2021-10-24T13:00:00.000000000,219.92,283.60334
2021-10-24T14:00:00.000000000,218.1,273.85787
2021-10-24T15:00:00.000000000,177.24,252.82573
2021-10-24T16:00:00.000000000,137.22,232.86037
2021-10-24T17:00:00.000000000,107.71,218.43161
2021-10-24T18:00:00.000000000,111.47,206.56032
2021-10-24T19:00:00.000000000,110.4,195.15973
2021-10-24T20:00:00.000000000,115.01,187.17121
2021-10-24T21:00:00.000000000,103.48,185.49223
2021-10-24T22:00:00.000000000,114.65,189.9922
2021-10-24T23:00:00.000000000,149.92,200.85854
2021-10-25T00:00:00.000000000,227.1,233.59596
2021-10-25T01:00:00.000000000,272.75,251.95412
2021-10-25T02:00:00.000000000,281.79,266.12383
2021-10-25T03:00:00.000000000,285.13,273.3927
2021-10-25T04:00:00.000000000,286.21,270.38813
2021-10-25T05:00:00.000000000,283.49,265.84099
2021-10-25T06:00:00.000000000,268.91,265.43194
2021-10-25T07:00:00.000000000,258.17,265.78662
2021-10-25T08:00:00.000000000,247.71,268.19608
2021-10-25T09:00:00.000000000,257.62,271.0993
2021-10-25T10:00:00.000000000,256.09,271.43864
2021-10-25T11:00:00.000000000,253.51,271.03085
2021-10-25T12:00:00.000000000,258.01,269.0652
2021-10-25T13:00:00.000000000,262.38,263.25451
2021-10-25T14:00:00.000000000,260.31,253.11664
2021-10-25T15:00:00.000000000,229.69,241.71419
2021-10-25T16:00:00.000000000,197.07,232.63627
2021-10-25T17:00:00.000000000,191.71,222.77195
2021-10-25T18:00:00.000000000,175.43,208.71787
2021-10-25T19:00:00.000000000,154.34,193.76037
2021-10-25T20:00:00.000000000,154.27,184.89616
2021-10-25T21:00:00.000000000,143.39,185.09755
2021-10-25T22:00:00.000000000,171.37,192.37125
2021-10-25T23:00:00.000000000,151.12,207.24518
2021-10-26T00:00:00.000000000,202.77,235.64217
2021-10-26T01:00:00.000000000,262.4,253.4086
2021-10-26T02:00:00.000000000,263.93,261.0524
2021-10-26T03:00:00.000000000,271.52,262.00855
2021-10-26T04:00:00.000000000,276.47,257.93441
2021-10-26T05:00:00.000000000,268.67,254.43461
2021-10-26T06:00:00.000000000,259.57,251.38007
2021-10-26T07:00:00.000000000,258.22,244.77449
2021-10-26T08:00:00.000000000,248.9,240.86894
2021-10-26T09:00:00.000000000,255.64,241.72337
2021-10-26T10:00:00.000000000,253.8,243.64048
2021-10-26T11:00:00.000000000,253.43,243.81123
2021-10-26T12:00:00.000000000,261.42,241.04892
2021-10-26T13:00:00.000000000,256.22,239.08376
2021-10-26T14:00:00.000000000,260.33,237.15612
2021-10-26T15:00:00.000000000,203.73,229.34406
2021-10-26T16:00:00.000000000,140.69,214.42007
2021-10-26T17:00:00.000000000,129.01,195.34507
2021-10-26T18:00:00.000000000,132.58,178.77153
2021-10-26T19:00:00.000000000,131.26,168.66795
2021-10-26T20:00:00.000000000,135.39,165.8599
2021-10-26T21:00:00.000000000,136.21,169.9525
2021-10-26T22:00:00.000000000,135.26,181.27099
2021-10-26T23:00:00.000000000,157.57,202.94046
2021-10-24T00:00:00.000000000,196.48,178.1007
2021-10-24T01:00:00.000000000,245.34,214.12134
2021-10-24T02:00:00.000000000,248.97,240.22046
2021-10-24T03:00:00.000000000,243.92,252.03234
2021-10-24T04:00:00.000000000,229.47,249.24505
2021-10-24T05:00:00.000000000,226.45,244.49565
2021-10-24T06:00:00.000000000,233.93,244.41981
2021-10-24T07:00:00.000000000,236.7,245.76271
2021-10-24T08:00:00.000000000,230.09,247.60831
2021-10-24T09:00:00.000000000,220.42,248.56566
2021-10-24T10:00:00.000000000,228.75,246.65455
2021-10-24T11:00:00.000000000,230.81,248.52689
2021-10-24T12:00:00.000000000,221.6,256.2596
2021-10-24T13:00:00.000000000,219.92,264.1895
2021-10-24T14:00:00.000000000,218.1,259.96824
2021-10-24T15:00:00.000000000,177.24,237.82862
2021-10-24T16:00:00.000000000,137.22,207.19178
2021-10-24T17:00:00.000000000,107.71,177.37639
2021-10-24T18:00:00.000000000,111.47,155.07837
2021-10-24T19:00:00.000000000,110.4,142.0125
2021-10-24T20:00:00.000000000,115.01,136.99555
2021-10-24T21:00:00.000000000,103.48,136.14536
2021-10-24T22:00:00.000000000,114.65,137.74018
2021-10-24T23:00:00.000000000,149.92,150.36543
2021-10-25T00:00:00.000000000,227.1,200.24747
2021-10-25T01:00:00.000000000,272.75,228.04979
2021-10-25T02:00:00.000000000,281.79,251.71638
2021-10-25T03:00:00.000000000,285.13,265.86406
2021-10-25T04:00:00.000000000,286.21,266.21771
2021-10-25T05:00:00.000000000,283.49,261.95975
2021-10-25T06:00:00.000000000,268.91,260.83226
2021-10-25T07:00:00.000000000,258.17,262.44249
2021-10-25T08:00:00.000000000,247.71,266.49449
2021-10-25T09:00:00.000000000,257.62,268.97002
2021-10-25T10:00:00.000000000,256.09,267.7641
2021-10-25T11:00:00.000000000,253.51,269.85342
2021-10-25T12:00:00.000000000,258.01,273.7923
2021-10-25T13:00:00.000000000,262.38,273.55072
2021-10-25T14:00:00.000000000,260.31,264.56545
2021-10-25T15:00:00.000000000,229.69,247.98709
2021-10-25T16:00:00.000000000,197.07,230.05131
2021-10-25T17:00:00.000000000,191.71,211.34305
2021-10-25T18:00:00.000000000,175.43,191.39351
2021-10-25T19:00:00.000000000,154.34,172.64628
2021-10-25T20:00:00.000000000,154.27,161.13358
2021-10-25T21:00:00.000000000,143.39,159.42803
2021-10-25T22:00:00.000000000,171.37,164.28445
2021-10-25T23:00:00.000000000,151.12,176.80356
2021-10-26T00:00:00.000000000,202.77,216.72903
2021-10-26T01:00:00.000000000,262.4,240.88297
2021-10-26T02:00:00.000000000,263.93,252.00733
2021-10-26T03:00:00.000000000,271.52,253.44234
2021-10-26T04:00:00.000000000,276.47,248.06459
2021-10-26T05:00:00.000000000,268.67,243.79515
2021-10-26T06:00:00.000000000,259.57,241.49969
2021-10-26T07:00:00.000000000,258.22,237.32185
2021-10-26T08:00:00.000000000,248.9,234.50565
2021-10-26T09:00:00.000000000,255.64,234.35583
2021-10-26T10:00:00.000000000,253.8,234.4879
2021-10-26T11:00:00.000000000,253.43,235.57753
2021-10-26T12:00:00.000000000,261.42,237.00902
2021-10-26T13:00:00.000000000,256.22,237.76068
2021-10-26T14:00:00.000000000,260.33,231.11763
2021-10-26T15:00:00.000000000,203.73,212.41795
2021-10-26T16:00:00.000000000,140.69,188.97684
2021-10-26T17:00:00.000000000,129.01,168.13443
2021-10-26T18:00:00.000000000,132.58,154.50821
2021-10-26T19:00:00.000000000,131.26,147.2782
2021-10-26T20:00:00.000000000,135.39,144.72115
2021-10-26T21:00:00.000000000,136.21,147.72764
2021-10-26T22:00:00.000000000,135.26,158.87801
2021-10-26T23:00:00.000000000,157.57,182.5436
2021-10-27T00:00:00.000000000,228.75,239.61353
2021-10-27T01:00:00.000000000,291.45,260.89525
2021-10-27T02:00:00.000000000,301.37,266.372
2021-10-27T03:00:00.000000000,299.79,263.50625
2021-10-27T04:00:00.000000000,305.06,256.97056
2021-10-27T05:00:00.000000000,303.15,253.50894
2021-10-27T06:00:00.000000000,311.24,250.66995
2021-10-27T07:00:00.000000000,309.29,243.25045
2021-10-27T08:00:00.000000000,321.02,237.09789
2021-10-27T09:00:00.000000000,320.01,237.08216
2021-10-27T10:00:00.000000000,307.33,240.61469
2021-10-27T11:00:00.000000000,314.42,243.90848
2021-10-27T12:00:00.000000000,309.36,245.56423
2021-10-27T13:00:00.000000000,293.87,245.53071
2021-10-27T14:00:00.000000000,298.0,236.81563
2021-10-27T15:00:00.000000000,239.71,214.34787
2021-10-27T16:00:00.000000000,157.85,187.5664
2021-10-27T17:00:00.000000000,145.81,165.55553
2021-10-27T18:00:00.000000000,147.24,153.14659
2021-10-27T19:00:00.000000000,148.06,148.45338
2021-10-27T20:00:00.000000000,143.74,148.23872
2021-10-27T21:00:00.000000000,150.5,153.88896
2021-10-27T22:00:00.000000000,156.79,170.16103
2021-10-27T23:00:00.000000000,174.03,201.1775
2021-10-25T00:00:00.000000000,227.1,171.24103
2021-10-25T01:00:00.000000000,272.75,202.59868
2021-10-25T02:00:00.000000000,281.79,232.46812
2021-10-25T03:00:00.000000000,285.13,255.42546
2021-10-25T04:00:00.000000000,286.21,262.06404
2021-10-25T05:00:00.000000000,283.49,258.35982
2021-10-25T06:00:00.000000000,268.91,252.09968
2021-10-25T07:00:00.000000000,258.17,246.52766
2021-10-25T08:00:00.000000000,247.71,243.44122
2021-10-25T09:00:00.000000000,257.62,242.1004
2021-10-25T10:00:00.000000000,256.09,240.98393
2021-10-25T11:00:00.000000000,253.51,244.14014
2021-10-25T12:00:00.000000000,258.01,251.54467
2021-10-25T13:00:00.000000000,262.38,256.99217
2021-10-25T14:00:00.000000000,260.31,248.99291
2021-10-25T15:00:00.000000000,229.69,223.68148
2021-10-25T16:00:00.000000000,197.07,192.90049
2021-10-25T17:00:00.000000000,191.71,166.52763
2021-10-25T18:00:00.000000000,175.43,148.54587
2021-10-25T19:00:00.000000000,154.34,137.96967
2021-10-25T20:00:00.000000000,154.27,133.56244
2021-10-25T21:00:00.000000000,143.39,133.8745
2021-10-25T22:00:00.000000000,171.37,137.0246
2021-10-25T23:00:00.000000000,151.12,147.80072
2021-10-26T00:00:00.000000000,202.77,185.43241
2021-10-26T01:00:00.000000000,262.4,216.23938
2021-10-26T02:00:00.000000000,263.93,237.13848
2021-10-26T03:00:00.000000000,271.52,245.81008
2021-10-26T04:00:00.000000000,276.47,242.74507
2021-10-26T05:00:00.000000000,268.67,237.40947
2021-10-26T06:00:00.000000000,259.57,232.98576
2021-10-26T07:00:00.000000000,258.22,226.46909
2021-10-26T08:00:00.000000000,248.9,218.74381
2021-10-26T09:00:00.000000000,255.64,213.17637
2021-10-26T10:00:00.000000000,253.8,211.5964
2021-10-26T11:00:00.000000000,253.43,214.64022
2021-10-26T12:00:00.000000000,261.42,217.80545
2021-10-26T13:00:00.000000000,256.22,216.83872
2021-10-26T14:00:00.000000000,260.33,205.16966
2021-10-26T15:00:00.000000000,203.73,181.57112
2021-10-26T16:00:00.000000000,140.69,155.46896
2021-10-26T17:00:00.000000000,129.01,135.25012
2021-10-26T18:00:00.000000000,132.58,124.50005
2021-10-26T19:00:00.000000000,131.26,121.11077
2021-10-26T20:00:00.000000000,135.39,121.3301
2021-10-26T21:00:00.000000000,136.21,124.21587
2021-10-26T22:00:00.000000000,135.26,132.25875
2021-10-26T23:00:00.000000000,157.57,151.05786
2021-10-27T00:00:00.000000000,228.75,211.72644
2021-10-27T01:00:00.000000000,291.45,230.50885
2021-10-27T02:00:00.000000000,301.37,239.12815
2021-10-27T03:00:00.000000000,299.79,241.32242
2021-10-27T04:00:00.000000000,305.06,237.06269
2021-10-27T05:00:00.000000000,303.15,232.8951
2021-10-27T06:00:00.000000000,311.24,229.60176
2021-10-27T07:00:00.000000000,309.29,223.94862
2021-10-27T08:00:00.000000000,321.02,218.97996
2021-10-27T09:00:00.000000000,320.01,218.22464
2021-10-27T10:00:00.000000000,307.33,220.50807
2021-10-27T11:00:00.000000000,314.42,224.33676
2021-10-27T12:00:00.000000000,309.36,227.35901
2021-10-27T13:00:00.000000000,293.87,226.70782
2021-10-27T14:00:00.000000000,298.0,216.46185
2021-10-27T15:00:00.000000000,239.71,195.67541
2021-10-27T16:00:00.000000000,157.85,172.79994
2021-10-27T17:00:00.000000000,145.81,153.95537
2021-10-27T18:00:00.000000000,147.24,141.4907
2021-10-27T19:00:00.000000000,148.06,134.96232
2021-10-27T20:00:00.000000000,143.74,133.6946
2021-10-27T21:00:00.000000000,150.5,139.38453
2021-10-27T22:00:00.000000000,156.79,155.29454
2021-10-27T23:00:00.000000000,174.03,181.77046
2021-10-28T00:00:00.000000000,250.24,242.1478
2021-10-28T01:00:00.000000000,308.11,263.5986
2021-10-28T02:00:00.000000000,307.83,268.73097
2021-10-28T03:00:00.000000000,310.61,265.89736
2021-10-28T04:00:00.000000000,306.3,259.40412
2021-10-28T05:00:00.000000000,300.07,255.52173
2021-10-28T06:00:00.000000000,306.63,251.82457
2021-10-28T07:00:00.000000000,299.69,243.63528
2021-10-28T08:00:00.000000000,298.77,237.02517
2021-10-28T09:00:00.000000000,296.31,237.15549
2021-10-28T10:00:00.000000000,297.0,241.01856
2021-10-28T11:00:00.000000000,291.75,243.89211
2021-10-28T12:00:00.000000000,291.75,244.50665
2021-10-28T13:00:00.000000000,288.89,243.39821
2021-10-28T14:00:00.000000000,290.02,233.77475
2021-10-28T15:00:00.000000000,228.2,210.06267
2021-10-28T16:00:00.000000000,151.01,181.9877
2021-10-28T17:00:00.000000000,135.18,159.25246
2021-10-28T18:00:00.000000000,141.07,146.75329
2021-10-28T19:00:00.000000000,143.84,142.39987
2021-10-28T20:00:00.000000000,146.77,142.88457
2021-10-28T21:00:00.000000000,151.79,149.81615
2021-10-28T22:00:00.000000000,160.76,168.17284
2021-10-28T23:00:00.000000000,175.0,201.64724
2021-10-26T00:00:00.000000000,202.77,177.49828
2021-10-26T01:00:00.000000000,262.4,203.35124
2021-10-26T02:00:00.000000000,263.93,224.84868
2021-10-26T03:00:00.000000000,271.52,239.11777
2021-10-26T04:00:00.000000000,276.47,240.50032
2021-10-26T05:00:00.000000000,268.67,235.27186
2021-10-26T06:00:00.000000000,259.57,228.70357
2021-10-26T07:00:00.000000000,258.22,219.39212
2021-10-26T08:00:00.000000000,248.9,207.93144
2021-10-26T09:00:00.000000000,255.64,199.39919
2021-10-26T10:00:00.000000000,253.8,197.44901
2021-10-26T11:00:00.000000000,253.43,200.98067
2021-10-26T12:00:00.000000000,261.42,205.62326
2021-10-26T13:00:00.000000000,256.22,206.33129
2021-10-26T14:00:00.000000000,260.33,194.11402
2021-10-26T15:00:00.000000000,203.73,167.78132
2021-10-26T16:00:00.000000000,140.69,138.97418
2021-10-26T17:00:00.000000000,129.01,118.70706
2021-10-26T18:00:00.000000000,132.58,109.98153
2021-10-26T19:00:00.000000000,131.26,109.93259
2021-10-26T20:00:00.000000000,135.39,114.32404
2021-10-26T21:00:00.000000000,136.21,120.52226
2021-10-26T22:00:00.000000000,135.26,129.94768
2021-10-26T23:00:00.000000000,157.57,147.19789
2021-10-27T00:00:00.000000000,228.75,193.30668
2021-10-27T01:00:00.000000000,291.45,212.33195
2021-10-27T02:00:00.000000000,301.37,226.06256
2021-10-27T03:00:00.000000000,299.79,234.38963
2021-10-27T04:00:00.000000000,305.06,232.90576
2021-10-27T05:00:00.000000000,303.15,227.82964
2021-10-27T06:00:00.000000000,311.24,223.03934
2021-10-27T07:00:00.000000000,309.29,215.93298
2021-10-27T08:00:00.000000000,321.02,207.36418
2021-10-27T09:00:00.000000000,320.01,202.49405
2021-10-27T10:00:00.000000000,307.33,204.01291
2021-10-27T11:00:00.000000000,314.42,209.67522
2021-10-27T12:00:00.000000000,309.36,213.63115
2021-10-27T13:00:00.000000000,293.87,209.58505
2021-10-27T14:00:00.000000000,298.0,192.22974
2021-10-27T15:00:00.000000000,239.71,165.77087
2021-10-27T16:00:00.000000000,157.85,141.89493
2021-10-27T17:00:00.000000000,145.81,126.96731
2021-10-27T18:00:00.000000000,147.24,120.02378
2021-10-27T19:00:00.000000000,148.06,118.22819
2021-10-27T20:00:00.000000000,143.74,120.52983
2021-10-27T21:00:00.000000000,150.5,127.95295
2021-10-27T22:00:00.000000000,156.79,143.16558
2021-10-27T23:00:00.000000000,174.03,166.07984
2021-10-28T00:00:00.000000000,250.24,223.80896
2021-10-28T01:00:00.000000000,308.11,244.18394
2021-10-28T02:00:00.000000000,307.83,253.58367
2021-10-28T03:00:00.000000000,310.61,256.54193
2021-10-28T04:00:00.000000000,306.3,252.81485
2021-10-28T05:00:00.000000000,300.07,248.50021
2021-10-28T06:00:00.000000000,306.63,244.26874
2021-10-28T07:00:00.000000000,299.69,236.51615
2021-10-28T08:00:00.000000000,298.77,228.7533
2021-10-28T09:00:00.000000000,296.31,226.31593
2021-10-28T10:00:00.000000000,297.0,228.72571
2021-10-28T11:00:00.000000000,291.75,232.23957
2021-10-28T12:00:00.000000000,291.75,233.51074
2021-10-28T13:00:00.000000000,288.89,229.74578
2021-10-28T14:00:00.000000000,290.02,214.92276
2021-10-28T15:00:00.000000000,228.2,188.53827
2021-10-28T16:00:00.000000000,151.01,161.85684
2021-10-28T17:00:00.000000000,135.18,143.05318
2021-10-28T18:00:00.000000000,141.07,133.50094
2021-10-28T19:00:00.000000000,143.84,130.50919
2021-10-28T20:00:00.000000000,146.77,131.89973
2021-10-28T21:00:00.000000000,151.79,139.50922
2021-10-28T22:00:00.000000000,160.76,157.61885
2021-10-28T23:00:00.000000000,175.0,187.6886
2021-10-29T00:00:00.000000000,254.46,239.00705
2021-10-29T01:00:00.000000000,313.5,261.11175
2021-10-29T02:00:00.000000000,307.11,269.25314
2021-10-29T03:00:00.000000000,305.96,269.87995
2021-10-29T04:00:00.000000000,305.28,265.38312
2021-10-29T05:00:00.000000000,304.74,261.82304
2021-10-29T06:00:00.000000000,310.62,257.98
2021-10-29T07:00:00.000000000,307.01,249.42917
2021-10-29T08:00:00.000000000,313.59,241.78963
2021-10-29T09:00:00.000000000,313.44,240.51915
2021-10-29T10:00:00.000000000,311.86,243.35286
2021-10-29T11:00:00.000000000,318.61,245.23401
2021-10-29T12:00:00.000000000,310.82,243.85151
2021-10-29T13:00:00.000000000,302.33,240.09617
2021-10-29T14:00:00.000000000,299.2,229.0168
2021-10-29T15:00:00.000000000,247.37,205.701
2021-10-29T16:00:00.000000000,159.9,178.50712
2021-10-29T17:00:00.000000000,143.61,156.23464
2021-10-29T18:00:00.000000000,143.17,143.96951
2021-10-29T19:00:00.000000000,150.35,140.13967
2021-10-29T20:00:00.000000000,149.0,141.16851
2021-10-29T21:00:00.000000000,144.38,148.31243
2021-10-29T22:00:00.000000000,151.87,165.92318
2021-10-29T23:00:00.000000000,179.1,197.794
2021-10-27T00:00:00.000000000,228.75,235.08244
2021-10-27T01:00:00.000000000,291.45,257.93365
2021-10-27T02:00:00.000000000,301.37,265.33319
2021-10-27T03:00:00.000000000,299.79,270.83671
2021-10-27T04:00:00.000000000,305.06,270.55707
2021-10-27T05:00:00.000000000,303.15,266.45237
2021-10-27T06:00:00.000000000,311.24,260.31378
2021-10-27T07:00:00.000000000,309.29,251.63701
2021-10-27T08:00:00.000000000,321.02,243.53123
2021-10-27T09:00:00.000000000,320.01,241.03921
2021-10-27T10:00:00.000000000,307.33,241.06153
2021-10-27T11:00:00.000000000,314.42,241.93553
2021-10-27T12:00:00.000000000,309.36,250.1436
2021-10-27T13:00:00.000000000,293.87,257.86035
2021-10-27T14:00:00.000000000,298.0,239.01127
2021-10-27T15:00:00.000000000,239.71,187.72402
2021-10-27T16:00:00.000000000,157.85,137.11509
2021-10-27T17:00:00.000000000,145.81,111.69815
2021-10-27T18:00:00.000000000,147.24,107.41562
2021-10-27T19:00:00.000000000,148.06,109.95047
2021-10-27T20:00:00.000000000,143.74,113.3854
2021-10-27T21:00:00.000000000,150.5,122.08356
2021-10-27T22:00:00.000000000,156.79,146.1113
2021-10-27T23:00:00.000000000,174.03,189.28211
2021-10-28T00:00:00.000000000,250.24,222.17778
2021-10-28T01:00:00.000000000,308.11,256.51318
2021-10-28T02:00:00.000000000,307.83,276.20987
2021-10-28T03:00:00.000000000,310.61,283.05201
2021-10-28T04:00:00.000000000,306.3,279.7143
2021-10-28T05:00:00.000000000,300.07,276.24929
2021-10-28T06:00:00.000000000,306.63,273.53063
2021-10-28T07:00:00.000000000,299.69,265.01785
2021-10-28T08:00:00.000000000,298.77,252.90622
2021-10-28T09:00:00.000000000,296.31,245.47873
2021-10-28T10:00:00.000000000,297.0,245.38113
2021-10-28T11:00:00.000000000,291.75,248.38235
2021-10-28T12:00:00.000000000,291.75,248.39022
2021-10-28T13:00:00.000000000,288.89,241.09157
2021-10-28T14:00:00.000000000,290.02,219.14467
2021-10-28T15:00:00.000000000,228.2,181.76261
2021-10-28T16:00:00.000000000,151.01,145.38262
2021-10-28T17:00:00.000000000,135.18,122.64554
2021-10-28T18:00:00.000000000,141.07,115.7845
2021-10-28T19:00:00.000000000,143.84,117.87757
2021-10-28T20:00:00.000000000,146.77,121.44794
2021-10-28T21:00:00.000000000,151.79,127.17731
2021-10-28T22:00:00.000000000,160.76,141.50193
2021-10-28T23:00:00.000000000,175.0,172.64203
2021-10-29T00:00:00.000000000,254.46,207.99183
2021-10-29T01:00:00.000000000,313.5,234.87021
2021-10-29T02:00:00.000000000,307.11,253.89437
2021-10-29T03:00:00.000000000,305.96,264.54131
2021-10-29T04:00:00.000000000,305.28,264.91085
2021-10-29T05:00:00.000000000,304.74,261.59257
2021-10-29T06:00:00.000000000,310.62,256.51587
2021-10-29T07:00:00.000000000,307.01,246.50647
2021-10-29T08:00:00.000000000,313.59,234.67215
2021-10-29T09:00:00.000000000,313.44,227.28834
2021-10-29T10:00:00.000000000,311.86,226.07293
2021-10-29T11:00:00.000000000,318.61,227.17301
2021-10-29T12:00:00.000000000,310.82,225.33002
2021-10-29T13:00:00.000000000,302.33,219.39711
2021-10-29T14:00:00.000000000,299.2,205.23195
2021-10-29T15:00:00.000000000,247.37,180.39735
2021-10-29T16:00:00.000000000,159.9,153.35809
2021-10-29T17:00:00.000000000,143.61,133.53043
2021-10-29T18:00:00.000000000,143.17,125.21445
2021-10-29T19:00:00.000000000,150.35,125.61755
2021-10-29T20:00:00.000000000,149.0,129.01481
2021-10-29T21:00:00.000000000,144.38,134.88223
2021-10-29T22:00:00.000000000,151.87,146.27372
2021-10-29T23:00:00.000000000,179.1,168.55621
2021-10-30T00:00:00.000000000,258.69,203.79947
2021-10-30T01:00:00.000000000,304.96,225.28692
2021-10-30T02:00:00.000000000,302.32,241.43759
2021-10-30T03:00:00.000000000,294.67,251.52165
2021-10-30T04:00:00.000000000,288.73,252.05919
2021-10-30T05:00:00.000000000,282.75,248.11098
2021-10-30T06:00:00.000000000,284.49,241.63579
2021-10-30T07:00:00.000000000,286.64,230.99722
2021-10-30T08:00:00.000000000,277.92,220.32492
2021-10-30T09:00:00.000000000,274.94,214.78566
2021-10-30T10:00:00.000000000,274.7,214.44791
2021-10-30T11:00:00.000000000,269.15,215.05633
2021-10-30T12:00:00.000000000,276.1,212.07887
2021-10-30T13:00:00.000000000,275.9,206.715
2021-10-30T14:00:00.000000000,279.59,197.47885
2021-10-30T15:00:00.000000000,218.55,181.0855
2021-10-30T16:00:00.000000000,139.07,160.41797
2021-10-30T17:00:00.000000000,119.81,141.9505
2021-10-30T18:00:00.000000000,118.66,131.56443
2021-10-30T19:00:00.000000000,119.17,130.00872
2021-10-30T20:00:00.000000000,117.19,133.23858
2021-10-30T21:00:00.000000000,115.87,140.00448
2021-10-30T22:00:00.000000000,119.83,151.4916
2021-10-30T23:00:00.000000000,147.14,170.72969
2021-10-28T00:00:00.000000000,250.24,246.52075
2021-10-28T01:00:00.000000000,308.11,282.58787
2021-10-28T02:00:00.000000000,307.83,296.44466
2021-10-28T03:00:00.000000000,310.61,299.87544
2021-10-28T04:00:00.000000000,306.3,295.6303
2021-10-28T05:00:00.000000000,300.07,291.33857
2021-10-28T06:00:00.000000000,306.63,288.2293
2021-10-28T07:00:00.000000000,299.69,282.01157
2021-10-28T08:00:00.000000000,298.77,274.56886
2021-10-28T09:00:00.000000000,296.31,271.00949
2021-10-28T10:00:00.000000000,297.0,268.21986
2021-10-28T11:00:00.000000000,291.75,265.11077
2021-10-28T12:00:00.000000000,291.75,266.91183
2021-10-28T13:00:00.000000000,288.89,269.21964
2021-10-28T14:00:00.000000000,290.02,249.82477
2021-10-28T15:00:00.000000000,228.2,199.18253
2021-10-28T16:00:00.000000000,151.01,146.45566
2021-10-28T17:00:00.000000000,135.18,115.98559
2021-10-28T18:00:00.000000000,141.07,107.96743
2021-10-28T19:00:00.000000000,143.84,109.23087
2021-10-28T20:00:00.000000000,146.77,111.29003
2021-10-28T21:00:00.000000000,151.79,117.84191
2021-10-28T22:00:00.000000000,160.76,139.36171
2021-10-28T23:00:00.000000000,175.0,185.10288
2021-10-29T00:00:00.000000000,254.46,232.18624
2021-10-29T01:00:00.000000000,313.5,262.88207
2021-10-29T02:00:00.000000000,307.11,278.93409
2021-10-29T03:00:00.000000000,305.96,284.78587
2021-10-29T04:00:00.000000000,305.28,281.93923
2021-10-29T05:00:00.000000000,304.74,278.72256
2021-10-29T06:00:00.000000000,310.62,275.87376
2021-10-29T07:00:00.000000000,307.01,267.51106
2021-10-29T08:00:00.000000000,313.59,256.31372
2021-10-29T09:00:00.000000000,313.44,250.37457
2021-10-29T10:00:00.000000000,311.86,251.06771
2021-10-29T11:00:00.000000000,318.61,253.9374
2021-10-29T12:00:00.000000000,310.82,254.49841
2021-10-29T13:00:00.000000000,302.33,247.77761
2021-10-29T14:00:00.000000000,299.2,224.47202
2021-10-29T15:00:00.000000000,247.37,184.16891
2021-10-29T16:00:00.000000000,159.9,146.02521
2021-10-29T17:00:00.000000000,143.61,123.83605
2021-10-29T18:00:00.000000000,143.17,117.86404
2021-10-29T19:00:00.000000000,150.35,119.96478
2021-10-29T20:00:00.000000000,149.0,123.55403
2021-10-29T21:00:00.000000000,144.38,130.61614
2021-10-29T22:00:00.000000000,151.87,148.27576
2021-10-29T23:00:00.000000000,179.1,183.04841
2021-10-30T00:00:00.000000000,258.69,225.17346
2021-10-30T01:00:00.000000000,304.96,252.55612
2021-10-30T02:00:00.000000000,302.32,268.77982
2021-10-30T03:00:00.000000000,294.67,275.93788
2021-10-30T04:00:00.000000000,288.73,274.21778
2021-10-30T05:00:00.000000000,282.75,271.0434
2021-10-30T06:00:00.000000000,284.49,267.24214
2021-10-30T07:00:00.000000000,286.64,257.93237
2021-10-30T08:00:00.000000000,277.92,246.48467
2021-10-30T09:00:00.000000000,274.94,240.43983
2021-10-30T10:00:00.000000000,274.7,241.37342
2021-10-30T11:00:00.000000000,269.15,244.65167
2021-10-30T12:00:00.000000000,276.1,244.90071
2021-10-30T13:00:00.000000000,275.9,238.53681
2021-10-30T14:00:00.000000000,279.59,219.19793
2021-10-30T15:00:00.000000000,218.55,186.5822
2021-10-30T16:00:00.000000000,139.07,154.68835
2021-10-30T17:00:00.000000000,119.81,134.52359
2021-10-30T18:00:00.000000000,118.66,127.81669
2021-10-30T19:00:00.000000000,119.17,129.17332
2021-10-30T20:00:00.000000000,117.19,132.70245
2021-10-30T21:00:00.000000000,115.87,139.17503
2021-10-30T22:00:00.000000000,119.83,153.72444
2021-10-30T23:00:00.000000000,147.14,182.03656
2021-10-31T00:00:00.000000000,219.84,226.98889
2021-10-31T01:00:00.000000000,254.48,247.22901
2021-10-31T02:00:00.000000000,253.4,257.95414
2021-10-31T03:00:00.000000000,259.54,264.11843
2021-10-31T04:00:00.000000000,252.85,262.58207
2021-10-31T05:00:00.000000000,250.3,257.86358
2021-10-31T06:00:00.000000000,246.89,252.61658
2021-10-31T07:00:00.000000000,255.24,244.81062
2021-10-31T08:00:00.000000000,253.08,237.32813
2021-10-31T09:00:00.000000000,247.84,234.66125
2021-10-31T10:00:00.000000000,243.13,236.13917
2021-10-31T11:00:00.000000000,239.5,238.55401
2021-10-31T12:00:00.000000000,236.81,239.90824
2021-10-31T13:00:00.000000000,238.91,236.32885
2021-10-31T14:00:00.000000000,255.22,219.1218
2021-10-31T15:00:00.000000000,221.57,187.67031
2021-10-31T16:00:00.000000000,141.19,157.12951
2021-10-31T17:00:00.000000000,116.66,138.47378
2021-10-31T18:00:00.000000000,105.07,131.0787
2021-10-31T19:00:00.000000000,112.32,129.6019
2021-10-31T20:00:00.000000000,110.25,131.77557
2021-10-31T21:00:00.000000000,116.62,140.08326
2021-10-31T22:00:00.000000000,120.05,158.84339
2021-10-31T23:00:00.000000000,152.74,189.61543
2021-10-29T00:00:00.000000000,254.46,240.13813
2021-10-29T01:00:00.000000000,313.5,275.67562
2021-10-29T02:00:00.000000000,307.11,292.12248
2021-10-29T03:00:00.000000000,305.96,298.5405
2021-10-29T04:00:00.000000000,305.28,295.0234
2021-10-29T05:00:00.000000000,304.74,289.59307
2021-10-29T06:00:00.000000000,310.62,285.89887
2021-10-29T07:00:00.000000000,307.01,280.02914
2021-10-29T08:00:00.000000000,313.59,272.47472
2021-10-29T09:00:00.000000000,313.44,268.58719
2021-10-29T10:00:00.000000000,311.86,267.45186
2021-10-29T11:00:00.000000000,318.61,269.27142
2021-10-29T12:00:00.000000000,310.82,277.31189
2021-10-29T13:00:00.000000000,302.33,281.97536
2021-10-29T14:00:00.000000000,299.2,258.53057
2021-10-29T15:00:00.000000000,247.37,202.10244
2021-10-29T16:00:00.000000000,159.9,146.66412
2021-10-29T17:00:00.000000000,143.61,116.8141
2021-10-29T18:00:00.000000000,143.17,109.57527
2021-10-29T19:00:00.000000000,150.35,110.86243
2021-10-29T20:00:00.000000000,149.0,113.53805
2021-10-29T21:00:00.000000000,144.38,120.5344
2021-10-29T22:00:00.000000000,151.87,141.42046
2021-10-29T23:00:00.000000000,179.1,184.63475
2021-10-30T00:00:00.000000000,258.69,229.99454
2021-10-30T01:00:00.000000000,304.96,260.12269
2021-10-30T02:00:00.000000000,302.32,278.5403
2021-10-30T03:00:00.000000000,294.67,287.62451
2021-10-30T04:00:00.000000000,288.73,286.53745
2021-10-30T05:00:00.000000000,282.75,283.01538
2021-10-30T06:00:00.000000000,284.49,279.0646
2021-10-30T07:00:00.000000000,286.64,269.47286
2021-10-30T08:00:00.000000000,277.92,256.81197
2021-10-30T09:00:00.000000000,274.94,249.74317
2021-10-30T10:00:00.000000000,274.7,251.02089
2021-10-30T11:00:00.000000000,269.15,256.7091
2021-10-30T12:00:00.000000000,276.1,260.35512
2021-10-30T13:00:00.000000000,275.9,253.40123
2021-10-30T14:00:00.000000000,279.59,225.63657
2021-10-30T15:00:00.000000000,218.55,180.76244
2021-10-30T16:00:00.000000000,139.07,141.40029
2021-10-30T17:00:00.000000000,119.81,121.55303
2021-10-30T18:00:00.000000000,118.66,118.77877
2021-10-30T19:00:00.000000000,119.17,123.16481
2021-10-30T20:00:00.000000000,117.19,128.04196
2021-10-30T21:00:00.000000000,115.87,135.32436
2021-10-30T22:00:00.000000000,119.83,152.12597
2021-10-30T23:00:00.000000000,147.14,184.50998
2021-10-31T00:00:00.000000000,219.84,231.2167
2021-10-31T01:00:00.000000000,254.48,253.54851
2021-10-31T02:00:00.000000000,253.4,267.81667
2021-10-31T03:00:00.000000000,259.54,278.04128
2021-10-31T04:00:00.000000000,252.85,279.03661
2021-10-31T05:00:00.000000000,250.3,274.30115
2021-10-31T06:00:00.000000000,246.89,267.15301
2021-10-31T07:00:00.000000000,255.24,256.02263
2021-10-31T08:00:00.000000000,253.08,244.04573
2021-10-31T09:00:00.000000000,247.84,238.15889
2021-10-31T10:00:00.000000000,243.13,239.79714
2021-10-31T11:00:00.000000000,239.5,244.48814
2021-10-31T12:00:00.000000000,236.81,247.65652
2021-10-31T13:00:00.000000000,238.91,240.8843
2021-10-31T14:00:00.000000000,255.22,213.28849
2021-10-31T15:00:00.000000000,221.57,169.51451
2021-10-31T16:00:00.000000000,141.19,133.0953
2021-10-31T17:00:00.000000000,116.66,118.23464
2021-10-31T18:00:00.000000000,105.07,119.564
2021-10-31T19:00:00.000000000,112.32,125.67889
2021-10-31T20:00:00.000000000,110.25,131.60579
2021-10-31T21:00:00.000000000,116.62,140.78404
2021-10-31T22:00:00.000000000,120.05,159.79399
2021-10-31T23:00:00.000000000,152.74,191.29391
2021-11-01T00:00:00.000000000,210.63,251.22818
2021-11-01T01:00:00.000000000,231.61,276.72634
2021-11-01T02:00:00.000000000,240.16,290.56969
2021-11-01T03:00:00.000000000,255.16,294.88038
2021-11-01T04:00:00.000000000,261.34,290.17968
2021-11-01T05:00:00.000000000,263.45,284.03432
2021-11-01T06:00:00.000000000,258.0,279.21165
2021-11-01T07:00:00.000000000,264.36,271.25164
2021-11-01T08:00:00.000000000,270.22,262.60265
2021-11-01T09:00:00.000000000,263.79,257.9218
2021-11-01T10:00:00.000000000,267.59,258.1648
2021-11-01T11:00:00.000000000,275.73,263.00979
2021-11-01T12:00:00.000000000,278.05,267.93818
2021-11-01T13:00:00.000000000,263.52,263.02595
2021-11-01T14:00:00.000000000,269.87,239.1064
2021-11-01T15:00:00.000000000,228.65,201.65344
2021-11-01T16:00:00.000000000,185.44,169.881
2021-11-01T17:00:00.000000000,199.23,154.27137
2021-11-01T18:00:00.000000000,193.96,150.89801
2021-11-01T19:00:00.000000000,189.96,152.52773
2021-11-01T20:00:00.000000000,190.3,156.20859
2021-11-01T21:00:00.000000000,206.25,163.74377
2021-11-01T22:00:00.000000000,216.03,179.8729
2021-11-01T23:00:00.000000000,224.11,208.70489
2021-10-30T00:00:00.000000000,258.69,211.7765
2021-10-30T01:00:00.000000000,304.96,246.91546
2021-10-30T02:00:00.000000000,302.32,270.07074
2021-10-30T03:00:00.000000000,294.67,284.76212
2021-10-30T04:00:00.000000000,288.73,287.21553
2021-10-30T05:00:00.000000000,282.75,282.76629
2021-10-30T06:00:00.000000000,284.49,276.09113
2021-10-30T07:00:00.000000000,286.64,266.52609
2021-10-30T08:00:00.000000000,277.92,255.10426
2021-10-30T09:00:00.000000000,274.94,246.36874
2021-10-30T10:00:00.000000000,274.7,241.33276
2021-10-30T11:00:00.000000000,269.15,240.94569
2021-10-30T12:00:00.000000000,276.1,247.70769
2021-10-30T13:00:00.000000000,275.9,253.41503
2021-10-30T14:00:00.000000000,279.59,234.58215
2021-10-30T15:00:00.000000000,218.55,185.45436
2021-10-30T16:00:00.000000000,139.07,136.41924
2021-10-30T17:00:00.000000000,119.81,112.46545
2021-10-30T18:00:00.000000000,118.66,111.79927
2021-10-30T19:00:00.000000000,119.17,118.878
2021-10-30T20:00:00.000000000,117.19,123.31676
2021-10-30T21:00:00.000000000,115.87,126.59248
2021-10-30T22:00:00.000000000,119.83,136.38936
2021-10-30T23:00:00.000000000,147.14,163.41729
2021-10-31T00:00:00.000000000,219.84,216.48936
2021-10-31T01:00:00.000000000,254.48,233.33976
2021-10-31T02:00:00.000000000,253.4,246.29487
2021-10-31T03:00:00.000000000,259.54,260.03744
2021-10-31T04:00:00.000000000,252.85,264.06894
2021-10-31T05:00:00.000000000,250.3,259.13333
2021-10-31T06:00:00.000000000,246.89,250.98385
2021-10-31T07:00:00.000000000,255.24,240.51819
2021-10-31T08:00:00.000000000,253.08,229.50767
2021-10-31T09:00:00.000000000,247.84,223.82299
2021-10-31T10:00:00.000000000,243.13,225.60972
2021-10-31T11:00:00.000000000,239.5,231.75894
2021-10-31T12:00:00.000000000,236.81,239.91474
2021-10-31T13:00:00.000000000,238.91,238.43805
2021-10-31T14:00:00.000000000,255.22,210.88897
2021-10-31T15:00:00.000000000,221.57,163.05008
2021-10-31T16:00:00.000000000,141.19,124.10545
2021-10-31T17:00:00.000000000,116.66,110.56093
2021-10-31T18:00:00.000000000,105.07,113.78698
2021-10-31T19:00:00.000000000,112.32,119.99888
2021-10-31T20:00:00.000000000,110.25,125.70599
2021-10-31T21:00:00.000000000,116.62,135.2488
2021-10-31T22:00:00.000000000,120.05,155.00546
2021-10-31T23:00:00.000000000,152.74,185.15642
2021-11-01T00:00:00.000000000,210.63,251.6622
2021-11-01T01:00:00.000000000,231.61,271.9448
2021-11-01T02:00:00.000000000,240.16,284.1581
2021-11-01T03:00:00.000000000,255.16,291.12954
2021-11-01T04:00:00.000000000,261.34,289.35451
2021-11-01T05:00:00.000000000,263.45,283.60274
2021-11-01T06:00:00.000000000,258.0,277.44417
2021-11-01T07:00:00.000000000,264.36,268.13182
2021-11-01T08:00:00.000000000,270.22,258.34738
2021-11-01T09:00:00.000000000,263.79,253.5302
2021-11-01T10:00:00.000000000,267.59,255.20093
2021-11-01T11:00:00.000000000,275.73,262.08222
2021-11-01T12:00:00.000000000,278.05,269.42176
2021-11-01T13:00:00.000000000,263.52,264.83197
2021-11-01T14:00:00.000000000,269.87,236.81328
2021-11-01T15:00:00.000000000,228.65,193.68865
2021-11-01T16:00:00.000000000,185.44,159.80546
2021-11-01T17:00:00.000000000,199.23,147.15393
2021-11-01T18:00:00.000000000,193.96,148.20745
2021-11-01T19:00:00.000000000,189.96,153.02955
2021-11-01T20:00:00.000000000,190.3,159.02052
2021-11-01T21:00:00.000000000,206.25,168.87386
2021-11-01T22:00:00.000000000,216.03,186.94266
2021-11-01T23:00:00.000000000,224.11,215.32698
2021-11-02T00:00:00.000000000,235.01,252.45902
2021-11-02T01:00:00.000000000,258.59,268.95712
2021-11-02T02:00:00.000000000,260.07,276.26236
2021-11-02T03:00:00.000000000,261.87,279.33769
2021-11-02T04:00:00.000000000,277.15,276.89348
2021-11-02T05:00:00.000000000,281.81,273.20771
2021-11-02T06:00:00.000000000,274.94,268.37774
2021-11-02T07:00:00.000000000,268.23,258.14413
2021-11-02T08:00:00.000000000,275.29,248.06306
2021-11-02T09:00:00.000000000,273.93,245.16158
2021-11-02T10:00:00.000000000,255.2,248.88369
2021-11-02T11:00:00.000000000,246.79,253.18083
2021-11-02T12:00:00.000000000,249.37,253.94184
2021-11-02T13:00:00.000000000,256.07,248.05724
2021-11-02T14:00:00.000000000,269.97,229.60381
2021-11-02T15:00:00.000000000,236.17,199.65458
2021-11-02T16:00:00.000000000,161.97,171.78736
2021-11-02T17:00:00.000000000,156.39,155.53268
2021-11-02T18:00:00.000000000,155.23,151.00009
2021-11-02T19:00:00.000000000,140.22,153.49143
2021-11-02T20:00:00.000000000,139.36,158.71154
2021-11-02T21:00:00.000000000,138.43,168.00482
2021-11-02T22:00:00.000000000,146.35,185.83356
2021-11-02T23:00:00.000000000,151.5,215.06375
2021-10-31T00:00:00.000000000,219.84,191.22851
2021-10-31T01:00:00.000000000,254.48,220.96028
2021-10-31T02:00:00.000000000,253.4,241.26903
2021-10-31T03:00:00.000000000,259.54,255.17263
2021-10-31T04:00:00.000000000,252.85,257.20219
2021-10-31T05:00:00.000000000,250.3,252.2444
2021-10-31T06:00:00.000000000,246.89,245.74282
2021-10-31T07:00:00.000000000,255.24,236.89853
2021-10-31T08:00:00.000000000,253.08,225.40225
2021-10-31T09:00:00.000000000,247.84,216.33488
2021-10-31T10:00:00.000000000,243.13,212.48992
2021-10-31T11:00:00.000000000,239.5,214.32107
2021-10-31T12:00:00.000000000,236.81,223.36968
2021-10-31T13:00:00.000000000,238.91,229.89476
2021-10-31T14:00:00.000000000,255.22,211.23426
2021-10-31T15:00:00.000000000,221.57,164.85425
2021-10-31T16:00:00.000000000,141.19,119.92498
2021-10-31T17:00:00.000000000,116.66,98.7836
2021-10-31T18:00:00.000000000,105.07,98.12809
2021-10-31T19:00:00.000000000,112.32,104.23306
2021-10-31T20:00:00.000000000,110.25,109.50344
2021-10-31T21:00:00.000000000,116.62,114.39891
2021-10-31T22:00:00.000000000,120.05,125.7712
2021-10-31T23:00:00.000000000,152.74,151.37775
2021-11-01T00:00:00.000000000,210.63,236.17206
2021-11-01T01:00:00.000000000,231.61,257.71734
2021-11-01T02:00:00.000000000,240.16,272.05957
2021-11-01T03:00:00.000000000,255.16,282.09227
2021-11-01T04:00:00.000000000,261.34,282.51436
2021-11-01T05:00:00.000000000,263.45,276.64058
2021-11-01T06:00:00.000000000,258.0,268.87336
2021-11-01T07:00:00.000000000,264.36,258.14372
2021-11-01T08:00:00.000000000,270.22,247.25846
2021-11-01T09:00:00.000000000,263.79,241.48102
2021-11-01T10:00:00.000000000,267.59,242.82081
2021-11-01T11:00:00.000000000,275.73,249.87097
2021-11-01T12:00:00.000000000,278.05,257.99511
2021-11-01T13:00:00.000000000,263.52,255.56364
2021-11-01T14:00:00.000000000,269.87,230.06372
2021-11-01T15:00:00.000000000,228.65,187.60736
2021-11-01T16:00:00.000000000,185.44,152.29757
2021-11-01T17:00:00.000000000,199.23,137.73665
2021-11-01T18:00:00.000000000,193.96,137.7404
2021-11-01T19:00:00.000000000,189.96,141.73027
2021-11-01T20:00:00.000000000,190.3,146.75005
2021-11-01T21:00:00.000000000,206.25,155.51597
2021-11-01T22:00:00.000000000,216.03,172.70027
2021-11-01T23:00:00.000000000,224.11,200.63409
2021-11-02T00:00:00.000000000,235.01,246.91532
2021-11-02T01:00:00.000000000,258.59,264.12306
2021-11-02T02:00:00.000000000,260.07,272.48888
2021-11-02T03:00:00.000000000,261.87,276.0838
2021-11-02T04:00:00.000000000,277.15,272.86929
2021-11-02T05:00:00.000000000,281.81,267.18066
2021-11-02T06:00:00.000000000,274.94,260.10998
2021-11-02T07:00:00.000000000,268.23,248.47016
2021-11-02T08:00:00.000000000,275.29,237.56467
2021-11-02T09:00:00.000000000,273.93,234.28631
2021-11-02T10:00:00.000000000,255.2,238.43665
2021-11-02T11:00:00.000000000,246.79,244.18742
2021-11-02T12:00:00.000000000,249.37,247.20483
2021-11-02T13:00:00.000000000,256.07,242.81939
2021-11-02T14:00:00.000000000,269.97,223.80855
2021-11-02T15:00:00.000000000,236.17,192.48812
2021-11-02T16:00:00.000000000,161.97,163.99312
2021-11-02T17:00:00.000000000,156.39,148.4838
2021-11-02T18:00:00.000000000,155.23,145.21977
2021-11-02T19:00:00.000000000,140.22,148.88875
2021-11-02T20:00:00.000000000,139.36,155.14198
2021-11-02T21:00:00.000000000,138.43,164.78204
2021-11-02T22:00:00.000000000,146.35,182.50438
2021-11-02T23:00:00.000000000,151.5,211.0176
2021-11-03T00:00:00.000000000,234.51,266.15908
2021-11-03T01:00:00.000000000,285.22,283.2675
2021-11-03T02:00:00.000000000,288.34,288.07431
2021-11-03T03:00:00.000000000,288.41,286.49798
2021-11-03T04:00:00.000000000,288.65,281.19788
2021-11-03T05:00:00.000000000,293.89,277.94319
2021-11-03T06:00:00.000000000,295.98,275.02447
2021-11-03T07:00:00.000000000,295.79,265.90251
2021-11-03T08:00:00.000000000,298.83,256.76036
2021-11-03T09:00:00.000000000,296.4,255.17929
2021-11-03T10:00:00.000000000,298.27,260.69205
2021-11-03T11:00:00.000000000,300.23,267.29011
2021-11-03T12:00:00.000000000,301.48,268.72565
2021-11-03T13:00:00.000000000,296.58,260.91511
2021-11-03T14:00:00.000000000,295.43,240.40577
2021-11-03T15:00:00.000000000,244.63,210.50937
2021-11-03T16:00:00.000000000,162.49,183.70127
2021-11-03T17:00:00.000000000,138.7,167.1512
2021-11-03T18:00:00.000000000,139.54,160.40486
2021-11-03T19:00:00.000000000,145.71,160.44262
2021-11-03T20:00:00.000000000,137.85,164.88217
2021-11-03T21:00:00.000000000,132.7,174.69438
2021-11-03T22:00:00.000000000,136.34,194.05971
2021-11-03T23:00:00.000000000,158.73,225.94169
2021-11-01T00:00:00.000000000,210.63,216.88954
2021-11-01T01:00:00.000000000,231.61,248.15522
2021-11-01T02:00:00.000000000,240.16,265.48833
2021-11-01T03:00:00.000000000,255.16,271.21452
2021-11-01T04:00:00.000000000,261.34,267.38508
2021-11-01T05:00:00.000000000,263.45,263.48687
2021-11-01T06:00:00.000000000,258.0,261.94848
2021-11-01T07:00:00.000000000,264.36,257.59977
2021-11-01T08:00:00.000000000,270.22,252.01452
2021-11-01T09:00:00.000000000,263.79,248.38866
2021-11-01T10:00:00.000000000,267.59,245.28017
2021-11-01T11:00:00.000000000,275.73,245.40442
2021-11-01T12:00:00.000000000,278.05,253.37411
2021-11-01T13:00:00.000000000,263.52,264.60222
2021-11-01T14:00:00.000000000,269.87,260.39976
2021-11-01T15:00:00.000000000,228.65,231.54584
2021-11-01T16:00:00.000000000,185.44,193.44482
2021-11-01T17:00:00.000000000,199.23,163.61563
2021-11-01T18:00:00.000000000,193.96,148.06595
2021-11-01T19:00:00.000000000,189.96,144.17632
2021-11-01T20:00:00.000000000,190.3,146.20493
2021-11-01T21:00:00.000000000,206.25,149.46867
2021-11-01T22:00:00.000000000,216.03,156.18819
2021-11-01T23:00:00.000000000,224.11,177.10519
2021-11-02T00:00:00.000000000,235.01,243.31609
2021-11-02T01:00:00.000000000,258.59,259.89694
2021-11-02T02:00:00.000000000,260.07,266.89182
2021-11-02T03:00:00.000000000,261.87,269.23424
2021-11-02T04:00:00.000000000,277.15,265.30717
2021-11-02T05:00:00.000000000,281.81,259.57231
2021-11-02T06:00:00.000000000,274.94,253.24935
2021-11-02T07:00:00.000000000,268.23,243.70276
2021-11-02T08:00:00.000000000,275.29,236.37174
2021-11-02T09:00:00.000000000,273.93,236.12059
2021-11-02T10:00:00.000000000,255.2,241.52638
2021-11-02T11:00:00.000000000,246.79,248.76466
2021-11-02T12:00:00.000000000,249.37,255.19364
2021-11-02T13:00:00.000000000,256.07,256.79607
2021-11-02T14:00:00.000000000,269.97,244.68585
2021-11-02T15:00:00.000000000,236.17,217.99602
2021-11-02T16:00:00.000000000,161.97,189.81461
2021-11-02T17:00:00.000000000,156.39,169.7673
2021-11-02T18:00:00.000000000,155.23,159.18076
2021-11-02T19:00:00.000000000,140.22,155.61002
2021-11-02T20:00:00.000000000,139.36,157.61792
2021-11-02T21:00:00.000000000,138.43,165.83048
2021-11-02T22:00:00.000000000,146.35,183.11485
2021-11-02T23:00:00.000000000,151.5,211.27599
2021-11-03T00:00:00.000000000,234.51,262.30157
2021-11-03T01:00:00.000000000,285.22,283.67582
2021-11-03T02:00:00.000000000,288.34,290.6143
2021-11-03T03:00:00.000000000,288.41,288.57997
2021-11-03T04:00:00.000000000,288.65,281.45996
2021-11-03T05:00:00.000000000,293.89,276.73757
2021-11-03T06:00:00.000000000,295.98,273.57932
2021-11-03T07:00:00.000000000,295.79,265.41752
2021-11-03T08:00:00.000000000,298.83,257.73148
2021-11-03T09:00:00.000000000,296.4,256.92682
2021-11-03T10:00:00.000000000,298.27,262.29448
2021-11-03T11:00:00.000000000,300.23,269.16039
2021-11-03T12:00:00.000000000,301.48,272.71787
2021-11-03T13:00:00.000000000,296.58,268.91433
2021-11-03T14:00:00.000000000,295.43,251.72364
2021-11-03T15:00:00.000000000,244.63,221.85626
2021-11-03T16:00:00.000000000,162.49,192.30561
2021-11-03T17:00:00.000000000,138.7,171.80012
2021-11-03T18:00:00.000000000,139.54,161.52318
2021-11-03T19:00:00.000000000,145.71,158.9349
2021-11-03T20:00:00.000000000,137.85,161.74386
2021-11-03T21:00:00.000000000,132.7,169.9489
2021-11-03T22:00:00.000000000,136.34,187.59671
2021-11-03T23:00:00.000000000,158.73,219.50643
2021-11-04T00:00:00.000000000,251.96,246.11038
2021-11-04T01:00:00.000000000,299.49,269.24463
2021-11-04T02:00:00.000000000,301.4,281.14462
2021-11-04T03:00:00.000000000,297.05,283.67527
2021-11-04T04:00:00.000000000,301.35,278.39699
2021-11-04T05:00:00.000000000,298.31,272.94248
2021-11-04T06:00:00.000000000,292.93,268.57467
2021-11-04T07:00:00.000000000,292.79,260.21544
2021-11-04T08:00:00.000000000,284.14,252.04247
2021-11-04T09:00:00.000000000,262.76,249.18911
2021-11-04T10:00:00.000000000,269.72,251.5784
2021-11-04T11:00:00.000000000,266.65,256.11523
2021-11-04T12:00:00.000000000,268.24,257.25534
2021-11-04T13:00:00.000000000,267.02,251.68276
2021-11-04T14:00:00.000000000,267.81,236.49323
2021-11-04T15:00:00.000000000,216.61,212.82575
2021-11-04T16:00:00.000000000,141.24,189.12793
2021-11-04T17:00:00.000000000,113.66,171.34788
2021-11-04T18:00:00.000000000,111.9,160.83851
2021-11-04T19:00:00.000000000,104.66,156.52315
2021-11-04T20:00:00.000000000,105.56,157.09033
2021-11-04T21:00:00.000000000,102.93,163.31135
2021-11-04T22:00:00.000000000,105.17,178.13781
2021-11-04T23:00:00.000000000,120.76,205.14669
2021-11-02T00:00:00.000000000,235.01,245.9801
2021-11-02T01:00:00.000000000,258.59,262.88464
2021-11-02T02:00:00.000000000,260.07,269.45442
2021-11-02T03:00:00.000000000,261.87,272.28881
2021-11-02T04:00:00.000000000,277.15,269.93656
2021-11-02T05:00:00.000000000,281.81,266.5811
2021-11-02T06:00:00.000000000,274.94,262.88956
2021-11-02T07:00:00.000000000,268.23,255.36067
2021-11-02T08:00:00.000000000,275.29,248.67274
2021-11-02T09:00:00.000000000,273.93,247.56452
2021-11-02T10:00:00.000000000,255.2,250.74863
2021-11-02T11:00:00.000000000,246.79,255.70481
2021-11-02T12:00:00.000000000,249.37,261.9059
2021-11-02T13:00:00.000000000,256.07,263.90988
2021-11-02T14:00:00.000000000,269.97,249.31967
2021-11-02T15:00:00.000000000,236.17,217.02703
2021-11-02T16:00:00.000000000,161.97,184.91112
2021-11-02T17:00:00.000000000,156.39,165.29093
2021-11-02T18:00:00.000000000,155.23,157.78566
2021-11-02T19:00:00.000000000,140.22,156.5234
2021-11-02T20:00:00.000000000,139.36,158.37861
2021-11-02T21:00:00.000000000,138.43,165.25961
2021-11-02T22:00:00.000000000,146.35,181.99556
2021-11-02T23:00:00.000000000,151.5,211.55977
2021-11-03T00:00:00.000000000,234.51,254.72166
2021-11-03T01:00:00.000000000,285.22,277.46457
2021-11-03T02:00:00.000000000,288.34,285.90886
2021-11-03T03:00:00.000000000,288.41,285.84917
2021-11-03T04:00:00.000000000,288.65,279.64855
2021-11-03T05:00:00.000000000,293.89,274.74983
2021-11-03T06:00:00.000000000,295.98,271.33759
2021-11-03T07:00:00.000000000,295.79,263.63383
2021-11-03T08:00:00.000000000,298.83,255.75183
2021-11-03T09:00:00.000000000,296.4,254.11206
2021-11-03T10:00:00.000000000,298.27,258.42401
2021-11-03T11:00:00.000000000,300.23,265.10106
2021-11-03T12:00:00.000000000,301.48,270.3467
2021-11-03T13:00:00.000000000,296.58,267.64688
2021-11-03T14:00:00.000000000,295.43,247.43766
2021-11-03T15:00:00.000000000,244.63,211.44862
2021-11-03T16:00:00.000000000,162.49,177.75162
2021-11-03T17:00:00.000000000,138.7,157.50728
2021-11-03T18:00:00.000000000,139.54,149.61507
2021-11-03T19:00:00.000000000,145.71,148.55705
2021-11-03T20:00:00.000000000,137.85,151.31019
2021-11-03T21:00:00.000000000,132.7,159.41654
2021-11-03T22:00:00.000000000,136.34,178.35673
2021-11-03T23:00:00.000000000,158.73,212.20595
2021-11-04T00:00:00.000000000,251.96,235.41041
2021-11-04T01:00:00.000000000,299.49,260.39786
2021-11-04T02:00:00.000000000,301.4,275.00449
2021-11-04T03:00:00.000000000,297.05,280.38005
2021-11-04T04:00:00.000000000,301.35,276.85541
2021-11-04T05:00:00.000000000,298.31,272.00619
2021-11-04T06:00:00.000000000,292.93,267.62959
2021-11-04T07:00:00.000000000,292.79,258.90427
2021-11-04T08:00:00.000000000,284.14,249.16653
2021-11-04T09:00:00.000000000,262.76,244.46184
2021-11-04T10:00:00.000000000,269.72,246.08932
2021-11-04T11:00:00.000000000,266.65,250.89497
2021-11-04T12:00:00.000000000,268.24,252.73738
2021-11-04T13:00:00.000000000,267.02,246.76269
2021-11-04T14:00:00.000000000,267.81,228.33372
2021-11-04T15:00:00.000000000,216.61,199.43464
2021-11-04T16:00:00.000000000,141.24,172.02143
2021-11-04T17:00:00.000000000,113.66,154.17595
2021-11-04T18:00:00.000000000,111.9,146.54102
2021-11-04T19:00:00.000000000,104.66,145.45174
2021-11-04T20:00:00.000000000,105.56,147.63663
2021-11-04T21:00:00.000000000,102.93,154.08481
2021-11-04T22:00:00.000000000,105.17,168.5275
2021-11-04T23:00:00.000000000,120.76,195.16872
2021-11-05T00:00:00.000000000,206.47,259.21169
2021-11-05T01:00:00.000000000,235.26,275.3715
2021-11-05T02:00:00.000000000,231.55,280.65093
2021-11-05T03:00:00.000000000,234.99,278.48529
2021-11-05T04:00:00.000000000,231.01,270.12793
2021-11-05T05:00:00.000000000,224.55,262.78045
2021-11-05T06:00:00.000000000,234.2,257.69796
2021-11-05T07:00:00.000000000,240.23,249.4528
2021-11-05T08:00:00.000000000,235.86,242.64041
2021-11-05T09:00:00.000000000,235.07,242.5528
2021-11-05T10:00:00.000000000,244.41,248.53197
2021-11-05T11:00:00.000000000,253.41,256.24733
2021-11-05T12:00:00.000000000,265.23,260.22518
2021-11-05T13:00:00.000000000,257.32,256.14049
2021-11-05T14:00:00.000000000,256.88,240.85438
2021-11-05T15:00:00.000000000,225.95,217.88546
2021-11-05T16:00:00.000000000,145.33,196.69677
2021-11-05T17:00:00.000000000,116.46,181.823
2021-11-05T18:00:00.000000000,123.7,172.5896
2021-11-05T19:00:00.000000000,118.7,168.49688
2021-11-05T20:00:00.000000000,118.04,170.25786
2021-11-05T21:00:00.000000000,109.1,178.73774
2021-11-05T22:00:00.000000000,118.56,196.29238
2021-11-05T23:00:00.000000000,154.82,224.36062
2021-11-03T00:00:00.000000000,234.51,235.67354
2021-11-03T01:00:00.000000000,285.22,265.34656
2021-11-03T02:00:00.000000000,288.34,274.70638
2021-11-03T03:00:00.000000000,288.41,276.20626
2021-11-03T04:00:00.000000000,288.65,271.90501
2021-11-03T05:00:00.000000000,293.89,267.76548
2021-11-03T06:00:00.000000000,295.98,263.83744
2021-11-03T07:00:00.000000000,295.79,256.30443
2021-11-03T08:00:00.000000000,298.83,248.27156
2021-11-03T09:00:00.000000000,296.4,245.16769
2021-11-03T10:00:00.000000000,298.27,243.87496
2021-11-03T11:00:00.000000000,300.23,243.80277
2021-11-03T12:00:00.000000000,301.48,251.48736
2021-11-03T13:00:00.000000000,296.58,261.55083
2021-11-03T14:00:00.000000000,295.43,249.32378
2021-11-03T15:00:00.000000000,244.63,204.73517
2021-11-03T16:00:00.000000000,162.49,154.93241
2021-11-03T17:00:00.000000000,138.7,123.60591
2021-11-03T18:00:00.000000000,139.54,112.45987
2021-11-03T19:00:00.000000000,145.71,111.674
2021-11-03T20:00:00.000000000,137.85,114.41077
2021-11-03T21:00:00.000000000,132.7,121.64788
2021-11-03T22:00:00.000000000,136.34,142.44185
2021-11-03T23:00:00.000000000,158.73,184.4701
2021-11-04T00:00:00.000000000,251.96,216.19807
2021-11-04T01:00:00.000000000,299.49,250.29081
2021-11-04T02:00:00.000000000,301.4,271.35663
2021-11-04T03:00:00.000000000,297.05,279.3596
2021-11-04T04:00:00.000000000,301.35,276.52481
2021-11-04T05:00:00.000000000,298.31,272.91581
2021-11-04T06:00:00.000000000,292.93,269.88686
2021-11-04T07:00:00.000000000,292.79,261.18402
2021-11-04T08:00:00.000000000,284.14,248.83844
2021-11-04T09:00:00.000000000,262.76,240.96838
2021-11-04T10:00:00.000000000,269.72,240.89234
2021-11-04T11:00:00.000000000,266.65,245.24873
2021-11-04T12:00:00.000000000,268.24,247.27139
2021-11-04T13:00:00.000000000,267.02,241.69297
2021-11-04T14:00:00.000000000,267.81,221.25951
2021-11-04T15:00:00.000000000,216.61,186.00137
2021-11-04T16:00:00.000000000,141.24,151.05282
2021-11-04T17:00:00.000000000,113.66,128.41735
2021-11-04T18:00:00.000000000,111.9,120.36613
2021-11-04T19:00:00.000000000,104.66,121.37909
2021-11-04T20:00:00.000000000,105.56,124.92397
2021-11-04T21:00:00.000000000,102.93,130.34413
2021-11-04T22:00:00.000000000,105.17,142.65625
2021-11-04T23:00:00.000000000,120.76,169.95994
2021-11-05T00:00:00.000000000,206.47,243.20925
2021-11-05T01:00:00.000000000,235.26,265.98011
2021-11-05T02:00:00.000000000,231.55,276.56207
2021-11-05T03:00:00.000000000,234.99,278.20571
2021-11-05T04:00:00.000000000,231.01,272.54935
2021-11-05T05:00:00.000000000,224.55,267.00646
2021-11-05T06:00:00.000000000,234.2,262.11133
2021-11-05T07:00:00.000000000,240.23,252.48664
2021-11-05T08:00:00.000000000,235.86,242.84214
2021-11-05T09:00:00.000000000,235.07,239.8799
2021-11-05T10:00:00.000000000,244.41,243.46839
2021-11-05T11:00:00.000000000,253.41,248.88947
2021-11-05T12:00:00.000000000,265.23,250.46158
2021-11-05T13:00:00.000000000,257.32,244.97712
2021-11-05T14:00:00.000000000,256.88,228.81797
2021-11-05T15:00:00.000000000,225.95,202.74018
2021-11-05T16:00:00.000000000,145.33,176.16701
2021-11-05T17:00:00.000000000,116.46,156.31012
2021-11-05T18:00:00.000000000,123.7,145.75235
2021-11-05T19:00:00.000000000,118.7,143.334
2021-11-05T20:00:00.000000000,118.04,146.50194
2021-11-05T21:00:00.000000000,109.1,155.10562
2021-11-05T22:00:00.000000000,118.56,172.73684
2021-11-05T23:00:00.000000000,154.82,202.88846
2021-11-06T00:00:00.000000000,247.74,237.04105
2021-11-06T01:00:00.000000000,284.68,263.55552
2021-11-06T02:00:00.000000000,277.42,278.70822
2021-11-06T03:00:00.000000000,264.79,283.07086
2021-11-06T04:00:00.000000000,254.02,278.51981
2021-11-06T05:00:00.000000000,264.05,273.45032
2021-11-06T06:00:00.000000000,269.14,269.65862
2021-11-06T07:00:00.000000000,258.33,262.01723
2021-11-06T08:00:00.000000000,249.2,254.14019
2021-11-06T09:00:00.000000000,247.8,250.30982
2021-11-06T10:00:00.000000000,240.3,250.64632
2021-11-06T11:00:00.000000000,223.12,253.25537
2021-11-06T12:00:00.000000000,219.57,252.63588
2021-11-06T13:00:00.000000000,229.8,246.70508
2021-11-06T14:00:00.000000000,237.74,233.94745
2021-11-06T15:00:00.000000000,193.51,213.82436
2021-11-06T16:00:00.000000000,105.87,191.77954
2021-11-06T17:00:00.000000000,84.01,172.54433
2021-11-06T18:00:00.000000000,83.33,159.39517
2021-11-06T19:00:00.000000000,81.61,152.64358
2021-11-06T20:00:00.000000000,82.95,151.33213
2021-11-06T21:00:00.000000000,86.41,156.18251
2021-11-06T22:00:00.000000000,86.13,169.42218
2021-11-06T23:00:00.000000000,112.07,195.1389
2021-11-04T00:00:00.000000000,251.96,200.2392
2021-11-04T01:00:00.000000000,299.49,243.27364
2021-11-04T02:00:00.000000000,301.4,266.66049
2021-11-04T03:00:00.000000000,297.05,275.34445
2021-11-04T04:00:00.000000000,301.35,274.12746
2021-11-04T05:00:00.000000000,298.31,271.16719
2021-11-04T06:00:00.000000000,292.93,265.84231
2021-11-04T07:00:00.000000000,292.79,255.33002
2021-11-04T08:00:00.000000000,284.14,242.88479
2021-11-04T09:00:00.000000000,262.76,233.93757
2021-11-04T10:00:00.000000000,269.72,227.00812
2021-11-04T11:00:00.000000000,266.65,220.50325
2021-11-04T12:00:00.000000000,268.24,217.13144
2021-11-04T13:00:00.000000000,267.02,217.57704
2021-11-04T14:00:00.000000000,267.81,205.69185
2021-11-04T15:00:00.000000000,216.61,168.66801
2021-11-04T16:00:00.000000000,141.24,125.36081
2021-11-04T17:00:00.000000000,113.66,98.8116
2021-11-04T18:00:00.000000000,111.9,94.99766
2021-11-04T19:00:00.000000000,104.66,102.12579
2021-11-04T20:00:00.000000000,105.56,106.53564
2021-11-04T21:00:00.000000000,102.93,107.86858
2021-11-04T22:00:00.000000000,105.17,114.57347
2021-11-04T23:00:00.000000000,120.76,141.54134
2021-11-05T00:00:00.000000000,206.47,192.0899
2021-11-05T01:00:00.000000000,235.26,207.94053
2021-11-05T02:00:00.000000000,231.55,221.09009
2021-11-05T03:00:00.000000000,234.99,231.11981
2021-11-05T04:00:00.000000000,231.01,231.48621
2021-11-05T05:00:00.000000000,224.55,226.31993
2021-11-05T06:00:00.000000000,234.2,219.91317
2021-11-05T07:00:00.000000000,240.23,210.99456
2021-11-05T08:00:00.000000000,235.86,201.05797
2021-11-05T09:00:00.000000000,235.07,195.07076
2021-11-05T10:00:00.000000000,244.41,195.88779
2021-11-05T11:00:00.000000000,253.41,201.58517
2021-11-05T12:00:00.000000000,265.23,206.67891
2021-11-05T13:00:00.000000000,257.32,204.61137
2021-11-05T14:00:00.000000000,256.88,189.42323
2021-11-05T15:00:00.000000000,225.95,164.99624
2021-11-05T16:00:00.000000000,145.33,142.7056
2021-11-05T17:00:00.000000000,116.46,129.57984
2021-11-05T18:00:00.000000000,123.7,124.87282
2021-11-05T19:00:00.000000000,118.7,125.16336
2021-11-05T20:00:00.000000000,118.04,128.60348
2021-11-05T21:00:00.000000000,109.1,136.1017
2021-11-05T22:00:00.000000000,118.56,149.60705
2021-11-05T23:00:00.000000000,154.82,168.72156
2021-11-06T00:00:00.000000000,247.74,206.48426
2021-11-06T01:00:00.000000000,284.68,223.9068
2021-11-06T02:00:00.000000000,277.42,237.37922
2021-11-06T03:00:00.000000000,264.79,243.92093
2021-11-06T04:00:00.000000000,254.02,240.49187
2021-11-06T05:00:00.000000000,264.05,234.25485
2021-11-06T06:00:00.000000000,269.14,228.87683
2021-11-06T07:00:00.000000000,258.33,220.18726
2021-11-06T08:00:00.000000000,249.2,210.31673
2021-11-06T09:00:00.000000000,247.8,204.61428
2021-11-06T10:00:00.000000000,240.3,205.75735
2021-11-06T11:00:00.000000000,223.12,211.88871
2021-11-06T12:00:00.000000000,219.57,214.89392
2021-11-06T13:00:00.000000000,229.8,209.78715
2021-11-06T14:00:00.000000000,237.74,196.9031
2021-11-06T15:00:00.000000000,193.51,181.57456
2021-11-06T16:00:00.000000000,105.87,167.56272
2021-11-06T17:00:00.000000000,84.01,155.91699
2021-11-06T18:00:00.000000000,83.33,147.89126
2021-11-06T19:00:00.000000000,81.61,144.89567
2021-11-06T20:00:00.000000000,82.95,146.56589
2021-11-06T21:00:00.000000000,86.41,152.96494
2021-11-06T22:00:00.000000000,86.13,164.77518
2021-11-06T23:00:00.000000000,112.07,181.97203
2021-11-07T00:00:00.000000000,186.91,214.24617
2021-11-07T01:00:00.000000000,239.02,225.53372
2021-11-07T02:00:00.000000000,240.99,229.06905
2021-11-07T03:00:00.000000000,236.07,226.16016
2021-11-07T04:00:00.000000000,234.03,218.12707
2021-11-07T05:00:00.000000000,224.11,212.20361
2021-11-07T06:00:00.000000000,214.93,208.4703
2021-11-07T07:00:00.000000000,201.2,200.73149
2021-11-07T08:00:00.000000000,183.98,192.93471
2021-11-07T09:00:00.000000000,183.18,190.90529
2021-11-07T10:00:00.000000000,185.19,195.2146
2021-11-07T11:00:00.000000000,184.62,202.35738
2021-11-07T12:00:00.000000000,175.56,204.46062
2021-11-07T13:00:00.000000000,169.74,198.15486
2021-11-07T14:00:00.000000000,193.74,187.73637
2021-11-07T15:00:00.000000000,170.03,179.75464
2021-11-07T16:00:00.000000000,103.44,173.23542
2021-11-07T17:00:00.000000000,73.37,164.86845
2021-11-07T18:00:00.000000000,52.9,156.235
2021-11-07T19:00:00.000000000,48.94,150.91114
2021-11-07T20:00:00.000000000,52.23,150.41111
2021-11-07T21:00:00.000000000,45.5,156.18898
2021-11-07T22:00:00.000000000,68.53,170.64295
2021-11-07T23:00:00.000000000,98.35,191.6147
2021-11-05T00:00:00.000000000,206.47,173.42918
2021-11-05T01:00:00.000000000,235.26,198.45734
2021-11-05T02:00:00.000000000,231.55,219.47836
2021-11-05T03:00:00.000000000,234.99,236.32076
2021-11-05T04:00:00.000000000,231.01,241.36617
2021-11-05T05:00:00.000000000,224.55,238.92936
2021-11-05T06:00:00.000000000,234.2,234.00783
2021-11-05T07:00:00.000000000,240.23,225.92364
2021-11-05T08:00:00.000000000,235.86,215.21208
2021-11-05T09:00:00.000000000,235.07,206.86749
2021-11-05T10:00:00.000000000,244.41,203.76823
2021-11-05T11:00:00.000000000,253.41,205.67534
2021-11-05T12:00:00.000000000,265.23,211.85904
2021-11-05T13:00:00.000000000,257.32,216.00837
2021-11-05T14:00:00.000000000,256.88,202.73815
2021-11-05T15:00:00.000000000,225.95,169.01939
2021-11-05T16:00:00.000000000,145.33,133.51541
2021-11-05T17:00:00.000000000,116.46,112.1693
2021-11-05T18:00:00.000000000,123.7,106.10218
2021-11-05T19:00:00.000000000,118.7,108.05073
2021-11-05T20:00:00.000000000,118.04,111.94927
2021-11-05T21:00:00.000000000,109.1,116.55857
2021-11-05T22:00:00.000000000,118.56,125.21322
2021-11-05T23:00:00.000000000,154.82,143.5598
2021-11-06T00:00:00.000000000,247.74,192.90355
2021-11-06T01:00:00.000000000,284.68,217.65746
2021-11-06T02:00:00.000000000,277.42,238.21287
2021-11-06T03:00:00.000000000,264.79,251.72175
2021-11-06T04:00:00.000000000,254.02,252.91539
2021-11-06T05:00:00.000000000,264.05,246.91354
2021-11-06T06:00:00.000000000,269.14,237.76998
2021-11-06T07:00:00.000000000,258.33,224.25799
2021-11-06T08:00:00.000000000,249.2,209.20054
2021-11-06T09:00:00.000000000,247.8,199.32446
2021-11-06T10:00:00.000000000,240.3,198.5154
2021-11-06T11:00:00.000000000,223.12,204.00097
2021-11-06T12:00:00.000000000,219.57,208.21917
2021-11-06T13:00:00.000000000,229.8,204.84909
2021-11-06T14:00:00.000000000,237.74,188.35151
2021-11-06T15:00:00.000000000,193.51,161.4844
2021-11-06T16:00:00.000000000,105.87,135.64363
2021-11-06T17:00:00.000000000,84.01,120.04153
2021-11-06T18:00:00.000000000,83.33,116.25165
2021-11-06T19:00:00.000000000,81.61,119.94155
2021-11-06T20:00:00.000000000,82.95,125.86474
2021-11-06T21:00:00.000000000,86.41,132.8859
2021-11-06T22:00:00.000000000,86.13,143.69118
2021-11-06T23:00:00.000000000,112.07,161.87885
2021-11-07T00:00:00.000000000,186.91,192.85125
2021-11-07T01:00:00.000000000,239.02,212.10893
2021-11-07T02:00:00.000000000,240.99,224.16787
2021-11-07T03:00:00.000000000,236.07,228.82412
2021-11-07T04:00:00.000000000,234.03,224.85436
2021-11-07T05:00:00.000000000,224.11,217.69368
2021-11-07T06:00:00.000000000,214.93,209.15004
2021-11-07T07:00:00.000000000,201.2,196.54885
2021-11-07T08:00:00.000000000,183.98,183.74551
2021-11-07T09:00:00.000000000,183.18,177.03893
2021-11-07T10:00:00.000000000,185.19,179.34039
2021-11-07T11:00:00.000000000,184.62,186.57704
2021-11-07T12:00:00.000000000,175.56,188.82086
2021-11-07T13:00:00.000000000,169.74,179.67405
2021-11-07T14:00:00.000000000,193.74,160.11847
2021-11-07T15:00:00.000000000,170.03,138.77355
2021-11-07T16:00:00.000000000,103.44,123.47227
2021-11-07T17:00:00.000000000,73.37,116.48732
2021-11-07T18:00:00.000000000,52.9,116.914
2021-11-07T19:00:00.000000000,48.94,120.68077
2021-11-07T20:00:00.000000000,52.23,125.15456
2021-11-07T21:00:00.000000000,45.5,131.96437
2021-11-07T22:00:00.000000000,68.53,145.69653
2021-11-07T23:00:00.000000000,98.35,166.74347
2021-11-08T00:00:00.000000000,179.67,218.51888
2021-11-08T01:00:00.000000000,225.29,226.92195
2021-11-08T02:00:00.000000000,228.13,227.4974
2021-11-08T03:00:00.000000000,228.44,222.11677
2021-11-08T04:00:00.000000000,211.78,212.55301
2021-11-08T05:00:00.000000000,203.2,205.35616
2021-11-08T06:00:00.000000000,204.73,200.14545
2021-11-08T07:00:00.000000000,193.0,191.39466
2021-11-08T08:00:00.000000000,182.3,183.77436
2021-11-08T09:00:00.000000000,214.49,183.12491
2021-11-08T10:00:00.000000000,223.81,190.27368
2021-11-08T11:00:00.000000000,242.61,201.32216
2021-11-08T12:00:00.000000000,249.8,206.50415
2021-11-08T13:00:00.000000000,266.47,200.01331
2021-11-08T14:00:00.000000000,254.98,186.93784
2021-11-08T15:00:00.000000000,210.91,177.62963
2021-11-08T16:00:00.000000000,143.92,173.08996
2021-11-08T17:00:00.000000000,110.3,169.16931
2021-11-08T18:00:00.000000000,104.37,164.78551
2021-11-08T19:00:00.000000000,109.82,161.18436
2021-11-08T20:00:00.000000000,105.59,160.04418
2021-11-08T21:00:00.000000000,110.47,164.67607
2021-11-08T22:00:00.000000000,105.6,178.75308
2021-11-08T23:00:00.000000000,143.54,199.0434
2021-11-06T00:00:00.000000000,247.74,191.32124
2021-11-06T01:00:00.000000000,284.68,227.25383
2021-11-06T02:00:00.000000000,277.42,246.9822
2021-11-06T03:00:00.000000000,264.79,255.80086
2021-11-06T04:00:00.000000000,254.02,255.77821
2021-11-06T05:00:00.000000000,264.05,253.51945
2021-11-06T06:00:00.000000000,269.14,248.91923
2021-11-06T07:00:00.000000000,258.33,239.29857
2021-11-06T08:00:00.000000000,249.2,227.47002
2021-11-06T09:00:00.000000000,247.8,219.00538
2021-11-06T10:00:00.000000000,240.3,213.77
2021-11-06T11:00:00.000000000,223.12,211.42386
2021-11-06T12:00:00.000000000,219.57,214.30981
2021-11-06T13:00:00.000000000,229.8,218.85787
2021-11-06T14:00:00.000000000,237.74,206.45643
2021-11-06T15:00:00.000000000,193.51,168.48314
2021-11-06T16:00:00.000000000,105.87,126.48585
2021-11-06T17:00:00.000000000,84.01,101.74978
2021-11-06T18:00:00.000000000,83.33,97.37781
2021-11-06T19:00:00.000000000,81.61,102.31367
2021-11-06T20:00:00.000000000,82.95,106.0356
2021-11-06T21:00:00.000000000,86.41,108.20126
2021-11-06T22:00:00.000000000,86.13,116.99099
2021-11-06T23:00:00.000000000,112.07,143.66258
2021-11-07T00:00:00.000000000,186.91,175.34873
2021-11-07T01:00:00.000000000,239.02,201.40962
2021-11-07T02:00:00.000000000,240.99,220.17585
2021-11-07T03:00:00.000000000,236.07,229.72577
2021-11-07T04:00:00.000000000,234.03,227.86947
2021-11-07T05:00:00.000000000,224.11,221.55278
2021-11-07T06:00:00.000000000,214.93,214.11013
2021-11-07T07:00:00.000000000,201.2,202.87939
2021-11-07T08:00:00.000000000,183.98,189.2735
2021-11-07T09:00:00.000000000,183.18,179.94293
2021-11-07T10:00:00.000000000,185.19,179.80761
2021-11-07T11:00:00.000000000,184.62,186.03114
2021-11-07T12:00:00.000000000,175.56,190.10401
2021-11-07T13:00:00.000000000,169.74,184.6265
2021-11-07T14:00:00.000000000,193.74,165.09834
2021-11-07T15:00:00.000000000,170.03,136.95565
2021-11-07T16:00:00.000000000,103.44,112.73181
2021-11-07T17:00:00.000000000,73.37,100.05658
2021-11-07T18:00:00.000000000,52.9,98.67581
2021-11-07T19:00:00.000000000,48.94,102.82966
2021-11-07T20:00:00.000000000,52.23,108.22006
2021-11-07T21:00:00.000000000,45.5,114.51087
2021-11-07T22:00:00.000000000,68.53,125.70774
2021-11-07T23:00:00.000000000,98.35,145.33803
2021-11-08T00:00:00.000000000,179.67,201.29649
2021-11-08T01:00:00.000000000,225.29,216.57257
2021-11-08T02:00:00.000000000,228.13,224.36138
2021-11-08T03:00:00.000000000,228.44,224.84747
2021-11-08T04:00:00.000000000,211.78,218.01145
2021-11-08T05:00:00.000000000,203.2,210.71763
2021-11-08T06:00:00.000000000,204.73,204.68601
2021-11-08T07:00:00.000000000,193.0,195.75909
2021-11-08T08:00:00.000000000,182.3,187.3896
2021-11-08T09:00:00.000000000,214.49,185.22705
2021-11-08T10:00:00.000000000,223.81,191.31885
2021-11-08T11:00:00.000000000,242.61,202.16957
2021-11-08T12:00:00.000000000,249.8,206.92256
2021-11-08T13:00:00.000000000,266.47,197.73491
2021-11-08T14:00:00.000000000,254.98,177.96338
2021-11-08T15:00:00.000000000,210.91,159.22194
2021-11-08T16:00:00.000000000,143.92,147.54475
2021-11-08T17:00:00.000000000,110.3,141.2561
2021-11-08T18:00:00.000000000,104.37,138.12656
2021-11-08T19:00:00.000000000,109.82,136.62036
2021-11-08T20:00:00.000000000,105.59,137.6125
2021-11-08T21:00:00.000000000,110.47,143.75372
2021-11-08T22:00:00.000000000,105.6,158.51546
2021-11-08T23:00:00.000000000,143.54,179.96118
2021-11-09T00:00:00.000000000,223.92,216.11204
2021-11-09T01:00:00.000000000,268.23,226.11475
2021-11-09T02:00:00.000000000,268.96,233.3748
2021-11-09T03:00:00.000000000,261.93,237.13253
2021-11-09T04:00:00.000000000,250.38,234.58326
2021-11-09T05:00:00.000000000,249.62,230.46219
2021-11-09T06:00:00.000000000,240.33,225.57644
2021-11-09T07:00:00.000000000,235.7,215.83052
2021-11-09T08:00:00.000000000,228.82,206.70342
2021-11-09T09:00:00.000000000,209.46,203.75976
2021-11-09T10:00:00.000000000,197.59,206.46687
2021-11-09T11:00:00.000000000,206.37,210.68281
2021-11-09T12:00:00.000000000,214.13,209.43079
2021-11-09T13:00:00.000000000,214.94,202.08876
2021-11-09T14:00:00.000000000,219.93,193.71109
2021-11-09T15:00:00.000000000,200.92,188.85337
2021-11-09T16:00:00.000000000,145.45,184.36024
2021-11-09T17:00:00.000000000,127.17,177.02038
2021-11-09T18:00:00.000000000,124.47,168.9335
2021-11-09T19:00:00.000000000,125.31,164.18281
2021-11-09T20:00:00.000000000,116.11,163.28632
2021-11-09T21:00:00.000000000,114.23,167.53851
2021-11-09T22:00:00.000000000,124.84,178.59111
2021-11-09T23:00:00.000000000,156.76,194.67553
2021-11-07T00:00:00.000000000,186.91,167.14199
2021-11-07T01:00:00.000000000,239.02,203.16665
2021-11-07T02:00:00.000000000,240.99,226.4989
2021-11-07T03:00:00.000000000,236.07,234.99179
2021-11-07T04:00:00.000000000,234.03,230.84416
2021-11-07T05:00:00.000000000,224.11,224.1788
2021-11-07T06:00:00.000000000,214.93,217.14992
2021-11-07T07:00:00.000000000,201.2,205.778
2021-11-07T08:00:00.000000000,183.98,190.05522
2021-11-07T09:00:00.000000000,183.18,177.29583
2021-11-07T10:00:00.000000000,185.19,172.92962
2021-11-07T11:00:00.000000000,184.62,173.88269
2021-11-07T12:00:00.000000000,175.56,174.96037
2021-11-07T13:00:00.000000000,169.74,171.9022
2021-11-07T14:00:00.000000000,193.74,155.12186
2021-11-07T15:00:00.000000000,170.03,123.48136
2021-11-07T16:00:00.000000000,103.44,92.60127
2021-11-07T17:00:00.000000000,73.37,76.97916
2021-11-07T18:00:00.000000000,52.9,78.34396
2021-11-07T19:00:00.000000000,48.94,87.79247
2021-11-07T20:00:00.000000000,52.23,95.66581
2021-11-07T21:00:00.000000000,45.5,99.42873
2021-11-07T22:00:00.000000000,68.53,105.11913
2021-11-07T23:00:00.000000000,98.35,123.33557
2021-11-08T00:00:00.000000000,179.67,197.82127
2021-11-08T01:00:00.000000000,225.29,208.86997
2021-11-08T02:00:00.000000000,228.13,213.90467
2021-11-08T03:00:00.000000000,228.44,216.31251
2021-11-08T04:00:00.000000000,211.78,213.68025
2021-11-08T05:00:00.000000000,203.2,207.64035
2021-11-08T06:00:00.000000000,204.73,198.12707
2021-11-08T07:00:00.000000000,193.0,184.30616
2021-11-08T08:00:00.000000000,182.3,171.79826
2021-11-08T09:00:00.000000000,214.49,167.0286
2021-11-08T10:00:00.000000000,223.81,172.37091
2021-11-08T11:00:00.000000000,242.61,182.51217
2021-11-08T12:00:00.000000000,249.8,186.62147
2021-11-08T13:00:00.000000000,266.47,176.607
2021-11-08T14:00:00.000000000,254.98,153.94484
2021-11-08T15:00:00.000000000,210.91,130.69394
2021-11-08T16:00:00.000000000,143.92,117.20947
2021-11-08T17:00:00.000000000,110.3,114.85915
2021-11-08T18:00:00.000000000,104.37,119.37167
2021-11-08T19:00:00.000000000,109.82,124.39815
2021-11-08T20:00:00.000000000,105.59,128.85329
2021-11-08T21:00:00.000000000,110.47,137.31727
2021-11-08T22:00:00.000000000,105.6,155.04062
2021-11-08T23:00:00.000000000,143.54,178.37944
2021-11-09T00:00:00.000000000,223.92,233.27198
2021-11-09T01:00:00.000000000,268.23,241.72464
2021-11-09T02:00:00.000000000,268.96,244.57208
2021-11-09T03:00:00.000000000,261.93,242.84853
2021-11-09T04:00:00.000000000,250.38,236.28556
2021-11-09T05:00:00.000000000,249.62,230.3848
2021-11-09T06:00:00.000000000,240.33,225.0909
2021-11-09T07:00:00.000000000,235.7,215.00115
2021-11-09T08:00:00.000000000,228.82,205.5081
2021-11-09T09:00:00.000000000,209.46,202.6832
2021-11-09T10:00:00.000000000,197.59,206.31275
2021-11-09T11:00:00.000000000,206.37,211.96927
2021-11-09T12:00:00.000000000,214.13,212.5681
2021-11-09T13:00:00.000000000,214.94,205.47147
2021-11-09T14:00:00.000000000,219.93,194.38728
2021-11-09T15:00:00.000000000,200.92,186.34769
2021-11-09T16:00:00.000000000,145.45,181.73124
2021-11-09T17:00:00.000000000,127.17,178.00229
2021-11-09T18:00:00.000000000,124.47,174.60001
2021-11-09T19:00:00.000000000,125.31,173.16144
2021-11-09T20:00:00.000000000,116.11,173.6483
2021-11-09T21:00:00.000000000,114.23,178.32688
2021-11-09T22:00:00.000000000,124.84,190.86879
2021-11-09T23:00:00.000000000,156.76,209.77165
2021-11-10T00:00:00.000000000,222.95,228.43958
2021-11-10T01:00:00.000000000,256.87,233.81427
2021-11-10T02:00:00.000000000,260.29,231.75908
2021-11-10T03:00:00.000000000,252.64,225.14455
2021-11-10T04:00:00.000000000,246.25,216.72602
2021-11-10T05:00:00.000000000,238.59,211.92734
2021-11-10T06:00:00.000000000,230.21,207.31063
2021-11-10T07:00:00.000000000,219.5,196.31768
2021-11-10T08:00:00.000000000,214.25,185.70501
2021-11-10T09:00:00.000000000,200.05,183.12598
2021-11-10T10:00:00.000000000,208.24,188.58557
2021-11-10T11:00:00.000000000,209.07,197.21699
2021-11-10T12:00:00.000000000,197.81,201.35771
2021-11-10T13:00:00.000000000,216.22,199.29807
2021-11-10T14:00:00.000000000,226.11,195.86632
2021-11-10T15:00:00.000000000,202.98,196.01708
2021-11-10T16:00:00.000000000,138.42,195.06858
2021-11-10T17:00:00.000000000,125.47,188.99322
2021-11-10T18:00:00.000000000,113.45,180.62923
2021-11-10T19:00:00.000000000,109.47,175.13861
2021-11-10T20:00:00.000000000,113.73,173.17557
2021-11-10T21:00:00.000000000,114.62,176.74772
2021-11-10T22:00:00.000000000,116.99,189.07383
2021-11-10T23:00:00.000000000,140.56,207.39252
2021-11-08T00:00:00.000000000,179.67,169.75271
2021-11-08T01:00:00.000000000,225.29,203.25346
2021-11-08T02:00:00.000000000,228.13,221.85061
2021-11-08T03:00:00.000000000,228.44,224.42579
2021-11-08T04:00:00.000000000,211.78,217.18393
2021-11-08T05:00:00.000000000,203.2,212.64841
2021-11-08T06:00:00.000000000,204.73,210.52272
2021-11-08T07:00:00.000000000,193.0,203.76302
2021-11-08T08:00:00.000000000,182.3,193.28524
2021-11-08T09:00:00.000000000,214.49,185.22926
2021-11-08T10:00:00.000000000,223.81,182.44861
2021-11-08T11:00:00.000000000,242.61,185.32208
2021-11-08T12:00:00.000000000,249.8,190.93167
2021-11-08T13:00:00.000000000,266.47,196.54819
2021-11-08T14:00:00.000000000,254.98,193.18067
2021-11-08T15:00:00.000000000,210.91,175.06117
2021-11-08T16:00:00.000000000,143.92,148.06553
2021-11-08T17:00:00.000000000,110.3,121.96486
2021-11-08T18:00:00.000000000,104.37,105.99206
2021-11-08T19:00:00.000000000,109.82,102.28708
2021-11-08T20:00:00.000000000,105.59,105.31617
2021-11-08T21:00:00.000000000,110.47,108.73645
2021-11-08T22:00:00.000000000,105.6,115.12663
2021-11-08T23:00:00.000000000,143.54,133.61432
2021-11-09T00:00:00.000000000,223.92,183.17789
2021-11-09T01:00:00.000000000,268.23,210.70589
2021-11-09T02:00:00.000000000,268.96,231.58489
2021-11-09T03:00:00.000000000,261.93,242.72778
2021-11-09T04:00:00.000000000,250.38,244.0607
2021-11-09T05:00:00.000000000,249.62,243.16284
2021-11-09T06:00:00.000000000,240.33,240.8064
2021-11-09T07:00:00.000000000,235.7,233.38348
2021-11-09T08:00:00.000000000,228.82,224.09575
2021-11-09T09:00:00.000000000,209.46,217.22286
2021-11-09T10:00:00.000000000,197.59,213.66508
2021-11-09T11:00:00.000000000,206.37,211.88786
2021-11-09T12:00:00.000000000,214.13,206.60947
2021-11-09T13:00:00.000000000,214.94,200.81283
2021-11-09T14:00:00.000000000,219.93,196.2274
2021-11-09T15:00:00.000000000,200.92,187.3092
2021-11-09T16:00:00.000000000,145.45,170.55092
2021-11-09T17:00:00.000000000,127.17,149.3098
2021-11-09T18:00:00.000000000,124.47,132.94574
2021-11-09T19:00:00.000000000,125.31,125.91652
2021-11-09T20:00:00.000000000,116.11,125.34857
2021-11-09T21:00:00.000000000,114.23,128.76742
2021-11-09T22:00:00.000000000,124.84,135.51178
2021-11-09T23:00:00.000000000,156.76,150.25961
2021-11-10T00:00:00.000000000,222.95,187.91618
2021-11-10T01:00:00.000000000,256.87,209.30574
2021-11-10T02:00:00.000000000,260.29,223.15828
2021-11-10T03:00:00.000000000,252.64,225.32586
2021-11-10T04:00:00.000000000,246.25,218.55643
2021-11-10T05:00:00.000000000,238.59,213.06189
2021-11-10T06:00:00.000000000,230.21,209.09058
2021-11-10T07:00:00.000000000,219.5,200.68921
2021-11-10T08:00:00.000000000,214.25,191.28759
2021-11-10T09:00:00.000000000,200.05,186.25462
2021-11-10T10:00:00.000000000,208.24,186.61986
2021-11-10T11:00:00.000000000,209.07,189.46889
2021-11-10T12:00:00.000000000,197.81,186.88939
2021-11-10T13:00:00.000000000,216.22,181.48008
2021-11-10T14:00:00.000000000,226.11,180.31451
2021-11-10T15:00:00.000000000,202.98,182.23352
2021-11-10T16:00:00.000000000,138.42,176.77653
2021-11-10T17:00:00.000000000,125.47,160.24718
2021-11-10T18:00:00.000000000,113.45,142.85597
2021-11-10T19:00:00.000000000,109.47,134.5229
2021-11-10T20:00:00.000000000,113.73,134.61985
2021-11-10T21:00:00.000000000,114.62,139.36447
2021-11-10T22:00:00.000000000,116.99,147.63692
2021-11-10T23:00:00.000000000,140.56,161.40197
2021-11-11T00:00:00.000000000,214.24,193.6099
2021-11-11T01:00:00.000000000,257.9,211.19563
2021-11-11T02:00:00.000000000,268.75,222.61578
2021-11-11T03:00:00.000000000,273.36,223.44525
2021-11-11T04:00:00.000000000,275.5,216.15992
2021-11-11T05:00:00.000000000,266.72,210.89497
2021-11-11T06:00:00.000000000,266.42,207.9919
2021-11-11T07:00:00.000000000,267.82,201.2558
2021-11-11T08:00:00.000000000,270.08,194.15203
2021-11-11T09:00:00.000000000,266.87,191.42132
2021-11-11T10:00:00.000000000,266.03,193.72034
2021-11-11T11:00:00.000000000,261.93,198.90336
2021-11-11T12:00:00.000000000,262.46,199.36607
2021-11-11T13:00:00.000000000,263.49,196.99069
2021-11-11T14:00:00.000000000,258.98,198.55449
2021-11-11T15:00:00.000000000,230.8,203.43728
2021-11-11T16:00:00.000000000,159.09,200.42373
2021-11-11T17:00:00.000000000,134.41,184.60325
2021-11-11T18:00:00.000000000,130.37,165.57945
2021-11-11T19:00:00.000000000,124.94,154.43925
2021-11-11T20:00:00.000000000,119.81,152.21716
2021-11-11T21:00:00.000000000,117.09,155.60664
2021-11-11T22:00:00.000000000,129.88,162.10711
2021-11-11T23:00:00.000000000,160.04,172.69888
2021-11-09T00:00:00.000000000,223.92,167.42787
2021-11-09T01:00:00.000000000,268.23,206.05657
2021-11-09T02:00:00.000000000,268.96,231.18852
2021-11-09T03:00:00.000000000,261.93,240.83628
2021-11-09T04:00:00.000000000,250.38,238.16888
2021-11-09T05:00:00.000000000,249.62,234.05807
2021-11-09T06:00:00.000000000,240.33,230.7327
2021-11-09T07:00:00.000000000,235.7,224.16784
2021-11-09T08:00:00.000000000,228.82,214.15695
2021-11-09T09:00:00.000000000,209.46,205.03281
2021-11-09T10:00:00.000000000,197.59,199.65489
2021-11-09T11:00:00.000000000,206.37,198.48704
2021-11-09T12:00:00.000000000,214.13,197.99458
2021-11-09T13:00:00.000000000,214.94,195.54657
2021-11-09T14:00:00.000000000,219.93,182.63797
2021-11-09T15:00:00.000000000,200.92,154.8672
2021-11-09T16:00:00.000000000,145.45,124.08112
2021-11-09T17:00:00.000000000,127.17,103.0272
2021-11-09T18:00:00.000000000,124.47,96.07738
2021-11-09T19:00:00.000000000,125.31,97.53014
2021-11-09T20:00:00.000000000,116.11,99.9418
2021-11-09T21:00:00.000000000,114.23,101.56466
2021-11-09T22:00:00.000000000,124.84,106.50715
2021-11-09T23:00:00.000000000,156.76,124.90969
2021-11-10T00:00:00.000000000,222.95,182.27
2021-11-10T01:00:00.000000000,256.87,194.14915
2021-11-10T02:00:00.000000000,260.29,198.87929
2021-11-10T03:00:00.000000000,252.64,199.38315
2021-11-10T04:00:00.000000000,246.25,194.16445
2021-11-10T05:00:00.000000000,238.59,187.98957
2021-11-10T06:00:00.000000000,230.21,181.22166
2021-11-10T07:00:00.000000000,219.5,172.16077
2021-11-10T08:00:00.000000000,214.25,164.30474
2021-11-10T09:00:00.000000000,200.05,162.09657
2021-11-10T10:00:00.000000000,208.24,166.28738
2021-11-10T11:00:00.000000000,209.07,172.5875
2021-11-10T12:00:00.000000000,197.81,173.41581
2021-11-10T13:00:00.000000000,216.22,165.43642
2021-11-10T14:00:00.000000000,226.11,151.72237
2021-11-10T15:00:00.000000000,202.98,138.47954
2021-11-10T16:00:00.000000000,138.42,128.27568
2021-11-10T17:00:00.000000000,125.47,119.75719
2021-11-10T18:00:00.000000000,113.45,113.66944
2021-11-10T19:00:00.000000000,109.47,110.38893
2021-11-10T20:00:00.000000000,113.73,110.96948
2021-11-10T21:00:00.000000000,114.62,118.42975
2021-11-10T22:00:00.000000000,116.99,136.52596
2021-11-10T23:00:00.000000000,140.56,160.7838
2021-11-11T00:00:00.000000000,214.24,201.82904
2021-11-11T01:00:00.000000000,257.9,208.80928
2021-11-11T02:00:00.000000000,268.75,207.74944
2021-11-11T03:00:00.000000000,273.36,201.53565
2021-11-11T04:00:00.000000000,275.5,191.39992
2021-11-11T05:00:00.000000000,266.72,184.46887
2021-11-11T06:00:00.000000000,266.42,180.08416
2021-11-11T07:00:00.000000000,267.82,174.54629
2021-11-11T08:00:00.000000000,270.08,171.14455
2021-11-11T09:00:00.000000000,266.87,173.47951
2021-11-11T10:00:00.000000000,266.03,180.65584
2021-11-11T11:00:00.000000000,261.93,189.31939
2021-11-11T12:00:00.000000000,262.46,193.08638
2021-11-11T13:00:00.000000000,263.49,190.38197
2021-11-11T14:00:00.000000000,258.98,185.62613
2021-11-11T15:00:00.000000000,230.8,182.28969
2021-11-11T16:00:00.000000000,159.09,176.51096
2021-11-11T17:00:00.000000000,134.41,164.65477
2021-11-11T18:00:00.000000000,130.37,150.82123
2021-11-11T19:00:00.000000000,124.94,141.079
2021-11-11T20:00:00.000000000,119.81,138.3986
2021-11-11T21:00:00.000000000,117.09,145.05188
2021-11-11T22:00:00.000000000,129.88,162.05741
2021-11-11T23:00:00.000000000,160.04,183.75123
2021-11-12T00:00:00.000000000,251.8,211.68622
2021-11-12T01:00:00.000000000,287.38,225.19593
2021-11-12T02:00:00.000000000,280.99,229.69675
2021-11-12T03:00:00.000000000,279.15,224.40837
2021-11-12T04:00:00.000000000,277.77,213.18569
2021-11-12T05:00:00.000000000,273.28,205.7729
2021-11-12T06:00:00.000000000,279.77,202.25268
2021-11-12T07:00:00.000000000,271.51,196.60944
2021-11-12T08:00:00.000000000,271.78,192.4133
2021-11-12T09:00:00.000000000,267.94,193.33799
2021-11-12T10:00:00.000000000,261.32,199.07824
2021-11-12T11:00:00.000000000,256.97,208.49683
2021-11-12T12:00:00.000000000,257.76,215.43244
2021-11-12T13:00:00.000000000,262.17,218.54279
2021-11-12T14:00:00.000000000,262.36,219.65246
2021-11-12T15:00:00.000000000,228.02,219.21285
2021-11-12T16:00:00.000000000,159.91,211.93506
2021-11-12T17:00:00.000000000,137.0,195.7457
2021-11-12T18:00:00.000000000,139.46,177.71428
2021-11-12T19:00:00.000000000,139.63,166.24661
2021-11-12T20:00:00.000000000,134.59,163.48976
2021-11-12T21:00:00.000000000,128.63,167.74996
2021-11-12T22:00:00.000000000,137.5,177.68492
2021-11-12T23:00:00.000000000,173.73,192.84182
2021-11-10T00:00:00.000000000,222.95,176.31403
2021-11-10T01:00:00.000000000,256.87,197.61361
2021-11-10T02:00:00.000000000,260.29,208.81368
2021-11-10T03:00:00.000000000,252.64,210.91554
2021-11-10T04:00:00.000000000,246.25,204.31612
2021-11-10T05:00:00.000000000,238.59,197.38366
2021-11-10T06:00:00.000000000,230.21,192.44098
2021-11-10T07:00:00.000000000,219.5,185.64316
2021-11-10T08:00:00.000000000,214.25,177.22525
2021-11-10T09:00:00.000000000,200.05,171.20951
2021-11-10T10:00:00.000000000,208.24,169.63296
2021-11-10T11:00:00.000000000,209.07,172.44579
2021-11-10T12:00:00.000000000,197.81,178.14063
2021-11-10T13:00:00.000000000,216.22,183.22663
2021-11-10T14:00:00.000000000,226.11,178.36491
2021-11-10T15:00:00.000000000,202.98,160.82836
2021-11-10T16:00:00.000000000,138.42,138.41315
2021-11-10T17:00:00.000000000,125.47,119.55617
2021-11-10T18:00:00.000000000,113.45,108.92012
2021-11-10T19:00:00.000000000,109.47,106.72012
2021-11-10T20:00:00.000000000,113.73,109.99039
2021-11-10T21:00:00.000000000,114.62,115.85846
2021-11-10T22:00:00.000000000,116.99,127.23748
2021-11-10T23:00:00.000000000,140.56,147.51246
2021-11-11T00:00:00.000000000,214.24,195.14492
2021-11-11T01:00:00.000000000,257.9,211.30109
2021-11-11T02:00:00.000000000,268.75,218.46459
2021-11-11T03:00:00.000000000,273.36,217.00919
2021-11-11T04:00:00.000000000,275.5,208.90097
2021-11-11T05:00:00.000000000,266.72,202.72081
2021-11-11T06:00:00.000000000,266.42,198.64341
2021-11-11T07:00:00.000000000,267.82,191.70499
2021-11-11T08:00:00.000000000,270.08,184.72489
2021-11-11T09:00:00.000000000,266.87,182.6709
2021-11-11T10:00:00.000000000,266.03,186.44831
2021-11-11T11:00:00.000000000,261.93,193.48646
2021-11-11T12:00:00.000000000,262.46,196.427
2021-11-11T13:00:00.000000000,263.49,192.76888
2021-11-11T14:00:00.000000000,258.98,184.9716
2021-11-11T15:00:00.000000000,230.8,175.95807
2021-11-11T16:00:00.000000000,159.09,164.41845
2021-11-11T17:00:00.000000000,134.41,149.37687
2021-11-11T18:00:00.000000000,130.37,135.75164
2021-11-11T19:00:00.000000000,124.94,128.60599
2021-11-11T20:00:00.000000000,119.81,128.69006
2021-11-11T21:00:00.000000000,117.09,135.40834
2021-11-11T22:00:00.000000000,129.88,149.99132
2021-11-11T23:00:00.000000000,160.04,171.10836
2021-11-12T00:00:00.000000000,251.8,213.44782
2021-11-12T01:00:00.000000000,287.38,228.59045
2021-11-12T02:00:00.000000000,280.99,234.14661
2021-11-12T03:00:00.000000000,279.15,230.26894
2021-11-12T04:00:00.000000000,277.77,220.96619
2021-11-12T05:00:00.000000000,273.28,215.34145
2021-11-12T06:00:00.000000000,279.77,211.99821
2021-11-12T07:00:00.000000000,271.51,204.68261
2021-11-12T08:00:00.000000000,271.78,197.99996
2021-11-12T09:00:00.000000000,267.94,197.36025
2021-11-12T10:00:00.000000000,261.32,202.41822
2021-11-12T11:00:00.000000000,256.97,210.2649
2021-11-12T12:00:00.000000000,257.76,214.30802
2021-11-12T13:00:00.000000000,262.17,214.12058
2021-11-12T14:00:00.000000000,262.36,212.10721
2021-11-12T15:00:00.000000000,228.02,208.48048
2021-11-12T16:00:00.000000000,159.91,198.7569
2021-11-12T17:00:00.000000000,137.0,181.6545
2021-11-12T18:00:00.000000000,139.46,164.42272
2021-11-12T19:00:00.000000000,139.63,155.00731
2021-11-12T20:00:00.000000000,134.59,154.25292
2021-11-12T21:00:00.000000000,128.63,160.06815
2021-11-12T22:00:00.000000000,137.5,172.05844
2021-11-12T23:00:00.000000000,173.73,190.2959
2021-11-13T00:00:00.000000000,262.03,223.02935
2021-11-13T01:00:00.000000000,291.9,241.26833
2021-11-13T02:00:00.000000000,280.43,249.19724
2021-11-13T03:00:00.000000000,286.62,246.19021
2021-11-13T04:00:00.000000000,292.39,236.92125
2021-11-13T05:00:00.000000000,288.09,230.69293
2021-11-13T06:00:00.000000000,283.16,226.58665
2021-11-13T07:00:00.000000000,277.62,217.58902
2021-11-13T08:00:00.000000000,271.35,209.82617
2021-11-13T09:00:00.000000000,263.8,208.67065
2021-11-13T10:00:00.000000000,256.42,212.87235
2021-11-13T11:00:00.000000000,248.96,219.71851
2021-11-13T12:00:00.000000000,249.89,223.71616
2021-11-13T13:00:00.000000000,247.99,225.64839
2021-11-13T14:00:00.000000000,250.7,227.26398
2021-11-13T15:00:00.000000000,213.9,227.32226
2021-11-13T16:00:00.000000000,137.4,219.85148
2021-11-13T17:00:00.000000000,128.72,202.7181
2021-11-13T18:00:00.000000000,125.42,183.48181
2021-11-13T19:00:00.000000000,123.16,171.43771
2021-11-13T20:00:00.000000000,119.83,168.76526
2021-11-13T21:00:00.000000000,125.11,172.22335
2021-11-13T22:00:00.000000000,124.71,181.07473
2021-11-13T23:00:00.000000000,154.81,197.81782
2021-11-11T00:00:00.000000000,214.24,197.58849
2021-11-11T01:00:00.000000000,257.9,226.15717
2021-11-11T02:00:00.000000000,268.75,239.92994
2021-11-11T03:00:00.000000000,273.36,245.27151
2021-11-11T04:00:00.000000000,275.5,243.1424
2021-11-11T05:00:00.000000000,266.72,239.79633
2021-11-11T06:00:00.000000000,266.42,235.29165
2021-11-11T07:00:00.000000000,267.82,226.46397
2021-11-11T08:00:00.000000000,270.08,216.33719
2021-11-11T09:00:00.000000000,266.87,210.50629
2021-11-11T10:00:00.000000000,266.03,208.24777
2021-11-11T11:00:00.000000000,261.93,208.79384
2021-11-11T12:00:00.000000000,262.46,214.02107
2021-11-11T13:00:00.000000000,263.49,220.28719
2021-11-11T14:00:00.000000000,258.98,211.43647
2021-11-11T15:00:00.000000000,230.8,180.0289
2021-11-11T16:00:00.000000000,159.09,142.55246
2021-11-11T17:00:00.000000000,134.41,115.63318
2021-11-11T18:00:00.000000000,130.37,103.78054
2021-11-11T19:00:00.000000000,124.94,102.27592
2021-11-11T20:00:00.000000000,119.81,105.29167
2021-11-11T21:00:00.000000000,117.09,111.2638
2021-11-11T22:00:00.000000000,129.88,126.17729
2021-11-11T23:00:00.000000000,160.04,156.49408
2021-11-12T00:00:00.000000000,251.8,200.74331
2021-11-12T01:00:00.000000000,287.38,224.69837
2021-11-12T02:00:00.000000000,280.99,239.72627
2021-11-12T03:00:00.000000000,279.15,244.88964
2021-11-12T04:00:00.000000000,277.77,240.61083
2021-11-12T05:00:00.000000000,273.28,235.27707
2021-11-12T06:00:00.000000000,279.77,230.05343
2021-11-12T07:00:00.000000000,271.51,220.28723
2021-11-12T08:00:00.000000000,271.78,209.00818
2021-11-12T09:00:00.000000000,267.94,203.13638
2021-11-12T10:00:00.000000000,261.32,204.78632
2021-11-12T11:00:00.000000000,256.97,210.45302
2021-11-12T12:00:00.000000000,257.76,213.13604
2021-11-12T13:00:00.000000000,262.17,209.65836
2021-11-12T14:00:00.000000000,262.36,197.55906
2021-11-12T15:00:00.000000000,228.02,177.70053
2021-11-12T16:00:00.000000000,159.91,155.39954
2021-11-12T17:00:00.000000000,137.0,136.20819
2021-11-12T18:00:00.000000000,139.46,124.71685
2021-11-12T19:00:00.000000000,139.63,122.24699
2021-11-12T20:00:00.000000000,134.59,125.91551
2021-11-12T21:00:00.000000000,128.63,133.27717
2021-11-12T22:00:00.000000000,137.5,146.31298
2021-11-12T23:00:00.000000000,173.73,168.20279
2021-11-13T00:00:00.000000000,262.03,220.83016
2021-11-13T01:00:00.000000000,291.9,239.30618
2021-11-13T02:00:00.000000000,280.43,245.86357
2021-11-13T03:00:00.000000000,286.62,242.40633
2021-11-13T04:00:00.000000000,292.39,234.30923
2021-11-13T05:00:00.000000000,288.09,229.96588
2021-11-13T06:00:00.000000000,283.16,226.36602
2021-11-13T07:00:00.000000000,277.62,216.99385
2021-11-13T08:00:00.000000000,271.35,208.12005
2021-11-13T09:00:00.000000000,263.8,206.32805
2021-11-13T10:00:00.000000000,256.42,210.99556
2021-11-13T11:00:00.000000000,248.96,218.18314
2021-11-13T12:00:00.000000000,249.89,221.79313
2021-11-13T13:00:00.000000000,247.99,221.90557
2021-11-13T14:00:00.000000000,250.7,218.64381
2021-11-13T15:00:00.000000000,213.9,210.3513
2021-11-13T16:00:00.000000000,137.4,195.45324
2021-11-13T17:00:00.000000000,128.72,175.79499
2021-11-13T18:00:00.000000000,125.42,159.4213
2021-11-13T19:00:00.000000000,123.16,152.20129
2021-11-13T20:00:00.000000000,119.83,152.76738
2021-11-13T21:00:00.000000000,125.11,158.60773
2021-11-13T22:00:00.000000000,124.71,171.05905
2021-11-13T23:00:00.000000000,154.81,192.5236
2021-11-14T00:00:00.000000000,246.55,222.48086
2021-11-14T01:00:00.000000000,281.15,246.22787
2021-11-14T02:00:00.000000000,271.99,260.94566
2021-11-14T03:00:00.000000000,270.88,264.86986
2021-11-14T04:00:00.000000000,276.36,259.71024
2021-11-14T05:00:00.000000000,274.38,255.22903
2021-11-14T06:00:00.000000000,274.71,253.13494
2021-11-14T07:00:00.000000000,262.3,246.56682
2021-11-14T08:00:00.000000000,255.38,239.65048
2021-11-14T09:00:00.000000000,251.37,237.11441
2021-11-14T10:00:00.000000000,246.09,238.54611
2021-11-14T11:00:00.000000000,251.36,242.72973
2021-11-14T12:00:00.000000000,263.08,246.54213
2021-11-14T13:00:00.000000000,257.33,250.02104
2021-11-14T14:00:00.000000000,260.3,250.21411
2021-11-14T15:00:00.000000000,198.65,242.37472
2021-11-14T16:00:00.000000000,118.03,224.81711
2021-11-14T17:00:00.000000000,86.6,199.89228
2021-11-14T18:00:00.000000000,90.68,176.31114
2021-11-14T19:00:00.000000000,95.73,162.89763
2021-11-14T20:00:00.000000000,100.96,161.44395
2021-11-14T21:00:00.000000000,103.94,166.45643
2021-11-14T22:00:00.000000000,102.45,175.03789
2021-11-14T23:00:00.000000000,141.19,192.43548
2021-11-12T00:00:00.000000000,251.8,208.6594
2021-11-12T01:00:00.000000000,287.38,245.86772
2021-11-12T02:00:00.000000000,280.99,265.69536
2021-11-12T03:00:00.000000000,279.15,273.72609
2021-11-12T04:00:00.000000000,277.77,271.76692
2021-11-12T05:00:00.000000000,273.28,267.85082
2021-11-12T06:00:00.000000000,279.77,263.3022
2021-11-12T07:00:00.000000000,271.51,254.45303
2021-11-12T08:00:00.000000000,271.78,243.49678
2021-11-12T09:00:00.000000000,267.94,236.20816
2021-11-12T10:00:00.000000000,261.32,231.72941
2021-11-12T11:00:00.000000000,256.97,229.19396
2021-11-12T12:00:00.000000000,257.76,231.70541
2021-11-12T13:00:00.000000000,262.17,237.28281
2021-11-12T14:00:00.000000000,262.36,227.41185
2021-11-12T15:00:00.000000000,228.02,190.28202
2021-11-12T16:00:00.000000000,159.91,144.9629
2021-11-12T17:00:00.000000000,137.0,113.08915
2021-11-12T18:00:00.000000000,139.46,100.94132
2021-11-12T19:00:00.000000000,139.63,101.54196
2021-11-12T20:00:00.000000000,134.59,105.71565
2021-11-12T21:00:00.000000000,128.63,111.15745
2021-11-12T22:00:00.000000000,137.5,124.14848
2021-11-12T23:00:00.000000000,173.73,155.87281
2021-11-13T00:00:00.000000000,262.03,205.12731
2021-11-13T01:00:00.000000000,291.9,232.67504
2021-11-13T02:00:00.000000000,280.43,251.74527
2021-11-13T03:00:00.000000000,286.62,261.86499
2021-11-13T04:00:00.000000000,292.39,261.66164
2021-11-13T05:00:00.000000000,288.09,258.07691
2021-11-13T06:00:00.000000000,283.16,252.41028
2021-11-13T07:00:00.000000000,277.62,241.36045
2021-11-13T08:00:00.000000000,271.35,229.02838
2021-11-13T09:00:00.000000000,263.8,222.34442
2021-11-13T10:00:00.000000000,256.42,222.63537
2021-11-13T11:00:00.000000000,248.96,225.80862
2021-11-13T12:00:00.000000000,249.89,226.40754
2021-11-13T13:00:00.000000000,247.99,223.465
2021-11-13T14:00:00.000000000,250.7,212.50734
2021-11-13T15:00:00.000000000,213.9,189.7292
2021-11-13T16:00:00.000000000,137.4,161.70105
2021-11-13T17:00:00.000000000,128.72,137.56133
2021-11-13T18:00:00.000000000,125.42,124.22645
2021-11-13T19:00:00.000000000,123.16,121.85749
2021-11-13T20:00:00.000000000,119.83,125.32194
2021-11-13T21:00:00.000000000,125.11,132.0003
2021-11-13T22:00:00.000000000,124.71,144.11963
2021-11-13T23:00:00.000000000,154.81,167.12611
2021-11-14T00:00:00.000000000,246.55,212.40594
2021-11-14T01:00:00.000000000,281.15,235.42219
2021-11-14T02:00:00.000000000,271.99,253.54534
2021-11-14T03:00:00.000000000,270.88,264.64429
2021-11-14T04:00:00.000000000,276.36,264.83013
2021-11-14T05:00:00.000000000,274.38,260.52332
2021-11-14T06:00:00.000000000,274.71,255.21962
2021-11-14T07:00:00.000000000,262.3,246.08388
2021-11-14T08:00:00.000000000,255.38,236.88604
2021-11-14T09:00:00.000000000,251.37,232.48197
2021-11-14T10:00:00.000000000,246.09,233.22977
2021-11-14T11:00:00.000000000,251.36,236.6994
2021-11-14T12:00:00.000000000,263.08,238.5589
2021-11-14T13:00:00.000000000,257.33,237.67571
2021-11-14T14:00:00.000000000,260.3,230.72823
2021-11-14T15:00:00.000000000,198.65,214.6966
2021-11-14T16:00:00.000000000,118.03,192.63528
2021-11-14T17:00:00.000000000,86.6,169.89415
2021-11-14T18:00:00.000000000,90.68,152.5994
2021-11-14T19:00:00.000000000,95.73,144.6624
2021-11-14T20:00:00.000000000,100.96,145.41634
2021-11-14T21:00:00.000000000,103.94,151.9095
2021-11-14T22:00:00.000000000,102.45,162.77966
2021-11-14T23:00:00.000000000,141.19,181.38008
2021-11-15T00:00:00.000000000,236.02,218.84959
2021-11-15T01:00:00.000000000,277.07,239.46956
2021-11-15T02:00:00.000000000,272.35,256.56828
2021-11-15T03:00:00.000000000,268.93,267.40588
2021-11-15T04:00:00.000000000,271.03,267.94225
2021-11-15T05:00:00.000000000,270.08,265.17617
2021-11-15T06:00:00.000000000,266.31,262.03496
2021-11-15T07:00:00.000000000,263.7,253.25934
2021-11-15T08:00:00.000000000,265.24,242.75106
2021-11-15T09:00:00.000000000,266.9,237.57172
2021-11-15T10:00:00.000000000,276.08,238.76899
2021-11-15T11:00:00.000000000,274.86,243.38739
2021-11-15T12:00:00.000000000,287.67,246.79976
2021-11-15T13:00:00.000000000,275.89,246.69254
2021-11-15T14:00:00.000000000,279.92,239.84901
2021-11-15T15:00:00.000000000,245.74,225.05767
2021-11-15T16:00:00.000000000,175.28,204.79906
2021-11-15T17:00:00.000000000,160.11,182.95745
2021-11-15T18:00:00.000000000,162.41,164.81662
2021-11-15T19:00:00.000000000,160.52,156.16855
2021-11-15T20:00:00.000000000,152.94,157.37059
2021-11-15T21:00:00.000000000,149.99,164.18588
2021-11-15T22:00:00.000000000,170.11,174.16839
2021-11-15T23:00:00.000000000,194.67,190.78795
2021-11-13T00:00:00.000000000,262.03,215.07257
2021-11-13T01:00:00.000000000,291.9,248.16962
2021-11-13T02:00:00.000000000,280.43,265.99293
2021-11-13T03:00:00.000000000,286.62,274.11223
2021-11-13T04:00:00.000000000,292.39,272.11562
2021-11-13T05:00:00.000000000,288.09,267.61101
2021-11-13T06:00:00.000000000,283.16,263.42091
2021-11-13T07:00:00.000000000,277.62,255.68693
2021-11-13T08:00:00.000000000,271.35,245.61797
2021-11-13T09:00:00.000000000,263.8,239.09767
2021-11-13T10:00:00.000000000,256.42,236.34919
2021-11-13T11:00:00.000000000,248.96,237.06248
2021-11-13T12:00:00.000000000,249.89,243.81488
2021-11-13T13:00:00.000000000,247.99,251.11941
2021-11-13T14:00:00.000000000,250.7,238.49444
2021-11-13T15:00:00.000000000,213.9,197.63332
2021-11-13T16:00:00.000000000,137.4,151.17204
2021-11-13T17:00:00.000000000,128.72,120.22921
2021-11-13T18:00:00.000000000,125.42,107.98
2021-11-13T19:00:00.000000000,123.16,107.20702
2021-11-13T20:00:00.000000000,119.83,111.11879
2021-11-13T21:00:00.000000000,125.11,117.97202
2021-11-13T22:00:00.000000000,124.71,133.62984
2021-11-13T23:00:00.000000000,154.81,166.87531
2021-11-14T00:00:00.000000000,246.55,215.31879
2021-11-14T01:00:00.000000000,281.15,244.36362
2021-11-14T02:00:00.000000000,271.99,265.01714
2021-11-14T03:00:00.000000000,270.88,276.15156
2021-11-14T04:00:00.000000000,276.36,274.9228
2021-11-14T05:00:00.000000000,274.38,269.21142
2021-11-14T06:00:00.000000000,274.71,263.51404
2021-11-14T07:00:00.000000000,262.3,255.06036
2021-11-14T08:00:00.000000000,255.38,245.72112
2021-11-14T09:00:00.000000000,251.37,240.47519
2021-11-14T10:00:00.000000000,246.09,240.94695
2021-11-14T11:00:00.000000000,251.36,246.03703
2021-11-14T12:00:00.000000000,263.08,251.46706
2021-11-14T13:00:00.000000000,257.33,251.15747
2021-11-14T14:00:00.000000000,260.3,235.65864
2021-11-14T15:00:00.000000000,198.65,204.30344
2021-11-14T16:00:00.000000000,118.03,171.35135
2021-11-14T17:00:00.000000000,86.6,147.98243
2021-11-14T18:00:00.000000000,90.68,136.16476
2021-11-14T19:00:00.000000000,95.73,132.84127
2021-11-14T20:00:00.000000000,100.96,134.75796
2021-11-14T21:00:00.000000000,103.94,140.8828
2021-11-14T22:00:00.000000000,102.45,153.32502
2021-11-14T23:00:00.000000000,141.19,177.24522
2021-11-15T00:00:00.000000000,236.02,220.13368
2021-11-15T01:00:00.000000000,277.07,244.75341
2021-11-15T02:00:00.000000000,272.35,263.9754
2021-11-15T03:00:00.000000000,268.93,274.72511
2021-11-15T04:00:00.000000000,271.03,273.52364
2021-11-15T05:00:00.000000000,270.08,268.499
2021-11-15T06:00:00.000000000,266.31,264.07203
2021-11-15T07:00:00.000000000,263.7,255.89444
2021-11-15T08:00:00.000000000,265.24,246.17046
2021-11-15T09:00:00.000000000,266.9,240.85902
2021-11-15T10:00:00.000000000,276.08,241.94871
2021-11-15T11:00:00.000000000,274.86,247.78673
2021-11-15T12:00:00.000000000,287.67,252.86703
2021-11-15T13:00:00.000000000,275.89,251.47136
2021-11-15T14:00:00.000000000,279.92,237.93198
2021-11-15T15:00:00.000000000,245.74,213.81809
2021-11-15T16:00:00.000000000,175.28,188.19439
2021-11-15T17:00:00.000000000,160.11,167.65022
2021-11-15T18:00:00.000000000,162.41,154.18322
2021-11-15T19:00:00.000000000,160.52,148.78539
2021-11-15T20:00:00.000000000,152.94,150.5306
2021-11-15T21:00:00.000000000,149.99,157.13346
2021-11-15T22:00:00.000000000,170.11,168.23435
2021-11-15T23:00:00.000000000,194.67,187.66704
2021-11-16T00:00:00.000000000,267.1,205.84395
2021-11-16T01:00:00.000000000,276.08,226.11191
2021-11-16T02:00:00.000000000,271.26,242.98439
2021-11-16T03:00:00.000000000,268.47,253.40454
2021-11-16T04:00:00.000000000,260.02,253.92849
2021-11-16T05:00:00.000000000,262.37,250.57999
2021-11-16T06:00:00.000000000,241.68,245.95029
2021-11-16T07:00:00.000000000,237.09,236.72778
2021-11-16T08:00:00.000000000,237.13,226.82538
2021-11-16T09:00:00.000000000,228.58,221.33756
2021-11-16T10:00:00.000000000,214.05,221.42899
2021-11-16T11:00:00.000000000,202.7,224.5736
2021-11-16T12:00:00.000000000,206.02,224.8463
2021-11-16T13:00:00.000000000,224.89,221.93143
2021-11-16T14:00:00.000000000,245.71,215.69712
2021-11-16T15:00:00.000000000,253.8,204.51071
2021-11-16T16:00:00.000000000,188.69,188.22044
2021-11-16T17:00:00.000000000,173.38,169.68917
2021-11-16T18:00:00.000000000,161.36,155.05222
2021-11-16T19:00:00.000000000,148.18,148.58339
2021-11-16T20:00:00.000000000,148.85,149.27865
2021-11-16T21:00:00.000000000,145.71,154.81831
2021-11-16T22:00:00.000000000,141.77,163.71988
2021-11-16T23:00:00.000000000,151.96,178.55084
2021-11-14T00:00:00.000000000,246.55,209.75904
2021-11-14T01:00:00.000000000,281.15,240.63019
2021-11-14T02:00:00.000000000,271.99,258.17197
2021-11-14T03:00:00.000000000,270.88,267.53794
2021-11-14T04:00:00.000000000,276.36,266.98362
2021-11-14T05:00:00.000000000,274.38,262.9151
2021-11-14T06:00:00.000000000,274.71,258.16629
2021-11-14T07:00:00.000000000,262.3,249.66038
2021-11-14T08:00:00.000000000,255.38,239.19767
2021-11-14T09:00:00.000000000,251.37,232.77226
2021-11-14T10:00:00.000000000,246.09,230.85008
2021-11-14T11:00:00.000000000,251.36,232.80404
2021-11-14T12:00:00.000000000,263.08,240.17547
2021-11-14T13:00:00.000000000,257.33,246.7223
2021-11-14T14:00:00.000000000,260.3,233.55635
2021-11-14T15:00:00.000000000,198.65,194.27588
2021-11-14T16:00:00.000000000,118.03,150.35372
2021-11-14T17:00:00.000000000,86.6,121.15572
2021-11-14T18:00:00.000000000,90.68,109.15861
2021-11-14T19:00:00.000000000,95.73,107.69717
2021-11-14T20:00:00.000000000,100.96,111.26891
2021-11-14T21:00:00.000000000,103.94,118.33922
2021-11-14T22:00:00.000000000,102.45,134.11733
2021-11-14T23:00:00.000000000,141.19,165.81145
2021-11-15T00:00:00.000000000,236.02,211.10894
2021-11-15T01:00:00.000000000,277.07,239.54243
2021-11-15T02:00:00.000000000,272.35,262.27934
2021-11-15T03:00:00.000000000,268.93,276.13428
2021-11-15T04:00:00.000000000,271.03,276.32499
2021-11-15T05:00:00.000000000,270.08,270.31595
2021-11-15T06:00:00.000000000,266.31,264.17752
2021-11-15T07:00:00.000000000,263.7,255.72059
2021-11-15T08:00:00.000000000,265.24,245.87266
2021-11-15T09:00:00.000000000,266.9,239.1732
2021-11-15T10:00:00.000000000,276.08,238.52998
2021-11-15T11:00:00.000000000,274.86,244.01826
2021-11-15T12:00:00.000000000,287.67,250.40047
2021-11-15T13:00:00.000000000,275.89,249.73536
2021-11-15T14:00:00.000000000,279.92,233.0735
2021-11-15T15:00:00.000000000,245.74,202.06914
2021-11-15T16:00:00.000000000,175.28,171.174
2021-11-15T17:00:00.000000000,160.11,150.56353
2021-11-15T18:00:00.000000000,162.41,140.43428
2021-11-15T19:00:00.000000000,160.52,137.30278
2021-11-15T20:00:00.000000000,152.94,138.90511
2021-11-15T21:00:00.000000000,149.99,144.6274
2021-11-15T22:00:00.000000000,170.11,155.55284
2021-11-15T23:00:00.000000000,194.67,175.98512
2021-11-16T00:00:00.000000000,267.1,197.18245
2021-11-16T01:00:00.000000000,276.08,218.5006
2021-11-16T02:00:00.000000000,271.26,234.83409
2021-11-16T03:00:00.000000000,268.47,245.12158
2021-11-16T04:00:00.000000000,260.02,246.00244
2021-11-16T05:00:00.000000000,262.37,243.424
2021-11-16T06:00:00.000000000,241.68,239.59107
2021-11-16T07:00:00.000000000,237.09,231.64035
2021-11-16T08:00:00.000000000,237.13,222.37457
2021-11-16T09:00:00.000000000,228.58,217.05473
2021-11-16T10:00:00.000000000,214.05,217.16055
2021-11-16T11:00:00.000000000,202.7,220.06584
2021-11-16T12:00:00.000000000,206.02,220.4301
2021-11-16T13:00:00.000000000,224.89,216.36585
2021-11-16T14:00:00.000000000,245.71,204.81149
2021-11-16T15:00:00.000000000,253.8,184.86623
2021-11-16T16:00:00.000000000,188.69,162.44055
2021-11-16T17:00:00.000000000,173.38,143.81299
2021-11-16T18:00:00.000000000,161.36,133.00361
2021-11-16T19:00:00.000000000,148.18,129.98219
2021-11-16T20:00:00.000000000,148.85,131.89362
2021-11-16T21:00:00.000000000,145.71,137.95071
2021-11-16T22:00:00.000000000,141.77,149.05946
2021-11-16T23:00:00.000000000,151.96,167.7994
2021-11-17T00:00:00.000000000,212.57,214.59521
2021-11-17T01:00:00.000000000,244.76,227.89144
2021-11-17T02:00:00.000000000,246.54,237.73542
2021-11-17T03:00:00.000000000,244.12,242.37739
2021-11-17T04:00:00.000000000,251.67,239.82155
2021-11-17T05:00:00.000000000,252.37,237.67497
2021-11-17T06:00:00.000000000,264.28,238.12049
2021-11-17T07:00:00.000000000,253.46,234.16238
2021-11-17T08:00:00.000000000,257.7,228.96469
2021-11-17T09:00:00.000000000,256.74,227.32672
2021-11-17T10:00:00.000000000,263.55,229.61487
2021-11-17T11:00:00.000000000,266.82,233.64849
2021-11-17T12:00:00.000000000,275.95,233.85277
2021-11-17T13:00:00.000000000,279.74,228.93822
2021-11-17T14:00:00.000000000,281.46,222.20557
2021-11-17T15:00:00.000000000,267.88,217.79491
2021-11-17T16:00:00.000000000,202.02,213.22157
2021-11-17T17:00:00.000000000,172.47,203.4618
2021-11-17T18:00:00.000000000,162.17,188.76592
2021-11-17T19:00:00.000000000,157.9,175.14867
2021-11-17T20:00:00.000000000,152.14,167.6224
2021-11-17T21:00:00.000000000,158.64,167.71565
2021-11-17T22:00:00.000000000,158.96,176.0012
2021-11-17T23:00:00.000000000,179.54,191.81557
2021-11-15T00:00:00.000000000,236.02,188.21772
2021-11-15T01:00:00.000000000,277.07,223.24288
2021-11-15T02:00:00.000000000,272.35,247.54736
2021-11-15T03:00:00.000000000,268.93,263.93744
2021-11-15T04:00:00.000000000,271.03,267.43172
2021-11-15T05:00:00.000000000,270.08,262.81074
2021-11-15T06:00:00.000000000,266.31,255.40916
2021-11-15T07:00:00.000000000,263.7,244.91121
2021-11-15T08:00:00.000000000,265.24,231.5066
2021-11-15T09:00:00.000000000,266.9,220.76832
2021-11-15T10:00:00.000000000,276.08,215.90799
2021-11-15T11:00:00.000000000,274.86,217.73713
2021-11-15T12:00:00.000000000,287.67,227.18031
2021-11-15T13:00:00.000000000,275.89,234.1047
2021-11-15T14:00:00.000000000,279.92,215.55652
2021-11-15T15:00:00.000000000,245.74,167.55268
2021-11-15T16:00:00.000000000,175.28,119.38865
2021-11-15T17:00:00.000000000,160.11,95.05715
2021-11-15T18:00:00.000000000,162.41,92.58609
2021-11-15T19:00:00.000000000,160.52,97.88016
2021-11-15T20:00:00.000000000,152.94,102.9583
2021-11-15T21:00:00.000000000,149.99,107.77231
2021-11-15T22:00:00.000000000,170.11,118.66422
2021-11-15T23:00:00.000000000,194.67,144.73616
2021-11-16T00:00:00.000000000,267.1,180.43384
2021-11-16T01:00:00.000000000,276.08,203.8095
2021-11-16T02:00:00.000000000,271.26,222.2975
2021-11-16T03:00:00.000000000,268.47,234.85351
2021-11-16T04:00:00.000000000,260.02,236.57605
2021-11-16T05:00:00.000000000,262.37,233.02316
2021-11-16T06:00:00.000000000,241.68,227.78862
2021-11-16T07:00:00.000000000,237.09,219.00536
2021-11-16T08:00:00.000000000,237.13,207.95493
2021-11-16T09:00:00.000000000,228.58,200.29255
2021-11-16T10:00:00.000000000,214.05,199.00385
2021-11-16T11:00:00.000000000,202.7,201.48384
2021-11-16T12:00:00.000000000,206.02,202.67884
2021-11-16T13:00:00.000000000,224.89,198.65407
2021-11-16T14:00:00.000000000,245.71,183.58178
2021-11-16T15:00:00.000000000,253.8,157.75776
2021-11-16T16:00:00.000000000,188.69,131.70292
2021-11-16T17:00:00.000000000,173.38,114.47936
2021-11-16T18:00:00.000000000,161.36,107.85276
2021-11-16T19:00:00.000000000,148.18,108.3288
2021-11-16T20:00:00.000000000,148.85,112.10415
2021-11-16T21:00:00.000000000,145.71,118.59653
2021-11-16T22:00:00.000000000,141.77,130.14934
2021-11-16T23:00:00.000000000,151.96,149.74279
2021-11-17T00:00:00.000000000,212.57,207.61807
2021-11-17T01:00:00.000000000,244.76,218.50733
2021-11-17T02:00:00.000000000,246.54,225.41715
2021-11-17T03:00:00.000000000,244.12,230.11084
2021-11-17T04:00:00.000000000,251.67,229.11032
2021-11-17T05:00:00.000000000,252.37,226.84952
2021-11-17T06:00:00.000000000,264.28,224.61584
2021-11-17T07:00:00.000000000,253.46,219.33721
2021-11-17T08:00:00.000000000,257.7,214.73738
2021-11-17T09:00:00.000000000,256.74,214.44565
2021-11-17T10:00:00.000000000,263.55,217.58324
2021-11-17T11:00:00.000000000,266.82,222.2233
2021-11-17T12:00:00.000000000,275.95,224.26722
2021-11-17T13:00:00.000000000,279.74,222.11644
2021-11-17T14:00:00.000000000,281.46,214.89656
2021-11-17T15:00:00.000000000,267.88,203.18615
2021-11-17T16:00:00.000000000,202.02,188.57421
2021-11-17T17:00:00.000000000,172.47,172.40943
2021-11-17T18:00:00.000000000,162.17,157.98776
2021-11-17T19:00:00.000000000,157.9,148.91958
2021-11-17T20:00:00.000000000,152.14,146.93107
2021-11-17T21:00:00.000000000,158.64,153.1093
2021-11-17T22:00:00.000000000,158.96,167.44512
2021-11-17T23:00:00.000000000,179.54,187.47125
2021-11-18T00:00:00.000000000,259.44,227.77613
2021-11-18T01:00:00.000000000,297.1,249.96626
2021-11-18T02:00:00.000000000,295.92,264.91388
2021-11-18T03:00:00.000000000,297.58,270.86228
2021-11-18T04:00:00.000000000,297.05,267.93421
2021-11-18T05:00:00.000000000,305.0,263.95101
2021-11-18T06:00:00.000000000,298.0,260.60304
2021-11-18T07:00:00.000000000,296.26,251.99959
2021-11-18T08:00:00.000000000,293.8,242.77787
2021-11-18T09:00:00.000000000,289.96,238.37685
2021-11-18T10:00:00.000000000,289.85,239.409
2021-11-18T11:00:00.000000000,290.28,243.68859
2021-11-18T12:00:00.000000000,289.01,245.83775
2021-11-18T13:00:00.000000000,291.6,244.72445
2021-11-18T14:00:00.000000000,289.08,239.35666
2021-11-18T15:00:00.000000000,268.71,228.52045
2021-11-18T16:00:00.000000000,214.14,212.6657
2021-11-18T17:00:00.000000000,187.37,193.61507
2021-11-18T18:00:00.000000000,167.89,176.36447
2021-11-18T19:00:00.000000000,173.35,166.29351
2021-11-18T20:00:00.000000000,184.23,164.71552
2021-11-18T21:00:00.000000000,185.6,168.94292
2021-11-18T22:00:00.000000000,180.48,177.8459
2021-11-18T23:00:00.000000000,210.91,195.59762
2021-11-16T00:00:00.000000000,267.1,189.59401
2021-11-16T01:00:00.000000000,276.08,222.89249
2021-11-16T02:00:00.000000000,271.26,244.69476
2021-11-16T03:00:00.000000000,268.47,253.89823
2021-11-16T04:00:00.000000000,260.02,251.17044
2021-11-16T05:00:00.000000000,262.37,245.66575
2021-11-16T06:00:00.000000000,241.68,240.84127
2021-11-16T07:00:00.000000000,237.09,234.14087
2021-11-16T08:00:00.000000000,237.13,226.65323
2021-11-16T09:00:00.000000000,228.58,221.1244
2021-11-16T10:00:00.000000000,214.05,218.65984
2021-11-16T11:00:00.000000000,202.7,222.02056
2021-11-16T12:00:00.000000000,206.02,230.36048
2021-11-16T13:00:00.000000000,224.89,236.9932
2021-11-16T14:00:00.000000000,245.71,227.20011
2021-11-16T15:00:00.000000000,253.8,197.26113
2021-11-16T16:00:00.000000000,188.69,163.58902
2021-11-16T17:00:00.000000000,173.38,140.54707
2021-11-16T18:00:00.000000000,161.36,131.17902
2021-11-16T19:00:00.000000000,148.18,129.91102
2021-11-16T20:00:00.000000000,148.85,130.77662
2021-11-16T21:00:00.000000000,145.71,131.97993
2021-11-16T22:00:00.000000000,141.77,136.88184
2021-11-16T23:00:00.000000000,151.96,154.36659
2021-11-17T00:00:00.000000000,212.57,206.00938
2021-11-17T01:00:00.000000000,244.76,224.11107
2021-11-17T02:00:00.000000000,246.54,235.90221
2021-11-17T03:00:00.000000000,244.12,240.34473
2021-11-17T04:00:00.000000000,251.67,236.52587
2021-11-17T05:00:00.000000000,252.37,231.65484
2021-11-17T06:00:00.000000000,264.28,228.20662
2021-11-17T07:00:00.000000000,253.46,222.56569
2021-11-17T08:00:00.000000000,257.7,217.78866
2021-11-17T09:00:00.000000000,256.74,216.63728
2021-11-17T10:00:00.000000000,263.55,219.39135
2021-11-17T11:00:00.000000000,266.82,226.52914
2021-11-17T12:00:00.000000000,275.95,233.18543
2021-11-17T13:00:00.000000000,279.74,235.31737
2021-11-17T14:00:00.000000000,281.46,229.64145
2021-11-17T15:00:00.000000000,267.88,216.76181
2021-11-17T16:00:00.000000000,202.02,199.89306
2021-11-17T17:00:00.000000000,172.47,181.73894
2021-11-17T18:00:00.000000000,162.17,166.30207
2021-11-17T19:00:00.000000000,157.9,156.70276
2021-11-17T20:00:00.000000000,152.14,153.99638
2021-11-17T21:00:00.000000000,158.64,157.54656
2021-11-17T22:00:00.000000000,158.96,167.13074
2021-11-17T23:00:00.000000000,179.54,183.76641
2021-11-18T00:00:00.000000000,259.44,235.74044
2021-11-18T01:00:00.000000000,297.1,258.80526
2021-11-18T02:00:00.000000000,295.92,272.83624
2021-11-18T03:00:00.000000000,297.58,276.84048
2021-11-18T04:00:00.000000000,297.05,271.83299
2021-11-18T05:00:00.000000000,305.0,266.9905
2021-11-18T06:00:00.000000000,298.0,264.61315
2021-11-18T07:00:00.000000000,296.26,258.12929
2021-11-18T08:00:00.000000000,293.8,251.0544
2021-11-18T09:00:00.000000000,289.96,248.07079
2021-11-18T10:00:00.000000000,289.85,249.52346
2021-11-18T11:00:00.000000000,290.28,254.19211
2021-11-18T12:00:00.000000000,289.01,258.30748
2021-11-18T13:00:00.000000000,291.6,259.29415
2021-11-18T14:00:00.000000000,289.08,252.58916
2021-11-18T15:00:00.000000000,268.71,236.64435
2021-11-18T16:00:00.000000000,214.14,215.83425
2021-11-18T17:00:00.000000000,187.37,194.41121
2021-11-18T18:00:00.000000000,167.89,176.63786
2021-11-18T19:00:00.000000000,173.35,166.87567
2021-11-18T20:00:00.000000000,184.23,166.31373
2021-11-18T21:00:00.000000000,185.6,171.5678
2021-11-18T22:00:00.000000000,180.48,181.59051
2021-11-18T23:00:00.000000000,210.91,201.52566
2021-11-19T00:00:00.000000000,277.18,238.80403
2021-11-19T01:00:00.000000000,300.27,264.54573
2021-11-19T02:00:00.000000000,294.8,280.72545
2021-11-19T03:00:00.000000000,295.45,285.72679
2021-11-19T04:00:00.000000000,284.83,281.14609
2021-11-19T05:00:00.000000000,292.19,276.77849
2021-11-19T06:00:00.000000000,290.3,274.8918
2021-11-19T07:00:00.000000000,282.07,268.11919
2021-11-19T08:00:00.000000000,279.07,260.0986
2021-11-19T09:00:00.000000000,277.14,255.74648
2021-11-19T10:00:00.000000000,281.34,255.92699
2021-11-19T11:00:00.000000000,282.3,259.42336
2021-11-19T12:00:00.000000000,281.87,262.11667
2021-11-19T13:00:00.000000000,276.98,262.19878
2021-11-19T14:00:00.000000000,278.28,256.05676
2021-11-19T15:00:00.000000000,265.2,241.10011
2021-11-19T16:00:00.000000000,199.07,220.28489
2021-11-19T17:00:00.000000000,165.42,197.46006
2021-11-19T18:00:00.000000000,164.27,178.2143
2021-11-19T19:00:00.000000000,161.48,167.60491
2021-11-19T20:00:00.000000000,174.33,166.53203
2021-11-19T21:00:00.000000000,172.62,171.04044
2021-11-19T22:00:00.000000000,171.77,180.09246
2021-11-19T23:00:00.000000000,185.51,200.28781
2021-11-17T00:00:00.000000000,212.57,201.40441
2021-11-17T01:00:00.000000000,244.76,220.3237
2021-11-17T02:00:00.000000000,246.54,232.50882
2021-11-17T03:00:00.000000000,244.12,238.52015
2021-11-17T04:00:00.000000000,251.67,235.3088
2021-11-17T05:00:00.000000000,252.37,232.57184
2021-11-17T06:00:00.000000000,264.28,234.5861
2021-11-17T07:00:00.000000000,253.46,234.87113
2021-11-17T08:00:00.000000000,257.7,233.10245
2021-11-17T09:00:00.000000000,256.74,232.77837
2021-11-17T10:00:00.000000000,263.55,232.86464
2021-11-17T11:00:00.000000000,266.82,234.62383
2021-11-17T12:00:00.000000000,275.95,241.63452
2021-11-17T13:00:00.000000000,279.74,252.34692
2021-11-17T14:00:00.000000000,281.46,255.17256
2021-11-17T15:00:00.000000000,267.88,240.98186
2021-11-17T16:00:00.000000000,202.02,213.27859
2021-11-17T17:00:00.000000000,172.47,180.6076
2021-11-17T18:00:00.000000000,162.17,152.71415
2021-11-17T19:00:00.000000000,157.9,138.19168
2021-11-17T20:00:00.000000000,152.14,138.08643
2021-11-17T21:00:00.000000000,158.64,145.79062
2021-11-17T22:00:00.000000000,158.96,157.50278
2021-11-17T23:00:00.000000000,179.54,176.70002
2021-11-18T00:00:00.000000000,259.44,236.97278
2021-11-18T01:00:00.000000000,297.1,266.38277
2021-11-18T02:00:00.000000000,295.92,284.69285
2021-11-18T03:00:00.000000000,297.58,290.11496
2021-11-18T04:00:00.000000000,297.05,284.56698
2021-11-18T05:00:00.000000000,305.0,279.91991
2021-11-18T06:00:00.000000000,298.0,279.71602
2021-11-18T07:00:00.000000000,296.26,276.06722
2021-11-18T08:00:00.000000000,293.8,270.225
2021-11-18T09:00:00.000000000,289.96,266.19114
2021-11-18T10:00:00.000000000,289.85,265.26298
2021-11-18T11:00:00.000000000,290.28,268.42351
2021-11-18T12:00:00.000000000,289.01,273.18097
2021-11-18T13:00:00.000000000,291.6,275.69061
2021-11-18T14:00:00.000000000,289.08,267.55982
2021-11-18T15:00:00.000000000,268.71,244.66902
2021-11-18T16:00:00.000000000,214.14,214.7559
2021-11-18T17:00:00.000000000,187.37,186.18061
2021-11-18T18:00:00.000000000,167.89,165.66574
2021-11-18T19:00:00.000000000,173.35,156.48985
2021-11-18T20:00:00.000000000,184.23,157.00689
2021-11-18T21:00:00.000000000,185.6,162.41072
2021-11-18T22:00:00.000000000,180.48,172.44898
2021-11-18T23:00:00.000000000,210.91,195.18212
2021-11-19T00:00:00.000000000,277.18,231.74927
2021-11-19T01:00:00.000000000,300.27,259.81623
2021-11-19T02:00:00.000000000,294.8,278.22524
2021-11-19T03:00:00.000000000,295.45,284.89043
2021-11-19T04:00:00.000000000,284.83,280.99636
2021-11-19T05:00:00.000000000,292.19,276.44905
2021-11-19T06:00:00.000000000,290.3,274.13044
2021-11-19T07:00:00.000000000,282.07,267.58052
2021-11-19T08:00:00.000000000,279.07,259.64854
2021-11-19T09:00:00.000000000,277.14,254.73112
2021-11-19T10:00:00.000000000,281.34,253.97592
2021-11-19T11:00:00.000000000,282.3,257.28756
2021-11-19T12:00:00.000000000,281.87,260.79269
2021-11-19T13:00:00.000000000,276.98,261.6079
2021-11-19T14:00:00.000000000,278.28,254.17259
2021-11-19T15:00:00.000000000,265.2,235.49334
2021-11-19T16:00:00.000000000,199.07,210.9333
2021-11-19T17:00:00.000000000,165.42,186.7576
2021-11-19T18:00:00.000000000,164.27,168.81967
2021-11-19T19:00:00.000000000,161.48,160.18154
2021-11-19T20:00:00.000000000,174.33,159.79375
2021-11-19T21:00:00.000000000,172.62,164.09358
2021-11-19T22:00:00.000000000,171.77,172.74436
2021-11-19T23:00:00.000000000,185.51,192.79636
2021-11-20T00:00:00.000000000,234.97,210.10632
2021-11-20T01:00:00.000000000,262.97,233.61312
2021-11-20T02:00:00.000000000,270.46,251.21826
2021-11-20T03:00:00.000000000,261.36,261.13026
2021-11-20T04:00:00.000000000,251.3,261.91072
2021-11-20T05:00:00.000000000,250.15,260.10541
2021-11-20T06:00:00.000000000,248.16,257.35094
2021-11-20T07:00:00.000000000,237.4,249.54126
2021-11-20T08:00:00.000000000,225.63,240.851
2021-11-20T09:00:00.000000000,218.9,235.57268
2021-11-20T10:00:00.000000000,211.51,234.05578
2021-11-20T11:00:00.000000000,236.34,234.87574
2021-11-20T12:00:00.000000000,240.22,233.43194
2021-11-20T13:00:00.000000000,248.58,230.74163
2021-11-20T14:00:00.000000000,258.38,226.49015
2021-11-20T15:00:00.000000000,252.1,216.27268
2021-11-20T16:00:00.000000000,185.77,198.7381
2021-11-20T17:00:00.000000000,151.82,177.04763
2021-11-20T18:00:00.000000000,140.89,158.95413
2021-11-20T19:00:00.000000000,141.81,149.41128
2021-11-20T20:00:00.000000000,143.09,147.86121
2021-11-20T21:00:00.000000000,139.36,152.18752
2021-11-20T22:00:00.000000000,138.99,161.07198
2021-11-20T23:00:00.000000000,168.29,178.18598
2021-11-18T00:00:00.000000000,259.44,248.82312
2021-11-18T01:00:00.000000000,297.1,275.92929
2021-11-18T02:00:00.000000000,295.92,291.03503
2021-11-18T03:00:00.000000000,297.58,296.5127
2021-11-18T04:00:00.000000000,297.05,292.75511
2021-11-18T05:00:00.000000000,305.0,290.00236
2021-11-18T06:00:00.000000000,298.0,290.72213
2021-11-18T07:00:00.000000000,296.26,287.35067
2021-11-18T08:00:00.000000000,293.8,280.78957
2021-11-18T09:00:00.000000000,289.96,276.86859
2021-11-18T10:00:00.000000000,289.85,275.67789
2021-11-18T11:00:00.000000000,290.28,278.55204
2021-11-18T12:00:00.000000000,289.01,287.01562
2021-11-18T13:00:00.000000000,291.6,293.22327
2021-11-18T14:00:00.000000000,289.08,278.91514
2021-11-18T15:00:00.000000000,268.71,240.45482
2021-11-18T16:00:00.000000000,214.14,198.33888
2021-11-18T17:00:00.000000000,187.37,169.1168
2021-11-18T18:00:00.000000000,167.89,154.73987
2021-11-18T19:00:00.000000000,173.35,152.15527
2021-11-18T20:00:00.000000000,184.23,156.20019
2021-11-18T21:00:00.000000000,185.6,163.57168
2021-11-18T22:00:00.000000000,180.48,177.28594
2021-11-18T23:00:00.000000000,210.91,205.41868
2021-11-19T00:00:00.000000000,277.18,227.51736
2021-11-19T01:00:00.000000000,300.27,258.36878
2021-11-19T02:00:00.000000000,294.8,278.83104
2021-11-19T03:00:00.000000000,295.45,287.02632
2021-11-19T04:00:00.000000000,284.83,283.65166
2021-11-19T05:00:00.000000000,292.19,278.61535
2021-11-19T06:00:00.000000000,290.3,275.41649
2021-11-19T07:00:00.000000000,282.07,268.70316
2021-11-19T08:00:00.000000000,279.07,260.22433
2021-11-19T09:00:00.000000000,277.14,254.53754
2021-11-19T10:00:00.000000000,281.34,253.581
2021-11-19T11:00:00.000000000,282.3,258.11834
2021-11-19T12:00:00.000000000,281.87,263.82798
2021-11-19T13:00:00.000000000,276.98,264.30505
2021-11-19T14:00:00.000000000,278.28,250.5354
2021-11-19T15:00:00.000000000,265.2,221.88665
2021-11-19T16:00:00.000000000,199.07,191.00183
2021-11-19T17:00:00.000000000,165.42,167.86963
2021-11-19T18:00:00.000000000,164.27,155.10275
2021-11-19T19:00:00.000000000,161.48,150.65997
2021-11-19T20:00:00.000000000,174.33,151.3962
2021-11-19T21:00:00.000000000,172.62,155.65504
2021-11-19T22:00:00.000000000,171.77,165.16568
2021-11-19T23:00:00.000000000,185.51,187.05044
2021-11-20T00:00:00.000000000,234.97,219.87734
2021-11-20T01:00:00.000000000,262.97,242.74238
2021-11-20T02:00:00.000000000,270.46,257.16892
2021-11-20T03:00:00.000000000,261.36,263.57479
2021-11-20T04:00:00.000000000,251.3,261.6818
2021-11-20T05:00:00.000000000,250.15,257.9621
2021-11-20T06:00:00.000000000,248.16,253.94523
2021-11-20T07:00:00.000000000,237.4,246.05402
2021-11-20T08:00:00.000000000,225.63,238.67015
2021-11-20T09:00:00.000000000,218.9,235.67486
2021-11-20T10:00:00.000000000,211.51,236.77332
2021-11-20T11:00:00.000000000,236.34,240.39658
2021-11-20T12:00:00.000000000,240.22,242.38635
2021-11-20T13:00:00.000000000,248.58,241.27267
2021-11-20T14:00:00.000000000,258.38,233.38535
2021-11-20T15:00:00.000000000,252.1,216.14316
2021-11-20T16:00:00.000000000,185.77,194.30945
2021-11-20T17:00:00.000000000,151.82,173.64294
2021-11-20T18:00:00.000000000,140.89,159.04417
2021-11-20T19:00:00.000000000,141.81,151.88373
2021-11-20T20:00:00.000000000,143.09,151.18835
2021-11-20T21:00:00.000000000,139.36,156.01294
2021-11-20T22:00:00.000000000,138.99,166.82378
2021-11-20T23:00:00.000000000,168.29,187.37566
2021-11-21T00:00:00.000000000,236.9,230.6216
2021-11-21T01:00:00.000000000,287.43,250.89079
2021-11-21T02:00:00.000000000,291.67,262.50165
2021-11-21T03:00:00.000000000,289.68,265.81866
2021-11-21T04:00:00.000000000,276.75,260.91218
2021-11-21T05:00:00.000000000,269.62,256.66457
2021-11-21T06:00:00.000000000,264.4,255.77948
2021-11-21T07:00:00.000000000,256.27,252.25481
2021-11-21T08:00:00.000000000,265.35,248.77549
2021-11-21T09:00:00.000000000,243.71,248.58079
2021-11-21T10:00:00.000000000,241.48,250.47424
2021-11-21T11:00:00.000000000,228.61,253.89781
2021-11-21T12:00:00.000000000,232.06,256.84977
2021-11-21T13:00:00.000000000,232.7,257.36723
2021-11-21T14:00:00.000000000,232.95,251.38221
2021-11-21T15:00:00.000000000,214.57,236.97313
2021-11-21T16:00:00.000000000,143.27,217.39605
2021-11-21T17:00:00.000000000,123.9,195.59578
2021-11-21T18:00:00.000000000,111.89,175.58065
2021-11-21T19:00:00.000000000,107.59,162.80989
2021-11-21T20:00:00.000000000,108.55,160.35427
2021-11-21T21:00:00.000000000,105.86,166.12682
2021-11-21T22:00:00.000000000,114.86,178.54595
2021-11-21T23:00:00.000000000,143.16,200.14956
2021-11-19T00:00:00.000000000,277.18,220.05076
2021-11-19T01:00:00.000000000,300.27,254.29762
2021-11-19T02:00:00.000000000,294.8,277.33952
2021-11-19T03:00:00.000000000,295.45,287.54162
2021-11-19T04:00:00.000000000,284.83,285.84258
2021-11-19T05:00:00.000000000,292.19,281.91471
2021-11-19T06:00:00.000000000,290.3,279.11735
2021-11-19T07:00:00.000000000,282.07,272.50831
2021-11-19T08:00:00.000000000,279.07,263.33
2021-11-19T09:00:00.000000000,277.14,255.61803
2021-11-19T10:00:00.000000000,281.34,251.0204
2021-11-19T11:00:00.000000000,282.3,252.4487
2021-11-19T12:00:00.000000000,281.87,258.99379
2021-11-19T13:00:00.000000000,276.98,264.42709
2021-11-19T14:00:00.000000000,278.28,255.00282
2021-11-19T15:00:00.000000000,265.2,225.66038
2021-11-19T16:00:00.000000000,199.07,190.71655
2021-11-19T17:00:00.000000000,165.42,164.8544
2021-11-19T18:00:00.000000000,164.27,152.47276
2021-11-19T19:00:00.000000000,161.48,149.91852
2021-11-19T20:00:00.000000000,174.33,151.36863
2021-11-19T21:00:00.000000000,172.62,154.07018
2021-11-19T22:00:00.000000000,171.77,159.47555
2021-11-19T23:00:00.000000000,185.51,177.67437
2021-11-20T00:00:00.000000000,234.97,210.64772
2021-11-20T01:00:00.000000000,262.97,232.10703
2021-11-20T02:00:00.000000000,270.46,246.73199
2021-11-20T03:00:00.000000000,261.36,254.33425
2021-11-20T04:00:00.000000000,251.3,253.13864
2021-11-20T05:00:00.000000000,250.15,249.54268
2021-11-20T06:00:00.000000000,248.16,245.97562
2021-11-20T07:00:00.000000000,237.4,239.12404
2021-11-20T08:00:00.000000000,225.63,232.24616
2021-11-20T09:00:00.000000000,218.9,229.16548
2021-11-20T10:00:00.000000000,211.51,230.34562
2021-11-20T11:00:00.000000000,236.34,235.25633
2021-11-20T12:00:00.000000000,240.22,239.89545
2021-11-20T13:00:00.000000000,248.58,240.6295
2021-11-20T14:00:00.000000000,258.38,231.72861
2021-11-20T15:00:00.000000000,252.1,211.96957
2021-11-20T16:00:00.000000000,185.77,188.55053
2021-11-20T17:00:00.000000000,151.82,168.22262
2021-11-20T18:00:00.000000000,140.89,154.7082
2021-11-20T19:00:00.000000000,141.81,148.38261
2021-11-20T20:00:00.000000000,143.09,148.02568
2021-11-20T21:00:00.000000000,139.36,152.70209
2021-11-20T22:00:00.000000000,138.99,162.98686
2021-11-20T23:00:00.000000000,168.29,182.02097
2021-11-21T00:00:00.000000000,236.9,226.40594
2021-11-21T01:00:00.000000000,287.43,247.33985
2021-11-21T02:00:00.000000000,291.67,259.51697
2021-11-21T03:00:00.000000000,289.68,262.79494
2021-11-21T04:00:00.000000000,276.75,257.23913
2021-11-21T05:00:00.000000000,269.62,252.36415
2021-11-21T06:00:00.000000000,264.4,251.69785
2021-11-21T07:00:00.000000000,256.27,249.38861
2021-11-21T08:00:00.000000000,265.35,246.95186
2021-11-21T09:00:00.000000000,243.71,246.94844
2021-11-21T10:00:00.000000000,241.48,248.7509
2021-11-21T11:00:00.000000000,228.61,253.0132
2021-11-21T12:00:00.000000000,232.06,257.57552
2021-11-21T13:00:00.000000000,232.7,258.56886
2021-11-21T14:00:00.000000000,232.95,250.74658
2021-11-21T15:00:00.000000000,214.57,233.63085
2021-11-21T16:00:00.000000000,143.27,212.71744
2021-11-21T17:00:00.000000000,123.9,191.60441
2021-11-21T18:00:00.000000000,111.89,173.00094
2021-11-21T19:00:00.000000000,107.59,160.91622
2021-11-21T20:00:00.000000000,108.55,158.25533
2021-11-21T21:00:00.000000000,105.86,163.50237
2021-11-21T22:00:00.000000000,114.86,175.52163
2021-11-21T23:00:00.000000000,143.16,196.72503
2021-11-22T00:00:00.000000000,224.14,239.39388
2021-11-22T01:00:00.000000000,261.01,261.57478
2021-11-22T02:00:00.000000000,272.75,276.13571
2021-11-22T03:00:00.000000000,276.46,281.49246
2021-11-22T04:00:00.000000000,278.46,277.17015
2021-11-22T05:00:00.000000000,270.49,273.10512
2021-11-22T06:00:00.000000000,268.06,272.42578
2021-11-22T07:00:00.000000000,264.89,267.96236
2021-11-22T08:00:00.000000000,261.59,262.63202
2021-11-22T09:00:00.000000000,253.99,260.95949
2021-11-22T10:00:00.000000000,253.55,262.39709
2021-11-22T11:00:00.000000000,249.57,265.81682
2021-11-22T12:00:00.000000000,246.16,268.04293
2021-11-22T13:00:00.000000000,243.16,265.97756
2021-11-22T14:00:00.000000000,247.06,257.02764
2021-11-22T15:00:00.000000000,235.64,242.06125
2021-11-22T16:00:00.000000000,158.06,224.93669
2021-11-22T17:00:00.000000000,143.1,206.199
2021-11-22T18:00:00.000000000,126.57,187.52218
2021-11-22T19:00:00.000000000,128.07,174.61875
2021-11-22T20:00:00.000000000,135.41,171.54331
2021-11-22T21:00:00.000000000,144.45,176.2775
2021-11-22T22:00:00.000000000,160.8,186.81056
2021-11-22T23:00:00.000000000,212.35,206.76816
2021-11-20T00:00:00.000000000,234.97,217.20322
2021-11-20T01:00:00.000000000,262.97,233.1954
2021-11-20T02:00:00.000000000,270.46,243.22407
2021-11-20T03:00:00.000000000,261.36,249.1816
2021-11-20T04:00:00.000000000,251.3,248.47419
2021-11-20T05:00:00.000000000,250.15,247.01192
2021-11-20T06:00:00.000000000,248.16,246.15298
2021-11-20T07:00:00.000000000,237.4,240.68809
2021-11-20T08:00:00.000000000,225.63,234.17449
2021-11-20T09:00:00.000000000,218.9,231.77419
2021-11-20T10:00:00.000000000,211.51,232.86393
2021-11-20T11:00:00.000000000,236.34,237.0073
2021-11-20T12:00:00.000000000,240.22,245.15772
2021-11-20T13:00:00.000000000,248.58,254.26092
2021-11-20T14:00:00.000000000,258.38,252.4736
2021-11-20T15:00:00.000000000,252.1,234.19107
2021-11-20T16:00:00.000000000,185.77,207.15731
2021-11-20T17:00:00.000000000,151.82,181.6787
2021-11-20T18:00:00.000000000,140.89,164.10484
2021-11-20T19:00:00.000000000,141.81,157.21408
2021-11-20T20:00:00.000000000,143.09,158.67798
2021-11-20T21:00:00.000000000,139.36,164.22076
2021-11-20T22:00:00.000000000,138.99,173.83439
2021-11-20T23:00:00.000000000,168.29,191.80221
2021-11-21T00:00:00.000000000,236.9,241.69533
2021-11-21T01:00:00.000000000,287.43,265.6884
2021-11-21T02:00:00.000000000,291.67,279.26797
2021-11-21T03:00:00.000000000,289.68,282.62886
2021-11-21T04:00:00.000000000,276.75,276.54826
2021-11-21T05:00:00.000000000,269.62,271.38447
2021-11-21T06:00:00.000000000,264.4,270.51928
2021-11-21T07:00:00.000000000,256.27,267.36532
2021-11-21T08:00:00.000000000,265.35,263.15344
2021-11-21T09:00:00.000000000,243.71,261.44571
2021-11-21T10:00:00.000000000,241.48,262.53906
2021-11-21T11:00:00.000000000,228.61,267.06011
2021-11-21T12:00:00.000000000,232.06,273.47856
2021-11-21T13:00:00.000000000,232.7,276.08411
2021-11-21T14:00:00.000000000,232.95,265.2098
2021-11-21T15:00:00.000000000,214.57,239.5741
2021-11-21T16:00:00.000000000,143.27,210.32886
2021-11-21T17:00:00.000000000,123.9,186.04652
2021-11-21T18:00:00.000000000,111.89,169.4271
2021-11-21T19:00:00.000000000,107.59,161.61399
2021-11-21T20:00:00.000000000,108.55,162.22925
2021-11-21T21:00:00.000000000,105.86,168.61058
2021-11-21T22:00:00.000000000,114.86,181.07345
2021-11-21T23:00:00.000000000,143.16,204.80983
2021-11-22T00:00:00.000000000,224.14,245.379
2021-11-22T01:00:00.000000000,261.01,267.14594
2021-11-22T02:00:00.000000000,272.75,281.54533
2021-11-22T03:00:00.000000000,276.46,287.3375
2021-11-22T04:00:00.000000000,278.46,283.13282
2021-11-22T05:00:00.000000000,270.49,278.40622
2021-11-22T06:00:00.000000000,268.06,276.5444
2021-11-22T07:00:00.000000000,264.89,270.68978
2021-11-22T08:00:00.000000000,261.59,263.60544
2021-11-22T09:00:00.000000000,253.99,260.80679
2021-11-22T10:00:00.000000000,253.55,262.76167
2021-11-22T11:00:00.000000000,249.57,268.27525
2021-11-22T12:00:00.000000000,246.16,273.72662
2021-11-22T13:00:00.000000000,243.16,273.27318
2021-11-22T14:00:00.000000000,247.06,260.52026
2021-11-22T15:00:00.000000000,235.64,237.23996
2021-11-22T16:00:00.000000000,158.06,213.00215
2021-11-22T17:00:00.000000000,143.1,192.77414
2021-11-22T18:00:00.000000000,126.57,177.72653
2021-11-22T19:00:00.000000000,128.07,170.34809
2021-11-22T20:00:00.000000000,135.41,171.51083
2021-11-22T21:00:00.000000000,144.45,178.47492
2021-11-22T22:00:00.000000000,160.8,190.35404
2021-11-22T23:00:00.000000000,212.35,211.66801
2021-11-23T00:00:00.000000000,276.2,204.03785
2021-11-23T01:00:00.000000000,287.34,227.84296
2021-11-23T02:00:00.000000000,276.39,246.48677
2021-11-23T03:00:00.000000000,267.2,257.30442
2021-11-23T04:00:00.000000000,272.65,258.38362
2021-11-23T05:00:00.000000000,277.37,256.57314
2021-11-23T06:00:00.000000000,280.18,253.93288
2021-11-23T07:00:00.000000000,271.39,246.73523
2021-11-23T08:00:00.000000000,271.48,238.23924
2021-11-23T09:00:00.000000000,268.3,232.75956
2021-11-23T10:00:00.000000000,262.11,231.40644
2021-11-23T11:00:00.000000000,257.02,232.58497
2021-11-23T12:00:00.000000000,251.17,229.99401
2021-11-23T13:00:00.000000000,239.44,223.5218
2021-11-23T14:00:00.000000000,231.26,214.42246
2021-11-23T15:00:00.000000000,229.91,201.45431
2021-11-23T16:00:00.000000000,183.79,184.76759
2021-11-23T17:00:00.000000000,164.86,166.43264
2021-11-23T18:00:00.000000000,150.56,151.69718
2021-11-23T19:00:00.000000000,137.95,143.68248
2021-11-23T20:00:00.000000000,129.4,141.82707
2021-11-23T21:00:00.000000000,126.17,145.90241
2021-11-23T22:00:00.000000000,124.91,155.44554
2021-11-23T23:00:00.000000000,141.51,172.83935
2021-11-21T00:00:00.000000000,236.9,197.21832
2021-11-21T01:00:00.000000000,287.43,235.1178
2021-11-21T02:00:00.000000000,291.67,259.58483
2021-11-21T03:00:00.000000000,289.68,272.62064
2021-11-21T04:00:00.000000000,276.75,274.11687
2021-11-21T05:00:00.000000000,269.62,271.86211
2021-11-21T06:00:00.000000000,264.4,267.73202
2021-11-21T07:00:00.000000000,256.27,258.89972
2021-11-21T08:00:00.000000000,265.35,248.23146
2021-11-21T09:00:00.000000000,243.71,240.78569
2021-11-21T10:00:00.000000000,241.48,235.53787
2021-11-21T11:00:00.000000000,228.61,233.59739
2021-11-21T12:00:00.000000000,232.06,239.28073
2021-11-21T13:00:00.000000000,232.7,250.0367
2021-11-21T14:00:00.000000000,232.95,246.52277
2021-11-21T15:00:00.000000000,214.57,215.03084
2021-11-21T16:00:00.000000000,143.27,171.16924
2021-11-21T17:00:00.000000000,123.9,136.3648
2021-11-21T18:00:00.000000000,111.89,119.8582
2021-11-21T19:00:00.000000000,107.59,117.88312
2021-11-21T20:00:00.000000000,108.55,121.55172
2021-11-21T21:00:00.000000000,105.86,125.16454
2021-11-21T22:00:00.000000000,114.86,130.88994
2021-11-21T23:00:00.000000000,143.16,151.67737
2021-11-22T00:00:00.000000000,224.14,224.25314
2021-11-22T01:00:00.000000000,261.01,251.44136
2021-11-22T02:00:00.000000000,272.75,271.69707
2021-11-22T03:00:00.000000000,276.46,282.42013
2021-11-22T04:00:00.000000000,278.46,281.05963
2021-11-22T05:00:00.000000000,270.49,276.90478
2021-11-22T06:00:00.000000000,268.06,274.18411
2021-11-22T07:00:00.000000000,264.89,267.67089
2021-11-22T08:00:00.000000000,261.59,258.98315
2021-11-22T09:00:00.000000000,253.99,253.83202
2021-11-22T10:00:00.000000000,253.55,254.04339
2021-11-22T11:00:00.000000000,249.57,259.28015
2021-11-22T12:00:00.000000000,246.16,266.23333
2021-11-22T13:00:00.000000000,243.16,268.61796
2021-11-22T14:00:00.000000000,247.06,256.50431
2021-11-22T15:00:00.000000000,235.64,228.6132
2021-11-22T16:00:00.000000000,158.06,196.71474
2021-11-22T17:00:00.000000000,143.1,170.97148
2021-11-22T18:00:00.000000000,126.57,154.99496
2021-11-22T19:00:00.000000000,128.07,149.42218
2021-11-22T20:00:00.000000000,135.41,151.77529
2021-11-22T21:00:00.000000000,144.45,158.20252
2021-11-22T22:00:00.000000000,160.8,168.47717
2021-11-22T23:00:00.000000000,212.35,188.7057
2021-11-23T00:00:00.000000000,276.2,208.79703
2021-11-23T01:00:00.000000000,287.34,233.87091
2021-11-23T02:00:00.000000000,276.39,254.7271
2021-11-23T03:00:00.000000000,267.2,267.83885
2021-11-23T04:00:00.000000000,272.65,269.26394
2021-11-23T05:00:00.000000000,277.37,266.04281
2021-11-23T06:00:00.000000000,280.18,262.00355
2021-11-23T07:00:00.000000000,271.39,253.75543
2021-11-23T08:00:00.000000000,271.48,243.86171
2021-11-23T09:00:00.000000000,268.3,237.47653
2021-11-23T10:00:00.000000000,262.11,236.76126
2021-11-23T11:00:00.000000000,257.02,240.76598
2021-11-23T12:00:00.000000000,251.17,243.88839
2021-11-23T13:00:00.000000000,239.44,242.28369
2021-11-23T14:00:00.000000000,231.26,231.46597
2021-11-23T15:00:00.000000000,229.91,210.78034
2021-11-23T16:00:00.000000000,183.79,186.73437
2021-11-23T17:00:00.000000000,164.86,165.74138
2021-11-23T18:00:00.000000000,150.56,151.76401
2021-11-23T19:00:00.000000000,137.95,145.91646
2021-11-23T20:00:00.000000000,129.4,146.40557
2021-11-23T21:00:00.000000000,126.17,151.41894
2021-11-23T22:00:00.000000000,124.91,160.41355
2021-11-23T23:00:00.000000000,141.51,177.33642
2021-11-24T00:00:00.000000000,193.35,217.20879
2021-11-24T01:00:00.000000000,231.22,232.596
2021-11-24T02:00:00.000000000,219.04,243.28906
2021-11-24T03:00:00.000000000,222.12,249.10829
2021-11-24T04:00:00.000000000,200.85,247.58243
2021-11-24T05:00:00.000000000,203.06,244.24045
2021-11-24T06:00:00.000000000,208.73,240.91804
2021-11-24T07:00:00.000000000,218.63,233.78563
2021-11-24T08:00:00.000000000,221.09,227.8395
2021-11-24T09:00:00.000000000,231.21,226.7222
2021-11-24T10:00:00.000000000,206.19,229.13579
2021-11-24T11:00:00.000000000,204.71,233.48671
2021-11-24T12:00:00.000000000,213.17,235.67731
2021-11-24T13:00:00.000000000,212.44,235.11272
2021-11-24T14:00:00.000000000,221.47,231.76
2021-11-24T15:00:00.000000000,220.19,224.59234
2021-11-24T16:00:00.000000000,144.59,211.85828
2021-11-24T17:00:00.000000000,110.07,193.75791
2021-11-24T18:00:00.000000000,104.02,175.51942
2021-11-24T19:00:00.000000000,101.34,163.37764
2021-11-24T20:00:00.000000000,100.57,159.97735
2021-11-24T21:00:00.000000000,104.76,164.33305
2021-11-24T22:00:00.000000000,101.9,175.41802
2021-11-24T23:00:00.000000000,130.2,193.3204
2021-11-22T00:00:00.000000000,224.14,201.77248
2021-11-22T01:00:00.000000000,261.01,231.34953
2021-11-22T02:00:00.000000000,272.75,249.90485
2021-11-22T03:00:00.000000000,276.46,259.43342
2021-11-22T04:00:00.000000000,278.46,258.60114
2021-11-22T05:00:00.000000000,270.49,255.95146
2021-11-22T06:00:00.000000000,268.06,254.05903
2021-11-22T07:00:00.000000000,264.89,248.21185
2021-11-22T08:00:00.000000000,261.59,239.77447
2021-11-22T09:00:00.000000000,253.99,234.65853
2021-11-22T10:00:00.000000000,253.55,233.39655
2021-11-22T11:00:00.000000000,249.57,236.03025
2021-11-22T12:00:00.000000000,246.16,244.0838
2021-11-22T13:00:00.000000000,243.16,252.70879
2021-11-22T14:00:00.000000000,247.06,245.89676
2021-11-22T15:00:00.000000000,235.64,216.02022
2021-11-22T16:00:00.000000000,158.06,177.43174
2021-11-22T17:00:00.000000000,143.1,145.5182
2021-11-22T18:00:00.000000000,126.57,126.47392
2021-11-22T19:00:00.000000000,128.07,119.90294
2021-11-22T20:00:00.000000000,135.41,121.94685
2021-11-22T21:00:00.000000000,144.45,128.17588
2021-11-22T22:00:00.000000000,160.8,139.98486
2021-11-22T23:00:00.000000000,212.35,164.58162
2021-11-23T00:00:00.000000000,276.2,193.97951
2021-11-23T01:00:00.000000000,287.34,225.44386
2021-11-23T02:00:00.000000000,276.39,250.56282
2021-11-23T03:00:00.000000000,267.2,265.21795
2021-11-23T04:00:00.000000000,272.65,266.81654
2021-11-23T05:00:00.000000000,277.37,263.40826
2021-11-23T06:00:00.000000000,280.18,258.93504
2021-11-23T07:00:00.000000000,271.39,250.5241
2021-11-23T08:00:00.000000000,271.48,239.7222
2021-11-23T09:00:00.000000000,268.3,231.42909
2021-11-23T10:00:00.000000000,262.11,228.84952
2021-11-23T11:00:00.000000000,257.02,232.0094
2021-11-23T12:00:00.000000000,251.17,234.65144
2021-11-23T13:00:00.000000000,239.44,232.38701
2021-11-23T14:00:00.000000000,231.26,220.04116
2021-11-23T15:00:00.000000000,229.91,196.08548
2021-11-23T16:00:00.000000000,183.79,168.63657
2021-11-23T17:00:00.000000000,164.86,146.18355
2021-11-23T18:00:00.000000000,150.56,133.17833
2021-11-23T19:00:00.000000000,137.95,128.60988
2021-11-23T20:00:00.000000000,129.4,129.05619
2021-11-23T21:00:00.000000000,126.17,132.98341
2021-11-23T22:00:00.000000000,124.91,140.8275
2021-11-23T23:00:00.000000000,141.51,158.15941
2021-11-24T00:00:00.000000000,193.35,206.25731
2021-11-24T01:00:00.000000000,231.22,223.06175
2021-11-24T02:00:00.000000000,219.04,235.19566
2021-11-24T03:00:00.000000000,222.12,242.05247
2021-11-24T04:00:00.000000000,200.85,240.43553
2021-11-24T05:00:00.000000000,203.06,236.32246
2021-11-24T06:00:00.000000000,208.73,232.47218
2021-11-24T07:00:00.000000000,218.63,225.52528
2021-11-24T08:00:00.000000000,221.09,218.6711
2021-11-24T09:00:00.000000000,231.21,216.19648
2021-11-24T10:00:00.000000000,206.19,218.70222
2021-11-24T11:00:00.000000000,204.71,224.55585
2021-11-24T12:00:00.000000000,213.17,227.9529
2021-11-24T13:00:00.000000000,212.44,225.82429
2021-11-24T14:00:00.000000000,221.47,217.24403
2021-11-24T15:00:00.000000000,220.19,203.38548
2021-11-24T16:00:00.000000000,144.59,186.42175
2021-11-24T17:00:00.000000000,110.07,168.37006
2021-11-24T18:00:00.000000000,104.02,153.05817
2021-11-24T19:00:00.000000000,101.34,144.24007
2021-11-24T20:00:00.000000000,100.57,143.37854
2021-11-24T21:00:00.000000000,104.76,149.87773
2021-11-24T22:00:00.000000000,101.9,163.14792
2021-11-24T23:00:00.000000000,130.2,182.6715
2021-11-25T00:00:00.000000000,207.77,232.69293
2021-11-25T01:00:00.000000000,247.51,247.37702
2021-11-25T02:00:00.000000000,252.7,258.99386
2021-11-25T03:00:00.000000000,255.63,266.58686
2021-11-25T04:00:00.000000000,256.79,265.64217
2021-11-25T05:00:00.000000000,251.19,262.25328
2021-11-25T06:00:00.000000000,236.5,259.813
2021-11-25T07:00:00.000000000,235.64,253.20928
2021-11-25T08:00:00.000000000,229.22,245.9996
2021-11-25T09:00:00.000000000,228.46,243.49324
2021-11-25T10:00:00.000000000,226.57,246.10962
2021-11-25T11:00:00.000000000,221.48,251.75627
2021-11-25T12:00:00.000000000,218.03,256.0547
2021-11-25T13:00:00.000000000,218.94,255.17539
2021-11-25T14:00:00.000000000,226.44,245.55289
2021-11-25T15:00:00.000000000,204.21,229.25376
2021-11-25T16:00:00.000000000,117.57,211.88956
2021-11-25T17:00:00.000000000,95.68,195.67935
2021-11-25T18:00:00.000000000,96.03,181.06225
2021-11-25T19:00:00.000000000,103.25,171.85023
2021-11-25T20:00:00.000000000,99.09,171.26499
2021-11-25T21:00:00.000000000,98.9,177.95601
2021-11-25T22:00:00.000000000,109.16,189.70731
2021-11-25T23:00:00.000000000,123.03,207.62763
2021-11-23T00:00:00.000000000,276.2,204.75091
2021-11-23T01:00:00.000000000,287.34,243.13546
2021-11-23T02:00:00.000000000,276.39,267.22735
2021-11-23T03:00:00.000000000,267.2,277.02852
2021-11-23T04:00:00.000000000,272.65,275.97146
2021-11-23T05:00:00.000000000,277.37,272.70549
2021-11-23T06:00:00.000000000,280.18,267.67844
2021-11-23T07:00:00.000000000,271.39,257.5298
2021-11-23T08:00:00.000000000,271.48,246.70388
2021-11-23T09:00:00.000000000,268.3,239.37441
2021-11-23T10:00:00.000000000,262.11,234.83076
2021-11-23T11:00:00.000000000,257.02,233.29362
2021-11-23T12:00:00.000000000,251.17,233.68367
2021-11-23T13:00:00.000000000,239.44,236.47445
2021-11-23T14:00:00.000000000,231.26,232.83973
2021-11-23T15:00:00.000000000,229.91,211.76573
2021-11-23T16:00:00.000000000,183.79,179.78198
2021-11-23T17:00:00.000000000,164.86,150.53143
2021-11-23T18:00:00.000000000,150.56,134.82062
2021-11-23T19:00:00.000000000,137.95,131.34362
2021-11-23T20:00:00.000000000,129.4,132.20869
2021-11-23T21:00:00.000000000,126.17,133.94991
2021-11-23T22:00:00.000000000,124.91,138.78314
2021-11-23T23:00:00.000000000,141.51,158.30175
2021-11-24T00:00:00.000000000,193.35,197.3233
2021-11-24T01:00:00.000000000,231.22,212.51053
2021-11-24T02:00:00.000000000,219.04,223.77065
2021-11-24T03:00:00.000000000,222.12,229.85613
2021-11-24T04:00:00.000000000,200.85,227.88565
2021-11-24T05:00:00.000000000,203.06,224.47223
2021-11-24T06:00:00.000000000,208.73,222.08787
2021-11-24T07:00:00.000000000,218.63,216.38956
2021-11-24T08:00:00.000000000,221.09,209.70356
2021-11-24T09:00:00.000000000,231.21,206.79386
2021-11-24T10:00:00.000000000,206.19,209.33107
2021-11-24T11:00:00.000000000,204.71,216.152
2021-11-24T12:00:00.000000000,213.17,221.0688
2021-11-24T13:00:00.000000000,212.44,220.12448
2021-11-24T14:00:00.000000000,221.47,212.39398
2021-11-24T15:00:00.000000000,220.19,199.94057
2021-11-24T16:00:00.000000000,144.59,184.43913
2021-11-24T17:00:00.000000000,110.07,167.24408
2021-11-24T18:00:00.000000000,104.02,152.26209
2021-11-24T19:00:00.000000000,101.34,143.66221
2021-11-24T20:00:00.000000000,100.57,142.72831
2021-11-24T21:00:00.000000000,104.76,148.57243
2021-11-24T22:00:00.000000000,101.9,160.2666
2021-11-24T23:00:00.000000000,130.2,177.11015
2021-11-25T00:00:00.000000000,207.77,230.33498
2021-11-25T01:00:00.000000000,247.51,243.83702
2021-11-25T02:00:00.000000000,252.7,254.59939
2021-11-25T03:00:00.000000000,255.63,261.52274
2021-11-25T04:00:00.000000000,256.79,260.0184
2021-11-25T05:00:00.000000000,251.19,256.39544
2021-11-25T06:00:00.000000000,236.5,254.36379
2021-11-25T07:00:00.000000000,235.64,248.66076
2021-11-25T08:00:00.000000000,229.22,242.18586
2021-11-25T09:00:00.000000000,228.46,240.0657
2021-11-25T10:00:00.000000000,226.57,243.16902
2021-11-25T11:00:00.000000000,221.48,249.86126
2021-11-25T12:00:00.000000000,218.03,255.06222
2021-11-25T13:00:00.000000000,218.94,253.74234
2021-11-25T14:00:00.000000000,226.44,242.61637
2021-11-25T15:00:00.000000000,204.21,225.54925
2021-11-25T16:00:00.000000000,117.57,208.94718
2021-11-25T17:00:00.000000000,95.68,194.3276
2021-11-25T18:00:00.000000000,96.03,180.80227
2021-11-25T19:00:00.000000000,103.25,171.66195
2021-11-25T20:00:00.000000000,99.09,170.70221
2021-11-25T21:00:00.000000000,98.9,177.33189
2021-11-25T22:00:00.000000000,109.16,189.42626
2021-11-25T23:00:00.000000000,123.03,207.16811
2021-11-26T00:00:00.000000000,215.01,245.09861
2021-11-26T01:00:00.000000000,244.54,264.59009
2021-11-26T02:00:00.000000000,242.71,278.29962
2021-11-26T03:00:00.000000000,246.25,284.88338
2021-11-26T04:00:00.000000000,242.74,282.2596
2021-11-26T05:00:00.000000000,244.36,278.17071
2021-11-26T06:00:00.000000000,243.42,275.10875
2021-11-26T07:00:00.000000000,239.26,265.74981
2021-11-26T08:00:00.000000000,235.52,255.15663
2021-11-26T09:00:00.000000000,223.31,250.82568
2021-11-26T10:00:00.000000000,219.72,253.21344
2021-11-26T11:00:00.000000000,220.67,258.32705
2021-11-26T12:00:00.000000000,213.66,261.35481
2021-11-26T13:00:00.000000000,213.79,259.6989
2021-11-26T14:00:00.000000000,225.78,250.57717
2021-11-26T15:00:00.000000000,192.96,234.99923
2021-11-26T16:00:00.000000000,110.69,217.49797
2021-11-26T17:00:00.000000000,94.77,200.04341
2021-11-26T18:00:00.000000000,87.32,184.50839
2021-11-26T19:00:00.000000000,95.87,176.01176
2021-11-26T20:00:00.000000000,103.62,176.93959
2021-11-26T21:00:00.000000000,98.25,183.4095
2021-11-26T22:00:00.000000000,109.8,193.47652
2021-11-26T23:00:00.000000000,144.7,212.26767
2021-11-24T00:00:00.000000000,193.35,159.63414
2021-11-24T01:00:00.000000000,231.22,184.11411
2021-11-24T02:00:00.000000000,219.04,204.77892
2021-11-24T03:00:00.000000000,222.12,217.90331
2021-11-24T04:00:00.000000000,200.85,221.193
2021-11-24T05:00:00.000000000,203.06,222.25008
2021-11-24T06:00:00.000000000,208.73,222.2363
2021-11-24T07:00:00.000000000,218.63,216.39358
2021-11-24T08:00:00.000000000,221.09,207.78508
2021-11-24T09:00:00.000000000,231.21,201.60432
2021-11-24T10:00:00.000000000,206.19,198.78029
2021-11-24T11:00:00.000000000,204.71,198.70464
2021-11-24T12:00:00.000000000,213.17,199.28364
2021-11-24T13:00:00.000000000,212.44,202.81029
2021-11-24T14:00:00.000000000,221.47,206.43968
2021-11-24T15:00:00.000000000,220.19,201.22243
2021-11-24T16:00:00.000000000,144.59,182.24959
2021-11-24T17:00:00.000000000,110.07,154.58069
2021-11-24T18:00:00.000000000,104.02,132.22735
2021-11-24T19:00:00.000000000,101.34,123.18664
2021-11-24T20:00:00.000000000,100.57,123.67602
2021-11-24T21:00:00.000000000,104.76,126.40335
2021-11-24T22:00:00.000000000,101.9,128.75928
2021-11-24T23:00:00.000000000,130.2,137.23871
2021-11-25T00:00:00.000000000,207.77,211.84756
2021-11-25T01:00:00.000000000,247.51,233.04686
2021-11-25T02:00:00.000000000,252.7,251.80183
2021-11-25T03:00:00.000000000,255.63,265.13886
2021-11-25T04:00:00.000000000,256.79,267.52448
2021-11-25T05:00:00.000000000,251.19,265.39504
2021-11-25T06:00:00.000000000,236.5,263.11752
2021-11-25T07:00:00.000000000,235.64,256.81527
2021-11-25T08:00:00.000000000,229.22,249.12161
2021-11-25T09:00:00.000000000,228.46,244.42312
2021-11-25T10:00:00.000000000,226.57,244.2503
2021-11-25T11:00:00.000000000,221.48,248.53096
2021-11-25T12:00:00.000000000,218.03,253.06113
2021-11-25T13:00:00.000000000,218.94,253.93169
2021-11-25T14:00:00.000000000,226.44,246.07575
2021-11-25T15:00:00.000000000,204.21,228.40419
2021-11-25T16:00:00.000000000,117.57,206.1844
2021-11-25T17:00:00.000000000,95.68,183.96975
2021-11-25T18:00:00.000000000,96.03,165.73852
2021-11-25T19:00:00.000000000,103.25,155.23946
2021-11-25T20:00:00.000000000,99.09,153.77703
2021-11-25T21:00:00.000000000,98.9,158.959
2021-11-25T22:00:00.000000000,109.16,168.47579
2021-11-25T23:00:00.000000000,123.03,184.9925
2021-11-26T00:00:00.000000000,215.01,235.65887
2021-11-26T01:00:00.000000000,244.54,257.04089
2021-11-26T02:00:00.000000000,242.71,274.17018
2021-11-26T03:00:00.000000000,246.25,283.70705
2021-11-26T04:00:00.000000000,242.74,282.35792
2021-11-26T05:00:00.000000000,244.36,278.55803
2021-11-26T06:00:00.000000000,243.42,276.18642
2021-11-26T07:00:00.000000000,239.26,268.46095
2021-11-26T08:00:00.000000000,235.52,258.61832
2021-11-26T09:00:00.000000000,223.31,253.16379
2021-11-26T10:00:00.000000000,219.72,253.91131
2021-11-26T11:00:00.000000000,220.67,259.04774
2021-11-26T12:00:00.000000000,213.66,263.75174
2021-11-26T13:00:00.000000000,213.79,263.91711
2021-11-26T14:00:00.000000000,225.78,254.4198
2021-11-26T15:00:00.000000000,192.96,235.68413
2021-11-26T16:00:00.000000000,110.69,214.04545
2021-11-26T17:00:00.000000000,94.77,193.86062
2021-11-26T18:00:00.000000000,87.32,177.95232
2021-11-26T19:00:00.000000000,95.87,170.40494
2021-11-26T20:00:00.000000000,103.62,171.86676
2021-11-26T21:00:00.000000000,98.25,178.01101
2021-11-26T22:00:00.000000000,109.8,186.72218
2021-11-26T23:00:00.000000000,144.7,203.52388
2021-11-27T00:00:00.000000000,229.41,242.285
2021-11-27T01:00:00.000000000,262.58,261.35959
2021-11-27T02:00:00.000000000,263.88,275.38127
2021-11-27T03:00:00.000000000,267.42,282.93693
2021-11-27T04:00:00.000000000,270.25,281.16421
2021-11-27T05:00:00.000000000,257.68,277.28497
2021-11-27T06:00:00.000000000,258.91,274.15768
2021-11-27T07:00:00.000000000,260.13,265.32995
2021-11-27T08:00:00.000000000,260.57,255.36251
2021-11-27T09:00:00.000000000,245.78,250.96336
2021-11-27T10:00:00.000000000,232.79,252.841
2021-11-27T11:00:00.000000000,235.62,257.95058
2021-11-27T12:00:00.000000000,240.34,262.039
2021-11-27T13:00:00.000000000,231.77,262.20502
2021-11-27T14:00:00.000000000,231.36,253.68607
2021-11-27T15:00:00.000000000,214.03,236.109
2021-11-27T16:00:00.000000000,98.69,215.19367
2021-11-27T17:00:00.000000000,76.89,195.37843
2021-11-27T18:00:00.000000000,89.63,179.8744
2021-11-27T19:00:00.000000000,92.04,172.77666
2021-11-27T20:00:00.000000000,89.91,174.65295
2021-11-27T21:00:00.000000000,87.96,181.47001
2021-11-27T22:00:00.000000000,97.57,191.5519
2021-11-27T23:00:00.000000000,115.1,210.01853
2021-11-25T00:00:00.000000000,207.77,195.83433
2021-11-25T01:00:00.000000000,247.51,227.59985
2021-11-25T02:00:00.000000000,252.7,246.09306
2021-11-25T03:00:00.000000000,255.63,255.28432
2021-11-25T04:00:00.000000000,256.79,255.80201
2021-11-25T05:00:00.000000000,251.19,255.33332
2021-11-25T06:00:00.000000000,236.5,254.58515
2021-11-25T07:00:00.000000000,235.64,248.24501
2021-11-25T08:00:00.000000000,229.22,238.46359
2021-11-25T09:00:00.000000000,228.46,231.17546
2021-11-25T10:00:00.000000000,226.57,226.46101
2021-11-25T11:00:00.000000000,221.48,224.91228
2021-11-25T12:00:00.000000000,218.03,229.73409
2021-11-25T13:00:00.000000000,218.94,238.45107
2021-11-25T14:00:00.000000000,226.44,233.9672
2021-11-25T15:00:00.000000000,204.21,205.05961
2021-11-25T16:00:00.000000000,117.57,165.72837
2021-11-25T17:00:00.000000000,95.68,133.61664
2021-11-25T18:00:00.000000000,96.03,116.70657
2021-11-25T19:00:00.000000000,103.25,112.7293
2021-11-25T20:00:00.000000000,99.09,115.24372
2021-11-25T21:00:00.000000000,98.9,119.87005
2021-11-25T22:00:00.000000000,109.16,129.69663
2021-11-25T23:00:00.000000000,123.03,154.50337
2021-11-26T00:00:00.000000000,215.01,223.37466
2021-11-26T01:00:00.000000000,244.54,247.72096
2021-11-26T02:00:00.000000000,242.71,267.65485
2021-11-26T03:00:00.000000000,246.25,279.51429
2021-11-26T04:00:00.000000000,242.74,279.39221
2021-11-26T05:00:00.000000000,244.36,275.99718
2021-11-26T06:00:00.000000000,243.42,273.70133
2021-11-26T07:00:00.000000000,239.26,266.96327
2021-11-26T08:00:00.000000000,235.52,257.69361
2021-11-26T09:00:00.000000000,223.31,251.97809
2021-11-26T10:00:00.000000000,219.72,252.2806
2021-11-26T11:00:00.000000000,220.67,257.8008
2021-11-26T12:00:00.000000000,213.66,263.13474
2021-11-26T13:00:00.000000000,213.79,262.74846
2021-11-26T14:00:00.000000000,225.78,249.95202
2021-11-26T15:00:00.000000000,192.96,225.16033
2021-11-26T16:00:00.000000000,110.69,197.69647
2021-11-26T17:00:00.000000000,94.77,174.60458
2021-11-26T18:00:00.000000000,87.32,159.24731
2021-11-26T19:00:00.000000000,95.87,153.25722
2021-11-26T20:00:00.000000000,103.62,154.79347
2021-11-26T21:00:00.000000000,98.25,160.96489
2021-11-26T22:00:00.000000000,109.8,171.36023
2021-11-26T23:00:00.000000000,144.7,190.62448
2021-11-27T00:00:00.000000000,229.41,238.09155
2021-11-27T01:00:00.000000000,262.58,258.0699
2021-11-27T02:00:00.000000000,263.88,273.4434
2021-11-27T03:00:00.000000000,267.42,282.12783
2021-11-27T04:00:00.000000000,270.25,280.63394
2021-11-27T05:00:00.000000000,257.68,276.61734
2021-11-27T06:00:00.000000000,258.91,273.61418
2021-11-27T07:00:00.000000000,260.13,265.66192
2021-11-27T08:00:00.000000000,260.57,256.29147
2021-11-27T09:00:00.000000000,245.78,251.89996
2021-11-27T10:00:00.000000000,232.79,253.7221
2021-11-27T11:00:00.000000000,235.62,259.4052
2021-11-27T12:00:00.000000000,240.34,263.49133
2021-11-27T13:00:00.000000000,231.77,261.66437
2021-11-27T14:00:00.000000000,231.36,249.54264
2021-11-27T15:00:00.000000000,214.03,228.63627
2021-11-27T16:00:00.000000000,98.69,206.23766
2021-11-27T17:00:00.000000000,76.89,186.71152
2021-11-27T18:00:00.000000000,89.63,172.23843
2021-11-27T19:00:00.000000000,92.04,165.67252
2021-11-27T20:00:00.000000000,89.91,167.17188
2021-11-27T21:00:00.000000000,87.96,174.24461
2021-11-27T22:00:00.000000000,97.57,186.00834
2021-11-27T23:00:00.000000000,115.1,206.11679
2021-11-28T00:00:00.000000000,215.96,239.28296
2021-11-28T01:00:00.000000000,248.75,257.41027
2021-11-28T02:00:00.000000000,251.64,270.92314
2021-11-28T03:00:00.000000000,258.35,278.36431
2021-11-28T04:00:00.000000000,259.63,276.03583
2021-11-28T05:00:00.000000000,255.45,271.50212
2021-11-28T06:00:00.000000000,252.88,268.36229
2021-11-28T07:00:00.000000000,242.46,260.94554
2021-11-28T08:00:00.000000000,242.17,252.52346
2021-11-28T09:00:00.000000000,232.6,249.38936
2021-11-28T10:00:00.000000000,228.41,251.83879
2021-11-28T11:00:00.000000000,217.47,256.9544
2021-11-28T12:00:00.000000000,218.46,260.64791
2021-11-28T13:00:00.000000000,216.95,258.97395
2021-11-28T14:00:00.000000000,211.57,247.26826
2021-11-28T15:00:00.000000000,180.33,227.08629
2021-11-28T16:00:00.000000000,96.84,205.63405
2021-11-28T17:00:00.000000000,66.71,187.23906
2021-11-28T18:00:00.000000000,86.95,173.11823
2021-11-28T19:00:00.000000000,87.91,166.58634
2021-11-28T20:00:00.000000000,84.88,168.61996
2021-11-28T21:00:00.000000000,84.43,176.61507
2021-11-28T22:00:00.000000000,89.8,189.01408
2021-11-28T23:00:00.000000000,124.37,208.72618
2021-11-26T00:00:00.000000000,215.01,203.06013
2021-11-26T01:00:00.000000000,244.54,233.52879
2021-11-26T02:00:00.000000000,242.71,254.60375
2021-11-26T03:00:00.000000000,246.25,266.78607
2021-11-26T04:00:00.000000000,242.74,267.26885
2021-11-26T05:00:00.000000000,244.36,264.17441
2021-11-26T06:00:00.000000000,243.42,261.11181
2021-11-26T07:00:00.000000000,239.26,253.88693
2021-11-26T08:00:00.000000000,235.52,243.67995
2021-11-26T09:00:00.000000000,223.31,236.82435
2021-11-26T10:00:00.000000000,219.72,234.94386
2021-11-26T11:00:00.000000000,220.67,237.72546
2021-11-26T12:00:00.000000000,213.66,245.14305
2021-11-26T13:00:00.000000000,213.79,252.14708
2021-11-26T14:00:00.000000000,225.78,243.23231
2021-11-26T15:00:00.000000000,192.96,211.46561
2021-11-26T16:00:00.000000000,110.69,171.90159
2021-11-26T17:00:00.000000000,94.77,140.61289
2021-11-26T18:00:00.000000000,87.32,123.38697
2021-11-26T19:00:00.000000000,95.87,118.83834
2021-11-26T20:00:00.000000000,103.62,122.16562
2021-11-26T21:00:00.000000000,98.25,128.84456
2021-11-26T22:00:00.000000000,109.8,140.29809
2021-11-26T23:00:00.000000000,144.7,164.18192
2021-11-27T00:00:00.000000000,229.41,221.98003
2021-11-27T01:00:00.000000000,262.58,247.09526
2021-11-27T02:00:00.000000000,263.88,267.40265
2021-11-27T03:00:00.000000000,267.42,279.06247
2021-11-27T04:00:00.000000000,270.25,278.37598
2021-11-27T05:00:00.000000000,257.68,273.73144
2021-11-27T06:00:00.000000000,258.91,269.78687
2021-11-27T07:00:00.000000000,260.13,261.90927
2021-11-27T08:00:00.000000000,260.57,252.32664
2021-11-27T09:00:00.000000000,245.78,246.55858
2021-11-27T10:00:00.000000000,232.79,247.09655
2021-11-27T11:00:00.000000000,235.62,252.81085
2021-11-27T12:00:00.000000000,240.34,257.38176
2021-11-27T13:00:00.000000000,231.77,255.81259
2021-11-27T14:00:00.000000000,231.36,243.03954
2021-11-27T15:00:00.000000000,214.03,219.64764
2021-11-27T16:00:00.000000000,98.69,193.85474
2021-11-27T17:00:00.000000000,76.89,171.96766
2021-11-27T18:00:00.000000000,89.63,157.50093
2021-11-27T19:00:00.000000000,92.04,151.70466
2021-11-27T20:00:00.000000000,89.91,152.82195
2021-11-27T21:00:00.000000000,87.96,158.62888
2021-11-27T22:00:00.000000000,97.57,168.93903
2021-11-27T23:00:00.000000000,115.1,188.2272
2021-11-28T00:00:00.000000000,215.96,230.30056
2021-11-28T01:00:00.000000000,248.75,250.10261
2021-11-28T02:00:00.000000000,251.64,266.20708
2021-11-28T03:00:00.000000000,258.35,276.09956
2021-11-28T04:00:00.000000000,259.63,275.06875
2021-11-28T05:00:00.000000000,255.45,270.74809
2021-11-28T06:00:00.000000000,252.88,267.61726
2021-11-28T07:00:00.000000000,242.46,260.61397
2021-11-28T08:00:00.000000000,242.17,252.24008
2021-11-28T09:00:00.000000000,232.6,248.44561
2021-11-28T10:00:00.000000000,228.41,250.33265
2021-11-28T11:00:00.000000000,217.47,255.75077
2021-11-28T12:00:00.000000000,218.46,259.70184
2021-11-28T13:00:00.000000000,216.95,257.39031
2021-11-28T14:00:00.000000000,211.57,244.45722
2021-11-28T15:00:00.000000000,180.33,223.01513
2021-11-28T16:00:00.000000000,96.84,200.5471
2021-11-28T17:00:00.000000000,66.71,181.36337
2021-11-28T18:00:00.000000000,86.95,166.74889
2021-11-28T19:00:00.000000000,87.91,159.58873
2021-11-28T20:00:00.000000000,84.88,160.85031
2021-11-28T21:00:00.000000000,84.43,168.46741
2021-11-28T22:00:00.000000000,89.8,180.88855
2021-11-28T23:00:00.000000000,124.37,200.45616
2021-11-29T00:00:00.000000000,215.52,231.70725
2021-11-29T01:00:00.000000000,255.39,251.72841
2021-11-29T02:00:00.000000000,261.74,267.27647
2021-11-29T03:00:00.000000000,267.93,275.93444
2021-11-29T04:00:00.000000000,257.57,273.78607
2021-11-29T05:00:00.000000000,255.96,268.42312
2021-11-29T06:00:00.000000000,251.51,264.26924
2021-11-29T07:00:00.000000000,247.45,256.60833
2021-11-29T08:00:00.000000000,241.17,248.26697
2021-11-29T09:00:00.000000000,249.61,244.72411
2021-11-29T10:00:00.000000000,247.68,246.76887
2021-11-29T11:00:00.000000000,247.48,252.14143
2021-11-29T12:00:00.000000000,249.48,255.71464
2021-11-29T13:00:00.000000000,253.79,253.31038
2021-11-29T14:00:00.000000000,245.27,241.40861
2021-11-29T15:00:00.000000000,233.09,221.92176
2021-11-29T16:00:00.000000000,147.37,201.2038
2021-11-29T17:00:00.000000000,119.03,183.06643
2021-11-29T18:00:00.000000000,125.07,168.87427
2021-11-29T19:00:00.000000000,126.77,161.65948
2021-11-29T20:00:00.000000000,127.46,162.63956
2021-11-29T21:00:00.000000000,124.65,169.83733
2021-11-29T22:00:00.000000000,120.25,181.761
2021-11-29T23:00:00.000000000,145.79,200.94569
2021-11-27T00:00:00.000000000,229.41,211.53194
2021-11-27T01:00:00.000000000,262.58,245.62951
2021-11-27T02:00:00.000000000,263.88,264.62767
2021-11-27T03:00:00.000000000,267.42,272.32572
2021-11-27T04:00:00.000000000,270.25,269.91479
2021-11-27T05:00:00.000000000,257.68,265.87902
2021-11-27T06:00:00.000000000,258.91,261.99928
2021-11-27T07:00:00.000000000,260.13,253.93235
2021-11-27T08:00:00.000000000,260.57,243.84744
2021-11-27T09:00:00.000000000,245.78,237.47885
2021-11-27T10:00:00.000000000,232.79,234.6364
2021-11-27T11:00:00.000000000,235.62,234.79224
2021-11-27T12:00:00.000000000,240.34,239.1741
2021-11-27T13:00:00.000000000,231.77,244.9657
2021-11-27T14:00:00.000000000,231.36,236.20894
2021-11-27T15:00:00.000000000,214.03,203.31108
2021-11-27T16:00:00.000000000,98.69,162.08158
2021-11-27T17:00:00.000000000,76.89,130.43367
2021-11-27T18:00:00.000000000,89.63,115.03741
2021-11-27T19:00:00.000000000,92.04,112.30233
2021-11-27T20:00:00.000000000,89.91,115.38816
2021-11-27T21:00:00.000000000,87.96,121.29146
2021-11-27T22:00:00.000000000,97.57,134.45017
2021-11-27T23:00:00.000000000,115.1,164.16035
2021-11-28T00:00:00.000000000,215.96,211.89332
2021-11-28T01:00:00.000000000,248.75,237.40176
2021-11-28T02:00:00.000000000,251.64,259.09064
2021-11-28T03:00:00.000000000,258.35,273.12028
2021-11-28T04:00:00.000000000,259.63,273.72482
2021-11-28T05:00:00.000000000,255.45,268.39944
2021-11-28T06:00:00.000000000,252.88,263.32756
2021-11-28T07:00:00.000000000,242.46,255.71499
2021-11-28T08:00:00.000000000,242.17,246.62573
2021-11-28T09:00:00.000000000,232.6,240.66379
2021-11-28T10:00:00.000000000,228.41,240.41985
2021-11-28T11:00:00.000000000,217.47,245.21587
2021-11-28T12:00:00.000000000,218.46,249.32152
2021-11-28T13:00:00.000000000,216.95,246.95009
2021-11-28T14:00:00.000000000,211.57,232.29827
2021-11-28T15:00:00.000000000,180.33,206.52341
2021-11-28T16:00:00.000000000,96.84,179.62994
2021-11-28T17:00:00.000000000,66.71,158.83368
2021-11-28T18:00:00.000000000,86.95,145.89399
2021-11-28T19:00:00.000000000,87.91,140.44647
2021-11-28T20:00:00.000000000,84.88,141.41674
2021-11-28T21:00:00.000000000,84.43,147.77239
2021-11-28T22:00:00.000000000,89.8,159.26848
2021-11-28T23:00:00.000000000,124.37,178.99135
2021-11-29T00:00:00.000000000,215.52,217.60246
2021-11-29T01:00:00.000000000,255.39,241.61565
2021-11-29T02:00:00.000000000,261.74,261.51084
2021-11-29T03:00:00.000000000,267.93,273.33592
2021-11-29T04:00:00.000000000,257.57,272.47394
2021-11-29T05:00:00.000000000,255.96,266.57784
2021-11-29T06:00:00.000000000,251.51,261.34099
2021-11-29T07:00:00.000000000,247.45,253.3456
2021-11-29T08:00:00.000000000,241.17,244.2119
2021-11-29T09:00:00.000000000,249.61,238.52539
2021-11-29T10:00:00.000000000,247.68,238.61454
2021-11-29T11:00:00.000000000,247.48,243.63559
2021-11-29T12:00:00.000000000,249.48,246.95421
2021-11-29T13:00:00.000000000,253.79,243.27783
2021-11-29T14:00:00.000000000,245.27,229.67622
2021-11-29T15:00:00.000000000,233.09,208.59684
2021-11-29T16:00:00.000000000,147.37,186.87255
2021-11-29T17:00:00.000000000,119.03,168.78231
2021-11-29T18:00:00.000000000,125.07,155.72934
2021-11-29T19:00:00.000000000,126.77,148.96867
2021-11-29T20:00:00.000000000,127.46,148.96197
2021-11-29T21:00:00.000000000,124.65,154.98859
2021-11-29T22:00:00.000000000,120.25,166.34998
2021-11-29T23:00:00.000000000,145.79,185.3219
2021-11-30T00:00:00.000000000,248.53,218.27622
2021-11-30T01:00:00.000000000,278.83,239.15405
2021-11-30T02:00:00.000000000,278.73,254.89181
2021-11-30T03:00:00.000000000,278.39,260.70395
2021-11-30T04:00:00.000000000,274.53,255.05445
2021-11-30T05:00:00.000000000,269.25,246.28726
2021-11-30T06:00:00.000000000,262.02,238.11089
2021-11-30T07:00:00.000000000,254.77,226.38088
2021-11-30T08:00:00.000000000,250.52,215.13519
2021-11-30T09:00:00.000000000,248.94,210.06469
2021-11-30T10:00:00.000000000,245.03,212.31217
2021-11-30T11:00:00.000000000,246.86,218.39278
2021-11-30T12:00:00.000000000,248.44,220.00124
2021-11-30T13:00:00.000000000,244.62,215.84988
2021-11-30T14:00:00.000000000,250.27,208.80379
2021-11-30T15:00:00.000000000,246.49,200.8874
2021-11-30T16:00:00.000000000,160.84,189.82442
2021-11-30T17:00:00.000000000,126.25,175.25356
2021-11-30T18:00:00.000000000,115.76,162.25895
2021-11-30T19:00:00.000000000,118.66,156.75896
2021-11-30T20:00:00.000000000,120.04,158.6876
2021-11-30T21:00:00.000000000,119.08,165.12815
2021-11-30T22:00:00.000000000,130.24,174.73572
2021-11-30T23:00:00.000000000,144.96,189.86701
2021-11-28T00:00:00.000000000,215.96,206.60373
2021-11-28T01:00:00.000000000,248.75,245.24297
2021-11-28T02:00:00.000000000,251.64,264.41069
2021-11-28T03:00:00.000000000,258.35,270.43801
2021-11-28T04:00:00.000000000,259.63,267.43011
2021-11-28T05:00:00.000000000,255.45,263.72061
2021-11-28T06:00:00.000000000,252.88,259.11045
2021-11-28T07:00:00.000000000,242.46,249.16281
2021-11-28T08:00:00.000000000,242.17,237.14702
2021-11-28T09:00:00.000000000,232.6,229.56589
2021-11-28T10:00:00.000000000,228.41,225.38077
2021-11-28T11:00:00.000000000,217.47,224.27103
2021-11-28T12:00:00.000000000,218.46,229.68494
2021-11-28T13:00:00.000000000,216.95,238.87606
2021-11-28T14:00:00.000000000,211.57,231.82354
2021-11-28T15:00:00.000000000,180.33,195.96969
2021-11-28T16:00:00.000000000,96.84,149.88301
2021-11-28T17:00:00.000000000,66.71,115.85425
2021-11-28T18:00:00.000000000,86.95,101.60322
2021-11-28T19:00:00.000000000,87.91,101.24944
2021-11-28T20:00:00.000000000,84.88,105.50166
2021-11-28T21:00:00.000000000,84.43,110.45562
2021-11-28T22:00:00.000000000,89.8,122.66202
2021-11-28T23:00:00.000000000,124.37,154.32333
2021-11-29T00:00:00.000000000,215.52,205.43909
2021-11-29T01:00:00.000000000,255.39,236.56268
2021-11-29T02:00:00.000000000,261.74,258.69856
2021-11-29T03:00:00.000000000,267.93,269.58291
2021-11-29T04:00:00.000000000,257.57,268.04543
2021-11-29T05:00:00.000000000,255.96,262.84057
2021-11-29T06:00:00.000000000,251.51,257.76235
2021-11-29T07:00:00.000000000,247.45,249.16387
2021-11-29T08:00:00.000000000,241.17,238.71167
2021-11-29T09:00:00.000000000,249.61,231.82878
2021-11-29T10:00:00.000000000,247.68,230.92268
2021-11-29T11:00:00.000000000,247.48,234.96373
2021-11-29T12:00:00.000000000,249.48,238.22298
2021-11-29T13:00:00.000000000,253.79,235.95345
2021-11-29T14:00:00.000000000,245.27,221.86644
2021-11-29T15:00:00.000000000,233.09,194.97523
2021-11-29T16:00:00.000000000,147.37,165.33786
2021-11-29T17:00:00.000000000,119.03,142.3742
2021-11-29T18:00:00.000000000,125.07,129.75373
2021-11-29T19:00:00.000000000,126.77,126.02607
2021-11-29T20:00:00.000000000,127.46,127.80712
2021-11-29T21:00:00.000000000,124.65,133.37729
2021-11-29T22:00:00.000000000,120.25,144.39063
2021-11-29T23:00:00.000000000,145.79,166.48015
2021-11-30T00:00:00.000000000,248.53,217.35078
2021-11-30T01:00:00.000000000,278.83,240.97111
2021-11-30T02:00:00.000000000,278.73,258.79895
2021-11-30T03:00:00.000000000,278.39,266.41535
2021-11-30T04:00:00.000000000,274.53,262.30919
2021-11-30T05:00:00.000000000,269.25,254.92437
2021-11-30T06:00:00.000000000,262.02,247.85246
2021-11-30T07:00:00.000000000,254.77,236.66874
2021-11-30T08:00:00.000000000,250.52,225.01015
2021-11-30T09:00:00.000000000,248.94,218.69401
2021-11-30T10:00:00.000000000,245.03,219.47744
2021-11-30T11:00:00.000000000,246.86,224.9496
2021-11-30T12:00:00.000000000,248.44,227.46074
2021-11-30T13:00:00.000000000,244.62,224.52
2021-11-30T14:00:00.000000000,250.27,216.30995
2021-11-30T15:00:00.000000000,246.49,203.8578
2021-11-30T16:00:00.000000000,160.84,187.81619
2021-11-30T17:00:00.000000000,126.25,170.40995
2021-11-30T18:00:00.000000000,115.76,156.97874
2021-11-30T19:00:00.000000000,118.66,151.86111
2021-11-30T20:00:00.000000000,120.04,153.74318
2021-11-30T21:00:00.000000000,119.08,159.64763
2021-11-30T22:00:00.000000000,130.24,169.17546
2021-11-30T23:00:00.000000000,144.96,185.84831
2021-12-01T00:00:00.000000000,251.08,230.71529
2021-12-01T01:00:00.000000000,280.2,249.77331
2021-12-01T02:00:00.000000000,281.93,262.3737
2021-12-01T03:00:00.000000000,286.02,266.04019
2021-12-01T04:00:00.000000000,272.71,260.51135
2021-12-01T05:00:00.000000000,266.3,253.53397
2021-12-01T06:00:00.000000000,270.54,247.09983
2021-12-01T07:00:00.000000000,254.98,235.84522
2021-12-01T08:00:00.000000000,246.46,225.34956
2021-12-01T09:00:00.000000000,239.38,221.78229
2021-12-01T10:00:00.000000000,236.78,225.40429
2021-12-01T11:00:00.000000000,235.41,232.61588
2021-12-01T12:00:00.000000000,240.07,236.41354
2021-12-01T13:00:00.000000000,245.06,235.32525
2021-12-01T14:00:00.000000000,253.73,230.26542
2021-12-01T15:00:00.000000000,241.88,222.40638
2021-12-01T16:00:00.000000000,181.02,210.65438
2021-12-01T17:00:00.000000000,145.09,194.85955
2021-12-01T18:00:00.000000000,146.33,179.61861
2021-12-01T19:00:00.000000000,136.8,171.3041
2021-12-01T20:00:00.000000000,134.49,171.39525
2021-12-01T21:00:00.000000000,133.25,176.8773
2021-12-01T22:00:00.000000000,139.56,186.35882
2021-12-01T23:00:00.000000000,160.09,202.76704
2021-11-29T00:00:00.000000000,215.52,207.63022
2021-11-29T01:00:00.000000000,255.39,248.51059
2021-11-29T02:00:00.000000000,261.74,267.81832
2021-11-29T03:00:00.000000000,267.93,271.93962
2021-11-29T04:00:00.000000000,257.57,267.21996
2021-11-29T05:00:00.000000000,255.96,262.98737
2021-11-29T06:00:00.000000000,251.51,257.92157
2021-11-29T07:00:00.000000000,247.45,246.96093
2021-11-29T08:00:00.000000000,241.17,233.76191
2021-11-29T09:00:00.000000000,249.61,225.74248
2021-11-29T10:00:00.000000000,247.68,222.43254
2021-11-29T11:00:00.000000000,247.48,223.23051
2021-11-29T12:00:00.000000000,249.48,230.39692
2021-11-29T13:00:00.000000000,253.79,239.32478
2021-11-29T14:00:00.000000000,245.27,229.44658
2021-11-29T15:00:00.000000000,233.09,190.42104
2021-11-29T16:00:00.000000000,147.37,143.35143
2021-11-29T17:00:00.000000000,119.03,110.9448
2021-11-29T18:00:00.000000000,125.07,99.44525
2021-11-29T19:00:00.000000000,126.77,101.15776
2021-11-29T20:00:00.000000000,127.46,105.8435
2021-11-29T21:00:00.000000000,124.65,109.93921
2021-11-29T22:00:00.000000000,120.25,121.53647
2021-11-29T23:00:00.000000000,145.79,153.74698
2021-11-30T00:00:00.000000000,248.53,211.16529
2021-11-30T01:00:00.000000000,278.83,243.28297
2021-11-30T02:00:00.000000000,278.73,265.8134
2021-11-30T03:00:00.000000000,278.39,274.76312
2021-11-30T04:00:00.000000000,274.53,271.03266
2021-11-30T05:00:00.000000000,269.25,264.04723
2021-11-30T06:00:00.000000000,262.02,256.11997
2021-11-30T07:00:00.000000000,254.77,242.89867
2021-11-30T08:00:00.000000000,250.52,228.51602
2021-11-30T09:00:00.000000000,248.94,220.47312
2021-11-30T10:00:00.000000000,245.03,221.48487
2021-11-30T11:00:00.000000000,246.86,228.30514
2021-11-30T12:00:00.000000000,248.44,231.59265
2021-11-30T13:00:00.000000000,244.62,227.16176
2021-11-30T14:00:00.000000000,250.27,213.1258
2021-11-30T15:00:00.000000000,246.49,190.47043
2021-11-30T16:00:00.000000000,160.84,164.95503
2021-11-30T17:00:00.000000000,126.25,143.41454
2021-11-30T18:00:00.000000000,115.76,131.74483
2021-11-30T19:00:00.000000000,118.66,130.58044
2021-11-30T20:00:00.000000000,120.04,135.01015
2021-11-30T21:00:00.000000000,119.08,141.26694
2021-11-30T22:00:00.000000000,130.24,151.32416
2021-11-30T23:00:00.000000000,144.96,171.84778
2021-12-01T00:00:00.000000000,251.08,228.09954
2021-12-01T01:00:00.000000000,280.2,252.88016
2021-12-01T02:00:00.000000000,281.93,269.84347
2021-12-01T03:00:00.000000000,286.02,275.72143
2021-12-01T04:00:00.000000000,272.71,270.76823
2021-12-01T05:00:00.000000000,266.3,263.46496
2021-12-01T06:00:00.000000000,270.54,256.23266
2021-12-01T07:00:00.000000000,254.98,244.12546
2021-12-01T08:00:00.000000000,246.46,232.14072
2021-12-01T09:00:00.000000000,239.38,226.44829
2021-12-01T10:00:00.000000000,236.78,228.19347
2021-12-01T11:00:00.000000000,235.41,234.52132
2021-12-01T12:00:00.000000000,240.07,238.10151
2021-12-01T13:00:00.000000000,245.06,236.64414
2021-12-01T14:00:00.000000000,253.73,229.71094
2021-12-01T15:00:00.000000000,241.88,217.39977
2021-12-01T16:00:00.000000000,181.02,200.50709
2021-12-01T17:00:00.000000000,145.09,181.6052
2021-12-01T18:00:00.000000000,146.33,166.55673
2021-12-01T19:00:00.000000000,136.8,160.05272
2021-12-01T20:00:00.000000000,134.49,161.10796
2021-12-01T21:00:00.000000000,133.25,166.36048
2021-12-01T22:00:00.000000000,139.56,175.73172
2021-12-01T23:00:00.000000000,160.09,193.88342
2021-12-02T00:00:00.000000000,254.65,234.91906
2021-12-02T01:00:00.000000000,284.01,257.59388
2021-12-02T02:00:00.000000000,283.44,271.08077
2021-12-02T03:00:00.000000000,278.01,272.24952
2021-12-02T04:00:00.000000000,273.03,263.78306
2021-12-02T05:00:00.000000000,268.82,255.40837
2021-12-02T06:00:00.000000000,278.74,248.28058
2021-12-02T07:00:00.000000000,267.96,235.3622
2021-12-02T08:00:00.000000000,261.22,222.7392
2021-12-02T09:00:00.000000000,246.91,217.9522
2021-12-02T10:00:00.000000000,248.97,221.64431
2021-12-02T11:00:00.000000000,247.82,229.7893
2021-12-02T12:00:00.000000000,245.41,234.74194
2021-12-02T13:00:00.000000000,249.98,234.78971
2021-12-02T14:00:00.000000000,262.48,230.84879
2021-12-02T15:00:00.000000000,250.9,224.14352
2021-12-02T16:00:00.000000000,172.31,212.8865
2021-12-02T17:00:00.000000000,140.76,196.87619
2021-12-02T18:00:00.000000000,138.97,181.62513
2021-12-02T19:00:00.000000000,139.52,174.14513
2021-12-02T20:00:00.000000000,131.29,174.83061
2021-12-02T21:00:00.000000000,128.14,179.24418
2021-12-02T22:00:00.000000000,141.58,186.9159
2021-12-02T23:00:00.000000000,166.09,203.15679
2021-11-30T00:00:00.000000000,248.53,204.24647
2021-11-30T01:00:00.000000000,278.83,242.06294
2021-11-30T02:00:00.000000000,278.73,263.32505
2021-11-30T03:00:00.000000000,278.39,270.13597
2021-11-30T04:00:00.000000000,274.53,265.60977
2021-11-30T05:00:00.000000000,269.25,260.8202
2021-11-30T06:00:00.000000000,262.02,257.66374
2021-11-30T07:00:00.000000000,254.77,250.3338
2021-11-30T08:00:00.000000000,250.52,239.69193
2021-11-30T09:00:00.000000000,248.94,232.42506
2021-11-30T10:00:00.000000000,245.03,230.19411
2021-11-30T11:00:00.000000000,246.86,233.84181
2021-11-30T12:00:00.000000000,248.44,244.25407
2021-11-30T13:00:00.000000000,244.62,254.44237
2021-11-30T14:00:00.000000000,250.27,244.36097
2021-11-30T15:00:00.000000000,246.49,206.51675
2021-11-30T16:00:00.000000000,160.84,161.36671
2021-11-30T17:00:00.000000000,126.25,128.76475
2021-11-30T18:00:00.000000000,115.76,113.82791
2021-11-30T19:00:00.000000000,118.66,111.92323
2021-11-30T20:00:00.000000000,120.04,115.79553
2021-11-30T21:00:00.000000000,119.08,120.62649
2021-11-30T22:00:00.000000000,130.24,130.90337
2021-11-30T23:00:00.000000000,144.96,158.00681
2021-12-01T00:00:00.000000000,251.08,224.80268
2021-12-01T01:00:00.000000000,280.2,254.34578
2021-12-01T02:00:00.000000000,281.93,275.32934
2021-12-01T03:00:00.000000000,286.02,285.02928
2021-12-01T04:00:00.000000000,272.71,282.57334
2021-12-01T05:00:00.000000000,266.3,277.1275
2021-12-01T06:00:00.000000000,270.54,272.53247
2021-12-01T07:00:00.000000000,254.98,263.93259
2021-12-01T08:00:00.000000000,246.46,253.95941
2021-12-01T09:00:00.000000000,239.38,247.8351
2021-12-01T10:00:00.000000000,236.78,247.98738
2021-12-01T11:00:00.000000000,235.41,253.73584
2021-12-01T12:00:00.000000000,240.07,258.80496
2021-12-01T13:00:00.000000000,245.06,257.7714
2021-12-01T14:00:00.000000000,253.73,244.71437
2021-12-01T15:00:00.000000000,241.88,219.37761
2021-12-01T16:00:00.000000000,181.02,191.27159
2021-12-01T17:00:00.000000000,145.09,168.09821
2021-12-01T18:00:00.000000000,146.33,153.90632
2021-12-01T19:00:00.000000000,136.8,148.37834
2021-12-01T20:00:00.000000000,134.49,148.7807
2021-12-01T21:00:00.000000000,133.25,153.31239
2021-12-01T22:00:00.000000000,139.56,163.56704
2021-12-01T23:00:00.000000000,160.09,185.62775
2021-12-02T00:00:00.000000000,254.65,236.85053
2021-12-02T01:00:00.000000000,284.01,261.06267
2021-12-02T02:00:00.000000000,283.44,277.13662
2021-12-02T03:00:00.000000000,278.01,283.35277
2021-12-02T04:00:00.000000000,273.03,279.49029
2021-12-02T05:00:00.000000000,268.82,274.19707
2021-12-02T06:00:00.000000000,278.74,269.97854
2021-12-02T07:00:00.000000000,267.96,260.33617
2021-12-02T08:00:00.000000000,261.22,249.81451
2021-12-02T09:00:00.000000000,246.91,244.63934
2021-12-02T10:00:00.000000000,248.97,245.82528
2021-12-02T11:00:00.000000000,247.82,251.38027
2021-12-02T12:00:00.000000000,245.41,255.87108
2021-12-02T13:00:00.000000000,249.98,255.66897
2021-12-02T14:00:00.000000000,262.48,246.96649
2021-12-02T15:00:00.000000000,250.9,229.59855
2021-12-02T16:00:00.000000000,172.31,208.46709
2021-12-02T17:00:00.000000000,140.76,187.74364
2021-12-02T18:00:00.000000000,138.97,172.07283
2021-12-02T19:00:00.000000000,139.52,164.833
2021-12-02T20:00:00.000000000,131.29,165.21121
2021-12-02T21:00:00.000000000,128.14,170.02088
2021-12-02T22:00:00.000000000,141.58,179.94491
2021-12-02T23:00:00.000000000,166.09,200.69227
2021-12-03T00:00:00.000000000,248.67,241.27562
2021-12-03T01:00:00.000000000,284.36,263.97133
2021-12-03T02:00:00.000000000,283.85,276.66672
2021-12-03T03:00:00.000000000,275.69,278.39764
2021-12-03T04:00:00.000000000,270.02,271.77079
2021-12-03T05:00:00.000000000,268.03,265.8128
2021-12-03T06:00:00.000000000,265.15,260.8063
2021-12-03T07:00:00.000000000,255.91,248.93108
2021-12-03T08:00:00.000000000,249.7,236.90834
2021-12-03T09:00:00.000000000,244.39,232.62091
2021-12-03T10:00:00.000000000,239.85,236.0791
2021-12-03T11:00:00.000000000,241.63,243.46304
2021-12-03T12:00:00.000000000,241.85,248.90438
2021-12-03T13:00:00.000000000,241.73,250.16514
2021-12-03T14:00:00.000000000,252.43,245.31465
2021-12-03T15:00:00.000000000,254.67,234.48014
2021-12-03T16:00:00.000000000,188.23,218.86755
2021-12-03T17:00:00.000000000,151.82,199.97638
2021-12-03T18:00:00.000000000,138.17,183.01901
2021-12-03T19:00:00.000000000,146.84,174.34695
2021-12-03T20:00:00.000000000,152.77,174.66197
2021-12-03T21:00:00.000000000,142.61,179.27956
2021-12-03T22:00:00.000000000,133.75,188.25564
2021-12-03T23:00:00.000000000,167.54,207.68254
2021-12-01T00:00:00.000000000,251.08,208.3434
2021-12-01T01:00:00.000000000,280.2,244.09062
2021-12-01T02:00:00.000000000,281.93,265.22714
2021-12-01T03:00:00.000000000,286.02,273.7629
2021-12-01T04:00:00.000000000,272.71,271.93918
2021-12-01T05:00:00.000000000,266.3,269.34103
2021-12-01T06:00:00.000000000,270.54,266.66669
2021-12-01T07:00:00.000000000,254.98,258.58748
2021-12-01T08:00:00.000000000,246.46,248.23743
2021-12-01T09:00:00.000000000,239.38,241.92991
2021-12-01T10:00:00.000000000,236.78,239.31359
2021-12-01T11:00:00.000000000,235.41,240.06941
2021-12-01T12:00:00.000000000,240.07,245.45593
2021-12-01T13:00:00.000000000,245.06,253.85944
2021-12-01T14:00:00.000000000,253.73,250.09663
2021-12-01T15:00:00.000000000,241.88,222.12652
2021-12-01T16:00:00.000000000,181.02,181.68689
2021-12-01T17:00:00.000000000,145.09,145.98279
2021-12-01T18:00:00.000000000,146.33,125.65926
2021-12-01T19:00:00.000000000,136.8,120.69222
2021-12-01T20:00:00.000000000,134.49,123.64399
2021-12-01T21:00:00.000000000,133.25,128.59817
2021-12-01T22:00:00.000000000,139.56,137.91546
2021-12-01T23:00:00.000000000,160.09,162.86467
2021-12-02T00:00:00.000000000,254.65,223.83611
2021-12-02T01:00:00.000000000,284.01,252.32028
2021-12-02T02:00:00.000000000,283.44,273.01831
2021-12-02T03:00:00.000000000,278.01,282.63826
2021-12-02T04:00:00.000000000,273.03,280.50857
2021-12-02T05:00:00.000000000,268.82,276.14232
2021-12-02T06:00:00.000000000,278.74,272.98473
2021-12-02T07:00:00.000000000,267.96,265.21839
2021-12-02T08:00:00.000000000,261.22,255.57848
2021-12-02T09:00:00.000000000,246.91,249.44703
2021-12-02T10:00:00.000000000,248.97,249.01316
2021-12-02T11:00:00.000000000,247.82,253.65893
2021-12-02T12:00:00.000000000,245.41,258.00188
2021-12-02T13:00:00.000000000,249.98,258.4261
2021-12-02T14:00:00.000000000,262.48,249.38121
2021-12-02T15:00:00.000000000,250.9,228.44871
2021-12-02T16:00:00.000000000,172.31,201.91913
2021-12-02T17:00:00.000000000,140.76,176.88898
2021-12-02T18:00:00.000000000,138.97,159.70857
2021-12-02T19:00:00.000000000,139.52,152.74251
2021-12-02T20:00:00.000000000,131.29,153.37738
2021-12-02T21:00:00.000000000,128.14,157.96512
2021-12-02T22:00:00.000000000,141.58,166.59277
2021-12-02T23:00:00.000000000,166.09,186.12388
2021-12-03T00:00:00.000000000,248.67,234.83121
2021-12-03T01:00:00.000000000,284.36,260.1141
2021-12-03T02:00:00.000000000,283.85,276.38904
2021-12-03T03:00:00.000000000,275.69,282.06763
2021-12-03T04:00:00.000000000,270.02,278.11257
2021-12-03T05:00:00.000000000,268.03,273.38271
2021-12-03T06:00:00.000000000,265.15,269.59722
2021-12-03T07:00:00.000000000,255.91,259.94571
2021-12-03T08:00:00.000000000,249.7,249.56427
2021-12-03T09:00:00.000000000,244.39,244.66899
2021-12-03T10:00:00.000000000,239.85,245.78882
2021-12-03T11:00:00.000000000,241.63,250.69046
2021-12-03T12:00:00.000000000,241.85,254.40917
2021-12-03T13:00:00.000000000,241.73,255.07266
2021-12-03T14:00:00.000000000,252.43,249.39662
2021-12-03T15:00:00.000000000,254.67,235.05178
2021-12-03T16:00:00.000000000,188.23,214.4372
2021-12-03T17:00:00.000000000,151.82,191.5393
2021-12-03T18:00:00.000000000,138.17,173.19962
2021-12-03T19:00:00.000000000,146.84,164.48483
2021-12-03T20:00:00.000000000,152.77,164.56812
2021-12-03T21:00:00.000000000,142.61,169.1314
2021-12-03T22:00:00.000000000,133.75,178.20166
2021-12-03T23:00:00.000000000,167.54,198.34865
2021-12-04T00:00:00.000000000,257.33,237.53636
2021-12-04T01:00:00.000000000,282.66,262.21479
2021-12-04T02:00:00.000000000,273.75,275.10283
2021-12-04T03:00:00.000000000,270.25,275.2908
2021-12-04T04:00:00.000000000,254.87,267.72467
2021-12-04T05:00:00.000000000,254.69,262.28418
2021-12-04T06:00:00.000000000,258.47,258.05403
2021-12-04T07:00:00.000000000,252.09,246.70577
2021-12-04T08:00:00.000000000,243.4,235.1054
2021-12-04T09:00:00.000000000,241.75,230.82759
2021-12-04T10:00:00.000000000,250.37,233.60705
2021-12-04T11:00:00.000000000,251.58,240.08946
2021-12-04T12:00:00.000000000,252.39,244.98622
2021-12-04T13:00:00.000000000,258.28,247.7335
2021-12-04T14:00:00.000000000,267.8,246.67308
2021-12-04T15:00:00.000000000,250.29,239.40309
2021-12-04T16:00:00.000000000,182.4,224.26123
2021-12-04T17:00:00.000000000,150.79,202.98458
2021-12-04T18:00:00.000000000,143.85,183.32407
2021-12-04T19:00:00.000000000,147.23,173.11007
2021-12-04T20:00:00.000000000,148.56,172.54235
2021-12-04T21:00:00.000000000,127.97,176.12264
2021-12-04T22:00:00.000000000,130.64,183.87421
2021-12-04T23:00:00.000000000,151.23,202.71197
2021-12-02T00:00:00.000000000,254.65,217.36548
2021-12-02T01:00:00.000000000,284.01,251.61893
2021-12-02T02:00:00.000000000,283.44,274.17794
2021-12-02T03:00:00.000000000,278.01,283.94038
2021-12-02T04:00:00.000000000,273.03,281.21031
2021-12-02T05:00:00.000000000,268.82,277.13529
2021-12-02T06:00:00.000000000,278.74,275.23128
2021-12-02T07:00:00.000000000,267.96,269.19419
2021-12-02T08:00:00.000000000,261.22,259.96289
2021-12-02T09:00:00.000000000,246.91,253.60371
2021-12-02T10:00:00.000000000,248.97,251.38848
2021-12-02T11:00:00.000000000,247.82,254.21224
2021-12-02T12:00:00.000000000,245.41,262.74772
2021-12-02T13:00:00.000000000,249.98,272.63116
2021-12-02T14:00:00.000000000,262.48,267.19515
2021-12-02T15:00:00.000000000,250.9,236.98938
2021-12-02T16:00:00.000000000,172.31,195.65189
2021-12-02T17:00:00.000000000,140.76,160.20234
2021-12-02T18:00:00.000000000,138.97,139.39201
2021-12-02T19:00:00.000000000,139.52,134.04397
2021-12-02T20:00:00.000000000,131.29,137.93957
2021-12-02T21:00:00.000000000,128.14,143.89007
2021-12-02T22:00:00.000000000,141.58,152.2989
2021-12-02T23:00:00.000000000,166.09,174.27717
2021-12-03T00:00:00.000000000,248.67,223.94009
2021-12-03T01:00:00.000000000,284.36,253.65658
2021-12-03T02:00:00.000000000,283.85,274.73224
2021-12-03T03:00:00.000000000,275.69,283.70735
2021-12-03T04:00:00.000000000,270.02,280.85241
2021-12-03T05:00:00.000000000,268.03,276.33376
2021-12-03T06:00:00.000000000,265.15,273.42391
2021-12-03T07:00:00.000000000,255.91,265.83472
2021-12-03T08:00:00.000000000,249.7,256.22101
2021-12-03T09:00:00.000000000,244.39,250.05077
2021-12-03T10:00:00.000000000,239.85,249.5966
2021-12-03T11:00:00.000000000,241.63,254.40372
2021-12-03T12:00:00.000000000,241.85,259.26873
2021-12-03T13:00:00.000000000,241.73,260.68061
2021-12-03T14:00:00.000000000,252.43,252.37848
2021-12-03T15:00:00.000000000,254.67,231.15084
2021-12-03T16:00:00.000000000,188.23,203.35947
2021-12-03T17:00:00.000000000,151.82,176.90942
2021-12-03T18:00:00.000000000,138.17,159.03481
2021-12-03T19:00:00.000000000,146.84,152.34304
2021-12-03T20:00:00.000000000,152.77,153.63675
2021-12-03T21:00:00.000000000,142.61,158.30499
2021-12-03T22:00:00.000000000,133.75,166.25688
2021-12-03T23:00:00.000000000,167.54,185.42773
2021-12-04T00:00:00.000000000,257.33,228.76887
2021-12-04T01:00:00.000000000,282.66,259.85061
2021-12-04T02:00:00.000000000,273.75,279.34045
2021-12-04T03:00:00.000000000,270.25,283.97938
2021-12-04T04:00:00.000000000,254.87,278.1396
2021-12-04T05:00:00.000000000,254.69,273.06514
2021-12-04T06:00:00.000000000,258.47,269.75993
2021-12-04T07:00:00.000000000,252.09,260.53402
2021-12-04T08:00:00.000000000,243.4,250.07229
2021-12-04T09:00:00.000000000,241.75,244.45814
2021-12-04T10:00:00.000000000,250.37,244.84318
2021-12-04T11:00:00.000000000,251.58,249.60177
2021-12-04T12:00:00.000000000,252.39,252.937
2021-12-04T13:00:00.000000000,258.28,254.50174
2021-12-04T14:00:00.000000000,267.8,252.15013
2021-12-04T15:00:00.000000000,250.29,240.72231
2021-12-04T16:00:00.000000000,182.4,218.81383
2021-12-04T17:00:00.000000000,150.79,191.03375
2021-12-04T18:00:00.000000000,143.85,168.28186
2021-12-04T19:00:00.000000000,147.23,158.02755
2021-12-04T20:00:00.000000000,148.56,158.37755
2021-12-04T21:00:00.000000000,127.97,162.58434
2021-12-04T22:00:00.000000000,130.64,169.70796
2021-12-04T23:00:00.000000000,151.23,188.49039
2021-12-05T00:00:00.000000000,236.17,210.54194
2021-12-05T01:00:00.000000000,258.74,238.31714
2021-12-05T02:00:00.000000000,247.05,255.69186
2021-12-05T03:00:00.000000000,242.49,260.50957
2021-12-05T04:00:00.000000000,227.1,256.36755
2021-12-05T05:00:00.000000000,228.33,253.44477
2021-12-05T06:00:00.000000000,214.0,251.99601
2021-12-05T07:00:00.000000000,222.34,245.12282
2021-12-05T08:00:00.000000000,217.91,237.52552
2021-12-05T09:00:00.000000000,219.05,233.86698
2021-12-05T10:00:00.000000000,200.48,233.36791
2021-12-05T11:00:00.000000000,213.0,235.56632
2021-12-05T12:00:00.000000000,211.04,237.76319
2021-12-05T13:00:00.000000000,217.5,241.69285
2021-12-05T14:00:00.000000000,220.26,245.62417
2021-12-05T15:00:00.000000000,217.05,241.83295
2021-12-05T16:00:00.000000000,138.23,224.68542
2021-12-05T17:00:00.000000000,119.88,196.93566
2021-12-05T18:00:00.000000000,118.87,170.90005
2021-12-05T19:00:00.000000000,122.05,156.66444
2021-12-05T20:00:00.000000000,126.26,154.37739
2021-12-05T21:00:00.000000000,123.06,157.46261
2021-12-05T22:00:00.000000000,126.58,163.28211
2021-12-05T23:00:00.000000000,148.56,178.66015
2021-12-03T00:00:00.000000000,248.67,209.73275
2021-12-03T01:00:00.000000000,284.36,245.27813
2021-12-03T02:00:00.000000000,283.85,268.05188
2021-12-03T03:00:00.000000000,275.69,277.87416
2021-12-03T04:00:00.000000000,270.02,275.76833
2021-12-03T05:00:00.000000000,268.03,271.83963
2021-12-03T06:00:00.000000000,265.15,268.6796
2021-12-03T07:00:00.000000000,255.91,261.03051
2021-12-03T08:00:00.000000000,249.7,250.97211
2021-12-03T09:00:00.000000000,244.39,244.18182
2021-12-03T10:00:00.000000000,239.85,241.25752
2021-12-03T11:00:00.000000000,241.63,242.30578
2021-12-03T12:00:00.000000000,241.85,247.41239
2021-12-03T13:00:00.000000000,241.73,254.8899
2021-12-03T14:00:00.000000000,252.43,251.07376
2021-12-03T15:00:00.000000000,254.67,224.81044
2021-12-03T16:00:00.000000000,188.23,186.24128
2021-12-03T17:00:00.000000000,151.82,151.22374
2021-12-03T18:00:00.000000000,138.17,130.34688
2021-12-03T19:00:00.000000000,146.84,124.66531
2021-12-03T20:00:00.000000000,152.77,127.58047
2021-12-03T21:00:00.000000000,142.61,132.80669
2021-12-03T22:00:00.000000000,133.75,141.52128
2021-12-03T23:00:00.000000000,167.54,164.6553
2021-12-04T00:00:00.000000000,257.33,213.77237
2021-12-04T01:00:00.000000000,282.66,249.98691
2021-12-04T02:00:00.000000000,273.75,274.01862
2021-12-04T03:00:00.000000000,270.25,281.28804
2021-12-04T04:00:00.000000000,254.87,276.17769
2021-12-04T05:00:00.000000000,254.69,270.62561
2021-12-04T06:00:00.000000000,258.47,266.02995
2021-12-04T07:00:00.000000000,252.09,255.94225
2021-12-04T08:00:00.000000000,243.4,244.35411
2021-12-04T09:00:00.000000000,241.75,237.56293
2021-12-04T10:00:00.000000000,250.37,237.68591
2021-12-04T11:00:00.000000000,251.58,243.13316
2021-12-04T12:00:00.000000000,252.39,246.56808
2021-12-04T13:00:00.000000000,258.28,246.97588
2021-12-04T14:00:00.000000000,267.8,242.10883
2021-12-04T15:00:00.000000000,250.29,226.72743
2021-12-04T16:00:00.000000000,182.4,201.13796
2021-12-04T17:00:00.000000000,150.79,171.70577
2021-12-04T18:00:00.000000000,143.85,149.89876
2021-12-04T19:00:00.000000000,147.23,141.41194
2021-12-04T20:00:00.000000000,148.56,142.38553
2021-12-04T21:00:00.000000000,127.97,146.34455
2021-12-04T22:00:00.000000000,130.64,152.91877
2021-12-04T23:00:00.000000000,151.23,171.61312
2021-12-05T00:00:00.000000000,236.17,200.24131
2021-12-05T01:00:00.000000000,258.74,230.25095
2021-12-05T02:00:00.000000000,247.05,250.95024
2021-12-05T03:00:00.000000000,242.49,259.81676
2021-12-05T04:00:00.000000000,227.1,258.34946
2021-12-05T05:00:00.000000000,228.33,255.92432
2021-12-05T06:00:00.000000000,214.0,254.04149
2021-12-05T07:00:00.000000000,222.34,247.39498
2021-12-05T08:00:00.000000000,217.91,239.82359
2021-12-05T09:00:00.000000000,219.05,235.33416
2021-12-05T10:00:00.000000000,200.48,233.30001
2021-12-05T11:00:00.000000000,213.0,233.71938
2021-12-05T12:00:00.000000000,211.04,234.66494
2021-12-05T13:00:00.000000000,217.5,237.74279
2021-12-05T14:00:00.000000000,220.26,239.39974
2021-12-05T15:00:00.000000000,217.05,230.7626
2021-12-05T16:00:00.000000000,138.23,208.99879
2021-12-05T17:00:00.000000000,119.88,179.80258
2021-12-05T18:00:00.000000000,118.87,155.36202
2021-12-05T19:00:00.000000000,122.05,143.41466
2021-12-05T20:00:00.000000000,126.26,142.49333
2021-12-05T21:00:00.000000000,123.06,146.08016
2021-12-05T22:00:00.000000000,126.58,151.63097
2021-12-05T23:00:00.000000000,148.56,166.76187
2021-12-06T00:00:00.000000000,236.56,191.51534
2021-12-06T01:00:00.000000000,270.19,217.3509
2021-12-06T02:00:00.000000000,271.32,237.62202
2021-12-06T03:00:00.000000000,273.0,248.85769
2021-12-06T04:00:00.000000000,266.83,250.13556
2021-12-06T05:00:00.000000000,266.92,250.6533
2021-12-06T06:00:00.000000000,267.52,252.69754
2021-12-06T07:00:00.000000000,268.19,249.78284
2021-12-06T08:00:00.000000000,261.32,244.85963
2021-12-06T09:00:00.000000000,246.35,241.49965
2021-12-06T10:00:00.000000000,249.96,239.3087
2021-12-06T11:00:00.000000000,252.33,239.73789
2021-12-06T12:00:00.000000000,250.67,241.29706
2021-12-06T13:00:00.000000000,250.56,245.0391
2021-12-06T14:00:00.000000000,262.49,248.91055
2021-12-06T15:00:00.000000000,253.88,245.40483
2021-12-06T16:00:00.000000000,213.65,228.6156
2021-12-06T17:00:00.000000000,192.53,199.81062
2021-12-06T18:00:00.000000000,193.46,170.50837
2021-12-06T19:00:00.000000000,197.29,152.09777
2021-12-06T20:00:00.000000000,194.34,147.16944
2021-12-06T21:00:00.000000000,195.07,149.32521
2021-12-06T22:00:00.000000000,200.84,154.06113
2021-12-06T23:00:00.000000000,209.37,166.57044
2021-12-04T00:00:00.000000000,257.33,192.6726
2021-12-04T01:00:00.000000000,282.66,224.85162
2021-12-04T02:00:00.000000000,273.75,247.01642
2021-12-04T03:00:00.000000000,270.25,257.68335
2021-12-04T04:00:00.000000000,254.87,257.75861
2021-12-04T05:00:00.000000000,254.69,256.67424
2021-12-04T06:00:00.000000000,258.47,255.1849
2021-12-04T07:00:00.000000000,252.09,247.49094
2021-12-04T08:00:00.000000000,243.4,236.43534
2021-12-04T09:00:00.000000000,241.75,228.76381
2021-12-04T10:00:00.000000000,250.37,225.8661
2021-12-04T11:00:00.000000000,251.58,227.61377
2021-12-04T12:00:00.000000000,252.39,233.4889
2021-12-04T13:00:00.000000000,258.28,241.62945
2021-12-04T14:00:00.000000000,267.8,239.81746
2021-12-04T15:00:00.000000000,250.29,218.23891
2021-12-04T16:00:00.000000000,182.4,184.44835
2021-12-04T17:00:00.000000000,150.79,152.38745
2021-12-04T18:00:00.000000000,143.85,132.90492
2021-12-04T19:00:00.000000000,147.23,128.27836
2021-12-04T20:00:00.000000000,148.56,131.92397
2021-12-04T21:00:00.000000000,127.97,136.17192
2021-12-04T22:00:00.000000000,130.64,140.6774
2021-12-04T23:00:00.000000000,151.23,156.23493
2021-12-05T00:00:00.000000000,236.17,194.01549
2021-12-05T01:00:00.000000000,258.74,226.08736
2021-12-05T02:00:00.000000000,247.05,247.27067
2021-12-05T03:00:00.000000000,242.49,256.12552
2021-12-05T04:00:00.000000000,227.1,254.48644
2021-12-05T05:00:00.000000000,228.33,251.93986
2021-12-05T06:00:00.000000000,214.0,249.88799
2021-12-05T07:00:00.000000000,222.34,243.30678
2021-12-05T08:00:00.000000000,217.91,235.15376
2021-12-05T09:00:00.000000000,219.05,229.99046
2021-12-05T10:00:00.000000000,200.48,227.92704
2021-12-05T11:00:00.000000000,213.0,229.30679
2021-12-05T12:00:00.000000000,211.04,232.35423
2021-12-05T13:00:00.000000000,217.5,236.16118
2021-12-05T14:00:00.000000000,220.26,233.64729
2021-12-05T15:00:00.000000000,217.05,216.97428
2021-12-05T16:00:00.000000000,138.23,189.3739
2021-12-05T17:00:00.000000000,119.88,160.03413
2021-12-05T18:00:00.000000000,118.87,139.20016
2021-12-05T19:00:00.000000000,122.05,130.6928
2021-12-05T20:00:00.000000000,126.26,131.04973
2021-12-05T21:00:00.000000000,123.06,134.67227
2021-12-05T22:00:00.000000000,126.58,141.07207
2021-12-05T23:00:00.000000000,148.56,158.55345
2021-12-06T00:00:00.000000000,236.56,196.23995
2021-12-06T01:00:00.000000000,270.19,223.25287
2021-12-06T02:00:00.000000000,271.32,243.49682
2021-12-06T03:00:00.000000000,273.0,253.62517
2021-12-06T04:00:00.000000000,266.83,253.24175
2021-12-06T05:00:00.000000000,266.92,251.79648
2021-12-06T06:00:00.000000000,267.52,251.93598
2021-12-06T07:00:00.000000000,268.19,247.6119
2021-12-06T08:00:00.000000000,261.32,241.44717
2021-12-06T09:00:00.000000000,246.35,237.31173
2021-12-06T10:00:00.000000000,249.96,235.29494
2021-12-06T11:00:00.000000000,252.33,236.14522
2021-12-06T12:00:00.000000000,250.67,237.89684
2021-12-06T13:00:00.000000000,250.56,241.02662
2021-12-06T14:00:00.000000000,262.49,242.36775
2021-12-06T15:00:00.000000000,253.88,234.88654
2021-12-06T16:00:00.000000000,213.65,215.37317
2021-12-06T17:00:00.000000000,192.53,187.38098
2021-12-06T18:00:00.000000000,193.46,161.61269
2021-12-06T19:00:00.000000000,197.29,147.11227
2021-12-06T20:00:00.000000000,194.34,144.67724
2021-12-06T21:00:00.000000000,195.07,148.01872
2021-12-06T22:00:00.000000000,200.84,153.64029
2021-12-06T23:00:00.000000000,209.37,167.53256
2021-12-07T00:00:00.000000000,255.79,197.31319
2021-12-07T01:00:00.000000000,264.5,222.2049
2021-12-07T02:00:00.000000000,255.39,238.05946
2021-12-07T03:00:00.000000000,248.89,240.50898
2021-12-07T04:00:00.000000000,242.52,234.44071
2021-12-07T05:00:00.000000000,239.79,230.77113
2021-12-07T06:00:00.000000000,236.86,228.98444
2021-12-07T07:00:00.000000000,233.16,221.62333
2021-12-07T08:00:00.000000000,230.68,213.66914
2021-12-07T09:00:00.000000000,235.83,209.95142
2021-12-07T10:00:00.000000000,239.83,210.47242
2021-12-07T11:00:00.000000000,234.7,214.41786
2021-12-07T12:00:00.000000000,239.74,215.82448
2021-12-07T13:00:00.000000000,229.5,217.51859
2021-12-07T14:00:00.000000000,234.84,223.33146
2021-12-07T15:00:00.000000000,237.08,228.21579
2021-12-07T16:00:00.000000000,245.7,220.59933
2021-12-07T17:00:00.000000000,233.63,198.12708
2021-12-07T18:00:00.000000000,208.9,173.71636
2021-12-07T19:00:00.000000000,206.96,159.57418
2021-12-07T20:00:00.000000000,209.78,156.23176
2021-12-07T21:00:00.000000000,207.5,157.59656
2021-12-07T22:00:00.000000000,219.77,160.93216
2021-12-07T23:00:00.000000000,226.34,171.53661
2021-12-05T00:00:00.000000000,236.17,188.20903
2021-12-05T01:00:00.000000000,258.74,227.25348
2021-12-05T02:00:00.000000000,247.05,246.48438
2021-12-05T03:00:00.000000000,242.49,244.37021
2021-12-05T04:00:00.000000000,227.1,231.31817
2021-12-05T05:00:00.000000000,228.33,225.24013
2021-12-05T06:00:00.000000000,214.0,226.77515
2021-12-05T07:00:00.000000000,222.34,225.30921
2021-12-05T08:00:00.000000000,217.91,219.74575
2021-12-05T09:00:00.000000000,219.05,215.11813
2021-12-05T10:00:00.000000000,200.48,212.90333
2021-12-05T11:00:00.000000000,213.0,216.44499
2021-12-05T12:00:00.000000000,211.04,227.37391
2021-12-05T13:00:00.000000000,217.5,240.98264
2021-12-05T14:00:00.000000000,220.26,241.79723
2021-12-05T15:00:00.000000000,217.05,221.13958
2021-12-05T16:00:00.000000000,138.23,188.15082
2021-12-05T17:00:00.000000000,119.88,155.63915
2021-12-05T18:00:00.000000000,118.87,134.10401
2021-12-05T19:00:00.000000000,122.05,126.71511
2021-12-05T20:00:00.000000000,126.26,127.59763
2021-12-05T21:00:00.000000000,123.06,128.35443
2021-12-05T22:00:00.000000000,126.58,130.94025
2021-12-05T23:00:00.000000000,148.56,148.7377
2021-12-06T00:00:00.000000000,236.56,199.39634
2021-12-06T01:00:00.000000000,270.19,230.87405
2021-12-06T02:00:00.000000000,271.32,253.41248
2021-12-06T03:00:00.000000000,273.0,263.39451
2021-12-06T04:00:00.000000000,266.83,261.13908
2021-12-06T05:00:00.000000000,266.92,257.67997
2021-12-06T06:00:00.000000000,267.52,257.22217
2021-12-06T07:00:00.000000000,268.19,253.94319
2021-12-06T08:00:00.000000000,261.32,248.52537
2021-12-06T09:00:00.000000000,246.35,244.00563
2021-12-06T10:00:00.000000000,249.96,241.39983
2021-12-06T11:00:00.000000000,252.33,243.13107
2021-12-06T12:00:00.000000000,250.67,248.10642
2021-12-06T13:00:00.000000000,250.56,253.56417
2021-12-06T14:00:00.000000000,262.49,251.40428
2021-12-06T15:00:00.000000000,253.88,235.09614
2021-12-06T16:00:00.000000000,213.65,208.22512
2021-12-06T17:00:00.000000000,192.53,178.78146
2021-12-06T18:00:00.000000000,193.46,155.50668
2021-12-06T19:00:00.000000000,197.29,143.58305
2021-12-06T20:00:00.000000000,194.34,142.17285
2021-12-06T21:00:00.000000000,195.07,145.16696
2021-12-06T22:00:00.000000000,200.84,150.38678
2021-12-06T23:00:00.000000000,209.37,165.78651
2021-12-07T00:00:00.000000000,255.79,208.52197
2021-12-07T01:00:00.000000000,264.5,237.70913
2021-12-07T02:00:00.000000000,255.39,253.35688
2021-12-07T03:00:00.000000000,248.89,254.75229
2021-12-07T04:00:00.000000000,242.52,248.95961
2021-12-07T05:00:00.000000000,239.79,245.93479
2021-12-07T06:00:00.000000000,236.86,242.81902
2021-12-07T07:00:00.000000000,233.16,232.74702
2021-12-07T08:00:00.000000000,230.68,222.57915
2021-12-07T09:00:00.000000000,235.83,218.37383
2021-12-07T10:00:00.000000000,239.83,219.67022
2021-12-07T11:00:00.000000000,234.7,224.47156
2021-12-07T12:00:00.000000000,239.74,227.86221
2021-12-07T13:00:00.000000000,229.5,231.89812
2021-12-07T14:00:00.000000000,234.84,234.892
2021-12-07T15:00:00.000000000,237.08,228.88654
2021-12-07T16:00:00.000000000,245.7,209.64107
2021-12-07T17:00:00.000000000,233.63,181.85743
2021-12-07T18:00:00.000000000,208.9,159.43426
2021-12-07T19:00:00.000000000,206.96,150.00901
2021-12-07T20:00:00.000000000,209.78,150.06431
2021-12-07T21:00:00.000000000,207.5,153.02061
2021-12-07T22:00:00.000000000,219.77,158.59257
2021-12-07T23:00:00.000000000,226.34,175.1866
2021-12-08T00:00:00.000000000,257.11,205.70347
2021-12-08T01:00:00.000000000,280.43,234.24451
2021-12-08T02:00:00.000000000,279.9,251.67196
2021-12-08T03:00:00.000000000,283.2,254.37667
2021-12-08T04:00:00.000000000,278.79,248.66278
2021-12-08T05:00:00.000000000,271.49,245.7404
2021-12-08T06:00:00.000000000,270.44,244.17431
2021-12-08T07:00:00.000000000,273.01,235.72827
2021-12-08T08:00:00.000000000,262.03,226.10639
2021-12-08T09:00:00.000000000,258.51,221.1599
2021-12-08T10:00:00.000000000,241.42,221.06351
2021-12-08T11:00:00.000000000,255.54,224.7675
2021-12-08T12:00:00.000000000,260.79,227.01856
2021-12-08T13:00:00.000000000,249.25,230.47115
2021-12-08T14:00:00.000000000,260.09,236.30267
2021-12-08T15:00:00.000000000,257.65,237.47242
2021-12-08T16:00:00.000000000,203.04,224.69486
2021-12-08T17:00:00.000000000,159.23,198.65267
2021-12-08T18:00:00.000000000,161.53,173.21647
2021-12-08T19:00:00.000000000,154.67,159.89087
2021-12-08T20:00:00.000000000,145.75,157.97839
2021-12-08T21:00:00.000000000,152.09,159.82962
2021-12-08T22:00:00.000000000,147.59,162.84709
2021-12-08T23:00:00.000000000,161.5,174.94486
2021-12-06T00:00:00.000000000,236.56,189.73382
2021-12-06T01:00:00.000000000,270.19,225.9636
2021-12-06T02:00:00.000000000,271.32,245.1766
2021-12-06T03:00:00.000000000,273.0,249.5588
2021-12-06T04:00:00.000000000,266.83,244.31888
2021-12-06T05:00:00.000000000,266.92,241.26758
2021-12-06T06:00:00.000000000,267.52,241.91867
2021-12-06T07:00:00.000000000,268.19,239.66786
2021-12-06T08:00:00.000000000,261.32,235.11628
2021-12-06T09:00:00.000000000,246.35,231.44349
2021-12-06T10:00:00.000000000,249.96,227.60853
2021-12-06T11:00:00.000000000,252.33,227.49503
2021-12-06T12:00:00.000000000,250.67,235.60802
2021-12-06T13:00:00.000000000,250.56,247.71662
2021-12-06T14:00:00.000000000,262.49,245.98635
2021-12-06T15:00:00.000000000,253.88,219.96691
2021-12-06T16:00:00.000000000,213.65,182.61549
2021-12-06T17:00:00.000000000,192.53,150.26734
2021-12-06T18:00:00.000000000,193.46,131.31353
2021-12-06T19:00:00.000000000,197.29,124.67511
2021-12-06T20:00:00.000000000,194.34,124.74427
2021-12-06T21:00:00.000000000,195.07,125.83619
2021-12-06T22:00:00.000000000,200.84,130.43106
2021-12-06T23:00:00.000000000,209.37,150.62789
2021-12-07T00:00:00.000000000,255.79,198.23442
2021-12-07T01:00:00.000000000,264.5,225.3613
2021-12-07T02:00:00.000000000,255.39,239.52841
2021-12-07T03:00:00.000000000,248.89,240.23022
2021-12-07T04:00:00.000000000,242.52,233.70257
2021-12-07T05:00:00.000000000,239.79,230.36091
2021-12-07T06:00:00.000000000,236.86,228.41871
2021-12-07T07:00:00.000000000,233.16,221.05206
2021-12-07T08:00:00.000000000,230.68,212.56711
2021-12-07T09:00:00.000000000,235.83,208.45896
2021-12-07T10:00:00.000000000,239.83,209.63656
2021-12-07T11:00:00.000000000,234.7,215.96265
2021-12-07T12:00:00.000000000,239.74,221.93237
2021-12-07T13:00:00.000000000,229.5,225.43892
2021-12-07T14:00:00.000000000,234.84,223.22488
2021-12-07T15:00:00.000000000,237.08,211.85725
2021-12-07T16:00:00.000000000,245.7,191.80621
2021-12-07T17:00:00.000000000,233.63,167.57914
2021-12-07T18:00:00.000000000,208.9,148.82975
2021-12-07T19:00:00.000000000,206.96,140.48163
2021-12-07T20:00:00.000000000,209.78,139.82853
2021-12-07T21:00:00.000000000,207.5,142.72308
2021-12-07T22:00:00.000000000,219.77,150.23883
2021-12-07T23:00:00.000000000,226.34,168.23613
2021-12-08T00:00:00.000000000,257.11,198.80902
2021-12-08T01:00:00.000000000,280.43,225.20945
2021-12-08T02:00:00.000000000,279.9,238.25986
2021-12-08T03:00:00.000000000,283.2,237.23006
2021-12-08T04:00:00.000000000,278.79,229.74089
2021-12-08T05:00:00.000000000,271.49,226.92514
2021-12-08T06:00:00.000000000,270.44,226.05038
2021-12-08T07:00:00.000000000,273.01,219.1008
2021-12-08T08:00:00.000000000,262.03,210.53829
2021-12-08T09:00:00.000000000,258.51,206.50084
2021-12-08T10:00:00.000000000,241.42,208.11158
2021-12-08T11:00:00.000000000,255.54,214.54769
2021-12-08T12:00:00.000000000,260.79,219.14352
2021-12-08T13:00:00.000000000,249.25,221.02656
2021-12-08T14:00:00.000000000,260.09,220.01206
2021-12-08T15:00:00.000000000,257.65,212.78937
2021-12-08T16:00:00.000000000,203.04,196.00218
2021-12-08T17:00:00.000000000,159.23,171.8306
2021-12-08T18:00:00.000000000,161.53,151.1609
2021-12-08T19:00:00.000000000,154.67,141.22619
2021-12-08T20:00:00.000000000,145.75,140.1177
2021-12-08T21:00:00.000000000,152.09,143.28722
2021-12-08T22:00:00.000000000,147.59,151.10258
2021-12-08T23:00:00.000000000,161.5,168.90409
2021-12-09T00:00:00.000000000,207.65,190.48315
2021-12-09T01:00:00.000000000,251.52,216.90741
2021-12-09T02:00:00.000000000,240.67,232.66618
2021-12-09T03:00:00.000000000,248.39,233.12338
2021-12-09T04:00:00.000000000,242.91,224.99381
2021-12-09T05:00:00.000000000,233.97,222.13218
2021-12-09T06:00:00.000000000,214.67,224.49425
2021-12-09T07:00:00.000000000,212.52,222.11077
2021-12-09T08:00:00.000000000,216.75,217.31364
2021-12-09T09:00:00.000000000,223.91,214.82442
2021-12-09T10:00:00.000000000,223.57,216.10841
2021-12-09T11:00:00.000000000,207.69,222.251
2021-12-09T12:00:00.000000000,203.55,227.1438
2021-12-09T13:00:00.000000000,207.71,230.29994
2021-12-09T14:00:00.000000000,203.99,234.08359
2021-12-09T15:00:00.000000000,217.14,235.59034
2021-12-09T16:00:00.000000000,199.9,225.45904
2021-12-09T17:00:00.000000000,188.88,200.80734
2021-12-09T18:00:00.000000000,186.52,173.35262
2021-12-09T19:00:00.000000000,190.43,155.81831
2021-12-09T20:00:00.000000000,189.6,150.56176
2021-12-09T21:00:00.000000000,198.92,151.15077
2021-12-09T22:00:00.000000000,170.98,154.6025
2021-12-09T23:00:00.000000000,172.72,166.18451
2021-12-07T00:00:00.000000000,255.79,238.94608
2021-12-07T01:00:00.000000000,264.5,248.83539
2021-12-07T02:00:00.000000000,255.39,252.1511
2021-12-07T03:00:00.000000000,248.89,251.9774
2021-12-07T04:00:00.000000000,242.52,247.86142
2021-12-07T05:00:00.000000000,239.79,244.24528
2021-12-07T06:00:00.000000000,236.86,240.09514
2021-12-07T07:00:00.000000000,233.16,230.11127
2021-12-07T08:00:00.000000000,230.68,222.04736
2021-12-07T09:00:00.000000000,235.83,220.32751
2021-12-07T10:00:00.000000000,239.83,222.32104
2021-12-07T11:00:00.000000000,234.7,225.92476
2021-12-07T12:00:00.000000000,239.74,231.81828
2021-12-07T13:00:00.000000000,229.5,241.6207
2021-12-07T14:00:00.000000000,234.84,250.32753
2021-12-07T15:00:00.000000000,237.08,251.08891
2021-12-07T16:00:00.000000000,245.7,240.57794
2021-12-07T17:00:00.000000000,233.63,222.96993
2021-12-07T18:00:00.000000000,208.9,207.07411
2021-12-07T19:00:00.000000000,206.96,198.30501
2021-12-07T20:00:00.000000000,209.78,195.04631
2021-12-07T21:00:00.000000000,207.5,194.69569
2021-12-07T22:00:00.000000000,219.77,200.13879
2021-12-07T23:00:00.000000000,226.34,215.15573
2021-12-08T00:00:00.000000000,257.11,238.23506
2021-12-08T01:00:00.000000000,280.43,263.33372
2021-12-08T02:00:00.000000000,279.9,278.37844
2021-12-08T03:00:00.000000000,283.2,281.97276
2021-12-08T04:00:00.000000000,278.79,277.23179
2021-12-08T05:00:00.000000000,271.49,273.37276
2021-12-08T06:00:00.000000000,270.44,270.83777
2021-12-08T07:00:00.000000000,273.01,262.46088
2021-12-08T08:00:00.000000000,262.03,253.54483
2021-12-08T09:00:00.000000000,258.51,249.15775
2021-12-08T10:00:00.000000000,241.42,249.42818
2021-12-08T11:00:00.000000000,255.54,252.71694
2021-12-08T12:00:00.000000000,260.79,255.11993
2021-12-08T13:00:00.000000000,249.25,257.30012
2021-12-08T14:00:00.000000000,260.09,256.93564
2021-12-08T15:00:00.000000000,257.65,248.40439
2021-12-08T16:00:00.000000000,203.04,229.83753
2021-12-08T17:00:00.000000000,159.23,205.44561
2021-12-08T18:00:00.000000000,161.53,184.36592
2021-12-08T19:00:00.000000000,154.67,173.55491
2021-12-08T20:00:00.000000000,145.75,172.54568
2021-12-08T21:00:00.000000000,152.09,175.84819
2021-12-08T22:00:00.000000000,147.59,182.56987
2021-12-08T23:00:00.000000000,161.5,200.21072
2021-12-09T00:00:00.000000000,207.65,219.91845
2021-12-09T01:00:00.000000000,251.52,244.26287
2021-12-09T02:00:00.000000000,240.67,262.90742
2021-12-09T03:00:00.000000000,248.39,272.83171
2021-12-09T04:00:00.000000000,242.91,272.3913
2021-12-09T05:00:00.000000000,233.97,270.50397
2021-12-09T06:00:00.000000000,214.67,270.30079
2021-12-09T07:00:00.000000000,212.52,265.45821
2021-12-09T08:00:00.000000000,216.75,258.62879
2021-12-09T09:00:00.000000000,223.91,254.11732
2021-12-09T10:00:00.000000000,223.57,253.23036
2021-12-09T11:00:00.000000000,207.69,257.1731
2021-12-09T12:00:00.000000000,203.55,262.88166
2021-12-09T13:00:00.000000000,207.71,266.84959
2021-12-09T14:00:00.000000000,203.99,263.7273
2021-12-09T15:00:00.000000000,217.14,250.49219
2021-12-09T16:00:00.000000000,199.9,229.39578
2021-12-09T17:00:00.000000000,188.88,204.59578
2021-12-09T18:00:00.000000000,186.52,182.28076
2021-12-09T19:00:00.000000000,190.43,168.63148
2021-12-09T20:00:00.000000000,189.6,165.16595
2021-12-09T21:00:00.000000000,198.92,167.5774
2021-12-09T22:00:00.000000000,170.98,173.94624
2021-12-09T23:00:00.000000000,172.72,189.55967
2021-12-10T00:00:00.000000000,210.12,216.25946
2021-12-10T01:00:00.000000000,226.33,232.58024
2021-12-10T02:00:00.000000000,222.13,243.0328
2021-12-10T03:00:00.000000000,226.89,246.7697
2021-12-10T04:00:00.000000000,220.11,243.00653
2021-12-10T05:00:00.000000000,219.21,239.96123
2021-12-10T06:00:00.000000000,204.29,239.84146
2021-12-10T07:00:00.000000000,194.06,236.28361
2021-12-10T08:00:00.000000000,205.5,232.12398
2021-12-10T09:00:00.000000000,209.6,231.11242
2021-12-10T10:00:00.000000000,221.87,232.95196
2021-12-10T11:00:00.000000000,223.3,237.91935
2021-12-10T12:00:00.000000000,225.18,243.68629
2021-12-10T13:00:00.000000000,219.6,248.41634
2021-12-10T14:00:00.000000000,235.15,248.2358
2021-12-10T15:00:00.000000000,239.05,240.24499
2021-12-10T16:00:00.000000000,185.72,223.80196
2021-12-10T17:00:00.000000000,143.2,201.32542
2021-12-10T18:00:00.000000000,149.94,179.6828
2021-12-10T19:00:00.000000000,158.98,166.52798
2021-12-10T20:00:00.000000000,157.88,164.00084
2021-12-10T21:00:00.000000000,159.41,168.40645
2021-12-10T22:00:00.000000000,151.39,177.40093
2021-12-10T23:00:00.000000000,169.49,193.23389
2021-12-08T00:00:00.000000000,257.11,206.06029
2021-12-08T01:00:00.000000000,280.43,235.33648
2021-12-08T02:00:00.000000000,279.9,258.15219
2021-12-08T03:00:00.000000000,283.2,269.44659
2021-12-08T04:00:00.000000000,278.79,268.04368
2021-12-08T05:00:00.000000000,271.49,263.62234
2021-12-08T06:00:00.000000000,270.44,261.7201
2021-12-08T07:00:00.000000000,273.01,257.94736
2021-12-08T08:00:00.000000000,262.03,252.95036
2021-12-08T09:00:00.000000000,258.51,247.51484
2021-12-08T10:00:00.000000000,241.42,243.06617
2021-12-08T11:00:00.000000000,255.54,243.73571
2021-12-08T12:00:00.000000000,260.79,246.79749
2021-12-08T13:00:00.000000000,249.25,250.18292
2021-12-08T14:00:00.000000000,260.09,249.49207
2021-12-08T15:00:00.000000000,257.65,239.15697
2021-12-08T16:00:00.000000000,203.04,219.16837
2021-12-08T17:00:00.000000000,159.23,193.95314
2021-12-08T18:00:00.000000000,161.53,171.39258
2021-12-08T19:00:00.000000000,154.67,157.48702
2021-12-08T20:00:00.000000000,145.75,153.70652
2021-12-08T21:00:00.000000000,152.09,155.9977
2021-12-08T22:00:00.000000000,147.59,160.36254
2021-12-08T23:00:00.000000000,161.5,172.88988
2021-12-09T00:00:00.000000000,207.65,191.52665
2021-12-09T01:00:00.000000000,251.52,215.27187
2021-12-09T02:00:00.000000000,240.67,234.85549
2021-12-09T03:00:00.000000000,248.39,245.10591
2021-12-09T04:00:00.000000000,242.91,243.56179
2021-12-09T05:00:00.000000000,233.97,241.07113
2021-12-09T06:00:00.000000000,214.67,243.23401
2021-12-09T07:00:00.000000000,212.52,243.52914
2021-12-09T08:00:00.000000000,216.75,241.63257
2021-12-09T09:00:00.000000000,223.91,239.49424
2021-12-09T10:00:00.000000000,223.57,238.19414
2021-12-09T11:00:00.000000000,207.69,241.32635
2021-12-09T12:00:00.000000000,203.55,246.85566
2021-12-09T13:00:00.000000000,207.71,251.779
2021-12-09T14:00:00.000000000,203.99,251.47365
2021-12-09T15:00:00.000000000,217.14,242.4143
2021-12-09T16:00:00.000000000,199.9,223.81842
2021-12-09T17:00:00.000000000,188.88,197.58052
2021-12-09T18:00:00.000000000,186.52,171.43004
2021-12-09T19:00:00.000000000,190.43,154.45038
2021-12-09T20:00:00.000000000,189.6,149.9462
2021-12-09T21:00:00.000000000,198.92,152.5551
2021-12-09T22:00:00.000000000,170.98,157.69873
2021-12-09T23:00:00.000000000,172.72,169.40815
2021-12-10T00:00:00.000000000,210.12,206.11518
2021-12-10T01:00:00.000000000,226.33,222.09988
2021-12-10T02:00:00.000000000,222.13,232.97763
2021-12-10T03:00:00.000000000,226.89,236.96194
2021-12-10T04:00:00.000000000,220.11,233.30706
2021-12-10T05:00:00.000000000,219.21,230.86152
2021-12-10T06:00:00.000000000,204.29,232.13461
2021-12-10T07:00:00.000000000,194.06,230.50656
2021-12-10T08:00:00.000000000,205.5,228.514
2021-12-10T09:00:00.000000000,209.6,228.76074
2021-12-10T10:00:00.000000000,221.87,230.3642
2021-12-10T11:00:00.000000000,223.3,234.35959
2021-12-10T12:00:00.000000000,225.18,238.02545
2021-12-10T13:00:00.000000000,219.6,241.10714
2021-12-10T14:00:00.000000000,235.15,242.91982
2021-12-10T15:00:00.000000000,239.05,240.36377
2021-12-10T16:00:00.000000000,185.72,228.21225
2021-12-10T17:00:00.000000000,143.2,205.27556
2021-12-10T18:00:00.000000000,149.94,179.91782
2021-12-10T19:00:00.000000000,158.98,162.90964
2021-12-10T20:00:00.000000000,157.88,158.42519
2021-12-10T21:00:00.000000000,159.41,162.55937
2021-12-10T22:00:00.000000000,151.39,171.54978
2021-12-10T23:00:00.000000000,169.49,186.38483
2021-12-11T00:00:00.000000000,246.5,221.34441
2021-12-11T01:00:00.000000000,289.73,245.64206
2021-12-11T02:00:00.000000000,280.3,263.71882
2021-12-11T03:00:00.000000000,282.7,271.40286
2021-12-11T04:00:00.000000000,277.38,268.22665
2021-12-11T05:00:00.000000000,280.82,264.23164
2021-12-11T06:00:00.000000000,276.72,262.70988
2021-12-11T07:00:00.000000000,267.08,256.38411
2021-12-11T08:00:00.000000000,256.36,247.80488
2021-12-11T09:00:00.000000000,255.37,242.62547
2021-12-11T10:00:00.000000000,253.94,242.64637
2021-12-11T11:00:00.000000000,256.28,247.31739
2021-12-11T12:00:00.000000000,253.08,252.11283
2021-12-11T13:00:00.000000000,252.49,254.52804
2021-12-11T14:00:00.000000000,263.59,250.66763
2021-12-11T15:00:00.000000000,255.77,238.44375
2021-12-11T16:00:00.000000000,166.94,219.28869
2021-12-11T17:00:00.000000000,115.11,196.50588
2021-12-11T18:00:00.000000000,124.45,176.04348
2021-12-11T19:00:00.000000000,128.42,164.97564
2021-12-11T20:00:00.000000000,129.4,164.63148
2021-12-11T21:00:00.000000000,124.45,169.4138
2021-12-11T22:00:00.000000000,131.84,176.06996
2021-12-11T23:00:00.000000000,150.91,190.53426
2021-12-09T00:00:00.000000000,207.65,187.6551
2021-12-09T01:00:00.000000000,251.52,215.93766
2021-12-09T02:00:00.000000000,240.67,231.79822
2021-12-09T03:00:00.000000000,248.39,231.69133
2021-12-09T04:00:00.000000000,242.91,223.13317
2021-12-09T05:00:00.000000000,233.97,219.91631
2021-12-09T06:00:00.000000000,214.67,221.81066
2021-12-09T07:00:00.000000000,212.52,218.77586
2021-12-09T08:00:00.000000000,216.75,212.67471
2021-12-09T09:00:00.000000000,223.91,208.05648
2021-12-09T10:00:00.000000000,223.57,206.48936
2021-12-09T11:00:00.000000000,207.69,210.79814
2021-12-09T12:00:00.000000000,203.55,218.48016
2021-12-09T13:00:00.000000000,207.71,227.57704
2021-12-09T14:00:00.000000000,203.99,233.29017
2021-12-09T15:00:00.000000000,217.14,230.27465
2021-12-09T16:00:00.000000000,199.9,214.67483
2021-12-09T17:00:00.000000000,188.88,189.43428
2021-12-09T18:00:00.000000000,186.52,166.72313
2021-12-09T19:00:00.000000000,190.43,155.03548
2021-12-09T20:00:00.000000000,189.6,152.02644
2021-12-09T21:00:00.000000000,198.92,150.81687
2021-12-09T22:00:00.000000000,170.98,151.18172
2021-12-09T23:00:00.000000000,172.72,161.56914
2021-12-10T00:00:00.000000000,210.12,201.93608
2021-12-10T01:00:00.000000000,226.33,215.55278
2021-12-10T02:00:00.000000000,222.13,222.54264
2021-12-10T03:00:00.000000000,226.89,221.52586
2021-12-10T04:00:00.000000000,220.11,214.39231
2021-12-10T05:00:00.000000000,219.21,210.79823
2021-12-10T06:00:00.000000000,204.29,211.12613
2021-12-10T07:00:00.000000000,194.06,207.95677
2021-12-10T08:00:00.000000000,205.5,204.79569
2021-12-10T09:00:00.000000000,209.6,205.96466
2021-12-10T10:00:00.000000000,221.87,211.18626
2021-12-10T11:00:00.000000000,223.3,219.73541
2021-12-10T12:00:00.000000000,225.18,225.76595
2021-12-10T13:00:00.000000000,219.6,228.06849
2021-12-10T14:00:00.000000000,235.15,230.1006
2021-12-10T15:00:00.000000000,239.05,232.26984
2021-12-10T16:00:00.000000000,185.72,226.25395
2021-12-10T17:00:00.000000000,143.2,207.33909
2021-12-10T18:00:00.000000000,149.94,183.34908
2021-12-10T19:00:00.000000000,158.98,165.63555
2021-12-10T20:00:00.000000000,157.88,158.66786
2021-12-10T21:00:00.000000000,159.41,160.32984
2021-12-10T22:00:00.000000000,151.39,169.01529
2021-12-10T23:00:00.000000000,169.49,183.88265
2021-12-11T00:00:00.000000000,246.5,219.76775
2021-12-11T01:00:00.000000000,289.73,239.31499
2021-12-11T02:00:00.000000000,280.3,253.4913
2021-12-11T03:00:00.000000000,282.7,259.48582
2021-12-11T04:00:00.000000000,277.38,256.16279
2021-12-11T05:00:00.000000000,280.82,252.65147
2021-12-11T06:00:00.000000000,276.72,252.03764
2021-12-11T07:00:00.000000000,267.08,247.19819
2021-12-11T08:00:00.000000000,256.36,240.75898
2021-12-11T09:00:00.000000000,255.37,237.78493
2021-12-11T10:00:00.000000000,253.94,239.14005
2021-12-11T11:00:00.000000000,256.28,244.12556
2021-12-11T12:00:00.000000000,253.08,248.68744
2021-12-11T13:00:00.000000000,252.49,250.61469
2021-12-11T14:00:00.000000000,263.59,247.35052
2021-12-11T15:00:00.000000000,255.77,238.04112
2021-12-11T16:00:00.000000000,166.94,222.99796
2021-12-11T17:00:00.000000000,115.11,203.04126
2021-12-11T18:00:00.000000000,124.45,182.45337
2021-12-11T19:00:00.000000000,128.42,169.12657
2021-12-11T20:00:00.000000000,129.4,166.98962
2021-12-11T21:00:00.000000000,124.45,171.86616
2021-12-11T22:00:00.000000000,131.84,179.87916
2021-12-11T23:00:00.000000000,150.91,194.434
2021-12-12T00:00:00.000000000,234.36,217.94702
2021-12-12T01:00:00.000000000,273.95,236.34635
2021-12-12T02:00:00.000000000,272.85,252.47833
2021-12-12T03:00:00.000000000,267.11,262.56312
2021-12-12T04:00:00.000000000,273.79,262.25339
2021-12-12T05:00:00.000000000,272.18,258.758
2021-12-12T06:00:00.000000000,276.47,255.58781
2021-12-12T07:00:00.000000000,263.43,247.17746
2021-12-12T08:00:00.000000000,255.53,237.93695
2021-12-12T09:00:00.000000000,254.61,234.53204
2021-12-12T10:00:00.000000000,260.92,237.5276
2021-12-12T11:00:00.000000000,261.59,244.85961
2021-12-12T12:00:00.000000000,258.9,251.40616
2021-12-12T13:00:00.000000000,253.2,253.6158
2021-12-12T14:00:00.000000000,253.52,249.93041
2021-12-12T15:00:00.000000000,245.47,241.77456
2021-12-12T16:00:00.000000000,162.97,229.38076
2021-12-12T17:00:00.000000000,144.58,212.08033
2021-12-12T18:00:00.000000000,133.23,192.44065
2021-12-12T19:00:00.000000000,134.62,178.59582
2021-12-12T20:00:00.000000000,139.2,175.55439
2021-12-12T21:00:00.000000000,140.03,179.45894
2021-12-12T22:00:00.000000000,133.52,185.85026
2021-12-12T23:00:00.000000000,154.53,197.39101
2021-12-10T00:00:00.000000000,210.12,219.16006
2021-12-10T01:00:00.000000000,226.33,229.79733
2021-12-10T02:00:00.000000000,222.13,232.69084
2021-12-10T03:00:00.000000000,226.89,227.18681
2021-12-10T04:00:00.000000000,220.11,214.87532
2021-12-10T05:00:00.000000000,219.21,205.88564
2021-12-10T06:00:00.000000000,204.29,201.88625
2021-12-10T07:00:00.000000000,194.06,195.22418
2021-12-10T08:00:00.000000000,205.5,189.87035
2021-12-10T09:00:00.000000000,209.6,191.10359
2021-12-10T10:00:00.000000000,221.87,198.75821
2021-12-10T11:00:00.000000000,223.3,211.01032
2021-12-10T12:00:00.000000000,225.18,223.30934
2021-12-10T13:00:00.000000000,219.6,231.01284
2021-12-10T14:00:00.000000000,235.15,232.61402
2021-12-10T15:00:00.000000000,239.05,231.12153
2021-12-10T16:00:00.000000000,185.72,224.32226
2021-12-10T17:00:00.000000000,143.2,210.27777
2021-12-10T18:00:00.000000000,149.94,194.15577
2021-12-10T19:00:00.000000000,158.98,183.31742
2021-12-10T20:00:00.000000000,157.88,179.70256
2021-12-10T21:00:00.000000000,159.41,180.84743
2021-12-10T22:00:00.000000000,151.39,188.24231
2021-12-10T23:00:00.000000000,169.49,202.85448
2021-12-11T00:00:00.000000000,246.5,228.02552
2021-12-11T01:00:00.000000000,289.73,260.81921
2021-12-11T02:00:00.000000000,280.3,283.14975
2021-12-11T03:00:00.000000000,282.7,289.15199
2021-12-11T04:00:00.000000000,277.38,281.89537
2021-12-11T05:00:00.000000000,280.82,274.93484
2021-12-11T06:00:00.000000000,276.72,273.41637
2021-12-11T07:00:00.000000000,267.08,269.71232
2021-12-11T08:00:00.000000000,256.36,263.89993
2021-12-11T09:00:00.000000000,255.37,258.3245
2021-12-11T10:00:00.000000000,253.94,255.87164
2021-12-11T11:00:00.000000000,256.28,259.63898
2021-12-11T12:00:00.000000000,253.08,264.96939
2021-12-11T13:00:00.000000000,252.49,266.98981
2021-12-11T14:00:00.000000000,263.59,260.19836
2021-12-11T15:00:00.000000000,255.77,242.69973
2021-12-11T16:00:00.000000000,166.94,218.93412
2021-12-11T17:00:00.000000000,115.11,194.3132
2021-12-11T18:00:00.000000000,124.45,174.6673
2021-12-11T19:00:00.000000000,128.42,164.42763
2021-12-11T20:00:00.000000000,129.4,163.85976
2021-12-11T21:00:00.000000000,124.45,167.17734
2021-12-11T22:00:00.000000000,131.84,172.03435
2021-12-11T23:00:00.000000000,150.91,187.54588
2021-12-12T00:00:00.000000000,234.36,214.62136
2021-12-12T01:00:00.000000000,273.95,238.18252
2021-12-12T02:00:00.000000000,272.85,256.60644
2021-12-12T03:00:00.000000000,267.11,266.38385
2021-12-12T04:00:00.000000000,273.79,264.67249
2021-12-12T05:00:00.000000000,272.18,259.81644
2021-12-12T06:00:00.000000000,276.47,256.44546
2021-12-12T07:00:00.000000000,263.43,250.18444
2021-12-12T08:00:00.000000000,255.53,243.6481
2021-12-12T09:00:00.000000000,254.61,240.67258
2021-12-12T10:00:00.000000000,260.92,241.71933
2021-12-12T11:00:00.000000000,261.59,246.98183
2021-12-12T12:00:00.000000000,258.9,252.38436
2021-12-12T13:00:00.000000000,253.2,253.70977
2021-12-12T14:00:00.000000000,253.52,247.27832
2021-12-12T15:00:00.000000000,245.47,233.3788
2021-12-12T16:00:00.000000000,162.97,215.50829
2021-12-12T17:00:00.000000000,144.58,195.72634
2021-12-12T18:00:00.000000000,133.23,176.74833
2021-12-12T19:00:00.000000000,134.62,163.92307
2021-12-12T20:00:00.000000000,139.2,160.91974
2021-12-12T21:00:00.000000000,140.03,164.95411
2021-12-12T22:00:00.000000000,133.52,172.97042
2021-12-12T23:00:00.000000000,154.53,188.19469
2021-12-13T00:00:00.000000000,218.66,216.63825
2021-12-13T01:00:00.000000000,261.51,229.84607
2021-12-13T02:00:00.000000000,257.13,242.41769
2021-12-13T03:00:00.000000000,264.2,250.2807
2021-12-13T04:00:00.000000000,259.03,248.0761
2021-12-13T05:00:00.000000000,257.98,243.21199
2021-12-13T06:00:00.000000000,249.25,240.68905
2021-12-13T07:00:00.000000000,236.08,236.62864
2021-12-13T08:00:00.000000000,228.51,232.54657
2021-12-13T09:00:00.000000000,242.14,232.09734
2021-12-13T10:00:00.000000000,243.77,238.19758
2021-12-13T11:00:00.000000000,234.76,251.86198
2021-12-13T12:00:00.000000000,222.95,265.43165
2021-12-13T13:00:00.000000000,231.95,267.80046
2021-12-13T14:00:00.000000000,242.49,255.29596
2021-12-13T15:00:00.000000000,247.26,236.03532
2021-12-13T16:00:00.000000000,230.32,218.70683
2021-12-13T17:00:00.000000000,207.53,204.97243
2021-12-13T18:00:00.000000000,202.87,193.44004
2021-12-13T19:00:00.000000000,200.1,185.48858
2021-12-13T20:00:00.000000000,197.72,183.66137
2021-12-13T21:00:00.000000000,199.05,186.95027
2021-12-13T22:00:00.000000000,206.08,192.83004
2021-12-13T23:00:00.000000000,225.94,202.13492
2021-12-11T00:00:00.000000000,246.5,217.48979
2021-12-11T01:00:00.000000000,289.73,250.67183
2021-12-11T02:00:00.000000000,280.3,271.49746
2021-12-11T03:00:00.000000000,282.7,280.41609
2021-12-11T04:00:00.000000000,277.38,278.39063
2021-12-11T05:00:00.000000000,280.82,275.79161
2021-12-11T06:00:00.000000000,276.72,275.16996
2021-12-11T07:00:00.000000000,267.08,270.29082
2021-12-11T08:00:00.000000000,256.36,261.90433
2021-12-11T09:00:00.000000000,255.37,255.63376
2021-12-11T10:00:00.000000000,253.94,252.22562
2021-12-11T11:00:00.000000000,256.28,253.48631
2021-12-11T12:00:00.000000000,253.08,261.78262
2021-12-11T13:00:00.000000000,252.49,271.21422
2021-12-11T14:00:00.000000000,263.59,263.28657
2021-12-11T15:00:00.000000000,255.77,230.21039
2021-12-11T16:00:00.000000000,166.94,189.24241
2021-12-11T17:00:00.000000000,115.11,158.55416
2021-12-11T18:00:00.000000000,124.45,143.18972
2021-12-11T19:00:00.000000000,128.42,140.29134
2021-12-11T20:00:00.000000000,129.4,143.50368
2021-12-11T21:00:00.000000000,124.45,147.86104
2021-12-11T22:00:00.000000000,131.84,154.73484
2021-12-11T23:00:00.000000000,150.91,175.17156
2021-12-12T00:00:00.000000000,234.36,211.32881
2021-12-12T01:00:00.000000000,273.95,237.49601
2021-12-12T02:00:00.000000000,272.85,257.95901
2021-12-12T03:00:00.000000000,267.11,269.20336
2021-12-12T04:00:00.000000000,273.79,268.0294
2021-12-12T05:00:00.000000000,272.18,262.8581
2021-12-12T06:00:00.000000000,276.47,258.86229
2021-12-12T07:00:00.000000000,263.43,252.4981
2021-12-12T08:00:00.000000000,255.53,245.32815
2021-12-12T09:00:00.000000000,254.61,241.30579
2021-12-12T10:00:00.000000000,260.92,242.3155
2021-12-12T11:00:00.000000000,261.59,249.70799
2021-12-12T12:00:00.000000000,258.9,259.05621
2021-12-12T13:00:00.000000000,253.2,261.67581
2021-12-12T14:00:00.000000000,253.52,249.21985
2021-12-12T15:00:00.000000000,245.47,224.30412
2021-12-12T16:00:00.000000000,162.97,198.58841
2021-12-12T17:00:00.000000000,144.58,178.76873
2021-12-12T18:00:00.000000000,133.23,165.04025
2021-12-12T19:00:00.000000000,134.62,157.20485
2021-12-12T20:00:00.000000000,139.2,155.93805
2021-12-12T21:00:00.000000000,140.03,159.5845
2021-12-12T22:00:00.000000000,133.52,167.40672
2021-12-12T23:00:00.000000000,154.53,183.57048
2021-12-13T00:00:00.000000000,218.66,219.86838
2021-12-13T01:00:00.000000000,261.51,229.94158
2021-12-13T02:00:00.000000000,257.13,239.70819
2021-12-13T03:00:00.000000000,264.2,246.27752
2021-12-13T04:00:00.000000000,259.03,243.77049
2021-12-13T05:00:00.000000000,257.98,238.50107
2021-12-13T06:00:00.000000000,249.25,235.18454
2021-12-13T07:00:00.000000000,236.08,230.00508
2021-12-13T08:00:00.000000000,228.51,224.65302
2021-12-13T09:00:00.000000000,242.14,223.34274
2021-12-13T10:00:00.000000000,243.77,230.14304
2021-12-13T11:00:00.000000000,234.76,246.57171
2021-12-13T12:00:00.000000000,222.95,265.60549
2021-12-13T13:00:00.000000000,231.95,272.89186
2021-12-13T14:00:00.000000000,242.49,260.37769
2021-12-13T15:00:00.000000000,247.26,237.53955
2021-12-13T16:00:00.000000000,230.32,218.25028
2021-12-13T17:00:00.000000000,207.53,206.68344
2021-12-13T18:00:00.000000000,202.87,199.56148
2021-12-13T19:00:00.000000000,200.1,195.30164
2021-12-13T20:00:00.000000000,197.72,195.12234
2021-12-13T21:00:00.000000000,199.05,197.7992
2021-12-13T22:00:00.000000000,206.08,202.14185
2021-12-13T23:00:00.000000000,225.94,209.76389
2021-12-14T00:00:00.000000000,241.89,235.41314
2021-12-14T01:00:00.000000000,255.39,241.57865
2021-12-14T02:00:00.000000000,254.63,247.48628
2021-12-14T03:00:00.000000000,246.8,253.05348
2021-12-14T04:00:00.000000000,249.75,252.24842
2021-12-14T05:00:00.000000000,237.62,249.11949
2021-12-14T06:00:00.000000000,233.36,246.26257
2021-12-14T07:00:00.000000000,232.54,238.6456
2021-12-14T08:00:00.000000000,225.59,229.90141
2021-12-14T09:00:00.000000000,213.2,225.93822
2021-12-14T10:00:00.000000000,214.93,229.48455
2021-12-14T11:00:00.000000000,216.21,239.70986
2021-12-14T12:00:00.000000000,192.59,252.79799
2021-12-14T13:00:00.000000000,200.7,260.1233
2021-12-14T14:00:00.000000000,224.96,253.27769
2021-12-14T15:00:00.000000000,235.91,236.61413
2021-12-14T16:00:00.000000000,211.54,220.69005
2021-12-14T17:00:00.000000000,197.76,210.64964
2021-12-14T18:00:00.000000000,191.75,204.70493
2021-12-14T19:00:00.000000000,178.36,202.29644
2021-12-14T20:00:00.000000000,191.91,203.51271
2021-12-14T21:00:00.000000000,186.58,206.7832
2021-12-14T22:00:00.000000000,194.64,211.91473
2021-12-14T23:00:00.000000000,204.64,221.3919
2021-12-12T00:00:00.000000000,234.36,197.70139
2021-12-12T01:00:00.000000000,273.95,234.05071
2021-12-12T02:00:00.000000000,272.85,255.20963
2021-12-12T03:00:00.000000000,267.11,265.5846
2021-12-12T04:00:00.000000000,273.79,266.55223
2021-12-12T05:00:00.000000000,272.18,266.2249
2021-12-12T06:00:00.000000000,276.47,264.48601
2021-12-12T07:00:00.000000000,263.43,256.10379
2021-12-12T08:00:00.000000000,255.53,244.20626
2021-12-12T09:00:00.000000000,254.61,236.60786
2021-12-12T10:00:00.000000000,260.92,232.75336
2021-12-12T11:00:00.000000000,261.59,232.36225
2021-12-12T12:00:00.000000000,258.9,241.45385
2021-12-12T13:00:00.000000000,253.2,256.02093
2021-12-12T14:00:00.000000000,253.52,252.74847
2021-12-12T15:00:00.000000000,245.47,217.7005
2021-12-12T16:00:00.000000000,162.97,169.76572
2021-12-12T17:00:00.000000000,144.58,132.92166
2021-12-12T18:00:00.000000000,133.23,116.09542
2021-12-12T19:00:00.000000000,134.62,115.05744
2021-12-12T20:00:00.000000000,139.2,120.18226
2021-12-12T21:00:00.000000000,140.03,124.28302
2021-12-12T22:00:00.000000000,133.52,130.6684
2021-12-12T23:00:00.000000000,154.53,153.31289
2021-12-13T00:00:00.000000000,218.66,213.24256
2021-12-13T01:00:00.000000000,261.51,231.17419
2021-12-13T02:00:00.000000000,257.13,246.89502
2021-12-13T03:00:00.000000000,264.2,259.59783
2021-12-13T04:00:00.000000000,259.03,262.75969
2021-12-13T05:00:00.000000000,257.98,260.96592
2021-12-13T06:00:00.000000000,249.25,257.77494
2021-12-13T07:00:00.000000000,236.08,250.32577
2021-12-13T08:00:00.000000000,228.51,242.57446
2021-12-13T09:00:00.000000000,242.14,240.31563
2021-12-13T10:00:00.000000000,243.77,245.2076
2021-12-13T11:00:00.000000000,234.76,256.21279
2021-12-13T12:00:00.000000000,222.95,269.13074
2021-12-13T13:00:00.000000000,231.95,273.38294
2021-12-13T14:00:00.000000000,242.49,259.33476
2021-12-13T15:00:00.000000000,247.26,231.70789
2021-12-13T16:00:00.000000000,230.32,205.17177
2021-12-13T17:00:00.000000000,207.53,187.30395
2021-12-13T18:00:00.000000000,202.87,176.82154
2021-12-13T19:00:00.000000000,200.1,171.24349
2021-12-13T20:00:00.000000000,197.72,170.42507
2021-12-13T21:00:00.000000000,199.05,173.31005
2021-12-13T22:00:00.000000000,206.08,180.33472
2021-12-13T23:00:00.000000000,225.94,194.67272
2021-12-14T00:00:00.000000000,241.89,231.16886
2021-12-14T01:00:00.000000000,255.39,245.32319
2021-12-14T02:00:00.000000000,254.63,255.65689
2021-12-14T03:00:00.000000000,246.8,260.60894
2021-12-14T04:00:00.000000000,249.75,256.57367
2021-12-14T05:00:00.000000000,237.62,251.46111
2021-12-14T06:00:00.000000000,233.36,249.53402
2021-12-14T07:00:00.000000000,232.54,244.96146
2021-12-14T08:00:00.000000000,225.59,239.44358
2021-12-14T09:00:00.000000000,213.2,237.88127
2021-12-14T10:00:00.000000000,214.93,242.50956
2021-12-14T11:00:00.000000000,216.21,253.46987
2021-12-14T12:00:00.000000000,192.59,265.92481
2021-12-14T13:00:00.000000000,200.7,269.45949
2021-12-14T14:00:00.000000000,224.96,256.66149
2021-12-14T15:00:00.000000000,235.91,234.68603
2021-12-14T16:00:00.000000000,211.54,216.03235
2021-12-14T17:00:00.000000000,197.76,204.18021
2021-12-14T18:00:00.000000000,191.75,195.17608
2021-12-14T19:00:00.000000000,178.36,188.70092
2021-12-14T20:00:00.000000000,191.91,187.3918
2021-12-14T21:00:00.000000000,186.58,190.60793
2021-12-14T22:00:00.000000000,194.64,197.90107
2021-12-14T23:00:00.000000000,204.64,211.63342
2021-12-15T00:00:00.000000000,218.94,234.42794
2021-12-15T01:00:00.000000000,233.44,241.86135
2021-12-15T02:00:00.000000000,241.55,247.26895
2021-12-15T03:00:00.000000000,240.11,253.1397
2021-12-15T04:00:00.000000000,252.46,254.40055
2021-12-15T05:00:00.000000000,243.84,252.80152
2021-12-15T06:00:00.000000000,229.6,248.53417
2021-12-15T07:00:00.000000000,227.48,237.75591
2021-12-15T08:00:00.000000000,227.09,227.87645
2021-12-15T09:00:00.000000000,225.31,225.47363
2021-12-15T10:00:00.000000000,227.5,229.07693
2021-12-15T11:00:00.000000000,228.14,234.48113
2021-12-15T12:00:00.000000000,228.3,239.13005
2021-12-15T13:00:00.000000000,248.78,240.94192
2021-12-15T14:00:00.000000000,244.5,236.36488
2021-12-15T15:00:00.000000000,249.31,226.08288
2021-12-15T16:00:00.000000000,194.73,213.38088
2021-12-15T17:00:00.000000000,155.29,201.31936
2021-12-15T18:00:00.000000000,151.91,191.36336
2021-12-15T19:00:00.000000000,154.08,185.93179
2021-12-15T20:00:00.000000000,157.25,185.55509
2021-12-15T21:00:00.000000000,174.43,189.39806
2021-12-15T22:00:00.000000000,169.36,198.61852
2021-12-15T23:00:00.000000000,178.53,214.27846
2021-12-13T00:00:00.000000000,218.66,203.38606
2021-12-13T01:00:00.000000000,261.51,223.99608
2021-12-13T02:00:00.000000000,257.13,238.31912
2021-12-13T03:00:00.000000000,264.2,245.92337
2021-12-13T04:00:00.000000000,259.03,245.54045
2021-12-13T05:00:00.000000000,257.98,245.84453
2021-12-13T06:00:00.000000000,249.25,248.59368
2021-12-13T07:00:00.000000000,236.08,245.70704
2021-12-13T08:00:00.000000000,228.51,239.21533
2021-12-13T09:00:00.000000000,242.14,235.21589
2021-12-13T10:00:00.000000000,243.77,235.03244
2021-12-13T11:00:00.000000000,234.76,239.06745
2021-12-13T12:00:00.000000000,222.95,248.68538
2021-12-13T13:00:00.000000000,231.95,260.46095
2021-12-13T14:00:00.000000000,242.49,262.65618
2021-12-13T15:00:00.000000000,247.26,248.00929
2021-12-13T16:00:00.000000000,230.32,220.78749
2021-12-13T17:00:00.000000000,207.53,191.01648
2021-12-13T18:00:00.000000000,202.87,168.72264
2021-12-13T19:00:00.000000000,200.1,159.32879
2021-12-13T20:00:00.000000000,197.72,159.80917
2021-12-13T21:00:00.000000000,199.05,162.29026
2021-12-13T22:00:00.000000000,206.08,166.05588
2021-12-13T23:00:00.000000000,225.94,179.0222
2021-12-14T00:00:00.000000000,241.89,215.97167
2021-12-14T01:00:00.000000000,255.39,231.55538
2021-12-14T02:00:00.000000000,254.63,244.39078
2021-12-14T03:00:00.000000000,246.8,252.09122
2021-12-14T04:00:00.000000000,249.75,251.25504
2021-12-14T05:00:00.000000000,237.62,250.16829
2021-12-14T06:00:00.000000000,233.36,252.15043
2021-12-14T07:00:00.000000000,232.54,250.7112
2021-12-14T08:00:00.000000000,225.59,247.20338
2021-12-14T09:00:00.000000000,213.2,245.43712
2021-12-14T10:00:00.000000000,214.93,247.37581
2021-12-14T11:00:00.000000000,216.21,254.92858
2021-12-14T12:00:00.000000000,192.59,265.33872
2021-12-14T13:00:00.000000000,200.7,271.85809
2021-12-14T14:00:00.000000000,224.96,267.31542
2021-12-14T15:00:00.000000000,235.91,252.37466
2021-12-14T16:00:00.000000000,211.54,232.82751
2021-12-14T17:00:00.000000000,197.76,212.61236
2021-12-14T18:00:00.000000000,191.75,194.85367
2021-12-14T19:00:00.000000000,178.36,183.46428
2021-12-14T20:00:00.000000000,191.91,179.55748
2021-12-14T21:00:00.000000000,186.58,180.41105
2021-12-14T22:00:00.000000000,194.64,184.95378
2021-12-14T23:00:00.000000000,204.64,196.44052
2021-12-15T00:00:00.000000000,218.94,225.91183
2021-12-15T01:00:00.000000000,233.44,238.39309
2021-12-15T02:00:00.000000000,241.55,245.92351
2021-12-15T03:00:00.000000000,240.11,248.91898
2021-12-15T04:00:00.000000000,252.46,244.65436
2021-12-15T05:00:00.000000000,243.84,240.34638
2021-12-15T06:00:00.000000000,229.6,239.42275
2021-12-15T07:00:00.000000000,227.48,236.57981
2021-12-15T08:00:00.000000000,227.09,234.276
2021-12-15T09:00:00.000000000,225.31,235.15145
2021-12-15T10:00:00.000000000,227.5,237.83709
2021-12-15T11:00:00.000000000,228.14,242.37378
2021-12-15T12:00:00.000000000,228.3,247.94154
2021-12-15T13:00:00.000000000,248.78,251.55158
2021-12-15T14:00:00.000000000,244.5,247.72739
2021-12-15T15:00:00.000000000,249.31,235.94587
2021-12-15T16:00:00.000000000,194.73,219.74442
2021-12-15T17:00:00.000000000,155.29,202.02517
2021-12-15T18:00:00.000000000,151.91,185.34504
2021-12-15T19:00:00.000000000,154.08,174.3061
2021-12-15T20:00:00.000000000,157.25,171.63035
2021-12-15T21:00:00.000000000,174.43,175.74549
2021-12-15T22:00:00.000000000,169.36,186.00517
2021-12-15T23:00:00.000000000,178.53,203.43845
2021-12-16T00:00:00.000000000,244.06,217.12429
2021-12-16T01:00:00.000000000,278.29,239.08897
2021-12-16T02:00:00.000000000,278.35,253.30713
2021-12-16T03:00:00.000000000,278.38,259.20592
2021-12-16T04:00:00.000000000,279.91,257.5143
2021-12-16T05:00:00.000000000,277.17,255.60517
2021-12-16T06:00:00.000000000,264.42,254.08517
2021-12-16T07:00:00.000000000,260.68,247.46274
2021-12-16T08:00:00.000000000,234.12,240.74008
2021-12-16T09:00:00.000000000,222.26,238.00717
2021-12-16T10:00:00.000000000,231.18,238.0834
2021-12-16T11:00:00.000000000,233.1,239.58944
2021-12-16T12:00:00.000000000,225.07,239.32241
2021-12-16T13:00:00.000000000,247.57,238.85166
2021-12-16T14:00:00.000000000,252.18,237.38552
2021-12-16T15:00:00.000000000,253.9,229.97436
2021-12-16T16:00:00.000000000,208.63,213.94319
2021-12-16T17:00:00.000000000,172.15,191.52557
2021-12-16T18:00:00.000000000,160.61,171.04429
2021-12-16T19:00:00.000000000,156.57,159.38288
2021-12-16T20:00:00.000000000,158.59,157.27185
2021-12-16T21:00:00.000000000,171.21,161.36053
2021-12-16T22:00:00.000000000,169.61,169.9331
2021-12-16T23:00:00.000000000,174.73,187.16278
2021-12-14T00:00:00.000000000,241.89,227.31723
2021-12-14T01:00:00.000000000,255.39,234.03077
2021-12-14T02:00:00.000000000,254.63,237.9978
2021-12-14T03:00:00.000000000,246.8,240.67638
2021-12-14T04:00:00.000000000,249.75,237.76541
2021-12-14T05:00:00.000000000,237.62,235.95929
2021-12-14T06:00:00.000000000,233.36,237.5565
2021-12-14T07:00:00.000000000,232.54,236.21779
2021-12-14T08:00:00.000000000,225.59,233.78989
2021-12-14T09:00:00.000000000,213.2,232.93782
2021-12-14T10:00:00.000000000,214.93,232.9496
2021-12-14T11:00:00.000000000,216.21,235.61625
2021-12-14T12:00:00.000000000,192.59,245.31894
2021-12-14T13:00:00.000000000,200.7,260.54711
2021-12-14T14:00:00.000000000,224.96,269.09252
2021-12-14T15:00:00.000000000,235.91,262.08663
2021-12-14T16:00:00.000000000,211.54,241.4809
2021-12-14T17:00:00.000000000,197.76,216.74015
2021-12-14T18:00:00.000000000,191.75,197.76105
2021-12-14T19:00:00.000000000,178.36,189.88214
2021-12-14T20:00:00.000000000,191.91,189.65924
2021-12-14T21:00:00.000000000,186.58,191.79957
2021-12-14T22:00:00.000000000,194.64,196.66439
2021-12-14T23:00:00.000000000,204.64,208.37235
2021-12-15T00:00:00.000000000,218.94,237.14265
2021-12-15T01:00:00.000000000,233.44,245.12506
2021-12-15T02:00:00.000000000,241.55,247.61835
2021-12-15T03:00:00.000000000,240.11,246.28287
2021-12-15T04:00:00.000000000,252.46,238.56756
2021-12-15T05:00:00.000000000,243.84,232.61381
2021-12-15T06:00:00.000000000,229.6,232.46318
2021-12-15T07:00:00.000000000,227.48,232.11153
2021-12-15T08:00:00.000000000,227.09,232.62594
2021-12-15T09:00:00.000000000,225.31,235.07426
2021-12-15T10:00:00.000000000,227.5,238.07867
2021-12-15T11:00:00.000000000,228.14,243.27898
2021-12-15T12:00:00.000000000,228.3,253.11611
2021-12-15T13:00:00.000000000,248.78,263.28498
2021-12-15T14:00:00.000000000,244.5,263.09786
2021-12-15T15:00:00.000000000,249.31,250.83719
2021-12-15T16:00:00.000000000,194.73,233.70438
2021-12-15T17:00:00.000000000,155.29,217.59915
2021-12-15T18:00:00.000000000,151.91,204.18512
2021-12-15T19:00:00.000000000,154.08,195.53695
2021-12-15T20:00:00.000000000,157.25,192.57144
2021-12-15T21:00:00.000000000,174.43,193.97978
2021-12-15T22:00:00.000000000,169.36,201.3303
2021-12-15T23:00:00.000000000,178.53,216.85013
2021-12-16T00:00:00.000000000,244.06,227.68119
2021-12-16T01:00:00.000000000,278.29,245.59714
2021-12-16T02:00:00.000000000,278.35,257.13761
2021-12-16T03:00:00.000000000,278.38,260.70314
2021-12-16T04:00:00.000000000,279.91,255.44124
2021-12-16T05:00:00.000000000,277.17,250.38612
2021-12-16T06:00:00.000000000,264.42,249.30465
2021-12-16T07:00:00.000000000,260.68,245.68147
2021-12-16T08:00:00.000000000,234.12,241.40365
2021-12-16T09:00:00.000000000,222.26,239.9454
2021-12-16T10:00:00.000000000,231.18,242.048
2021-12-16T11:00:00.000000000,233.1,248.13335
2021-12-16T12:00:00.000000000,225.07,254.58008
2021-12-16T13:00:00.000000000,247.57,257.05
2021-12-16T14:00:00.000000000,252.18,251.23024
2021-12-16T15:00:00.000000000,253.9,238.12641
2021-12-16T16:00:00.000000000,208.63,221.83923
2021-12-16T17:00:00.000000000,172.15,204.25671
2021-12-16T18:00:00.000000000,160.61,187.00135
2021-12-16T19:00:00.000000000,156.57,175.00973
2021-12-16T20:00:00.000000000,158.59,172.30491
2021-12-16T21:00:00.000000000,171.21,176.51832
2021-12-16T22:00:00.000000000,169.61,185.41893
2021-12-16T23:00:00.000000000,174.73,201.77849
2021-12-17T00:00:00.000000000,228.56,219.92417
2021-12-17T01:00:00.000000000,268.41,241.76184
2021-12-17T02:00:00.000000000,265.49,255.90376
2021-12-17T03:00:00.000000000,263.18,261.91603
2021-12-17T04:00:00.000000000,256.66,260.00152
2021-12-17T05:00:00.000000000,266.26,257.7621
2021-12-17T06:00:00.000000000,268.79,256.44256
2021-12-17T07:00:00.000000000,261.25,250.54136
2021-12-17T08:00:00.000000000,262.81,244.25207
2021-12-17T09:00:00.000000000,266.26,241.78887
2021-12-17T10:00:00.000000000,267.92,242.49245
2021-12-17T11:00:00.000000000,271.04,245.1495
2021-12-17T12:00:00.000000000,266.08,246.07361
2021-12-17T13:00:00.000000000,267.97,245.01056
2021-12-17T14:00:00.000000000,268.75,240.29402
2021-12-17T15:00:00.000000000,269.63,228.89644
2021-12-17T16:00:00.000000000,216.38,210.98735
2021-12-17T17:00:00.000000000,159.3,189.21906
2021-12-17T18:00:00.000000000,143.83,169.65952
2021-12-17T19:00:00.000000000,146.21,157.99258
2021-12-17T20:00:00.000000000,156.13,155.71283
2021-12-17T21:00:00.000000000,153.24,160.3327
2021-12-17T22:00:00.000000000,146.4,170.40878
2021-12-17T23:00:00.000000000,166.57,189.32763
2021-12-15T00:00:00.000000000,218.94,214.87594
2021-12-15T01:00:00.000000000,233.44,225.31222
2021-12-15T02:00:00.000000000,241.55,230.29441
2021-12-15T03:00:00.000000000,240.11,228.97659
2021-12-15T04:00:00.000000000,252.46,221.18122
2021-12-15T05:00:00.000000000,243.84,215.51213
2021-12-15T06:00:00.000000000,229.6,214.38983
2021-12-15T07:00:00.000000000,227.48,212.05503
2021-12-15T08:00:00.000000000,227.09,211.41174
2021-12-15T09:00:00.000000000,225.31,213.51585
2021-12-15T10:00:00.000000000,227.5,215.88349
2021-12-15T11:00:00.000000000,228.14,218.50312
2021-12-15T12:00:00.000000000,228.3,221.47088
2021-12-15T13:00:00.000000000,248.78,226.24688
2021-12-15T14:00:00.000000000,244.5,231.54755
2021-12-15T15:00:00.000000000,249.31,234.10492
2021-12-15T16:00:00.000000000,194.73,228.43389
2021-12-15T17:00:00.000000000,155.29,213.92541
2021-12-15T18:00:00.000000000,151.91,197.57643
2021-12-15T19:00:00.000000000,154.08,186.41728
2021-12-15T20:00:00.000000000,157.25,181.27354
2021-12-15T21:00:00.000000000,174.43,180.70893
2021-12-15T22:00:00.000000000,169.36,185.19945
2021-12-15T23:00:00.000000000,178.53,196.37386
2021-12-16T00:00:00.000000000,244.06,217.49294
2021-12-16T01:00:00.000000000,278.29,238.20732
2021-12-16T02:00:00.000000000,278.35,253.63123
2021-12-16T03:00:00.000000000,278.38,260.49962
2021-12-16T04:00:00.000000000,279.91,257.22411
2021-12-16T05:00:00.000000000,277.17,252.68343
2021-12-16T06:00:00.000000000,264.42,250.96683
2021-12-16T07:00:00.000000000,260.68,246.24321
2021-12-16T08:00:00.000000000,234.12,240.9434
2021-12-16T09:00:00.000000000,222.26,238.39281
2021-12-16T10:00:00.000000000,231.18,238.91989
2021-12-16T11:00:00.000000000,233.1,242.90076
2021-12-16T12:00:00.000000000,225.07,247.24001
2021-12-16T13:00:00.000000000,247.57,250.31339
2021-12-16T14:00:00.000000000,252.18,248.73303
2021-12-16T15:00:00.000000000,253.9,240.17992
2021-12-16T16:00:00.000000000,208.63,224.82569
2021-12-16T17:00:00.000000000,172.15,204.31746
2021-12-16T18:00:00.000000000,160.61,183.52934
2021-12-16T19:00:00.000000000,156.57,169.96382
2021-12-16T20:00:00.000000000,158.59,167.43633
2021-12-16T21:00:00.000000000,171.21,171.64695
2021-12-16T22:00:00.000000000,169.61,178.47746
2021-12-16T23:00:00.000000000,174.73,191.87761
2021-12-17T00:00:00.000000000,228.56,210.87255
2021-12-17T01:00:00.000000000,268.41,236.55972
2021-12-17T02:00:00.000000000,265.49,255.04108
2021-12-17T03:00:00.000000000,263.18,263.0313
2021-12-17T04:00:00.000000000,256.66,260.7324
2021-12-17T05:00:00.000000000,266.26,256.0447
2021-12-17T06:00:00.000000000,268.79,250.69138
2021-12-17T07:00:00.000000000,261.25,240.51484
2021-12-17T08:00:00.000000000,262.81,230.85839
2021-12-17T09:00:00.000000000,266.26,226.51984
2021-12-17T10:00:00.000000000,267.92,227.65871
2021-12-17T11:00:00.000000000,271.04,232.37428
2021-12-17T12:00:00.000000000,266.08,234.02337
2021-12-17T13:00:00.000000000,267.97,232.92068
2021-12-17T14:00:00.000000000,268.75,230.86129
2021-12-17T15:00:00.000000000,269.63,224.89604
2021-12-17T16:00:00.000000000,216.38,210.41884
2021-12-17T17:00:00.000000000,159.3,187.76765
2021-12-17T18:00:00.000000000,143.83,165.7956
2021-12-17T19:00:00.000000000,146.21,152.9012
2021-12-17T20:00:00.000000000,156.13,150.68011
2021-12-17T21:00:00.000000000,153.24,155.21889
2021-12-17T22:00:00.000000000,146.4,164.03482
2021-12-17T23:00:00.000000000,166.57,180.6332
2021-12-18T00:00:00.000000000,248.22,223.83214
2021-12-18T01:00:00.000000000,289.41,247.90521
2021-12-18T02:00:00.000000000,286.61,264.98173
2021-12-18T03:00:00.000000000,282.39,272.53553
2021-12-18T04:00:00.000000000,278.74,269.90344
2021-12-18T05:00:00.000000000,279.67,266.15058
2021-12-18T06:00:00.000000000,275.19,264.10536
2021-12-18T07:00:00.000000000,268.92,257.75953
2021-12-18T08:00:00.000000000,263.5,250.23845
2021-12-18T09:00:00.000000000,257.91,246.50169
2021-12-18T10:00:00.000000000,262.4,246.97568
2021-12-18T11:00:00.000000000,258.42,250.3711
2021-12-18T12:00:00.000000000,257.65,252.87146
2021-12-18T13:00:00.000000000,250.43,253.48397
2021-12-18T14:00:00.000000000,260.74,248.72207
2021-12-18T15:00:00.000000000,255.36,235.0766
2021-12-18T16:00:00.000000000,191.04,214.02423
2021-12-18T17:00:00.000000000,137.0,189.74968
2021-12-18T18:00:00.000000000,132.65,168.92153
2021-12-18T19:00:00.000000000,126.11,157.99507
2021-12-18T20:00:00.000000000,121.69,157.72049
2021-12-18T21:00:00.000000000,133.39,163.55468
2021-12-18T22:00:00.000000000,147.91,172.94152
2021-12-18T23:00:00.000000000,153.94,190.85685
2021-12-16T00:00:00.000000000,244.06,182.72619
2021-12-16T01:00:00.000000000,278.29,215.2396
2021-12-16T02:00:00.000000000,278.35,238.78816
2021-12-16T03:00:00.000000000,278.38,250.08412
2021-12-16T04:00:00.000000000,279.91,249.95553
2021-12-16T05:00:00.000000000,277.17,248.18688
2021-12-16T06:00:00.000000000,264.42,246.9303
2021-12-16T07:00:00.000000000,260.68,241.29883
2021-12-16T08:00:00.000000000,234.12,233.54856
2021-12-16T09:00:00.000000000,222.26,227.39966
2021-12-16T10:00:00.000000000,231.18,223.64464
2021-12-16T11:00:00.000000000,233.1,225.22592
2021-12-16T12:00:00.000000000,225.07,231.76184
2021-12-16T13:00:00.000000000,247.57,240.55612
2021-12-16T14:00:00.000000000,252.18,240.62794
2021-12-16T15:00:00.000000000,253.9,223.28162
2021-12-16T16:00:00.000000000,208.63,194.0456
2021-12-16T17:00:00.000000000,172.15,164.24828
2021-12-16T18:00:00.000000000,160.61,144.52486
2021-12-16T19:00:00.000000000,156.57,137.64072
2021-12-16T20:00:00.000000000,158.59,138.60289
2021-12-16T21:00:00.000000000,171.21,140.37874
2021-12-16T22:00:00.000000000,169.61,141.39919
2021-12-16T23:00:00.000000000,174.73,152.05735
2021-12-17T00:00:00.000000000,228.56,186.885
2021-12-17T01:00:00.000000000,268.41,212.25995
2021-12-17T02:00:00.000000000,265.49,227.19845
2021-12-17T03:00:00.000000000,263.18,229.12922
2021-12-17T04:00:00.000000000,256.66,221.85911
2021-12-17T05:00:00.000000000,266.26,216.63072
2021-12-17T06:00:00.000000000,268.79,214.25559
2021-12-17T07:00:00.000000000,261.25,208.35993
2021-12-17T08:00:00.000000000,262.81,200.87617
2021-12-17T09:00:00.000000000,266.26,196.95165
2021-12-17T10:00:00.000000000,267.92,198.97014
2021-12-17T11:00:00.000000000,271.04,206.64848
2021-12-17T12:00:00.000000000,266.08,212.59547
2021-12-17T13:00:00.000000000,267.97,213.02332
2021-12-17T14:00:00.000000000,268.75,207.43223
2021-12-17T15:00:00.000000000,269.63,196.3359
2021-12-17T16:00:00.000000000,216.38,179.48177
2021-12-17T17:00:00.000000000,159.3,158.28661
2021-12-17T18:00:00.000000000,143.83,140.05932
2021-12-17T19:00:00.000000000,146.21,130.51029
2021-12-17T20:00:00.000000000,156.13,129.41473
2021-12-17T21:00:00.000000000,153.24,133.49992
2021-12-17T22:00:00.000000000,146.4,142.75103
2021-12-17T23:00:00.000000000,166.57,160.19813
2021-12-18T00:00:00.000000000,248.22,210.38469
2021-12-18T01:00:00.000000000,289.41,235.40823
2021-12-18T02:00:00.000000000,286.61,251.9236
2021-12-18T03:00:00.000000000,282.39,257.38236
2021-12-18T04:00:00.000000000,278.74,252.67866
2021-12-18T05:00:00.000000000,279.67,247.19346
2021-12-18T06:00:00.000000000,275.19,243.65292
2021-12-18T07:00:00.000000000,268.92,237.26389
2021-12-18T08:00:00.000000000,263.5,231.07053
2021-12-18T09:00:00.000000000,257.91,228.63117
2021-12-18T10:00:00.000000000,262.4,230.58871
2021-12-18T11:00:00.000000000,258.42,236.76499
2021-12-18T12:00:00.000000000,257.65,241.42794
2021-12-18T13:00:00.000000000,250.43,241.82404
2021-12-18T14:00:00.000000000,260.74,236.1501
2021-12-18T15:00:00.000000000,255.36,223.68038
2021-12-18T16:00:00.000000000,191.04,205.70216
2021-12-18T17:00:00.000000000,137.0,184.17502
2021-12-18T18:00:00.000000000,132.65,164.54392
2021-12-18T19:00:00.000000000,126.11,152.2909
2021-12-18T20:00:00.000000000,121.69,149.48923
2021-12-18T21:00:00.000000000,133.39,153.61808
2021-12-18T22:00:00.000000000,147.91,163.23247
2021-12-18T23:00:00.000000000,153.94,181.43656
2021-12-19T00:00:00.000000000,230.24,228.676
2021-12-19T01:00:00.000000000,276.38,255.14152
2021-12-19T02:00:00.000000000,275.48,274.34983
2021-12-19T03:00:00.000000000,271.85,283.02287
2021-12-19T04:00:00.000000000,266.97,279.85983
2021-12-19T05:00:00.000000000,259.08,274.43421
2021-12-19T06:00:00.000000000,257.33,270.99518
2021-12-19T07:00:00.000000000,258.96,263.98584
2021-12-19T08:00:00.000000000,262.15,255.38242
2021-12-19T09:00:00.000000000,255.43,250.6652
2021-12-19T10:00:00.000000000,251.54,251.82864
2021-12-19T11:00:00.000000000,252.8,258.08428
2021-12-19T12:00:00.000000000,251.77,262.99676
2021-12-19T13:00:00.000000000,251.97,259.4534
2021-12-19T14:00:00.000000000,251.76,243.07286
2021-12-19T15:00:00.000000000,251.45,217.83301
2021-12-19T16:00:00.000000000,180.41,193.19602
2021-12-19T17:00:00.000000000,125.5,174.40722
2021-12-19T18:00:00.000000000,134.23,161.83272
2021-12-19T19:00:00.000000000,141.18,156.04072
2021-12-19T20:00:00.000000000,141.05,156.96069
2021-12-19T21:00:00.000000000,141.36,162.64259
2021-12-19T22:00:00.000000000,140.15,173.26599
2021-12-19T23:00:00.000000000,153.34,193.36784
2021-12-17T00:00:00.000000000,228.56,191.49245
2021-12-17T01:00:00.000000000,268.41,222.27392
2021-12-17T02:00:00.000000000,265.49,242.60432
2021-12-17T03:00:00.000000000,263.18,250.02848
2021-12-17T04:00:00.000000000,256.66,246.64282
2021-12-17T05:00:00.000000000,266.26,244.66614
2021-12-17T06:00:00.000000000,268.79,245.57567
2021-12-17T07:00:00.000000000,261.25,241.34384
2021-12-17T08:00:00.000000000,262.81,233.22481
2021-12-17T09:00:00.000000000,266.26,227.72637
2021-12-17T10:00:00.000000000,267.92,226.28022
2021-12-17T11:00:00.000000000,271.04,229.42346
2021-12-17T12:00:00.000000000,266.08,236.90979
2021-12-17T13:00:00.000000000,267.97,246.69274
2021-12-17T14:00:00.000000000,268.75,247.52825
2021-12-17T15:00:00.000000000,269.63,229.98841
2021-12-17T16:00:00.000000000,216.38,198.5619
2021-12-17T17:00:00.000000000,159.3,164.40742
2021-12-17T18:00:00.000000000,143.83,139.75573
2021-12-17T19:00:00.000000000,146.21,130.9755
2021-12-17T20:00:00.000000000,156.13,133.66089
2021-12-17T21:00:00.000000000,153.24,138.60996
2021-12-17T22:00:00.000000000,146.4,143.81193
2021-12-17T23:00:00.000000000,166.57,159.12369
2021-12-18T00:00:00.000000000,248.22,212.4163
2021-12-18T01:00:00.000000000,289.41,248.60447
2021-12-18T02:00:00.000000000,286.61,275.01455
2021-12-18T03:00:00.000000000,282.39,285.33915
2021-12-18T04:00:00.000000000,278.74,280.76197
2021-12-18T05:00:00.000000000,279.67,275.30826
2021-12-18T06:00:00.000000000,275.19,274.21298
2021-12-18T07:00:00.000000000,268.92,270.16557
2021-12-18T08:00:00.000000000,263.5,262.50934
2021-12-18T09:00:00.000000000,257.91,256.16511
2021-12-18T10:00:00.000000000,262.4,254.24912
2021-12-18T11:00:00.000000000,258.42,257.85495
2021-12-18T12:00:00.000000000,257.65,262.09511
2021-12-18T13:00:00.000000000,250.43,263.26018
2021-12-18T14:00:00.000000000,260.74,254.62118
2021-12-18T15:00:00.000000000,255.36,231.77878
2021-12-18T16:00:00.000000000,191.04,200.57946
2021-12-18T17:00:00.000000000,137.0,169.7101
2021-12-18T18:00:00.000000000,132.65,147.34278
2021-12-18T19:00:00.000000000,126.11,138.11412
2021-12-18T20:00:00.000000000,121.69,139.46588
2021-12-18T21:00:00.000000000,133.39,144.84608
2021-12-18T22:00:00.000000000,147.91,152.09378
2021-12-18T23:00:00.000000000,153.94,170.3731
2021-12-19T00:00:00.000000000,230.24,209.04433
2021-12-19T01:00:00.000000000,276.38,243.71927
2021-12-19T02:00:00.000000000,275.48,270.29638
2021-12-19T03:00:00.000000000,271.85,282.78173
2021-12-19T04:00:00.000000000,266.97,279.80251
2021-12-19T05:00:00.000000000,259.08,273.59539
2021-12-19T06:00:00.000000000,257.33,270.64397
2021-12-19T07:00:00.000000000,258.96,265.78823
2021-12-19T08:00:00.000000000,262.15,258.05542
2021-12-19T09:00:00.000000000,255.43,251.86517
2021-12-19T10:00:00.000000000,251.54,250.23354
2021-12-19T11:00:00.000000000,252.8,254.0359
2021-12-19T12:00:00.000000000,251.77,258.44004
2021-12-19T13:00:00.000000000,251.97,257.90802
2021-12-19T14:00:00.000000000,251.76,245.12169
2021-12-19T15:00:00.000000000,251.45,218.48962
2021-12-19T16:00:00.000000000,180.41,187.29933
2021-12-19T17:00:00.000000000,125.5,160.73235
2021-12-19T18:00:00.000000000,134.23,143.10014
2021-12-19T19:00:00.000000000,141.18,135.86077
2021-12-19T20:00:00.000000000,141.05,137.08698
2021-12-19T21:00:00.000000000,141.36,142.56814
2021-12-19T22:00:00.000000000,140.15,150.8092
2021-12-19T23:00:00.000000000,153.34,169.13256
2021-12-20T00:00:00.000000000,228.92,216.25707
2021-12-20T01:00:00.000000000,274.92,246.20968
2021-12-20T02:00:00.000000000,278.83,269.12426
2021-12-20T03:00:00.000000000,275.53,281.24794
2021-12-20T04:00:00.000000000,272.49,279.72702
2021-12-20T05:00:00.000000000,268.59,273.94817
2021-12-20T06:00:00.000000000,266.48,269.81256
2021-12-20T07:00:00.000000000,263.53,263.33606
2021-12-20T08:00:00.000000000,259.03,255.00662
2021-12-20T09:00:00.000000000,254.43,249.5888
2021-12-20T10:00:00.000000000,264.35,249.74381
2021-12-20T11:00:00.000000000,269.24,255.24741
2021-12-20T12:00:00.000000000,263.18,259.98407
2021-12-20T13:00:00.000000000,259.41,256.25895
2021-12-20T14:00:00.000000000,254.56,238.00952
2021-12-20T15:00:00.000000000,259.28,208.38149
2021-12-20T16:00:00.000000000,207.98,179.39334
2021-12-20T17:00:00.000000000,179.87,158.63966
2021-12-20T18:00:00.000000000,168.43,145.99624
2021-12-20T19:00:00.000000000,172.58,140.10701
2021-12-20T20:00:00.000000000,177.77,140.61639
2021-12-20T21:00:00.000000000,178.64,146.42024
2021-12-20T22:00:00.000000000,208.83,157.84735
2021-12-20T23:00:00.000000000,229.03,179.21631
2021-12-18T00:00:00.000000000,248.22,213.09608
2021-12-18T01:00:00.000000000,289.41,251.74773
2021-12-18T02:00:00.000000000,286.61,274.58549
2021-12-18T03:00:00.000000000,282.39,281.11132
2021-12-18T04:00:00.000000000,278.74,275.66755
2021-12-18T05:00:00.000000000,279.67,272.66535
2021-12-18T06:00:00.000000000,275.19,273.70576
2021-12-18T07:00:00.000000000,268.92,270.24035
2021-12-18T08:00:00.000000000,263.5,262.57126
2021-12-18T09:00:00.000000000,257.91,257.27141
2021-12-18T10:00:00.000000000,262.4,254.7652
2021-12-18T11:00:00.000000000,258.42,256.45223
2021-12-18T12:00:00.000000000,257.65,264.08836
2021-12-18T13:00:00.000000000,250.43,274.26771
2021-12-18T14:00:00.000000000,260.74,270.56175
2021-12-18T15:00:00.000000000,255.36,241.59126
2021-12-18T16:00:00.000000000,191.04,199.37185
2021-12-18T17:00:00.000000000,137.0,160.44875
2021-12-18T18:00:00.000000000,132.65,135.49886
2021-12-18T19:00:00.000000000,126.11,127.42192
2021-12-18T20:00:00.000000000,121.69,129.98531
2021-12-18T21:00:00.000000000,133.39,135.29265
2021-12-18T22:00:00.000000000,147.91,143.54822
2021-12-18T23:00:00.000000000,153.94,167.01674
2021-12-19T00:00:00.000000000,230.24,188.44532
2021-12-19T01:00:00.000000000,276.38,234.44847
2021-12-19T02:00:00.000000000,275.48,270.57948
2021-12-19T03:00:00.000000000,271.85,286.61507
2021-12-19T04:00:00.000000000,266.97,282.71728
2021-12-19T05:00:00.000000000,259.08,275.36969
2021-12-19T06:00:00.000000000,257.33,273.23354
2021-12-19T07:00:00.000000000,258.96,270.78589
2021-12-19T08:00:00.000000000,262.15,264.39925
2021-12-19T09:00:00.000000000,255.43,257.05354
2021-12-19T10:00:00.000000000,251.54,252.8077
2021-12-19T11:00:00.000000000,252.8,255.65018
2021-12-19T12:00:00.000000000,251.77,261.2266
2021-12-19T13:00:00.000000000,251.97,263.49727
2021-12-19T14:00:00.000000000,251.76,252.9076
2021-12-19T15:00:00.000000000,251.45,224.63184
2021-12-19T16:00:00.000000000,180.41,188.30554
2021-12-19T17:00:00.000000000,125.5,155.53782
2021-12-19T18:00:00.000000000,134.23,133.73699
2021-12-19T19:00:00.000000000,141.18,124.99186
2021-12-19T20:00:00.000000000,141.05,125.73011
2021-12-19T21:00:00.000000000,141.36,128.99718
2021-12-19T22:00:00.000000000,140.15,131.48357
2021-12-19T23:00:00.000000000,153.34,145.02117
2021-12-20T00:00:00.000000000,228.92,190.15677
2021-12-20T01:00:00.000000000,274.92,229.09287
2021-12-20T02:00:00.000000000,278.83,259.56056
2021-12-20T03:00:00.000000000,275.53,275.34801
2021-12-20T04:00:00.000000000,272.49,274.33052
2021-12-20T05:00:00.000000000,268.59,267.56522
2021-12-20T06:00:00.000000000,266.48,262.4779
2021-12-20T07:00:00.000000000,263.53,256.09466
2021-12-20T08:00:00.000000000,259.03,247.24293
2021-12-20T09:00:00.000000000,254.43,239.47004
2021-12-20T10:00:00.000000000,264.35,236.55531
2021-12-20T11:00:00.000000000,269.24,240.01607
2021-12-20T12:00:00.000000000,263.18,243.8934
2021-12-20T13:00:00.000000000,259.41,242.09735
2021-12-20T14:00:00.000000000,254.56,228.01151
2021-12-20T15:00:00.000000000,259.28,200.23297
2021-12-20T16:00:00.000000000,207.98,168.55581
2021-12-20T17:00:00.000000000,179.87,142.57217
2021-12-20T18:00:00.000000000,168.43,126.15597
2021-12-20T19:00:00.000000000,172.58,118.67041
2021-12-20T20:00:00.000000000,177.77,118.47864
2021-12-20T21:00:00.000000000,178.64,122.74777
2021-12-20T22:00:00.000000000,208.83,130.71999
2021-12-20T23:00:00.000000000,229.03,149.49165
2021-12-21T00:00:00.000000000,261.53,224.07908
2021-12-21T01:00:00.000000000,292.45,254.54429
2021-12-21T02:00:00.000000000,288.75,279.19218
2021-12-21T03:00:00.000000000,277.54,291.26756
2021-12-21T04:00:00.000000000,267.25,288.92785
2021-12-21T05:00:00.000000000,268.17,284.49179
2021-12-21T06:00:00.000000000,272.02,284.29293
2021-12-21T07:00:00.000000000,268.79,281.8981
2021-12-21T08:00:00.000000000,260.25,277.25181
2021-12-21T09:00:00.000000000,262.47,273.01229
2021-12-21T10:00:00.000000000,264.04,270.82328
2021-12-21T11:00:00.000000000,259.15,273.19854
2021-12-21T12:00:00.000000000,259.07,276.011
2021-12-21T13:00:00.000000000,254.95,274.65654
2021-12-21T14:00:00.000000000,255.12,264.55176
2021-12-21T15:00:00.000000000,258.65,245.38511
2021-12-21T16:00:00.000000000,259.35,222.34281
2021-12-21T17:00:00.000000000,247.52,198.79717
2021-12-21T18:00:00.000000000,218.79,178.03984
2021-12-21T19:00:00.000000000,213.0,165.06704
2021-12-21T20:00:00.000000000,182.52,161.95554
2021-12-21T21:00:00.000000000,199.07,165.1039
2021-12-21T22:00:00.000000000,217.0,171.55556
2021-12-21T23:00:00.000000000,230.51,187.47818
2021-12-19T00:00:00.000000000,230.24,205.08386
2021-12-19T01:00:00.000000000,276.38,250.76124
2021-12-19T02:00:00.000000000,275.48,275.14451
2021-12-19T03:00:00.000000000,271.85,278.98393
2021-12-19T04:00:00.000000000,266.97,270.78842
2021-12-19T05:00:00.000000000,259.08,266.74636
2021-12-19T06:00:00.000000000,257.33,266.93063
2021-12-19T07:00:00.000000000,258.96,262.28343
2021-12-19T08:00:00.000000000,262.15,253.41599
2021-12-19T09:00:00.000000000,255.43,247.44032
2021-12-19T10:00:00.000000000,251.54,244.21939
2021-12-19T11:00:00.000000000,252.8,245.31676
2021-12-19T12:00:00.000000000,251.77,253.772
2021-12-19T13:00:00.000000000,251.97,266.89022
2021-12-19T14:00:00.000000000,251.76,266.29614
2021-12-19T15:00:00.000000000,251.45,237.18296
2021-12-19T16:00:00.000000000,180.41,191.24167
2021-12-19T17:00:00.000000000,125.5,147.6872
2021-12-19T18:00:00.000000000,134.23,119.90325
2021-12-19T19:00:00.000000000,141.18,111.27891
2021-12-19T20:00:00.000000000,141.05,114.35278
2021-12-19T21:00:00.000000000,141.36,119.27101
2021-12-19T22:00:00.000000000,140.15,127.0766
2021-12-19T23:00:00.000000000,153.34,152.7799
2021-12-20T00:00:00.000000000,228.92,197.10543
2021-12-20T01:00:00.000000000,274.92,236.37073
2021-12-20T02:00:00.000000000,278.83,265.50211
2021-12-20T03:00:00.000000000,275.53,278.67476
2021-12-20T04:00:00.000000000,272.49,275.7271
2021-12-20T05:00:00.000000000,268.59,270.12203
2021-12-20T06:00:00.000000000,266.48,268.19328
2021-12-20T07:00:00.000000000,263.53,264.10733
2021-12-20T08:00:00.000000000,259.03,255.99382
2021-12-20T09:00:00.000000000,254.43,248.9084
2021-12-20T10:00:00.000000000,264.35,246.7079
2021-12-20T11:00:00.000000000,269.24,251.06211
2021-12-20T12:00:00.000000000,263.18,257.95792
2021-12-20T13:00:00.000000000,259.41,260.21887
2021-12-20T14:00:00.000000000,254.56,247.33684
2021-12-20T15:00:00.000000000,259.28,216.72184
2021-12-20T16:00:00.000000000,207.98,180.62034
2021-12-20T17:00:00.000000000,179.87,150.87912
2021-12-20T18:00:00.000000000,168.43,132.17415
2021-12-20T19:00:00.000000000,172.58,124.77804
2021-12-20T20:00:00.000000000,177.77,125.94776
2021-12-20T21:00:00.000000000,178.64,130.55539
2021-12-20T22:00:00.000000000,208.83,137.5171
2021-12-20T23:00:00.000000000,229.03,156.03819
2021-12-21T00:00:00.000000000,261.53,222.11256
2021-12-21T01:00:00.000000000,292.45,247.1515
2021-12-21T02:00:00.000000000,288.75,268.13373
2021-12-21T03:00:00.000000000,277.54,280.40713
2021-12-21T04:00:00.000000000,267.25,279.85958
2021-12-21T05:00:00.000000000,268.17,275.63839
2021-12-21T06:00:00.000000000,272.02,272.88612
2021-12-21T07:00:00.000000000,268.79,266.13995
2021-12-21T08:00:00.000000000,260.25,256.76684
2021-12-21T09:00:00.000000000,262.47,250.81179
2021-12-21T10:00:00.000000000,264.04,251.06831
2021-12-21T11:00:00.000000000,259.15,257.03845
2021-12-21T12:00:00.000000000,259.07,263.59169
2021-12-21T13:00:00.000000000,254.95,264.03819
2021-12-21T14:00:00.000000000,255.12,251.15546
2021-12-21T15:00:00.000000000,258.65,226.23418
2021-12-21T16:00:00.000000000,259.35,198.94885
2021-12-21T17:00:00.000000000,247.52,176.62837
2021-12-21T18:00:00.000000000,218.79,161.61408
2021-12-21T19:00:00.000000000,213.0,155.73371
2021-12-21T20:00:00.000000000,182.52,157.97247
2021-12-21T21:00:00.000000000,199.07,164.31585
2021-12-21T22:00:00.000000000,217.0,173.25563
2021-12-21T23:00:00.000000000,230.51,190.00295
2021-12-22T00:00:00.000000000,254.05,249.3401
2021-12-22T01:00:00.000000000,278.71,266.82788
2021-12-22T02:00:00.000000000,270.74,278.18466
2021-12-22T03:00:00.000000000,270.67,283.8431
2021-12-22T04:00:00.000000000,271.77,282.04455
2021-12-22T05:00:00.000000000,275.84,279.06105
2021-12-22T06:00:00.000000000,274.1,276.0856
2021-12-22T07:00:00.000000000,273.06,267.14299
2021-12-22T08:00:00.000000000,269.46,256.2158
2021-12-22T09:00:00.000000000,266.45,250.5017
2021-12-22T10:00:00.000000000,266.08,251.5841
2021-12-22T11:00:00.000000000,259.78,256.78976
2021-12-22T12:00:00.000000000,250.15,260.61043
2021-12-22T13:00:00.000000000,245.4,257.06399
2021-12-22T14:00:00.000000000,253.46,240.82731
2021-12-22T15:00:00.000000000,252.9,215.06251
2021-12-22T16:00:00.000000000,222.97,190.29799
2021-12-22T17:00:00.000000000,199.6,173.64763
2021-12-22T18:00:00.000000000,181.85,165.53398
2021-12-22T19:00:00.000000000,183.42,165.37693
2021-12-22T20:00:00.000000000,179.06,170.71941
2021-12-22T21:00:00.000000000,192.72,179.77444
2021-12-22T22:00:00.000000000,206.25,193.54791
2021-12-22T23:00:00.000000000,228.19,215.3877
2021-12-20T00:00:00.000000000,228.92,224.36765
2021-12-20T01:00:00.000000000,274.92,254.06948
2021-12-20T02:00:00.000000000,278.83,271.21268
2021-12-20T03:00:00.000000000,275.53,278.50615
2021-12-20T04:00:00.000000000,272.49,276.7432
2021-12-20T05:00:00.000000000,268.59,275.35779
2021-12-20T06:00:00.000000000,266.48,275.49417
2021-12-20T07:00:00.000000000,263.53,269.66694
2021-12-20T08:00:00.000000000,259.03,259.68638
2021-12-20T09:00:00.000000000,254.43,253.55067
2021-12-20T10:00:00.000000000,264.35,251.74307
2021-12-20T11:00:00.000000000,269.24,253.39158
2021-12-20T12:00:00.000000000,263.18,261.69822
2021-12-20T13:00:00.000000000,259.41,272.29852
2021-12-20T14:00:00.000000000,254.56,266.67225
2021-12-20T15:00:00.000000000,259.28,235.08135
2021-12-20T16:00:00.000000000,207.98,192.37862
2021-12-20T17:00:00.000000000,179.87,157.17862
2021-12-20T18:00:00.000000000,168.43,137.05814
2021-12-20T19:00:00.000000000,172.58,132.61656
2021-12-20T20:00:00.000000000,177.77,138.03929
2021-12-20T21:00:00.000000000,178.64,145.68283
2021-12-20T22:00:00.000000000,208.83,156.64383
2021-12-20T23:00:00.000000000,229.03,181.30961
2021-12-21T00:00:00.000000000,261.53,237.04895
2021-12-21T01:00:00.000000000,292.45,260.94959
2021-12-21T02:00:00.000000000,288.75,278.14215
2021-12-21T03:00:00.000000000,277.54,286.4068
2021-12-21T04:00:00.000000000,267.25,284.29658
2021-12-21T05:00:00.000000000,268.17,281.16022
2021-12-21T06:00:00.000000000,272.02,280.04547
2021-12-21T07:00:00.000000000,268.79,273.89025
2021-12-21T08:00:00.000000000,260.25,264.50678
2021-12-21T09:00:00.000000000,262.47,258.50481
2021-12-21T10:00:00.000000000,264.04,258.63313
2021-12-21T11:00:00.000000000,259.15,264.53706
2021-12-21T12:00:00.000000000,259.07,270.9672
2021-12-21T13:00:00.000000000,254.95,270.54599
2021-12-21T14:00:00.000000000,255.12,255.41255
2021-12-21T15:00:00.000000000,258.65,227.34001
2021-12-21T16:00:00.000000000,259.35,197.89707
2021-12-21T17:00:00.000000000,247.52,175.48943
2021-12-21T18:00:00.000000000,218.79,162.28699
2021-12-21T19:00:00.000000000,213.0,158.62063
2021-12-21T20:00:00.000000000,182.52,161.96646
2021-12-21T21:00:00.000000000,199.07,169.15212
2021-12-21T22:00:00.000000000,217.0,180.56741
2021-12-21T23:00:00.000000000,230.51,201.50961
2021-12-22T00:00:00.000000000,254.05,243.28262
2021-12-22T01:00:00.000000000,278.71,261.51169
2021-12-22T02:00:00.000000000,270.74,274.64205
2021-12-22T03:00:00.000000000,270.67,282.0544
2021-12-22T04:00:00.000000000,271.77,280.25491
2021-12-22T05:00:00.000000000,275.84,275.30638
2021-12-22T06:00:00.000000000,274.1,270.09052
2021-12-22T07:00:00.000000000,273.06,259.91894
2021-12-22T08:00:00.000000000,269.46,248.78932
2021-12-22T09:00:00.000000000,266.45,243.43399
2021-12-22T10:00:00.000000000,266.08,245.10989
2021-12-22T11:00:00.000000000,259.78,250.85666
2021-12-22T12:00:00.000000000,250.15,254.9425
2021-12-22T13:00:00.000000000,245.4,251.6309
2021-12-22T14:00:00.000000000,253.46,236.1776
2021-12-22T15:00:00.000000000,252.9,212.06823
2021-12-22T16:00:00.000000000,222.97,189.20205
2021-12-22T17:00:00.000000000,199.6,173.61761
2021-12-22T18:00:00.000000000,181.85,165.24402
2021-12-22T19:00:00.000000000,183.42,163.65216
2021-12-22T20:00:00.000000000,179.06,167.35118
2021-12-22T21:00:00.000000000,192.72,175.33159
2021-12-22T22:00:00.000000000,206.25,188.68828
2021-12-22T23:00:00.000000000,228.19,210.13223
2021-12-23T00:00:00.000000000,255.53,234.52113
2021-12-23T01:00:00.000000000,264.22,247.94522
2021-12-23T02:00:00.000000000,266.4,258.12004
2021-12-23T03:00:00.000000000,255.01,265.90816
2021-12-23T04:00:00.000000000,255.87,265.95193
2021-12-23T05:00:00.000000000,263.42,262.58232
2021-12-23T06:00:00.000000000,255.68,258.41289
2021-12-23T07:00:00.000000000,242.99,249.12448
2021-12-23T08:00:00.000000000,232.97,238.60132
2021-12-23T09:00:00.000000000,224.41,233.70698
2021-12-23T10:00:00.000000000,213.95,235.76963
2021-12-23T11:00:00.000000000,215.75,241.5811
2021-12-23T12:00:00.000000000,211.02,246.28046
2021-12-23T13:00:00.000000000,200.15,243.9487
2021-12-23T14:00:00.000000000,210.8,229.52473
2021-12-23T15:00:00.000000000,218.81,206.8727
2021-12-23T16:00:00.000000000,203.99,185.93556
2021-12-23T17:00:00.000000000,186.57,172.06065
2021-12-23T18:00:00.000000000,183.96,164.25361
2021-12-23T19:00:00.000000000,173.54,161.87904
2021-12-23T20:00:00.000000000,181.22,164.68501
2021-12-23T21:00:00.000000000,162.89,172.76509
2021-12-23T22:00:00.000000000,183.2,187.07856
2021-12-23T23:00:00.000000000,193.39,208.11608
2021-12-21T00:00:00.000000000,261.53,245.96266
2021-12-21T01:00:00.000000000,292.45,274.51874
2021-12-21T02:00:00.000000000,288.75,290.90732
2021-12-21T03:00:00.000000000,277.54,294.35577
2021-12-21T04:00:00.000000000,267.25,288.76291
2021-12-21T05:00:00.000000000,268.17,285.1642
2021-12-21T06:00:00.000000000,272.02,285.62156
2021-12-21T07:00:00.000000000,268.79,282.22874
2021-12-21T08:00:00.000000000,260.25,276.60536
2021-12-21T09:00:00.000000000,262.47,271.48444
2021-12-21T10:00:00.000000000,264.04,268.70397
2021-12-21T11:00:00.000000000,259.15,271.82453
2021-12-21T12:00:00.000000000,259.07,279.21516
2021-12-21T13:00:00.000000000,254.95,285.49495
2021-12-21T14:00:00.000000000,255.12,280.03146
2021-12-21T15:00:00.000000000,258.65,257.6331
2021-12-21T16:00:00.000000000,259.35,226.90468
2021-12-21T17:00:00.000000000,247.52,199.23491
2021-12-21T18:00:00.000000000,218.79,181.83189
2021-12-21T19:00:00.000000000,213.0,175.43543
2021-12-21T20:00:00.000000000,182.52,176.09061
2021-12-21T21:00:00.000000000,199.07,178.83094
2021-12-21T22:00:00.000000000,217.0,184.33915
2021-12-21T23:00:00.000000000,230.51,202.94071
2021-12-22T00:00:00.000000000,254.05,240.2886
2021-12-22T01:00:00.000000000,278.71,262.96155
2021-12-22T02:00:00.000000000,270.74,278.43108
2021-12-22T03:00:00.000000000,270.67,284.80221
2021-12-22T04:00:00.000000000,271.77,281.17912
2021-12-22T05:00:00.000000000,275.84,277.12792
2021-12-22T06:00:00.000000000,274.1,275.79974
2021-12-22T07:00:00.000000000,273.06,269.75402
2021-12-22T08:00:00.000000000,269.46,261.42803
2021-12-22T09:00:00.000000000,266.45,256.43032
2021-12-22T10:00:00.000000000,266.08,256.49538
2021-12-22T11:00:00.000000000,259.78,261.29882
2021-12-22T12:00:00.000000000,250.15,267.55697
2021-12-22T13:00:00.000000000,245.4,270.04844
2021-12-22T14:00:00.000000000,253.46,260.86436
2021-12-22T15:00:00.000000000,252.9,239.15244
2021-12-22T16:00:00.000000000,222.97,213.32133
2021-12-22T17:00:00.000000000,199.6,190.60101
2021-12-22T18:00:00.000000000,181.85,174.88452
2021-12-22T19:00:00.000000000,183.42,168.81704
2021-12-22T20:00:00.000000000,179.06,171.03508
2021-12-22T21:00:00.000000000,192.72,176.879
2021-12-22T22:00:00.000000000,206.25,185.9915
2021-12-22T23:00:00.000000000,228.19,205.02156
2021-12-23T00:00:00.000000000,255.53,241.96405
2021-12-23T01:00:00.000000000,264.22,260.00097
2021-12-23T02:00:00.000000000,266.4,273.62488
2021-12-23T03:00:00.000000000,255.01,281.15774
2021-12-23T04:00:00.000000000,255.87,278.56772
2021-12-23T05:00:00.000000000,263.42,274.44943
2021-12-23T06:00:00.000000000,255.68,273.12003
2021-12-23T07:00:00.000000000,242.99,268.57837
2021-12-23T08:00:00.000000000,232.97,262.78111
2021-12-23T09:00:00.000000000,224.41,260.07361
2021-12-23T10:00:00.000000000,213.95,260.9198
2021-12-23T11:00:00.000000000,215.75,265.1948
2021-12-23T12:00:00.000000000,211.02,270.82177
2021-12-23T13:00:00.000000000,200.15,272.42672
2021-12-23T14:00:00.000000000,210.8,262.63021
2021-12-23T15:00:00.000000000,218.81,241.82011
2021-12-23T16:00:00.000000000,203.99,218.56681
2021-12-23T17:00:00.000000000,186.57,198.311
2021-12-23T18:00:00.000000000,183.96,182.87223
2021-12-23T19:00:00.000000000,173.54,175.27668
2021-12-23T20:00:00.000000000,181.22,176.27965
2021-12-23T21:00:00.000000000,162.89,182.80111
2021-12-23T22:00:00.000000000,183.2,193.27139
2021-12-23T23:00:00.000000000,193.39,211.62259
2021-12-24T00:00:00.000000000,195.53,227.39373
2021-12-24T01:00:00.000000000,210.35,238.28042
2021-12-24T02:00:00.000000000,210.19,245.82432
2021-12-24T03:00:00.000000000,209.95,252.12843
2021-12-24T04:00:00.000000000,205.79,252.35886
2021-12-24T05:00:00.000000000,204.23,251.35956
2021-12-24T06:00:00.000000000,186.5,251.12669
2021-12-24T07:00:00.000000000,202.25,246.06583
2021-12-24T08:00:00.000000000,193.31,238.60984
2021-12-24T09:00:00.000000000,200.84,234.19467
2021-12-24T10:00:00.000000000,202.28,232.86887
2021-12-24T11:00:00.000000000,205.12,232.13921
2021-12-24T12:00:00.000000000,193.9,230.71254
2021-12-24T13:00:00.000000000,182.73,227.42175
2021-12-24T14:00:00.000000000,167.06,218.12509
2021-12-24T15:00:00.000000000,172.71,202.09386
2021-12-24T16:00:00.000000000,175.63,184.52807
2021-12-24T17:00:00.000000000,138.69,169.52428
2021-12-24T18:00:00.000000000,129.07,158.69189
2021-12-24T19:00:00.000000000,118.59,154.04861
2021-12-24T20:00:00.000000000,118.69,155.70226
2021-12-24T21:00:00.000000000,104.72,163.99442
2021-12-24T22:00:00.000000000,104.56,179.10446
2021-12-24T23:00:00.000000000,127.38,200.58711
2021-12-22T00:00:00.000000000,254.05,241.22915
2021-12-22T01:00:00.000000000,278.71,262.22204
2021-12-22T02:00:00.000000000,270.74,276.27144
2021-12-22T03:00:00.000000000,270.67,281.58072
2021-12-22T04:00:00.000000000,271.77,277.92797
2021-12-22T05:00:00.000000000,275.84,274.52207
2021-12-22T06:00:00.000000000,274.1,273.85447
2021-12-22T07:00:00.000000000,273.06,268.42641
2021-12-22T08:00:00.000000000,269.46,261.5836
2021-12-22T09:00:00.000000000,266.45,257.24587
2021-12-22T10:00:00.000000000,266.08,256.75533
2021-12-22T11:00:00.000000000,259.78,260.15564
2021-12-22T12:00:00.000000000,250.15,265.13948
2021-12-22T13:00:00.000000000,245.4,271.25345
2021-12-22T14:00:00.000000000,253.46,273.69315
2021-12-22T15:00:00.000000000,252.9,265.69341
2021-12-22T16:00:00.000000000,222.97,245.909
2021-12-22T17:00:00.000000000,199.6,220.36391
2021-12-22T18:00:00.000000000,181.85,198.66794
2021-12-22T19:00:00.000000000,183.42,187.23129
2021-12-22T20:00:00.000000000,179.06,184.89234
2021-12-22T21:00:00.000000000,192.72,185.77853
2021-12-22T22:00:00.000000000,206.25,189.74116
2021-12-22T23:00:00.000000000,228.19,204.90005
2021-12-23T00:00:00.000000000,255.53,242.03672
2021-12-23T01:00:00.000000000,264.22,255.08491
2021-12-23T02:00:00.000000000,266.4,265.48763
2021-12-23T03:00:00.000000000,255.01,272.31768
2021-12-23T04:00:00.000000000,255.87,269.61338
2021-12-23T05:00:00.000000000,263.42,265.6034
2021-12-23T06:00:00.000000000,255.68,265.5947
2021-12-23T07:00:00.000000000,242.99,264.89834
2021-12-23T08:00:00.000000000,232.97,263.62315
2021-12-23T09:00:00.000000000,224.41,263.42803
2021-12-23T10:00:00.000000000,213.95,264.25433
2021-12-23T11:00:00.000000000,215.75,267.57704
2021-12-23T12:00:00.000000000,211.02,273.57862
2021-12-23T13:00:00.000000000,200.15,277.77593
2021-12-23T14:00:00.000000000,210.8,272.44204
2021-12-23T15:00:00.000000000,218.81,254.70165
2021-12-23T16:00:00.000000000,203.99,230.92244
2021-12-23T17:00:00.000000000,186.57,207.32629
2021-12-23T18:00:00.000000000,183.96,188.21642
2021-12-23T19:00:00.000000000,173.54,178.19771
2021-12-23T20:00:00.000000000,181.22,178.67174
2021-12-23T21:00:00.000000000,162.89,186.67349
2021-12-23T22:00:00.000000000,183.2,198.03211
2021-12-23T23:00:00.000000000,193.39,214.74905
2021-12-24T00:00:00.000000000,195.53,207.05826
2021-12-24T01:00:00.000000000,210.35,225.25789
2021-12-24T02:00:00.000000000,210.19,243.63373
2021-12-24T03:00:00.000000000,209.95,257.11918
2021-12-24T04:00:00.000000000,205.79,259.30741
2021-12-24T05:00:00.000000000,204.23,257.42682
2021-12-24T06:00:00.000000000,186.5,256.75549
2021-12-24T07:00:00.000000000,202.25,253.94716
2021-12-24T08:00:00.000000000,193.31,250.57366
2021-12-24T09:00:00.000000000,200.84,248.81662
2021-12-24T10:00:00.000000000,202.28,248.77179
2021-12-24T11:00:00.000000000,205.12,252.2713
2021-12-24T12:00:00.000000000,193.9,255.61424
2021-12-24T13:00:00.000000000,182.73,254.66303
2021-12-24T14:00:00.000000000,167.06,246.37462
2021-12-24T15:00:00.000000000,172.71,232.22602
2021-12-24T16:00:00.000000000,175.63,215.66763
2021-12-24T17:00:00.000000000,138.69,197.87941
2021-12-24T18:00:00.000000000,129.07,181.05191
2021-12-24T19:00:00.000000000,118.59,169.68757
2021-12-24T20:00:00.000000000,118.69,166.08063
2021-12-24T21:00:00.000000000,104.72,169.44338
2021-12-24T22:00:00.000000000,104.56,176.42992
2021-12-24T23:00:00.000000000,127.38,187.74711
2021-12-25T00:00:00.000000000,172.61,232.98367
2021-12-25T01:00:00.000000000,199.95,248.13765
2021-12-25T02:00:00.000000000,195.75,255.67719
2021-12-25T03:00:00.000000000,191.35,256.62144
2021-12-25T04:00:00.000000000,217.56,251.47976
2021-12-25T05:00:00.000000000,218.32,248.78757
2021-12-25T06:00:00.000000000,211.93,249.61332
2021-12-25T07:00:00.000000000,193.67,246.15748
2021-12-25T08:00:00.000000000,203.35,240.96321
2021-12-25T09:00:00.000000000,194.42,239.08159
2021-12-25T10:00:00.000000000,187.4,241.50359
2021-12-25T11:00:00.000000000,194.1,248.34083
2021-12-25T12:00:00.000000000,192.42,256.25835
2021-12-25T13:00:00.000000000,177.94,259.39746
2021-12-25T14:00:00.000000000,184.14,252.08378
2021-12-25T15:00:00.000000000,190.93,236.41079
2021-12-25T16:00:00.000000000,148.66,218.90744
2021-12-25T17:00:00.000000000,132.13,202.2946
2021-12-25T18:00:00.000000000,115.31,187.42737
2021-12-25T19:00:00.000000000,110.34,177.46599
2021-12-25T20:00:00.000000000,116.68,174.66328
2021-12-25T21:00:00.000000000,123.09,178.11171
2021-12-25T22:00:00.000000000,137.58,188.29324
2021-12-25T23:00:00.000000000,161.76,207.31486
2021-12-23T00:00:00.000000000,255.53,239.89198
2021-12-23T01:00:00.000000000,264.22,245.8291
2021-12-23T02:00:00.000000000,266.4,248.82515
2021-12-23T03:00:00.000000000,255.01,251.85812
2021-12-23T04:00:00.000000000,255.87,249.93436
2021-12-23T05:00:00.000000000,263.42,248.83674
2021-12-23T06:00:00.000000000,255.68,250.73772
2021-12-23T07:00:00.000000000,242.99,249.98383
2021-12-23T08:00:00.000000000,232.97,248.18248
2021-12-23T09:00:00.000000000,224.41,247.45938
2021-12-23T10:00:00.000000000,213.95,246.83951
2021-12-23T11:00:00.000000000,215.75,248.59131
2021-12-23T12:00:00.000000000,211.02,257.79319
2021-12-23T13:00:00.000000000,200.15,272.58061
2021-12-23T14:00:00.000000000,210.8,279.01904
2021-12-23T15:00:00.000000000,218.81,267.30011
2021-12-23T16:00:00.000000000,203.99,242.28835
2021-12-23T17:00:00.000000000,186.57,215.41829
2021-12-23T18:00:00.000000000,183.96,195.84716
2021-12-23T19:00:00.000000000,173.54,188.09955
2021-12-23T20:00:00.000000000,181.22,189.14086
2021-12-23T21:00:00.000000000,162.89,194.27893
2021-12-23T22:00:00.000000000,183.2,202.68712
2021-12-23T23:00:00.000000000,193.39,217.72682
2021-12-24T00:00:00.000000000,195.53,200.77331
2021-12-24T01:00:00.000000000,210.35,217.04961
2021-12-24T02:00:00.000000000,210.19,231.97652
2021-12-24T03:00:00.000000000,209.95,243.93802
2021-12-24T04:00:00.000000000,205.79,247.30014
2021-12-24T05:00:00.000000000,204.23,247.40013
2021-12-24T06:00:00.000000000,186.5,247.688
2021-12-24T07:00:00.000000000,202.25,244.26688
2021-12-24T08:00:00.000000000,193.31,239.9191
2021-12-24T09:00:00.000000000,200.84,237.4094
2021-12-24T10:00:00.000000000,202.28,236.20834
2021-12-24T11:00:00.000000000,205.12,237.47887
2021-12-24T12:00:00.000000000,193.9,240.19205
2021-12-24T13:00:00.000000000,182.73,242.78354
2021-12-24T14:00:00.000000000,167.06,240.42417
2021-12-24T15:00:00.000000000,172.71,229.7111
2021-12-24T16:00:00.000000000,175.63,211.97478
2021-12-24T17:00:00.000000000,138.69,190.73989
2021-12-24T18:00:00.000000000,129.07,171.73311
2021-12-24T19:00:00.000000000,118.59,160.04814
2021-12-24T20:00:00.000000000,118.69,156.82461
2021-12-24T21:00:00.000000000,104.72,159.91691
2021-12-24T22:00:00.000000000,104.56,167.11553
2021-12-24T23:00:00.000000000,127.38,180.24615
2021-12-25T00:00:00.000000000,172.61,222.13861
2021-12-25T01:00:00.000000000,199.95,238.7409
2021-12-25T02:00:00.000000000,195.75,244.9446
2021-12-25T03:00:00.000000000,191.35,241.38757
2021-12-25T04:00:00.000000000,217.56,233.02851
2021-12-25T05:00:00.000000000,218.32,229.56956
2021-12-25T06:00:00.000000000,211.93,229.30472
2021-12-25T07:00:00.000000000,193.67,223.09409
2021-12-25T08:00:00.000000000,203.35,215.86284
2021-12-25T09:00:00.000000000,194.42,214.0735
2021-12-25T10:00:00.000000000,187.4,218.51071
2021-12-25T11:00:00.000000000,194.1,227.89521
2021-12-25T12:00:00.000000000,192.42,235.72448
2021-12-25T13:00:00.000000000,177.94,238.29082
2021-12-25T14:00:00.000000000,184.14,236.33484
2021-12-25T15:00:00.000000000,190.93,232.29147
2021-12-25T16:00:00.000000000,148.66,223.87552
2021-12-25T17:00:00.000000000,132.13,208.88162
2021-12-25T18:00:00.000000000,115.31,191.69016
2021-12-25T19:00:00.000000000,110.34,178.78613
2021-12-25T20:00:00.000000000,116.68,172.24992
2021-12-25T21:00:00.000000000,123.09,171.26125
2021-12-25T22:00:00.000000000,137.58,178.4536
2021-12-25T23:00:00.000000000,161.76,196.06258
2021-12-26T00:00:00.000000000,189.88,202.929
2021-12-26T01:00:00.000000000,215.34,215.64361
2021-12-26T02:00:00.000000000,216.09,224.55468
2021-12-26T03:00:00.000000000,216.36,230.81081
2021-12-26T04:00:00.000000000,217.22,232.29391
2021-12-26T05:00:00.000000000,208.97,233.91038
2021-12-26T06:00:00.000000000,200.27,235.27068
2021-12-26T07:00:00.000000000,202.84,230.70322
2021-12-26T08:00:00.000000000,188.26,226.01021
2021-12-26T09:00:00.000000000,176.1,225.40002
2021-12-26T10:00:00.000000000,168.06,226.45898
2021-12-26T11:00:00.000000000,168.07,227.24393
2021-12-26T12:00:00.000000000,167.11,226.80003
2021-12-26T13:00:00.000000000,174.48,227.3952
2021-12-26T14:00:00.000000000,183.69,229.80723
2021-12-26T15:00:00.000000000,194.53,230.39917
2021-12-26T16:00:00.000000000,111.56,222.71777
2021-12-26T17:00:00.000000000,85.37,205.2062
2021-12-26T18:00:00.000000000,75.86,184.9745
2021-12-26T19:00:00.000000000,77.44,169.98121
2021-12-26T20:00:00.000000000,80.73,162.37131
2021-12-26T21:00:00.000000000,86.14,160.87706
2021-12-26T22:00:00.000000000,91.5,166.73264
2021-12-26T23:00:00.000000000,116.38,181.33537
2021-12-24T00:00:00.000000000,195.53,175.48795
2021-12-24T01:00:00.000000000,210.35,203.96589
2021-12-24T02:00:00.000000000,210.19,227.49942
2021-12-24T03:00:00.000000000,209.95,238.12637
2021-12-24T04:00:00.000000000,205.79,236.34338
2021-12-24T05:00:00.000000000,204.23,233.79836
2021-12-24T06:00:00.000000000,186.5,233.86115
2021-12-24T07:00:00.000000000,202.25,230.22105
2021-12-24T08:00:00.000000000,193.31,225.18079
2021-12-24T09:00:00.000000000,200.84,221.1001
2021-12-24T10:00:00.000000000,202.28,218.10872
2021-12-24T11:00:00.000000000,205.12,218.40555
2021-12-24T12:00:00.000000000,193.9,219.56377
2021-12-24T13:00:00.000000000,182.73,225.09929
2021-12-24T14:00:00.000000000,167.06,234.68984
2021-12-24T15:00:00.000000000,172.71,238.18959
2021-12-24T16:00:00.000000000,175.63,224.38103
2021-12-24T17:00:00.000000000,138.69,194.87517
2021-12-24T18:00:00.000000000,129.07,166.27877
2021-12-24T19:00:00.000000000,118.59,151.74418
2021-12-24T20:00:00.000000000,118.69,150.18594
2021-12-24T21:00:00.000000000,104.72,151.48725
2021-12-24T22:00:00.000000000,104.56,149.44795
2021-12-24T23:00:00.000000000,127.38,152.73534
2021-12-25T00:00:00.000000000,172.61,201.56804
2021-12-25T01:00:00.000000000,199.95,218.6276
2021-12-25T02:00:00.000000000,195.75,229.13444
2021-12-25T03:00:00.000000000,191.35,230.89998
2021-12-25T04:00:00.000000000,217.56,225.89426
2021-12-25T05:00:00.000000000,218.32,223.9951
2021-12-25T06:00:00.000000000,211.93,225.57777
2021-12-25T07:00:00.000000000,193.67,222.284
2021-12-25T08:00:00.000000000,203.35,217.63909
2021-12-25T09:00:00.000000000,194.42,216.48355
2021-12-25T10:00:00.000000000,187.4,219.55784
2021-12-25T11:00:00.000000000,194.1,227.43326
2021-12-25T12:00:00.000000000,192.42,235.59278
2021-12-25T13:00:00.000000000,177.94,242.18184
2021-12-25T14:00:00.000000000,184.14,246.96828
2021-12-25T15:00:00.000000000,190.93,247.93782
2021-12-25T16:00:00.000000000,148.66,238.46708
2021-12-25T17:00:00.000000000,132.13,216.66608
2021-12-25T18:00:00.000000000,115.31,191.46085
2021-12-25T19:00:00.000000000,110.34,173.75041
2021-12-25T20:00:00.000000000,116.68,166.5559
2021-12-25T21:00:00.000000000,123.09,165.64196
2021-12-25T22:00:00.000000000,137.58,169.68592
2021-12-25T23:00:00.000000000,161.76,181.49807
2021-12-26T00:00:00.000000000,189.88,196.24989
2021-12-26T01:00:00.000000000,215.34,208.53793
2021-12-26T02:00:00.000000000,216.09,216.53605
2021-12-26T03:00:00.000000000,216.36,218.93943
2021-12-26T04:00:00.000000000,217.22,215.71453
2021-12-26T05:00:00.000000000,208.97,214.88127
2021-12-26T06:00:00.000000000,200.27,216.50316
2021-12-26T07:00:00.000000000,202.84,213.39884
2021-12-26T08:00:00.000000000,188.26,210.19869
2021-12-26T09:00:00.000000000,176.1,211.64856
2021-12-26T10:00:00.000000000,168.06,216.86797
2021-12-26T11:00:00.000000000,168.07,224.82893
2021-12-26T12:00:00.000000000,167.11,230.67938
2021-12-26T13:00:00.000000000,174.48,233.71759
2021-12-26T14:00:00.000000000,183.69,237.8838
2021-12-26T15:00:00.000000000,194.53,243.35368
2021-12-26T16:00:00.000000000,111.56,240.35571
2021-12-26T17:00:00.000000000,85.37,222.08473
2021-12-26T18:00:00.000000000,75.86,195.77423
2021-12-26T19:00:00.000000000,77.44,174.51489
2021-12-26T20:00:00.000000000,80.73,165.25778
2021-12-26T21:00:00.000000000,86.14,165.51214
2021-12-26T22:00:00.000000000,91.5,172.05194
2021-12-26T23:00:00.000000000,116.38,183.83123
2021-12-27T00:00:00.000000000,164.87,189.7573
2021-12-27T01:00:00.000000000,213.91,198.55573
2021-12-27T02:00:00.000000000,218.45,209.31328
2021-12-27T03:00:00.000000000,213.23,221.92415
2021-12-27T04:00:00.000000000,213.1,229.24419
2021-12-27T05:00:00.000000000,205.42,234.93653
2021-12-27T06:00:00.000000000,205.46,239.97884
2021-12-27T07:00:00.000000000,206.13,239.13657
2021-12-27T08:00:00.000000000,203.24,238.05233
2021-12-27T09:00:00.000000000,207.35,240.07585
2021-12-27T10:00:00.000000000,210.78,241.97914
2021-12-27T11:00:00.000000000,214.95,242.89403
2021-12-27T12:00:00.000000000,213.97,244.70799
2021-12-27T13:00:00.000000000,218.79,250.61543
2021-12-27T14:00:00.000000000,213.84,259.31069
2021-12-27T15:00:00.000000000,220.03,263.92416
2021-12-27T16:00:00.000000000,206.79,255.42803
2021-12-27T17:00:00.000000000,188.73,232.30286
2021-12-27T18:00:00.000000000,169.56,204.60896
2021-12-27T19:00:00.000000000,168.72,183.65861
2021-12-27T20:00:00.000000000,157.86,172.00155
2021-12-27T21:00:00.000000000,153.53,166.45615
2021-12-27T22:00:00.000000000,166.4,167.32741
2021-12-27T23:00:00.000000000,168.34,176.09367
2021-12-25T00:00:00.000000000,172.61,174.41979
2021-12-25T01:00:00.000000000,199.95,203.78872
2021-12-25T02:00:00.000000000,195.75,220.3003
2021-12-25T03:00:00.000000000,191.35,220.32156
2021-12-25T04:00:00.000000000,217.56,212.24279
2021-12-25T05:00:00.000000000,218.32,210.16657
2021-12-25T06:00:00.000000000,211.93,212.51269
2021-12-25T07:00:00.000000000,193.67,209.32067
2021-12-25T08:00:00.000000000,203.35,203.48445
2021-12-25T09:00:00.000000000,194.42,200.60228
2021-12-25T10:00:00.000000000,187.4,202.29136
2021-12-25T11:00:00.000000000,194.1,208.96439
2021-12-25T12:00:00.000000000,192.42,214.78006
2021-12-25T13:00:00.000000000,177.94,218.27797
2021-12-25T14:00:00.000000000,184.14,220.09248
2021-12-25T15:00:00.000000000,190.93,217.64297
2021-12-25T16:00:00.000000000,148.66,204.42034
2021-12-25T17:00:00.000000000,132.13,179.72458
2021-12-25T18:00:00.000000000,115.31,155.61827
2021-12-25T19:00:00.000000000,110.34,141.59392
2021-12-25T20:00:00.000000000,116.68,136.39704
2021-12-25T21:00:00.000000000,123.09,133.93307
2021-12-25T22:00:00.000000000,137.58,135.18498
2021-12-25T23:00:00.000000000,161.76,147.48081
2021-12-26T00:00:00.000000000,189.88,182.05963
2021-12-26T01:00:00.000000000,215.34,205.52871
2021-12-26T02:00:00.000000000,216.09,220.00457
2021-12-26T03:00:00.000000000,216.36,222.93889
2021-12-26T04:00:00.000000000,217.22,218.40669
2021-12-26T05:00:00.000000000,208.97,217.04956
2021-12-26T06:00:00.000000000,200.27,217.63119
2021-12-26T07:00:00.000000000,202.84,212.49548
2021-12-26T08:00:00.000000000,188.26,206.93654
2021-12-26T09:00:00.000000000,176.1,206.00412
2021-12-26T10:00:00.000000000,168.06,208.4238
2021-12-26T11:00:00.000000000,168.07,212.35011
2021-12-26T12:00:00.000000000,167.11,212.43998
2021-12-26T13:00:00.000000000,174.48,211.83074
2021-12-26T14:00:00.000000000,183.69,216.86458
2021-12-26T15:00:00.000000000,194.53,223.59318
2021-12-26T16:00:00.000000000,111.56,218.0866
2021-12-26T17:00:00.000000000,85.37,194.62588
2021-12-26T18:00:00.000000000,75.86,166.01235
2021-12-26T19:00:00.000000000,77.44,146.32647
2021-12-26T20:00:00.000000000,80.73,138.86503
2021-12-26T21:00:00.000000000,86.14,138.7449
2021-12-26T22:00:00.000000000,91.5,144.48189
2021-12-26T23:00:00.000000000,116.38,158.84085
2021-12-27T00:00:00.000000000,164.87,184.57527
2021-12-27T01:00:00.000000000,213.91,201.40333
2021-12-27T02:00:00.000000000,218.45,216.69435
2021-12-27T03:00:00.000000000,213.23,226.57009
2021-12-27T04:00:00.000000000,213.1,228.16257
2021-12-27T05:00:00.000000000,205.42,229.53016
2021-12-27T06:00:00.000000000,205.46,232.59409
2021-12-27T07:00:00.000000000,206.13,231.82341
2021-12-27T08:00:00.000000000,203.24,231.36635
2021-12-27T09:00:00.000000000,207.35,234.309
2021-12-27T10:00:00.000000000,210.78,239.57666
2021-12-27T11:00:00.000000000,214.95,248.3566
2021-12-27T12:00:00.000000000,213.97,255.68359
2021-12-27T13:00:00.000000000,218.79,258.96929
2021-12-27T14:00:00.000000000,213.84,261.00456
2021-12-27T15:00:00.000000000,220.03,262.30667
2021-12-27T16:00:00.000000000,206.79,254.73194
2021-12-27T17:00:00.000000000,188.73,231.63277
2021-12-27T18:00:00.000000000,169.56,200.53162
2021-12-27T19:00:00.000000000,168.72,174.92554
2021-12-27T20:00:00.000000000,157.86,162.51089
2021-12-27T21:00:00.000000000,153.53,160.54197
2021-12-27T22:00:00.000000000,166.4,164.86524
2021-12-27T23:00:00.000000000,168.34,174.65201
2021-12-28T00:00:00.000000000,202.87,213.78239
2021-12-28T01:00:00.000000000,234.7,224.73902
2021-12-28T02:00:00.000000000,239.63,231.09638
2021-12-28T03:00:00.000000000,236.53,232.93465
2021-12-28T04:00:00.000000000,243.46,229.72943
2021-12-28T05:00:00.000000000,229.28,228.55039
2021-12-28T06:00:00.000000000,217.95,229.28497
2021-12-28T07:00:00.000000000,212.38,224.36133
2021-12-28T08:00:00.000000000,211.98,218.78009
2021-12-28T09:00:00.000000000,201.33,218.34521
2021-12-28T10:00:00.000000000,196.22,222.8238
2021-12-28T11:00:00.000000000,202.86,231.04359
2021-12-28T12:00:00.000000000,211.29,238.44166
2021-12-28T13:00:00.000000000,215.69,243.38632
2021-12-28T14:00:00.000000000,206.82,247.09124
2021-12-28T15:00:00.000000000,210.74,249.6105
2021-12-28T16:00:00.000000000,187.0,244.54619
2021-12-28T17:00:00.000000000,161.04,227.69256
2021-12-28T18:00:00.000000000,156.22,204.19057
2021-12-28T19:00:00.000000000,148.32,184.78392
2021-12-28T20:00:00.000000000,144.9,175.50115
2021-12-28T21:00:00.000000000,150.64,174.79047
2021-12-28T22:00:00.000000000,149.49,181.54307
2021-12-28T23:00:00.000000000,169.08,195.51857
2021-12-26T00:00:00.000000000,189.88,183.521
2021-12-26T01:00:00.000000000,215.34,215.37827
2021-12-26T02:00:00.000000000,216.09,231.53802
2021-12-26T03:00:00.000000000,216.36,236.02745
2021-12-26T04:00:00.000000000,217.22,234.20974
2021-12-26T05:00:00.000000000,208.97,233.82491
2021-12-26T06:00:00.000000000,200.27,232.01621
2021-12-26T07:00:00.000000000,202.84,224.50346
2021-12-26T08:00:00.000000000,188.26,216.74959
2021-12-26T09:00:00.000000000,176.1,212.58383
2021-12-26T10:00:00.000000000,168.06,208.34199
2021-12-26T11:00:00.000000000,168.07,203.93797
2021-12-26T12:00:00.000000000,167.11,201.31876
2021-12-26T13:00:00.000000000,174.48,205.34278
2021-12-26T14:00:00.000000000,183.69,209.41194
2021-12-26T15:00:00.000000000,194.53,198.98934
2021-12-26T16:00:00.000000000,111.56,172.96326
2021-12-26T17:00:00.000000000,85.37,141.77087
2021-12-26T18:00:00.000000000,75.86,120.21214
2021-12-26T19:00:00.000000000,77.44,112.41521
2021-12-26T20:00:00.000000000,80.73,112.32296
2021-12-26T21:00:00.000000000,86.14,115.0599
2021-12-26T22:00:00.000000000,91.5,122.71619
2021-12-26T23:00:00.000000000,116.38,144.21697
2021-12-27T00:00:00.000000000,164.87,168.45348
2021-12-27T01:00:00.000000000,213.91,192.58026
2021-12-27T02:00:00.000000000,218.45,214.60593
2021-12-27T03:00:00.000000000,213.23,229.46192
2021-12-27T04:00:00.000000000,213.1,233.71215
2021-12-27T05:00:00.000000000,205.42,234.66522
2021-12-27T06:00:00.000000000,205.46,234.70761
2021-12-27T07:00:00.000000000,206.13,230.56113
2021-12-27T08:00:00.000000000,203.24,227.56598
2021-12-27T09:00:00.000000000,207.35,227.52911
2021-12-27T10:00:00.000000000,210.78,227.12697
2021-12-27T11:00:00.000000000,214.95,226.60355
2021-12-27T12:00:00.000000000,213.97,225.30531
2021-12-27T13:00:00.000000000,218.79,228.06616
2021-12-27T14:00:00.000000000,213.84,235.77251
2021-12-27T15:00:00.000000000,220.03,238.59939
2021-12-27T16:00:00.000000000,206.79,225.16922
2021-12-27T17:00:00.000000000,188.73,195.92049
2021-12-27T18:00:00.000000000,169.56,166.75732
2021-12-27T19:00:00.000000000,168.72,149.99211
2021-12-27T20:00:00.000000000,157.86,145.17037
2021-12-27T21:00:00.000000000,153.53,144.59536
2021-12-27T22:00:00.000000000,166.4,144.17997
2021-12-27T23:00:00.000000000,168.34,149.98429
2021-12-28T00:00:00.000000000,202.87,191.01217
2021-12-28T01:00:00.000000000,234.7,208.69346
2021-12-28T02:00:00.000000000,239.63,220.28207
2021-12-28T03:00:00.000000000,236.53,222.08149
2021-12-28T04:00:00.000000000,243.46,216.44017
2021-12-28T05:00:00.000000000,229.28,213.64099
2021-12-28T06:00:00.000000000,217.95,213.91745
2021-12-28T07:00:00.000000000,212.38,209.49305
2021-12-28T08:00:00.000000000,211.98,204.53407
2021-12-28T09:00:00.000000000,201.33,204.11462
2021-12-28T10:00:00.000000000,196.22,208.50684
2021-12-28T11:00:00.000000000,202.86,216.61184
2021-12-28T12:00:00.000000000,211.29,221.53256
2021-12-28T13:00:00.000000000,215.69,223.56068
2021-12-28T14:00:00.000000000,206.82,228.32205
2021-12-28T15:00:00.000000000,210.74,235.27447
2021-12-28T16:00:00.000000000,187.0,232.50209
2021-12-28T17:00:00.000000000,161.04,213.46714
2021-12-28T18:00:00.000000000,156.22,187.33096
2021-12-28T19:00:00.000000000,148.32,167.50341
2021-12-28T20:00:00.000000000,144.9,159.00165
2021-12-28T21:00:00.000000000,150.64,158.14021
2021-12-28T22:00:00.000000000,149.49,162.34294
2021-12-28T23:00:00.000000000,169.08,172.84578
2021-12-29T00:00:00.000000000,219.54,216.18411
2021-12-29T01:00:00.000000000,246.59,233.72232
2021-12-29T02:00:00.000000000,246.22,242.32581
2021-12-29T03:00:00.000000000,247.63,241.26411
2021-12-29T04:00:00.000000000,246.8,234.5291
2021-12-29T05:00:00.000000000,241.18,231.35204
2021-12-29T06:00:00.000000000,236.01,230.04383
2021-12-29T07:00:00.000000000,229.38,221.78103
2021-12-29T08:00:00.000000000,227.04,212.74248
2021-12-29T09:00:00.000000000,220.1,210.33081
2021-12-29T10:00:00.000000000,224.59,214.51921
2021-12-29T11:00:00.000000000,228.09,222.685
2021-12-29T12:00:00.000000000,223.54,228.6607
2021-12-29T13:00:00.000000000,229.97,231.91623
2021-12-29T14:00:00.000000000,254.43,235.49469
2021-12-29T15:00:00.000000000,254.16,239.68098
2021-12-29T16:00:00.000000000,211.66,236.84146
2021-12-29T17:00:00.000000000,188.85,222.02182
2021-12-29T18:00:00.000000000,169.76,200.61221
2021-12-29T19:00:00.000000000,167.98,183.22719
2021-12-29T20:00:00.000000000,176.79,174.89079
2021-12-29T21:00:00.000000000,181.2,173.29199
2021-12-29T22:00:00.000000000,196.76,178.22648
2021-12-29T23:00:00.000000000,212.2,192.22911
2021-12-27T00:00:00.000000000,164.87,177.48708
2021-12-27T01:00:00.000000000,213.91,210.42281
2021-12-27T02:00:00.000000000,218.45,229.39803
2021-12-27T03:00:00.000000000,213.23,230.62499
2021-12-27T04:00:00.000000000,213.1,222.71458
2021-12-27T05:00:00.000000000,205.42,219.53029
2021-12-27T06:00:00.000000000,205.46,219.30931
2021-12-27T07:00:00.000000000,206.13,213.1811
2021-12-27T08:00:00.000000000,203.24,205.48509
2021-12-27T09:00:00.000000000,207.35,201.51606
2021-12-27T10:00:00.000000000,210.78,201.37607
2021-12-27T11:00:00.000000000,214.95,205.87893
2021-12-27T12:00:00.000000000,213.97,211.41674
2021-12-27T13:00:00.000000000,218.79,219.39346
2021-12-27T14:00:00.000000000,213.84,228.37671
2021-12-27T15:00:00.000000000,220.03,229.17664
2021-12-27T16:00:00.000000000,206.79,212.27673
2021-12-27T17:00:00.000000000,188.73,180.55254
2021-12-27T18:00:00.000000000,169.56,152.21147
2021-12-27T19:00:00.000000000,168.72,138.96044
2021-12-27T20:00:00.000000000,157.86,136.85376
2021-12-27T21:00:00.000000000,153.53,136.29172
2021-12-27T22:00:00.000000000,166.4,136.71779
2021-12-27T23:00:00.000000000,168.34,148.11109
2021-12-28T00:00:00.000000000,202.87,184.08959
2021-12-28T01:00:00.000000000,234.7,205.12554
2021-12-28T02:00:00.000000000,239.63,218.62289
2021-12-28T03:00:00.000000000,236.53,219.39345
2021-12-28T04:00:00.000000000,243.46,211.81077
2021-12-28T05:00:00.000000000,229.28,208.14961
2021-12-28T06:00:00.000000000,217.95,208.64309
2021-12-28T07:00:00.000000000,212.38,204.82849
2021-12-28T08:00:00.000000000,211.98,200.06712
2021-12-28T09:00:00.000000000,201.33,199.21098
2021-12-28T10:00:00.000000000,196.22,203.2807
2021-12-28T11:00:00.000000000,202.86,211.77221
2021-12-28T12:00:00.000000000,211.29,216.73316
2021-12-28T13:00:00.000000000,215.69,218.36636
2021-12-28T14:00:00.000000000,206.82,223.27187
2021-12-28T15:00:00.000000000,210.74,230.7595
2021-12-28T16:00:00.000000000,187.0,227.59517
2021-12-28T17:00:00.000000000,161.04,207.09427
2021-12-28T18:00:00.000000000,156.22,180.30734
2021-12-28T19:00:00.000000000,148.32,161.22008
2021-12-28T20:00:00.000000000,144.9,153.63811
2021-12-28T21:00:00.000000000,150.64,152.78545
2021-12-28T22:00:00.000000000,149.49,155.79057
2021-12-28T23:00:00.000000000,169.08,165.07993
2021-12-29T00:00:00.000000000,219.54,210.13081
2021-12-29T01:00:00.000000000,246.59,229.2076
2021-12-29T02:00:00.000000000,246.22,238.17546
2021-12-29T03:00:00.000000000,247.63,235.60616
2021-12-29T04:00:00.000000000,246.8,226.96667
2021-12-29T05:00:00.000000000,241.18,222.84978
2021-12-29T06:00:00.000000000,236.01,221.66909
2021-12-29T07:00:00.000000000,229.38,214.31583
2021-12-29T08:00:00.000000000,227.04,206.18562
2021-12-29T09:00:00.000000000,220.1,204.17991
2021-12-29T10:00:00.000000000,224.59,208.71252
2021-12-29T11:00:00.000000000,228.09,217.9285
2021-12-29T12:00:00.000000000,223.54,224.93239
2021-12-29T13:00:00.000000000,229.97,228.33612
2021-12-29T14:00:00.000000000,254.43,231.51686
2021-12-29T15:00:00.000000000,254.16,235.44099
2021-12-29T16:00:00.000000000,211.66,232.16814
2021-12-29T17:00:00.000000000,188.85,216.54804
2021-12-29T18:00:00.000000000,169.76,194.81217
2021-12-29T19:00:00.000000000,167.98,177.66487
2021-12-29T20:00:00.000000000,176.79,169.58949
2021-12-29T21:00:00.000000000,181.2,168.013
2021-12-29T22:00:00.000000000,196.76,172.89026
2021-12-29T23:00:00.000000000,212.2,186.76887
2021-12-30T00:00:00.000000000,241.65,215.88962
2021-12-30T01:00:00.000000000,258.78,237.69666
2021-12-30T02:00:00.000000000,257.51,251.74688
2021-12-30T03:00:00.000000000,263.48,256.2449
2021-12-30T04:00:00.000000000,270.39,253.14406
2021-12-30T05:00:00.000000000,263.88,251.43703
2021-12-30T06:00:00.000000000,254.52,251.10051
2021-12-30T07:00:00.000000000,244.27,244.18584
2021-12-30T08:00:00.000000000,245.51,236.09265
2021-12-30T09:00:00.000000000,244.34,232.62181
2021-12-30T10:00:00.000000000,242.23,233.23193
2021-12-30T11:00:00.000000000,243.01,236.58094
2021-12-30T12:00:00.000000000,243.64,239.26748
2021-12-30T13:00:00.000000000,242.03,242.85478
2021-12-30T14:00:00.000000000,250.85,247.79737
2021-12-30T15:00:00.000000000,254.05,249.53432
2021-12-30T16:00:00.000000000,247.81,240.67858
2021-12-30T17:00:00.000000000,228.14,219.20165
2021-12-30T18:00:00.000000000,213.25,193.4556
2021-12-30T19:00:00.000000000,200.67,175.15348
2021-12-30T20:00:00.000000000,191.83,168.71362
2021-12-30T21:00:00.000000000,183.52,169.38111
2021-12-30T22:00:00.000000000,181.22,174.54827
2021-12-30T23:00:00.000000000,201.02,188.6961
2021-12-28T00:00:00.000000000,202.87,181.84205
2021-12-28T01:00:00.000000000,234.7,205.15896
2021-12-28T02:00:00.000000000,239.63,221.27283
2021-12-28T03:00:00.000000000,236.53,225.70604
2021-12-28T04:00:00.000000000,243.46,221.35699
2021-12-28T05:00:00.000000000,229.28,220.13844
2021-12-28T06:00:00.000000000,217.95,222.91863
2021-12-28T07:00:00.000000000,212.38,220.76289
2021-12-28T08:00:00.000000000,211.98,215.97002
2021-12-28T09:00:00.000000000,201.33,213.25702
2021-12-28T10:00:00.000000000,196.22,214.01677
2021-12-28T11:00:00.000000000,202.86,219.41598
2021-12-28T12:00:00.000000000,211.29,224.7554
2021-12-28T13:00:00.000000000,215.69,229.25236
2021-12-28T14:00:00.000000000,206.82,233.60526
2021-12-28T15:00:00.000000000,210.74,234.21163
2021-12-28T16:00:00.000000000,187.0,222.66438
2021-12-28T17:00:00.000000000,161.04,197.32982
2021-12-28T18:00:00.000000000,156.22,170.22016
2021-12-28T19:00:00.000000000,148.32,153.16658
2021-12-28T20:00:00.000000000,144.9,147.40455
2021-12-28T21:00:00.000000000,150.64,146.95196
2021-12-28T22:00:00.000000000,149.49,149.62057
2021-12-28T23:00:00.000000000,169.08,160.02996
2021-12-29T00:00:00.000000000,219.54,210.0389
2021-12-29T01:00:00.000000000,246.59,230.92015
2021-12-29T02:00:00.000000000,246.22,244.94421
2021-12-29T03:00:00.000000000,247.63,249.06702
2021-12-29T04:00:00.000000000,246.8,244.73589
2021-12-29T05:00:00.000000000,241.18,242.51916
2021-12-29T06:00:00.000000000,236.01,244.00882
2021-12-29T07:00:00.000000000,229.38,240.37178
2021-12-29T08:00:00.000000000,227.04,234.22961
2021-12-29T09:00:00.000000000,220.1,230.96052
2021-12-29T10:00:00.000000000,224.59,232.23413
2021-12-29T11:00:00.000000000,228.09,238.95248
2021-12-29T12:00:00.000000000,223.54,246.814
2021-12-29T13:00:00.000000000,229.97,252.87493
2021-12-29T14:00:00.000000000,254.43,254.93062
2021-12-29T15:00:00.000000000,254.16,251.35256
2021-12-29T16:00:00.000000000,211.66,239.07854
2021-12-29T17:00:00.000000000,188.85,217.3407
2021-12-29T18:00:00.000000000,169.76,192.7429
2021-12-29T19:00:00.000000000,167.98,175.4276
2021-12-29T20:00:00.000000000,176.79,169.68807
2021-12-29T21:00:00.000000000,181.2,170.61618
2021-12-29T22:00:00.000000000,196.76,175.07306
2021-12-29T23:00:00.000000000,212.2,187.26729
2021-12-30T00:00:00.000000000,241.65,212.8052
2021-12-30T01:00:00.000000000,258.78,234.51624
2021-12-30T02:00:00.000000000,257.51,249.62084
2021-12-30T03:00:00.000000000,263.48,254.6737
2021-12-30T04:00:00.000000000,270.39,250.59441
2021-12-30T05:00:00.000000000,263.88,247.58571
2021-12-30T06:00:00.000000000,254.52,247.48216
2021-12-30T07:00:00.000000000,244.27,242.08641
2021-12-30T08:00:00.000000000,245.51,234.93405
2021-12-30T09:00:00.000000000,244.34,231.47931
2021-12-30T10:00:00.000000000,242.23,232.28883
2021-12-30T11:00:00.000000000,243.01,236.99023
2021-12-30T12:00:00.000000000,243.64,241.8775
2021-12-30T13:00:00.000000000,242.03,246.75758
2021-12-30T14:00:00.000000000,250.85,250.45715
2021-12-30T15:00:00.000000000,254.05,249.25687
2021-12-30T16:00:00.000000000,247.81,237.78608
2021-12-30T17:00:00.000000000,228.14,215.03828
2021-12-30T18:00:00.000000000,213.25,189.15286
2021-12-30T19:00:00.000000000,200.67,171.90072
2021-12-30T20:00:00.000000000,191.83,167.66289
2021-12-30T21:00:00.000000000,183.52,170.41652
2021-12-30T22:00:00.000000000,181.22,175.74271
2021-12-30T23:00:00.000000000,201.02,188.21962
2021-12-31T00:00:00.000000000,233.93,189.37053
2021-12-31T01:00:00.000000000,258.74,213.13708
2021-12-31T02:00:00.000000000,257.6,228.58563
2021-12-31T03:00:00.000000000,258.54,231.71164
2021-12-31T04:00:00.000000000,263.94,227.2036
2021-12-31T05:00:00.000000000,266.56,226.38501
2021-12-31T06:00:00.000000000,254.87,227.81315
2021-12-31T07:00:00.000000000,249.35,222.29891
2021-12-31T08:00:00.000000000,241.23,214.65967
2021-12-31T09:00:00.000000000,238.16,211.04805
2021-12-31T10:00:00.000000000,221.49,211.50909
2021-12-31T11:00:00.000000000,209.92,214.52217
2021-12-31T12:00:00.000000000,207.29,214.45968
2021-12-31T13:00:00.000000000,197.79,215.12845
2021-12-31T14:00:00.000000000,182.1,221.91386
2021-12-31T15:00:00.000000000,189.73,229.22149
2021-12-31T16:00:00.000000000,166.76,222.59578
2021-12-31T17:00:00.000000000,149.77,197.89569
2021-12-31T18:00:00.000000000,140.79,169.51819
2021-12-31T19:00:00.000000000,106.58,152.50462
2021-12-31T20:00:00.000000000,106.93,148.56774
2021-12-31T21:00:00.000000000,100.82,150.55542
2021-12-31T22:00:00.000000000,99.85,154.79332
2021-12-31T23:00:00.000000000,116.24,165.88494
