datetime,carbon_intensity_actual,avg_carbon_intensity_forecast
2021-07-01T00:00:00.000000000,334.8,254.42184
2021-07-01T01:00:00.000000000,286.93,249.86114
2021-07-01T02:00:00.000000000,286.69,249.23589
2021-07-01T03:00:00.000000000,283.79,251.36614
2021-07-01T04:00:00.000000000,284.75,256.03103
2021-07-01T05:00:00.000000000,293.18,261.8192
2021-07-01T06:00:00.000000000,291.67,266.08727
2021-07-01T07:00:00.000000000,287.64,269.33648
2021-07-01T08:00:00.000000000,281.87,270.62991
2021-07-01T09:00:00.000000000,270.88,269.74635
2021-07-01T10:00:00.000000000,265.52,266.54673
2021-07-01T11:00:00.000000000,257.87,262.93327
2021-07-01T12:00:00.000000000,257.46,261.79337
2021-07-01T13:00:00.000000000,258.7,263.45698
2021-07-01T14:00:00.000000000,266.11,268.38947
2021-07-01T15:00:00.000000000,278.53,277.71596
2021-07-01T16:00:00.000000000,299.78,293.02125
2021-07-01T17:00:00.000000000,322.77,312.70733
2021-07-01T18:00:00.000000000,343.82,333.42639
2021-07-01T19:00:00.000000000,359.44,352.64212
2021-07-01T20:00:00.000000000,364.73,367.21094
2021-07-01T21:00:00.000000000,361.46,374.19429
2021-07-01T22:00:00.000000000,355.6,372.88239
2021-07-01T23:00:00.000000000,350.77,366.24934
2021-07-02T00:00:00.000000000,359.56,335.78231
2021-07-02T01:00:00.000000000,349.85,331.14691
2021-07-02T02:00:00.000000000,349.09,331.11592
2021-07-02T03:00:00.000000000,349.36,333.07867
2021-07-02T04:00:00.000000000,354.15,334.58379
2021-07-02T05:00:00.000000000,356.01,332.59544
2021-07-02T06:00:00.000000000,341.96,323.56386
2021-07-02T07:00:00.000000000,319.46,308.5115
2021-07-02T08:00:00.000000000,294.55,288.98388
2021-07-02T09:00:00.000000000,273.92,268.76453
2021-07-02T10:00:00.000000000,257.73,251.54323
2021-07-02T11:00:00.000000000,245.13,239.70436
2021-07-02T12:00:00.000000000,236.2,236.04953
2021-07-02T13:00:00.000000000,233.93,241.15975
2021-07-02T14:00:00.000000000,237.66,255.35339
2021-07-02T15:00:00.000000000,249.33,278.06135
2021-07-02T16:00:00.000000000,272.07,307.59344
2021-07-02T17:00:00.000000000,302.83,338.878
2021-07-02T18:00:00.000000000,341.3,366.30919
2021-07-02T19:00:00.000000000,370.84,386.04878
2021-07-02T20:00:00.000000000,375.96,396.29896
2021-07-02T21:00:00.000000000,376.17,398.0423
2021-07-02T22:00:00.000000000,372.74,393.66519
2021-07-02T23:00:00.000000000,365.17,386.96143
2021-07-03T00:00:00.000000000,374.83,354.10375
2021-07-03T01:00:00.000000000,361.4,350.28986
2021-07-03T02:00:00.000000000,362.88,352.12266
2021-07-03T03:00:00.000000000,368.74,355.33963
2021-07-03T04:00:00.000000000,367.09,355.26068
2021-07-03T05:00:00.000000000,343.68,347.33143
2021-07-03T06:00:00.000000000,307.25,328.99304
2021-07-03T07:00:00.000000000,267.74,303.95959
2021-07-03T08:00:00.000000000,236.36,275.88681
2021-07-03T09:00:00.000000000,220.55,249.39007
2021-07-03T10:00:00.000000000,211.67,228.20423
2021-07-03T11:00:00.000000000,203.1,214.8634
2021-07-03T12:00:00.000000000,200.05,212.02274
2021-07-03T13:00:00.000000000,210.76,220.11889
2021-07-03T14:00:00.000000000,227.13,239.25732
2021-07-03T15:00:00.000000000,252.52,267.91743
2021-07-03T16:00:00.000000000,288.62,302.38958
2021-07-03T17:00:00.000000000,328.89,334.84529
2021-07-03T18:00:00.000000000,366.6,358.13499
2021-07-03T19:00:00.000000000,389.69,369.31126
2021-07-03T20:00:00.000000000,397.37,368.94164
2021-07-03T21:00:00.000000000,393.75,359.90963
2021-07-03T22:00:00.000000000,387.21,346.19178
2021-07-03T23:00:00.000000000,380.69,333.30564
2021-07-04T00:00:00.000000000,344.28,295.57616
2021-07-04T01:00:00.000000000,374.56,298.46537
2021-07-04T02:00:00.000000000,377.02,310.07099
2021-07-04T03:00:00.000000000,379.78,327.65208
2021-07-04T04:00:00.000000000,376.81,346.77555
2021-07-04T05:00:00.000000000,360.32,360.54601
2021-07-04T06:00:00.000000000,327.36,362.695
2021-07-04T07:00:00.000000000,287.9,354.03838
2021-07-04T08:00:00.000000000,255.02,337.1301
2021-07-04T09:00:00.000000000,234.65,315.8877
2021-07-04T10:00:00.000000000,224.09,293.95958
2021-07-04T11:00:00.000000000,222.76,275.49356
2021-07-04T12:00:00.000000000,216.71,264.87242
2021-07-04T13:00:00.000000000,216.79,263.45969
2021-07-04T14:00:00.000000000,224.74,271.9644
2021-07-04T15:00:00.000000000,248.0,290.13841
2021-07-04T16:00:00.000000000,290.92,315.88686
2021-07-04T17:00:00.000000000,328.15,342.56366
2021-07-04T18:00:00.000000000,347.65,363.49915
2021-07-04T19:00:00.000000000,368.53,376.47197
2021-07-04T20:00:00.000000000,368.77,381.44878
2021-07-04T21:00:00.000000000,361.97,378.93899
2021-07-04T22:00:00.000000000,349.9,370.59143
2021-07-04T23:00:00.000000000,339.56,360.9893
2021-07-02T00:00:00.000000000,359.56,329.75247
2021-07-02T01:00:00.000000000,349.85,322.14445
2021-07-02T02:00:00.000000000,349.09,318.14936
2021-07-02T03:00:00.000000000,349.36,316.19316
2021-07-02T04:00:00.000000000,354.15,315.22296
2021-07-02T05:00:00.000000000,356.01,313.18237
2021-07-02T06:00:00.000000000,341.96,306.49856
2021-07-02T07:00:00.000000000,319.46,295.13302
2021-07-02T08:00:00.000000000,294.55,279.10337
2021-07-02T09:00:00.000000000,273.92,260.93128
2021-07-02T10:00:00.000000000,257.73,243.72832
2021-07-02T11:00:00.000000000,245.13,230.15044
2021-07-02T12:00:00.000000000,236.2,223.24294
2021-07-02T13:00:00.000000000,233.93,223.61924
2021-07-02T14:00:00.000000000,237.66,231.96447
2021-07-02T15:00:00.000000000,249.33,249.00465
2021-07-02T16:00:00.000000000,272.07,275.10932
2021-07-02T17:00:00.000000000,302.83,306.69338
2021-07-02T18:00:00.000000000,341.3,338.08159
2021-07-02T19:00:00.000000000,370.84,364.011
2021-07-02T20:00:00.000000000,375.96,380.61163
2021-07-02T21:00:00.000000000,376.17,387.03378
2021-07-02T22:00:00.000000000,372.74,384.75444
2021-07-02T23:00:00.000000000,365.17,377.8849
2021-07-03T00:00:00.000000000,374.83,348.88644
2021-07-03T01:00:00.000000000,361.4,344.92261
2021-07-03T02:00:00.000000000,362.88,346.17962
2021-07-03T03:00:00.000000000,368.74,348.46648
2021-07-03T04:00:00.000000000,367.09,347.5502
2021-07-03T05:00:00.000000000,343.68,339.55572
2021-07-03T06:00:00.000000000,307.25,322.05325
2021-07-03T07:00:00.000000000,267.74,298.27258
2021-07-03T08:00:00.000000000,236.36,271.45214
2021-07-03T09:00:00.000000000,220.55,246.20423
2021-07-03T10:00:00.000000000,211.67,226.42548
2021-07-03T11:00:00.000000000,203.1,214.43289
2021-07-03T12:00:00.000000000,200.05,212.78508
2021-07-03T13:00:00.000000000,210.76,221.98199
2021-07-03T14:00:00.000000000,227.13,242.15586
2021-07-03T15:00:00.000000000,252.52,271.76508
2021-07-03T16:00:00.000000000,288.62,307.15435
2021-07-03T17:00:00.000000000,328.89,340.9065
2021-07-03T18:00:00.000000000,366.6,366.18953
2021-07-03T19:00:00.000000000,389.69,379.81654
2021-07-03T20:00:00.000000000,397.37,381.90165
2021-07-03T21:00:00.000000000,393.75,375.31061
2021-07-03T22:00:00.000000000,387.21,363.99756
2021-07-03T23:00:00.000000000,380.69,352.97602
2021-07-04T00:00:00.000000000,344.28,323.83548
2021-07-04T01:00:00.000000000,374.56,331.72137
2021-07-04T02:00:00.000000000,377.02,343.67601
2021-07-04T03:00:00.000000000,379.78,355.04593
2021-07-04T04:00:00.000000000,376.81,361.21197
2021-07-04T05:00:00.000000000,360.32,358.2379
2021-07-04T06:00:00.000000000,327.36,344.19187
2021-07-04T07:00:00.000000000,287.9,323.35976
2021-07-04T08:00:00.000000000,255.02,300.27917
2021-07-04T09:00:00.000000000,234.65,279.99908
2021-07-04T10:00:00.000000000,224.09,265.82095
2021-07-04T11:00:00.000000000,222.76,259.89564
2021-07-04T12:00:00.000000000,216.71,264.828
2021-07-04T13:00:00.000000000,216.79,280.47543
2021-07-04T14:00:00.000000000,224.74,304.70123
2021-07-04T15:00:00.000000000,248.0,332.54958
2021-07-04T16:00:00.000000000,290.92,357.86775
2021-07-04T17:00:00.000000000,328.15,374.23664
2021-07-04T18:00:00.000000000,347.65,379.12733
2021-07-04T19:00:00.000000000,368.53,375.04661
2021-07-04T20:00:00.000000000,368.77,366.67732
2021-07-04T21:00:00.000000000,361.97,358.32417
2021-07-04T22:00:00.000000000,349.9,352.7573
2021-07-04T23:00:00.000000000,339.56,351.70323
2021-07-05T00:00:00.000000000,320.32,315.75549
2021-07-05T01:00:00.000000000,336.39,313.63443
2021-07-05T02:00:00.000000000,336.0,318.40891
2021-07-05T03:00:00.000000000,338.12,328.33971
2021-07-05T04:00:00.000000000,344.39,340.9637
2021-07-05T05:00:00.000000000,348.75,351.5479
2021-07-05T06:00:00.000000000,339.15,354.43403
2021-07-05T07:00:00.000000000,320.06,349.19236
2021-07-05T08:00:00.000000000,299.79,336.31001
2021-07-05T09:00:00.000000000,288.25,318.29619
2021-07-05T10:00:00.000000000,276.62,298.33084
2021-07-05T11:00:00.000000000,265.72,280.41469
2021-07-05T12:00:00.000000000,254.17,269.01247
2021-07-05T13:00:00.000000000,257.17,265.37285
2021-07-05T14:00:00.000000000,263.58,270.17873
2021-07-05T15:00:00.000000000,271.86,283.87226
2021-07-05T16:00:00.000000000,294.78,306.22507
2021-07-05T17:00:00.000000000,332.29,332.87058
2021-07-05T18:00:00.000000000,370.94,358.08622
2021-07-05T19:00:00.000000000,395.61,378.13886
2021-07-05T20:00:00.000000000,400.41,390.38063
2021-07-05T21:00:00.000000000,393.02,393.53668
2021-07-05T22:00:00.000000000,369.92,388.4943
2021-07-05T23:00:00.000000000,338.59,379.75347
2021-07-03T00:00:00.000000000,374.83,359.1901
2021-07-03T01:00:00.000000000,361.4,351.21173
2021-07-03T02:00:00.000000000,362.88,346.13618
2021-07-03T03:00:00.000000000,368.74,340.8214
2021-07-03T04:00:00.000000000,367.09,332.74449
2021-07-03T05:00:00.000000000,343.68,319.91841
2021-07-03T06:00:00.000000000,307.25,300.49744
2021-07-03T07:00:00.000000000,267.74,276.88072
2021-07-03T08:00:00.000000000,236.36,251.18111
2021-07-03T09:00:00.000000000,220.55,227.54233
2021-07-03T10:00:00.000000000,211.67,209.65563
2021-07-03T11:00:00.000000000,203.1,199.08019
2021-07-03T12:00:00.000000000,200.05,197.66444
2021-07-03T13:00:00.000000000,210.76,205.49719
2021-07-03T14:00:00.000000000,227.13,222.83657
2021-07-03T15:00:00.000000000,252.52,248.81282
2021-07-03T16:00:00.000000000,288.62,281.26838
2021-07-03T17:00:00.000000000,328.89,314.75035
2021-07-03T18:00:00.000000000,366.6,343.37573
2021-07-03T19:00:00.000000000,389.69,362.76907
2021-07-03T20:00:00.000000000,397.37,371.22321
2021-07-03T21:00:00.000000000,393.75,370.68751
2021-07-03T22:00:00.000000000,387.21,364.45408
2021-07-03T23:00:00.000000000,380.69,356.69334
2021-07-04T00:00:00.000000000,344.28,329.42593
2021-07-04T01:00:00.000000000,374.56,334.96424
2021-07-04T02:00:00.000000000,377.02,344.61393
2021-07-04T03:00:00.000000000,379.78,354.28263
2021-07-04T04:00:00.000000000,376.81,359.35805
2021-07-04T05:00:00.000000000,360.32,355.50902
2021-07-04T06:00:00.000000000,327.36,340.5916
2021-07-04T07:00:00.000000000,287.9,318.90026
2021-07-04T08:00:00.000000000,255.02,295.04155
2021-07-04T09:00:00.000000000,234.65,274.05791
2021-07-04T10:00:00.000000000,224.09,259.07432
2021-07-04T11:00:00.000000000,222.76,251.79468
2021-07-04T12:00:00.000000000,216.71,254.40185
2021-07-04T13:00:00.000000000,216.79,266.92832
2021-07-04T14:00:00.000000000,224.74,288.04656
2021-07-04T15:00:00.000000000,248.0,313.71609
2021-07-04T16:00:00.000000000,290.92,338.25725
2021-07-04T17:00:00.000000000,328.15,354.95966
2021-07-04T18:00:00.000000000,347.65,360.57407
2021-07-04T19:00:00.000000000,368.53,356.91819
2021-07-04T20:00:00.000000000,368.77,348.40389
2021-07-04T21:00:00.000000000,361.97,339.33674
2021-07-04T22:00:00.000000000,349.9,332.55881
2021-07-04T23:00:00.000000000,339.56,330.01518
2021-07-05T00:00:00.000000000,320.32,310.91557
2021-07-05T01:00:00.000000000,336.39,308.65094
2021-07-05T02:00:00.000000000,336.0,309.22514
2021-07-05T03:00:00.000000000,338.12,309.91166
2021-07-05T04:00:00.000000000,344.39,308.81568
2021-07-05T05:00:00.000000000,348.75,304.04128
2021-07-05T06:00:00.000000000,339.15,293.19656
2021-07-05T07:00:00.000000000,320.06,277.67637
2021-07-05T08:00:00.000000000,299.79,258.7099
2021-07-05T09:00:00.000000000,288.25,239.43358
2021-07-05T10:00:00.000000000,276.62,222.97458
2021-07-05T11:00:00.000000000,265.72,212.09847
2021-07-05T12:00:00.000000000,254.17,209.72971
2021-07-05T13:00:00.000000000,257.17,216.07491
2021-07-05T14:00:00.000000000,263.58,230.30744
2021-07-05T15:00:00.000000000,271.86,250.70496
2021-07-05T16:00:00.000000000,294.78,275.49141
2021-07-05T17:00:00.000000000,332.29,300.80958
2021-07-05T18:00:00.000000000,370.94,322.77448
2021-07-05T19:00:00.000000000,395.61,338.71807
2021-07-05T20:00:00.000000000,400.41,347.27082
2021-07-05T21:00:00.000000000,393.02,349.25864
2021-07-05T22:00:00.000000000,369.92,346.65058
2021-07-05T23:00:00.000000000,338.59,342.76583
2021-07-06T00:00:00.000000000,287.1,309.80716
2021-07-06T01:00:00.000000000,286.4,301.37346
2021-07-06T02:00:00.000000000,269.49,297.19117
2021-07-06T03:00:00.000000000,262.14,295.11377
2021-07-06T04:00:00.000000000,255.67,292.82089
2021-07-06T05:00:00.000000000,250.22,287.38858
2021-07-06T06:00:00.000000000,237.65,275.69503
2021-07-06T07:00:00.000000000,220.12,258.57018
2021-07-06T08:00:00.000000000,197.05,237.06135
2021-07-06T09:00:00.000000000,176.69,214.74094
2021-07-06T10:00:00.000000000,162.24,195.2936
2021-07-06T11:00:00.000000000,148.37,181.19634
2021-07-06T12:00:00.000000000,145.83,174.77822
2021-07-06T13:00:00.000000000,151.07,176.6198
2021-07-06T14:00:00.000000000,169.19,187.50628
2021-07-06T15:00:00.000000000,191.79,207.48072
2021-07-06T16:00:00.000000000,217.74,235.43051
2021-07-06T17:00:00.000000000,247.19,266.29025
2021-07-06T18:00:00.000000000,273.51,293.66825
2021-07-06T19:00:00.000000000,288.21,312.34358
2021-07-06T20:00:00.000000000,291.57,319.80275
2021-07-06T21:00:00.000000000,289.31,317.34981
2021-07-06T22:00:00.000000000,283.12,308.25716
2021-07-06T23:00:00.000000000,280.9,297.43671
2021-07-04T00:00:00.000000000,344.28,340.59377
2021-07-04T01:00:00.000000000,374.56,340.45426
2021-07-04T02:00:00.000000000,377.02,344.36319
2021-07-04T03:00:00.000000000,379.78,349.31778
2021-07-04T04:00:00.000000000,376.81,351.08309
2021-07-04T05:00:00.000000000,360.32,344.64151
2021-07-04T06:00:00.000000000,327.36,327.52018
2021-07-04T07:00:00.000000000,287.9,304.44282
2021-07-04T08:00:00.000000000,255.02,280.24325
2021-07-04T09:00:00.000000000,234.65,259.7959
2021-07-04T10:00:00.000000000,224.09,245.58686
2021-07-04T11:00:00.000000000,222.76,238.37524
2021-07-04T12:00:00.000000000,216.71,239.51524
2021-07-04T13:00:00.000000000,216.79,248.99036
2021-07-04T14:00:00.000000000,224.74,266.89853
2021-07-04T15:00:00.000000000,248.0,291.24168
2021-07-04T16:00:00.000000000,290.92,317.41275
2021-07-04T17:00:00.000000000,328.15,337.86024
2021-07-04T18:00:00.000000000,347.65,347.38319
2021-07-04T19:00:00.000000000,368.53,346.4953
2021-07-04T20:00:00.000000000,368.77,339.26318
2021-07-04T21:00:00.000000000,361.97,329.66626
2021-07-04T22:00:00.000000000,349.9,320.3329
2021-07-04T23:00:00.000000000,339.56,313.83135
2021-07-05T00:00:00.000000000,320.32,294.4249
2021-07-05T01:00:00.000000000,336.39,297.18927
2021-07-05T02:00:00.000000000,336.0,302.56593
2021-07-05T03:00:00.000000000,338.12,307.68418
2021-07-05T04:00:00.000000000,344.39,310.40739
2021-07-05T05:00:00.000000000,348.75,308.694
2021-07-05T06:00:00.000000000,339.15,300.64333
2021-07-05T07:00:00.000000000,320.06,288.49772
2021-07-05T08:00:00.000000000,299.79,274.0568
2021-07-05T09:00:00.000000000,288.25,260.13438
2021-07-05T10:00:00.000000000,276.62,248.86729
2021-07-05T11:00:00.000000000,265.72,242.5562
2021-07-05T12:00:00.000000000,254.17,244.03038
2021-07-05T13:00:00.000000000,257.17,253.27795
2021-07-05T14:00:00.000000000,263.58,268.68363
2021-07-05T15:00:00.000000000,271.86,287.15673
2021-07-05T16:00:00.000000000,294.78,305.86704
2021-07-05T17:00:00.000000000,332.29,321.48252
2021-07-05T18:00:00.000000000,370.94,332.26374
2021-07-05T19:00:00.000000000,395.61,338.63765
2021-07-05T20:00:00.000000000,400.41,341.60187
2021-07-05T21:00:00.000000000,393.02,342.27772
2021-07-05T22:00:00.000000000,369.92,341.6725
2021-07-05T23:00:00.000000000,338.59,341.46932
2021-07-06T00:00:00.000000000,287.1,308.37588
2021-07-06T01:00:00.000000000,286.4,307.68281
2021-07-06T02:00:00.000000000,269.49,306.33365
2021-07-06T03:00:00.000000000,262.14,301.4086
2021-07-06T04:00:00.000000000,255.67,291.04744
2021-07-06T05:00:00.000000000,250.22,274.65417
2021-07-06T06:00:00.000000000,237.65,252.76123
2021-07-06T07:00:00.000000000,220.12,229.61586
2021-07-06T08:00:00.000000000,197.05,207.80717
2021-07-06T09:00:00.000000000,176.69,190.31892
2021-07-06T10:00:00.000000000,162.24,178.54874
2021-07-06T11:00:00.000000000,148.37,173.5283
2021-07-06T12:00:00.000000000,145.83,176.93129
2021-07-06T13:00:00.000000000,151.07,188.76258
2021-07-06T14:00:00.000000000,169.19,207.58358
2021-07-06T15:00:00.000000000,191.79,229.38334
2021-07-06T16:00:00.000000000,217.74,249.75763
2021-07-06T17:00:00.000000000,247.19,264.52739
2021-07-06T18:00:00.000000000,273.51,272.07955
2021-07-06T19:00:00.000000000,288.21,273.06693
2021-07-06T20:00:00.000000000,291.57,269.94188
2021-07-06T21:00:00.000000000,289.31,266.09221
2021-07-06T22:00:00.000000000,283.12,263.57904
2021-07-06T23:00:00.000000000,280.9,263.82559
2021-07-07T00:00:00.000000000,356.3,263.40241
2021-07-07T01:00:00.000000000,283.8,263.65296
2021-07-07T02:00:00.000000000,289.37,267.75918
2021-07-07T03:00:00.000000000,301.45,272.89241
2021-07-07T04:00:00.000000000,318.41,277.67503
2021-07-07T05:00:00.000000000,337.57,280.44386
2021-07-07T06:00:00.000000000,338.42,279.01595
2021-07-07T07:00:00.000000000,332.01,275.08589
2021-07-07T08:00:00.000000000,313.44,269.41275
2021-07-07T09:00:00.000000000,292.8,263.7986
2021-07-07T10:00:00.000000000,279.99,259.83487
2021-07-07T11:00:00.000000000,268.13,259.97904
2021-07-07T12:00:00.000000000,258.4,267.24228
2021-07-07T13:00:00.000000000,250.48,281.0495
2021-07-07T14:00:00.000000000,257.12,299.57302
2021-07-07T15:00:00.000000000,273.4,320.42076
2021-07-07T16:00:00.000000000,303.31,341.60666
2021-07-07T17:00:00.000000000,342.73,360.19805
2021-07-07T18:00:00.000000000,380.71,374.00031
2021-07-07T19:00:00.000000000,406.83,383.11866
2021-07-07T20:00:00.000000000,409.44,387.78198
2021-07-07T21:00:00.000000000,404.42,387.9771
2021-07-07T22:00:00.000000000,395.1,384.44257
2021-07-07T23:00:00.000000000,385.51,379.56204
2021-07-05T00:00:00.000000000,320.32,299.40429
2021-07-05T01:00:00.000000000,336.39,297.266
2021-07-05T02:00:00.000000000,336.0,299.98018
2021-07-05T03:00:00.000000000,338.12,305.15995
2021-07-05T04:00:00.000000000,344.39,310.11612
2021-07-05T05:00:00.000000000,348.75,310.91132
2021-07-05T06:00:00.000000000,339.15,304.20295
2021-07-05T07:00:00.000000000,320.06,292.13561
2021-07-05T08:00:00.000000000,299.79,276.94996
2021-07-05T09:00:00.000000000,288.25,261.93647
2021-07-05T10:00:00.000000000,276.62,249.5403
2021-07-05T11:00:00.000000000,265.72,241.72848
2021-07-05T12:00:00.000000000,254.17,241.08694
2021-07-05T13:00:00.000000000,257.17,248.08046
2021-07-05T14:00:00.000000000,263.58,262.94972
2021-07-05T15:00:00.000000000,271.86,284.8024
2021-07-05T16:00:00.000000000,294.78,311.09786
2021-07-05T17:00:00.000000000,332.29,336.01196
2021-07-05T18:00:00.000000000,370.94,354.20929
2021-07-05T19:00:00.000000000,395.61,364.17829
2021-07-05T20:00:00.000000000,400.41,366.71792
2021-07-05T21:00:00.000000000,393.02,363.3737
2021-07-05T22:00:00.000000000,369.92,356.11912
2021-07-05T23:00:00.000000000,338.59,348.31191
2021-07-06T00:00:00.000000000,287.1,307.06943
2021-07-06T01:00:00.000000000,286.4,306.18252
2021-07-06T02:00:00.000000000,269.49,304.71679
2021-07-06T03:00:00.000000000,262.14,299.99453
2021-07-06T04:00:00.000000000,255.67,290.2868
2021-07-06T05:00:00.000000000,250.22,274.91139
2021-07-06T06:00:00.000000000,237.65,254.05538
2021-07-06T07:00:00.000000000,220.12,231.62686
2021-07-06T08:00:00.000000000,197.05,210.12373
2021-07-06T09:00:00.000000000,176.69,192.61224
2021-07-06T10:00:00.000000000,162.24,180.56167
2021-07-06T11:00:00.000000000,148.37,174.97033
2021-07-06T12:00:00.000000000,145.83,177.38
2021-07-06T13:00:00.000000000,151.07,187.7532
2021-07-06T14:00:00.000000000,169.19,204.89925
2021-07-06T15:00:00.000000000,191.79,225.39892
2021-07-06T16:00:00.000000000,217.74,245.52122
2021-07-06T17:00:00.000000000,247.19,261.3531
2021-07-06T18:00:00.000000000,273.51,271.04952
2021-07-06T19:00:00.000000000,288.21,274.7012
2021-07-06T20:00:00.000000000,291.57,274.14683
2021-07-06T21:00:00.000000000,289.31,272.37535
2021-07-06T22:00:00.000000000,283.12,271.21991
2021-07-06T23:00:00.000000000,280.9,272.05339
2021-07-07T00:00:00.000000000,356.3,276.91178
2021-07-07T01:00:00.000000000,283.8,275.0756
2021-07-07T02:00:00.000000000,289.37,275.07476
2021-07-07T03:00:00.000000000,301.45,274.77117
2021-07-07T04:00:00.000000000,318.41,273.89552
2021-07-07T05:00:00.000000000,337.57,272.34328
2021-07-07T06:00:00.000000000,338.42,269.12106
2021-07-07T07:00:00.000000000,332.01,266.07968
2021-07-07T08:00:00.000000000,313.44,263.18683
2021-07-07T09:00:00.000000000,292.8,261.11755
2021-07-07T10:00:00.000000000,279.99,260.18649
2021-07-07T11:00:00.000000000,268.13,261.87048
2021-07-07T12:00:00.000000000,258.4,268.64022
2021-07-07T13:00:00.000000000,250.48,279.85385
2021-07-07T14:00:00.000000000,257.12,293.99712
2021-07-07T15:00:00.000000000,273.4,309.22987
2021-07-07T16:00:00.000000000,303.31,324.79347
2021-07-07T17:00:00.000000000,342.73,339.46359
2021-07-07T18:00:00.000000000,380.71,352.34877
2021-07-07T19:00:00.000000000,406.83,363.47457
2021-07-07T20:00:00.000000000,409.44,372.06023
2021-07-07T21:00:00.000000000,404.42,376.9214
2021-07-07T22:00:00.000000000,395.1,377.66509
2021-07-07T23:00:00.000000000,385.51,375.77644
2021-07-08T00:00:00.000000000,378.26,374.72634
2021-07-08T01:00:00.000000000,381.27,377.63036
2021-07-08T02:00:00.000000000,384.72,382.82531
2021-07-08T03:00:00.000000000,387.72,387.14934
2021-07-08T04:00:00.000000000,393.66,388.64442
2021-07-08T05:00:00.000000000,398.2,385.96957
2021-07-08T06:00:00.000000000,382.6,377.58748
2021-07-08T07:00:00.000000000,362.27,366.01516
2021-07-08T08:00:00.000000000,341.18,352.85426
2021-07-08T09:00:00.000000000,326.87,340.82185
2021-07-08T10:00:00.000000000,320.14,332.09842
2021-07-08T11:00:00.000000000,319.83,329.02314
2021-07-08T12:00:00.000000000,325.25,334.53565
2021-07-08T13:00:00.000000000,330.31,347.55127
2021-07-08T14:00:00.000000000,342.61,365.15345
2021-07-08T15:00:00.000000000,343.33,383.23239
2021-07-08T16:00:00.000000000,351.6,398.77874
2021-07-08T17:00:00.000000000,369.71,408.92681
2021-07-08T18:00:00.000000000,387.93,412.70412
2021-07-08T19:00:00.000000000,405.27,411.67229
2021-07-08T20:00:00.000000000,411.12,408.10141
2021-07-08T21:00:00.000000000,413.52,403.51246
2021-07-08T22:00:00.000000000,407.69,399.19513
2021-07-08T23:00:00.000000000,391.6,396.77364
2021-07-06T00:00:00.000000000,287.1,290.35265
2021-07-06T01:00:00.000000000,286.4,285.56737
2021-07-06T02:00:00.000000000,269.49,279.55521
2021-07-06T03:00:00.000000000,262.14,270.82088
2021-07-06T04:00:00.000000000,255.67,259.16428
2021-07-06T05:00:00.000000000,250.22,244.05798
2021-07-06T06:00:00.000000000,237.65,225.2145
2021-07-06T07:00:00.000000000,220.12,205.92446
2021-07-06T08:00:00.000000000,197.05,187.69003
2021-07-06T09:00:00.000000000,176.69,172.5504
2021-07-06T10:00:00.000000000,162.24,161.07403
2021-07-06T11:00:00.000000000,148.37,154.20113
2021-07-06T12:00:00.000000000,145.83,153.54065
2021-07-06T13:00:00.000000000,151.07,159.02822
2021-07-06T14:00:00.000000000,169.19,170.30065
2021-07-06T15:00:00.000000000,191.79,186.01844
2021-07-06T16:00:00.000000000,217.74,204.8654
2021-07-06T17:00:00.000000000,247.19,223.94603
2021-07-06T18:00:00.000000000,273.51,240.51391
2021-07-06T19:00:00.000000000,288.21,252.87236
2021-07-06T20:00:00.000000000,291.57,260.79081
2021-07-06T21:00:00.000000000,289.31,265.13204
2021-07-06T22:00:00.000000000,283.12,266.36966
2021-07-06T23:00:00.000000000,280.9,266.55563
2021-07-07T00:00:00.000000000,356.3,280.39658
2021-07-07T01:00:00.000000000,283.8,280.61879
2021-07-07T02:00:00.000000000,289.37,283.3525
2021-07-07T03:00:00.000000000,301.45,286.14579
2021-07-07T04:00:00.000000000,318.41,288.23784
2021-07-07T05:00:00.000000000,337.57,288.70564
2021-07-07T06:00:00.000000000,338.42,285.90779
2021-07-07T07:00:00.000000000,332.01,281.64551
2021-07-07T08:00:00.000000000,313.44,276.30682
2021-07-07T09:00:00.000000000,292.8,270.94578
2021-07-07T10:00:00.000000000,279.99,266.37134
2021-07-07T11:00:00.000000000,268.13,264.88325
2021-07-07T12:00:00.000000000,258.4,269.56623
2021-07-07T13:00:00.000000000,250.48,279.86768
2021-07-07T14:00:00.000000000,257.12,293.90767
2021-07-07T15:00:00.000000000,273.4,309.48583
2021-07-07T16:00:00.000000000,303.31,325.60946
2021-07-07T17:00:00.000000000,342.73,340.65519
2021-07-07T18:00:00.000000000,380.71,353.4809
2021-07-07T19:00:00.000000000,406.83,364.22542
2021-07-07T20:00:00.000000000,409.44,372.26086
2021-07-07T21:00:00.000000000,404.42,376.38869
2021-07-07T22:00:00.000000000,395.1,376.32757
2021-07-07T23:00:00.000000000,385.51,374.13196
2021-07-08T00:00:00.000000000,378.26,372.34938
2021-07-08T01:00:00.000000000,381.27,377.51331
2021-07-08T02:00:00.000000000,384.72,383.09559
2021-07-08T03:00:00.000000000,387.72,385.46894
2021-07-08T04:00:00.000000000,393.66,382.6247
2021-07-08T05:00:00.000000000,398.2,374.40304
2021-07-08T06:00:00.000000000,382.6,360.95596
2021-07-08T07:00:00.000000000,362.27,345.85333
2021-07-08T08:00:00.000000000,341.18,331.11721
2021-07-08T09:00:00.000000000,326.87,319.42587
2021-07-08T10:00:00.000000000,320.14,312.46966
2021-07-08T11:00:00.000000000,319.83,311.90353
2021-07-08T12:00:00.000000000,325.25,320.10429
2021-07-08T13:00:00.000000000,330.31,335.81241
2021-07-08T14:00:00.000000000,342.61,355.42696
2021-07-08T15:00:00.000000000,343.33,373.39145
2021-07-08T16:00:00.000000000,351.6,385.67299
2021-07-08T17:00:00.000000000,369.71,390.13818
2021-07-08T18:00:00.000000000,387.93,387.84818
2021-07-08T19:00:00.000000000,405.27,381.93236
2021-07-08T20:00:00.000000000,411.12,375.65021
2021-07-08T21:00:00.000000000,413.52,371.22645
2021-07-08T22:00:00.000000000,407.69,369.84147
2021-07-08T23:00:00.000000000,391.6,371.9154
2021-07-09T00:00:00.000000000,323.93,374.49227
2021-07-09T01:00:00.000000000,367.69,373.13843
2021-07-09T02:00:00.000000000,365.86,374.32852
2021-07-09T03:00:00.000000000,368.47,377.21427
2021-07-09T04:00:00.000000000,372.18,380.68603
2021-07-09T05:00:00.000000000,368.68,381.88586
2021-07-09T06:00:00.000000000,360.53,377.29375
2021-07-09T07:00:00.000000000,345.34,368.5813
2021-07-09T08:00:00.000000000,321.9,357.29309
2021-07-09T09:00:00.000000000,298.41,345.87825
2021-07-09T10:00:00.000000000,281.64,335.65248
2021-07-09T11:00:00.000000000,269.49,328.11507
2021-07-09T12:00:00.000000000,256.34,325.7165
2021-07-09T13:00:00.000000000,252.11,327.84014
2021-07-09T14:00:00.000000000,251.67,333.87731
2021-07-09T15:00:00.000000000,261.11,343.02976
2021-07-09T16:00:00.000000000,276.6,354.92599
2021-07-09T17:00:00.000000000,301.69,367.33328
2021-07-09T18:00:00.000000000,326.02,378.12955
2021-07-09T19:00:00.000000000,339.55,387.10259
2021-07-09T20:00:00.000000000,341.87,394.29563
2021-07-09T21:00:00.000000000,338.15,398.78665
2021-07-09T22:00:00.000000000,330.88,399.61347
2021-07-09T23:00:00.000000000,318.36,398.20375
2021-07-07T00:00:00.000000000,356.3,282.32373
2021-07-07T01:00:00.000000000,283.8,281.76302
2021-07-07T02:00:00.000000000,289.37,287.00125
2021-07-07T03:00:00.000000000,301.45,295.31208
2021-07-07T04:00:00.000000000,318.41,304.30723
2021-07-07T05:00:00.000000000,337.57,310.56497
2021-07-07T06:00:00.000000000,338.42,310.26922
2021-07-07T07:00:00.000000000,332.01,304.37007
2021-07-07T08:00:00.000000000,313.44,293.95649
2021-07-07T09:00:00.000000000,292.8,281.57503
2021-07-07T10:00:00.000000000,279.99,269.68108
2021-07-07T11:00:00.000000000,268.13,261.04441
2021-07-07T12:00:00.000000000,258.4,259.12302
2021-07-07T13:00:00.000000000,250.48,264.66774
2021-07-07T14:00:00.000000000,257.12,277.96517
2021-07-07T15:00:00.000000000,273.4,298.76887
2021-07-07T16:00:00.000000000,303.31,325.8081
2021-07-07T17:00:00.000000000,342.73,354.29735
2021-07-07T18:00:00.000000000,380.71,378.95551
2021-07-07T19:00:00.000000000,406.83,397.23921
2021-07-07T20:00:00.000000000,409.44,407.84674
2021-07-07T21:00:00.000000000,404.42,410.60558
2021-07-07T22:00:00.000000000,395.1,406.84317
2021-07-07T23:00:00.000000000,385.51,400.20594
2021-07-08T00:00:00.000000000,378.26,385.67455
2021-07-08T01:00:00.000000000,381.27,392.58401
2021-07-08T02:00:00.000000000,384.72,401.01121
2021-07-08T03:00:00.000000000,387.72,406.35832
2021-07-08T04:00:00.000000000,393.66,405.74756
2021-07-08T05:00:00.000000000,398.2,398.80209
2021-07-08T06:00:00.000000000,382.6,385.42699
2021-07-08T07:00:00.000000000,362.27,368.9575
2021-07-08T08:00:00.000000000,341.18,351.4985
2021-07-08T09:00:00.000000000,326.87,336.17877
2021-07-08T10:00:00.000000000,320.14,325.54698
2021-07-08T11:00:00.000000000,319.83,322.09783
2021-07-08T12:00:00.000000000,325.25,328.99805
2021-07-08T13:00:00.000000000,330.31,345.40676
2021-07-08T14:00:00.000000000,342.61,367.45314
2021-07-08T15:00:00.000000000,343.33,388.89977
2021-07-08T16:00:00.000000000,351.6,405.05515
2021-07-08T17:00:00.000000000,369.71,413.15153
2021-07-08T18:00:00.000000000,387.93,413.87102
2021-07-08T19:00:00.000000000,405.27,409.87461
2021-07-08T20:00:00.000000000,411.12,404.00935
2021-07-08T21:00:00.000000000,413.52,398.82981
2021-07-08T22:00:00.000000000,407.69,396.34267
2021-07-08T23:00:00.000000000,391.6,397.6574
2021-07-09T00:00:00.000000000,323.93,394.41916
2021-07-09T01:00:00.000000000,367.69,396.36266
2021-07-09T02:00:00.000000000,365.86,396.9447
2021-07-09T03:00:00.000000000,368.47,394.22675
2021-07-09T04:00:00.000000000,372.18,387.44406
2021-07-09T05:00:00.000000000,368.68,376.99755
2021-07-09T06:00:00.000000000,360.53,362.98779
2021-07-09T07:00:00.000000000,345.34,348.55691
2021-07-09T08:00:00.000000000,321.9,335.32878
2021-07-09T09:00:00.000000000,298.41,325.52037
2021-07-09T10:00:00.000000000,281.64,319.88572
2021-07-09T11:00:00.000000000,269.49,318.54081
2021-07-09T12:00:00.000000000,256.34,322.70254
2021-07-09T13:00:00.000000000,252.11,331.04802
2021-07-09T14:00:00.000000000,251.67,341.30278
2021-07-09T15:00:00.000000000,261.11,349.93216
2021-07-09T16:00:00.000000000,276.6,355.17836
2021-07-09T17:00:00.000000000,301.69,356.79135
2021-07-09T18:00:00.000000000,326.02,356.57255
2021-07-09T19:00:00.000000000,339.55,356.64917
2021-07-09T20:00:00.000000000,341.87,358.44787
2021-07-09T21:00:00.000000000,338.15,362.45118
2021-07-09T22:00:00.000000000,330.88,368.07065
2021-07-09T23:00:00.000000000,318.36,374.52381
2021-07-10T00:00:00.000000000,331.11,369.68412
2021-07-10T01:00:00.000000000,309.68,366.15093
2021-07-10T02:00:00.000000000,307.87,366.89346
2021-07-10T03:00:00.000000000,302.19,370.28475
2021-07-10T04:00:00.000000000,295.36,374.13029
2021-07-10T05:00:00.000000000,291.69,374.71567
2021-07-10T06:00:00.000000000,281.52,367.85759
2021-07-10T07:00:00.000000000,255.04,354.64251
2021-07-10T08:00:00.000000000,225.94,336.73951
2021-07-10T09:00:00.000000000,201.31,317.66856
2021-07-10T10:00:00.000000000,187.03,300.52301
2021-07-10T11:00:00.000000000,180.68,287.6522
2021-07-10T12:00:00.000000000,179.78,282.04207
2021-07-10T13:00:00.000000000,190.64,284.00034
2021-07-10T14:00:00.000000000,208.07,293.53549
2021-07-10T15:00:00.000000000,232.92,309.84999
2021-07-10T16:00:00.000000000,270.53,331.53487
2021-07-10T17:00:00.000000000,311.65,354.23717
2021-07-10T18:00:00.000000000,351.21,373.40696
2021-07-10T19:00:00.000000000,371.67,386.69824
2021-07-10T20:00:00.000000000,374.05,393.46469
2021-07-10T21:00:00.000000000,373.41,394.2224
2021-07-10T22:00:00.000000000,364.88,390.18291
2021-07-10T23:00:00.000000000,350.49,384.42653
2021-07-08T00:00:00.000000000,378.26,368.40708
2021-07-08T01:00:00.000000000,381.27,370.52829
2021-07-08T02:00:00.000000000,384.72,375.18296
2021-07-08T03:00:00.000000000,387.72,379.7026
2021-07-08T04:00:00.000000000,393.66,381.51804
2021-07-08T05:00:00.000000000,398.2,377.87395
2021-07-08T06:00:00.000000000,382.6,366.50499
2021-07-08T07:00:00.000000000,362.27,350.44539
2021-07-08T08:00:00.000000000,341.18,332.54545
2021-07-08T09:00:00.000000000,326.87,316.44351
2021-07-08T10:00:00.000000000,320.14,304.35724
2021-07-08T11:00:00.000000000,319.83,297.89348
2021-07-08T12:00:00.000000000,325.25,299.40312
2021-07-08T13:00:00.000000000,330.31,308.37611
2021-07-08T14:00:00.000000000,342.61,323.35364
2021-07-08T15:00:00.000000000,343.33,341.39643
2021-07-08T16:00:00.000000000,351.6,359.45531
2021-07-08T17:00:00.000000000,369.71,373.5528
2021-07-08T18:00:00.000000000,387.93,381.56092
2021-07-08T19:00:00.000000000,405.27,384.38353
2021-07-08T20:00:00.000000000,411.12,384.14179
2021-07-08T21:00:00.000000000,413.52,382.53107
2021-07-08T22:00:00.000000000,407.69,380.52228
2021-07-08T23:00:00.000000000,391.6,379.61395
2021-07-09T00:00:00.000000000,323.93,373.76616
2021-07-09T01:00:00.000000000,367.69,376.95006
2021-07-09T02:00:00.000000000,365.86,380.40581
2021-07-09T03:00:00.000000000,368.47,382.31511
2021-07-09T04:00:00.000000000,372.18,381.55897
2021-07-09T05:00:00.000000000,368.68,377.24081
2021-07-09T06:00:00.000000000,360.53,368.38186
2021-07-09T07:00:00.000000000,345.34,357.95847
2021-07-09T08:00:00.000000000,321.9,347.76877
2021-07-09T09:00:00.000000000,298.41,339.93928
2021-07-09T10:00:00.000000000,281.64,334.93702
2021-07-09T11:00:00.000000000,269.49,333.14718
2021-07-09T12:00:00.000000000,256.34,336.12382
2021-07-09T13:00:00.000000000,252.11,342.76343
2021-07-09T14:00:00.000000000,251.67,351.35916
2021-07-09T15:00:00.000000000,261.11,359.27436
2021-07-09T16:00:00.000000000,276.6,365.08376
2021-07-09T17:00:00.000000000,301.69,367.77178
2021-07-09T18:00:00.000000000,326.02,368.01904
2021-07-09T19:00:00.000000000,339.55,367.98317
2021-07-09T20:00:00.000000000,341.87,369.44804
2021-07-09T21:00:00.000000000,338.15,372.60698
2021-07-09T22:00:00.000000000,330.88,376.58889
2021-07-09T23:00:00.000000000,318.36,380.99858
2021-07-10T00:00:00.000000000,331.11,368.19364
2021-07-10T01:00:00.000000000,309.68,368.23384
2021-07-10T02:00:00.000000000,307.87,371.03361
2021-07-10T03:00:00.000000000,302.19,373.62295
2021-07-10T04:00:00.000000000,295.36,373.56104
2021-07-10T05:00:00.000000000,291.69,368.67091
2021-07-10T06:00:00.000000000,281.52,356.67553
2021-07-10T07:00:00.000000000,255.04,339.71884
2021-07-10T08:00:00.000000000,225.94,319.76283
2021-07-10T09:00:00.000000000,201.31,300.2003
2021-07-10T10:00:00.000000000,187.03,284.0388
2021-07-10T11:00:00.000000000,180.68,273.85558
2021-07-10T12:00:00.000000000,179.78,272.76784
2021-07-10T13:00:00.000000000,190.64,280.76949
2021-07-10T14:00:00.000000000,208.07,296.20487
2021-07-10T15:00:00.000000000,232.92,315.81879
2021-07-10T16:00:00.000000000,270.53,336.56521
2021-07-10T17:00:00.000000000,311.65,354.57653
2021-07-10T18:00:00.000000000,351.21,367.50247
2021-07-10T19:00:00.000000000,371.67,374.80914
2021-07-10T20:00:00.000000000,374.05,376.9338
2021-07-10T21:00:00.000000000,373.41,375.33045
2021-07-10T22:00:00.000000000,364.88,371.81793
2021-07-10T23:00:00.000000000,350.49,368.99937
2021-07-11T00:00:00.000000000,339.42,339.08453
2021-07-11T01:00:00.000000000,332.43,338.77939
2021-07-11T02:00:00.000000000,332.41,341.64948
2021-07-11T03:00:00.000000000,330.41,345.12727
2021-07-11T04:00:00.000000000,324.26,347.35724
2021-07-11T05:00:00.000000000,315.63,345.96115
2021-07-11T06:00:00.000000000,304.82,338.03441
2021-07-11T07:00:00.000000000,281.9,325.23774
2021-07-11T08:00:00.000000000,254.37,309.21895
2021-07-11T09:00:00.000000000,231.72,293.21864
2021-07-11T10:00:00.000000000,223.58,280.14507
2021-07-11T11:00:00.000000000,219.11,272.36189
2021-07-11T12:00:00.000000000,217.53,272.97103
2021-07-11T13:00:00.000000000,212.3,281.87154
2021-07-11T14:00:00.000000000,206.91,297.70865
2021-07-11T15:00:00.000000000,216.05,317.93737
2021-07-11T16:00:00.000000000,251.35,340.04877
2021-07-11T17:00:00.000000000,282.11,360.52076
2021-07-11T18:00:00.000000000,322.23,376.88196
2021-07-11T19:00:00.000000000,346.02,388.45542
2021-07-11T20:00:00.000000000,350.89,395.22885
2021-07-11T21:00:00.000000000,344.95,397.85546
2021-07-11T22:00:00.000000000,342.45,397.34941
2021-07-11T23:00:00.000000000,342.9,395.92506
2021-07-09T00:00:00.000000000,323.93,355.44815
2021-07-09T01:00:00.000000000,367.69,346.1612
2021-07-09T02:00:00.000000000,365.86,339.85119
2021-07-09T03:00:00.000000000,368.47,337.01292
2021-07-09T04:00:00.000000000,372.18,337.6145
2021-07-09T05:00:00.000000000,368.68,339.01845
2021-07-09T06:00:00.000000000,360.53,337.2658
2021-07-09T07:00:00.000000000,345.34,332.84697
2021-07-09T08:00:00.000000000,321.9,325.67407
2021-07-09T09:00:00.000000000,298.41,316.86124
2021-07-09T10:00:00.000000000,281.64,307.25389
2021-07-09T11:00:00.000000000,269.49,298.14653
2021-07-09T12:00:00.000000000,256.34,291.98405
2021-07-09T13:00:00.000000000,252.11,288.90986
2021-07-09T14:00:00.000000000,251.67,290.0527
2021-07-09T15:00:00.000000000,261.11,296.90065
2021-07-09T16:00:00.000000000,276.6,310.62718
2021-07-09T17:00:00.000000000,301.69,328.88381
2021-07-09T18:00:00.000000000,326.02,347.82458
2021-07-09T19:00:00.000000000,339.55,364.63389
2021-07-09T20:00:00.000000000,341.87,376.86155
2021-07-09T21:00:00.000000000,338.15,382.27752
2021-07-09T22:00:00.000000000,330.88,380.10574
2021-07-09T23:00:00.000000000,318.36,373.15034
2021-07-10T00:00:00.000000000,331.11,341.95351
2021-07-10T01:00:00.000000000,309.68,342.41519
2021-07-10T02:00:00.000000000,307.87,346.90416
2021-07-10T03:00:00.000000000,302.19,351.86493
2021-07-10T04:00:00.000000000,295.36,354.03163
2021-07-10T05:00:00.000000000,291.69,350.20496
2021-07-10T06:00:00.000000000,281.52,337.74984
2021-07-10T07:00:00.000000000,255.04,319.18944
2021-07-10T08:00:00.000000000,225.94,297.19782
2021-07-10T09:00:00.000000000,201.31,275.81112
2021-07-10T10:00:00.000000000,187.03,258.5531
2021-07-10T11:00:00.000000000,180.68,248.23207
2021-07-10T12:00:00.000000000,179.78,247.9989
2021-07-10T13:00:00.000000000,190.64,258.03552
2021-07-10T14:00:00.000000000,208.07,276.91477
2021-07-10T15:00:00.000000000,232.92,301.38652
2021-07-10T16:00:00.000000000,270.53,327.52276
2021-07-10T17:00:00.000000000,311.65,349.90787
2021-07-10T18:00:00.000000000,351.21,364.89061
2021-07-10T19:00:00.000000000,371.67,371.77019
2021-07-10T20:00:00.000000000,374.05,371.6458
2021-07-10T21:00:00.000000000,373.41,366.88215
2021-07-10T22:00:00.000000000,364.88,360.17844
2021-07-10T23:00:00.000000000,350.49,354.87304
2021-07-11T00:00:00.000000000,339.42,323.99612
2021-07-11T01:00:00.000000000,332.43,326.33889
2021-07-11T02:00:00.000000000,332.41,330.56128
2021-07-11T03:00:00.000000000,330.41,333.02717
2021-07-11T04:00:00.000000000,324.26,331.98626
2021-07-11T05:00:00.000000000,315.63,326.72837
2021-07-11T06:00:00.000000000,304.82,315.95299
2021-07-11T07:00:00.000000000,281.9,301.74956
2021-07-11T08:00:00.000000000,254.37,285.42856
2021-07-11T09:00:00.000000000,231.72,269.79993
2021-07-11T10:00:00.000000000,223.58,257.62259
2021-07-11T11:00:00.000000000,219.11,251.66786
2021-07-11T12:00:00.000000000,217.53,255.35749
2021-07-11T13:00:00.000000000,212.3,268.4665
2021-07-11T14:00:00.000000000,206.91,288.48082
2021-07-11T15:00:00.000000000,216.05,311.31393
2021-07-11T16:00:00.000000000,251.35,333.75619
2021-07-11T17:00:00.000000000,282.11,353.03716
2021-07-11T18:00:00.000000000,322.23,368.15534
2021-07-11T19:00:00.000000000,346.02,379.19627
2021-07-11T20:00:00.000000000,350.89,386.17157
2021-07-11T21:00:00.000000000,344.95,389.88159
2021-07-11T22:00:00.000000000,342.45,391.51264
2021-07-11T23:00:00.000000000,342.9,392.943
2021-07-12T00:00:00.000000000,359.33,341.61111
2021-07-12T01:00:00.000000000,337.49,342.84861
2021-07-12T02:00:00.000000000,342.09,348.30594
2021-07-12T03:00:00.000000000,349.87,354.79971
2021-07-12T04:00:00.000000000,352.26,358.50532
2021-07-12T05:00:00.000000000,344.0,355.16513
2021-07-12T06:00:00.000000000,324.32,341.82636
2021-07-12T07:00:00.000000000,297.56,321.73856
2021-07-12T08:00:00.000000000,265.56,298.73375
2021-07-12T09:00:00.000000000,242.34,277.65879
2021-07-12T10:00:00.000000000,228.39,261.91956
2021-07-12T11:00:00.000000000,222.79,253.31077
2021-07-12T12:00:00.000000000,219.99,254.04258
2021-07-12T13:00:00.000000000,228.22,264.21051
2021-07-12T14:00:00.000000000,241.55,283.02022
2021-07-12T15:00:00.000000000,261.23,307.59007
2021-07-12T16:00:00.000000000,287.23,333.38988
2021-07-12T17:00:00.000000000,318.84,353.93274
2021-07-12T18:00:00.000000000,346.14,365.03577
2021-07-12T19:00:00.000000000,364.82,366.86224
2021-07-12T20:00:00.000000000,369.11,362.30074
2021-07-12T21:00:00.000000000,367.25,354.94061
2021-07-12T22:00:00.000000000,364.48,347.61491
2021-07-12T23:00:00.000000000,364.41,342.82521
2021-07-10T00:00:00.000000000,331.11,294.51642
2021-07-10T01:00:00.000000000,309.68,292.45345
2021-07-10T02:00:00.000000000,307.87,295.73976
2021-07-10T03:00:00.000000000,302.19,299.93801
2021-07-10T04:00:00.000000000,295.36,300.51859
2021-07-10T05:00:00.000000000,291.69,293.50594
2021-07-10T06:00:00.000000000,281.52,276.72729
2021-07-10T07:00:00.000000000,255.04,253.74161
2021-07-10T08:00:00.000000000,225.94,228.3007
2021-07-10T09:00:00.000000000,201.31,205.4776
2021-07-10T10:00:00.000000000,187.03,188.93733
2021-07-10T11:00:00.000000000,180.68,180.0013
2021-07-10T12:00:00.000000000,179.78,180.20864
2021-07-10T13:00:00.000000000,190.64,190.37828
2021-07-10T14:00:00.000000000,208.07,212.01949
2021-07-10T15:00:00.000000000,232.92,245.08597
2021-07-10T16:00:00.000000000,270.53,285.99358
2021-07-10T17:00:00.000000000,311.65,326.03709
2021-07-10T18:00:00.000000000,351.21,356.68793
2021-07-10T19:00:00.000000000,371.67,374.07033
2021-07-10T20:00:00.000000000,374.05,378.55673
2021-07-10T21:00:00.000000000,373.41,373.92649
2021-07-10T22:00:00.000000000,364.88,364.67035
2021-07-10T23:00:00.000000000,350.49,355.32754
2021-07-11T00:00:00.000000000,339.42,326.06848
2021-07-11T01:00:00.000000000,332.43,329.8317
2021-07-11T02:00:00.000000000,332.41,335.92015
2021-07-11T03:00:00.000000000,330.41,340.49286
2021-07-11T04:00:00.000000000,324.26,340.72271
2021-07-11T05:00:00.000000000,315.63,334.64984
2021-07-11T06:00:00.000000000,304.82,320.85446
2021-07-11T07:00:00.000000000,281.9,302.42052
2021-07-11T08:00:00.000000000,254.37,282.10754
2021-07-11T09:00:00.000000000,231.72,263.81544
2021-07-11T10:00:00.000000000,223.58,250.60654
2021-07-11T11:00:00.000000000,219.11,244.73507
2021-07-11T12:00:00.000000000,217.53,248.97198
2021-07-11T13:00:00.000000000,212.3,263.02055
2021-07-11T14:00:00.000000000,206.91,284.48767
2021-07-11T15:00:00.000000000,216.05,308.76668
2021-07-11T16:00:00.000000000,251.35,331.27939
2021-07-11T17:00:00.000000000,282.11,347.88418
2021-07-11T18:00:00.000000000,322.23,357.28303
2021-07-11T19:00:00.000000000,346.02,360.6686
2021-07-11T20:00:00.000000000,350.89,360.13313
2021-07-11T21:00:00.000000000,344.95,358.20724
2021-07-11T22:00:00.000000000,342.45,356.84062
2021-07-11T23:00:00.000000000,342.9,357.64999
2021-07-12T00:00:00.000000000,359.33,325.63547
2021-07-12T01:00:00.000000000,337.49,328.08294
2021-07-12T02:00:00.000000000,342.09,333.94703
2021-07-12T03:00:00.000000000,349.87,339.38
2021-07-12T04:00:00.000000000,352.26,340.38912
2021-07-12T05:00:00.000000000,344.0,333.50921
2021-07-12T06:00:00.000000000,324.32,317.08429
2021-07-12T07:00:00.000000000,297.56,295.06361
2021-07-12T08:00:00.000000000,265.56,271.29207
2021-07-12T09:00:00.000000000,242.34,250.28093
2021-07-12T10:00:00.000000000,228.39,235.07789
2021-07-12T11:00:00.000000000,222.79,227.42321
2021-07-12T12:00:00.000000000,219.99,229.4712
2021-07-12T13:00:00.000000000,228.22,241.32287
2021-07-12T14:00:00.000000000,241.55,261.70476
2021-07-12T15:00:00.000000000,261.23,286.74228
2021-07-12T16:00:00.000000000,287.23,311.19505
2021-07-12T17:00:00.000000000,318.84,328.91695
2021-07-12T18:00:00.000000000,346.14,336.79458
2021-07-12T19:00:00.000000000,364.82,335.73794
2021-07-12T20:00:00.000000000,369.11,329.01758
2021-07-12T21:00:00.000000000,367.25,320.55274
2021-07-12T22:00:00.000000000,364.48,313.3702
2021-07-12T23:00:00.000000000,364.41,309.82631
2021-07-13T00:00:00.000000000,346.31,300.59924
2021-07-13T01:00:00.000000000,367.94,297.88533
2021-07-13T02:00:00.000000000,377.52,296.77513
2021-07-13T03:00:00.000000000,385.68,295.24861
2021-07-13T04:00:00.000000000,385.06,293.20526
2021-07-13T05:00:00.000000000,377.38,290.56047
2021-07-13T06:00:00.000000000,355.97,285.97956
2021-07-13T07:00:00.000000000,334.33,280.80354
2021-07-13T08:00:00.000000000,312.28,274.6892
2021-07-13T09:00:00.000000000,296.43,268.43877
2021-07-13T10:00:00.000000000,287.09,262.97739
2021-07-13T11:00:00.000000000,284.35,260.39741
2021-07-13T12:00:00.000000000,288.7,263.70826
2021-07-13T13:00:00.000000000,290.98,272.3896
2021-07-13T14:00:00.000000000,294.15,284.78588
2021-07-13T15:00:00.000000000,304.29,298.99973
2021-07-13T16:00:00.000000000,316.55,314.60537
2021-07-13T17:00:00.000000000,335.27,330.70026
2021-07-13T18:00:00.000000000,353.51,346.33261
2021-07-13T19:00:00.000000000,359.08,360.71497
2021-07-13T20:00:00.000000000,354.93,372.09392
2021-07-13T21:00:00.000000000,344.67,378.77732
2021-07-13T22:00:00.000000000,336.8,380.33559
2021-07-13T23:00:00.000000000,338.8,378.79204
2021-07-11T00:00:00.000000000,339.42,314.98688
2021-07-11T01:00:00.000000000,332.43,312.86969
2021-07-11T02:00:00.000000000,332.41,314.47769
2021-07-11T03:00:00.000000000,330.41,317.94319
2021-07-11T04:00:00.000000000,324.26,321.21581
2021-07-11T05:00:00.000000000,315.63,320.86954
2021-07-11T06:00:00.000000000,304.82,313.42257
2021-07-11T07:00:00.000000000,281.9,300.59074
2021-07-11T08:00:00.000000000,254.37,284.34287
2021-07-11T09:00:00.000000000,231.72,267.92855
2021-07-11T10:00:00.000000000,223.58,253.85054
2021-07-11T11:00:00.000000000,219.11,244.14254
2021-07-11T12:00:00.000000000,217.53,241.28211
2021-07-11T13:00:00.000000000,212.3,245.36096
2021-07-11T14:00:00.000000000,206.91,256.40161
2021-07-11T15:00:00.000000000,216.05,273.88095
2021-07-11T16:00:00.000000000,251.35,296.48186
2021-07-11T17:00:00.000000000,282.11,319.77664
2021-07-11T18:00:00.000000000,322.23,339.22159
2021-07-11T19:00:00.000000000,346.02,352.86795
2021-07-11T20:00:00.000000000,350.89,360.37697
2021-07-11T21:00:00.000000000,344.95,362.22988
2021-07-11T22:00:00.000000000,342.45,359.48264
2021-07-11T23:00:00.000000000,342.9,354.99852
2021-07-12T00:00:00.000000000,359.33,312.42499
2021-07-12T01:00:00.000000000,337.49,317.60268
2021-07-12T02:00:00.000000000,342.09,325.63183
2021-07-12T03:00:00.000000000,349.87,332.13589
2021-07-12T04:00:00.000000000,352.26,333.89894
2021-07-12T05:00:00.000000000,344.0,328.99972
2021-07-12T06:00:00.000000000,324.32,315.88954
2021-07-12T07:00:00.000000000,297.56,297.2469
2021-07-12T08:00:00.000000000,265.56,275.70049
2021-07-12T09:00:00.000000000,242.34,255.31162
2021-07-12T10:00:00.000000000,228.39,239.64044
2021-07-12T11:00:00.000000000,222.79,231.65
2021-07-12T12:00:00.000000000,219.99,234.53371
2021-07-12T13:00:00.000000000,228.22,248.34397
2021-07-12T14:00:00.000000000,241.55,270.62814
2021-07-12T15:00:00.000000000,261.23,296.6812
2021-07-12T16:00:00.000000000,287.23,321.84116
2021-07-12T17:00:00.000000000,318.84,341.61113
2021-07-12T18:00:00.000000000,346.14,354.17031
2021-07-12T19:00:00.000000000,364.82,360.00229
2021-07-12T20:00:00.000000000,369.11,360.59711
2021-07-12T21:00:00.000000000,367.25,358.68192
2021-07-12T22:00:00.000000000,364.48,356.83807
2021-07-12T23:00:00.000000000,364.41,357.21047
2021-07-13T00:00:00.000000000,346.31,348.27993
2021-07-13T01:00:00.000000000,367.94,348.39329
2021-07-13T02:00:00.000000000,377.52,348.18127
2021-07-13T03:00:00.000000000,385.68,345.28791
2021-07-13T04:00:00.000000000,385.06,338.96518
2021-07-13T05:00:00.000000000,377.38,329.63064
2021-07-13T06:00:00.000000000,355.97,316.99352
2021-07-13T07:00:00.000000000,334.33,303.14598
2021-07-13T08:00:00.000000000,312.28,288.80222
2021-07-13T09:00:00.000000000,296.43,276.05448
2021-07-13T10:00:00.000000000,287.09,266.65407
2021-07-13T11:00:00.000000000,284.35,262.007
2021-07-13T12:00:00.000000000,288.7,264.54727
2021-07-13T13:00:00.000000000,290.98,273.85391
2021-07-13T14:00:00.000000000,294.15,287.55235
2021-07-13T15:00:00.000000000,304.29,301.42547
2021-07-13T16:00:00.000000000,316.55,312.89221
2021-07-13T17:00:00.000000000,335.27,321.1764
2021-07-13T18:00:00.000000000,353.51,327.54031
2021-07-13T19:00:00.000000000,359.08,332.9445
2021-07-13T20:00:00.000000000,354.93,337.56036
2021-07-13T21:00:00.000000000,344.67,341.87858
2021-07-13T22:00:00.000000000,336.8,346.17048
2021-07-13T23:00:00.000000000,338.8,350.76381
2021-07-14T00:00:00.000000000,315.26,335.62883
2021-07-14T01:00:00.000000000,336.62,335.68431
2021-07-14T02:00:00.000000000,339.84,337.09803
2021-07-14T03:00:00.000000000,346.24,339.10644
2021-07-14T04:00:00.000000000,346.65,340.88808
2021-07-14T05:00:00.000000000,348.96,340.37624
2021-07-14T06:00:00.000000000,341.03,335.23867
2021-07-14T07:00:00.000000000,329.34,327.68517
2021-07-14T08:00:00.000000000,317.7,319.09414
2021-07-14T09:00:00.000000000,302.71,311.0974
2021-07-14T10:00:00.000000000,287.25,304.02425
2021-07-14T11:00:00.000000000,271.37,298.75533
2021-07-14T12:00:00.000000000,248.37,297.28457
2021-07-14T13:00:00.000000000,233.75,299.13735
2021-07-14T14:00:00.000000000,238.17,303.68
2021-07-14T15:00:00.000000000,246.03,309.69573
2021-07-14T16:00:00.000000000,263.92,316.54687
2021-07-14T17:00:00.000000000,288.67,322.80514
2021-07-14T18:00:00.000000000,312.84,327.97538
2021-07-14T19:00:00.000000000,325.77,333.04935
2021-07-14T20:00:00.000000000,329.53,338.53386
2021-07-14T21:00:00.000000000,330.45,343.44239
2021-07-14T22:00:00.000000000,314.41,346.36803
2021-07-14T23:00:00.000000000,306.16,347.79521
2021-07-12T00:00:00.000000000,359.33,297.89555
2021-07-12T01:00:00.000000000,337.49,296.77978
2021-07-12T02:00:00.000000000,342.09,300.43511
2021-07-12T03:00:00.000000000,349.87,304.84619
2021-07-12T04:00:00.000000000,352.26,306.17352
2021-07-12T05:00:00.000000000,344.0,300.84854
2021-07-12T06:00:00.000000000,324.32,286.13557
2021-07-12T07:00:00.000000000,297.56,264.47134
2021-07-12T08:00:00.000000000,265.56,238.81379
2021-07-12T09:00:00.000000000,242.34,213.92749
2021-07-12T10:00:00.000000000,228.39,193.97153
2021-07-12T11:00:00.000000000,222.79,181.68483
2021-07-12T12:00:00.000000000,219.99,179.50196
2021-07-12T13:00:00.000000000,228.22,187.87817
2021-07-12T14:00:00.000000000,241.55,206.84651
2021-07-12T15:00:00.000000000,261.23,235.26113
2021-07-12T16:00:00.000000000,287.23,270.15763
2021-07-12T17:00:00.000000000,318.84,304.69114
2021-07-12T18:00:00.000000000,346.14,332.10356
2021-07-12T19:00:00.000000000,364.82,348.7446
2021-07-12T20:00:00.000000000,369.11,354.09201
2021-07-12T21:00:00.000000000,367.25,350.91865
2021-07-12T22:00:00.000000000,364.48,343.11248
2021-07-12T23:00:00.000000000,364.41,335.2713
2021-07-13T00:00:00.000000000,346.31,322.74511
2021-07-13T01:00:00.000000000,367.94,324.0861
2021-07-13T02:00:00.000000000,377.52,326.60011
2021-07-13T03:00:00.000000000,385.68,327.55448
2021-07-13T04:00:00.000000000,385.06,325.06107
2021-07-13T05:00:00.000000000,377.38,317.97587
2021-07-13T06:00:00.000000000,355.97,305.37129
2021-07-13T07:00:00.000000000,334.33,289.84523
2021-07-13T08:00:00.000000000,312.28,273.17609
2021-07-13T09:00:00.000000000,296.43,258.29345
2021-07-13T10:00:00.000000000,287.09,247.37364
2021-07-13T11:00:00.000000000,284.35,242.02558
2021-07-13T12:00:00.000000000,288.7,244.56657
2021-07-13T13:00:00.000000000,290.98,254.79421
2021-07-13T14:00:00.000000000,294.15,270.71121
2021-07-13T15:00:00.000000000,304.29,288.17505
2021-07-13T16:00:00.000000000,316.55,303.56164
2021-07-13T17:00:00.000000000,335.27,314.11189
2021-07-13T18:00:00.000000000,353.51,319.50216
2021-07-13T19:00:00.000000000,359.08,320.8833
2021-07-13T20:00:00.000000000,354.93,319.87816
2021-07-13T21:00:00.000000000,344.67,318.42728
2021-07-13T22:00:00.000000000,336.8,317.86942
2021-07-13T23:00:00.000000000,338.8,319.18923
2021-07-14T00:00:00.000000000,315.26,307.80692
2021-07-14T01:00:00.000000000,336.62,308.61644
2021-07-14T02:00:00.000000000,339.84,308.02301
2021-07-14T03:00:00.000000000,346.24,304.27014
2021-07-14T04:00:00.000000000,346.65,297.67364
2021-07-14T05:00:00.000000000,348.96,289.4232
2021-07-14T06:00:00.000000000,341.03,279.99091
2021-07-14T07:00:00.000000000,329.34,271.90672
2021-07-14T08:00:00.000000000,317.7,265.25522
2021-07-14T09:00:00.000000000,302.71,260.42306
2021-07-14T10:00:00.000000000,287.25,257.02471
2021-07-14T11:00:00.000000000,271.37,255.92258
2021-07-14T12:00:00.000000000,248.37,259.34485
2021-07-14T13:00:00.000000000,233.75,266.79986
2021-07-14T14:00:00.000000000,238.17,276.40978
2021-07-14T15:00:00.000000000,246.03,285.36443
2021-07-14T16:00:00.000000000,263.92,292.92211
2021-07-14T17:00:00.000000000,288.67,299.49116
2021-07-14T18:00:00.000000000,312.84,306.57193
2021-07-14T19:00:00.000000000,325.77,315.45395
2021-07-14T20:00:00.000000000,329.53,325.81096
2021-07-14T21:00:00.000000000,330.45,336.19845
2021-07-14T22:00:00.000000000,314.41,344.90521
2021-07-14T23:00:00.000000000,306.16,351.56862
2021-07-15T00:00:00.000000000,294.53,328.45279
2021-07-15T01:00:00.000000000,302.37,326.09173
2021-07-15T02:00:00.000000000,298.93,326.19512
2021-07-15T03:00:00.000000000,302.66,328.63144
2021-07-15T04:00:00.000000000,305.95,332.88732
2021-07-15T05:00:00.000000000,308.43,336.42739
2021-07-15T06:00:00.000000000,296.03,335.93126
2021-07-15T07:00:00.000000000,274.92,332.71874
2021-07-15T08:00:00.000000000,253.71,327.46341
2021-07-15T09:00:00.000000000,235.85,321.27754
2021-07-15T10:00:00.000000000,223.94,314.29482
2021-07-15T11:00:00.000000000,221.72,307.57449
2021-07-15T12:00:00.000000000,221.48,303.43492
2021-07-15T13:00:00.000000000,220.65,301.82004
2021-07-15T14:00:00.000000000,220.39,302.98281
2021-07-15T15:00:00.000000000,231.59,307.05609
2021-07-15T16:00:00.000000000,249.65,314.46654
2021-07-15T17:00:00.000000000,271.31,323.79518
2021-07-15T18:00:00.000000000,293.61,333.57228
2021-07-15T19:00:00.000000000,306.64,343.57416
2021-07-15T20:00:00.000000000,311.98,352.98363
2021-07-15T21:00:00.000000000,312.57,359.77697
2021-07-15T22:00:00.000000000,305.76,362.18617
2021-07-15T23:00:00.000000000,293.26,361.23215
2021-07-13T00:00:00.000000000,346.31,350.14726
2021-07-13T01:00:00.000000000,367.94,346.13054
2021-07-13T02:00:00.000000000,377.52,344.03341
2021-07-13T03:00:00.000000000,385.68,342.39444
2021-07-13T04:00:00.000000000,385.06,339.79888
2021-07-13T05:00:00.000000000,377.38,334.14056
2021-07-13T06:00:00.000000000,355.97,323.23745
2021-07-13T07:00:00.000000000,334.33,309.1617
2021-07-13T08:00:00.000000000,312.28,293.42026
2021-07-13T09:00:00.000000000,296.43,278.75351
2021-07-13T10:00:00.000000000,287.09,267.16814
2021-07-13T11:00:00.000000000,284.35,259.99466
2021-07-13T12:00:00.000000000,288.7,259.38197
2021-07-13T13:00:00.000000000,290.98,265.20374
2021-07-13T14:00:00.000000000,294.15,276.74133
2021-07-13T15:00:00.000000000,304.29,291.94009
2021-07-13T16:00:00.000000000,316.55,308.58138
2021-07-13T17:00:00.000000000,335.27,323.30591
2021-07-13T18:00:00.000000000,353.51,333.79899
2021-07-13T19:00:00.000000000,359.08,339.55448
2021-07-13T20:00:00.000000000,354.93,341.20802
2021-07-13T21:00:00.000000000,344.67,339.83991
2021-07-13T22:00:00.000000000,336.8,336.51583
2021-07-13T23:00:00.000000000,338.8,333.16719
2021-07-14T00:00:00.000000000,315.26,312.49157
2021-07-14T01:00:00.000000000,336.62,311.19657
2021-07-14T02:00:00.000000000,339.84,308.72441
2021-07-14T03:00:00.000000000,346.24,303.68033
2021-07-14T04:00:00.000000000,346.65,296.53364
2021-07-14T05:00:00.000000000,348.96,288.32974
2021-07-14T06:00:00.000000000,341.03,279.29376
2021-07-14T07:00:00.000000000,329.34,271.77358
2021-07-14T08:00:00.000000000,317.7,265.72932
2021-07-14T09:00:00.000000000,302.71,261.52341
2021-07-14T10:00:00.000000000,287.25,258.78669
2021-07-14T11:00:00.000000000,271.37,258.21199
2021-07-14T12:00:00.000000000,248.37,261.8401
2021-07-14T13:00:00.000000000,233.75,269.12817
2021-07-14T14:00:00.000000000,238.17,278.43866
2021-07-14T15:00:00.000000000,246.03,287.29503
2021-07-14T16:00:00.000000000,263.92,295.04979
2021-07-14T17:00:00.000000000,288.67,301.92239
2021-07-14T18:00:00.000000000,312.84,309.08434
2021-07-14T19:00:00.000000000,325.77,317.51525
2021-07-14T20:00:00.000000000,329.53,326.79159
2021-07-14T21:00:00.000000000,330.45,335.55347
2021-07-14T22:00:00.000000000,314.41,342.33181
2021-07-14T23:00:00.000000000,306.16,347.03323
2021-07-15T00:00:00.000000000,294.53,336.09503
2021-07-15T01:00:00.000000000,302.37,335.39672
2021-07-15T02:00:00.000000000,298.93,335.03975
2021-07-15T03:00:00.000000000,302.66,333.28753
2021-07-15T04:00:00.000000000,305.95,330.07152
2021-07-15T05:00:00.000000000,308.43,325.40799
2021-07-15T06:00:00.000000000,296.03,318.43454
2021-07-15T07:00:00.000000000,274.92,311.38714
2021-07-15T08:00:00.000000000,253.71,304.61983
2021-07-15T09:00:00.000000000,235.85,298.93231
2021-07-15T10:00:00.000000000,223.94,294.56788
2021-07-15T11:00:00.000000000,221.72,292.81634
2021-07-15T12:00:00.000000000,221.48,296.24697
2021-07-15T13:00:00.000000000,220.65,304.07434
2021-07-15T14:00:00.000000000,220.39,314.3168
2021-07-15T15:00:00.000000000,231.59,324.39934
2021-07-15T16:00:00.000000000,249.65,333.51235
2021-07-15T17:00:00.000000000,271.31,341.53147
2021-07-15T18:00:00.000000000,293.61,349.44103
2021-07-15T19:00:00.000000000,306.64,358.27443
2021-07-15T20:00:00.000000000,311.98,367.38888
2021-07-15T21:00:00.000000000,312.57,375.07039
2021-07-15T22:00:00.000000000,305.76,379.93943
2021-07-15T23:00:00.000000000,293.26,382.68551
2021-07-16T00:00:00.000000000,254.95,359.13047
2021-07-16T01:00:00.000000000,290.95,356.61431
2021-07-16T02:00:00.000000000,291.19,357.26112
2021-07-16T03:00:00.000000000,296.42,360.6856
2021-07-16T04:00:00.000000000,304.5,366.25227
2021-07-16T05:00:00.000000000,310.34,371.00277
2021-07-16T06:00:00.000000000,296.07,370.72619
2021-07-16T07:00:00.000000000,279.5,366.16603
2021-07-16T08:00:00.000000000,260.54,357.78682
2021-07-16T09:00:00.000000000,245.43,347.00864
2021-07-16T10:00:00.000000000,232.22,334.92295
2021-07-16T11:00:00.000000000,220.11,323.74702
2021-07-16T12:00:00.000000000,211.06,316.79236
2021-07-16T13:00:00.000000000,206.75,314.09715
2021-07-16T14:00:00.000000000,209.98,315.62559
2021-07-16T15:00:00.000000000,219.05,321.5258
2021-07-16T16:00:00.000000000,236.07,332.4263
2021-07-16T17:00:00.000000000,258.83,346.55961
2021-07-16T18:00:00.000000000,280.53,361.54695
2021-07-16T19:00:00.000000000,293.6,376.13592
2021-07-16T20:00:00.000000000,294.32,388.59327
2021-07-16T21:00:00.000000000,289.59,396.45783
2021-07-16T22:00:00.000000000,278.53,398.19419
2021-07-16T23:00:00.000000000,254.33,395.91186
2021-07-14T00:00:00.000000000,315.26,329.08947
2021-07-14T01:00:00.000000000,336.62,322.87583
2021-07-14T02:00:00.000000000,339.84,318.76323
2021-07-14T03:00:00.000000000,346.24,317.2003
2021-07-14T04:00:00.000000000,346.65,317.82899
2021-07-14T05:00:00.000000000,348.96,318.48571
2021-07-14T06:00:00.000000000,341.03,315.58076
2021-07-14T07:00:00.000000000,329.34,308.95011
2021-07-14T08:00:00.000000000,317.7,298.2422
2021-07-14T09:00:00.000000000,302.71,284.99372
2021-07-14T10:00:00.000000000,287.25,270.73416
2021-07-14T11:00:00.000000000,271.37,256.99489
2021-07-14T12:00:00.000000000,248.37,246.26681
2021-07-14T13:00:00.000000000,233.75,239.5095
2021-07-14T14:00:00.000000000,238.17,237.96094
2021-07-14T15:00:00.000000000,246.03,242.21825
2021-07-14T16:00:00.000000000,263.92,252.69368
2021-07-14T17:00:00.000000000,288.67,267.28056
2021-07-14T18:00:00.000000000,312.84,283.02612
2021-07-14T19:00:00.000000000,325.77,297.20389
2021-07-14T20:00:00.000000000,329.53,307.75187
2021-07-14T21:00:00.000000000,330.45,313.67281
2021-07-14T22:00:00.000000000,314.41,314.74977
2021-07-14T23:00:00.000000000,306.16,312.58054
2021-07-15T00:00:00.000000000,294.53,289.42378
2021-07-15T01:00:00.000000000,302.37,293.62904
2021-07-15T02:00:00.000000000,298.93,299.26819
2021-07-15T03:00:00.000000000,302.66,304.12256
2021-07-15T04:00:00.000000000,305.95,307.13452
2021-07-15T05:00:00.000000000,308.43,307.12204
2021-07-15T06:00:00.000000000,296.03,302.94461
2021-07-15T07:00:00.000000000,274.92,297.36157
2021-07-15T08:00:00.000000000,253.71,291.72711
2021-07-15T09:00:00.000000000,235.85,287.17211
2021-07-15T10:00:00.000000000,223.94,283.60333
2021-07-15T11:00:00.000000000,221.72,282.49925
2021-07-15T12:00:00.000000000,221.48,286.30888
2021-07-15T13:00:00.000000000,220.65,294.32492
2021-07-15T14:00:00.000000000,220.39,304.5726
2021-07-15T15:00:00.000000000,231.59,314.37782
2021-07-15T16:00:00.000000000,249.65,322.48928
2021-07-15T17:00:00.000000000,271.31,327.85329
2021-07-15T18:00:00.000000000,293.61,330.9309
2021-07-15T19:00:00.000000000,306.64,333.87276
2021-07-15T20:00:00.000000000,311.98,337.69353
2021-07-15T21:00:00.000000000,312.57,341.49426
2021-07-15T22:00:00.000000000,305.76,344.12334
2021-07-15T23:00:00.000000000,293.26,346.21311
2021-07-16T00:00:00.000000000,254.95,326.72184
2021-07-16T01:00:00.000000000,290.95,325.73145
2021-07-16T02:00:00.000000000,291.19,326.37405
2021-07-16T03:00:00.000000000,296.42,327.71441
2021-07-16T04:00:00.000000000,304.5,329.51498
2021-07-16T05:00:00.000000000,310.34,330.51293
2021-07-16T06:00:00.000000000,296.07,328.61393
2021-07-16T07:00:00.000000000,279.5,325.74979
2021-07-16T08:00:00.000000000,260.54,322.46153
2021-07-16T09:00:00.000000000,245.43,319.35043
2021-07-16T10:00:00.000000000,232.22,315.97358
2021-07-16T11:00:00.000000000,220.11,313.14867
2021-07-16T12:00:00.000000000,211.06,313.16071
2021-07-16T13:00:00.000000000,206.75,315.57107
2021-07-16T14:00:00.000000000,209.98,319.85511
2021-07-16T15:00:00.000000000,219.05,325.48879
2021-07-16T16:00:00.000000000,236.07,333.00293
2021-07-16T17:00:00.000000000,258.83,341.95573
2021-07-16T18:00:00.000000000,280.53,352.09736
2021-07-16T19:00:00.000000000,293.6,363.79298
2021-07-16T20:00:00.000000000,294.32,375.86124
2021-07-16T21:00:00.000000000,289.59,385.6785
2021-07-16T22:00:00.000000000,278.53,391.04464
2021-07-16T23:00:00.000000000,254.33,392.62021
2021-07-17T00:00:00.000000000,189.1,341.79631
2021-07-17T01:00:00.000000000,220.9,332.4979
2021-07-17T02:00:00.000000000,214.52,324.20697
2021-07-17T03:00:00.000000000,211.09,317.03056
2021-07-17T04:00:00.000000000,209.2,311.83864
2021-07-17T05:00:00.000000000,205.48,308.27201
2021-07-17T06:00:00.000000000,201.46,303.1733
2021-07-17T07:00:00.000000000,193.34,295.28835
2021-07-17T08:00:00.000000000,179.94,282.81885
2021-07-17T09:00:00.000000000,161.53,266.77677
2021-07-17T10:00:00.000000000,149.69,249.46609
2021-07-17T11:00:00.000000000,134.84,233.80183
2021-07-17T12:00:00.000000000,116.75,223.25741
2021-07-17T13:00:00.000000000,106.38,218.46241
2021-07-17T14:00:00.000000000,104.41,219.35785
2021-07-17T15:00:00.000000000,115.28,225.94425
2021-07-17T16:00:00.000000000,137.66,239.68185
2021-07-17T17:00:00.000000000,161.97,259.9969
2021-07-17T18:00:00.000000000,184.07,284.21616
2021-07-17T19:00:00.000000000,202.39,307.74684
2021-07-17T20:00:00.000000000,202.93,325.87281
2021-07-17T21:00:00.000000000,196.21,336.26331
2021-07-17T22:00:00.000000000,184.77,338.76411
2021-07-17T23:00:00.000000000,178.6,336.13455
2021-07-15T00:00:00.000000000,294.53,290.58662
2021-07-15T01:00:00.000000000,302.37,289.30071
2021-07-15T02:00:00.000000000,298.93,291.08577
2021-07-15T03:00:00.000000000,302.66,294.84139
2021-07-15T04:00:00.000000000,305.95,298.88797
2021-07-15T05:00:00.000000000,308.43,300.33574
2021-07-15T06:00:00.000000000,296.03,296.13146
2021-07-15T07:00:00.000000000,274.92,287.45407
2021-07-15T08:00:00.000000000,253.71,275.42698
2021-07-15T09:00:00.000000000,235.85,262.41005
2021-07-15T10:00:00.000000000,223.94,249.99444
2021-07-15T11:00:00.000000000,221.72,239.90845
2021-07-15T12:00:00.000000000,221.48,234.53637
2021-07-15T13:00:00.000000000,220.65,234.43478
2021-07-15T14:00:00.000000000,220.39,239.9522
2021-07-15T15:00:00.000000000,231.59,250.41743
2021-07-15T16:00:00.000000000,249.65,264.79456
2021-07-15T17:00:00.000000000,271.31,279.89675
2021-07-15T18:00:00.000000000,293.61,292.70144
2021-07-15T19:00:00.000000000,306.64,301.99315
2021-07-15T20:00:00.000000000,311.98,307.58329
2021-07-15T21:00:00.000000000,312.57,309.67475
2021-07-15T22:00:00.000000000,305.76,308.65585
2021-07-15T23:00:00.000000000,293.26,306.33102
2021-07-16T00:00:00.000000000,254.95,296.85383
2021-07-16T01:00:00.000000000,290.95,296.92661
2021-07-16T02:00:00.000000000,291.19,298.41096
2021-07-16T03:00:00.000000000,296.42,299.89098
2021-07-16T04:00:00.000000000,304.5,300.47234
2021-07-16T05:00:00.000000000,310.34,298.88018
2021-07-16T06:00:00.000000000,296.07,293.39944
2021-07-16T07:00:00.000000000,279.5,285.67579
2021-07-16T08:00:00.000000000,260.54,276.35863
2021-07-16T09:00:00.000000000,245.43,266.87398
2021-07-16T10:00:00.000000000,232.22,257.91933
2021-07-16T11:00:00.000000000,220.11,250.9801
2021-07-16T12:00:00.000000000,211.06,248.51001
2021-07-16T13:00:00.000000000,206.75,250.75077
2021-07-16T14:00:00.000000000,209.98,257.19519
2021-07-16T15:00:00.000000000,219.05,266.45404
2021-07-16T16:00:00.000000000,236.07,277.84966
2021-07-16T17:00:00.000000000,258.83,289.76071
2021-07-16T18:00:00.000000000,280.53,300.99726
2021-07-16T19:00:00.000000000,293.6,311.24838
2021-07-16T20:00:00.000000000,294.32,319.96956
2021-07-16T21:00:00.000000000,289.59,326.38746
2021-07-16T22:00:00.000000000,278.53,329.88821
2021-07-16T23:00:00.000000000,254.33,331.45028
2021-07-17T00:00:00.000000000,189.1,302.01984
2021-07-17T01:00:00.000000000,220.9,296.76896
2021-07-17T02:00:00.000000000,214.52,289.95136
2021-07-17T03:00:00.000000000,211.09,281.10324
2021-07-17T04:00:00.000000000,209.2,271.00418
2021-07-17T05:00:00.000000000,205.48,260.27257
2021-07-17T06:00:00.000000000,201.46,248.35175
2021-07-17T07:00:00.000000000,193.34,236.65876
2021-07-17T08:00:00.000000000,179.94,224.78392
2021-07-17T09:00:00.000000000,161.53,213.62743
2021-07-17T10:00:00.000000000,149.69,203.4765
2021-07-17T11:00:00.000000000,134.84,195.26147
2021-07-17T12:00:00.000000000,116.75,190.96077
2021-07-17T13:00:00.000000000,106.38,190.9962
2021-07-17T14:00:00.000000000,104.41,195.41181
2021-07-17T15:00:00.000000000,115.28,203.50021
2021-07-17T16:00:00.000000000,137.66,215.55897
2021-07-17T17:00:00.000000000,161.97,230.88947
2021-07-17T18:00:00.000000000,184.07,248.0943
2021-07-17T19:00:00.000000000,202.39,265.01999
2021-07-17T20:00:00.000000000,202.93,279.69908
2021-07-17T21:00:00.000000000,196.21,291.19728
2021-07-17T22:00:00.000000000,184.77,298.62718
2021-07-17T23:00:00.000000000,178.6,302.67304
2021-07-18T00:00:00.000000000,214.42,238.75866
2021-07-18T01:00:00.000000000,168.51,234.50475
2021-07-18T02:00:00.000000000,166.42,232.92706
2021-07-18T03:00:00.000000000,168.04,232.42622
2021-07-18T04:00:00.000000000,171.59,233.01763
2021-07-18T05:00:00.000000000,174.96,233.75072
2021-07-18T06:00:00.000000000,165.43,231.95926
2021-07-18T07:00:00.000000000,136.07,226.97977
2021-07-18T08:00:00.000000000,115.72,217.14105
2021-07-18T09:00:00.000000000,102.92,203.09611
2021-07-18T10:00:00.000000000,93.62,186.73151
2021-07-18T11:00:00.000000000,88.38,171.84995
2021-07-18T12:00:00.000000000,87.71,162.35581
2021-07-18T13:00:00.000000000,89.76,159.21232
2021-07-18T14:00:00.000000000,91.78,162.64169
2021-07-18T15:00:00.000000000,95.87,173.43904
2021-07-18T16:00:00.000000000,106.23,193.38596
2021-07-18T17:00:00.000000000,145.1,221.20886
2021-07-18T18:00:00.000000000,186.72,252.78915
2021-07-18T19:00:00.000000000,213.78,282.86115
2021-07-18T20:00:00.000000000,224.56,305.9403
2021-07-18T21:00:00.000000000,224.96,319.09819
2021-07-18T22:00:00.000000000,226.85,322.22378
2021-07-18T23:00:00.000000000,227.8,319.39855
2021-07-16T00:00:00.000000000,254.95,288.81616
2021-07-16T01:00:00.000000000,290.95,282.4955
2021-07-16T02:00:00.000000000,291.19,279.41458
2021-07-16T03:00:00.000000000,296.42,279.11906
2021-07-16T04:00:00.000000000,304.5,280.37912
2021-07-16T05:00:00.000000000,310.34,280.40553
2021-07-16T06:00:00.000000000,296.07,275.67054
2021-07-16T07:00:00.000000000,279.5,266.43087
2021-07-16T08:00:00.000000000,260.54,252.98375
2021-07-16T09:00:00.000000000,245.43,237.61453
2021-07-16T10:00:00.000000000,232.22,222.35308
2021-07-16T11:00:00.000000000,220.11,209.1047
2021-07-16T12:00:00.000000000,211.06,200.14241
2021-07-16T13:00:00.000000000,206.75,196.27952
2021-07-16T14:00:00.000000000,209.98,198.87982
2021-07-16T15:00:00.000000000,219.05,208.78531
2021-07-16T16:00:00.000000000,236.07,226.08226
2021-07-16T17:00:00.000000000,258.83,247.33949
2021-07-16T18:00:00.000000000,280.53,267.81008
2021-07-16T19:00:00.000000000,293.6,283.73725
2021-07-16T20:00:00.000000000,294.32,293.07771
2021-07-16T21:00:00.000000000,289.59,295.74122
2021-07-16T22:00:00.000000000,278.53,292.74659
2021-07-16T23:00:00.000000000,254.33,287.05154
2021-07-17T00:00:00.000000000,189.1,268.59461
2021-07-17T01:00:00.000000000,220.9,264.96627
2021-07-17T02:00:00.000000000,214.52,261.30192
2021-07-17T03:00:00.000000000,211.09,256.51998
2021-07-17T04:00:00.000000000,209.2,250.4904
2021-07-17T05:00:00.000000000,205.48,243.12218
2021-07-17T06:00:00.000000000,201.46,233.76837
2021-07-17T07:00:00.000000000,193.34,223.96014
2021-07-17T08:00:00.000000000,179.94,213.57683
2021-07-17T09:00:00.000000000,161.53,203.78525
2021-07-17T10:00:00.000000000,149.69,195.00966
2021-07-17T11:00:00.000000000,134.84,188.03127
2021-07-17T12:00:00.000000000,116.75,184.58676
2021-07-17T13:00:00.000000000,106.38,185.35524
2021-07-17T14:00:00.000000000,104.41,190.92642
2021-07-17T15:00:00.000000000,115.28,200.91121
2021-07-17T16:00:00.000000000,137.66,215.12531
2021-07-17T17:00:00.000000000,161.97,231.96642
2021-07-17T18:00:00.000000000,184.07,249.30435
2021-07-17T19:00:00.000000000,202.39,264.95379
2021-07-17T20:00:00.000000000,202.93,277.24665
2021-07-17T21:00:00.000000000,196.21,285.89464
2021-07-17T22:00:00.000000000,184.77,290.81635
2021-07-17T23:00:00.000000000,178.6,293.07705
2021-07-18T00:00:00.000000000,214.42,252.48917
2021-07-18T01:00:00.000000000,168.51,250.99246
2021-07-18T02:00:00.000000000,166.42,250.06995
2021-07-18T03:00:00.000000000,168.04,247.75927
2021-07-18T04:00:00.000000000,171.59,243.78717
2021-07-18T05:00:00.000000000,174.96,238.17761
2021-07-18T06:00:00.000000000,165.43,230.15421
2021-07-18T07:00:00.000000000,136.07,220.99511
2021-07-18T08:00:00.000000000,115.72,210.24469
2021-07-18T09:00:00.000000000,102.92,198.78242
2021-07-18T10:00:00.000000000,93.62,187.44758
2021-07-18T11:00:00.000000000,88.38,178.28033
2021-07-18T12:00:00.000000000,87.71,173.90247
2021-07-18T13:00:00.000000000,89.76,175.03191
2021-07-18T14:00:00.000000000,91.78,181.71669
2021-07-18T15:00:00.000000000,95.87,193.57202
2021-07-18T16:00:00.000000000,106.23,210.88321
2021-07-18T17:00:00.000000000,145.1,232.29257
2021-07-18T18:00:00.000000000,186.72,255.37507
2021-07-18T19:00:00.000000000,213.78,277.18082
2021-07-18T20:00:00.000000000,224.56,294.63052
2021-07-18T21:00:00.000000000,224.96,306.45771
2021-07-18T22:00:00.000000000,226.85,312.52615
2021-07-18T23:00:00.000000000,227.8,314.87881
2021-07-19T00:00:00.000000000,309.74,266.55131
2021-07-19T01:00:00.000000000,233.09,262.47638
2021-07-19T02:00:00.000000000,244.38,262.86639
2021-07-19T03:00:00.000000000,256.46,265.45584
2021-07-19T04:00:00.000000000,273.32,269.63315
2021-07-19T05:00:00.000000000,285.01,274.10941
2021-07-19T06:00:00.000000000,279.57,275.64972
2021-07-19T07:00:00.000000000,255.64,273.398
2021-07-19T08:00:00.000000000,230.6,265.47771
2021-07-19T09:00:00.000000000,217.43,252.14058
2021-07-19T10:00:00.000000000,211.07,235.46414
2021-07-19T11:00:00.000000000,203.98,219.97123
2021-07-19T12:00:00.000000000,197.91,210.52487
2021-07-19T13:00:00.000000000,197.31,208.35671
2021-07-19T14:00:00.000000000,206.91,213.64279
2021-07-19T15:00:00.000000000,227.44,227.35551
2021-07-19T16:00:00.000000000,252.55,251.3148
2021-07-19T17:00:00.000000000,281.19,283.43596
2021-07-19T18:00:00.000000000,312.0,318.59525
2021-07-19T19:00:00.000000000,335.81,351.20957
2021-07-19T20:00:00.000000000,338.62,375.30652
2021-07-19T21:00:00.000000000,339.09,387.31689
2021-07-19T22:00:00.000000000,337.67,387.44097
2021-07-19T23:00:00.000000000,336.89,380.74905
2021-07-17T00:00:00.000000000,189.1,242.55641
2021-07-17T01:00:00.000000000,220.9,235.72965
2021-07-17T02:00:00.000000000,214.52,231.07466
2021-07-17T03:00:00.000000000,211.09,228.47265
2021-07-17T04:00:00.000000000,209.2,228.26051
2021-07-17T05:00:00.000000000,205.48,229.13946
2021-07-17T06:00:00.000000000,201.46,228.18423
2021-07-17T07:00:00.000000000,193.34,224.41005
2021-07-17T08:00:00.000000000,179.94,215.96313
2021-07-17T09:00:00.000000000,161.53,203.48316
2021-07-17T10:00:00.000000000,149.69,188.37727
2021-07-17T11:00:00.000000000,134.84,173.4103
2021-07-17T12:00:00.000000000,116.75,161.75573
2021-07-17T13:00:00.000000000,106.38,154.55009
2021-07-17T14:00:00.000000000,104.41,152.97838
2021-07-17T15:00:00.000000000,115.28,158.22198
2021-07-17T16:00:00.000000000,137.66,171.94025
2021-07-17T17:00:00.000000000,161.97,192.97075
2021-07-17T18:00:00.000000000,184.07,217.61691
2021-07-17T19:00:00.000000000,202.39,241.13076
2021-07-17T20:00:00.000000000,202.93,259.08943
2021-07-17T21:00:00.000000000,196.21,269.19499
2021-07-17T22:00:00.000000000,184.77,271.14565
2021-07-17T23:00:00.000000000,178.6,268.10014
2021-07-18T00:00:00.000000000,214.42,224.2007
2021-07-18T01:00:00.000000000,168.51,223.12291
2021-07-18T02:00:00.000000000,166.42,224.39203
2021-07-18T03:00:00.000000000,168.04,225.77387
2021-07-18T04:00:00.000000000,171.59,226.53978
2021-07-18T05:00:00.000000000,174.96,225.49971
2021-07-18T06:00:00.000000000,165.43,220.66936
2021-07-18T07:00:00.000000000,136.07,212.57906
2021-07-18T08:00:00.000000000,115.72,200.78903
2021-07-18T09:00:00.000000000,102.92,186.64777
2021-07-18T10:00:00.000000000,93.62,171.96629
2021-07-18T11:00:00.000000000,88.38,159.92689
2021-07-18T12:00:00.000000000,87.71,153.68326
2021-07-18T13:00:00.000000000,89.76,153.91809
2021-07-18T14:00:00.000000000,91.78,160.62254
2021-07-18T15:00:00.000000000,95.87,173.76003
2021-07-18T16:00:00.000000000,106.23,193.71836
2021-07-18T17:00:00.000000000,145.1,218.51167
2021-07-18T18:00:00.000000000,186.72,244.59243
2021-07-18T19:00:00.000000000,213.78,268.14779
2021-07-18T20:00:00.000000000,224.56,285.43668
2021-07-18T21:00:00.000000000,224.96,295.05316
2021-07-18T22:00:00.000000000,226.85,297.52762
2021-07-18T23:00:00.000000000,227.8,296.3942
2021-07-19T00:00:00.000000000,309.74,267.30575
2021-07-19T01:00:00.000000000,233.09,267.48192
2021-07-19T02:00:00.000000000,244.38,269.2089
2021-07-19T03:00:00.000000000,256.46,269.6748
2021-07-19T04:00:00.000000000,273.32,267.98795
2021-07-19T05:00:00.000000000,285.01,264.08109
2021-07-19T06:00:00.000000000,279.57,257.2169
2021-07-19T07:00:00.000000000,255.64,248.99896
2021-07-19T08:00:00.000000000,230.6,239.17111
2021-07-19T09:00:00.000000000,217.43,228.50122
2021-07-19T10:00:00.000000000,211.07,217.88582
2021-07-19T11:00:00.000000000,203.98,209.77318
2021-07-19T12:00:00.000000000,197.91,207.38396
2021-07-19T13:00:00.000000000,197.31,211.51695
2021-07-19T14:00:00.000000000,206.91,221.78119
2021-07-19T15:00:00.000000000,227.44,237.31585
2021-07-19T16:00:00.000000000,252.55,257.93597
2021-07-19T17:00:00.000000000,281.19,281.65037
2021-07-19T18:00:00.000000000,312.0,305.73871
2021-07-19T19:00:00.000000000,335.81,327.74932
2021-07-19T20:00:00.000000000,338.62,344.9552
2021-07-19T21:00:00.000000000,339.09,355.97728
2021-07-19T22:00:00.000000000,337.67,360.81745
2021-07-19T23:00:00.000000000,336.89,361.78662
2021-07-20T00:00:00.000000000,331.35,321.94351
2021-07-20T01:00:00.000000000,336.07,310.23446
2021-07-20T02:00:00.000000000,348.03,301.34495
2021-07-20T03:00:00.000000000,354.79,295.01309
2021-07-20T04:00:00.000000000,359.35,291.9776
2021-07-20T05:00:00.000000000,350.35,291.37669
2021-07-20T06:00:00.000000000,322.94,288.80817
2021-07-20T07:00:00.000000000,282.1,281.39539
2021-07-20T08:00:00.000000000,244.27,266.31754
2021-07-20T09:00:00.000000000,224.63,244.71279
2021-07-20T10:00:00.000000000,216.38,220.3223
2021-07-20T11:00:00.000000000,209.4,198.23342
2021-07-20T12:00:00.000000000,199.88,183.07586
2021-07-20T13:00:00.000000000,195.64,175.46118
2021-07-20T14:00:00.000000000,200.44,175.01515
2021-07-20T15:00:00.000000000,215.68,182.47328
2021-07-20T16:00:00.000000000,241.57,200.80754
2021-07-20T17:00:00.000000000,279.98,229.75656
2021-07-20T18:00:00.000000000,320.55,264.97209
2021-07-20T19:00:00.000000000,343.47,298.80342
2021-07-20T20:00:00.000000000,347.55,323.4775
2021-07-20T21:00:00.000000000,344.4,335.26933
2021-07-20T22:00:00.000000000,336.16,334.5866
2021-07-20T23:00:00.000000000,331.23,326.69088
2021-07-18T00:00:00.000000000,214.42,172.4765
2021-07-18T01:00:00.000000000,168.51,169.22843
2021-07-18T02:00:00.000000000,166.42,169.15799
2021-07-18T03:00:00.000000000,168.04,170.79014
2021-07-18T04:00:00.000000000,171.59,174.63601
2021-07-18T05:00:00.000000000,174.96,178.98718
2021-07-18T06:00:00.000000000,165.43,180.6072
2021-07-18T07:00:00.000000000,136.07,177.97683
2021-07-18T08:00:00.000000000,115.72,168.81939
2021-07-18T09:00:00.000000000,102.92,153.6329
2021-07-18T10:00:00.000000000,93.62,134.7876
2021-07-18T11:00:00.000000000,88.38,117.44731
2021-07-18T12:00:00.000000000,87.71,106.25742
2021-07-18T13:00:00.000000000,89.76,102.09916
2021-07-18T14:00:00.000000000,91.78,104.61066
2021-07-18T15:00:00.000000000,95.87,114.12976
2021-07-18T16:00:00.000000000,106.23,132.18474
2021-07-18T17:00:00.000000000,145.1,157.81855
2021-07-18T18:00:00.000000000,186.72,187.20509
2021-07-18T19:00:00.000000000,213.78,215.22615
2021-07-18T20:00:00.000000000,224.56,236.2102
2021-07-18T21:00:00.000000000,224.96,246.88216
2021-07-18T22:00:00.000000000,226.85,247.24616
2021-07-18T23:00:00.000000000,227.8,242.71525
2021-07-19T00:00:00.000000000,309.74,223.37189
2021-07-19T01:00:00.000000000,233.09,223.53587
2021-07-19T02:00:00.000000000,244.38,226.77473
2021-07-19T03:00:00.000000000,256.46,230.03091
2021-07-19T04:00:00.000000000,273.32,231.83827
2021-07-19T05:00:00.000000000,285.01,230.80529
2021-07-19T06:00:00.000000000,279.57,225.21789
2021-07-19T07:00:00.000000000,255.64,216.22243
2021-07-19T08:00:00.000000000,230.6,203.95484
2021-07-19T09:00:00.000000000,217.43,190.06032
2021-07-19T10:00:00.000000000,211.07,176.43167
2021-07-19T11:00:00.000000000,203.98,166.02709
2021-07-19T12:00:00.000000000,197.91,161.92413
2021-07-19T13:00:00.000000000,197.31,165.04403
2021-07-19T14:00:00.000000000,206.91,175.62073
2021-07-19T15:00:00.000000000,227.44,193.59962
2021-07-19T16:00:00.000000000,252.55,218.58739
2021-07-19T17:00:00.000000000,281.19,247.28526
2021-07-19T18:00:00.000000000,312.0,275.20219
2021-07-19T19:00:00.000000000,335.81,298.63418
2021-07-19T20:00:00.000000000,338.62,314.45113
2021-07-19T21:00:00.000000000,339.09,322.05857
2021-07-19T22:00:00.000000000,337.67,322.76669
2021-07-19T23:00:00.000000000,336.89,320.34497
2021-07-20T00:00:00.000000000,331.35,307.51863
2021-07-20T01:00:00.000000000,336.07,301.16979
2021-07-20T02:00:00.000000000,348.03,295.49665
2021-07-20T03:00:00.000000000,354.79,289.39964
2021-07-20T04:00:00.000000000,359.35,283.00049
2021-07-20T05:00:00.000000000,350.35,275.87032
2021-07-20T06:00:00.000000000,322.94,265.71235
2021-07-20T07:00:00.000000000,282.1,252.47365
2021-07-20T08:00:00.000000000,244.27,235.44228
2021-07-20T09:00:00.000000000,224.63,216.40241
2021-07-20T10:00:00.000000000,216.38,197.83724
2021-07-20T11:00:00.000000000,209.4,183.02668
2021-07-20T12:00:00.000000000,199.88,175.17633
2021-07-20T13:00:00.000000000,195.64,174.43285
2021-07-20T14:00:00.000000000,200.44,179.94975
2021-07-20T15:00:00.000000000,215.68,190.8775
2021-07-20T16:00:00.000000000,241.57,207.99756
2021-07-20T17:00:00.000000000,279.98,230.33327
2021-07-20T18:00:00.000000000,320.55,255.14346
2021-07-20T19:00:00.000000000,343.47,278.05973
2021-07-20T20:00:00.000000000,347.55,294.98933
2021-07-20T21:00:00.000000000,344.4,304.45724
2021-07-20T22:00:00.000000000,336.16,306.79366
2021-07-20T23:00:00.000000000,331.23,305.19109
2021-07-21T00:00:00.000000000,351.92,279.56723
2021-07-21T01:00:00.000000000,328.18,269.68807
2021-07-21T02:00:00.000000000,328.5,264.16857
2021-07-21T03:00:00.000000000,332.44,261.46023
2021-07-21T04:00:00.000000000,340.5,261.95715
2021-07-21T05:00:00.000000000,334.4,265.32671
2021-07-21T06:00:00.000000000,313.9,267.99397
2021-07-21T07:00:00.000000000,283.31,267.10398
2021-07-21T08:00:00.000000000,256.01,258.77739
2021-07-21T09:00:00.000000000,236.35,242.76823
2021-07-21T10:00:00.000000000,226.31,222.03936
2021-07-21T11:00:00.000000000,217.66,201.826
2021-07-21T12:00:00.000000000,210.07,187.59367
2021-07-21T13:00:00.000000000,210.77,181.05422
2021-07-21T14:00:00.000000000,220.89,182.87542
2021-07-21T15:00:00.000000000,241.38,194.75141
2021-07-21T16:00:00.000000000,272.21,219.67643
2021-07-21T17:00:00.000000000,309.28,256.37897
2021-07-21T18:00:00.000000000,346.22,298.92822
2021-07-21T19:00:00.000000000,367.38,339.01486
2021-07-21T20:00:00.000000000,370.66,367.99627
2021-07-21T21:00:00.000000000,369.1,381.47025
2021-07-21T22:00:00.000000000,361.66,380.19375
2021-07-21T23:00:00.000000000,360.35,370.35222
2021-07-19T00:00:00.000000000,309.74,233.43219
2021-07-19T01:00:00.000000000,233.09,227.65212
2021-07-19T02:00:00.000000000,244.38,224.76477
2021-07-19T03:00:00.000000000,256.46,222.91555
2021-07-19T04:00:00.000000000,273.32,221.87929
2021-07-19T05:00:00.000000000,285.01,220.2797
2021-07-19T06:00:00.000000000,279.57,215.55678
2021-07-19T07:00:00.000000000,255.64,207.67449
2021-07-19T08:00:00.000000000,230.6,195.61618
2021-07-19T09:00:00.000000000,217.43,180.49417
2021-07-19T10:00:00.000000000,211.07,164.2679
2021-07-19T11:00:00.000000000,203.98,150.36616
2021-07-19T12:00:00.000000000,197.91,142.27257
2021-07-19T13:00:00.000000000,197.31,140.84336
2021-07-19T14:00:00.000000000,206.91,146.61925
2021-07-19T15:00:00.000000000,227.44,160.60754
2021-07-19T16:00:00.000000000,252.55,184.08222
2021-07-19T17:00:00.000000000,281.19,214.65023
2021-07-19T18:00:00.000000000,312.0,247.18728
2021-07-19T19:00:00.000000000,335.81,276.03432
2021-07-19T20:00:00.000000000,338.62,296.09281
2021-07-19T21:00:00.000000000,339.09,305.28609
2021-07-19T22:00:00.000000000,337.67,304.44778
2021-07-19T23:00:00.000000000,336.89,298.52869
2021-07-20T00:00:00.000000000,331.35,299.81459
2021-07-20T01:00:00.000000000,336.07,291.94967
2021-07-20T02:00:00.000000000,348.03,285.42876
2021-07-20T03:00:00.000000000,354.79,279.02366
2021-07-20T04:00:00.000000000,359.35,272.62011
2021-07-20T05:00:00.000000000,350.35,264.97787
2021-07-20T06:00:00.000000000,322.94,253.5052
2021-07-20T07:00:00.000000000,282.1,238.42664
2021-07-20T08:00:00.000000000,244.27,219.33601
2021-07-20T09:00:00.000000000,224.63,198.25983
2021-07-20T10:00:00.000000000,216.38,177.87369
2021-07-20T11:00:00.000000000,209.4,161.81277
2021-07-20T12:00:00.000000000,199.88,153.45546
2021-07-20T13:00:00.000000000,195.64,152.87339
2021-07-20T14:00:00.000000000,200.44,159.28
2021-07-20T15:00:00.000000000,215.68,172.0457
2021-07-20T16:00:00.000000000,241.57,191.88089
2021-07-20T17:00:00.000000000,279.98,217.02792
2021-07-20T18:00:00.000000000,320.55,243.65642
2021-07-20T19:00:00.000000000,343.47,266.88561
2021-07-20T20:00:00.000000000,347.55,282.7013
2021-07-20T21:00:00.000000000,344.4,289.696
2021-07-20T22:00:00.000000000,336.16,288.51806
2021-07-20T23:00:00.000000000,331.23,283.50348
2021-07-21T00:00:00.000000000,351.92,297.39018
2021-07-21T01:00:00.000000000,328.18,287.24747
2021-07-21T02:00:00.000000000,328.5,279.8818
2021-07-21T03:00:00.000000000,332.44,273.65421
2021-07-21T04:00:00.000000000,340.5,268.33909
2021-07-21T05:00:00.000000000,334.4,263.36411
2021-07-21T06:00:00.000000000,313.9,256.21378
2021-07-21T07:00:00.000000000,283.31,246.0681
2021-07-21T08:00:00.000000000,256.01,231.25361
2021-07-21T09:00:00.000000000,236.35,213.27552
2021-07-21T10:00:00.000000000,226.31,195.13945
2021-07-21T11:00:00.000000000,217.66,180.08444
2021-07-21T12:00:00.000000000,210.07,171.48765
2021-07-21T13:00:00.000000000,210.77,170.14384
2021-07-21T14:00:00.000000000,220.89,176.68441
2021-07-21T15:00:00.000000000,241.38,192.03858
2021-07-21T16:00:00.000000000,272.21,217.5734
2021-07-21T17:00:00.000000000,309.28,250.95187
2021-07-21T18:00:00.000000000,346.22,286.61923
2021-07-21T19:00:00.000000000,367.38,317.67038
2021-07-21T20:00:00.000000000,370.66,338.16669
2021-07-21T21:00:00.000000000,369.1,346.35427
2021-07-21T22:00:00.000000000,361.66,343.91451
2021-07-21T23:00:00.000000000,360.35,335.86913
2021-07-22T00:00:00.000000000,354.97,329.32717
2021-07-22T01:00:00.000000000,357.14,315.91069
2021-07-22T02:00:00.000000000,360.28,307.48969
2021-07-22T03:00:00.000000000,364.33,303.46485
2021-07-22T04:00:00.000000000,365.81,302.35738
2021-07-22T05:00:00.000000000,355.37,300.87268
2021-07-22T06:00:00.000000000,328.47,294.00873
2021-07-22T07:00:00.000000000,297.95,280.02387
2021-07-22T08:00:00.000000000,264.64,258.18333
2021-07-22T09:00:00.000000000,234.41,231.74727
2021-07-22T10:00:00.000000000,218.91,205.43064
2021-07-22T11:00:00.000000000,214.18,182.97355
2021-07-22T12:00:00.000000000,214.24,167.39554
2021-07-22T13:00:00.000000000,218.42,159.39273
2021-07-22T14:00:00.000000000,230.33,160.36519
2021-07-22T15:00:00.000000000,250.77,172.18181
2021-07-22T16:00:00.000000000,276.63,196.58092
2021-07-22T17:00:00.000000000,311.66,230.22125
2021-07-22T18:00:00.000000000,341.76,265.88804
2021-07-22T19:00:00.000000000,359.96,295.26776
2021-07-22T20:00:00.000000000,362.49,312.34887
2021-07-22T21:00:00.000000000,358.2,315.98418
2021-07-22T22:00:00.000000000,353.99,308.47766
2021-07-22T23:00:00.000000000,353.79,295.59096
2021-07-20T00:00:00.000000000,331.35,343.42931
2021-07-20T01:00:00.000000000,336.07,332.85434
2021-07-20T02:00:00.000000000,348.03,322.88139
2021-07-20T03:00:00.000000000,354.79,312.83142
2021-07-20T04:00:00.000000000,359.35,303.22688
2021-07-20T05:00:00.000000000,350.35,292.95785
2021-07-20T06:00:00.000000000,322.94,278.88855
2021-07-20T07:00:00.000000000,282.1,261.113
2021-07-20T08:00:00.000000000,244.27,239.43589
2021-07-20T09:00:00.000000000,224.63,216.13057
2021-07-20T10:00:00.000000000,216.38,194.1572
2021-07-20T11:00:00.000000000,209.4,177.11626
2021-07-20T12:00:00.000000000,199.88,168.26181
2021-07-20T13:00:00.000000000,195.64,167.15588
2021-07-20T14:00:00.000000000,200.44,172.77437
2021-07-20T15:00:00.000000000,215.68,184.95329
2021-07-20T16:00:00.000000000,241.57,205.30848
2021-07-20T17:00:00.000000000,279.98,232.48949
2021-07-20T18:00:00.000000000,320.55,262.42242
2021-07-20T19:00:00.000000000,343.47,289.52036
2021-07-20T20:00:00.000000000,347.55,308.96342
2021-07-20T21:00:00.000000000,344.4,318.65323
2021-07-20T22:00:00.000000000,336.16,318.75683
2021-07-20T23:00:00.000000000,331.23,313.67281
2021-07-21T00:00:00.000000000,351.92,311.49938
2021-07-21T01:00:00.000000000,328.18,302.55263
2021-07-21T02:00:00.000000000,328.5,296.46862
2021-07-21T03:00:00.000000000,332.44,291.3713
2021-07-21T04:00:00.000000000,340.5,286.78827
2021-07-21T05:00:00.000000000,334.4,281.57033
2021-07-21T06:00:00.000000000,313.9,272.64899
2021-07-21T07:00:00.000000000,283.31,259.46916
2021-07-21T08:00:00.000000000,256.01,241.06694
2021-07-21T09:00:00.000000000,236.35,219.42755
2021-07-21T10:00:00.000000000,226.31,198.01222
2021-07-21T11:00:00.000000000,217.66,180.89424
2021-07-21T12:00:00.000000000,210.07,171.91726
2021-07-21T13:00:00.000000000,210.77,171.5305
2021-07-21T14:00:00.000000000,220.89,179.43397
2021-07-21T15:00:00.000000000,241.38,195.79193
2021-07-21T16:00:00.000000000,272.21,221.66926
2021-07-21T17:00:00.000000000,309.28,254.60795
2021-07-21T18:00:00.000000000,346.22,289.28254
2021-07-21T19:00:00.000000000,367.38,319.20887
2021-07-21T20:00:00.000000000,370.66,338.78478
2021-07-21T21:00:00.000000000,369.1,346.25417
2021-07-21T22:00:00.000000000,361.66,343.19217
2021-07-21T23:00:00.000000000,360.35,334.99766
2021-07-22T00:00:00.000000000,354.97,329.19977
2021-07-22T01:00:00.000000000,357.14,320.65631
2021-07-22T02:00:00.000000000,360.28,315.48015
2021-07-22T03:00:00.000000000,364.33,311.47892
2021-07-22T04:00:00.000000000,365.81,306.89242
2021-07-22T05:00:00.000000000,355.37,299.09566
2021-07-22T06:00:00.000000000,328.47,284.85385
2021-07-22T07:00:00.000000000,297.95,264.94989
2021-07-22T08:00:00.000000000,264.64,240.25176
2021-07-22T09:00:00.000000000,234.41,214.08691
2021-07-22T10:00:00.000000000,218.91,190.36681
2021-07-22T11:00:00.000000000,214.18,172.80472
2021-07-22T12:00:00.000000000,214.24,164.57362
2021-07-22T13:00:00.000000000,218.42,165.75283
2021-07-22T14:00:00.000000000,230.33,175.97747
2021-07-22T15:00:00.000000000,250.77,194.85111
2021-07-22T16:00:00.000000000,276.63,222.10361
2021-07-22T17:00:00.000000000,311.66,253.70521
2021-07-22T18:00:00.000000000,341.76,283.72147
2021-07-22T19:00:00.000000000,359.96,306.56338
2021-07-22T20:00:00.000000000,362.49,318.67433
2021-07-22T21:00:00.000000000,358.2,319.95873
2021-07-22T22:00:00.000000000,353.99,312.75879
2021-07-22T23:00:00.000000000,353.79,302.63112
2021-07-23T00:00:00.000000000,309.18,298.18715
2021-07-23T01:00:00.000000000,350.18,287.17891
2021-07-23T02:00:00.000000000,356.01,281.45234
2021-07-23T03:00:00.000000000,360.56,279.854
2021-07-23T04:00:00.000000000,360.98,281.48715
2021-07-23T05:00:00.000000000,352.57,284.33258
2021-07-23T06:00:00.000000000,325.55,283.70487
2021-07-23T07:00:00.000000000,290.27,276.6434
2021-07-23T08:00:00.000000000,257.6,260.65967
2021-07-23T09:00:00.000000000,231.92,237.70105
2021-07-23T10:00:00.000000000,218.74,212.33461
2021-07-23T11:00:00.000000000,215.59,189.38207
2021-07-23T12:00:00.000000000,212.36,173.17651
2021-07-23T13:00:00.000000000,212.58,165.06454
2021-07-23T14:00:00.000000000,222.98,166.14508
2021-07-23T15:00:00.000000000,244.8,178.09051
2021-07-23T16:00:00.000000000,279.57,203.09807
2021-07-23T17:00:00.000000000,323.97,238.75668
2021-07-23T18:00:00.000000000,359.87,278.29259
2021-07-23T19:00:00.000000000,370.56,313.01381
2021-07-23T20:00:00.000000000,362.35,335.41271
2021-07-23T21:00:00.000000000,348.9,343.12311
2021-07-23T22:00:00.000000000,328.69,338.19897
2021-07-23T23:00:00.000000000,303.08,326.65253
2021-07-21T00:00:00.000000000,351.92,343.64155
2021-07-21T01:00:00.000000000,328.18,334.57608
2021-07-21T02:00:00.000000000,328.5,327.46351
2021-07-21T03:00:00.000000000,332.44,320.3174
2021-07-21T04:00:00.000000000,340.5,312.06533
2021-07-21T05:00:00.000000000,334.4,301.3833
2021-07-21T06:00:00.000000000,313.9,285.96373
2021-07-21T07:00:00.000000000,283.31,267.02854
2021-07-21T08:00:00.000000000,256.01,245.45018
2021-07-21T09:00:00.000000000,236.35,224.37788
2021-07-21T10:00:00.000000000,226.31,206.96764
2021-07-21T11:00:00.000000000,217.66,195.14433
2021-07-21T12:00:00.000000000,210.07,191.08856
2021-07-21T13:00:00.000000000,210.77,194.88647
2021-07-21T14:00:00.000000000,220.89,206.84583
2021-07-21T15:00:00.000000000,241.38,226.98951
2021-07-21T16:00:00.000000000,272.21,254.94242
2021-07-21T17:00:00.000000000,309.28,286.91051
2021-07-21T18:00:00.000000000,346.22,317.52864
2021-07-21T19:00:00.000000000,367.38,341.70413
2021-07-21T20:00:00.000000000,370.66,356.20032
2021-07-21T21:00:00.000000000,369.1,361.25907
2021-07-21T22:00:00.000000000,361.66,358.88577
2021-07-21T23:00:00.000000000,360.35,352.98363
2021-07-22T00:00:00.000000000,354.97,348.83562
2021-07-22T01:00:00.000000000,357.14,339.12566
2021-07-22T02:00:00.000000000,360.28,333.0299
2021-07-22T03:00:00.000000000,364.33,328.31244
2021-07-22T04:00:00.000000000,365.81,322.82144
2021-07-22T05:00:00.000000000,355.37,313.61617
2021-07-22T06:00:00.000000000,328.47,297.54366
2021-07-22T07:00:00.000000000,297.95,275.79652
2021-07-22T08:00:00.000000000,264.64,249.64629
2021-07-22T09:00:00.000000000,234.41,222.62573
2021-07-22T10:00:00.000000000,218.91,198.68827
2021-07-22T11:00:00.000000000,214.18,181.25292
2021-07-22T12:00:00.000000000,214.24,173.25939
2021-07-22T13:00:00.000000000,218.42,174.80224
2021-07-22T14:00:00.000000000,230.33,185.65337
2021-07-22T15:00:00.000000000,250.77,205.26893
2021-07-22T16:00:00.000000000,276.63,232.87368
2021-07-22T17:00:00.000000000,311.66,263.84855
2021-07-22T18:00:00.000000000,341.76,292.04196
2021-07-22T19:00:00.000000000,359.96,312.07404
2021-07-22T20:00:00.000000000,362.49,320.94887
2021-07-22T21:00:00.000000000,358.2,319.12301
2021-07-22T22:00:00.000000000,353.99,309.37197
2021-07-22T23:00:00.000000000,353.79,297.40708
2021-07-23T00:00:00.000000000,309.18,309.96595
2021-07-23T01:00:00.000000000,350.18,300.92684
2021-07-23T02:00:00.000000000,356.01,296.17224
2021-07-23T03:00:00.000000000,360.56,293.62975
2021-07-23T04:00:00.000000000,360.98,291.68398
2021-07-23T05:00:00.000000000,352.57,288.20589
2021-07-23T06:00:00.000000000,325.55,279.64494
2021-07-23T07:00:00.000000000,290.27,265.27961
2021-07-23T08:00:00.000000000,257.6,244.62739
2021-07-23T09:00:00.000000000,231.92,220.67614
2021-07-23T10:00:00.000000000,218.74,197.7789
2021-07-23T11:00:00.000000000,215.59,179.63304
2021-07-23T12:00:00.000000000,212.36,169.48938
2021-07-23T13:00:00.000000000,212.58,168.0575
2021-07-23T14:00:00.000000000,222.98,176.01097
2021-07-23T15:00:00.000000000,244.8,194.12732
2021-07-23T16:00:00.000000000,279.57,222.92424
2021-07-23T17:00:00.000000000,323.97,258.53605
2021-07-23T18:00:00.000000000,359.87,294.19269
2021-07-23T19:00:00.000000000,370.56,322.75387
2021-07-23T20:00:00.000000000,362.35,339.05782
2021-07-23T21:00:00.000000000,348.9,342.67157
2021-07-23T22:00:00.000000000,328.69,336.47204
2021-07-23T23:00:00.000000000,303.08,326.08247
2021-07-24T00:00:00.000000000,251.9,296.07793
2021-07-24T01:00:00.000000000,286.39,287.10924
2021-07-24T02:00:00.000000000,279.45,284.00148
2021-07-24T03:00:00.000000000,274.15,284.88196
2021-07-24T04:00:00.000000000,265.33,286.95172
2021-07-24T05:00:00.000000000,253.29,286.13653
2021-07-24T06:00:00.000000000,237.02,277.94369
2021-07-24T07:00:00.000000000,220.47,262.25067
2021-07-24T08:00:00.000000000,201.84,240.1415
2021-07-24T09:00:00.000000000,180.67,215.86725
2021-07-24T10:00:00.000000000,165.23,193.88941
2021-07-24T11:00:00.000000000,163.0,176.88103
2021-07-24T12:00:00.000000000,169.25,166.94872
2021-07-24T13:00:00.000000000,175.22,164.83259
2021-07-24T14:00:00.000000000,188.44,172.36564
2021-07-24T15:00:00.000000000,206.55,191.28864
2021-07-24T16:00:00.000000000,226.07,221.67511
2021-07-24T17:00:00.000000000,244.63,258.06289
2021-07-24T18:00:00.000000000,252.33,292.35552
2021-07-24T19:00:00.000000000,252.87,317.54339
2021-07-24T20:00:00.000000000,247.75,329.81766
2021-07-24T21:00:00.000000000,243.31,330.00949
2021-07-24T22:00:00.000000000,240.19,321.45065
2021-07-24T23:00:00.000000000,242.36,309.48333
2021-07-22T00:00:00.000000000,354.97,367.29576
2021-07-22T01:00:00.000000000,357.14,355.89131
2021-07-22T02:00:00.000000000,360.28,346.98268
2021-07-22T03:00:00.000000000,364.33,338.99746
2021-07-22T04:00:00.000000000,365.81,330.73128
2021-07-22T05:00:00.000000000,355.37,320.2285
2021-07-22T06:00:00.000000000,328.47,304.45517
2021-07-22T07:00:00.000000000,297.95,284.15403
2021-07-22T08:00:00.000000000,264.64,260.09635
2021-07-22T09:00:00.000000000,234.41,235.58215
2021-07-22T10:00:00.000000000,218.91,214.32216
2021-07-22T11:00:00.000000000,214.18,198.83435
2021-07-22T12:00:00.000000000,214.24,191.53975
2021-07-22T13:00:00.000000000,218.42,192.47874
2021-07-22T14:00:00.000000000,230.33,201.84356
2021-07-22T15:00:00.000000000,250.77,219.73841
2021-07-22T16:00:00.000000000,276.63,246.14685
2021-07-22T17:00:00.000000000,311.66,277.32393
2021-07-22T18:00:00.000000000,341.76,307.60006
2021-07-22T19:00:00.000000000,359.96,331.20234
2021-07-22T20:00:00.000000000,362.49,344.34902
2021-07-22T21:00:00.000000000,358.2,347.04456
2021-07-22T22:00:00.000000000,353.99,341.53509
2021-07-22T23:00:00.000000000,353.79,332.49967
2021-07-23T00:00:00.000000000,309.18,335.59956
2021-07-23T01:00:00.000000000,350.18,325.84663
2021-07-23T02:00:00.000000000,356.01,321.15115
2021-07-23T03:00:00.000000000,360.56,319.18165
2021-07-23T04:00:00.000000000,360.98,317.43501
2021-07-23T05:00:00.000000000,352.57,312.91664
2021-07-23T06:00:00.000000000,325.55,301.83415
2021-07-23T07:00:00.000000000,290.27,284.12025
2021-07-23T08:00:00.000000000,257.6,260.32631
2021-07-23T09:00:00.000000000,231.92,234.26771
2021-07-23T10:00:00.000000000,218.74,210.66492
2021-07-23T11:00:00.000000000,215.59,192.73321
2021-07-23T12:00:00.000000000,212.36,183.23542
2021-07-23T13:00:00.000000000,212.58,182.83488
2021-07-23T14:00:00.000000000,222.98,192.52813
2021-07-23T15:00:00.000000000,244.8,213.09967
2021-07-23T16:00:00.000000000,279.57,244.3047
2021-07-23T17:00:00.000000000,323.97,281.03878
2021-07-23T18:00:00.000000000,359.87,315.76166
2021-07-23T19:00:00.000000000,370.56,341.46891
2021-07-23T20:00:00.000000000,362.35,353.89664
2021-07-23T21:00:00.000000000,348.9,353.66087
2021-07-23T22:00:00.000000000,328.69,344.38904
2021-07-23T23:00:00.000000000,303.08,331.86617
2021-07-24T00:00:00.000000000,251.9,309.12125
2021-07-24T01:00:00.000000000,286.39,302.59965
2021-07-24T02:00:00.000000000,279.45,301.33392
2021-07-24T03:00:00.000000000,274.15,301.80486
2021-07-24T04:00:00.000000000,265.33,299.88398
2021-07-24T05:00:00.000000000,253.29,291.34932
2021-07-24T06:00:00.000000000,237.02,273.81128
2021-07-24T07:00:00.000000000,220.47,250.29363
2021-07-24T08:00:00.000000000,201.84,223.67752
2021-07-24T09:00:00.000000000,180.67,198.31403
2021-07-24T10:00:00.000000000,165.23,177.81644
2021-07-24T11:00:00.000000000,163.0,164.33672
2021-07-24T12:00:00.000000000,169.25,159.85929
2021-07-24T13:00:00.000000000,175.22,165.01972
2021-07-24T14:00:00.000000000,188.44,180.89995
2021-07-24T15:00:00.000000000,206.55,207.19266
2021-07-24T16:00:00.000000000,226.07,241.02703
2021-07-24T17:00:00.000000000,244.63,274.79029
2021-07-24T18:00:00.000000000,252.33,300.57121
2021-07-24T19:00:00.000000000,252.87,314.02032
2021-07-24T20:00:00.000000000,247.75,314.76054
2021-07-24T21:00:00.000000000,243.31,305.75386
2021-07-24T22:00:00.000000000,240.19,291.37939
2021-07-24T23:00:00.000000000,242.36,277.38411
2021-07-25T00:00:00.000000000,308.83,241.10423
2021-07-25T01:00:00.000000000,239.23,240.21679
2021-07-25T02:00:00.000000000,230.72,246.82615
2021-07-25T03:00:00.000000000,230.47,257.6847
2021-07-25T04:00:00.000000000,226.46,269.52827
2021-07-25T05:00:00.000000000,218.69,278.14764
2021-07-25T06:00:00.000000000,204.95,278.82439
2021-07-25T07:00:00.000000000,191.85,271.18094
2021-07-25T08:00:00.000000000,167.03,255.84702
2021-07-25T09:00:00.000000000,146.99,235.96008
2021-07-25T10:00:00.000000000,131.4,215.55069
2021-07-25T11:00:00.000000000,125.38,199.03598
2021-07-25T12:00:00.000000000,124.54,190.36399
2021-07-25T13:00:00.000000000,131.77,190.93118
2021-07-25T14:00:00.000000000,154.56,201.71004
2021-07-25T15:00:00.000000000,194.29,223.6051
2021-07-25T16:00:00.000000000,243.06,255.99613
2021-07-25T17:00:00.000000000,284.74,293.08914
2021-07-25T18:00:00.000000000,316.58,327.21486
2021-07-25T19:00:00.000000000,340.12,352.89625
2021-07-25T20:00:00.000000000,346.73,366.61448
2021-07-25T21:00:00.000000000,348.03,368.33612
2021-07-25T22:00:00.000000000,348.81,360.99699
2021-07-25T23:00:00.000000000,344.69,350.36363
2021-07-23T00:00:00.000000000,309.18,366.22399
2021-07-23T01:00:00.000000000,350.18,354.50375
2021-07-23T02:00:00.000000000,356.01,346.75005
2021-07-23T03:00:00.000000000,360.56,341.15462
2021-07-23T04:00:00.000000000,360.98,335.18762
2021-07-23T05:00:00.000000000,352.57,325.36044
2021-07-23T06:00:00.000000000,325.55,308.70513
2021-07-23T07:00:00.000000000,290.27,287.30555
2021-07-23T08:00:00.000000000,257.6,263.13864
2021-07-23T09:00:00.000000000,231.92,239.99363
2021-07-23T10:00:00.000000000,218.74,221.10513
2021-07-23T11:00:00.000000000,215.59,207.7047
2021-07-23T12:00:00.000000000,212.36,201.34519
2021-07-23T13:00:00.000000000,212.58,202.49312
2021-07-23T14:00:00.000000000,222.98,212.91995
2021-07-23T15:00:00.000000000,244.8,233.75492
2021-07-23T16:00:00.000000000,279.57,263.92785
2021-07-23T17:00:00.000000000,323.97,297.16661
2021-07-23T18:00:00.000000000,359.87,325.78123
2021-07-23T19:00:00.000000000,370.56,344.42506
2021-07-23T20:00:00.000000000,362.35,351.26002
2021-07-23T21:00:00.000000000,348.9,347.81884
2021-07-23T22:00:00.000000000,328.69,337.25907
2021-07-23T23:00:00.000000000,303.08,324.52076
2021-07-24T00:00:00.000000000,251.9,302.91845
2021-07-24T01:00:00.000000000,286.39,297.87802
2021-07-24T02:00:00.000000000,279.45,297.02997
2021-07-24T03:00:00.000000000,274.15,297.59375
2021-07-24T04:00:00.000000000,265.33,295.99617
2021-07-24T05:00:00.000000000,253.29,288.42375
2021-07-24T06:00:00.000000000,237.02,272.37128
2021-07-24T07:00:00.000000000,220.47,250.36689
2021-07-24T08:00:00.000000000,201.84,225.0751
2021-07-24T09:00:00.000000000,180.67,200.77483
2021-07-24T10:00:00.000000000,165.23,180.90919
2021-07-24T11:00:00.000000000,163.0,167.70515
2021-07-24T12:00:00.000000000,169.25,163.01711
2021-07-24T13:00:00.000000000,175.22,167.15591
2021-07-24T14:00:00.000000000,188.44,180.52197
2021-07-24T15:00:00.000000000,206.55,202.03704
2021-07-24T16:00:00.000000000,226.07,228.92945
2021-07-24T17:00:00.000000000,244.63,254.9965
2021-07-24T18:00:00.000000000,252.33,274.23792
2021-07-24T19:00:00.000000000,252.87,283.34562
2021-07-24T20:00:00.000000000,247.75,282.33342
2021-07-24T21:00:00.000000000,243.31,274.10036
2021-07-24T22:00:00.000000000,240.19,262.37979
2021-07-24T23:00:00.000000000,242.36,251.81663
2021-07-25T00:00:00.000000000,308.83,239.00282
2021-07-25T01:00:00.000000000,239.23,243.92099
2021-07-25T02:00:00.000000000,230.72,255.14548
2021-07-25T03:00:00.000000000,230.47,268.03869
2021-07-25T04:00:00.000000000,226.46,278.22864
2021-07-25T05:00:00.000000000,218.69,281.64718
2021-07-25T06:00:00.000000000,204.95,275.43338
2021-07-25T07:00:00.000000000,191.85,261.95703
2021-07-25T08:00:00.000000000,167.03,243.92136
2021-07-25T09:00:00.000000000,146.99,225.16755
2021-07-25T10:00:00.000000000,131.4,209.03736
2021-07-25T11:00:00.000000000,125.38,199.06201
2021-07-25T12:00:00.000000000,124.54,198.55982
2021-07-25T13:00:00.000000000,131.77,208.49195
2021-07-25T14:00:00.000000000,154.56,228.49331
2021-07-25T15:00:00.000000000,194.29,256.79797
2021-07-25T16:00:00.000000000,243.06,289.80309
2021-07-25T17:00:00.000000000,284.74,320.59562
2021-07-25T18:00:00.000000000,316.58,343.25562
2021-07-25T19:00:00.000000000,340.12,355.91332
2021-07-25T20:00:00.000000000,346.73,358.98939
2021-07-25T21:00:00.000000000,348.03,354.90613
2021-07-25T22:00:00.000000000,348.81,347.08402
2021-07-25T23:00:00.000000000,344.69,339.91833
2021-07-26T00:00:00.000000000,339.29,289.72709
2021-07-26T01:00:00.000000000,335.16,288.92598
2021-07-26T02:00:00.000000000,339.82,294.93866
2021-07-26T03:00:00.000000000,347.14,304.79274
2021-07-26T04:00:00.000000000,356.95,314.77484
2021-07-26T05:00:00.000000000,355.5,320.0795
2021-07-26T06:00:00.000000000,335.85,315.81825
2021-07-26T07:00:00.000000000,310.18,302.49953
2021-07-26T08:00:00.000000000,282.22,282.09967
2021-07-26T09:00:00.000000000,258.13,258.87457
2021-07-26T10:00:00.000000000,242.78,237.19112
2021-07-26T11:00:00.000000000,233.87,220.88967
2021-07-26T12:00:00.000000000,231.9,213.40235
2021-07-26T13:00:00.000000000,236.66,215.56502
2021-07-26T14:00:00.000000000,247.25,227.65599
2021-07-26T15:00:00.000000000,272.16,249.2963
2021-07-26T16:00:00.000000000,295.29,278.7906
2021-07-26T17:00:00.000000000,324.18,310.19176
2021-07-26T18:00:00.000000000,353.29,336.89489
2021-07-26T19:00:00.000000000,372.57,354.90861
2021-07-26T20:00:00.000000000,371.85,362.62908
2021-07-26T21:00:00.000000000,365.32,361.20139
2021-07-26T22:00:00.000000000,356.77,353.52262
2021-07-26T23:00:00.000000000,350.26,344.36549
2021-07-24T00:00:00.000000000,251.9,292.62969
2021-07-24T01:00:00.000000000,286.39,287.30016
2021-07-24T02:00:00.000000000,279.45,285.27508
2021-07-24T03:00:00.000000000,274.15,284.39359
2021-07-24T04:00:00.000000000,265.33,281.40731
2021-07-24T05:00:00.000000000,253.29,272.46761
2021-07-24T06:00:00.000000000,237.02,255.79645
2021-07-24T07:00:00.000000000,220.47,235.02446
2021-07-24T08:00:00.000000000,201.84,213.2554
2021-07-24T09:00:00.000000000,180.67,194.29578
2021-07-24T10:00:00.000000000,165.23,180.22071
2021-07-24T11:00:00.000000000,163.0,171.7798
2021-07-24T12:00:00.000000000,169.25,170.07081
2021-07-24T13:00:00.000000000,175.22,175.49568
2021-07-24T14:00:00.000000000,188.44,188.93951
2021-07-24T15:00:00.000000000,206.55,209.17714
2021-07-24T16:00:00.000000000,226.07,232.54366
2021-07-24T17:00:00.000000000,244.63,252.47022
2021-07-24T18:00:00.000000000,252.33,263.62989
2021-07-24T19:00:00.000000000,252.87,264.64816
2021-07-24T20:00:00.000000000,247.75,257.74323
2021-07-24T21:00:00.000000000,243.31,246.63746
2021-07-24T22:00:00.000000000,240.19,234.58346
2021-07-24T23:00:00.000000000,242.36,224.99754
2021-07-25T00:00:00.000000000,308.83,224.07868
2021-07-25T01:00:00.000000000,239.23,229.12161
2021-07-25T02:00:00.000000000,230.72,240.39713
2021-07-25T03:00:00.000000000,230.47,253.4918
2021-07-25T04:00:00.000000000,226.46,264.48779
2021-07-25T05:00:00.000000000,218.69,269.68143
2021-07-25T06:00:00.000000000,204.95,266.43949
2021-07-25T07:00:00.000000000,191.85,256.9576
2021-07-25T08:00:00.000000000,167.03,243.41165
2021-07-25T09:00:00.000000000,146.99,228.98509
2021-07-25T10:00:00.000000000,131.4,216.43059
2021-07-25T11:00:00.000000000,125.38,209.09327
2021-07-25T12:00:00.000000000,124.54,210.40095
2021-07-25T13:00:00.000000000,131.77,221.34011
2021-07-25T14:00:00.000000000,154.56,241.35823
2021-07-25T15:00:00.000000000,194.29,268.38228
2021-07-25T16:00:00.000000000,243.06,298.78405
2021-07-25T17:00:00.000000000,284.74,326.23476
2021-07-25T18:00:00.000000000,316.58,345.59378
2021-07-25T19:00:00.000000000,340.12,355.78087
2021-07-25T20:00:00.000000000,346.73,357.58343
2021-07-25T21:00:00.000000000,348.03,353.14844
2021-07-25T22:00:00.000000000,348.81,345.46044
2021-07-25T23:00:00.000000000,344.69,338.44597
2021-07-26T00:00:00.000000000,339.29,301.40438
2021-07-26T01:00:00.000000000,335.16,302.32406
2021-07-26T02:00:00.000000000,339.82,309.07053
2021-07-26T03:00:00.000000000,347.14,316.93088
2021-07-26T04:00:00.000000000,356.95,320.70374
2021-07-26T05:00:00.000000000,355.5,315.33351
2021-07-26T06:00:00.000000000,335.85,298.04377
2021-07-26T07:00:00.000000000,310.18,272.71755
2021-07-26T08:00:00.000000000,282.22,243.86595
2021-07-26T09:00:00.000000000,258.13,217.00591
2021-07-26T10:00:00.000000000,242.78,196.30323
2021-07-26T11:00:00.000000000,233.87,184.37057
2021-07-26T12:00:00.000000000,231.9,183.52914
2021-07-26T13:00:00.000000000,236.66,194.18152
2021-07-26T14:00:00.000000000,247.25,216.27247
2021-07-26T15:00:00.000000000,272.16,247.99581
2021-07-26T16:00:00.000000000,295.29,284.87986
2021-07-26T17:00:00.000000000,324.18,318.37496
2021-07-26T18:00:00.000000000,353.29,341.1827
2021-07-26T19:00:00.000000000,372.57,351.03672
2021-07-26T20:00:00.000000000,371.85,349.59003
2021-07-26T21:00:00.000000000,365.32,340.83789
2021-07-26T22:00:00.000000000,356.77,329.143
2021-07-26T23:00:00.000000000,350.26,319.37249
2021-07-27T00:00:00.000000000,321.56,307.36222
2021-07-27T01:00:00.000000000,332.94,304.66503
2021-07-27T02:00:00.000000000,330.42,308.96382
2021-07-27T03:00:00.000000000,334.74,316.95289
2021-07-27T04:00:00.000000000,343.27,323.8473
2021-07-27T05:00:00.000000000,338.27,323.88195
2021-07-27T06:00:00.000000000,321.4,313.13767
2021-07-27T07:00:00.000000000,290.18,294.27693
2021-07-27T08:00:00.000000000,259.78,270.9836
2021-07-27T09:00:00.000000000,235.42,248.49975
2021-07-27T10:00:00.000000000,222.61,230.73709
2021-07-27T11:00:00.000000000,218.08,219.34869
2021-07-27T12:00:00.000000000,217.27,216.3495
2021-07-27T13:00:00.000000000,221.5,222.68527
2021-07-27T14:00:00.000000000,223.6,239.76414
2021-07-27T15:00:00.000000000,242.56,267.09166
2021-07-27T16:00:00.000000000,274.39,300.86051
2021-07-27T17:00:00.000000000,312.93,332.73544
2021-07-27T18:00:00.000000000,346.62,355.01896
2021-07-27T19:00:00.000000000,363.73,364.98578
2021-07-27T20:00:00.000000000,365.71,364.0346
2021-07-27T21:00:00.000000000,361.02,355.75279
2021-07-27T22:00:00.000000000,339.2,343.96632
2021-07-27T23:00:00.000000000,321.55,332.8812
2021-07-25T00:00:00.000000000,308.83,239.28109
2021-07-25T01:00:00.000000000,239.23,243.34333
2021-07-25T02:00:00.000000000,230.72,252.33096
2021-07-25T03:00:00.000000000,230.47,261.71499
2021-07-25T04:00:00.000000000,226.46,268.45651
2021-07-25T05:00:00.000000000,218.69,270.45298
2021-07-25T06:00:00.000000000,204.95,266.10463
2021-07-25T07:00:00.000000000,191.85,257.64724
2021-07-25T08:00:00.000000000,167.03,246.26876
2021-07-25T09:00:00.000000000,146.99,233.96338
2021-07-25T10:00:00.000000000,131.4,222.71685
2021-07-25T11:00:00.000000000,125.38,215.84473
2021-07-25T12:00:00.000000000,124.54,217.15427
2021-07-25T13:00:00.000000000,131.77,227.79903
2021-07-25T14:00:00.000000000,154.56,247.12359
2021-07-25T15:00:00.000000000,194.29,273.2425
2021-07-25T16:00:00.000000000,243.06,303.40543
2021-07-25T17:00:00.000000000,284.74,332.39883
2021-07-25T18:00:00.000000000,316.58,355.68544
2021-07-25T19:00:00.000000000,340.12,371.6753
2021-07-25T20:00:00.000000000,346.73,379.75769
2021-07-25T21:00:00.000000000,348.03,380.75568
2021-07-25T22:00:00.000000000,348.81,376.8553
2021-07-25T23:00:00.000000000,344.69,371.8181
2021-07-26T00:00:00.000000000,339.29,328.36384
2021-07-26T01:00:00.000000000,335.16,330.3037
2021-07-26T02:00:00.000000000,339.82,338.47792
2021-07-26T03:00:00.000000000,347.14,348.27993
2021-07-26T04:00:00.000000000,356.95,354.05644
2021-07-26T05:00:00.000000000,355.5,349.95447
2021-07-26T06:00:00.000000000,335.85,333.17167
2021-07-26T07:00:00.000000000,310.18,308.46918
2021-07-26T08:00:00.000000000,282.22,280.9917
2021-07-26T09:00:00.000000000,258.13,256.05678
2021-07-26T10:00:00.000000000,242.78,237.13711
2021-07-26T11:00:00.000000000,233.87,226.44955
2021-07-26T12:00:00.000000000,231.9,226.47511
2021-07-26T13:00:00.000000000,236.66,237.74589
2021-07-26T14:00:00.000000000,247.25,260.04594
2021-07-26T15:00:00.000000000,272.16,290.74109
2021-07-26T16:00:00.000000000,295.29,324.22878
2021-07-26T17:00:00.000000000,324.18,351.4204
2021-07-26T18:00:00.000000000,353.29,365.78139
2021-07-26T19:00:00.000000000,372.57,367.08663
2021-07-26T20:00:00.000000000,371.85,359.03917
2021-07-26T21:00:00.000000000,365.32,346.09231
2021-07-26T22:00:00.000000000,356.77,332.2259
2021-07-26T23:00:00.000000000,350.26,321.79163
2021-07-27T00:00:00.000000000,321.56,308.85747
2021-07-27T01:00:00.000000000,332.94,308.65489
2021-07-27T02:00:00.000000000,330.42,312.04826
2021-07-27T03:00:00.000000000,334.74,313.66646
2021-07-27T04:00:00.000000000,343.27,308.80389
2021-07-27T05:00:00.000000000,338.27,294.79829
2021-07-27T06:00:00.000000000,321.4,271.78543
2021-07-27T07:00:00.000000000,290.18,244.89342
2021-07-27T08:00:00.000000000,259.78,217.8737
2021-07-27T09:00:00.000000000,235.42,195.01111
2021-07-27T10:00:00.000000000,222.61,179.3103
2021-07-27T11:00:00.000000000,218.08,172.37011
2021-07-27T12:00:00.000000000,217.27,176.28938
2021-07-27T13:00:00.000000000,221.5,191.69598
2021-07-27T14:00:00.000000000,223.6,218.19818
2021-07-27T15:00:00.000000000,242.56,252.38717
2021-07-27T16:00:00.000000000,274.39,288.19536
2021-07-27T17:00:00.000000000,312.93,317.43036
2021-07-27T18:00:00.000000000,346.62,334.47109
2021-07-27T19:00:00.000000000,363.73,338.47461
2021-07-27T20:00:00.000000000,365.71,332.16799
2021-07-27T21:00:00.000000000,361.02,320.46827
2021-07-27T22:00:00.000000000,339.2,308.20998
2021-07-27T23:00:00.000000000,321.55,299.58438
2021-07-28T00:00:00.000000000,174.06,290.23246
2021-07-28T01:00:00.000000000,305.48,283.16467
2021-07-28T02:00:00.000000000,307.47,280.36726
2021-07-28T03:00:00.000000000,304.81,279.83548
2021-07-28T04:00:00.000000000,301.37,279.88818
2021-07-28T05:00:00.000000000,297.99,278.22965
2021-07-28T06:00:00.000000000,284.47,271.4755
2021-07-28T07:00:00.000000000,256.73,259.31132
2021-07-28T08:00:00.000000000,229.77,241.61348
2021-07-28T09:00:00.000000000,211.91,221.25616
2021-07-28T10:00:00.000000000,194.03,201.93506
2021-07-28T11:00:00.000000000,181.04,186.808
2021-07-28T12:00:00.000000000,165.4,178.8824
2021-07-28T13:00:00.000000000,159.58,178.96799
2021-07-28T14:00:00.000000000,155.76,187.73701
2021-07-28T15:00:00.000000000,158.19,205.53593
2021-07-28T16:00:00.000000000,174.42,232.19207
2021-07-28T17:00:00.000000000,198.33,263.72007
2021-07-28T18:00:00.000000000,224.12,294.11
2021-07-28T19:00:00.000000000,241.36,317.64169
2021-07-28T20:00:00.000000000,238.31,330.49057
2021-07-28T21:00:00.000000000,218.88,332.7535
2021-07-28T22:00:00.000000000,188.41,327.07395
2021-07-28T23:00:00.000000000,156.29,318.24357
2021-07-26T00:00:00.000000000,339.29,311.47687
2021-07-26T01:00:00.000000000,335.16,308.09597
2021-07-26T02:00:00.000000000,339.82,310.60805
2021-07-26T03:00:00.000000000,347.14,315.15584
2021-07-26T04:00:00.000000000,356.95,316.74201
2021-07-26T05:00:00.000000000,355.5,309.77913
2021-07-26T06:00:00.000000000,335.85,291.70201
2021-07-26T07:00:00.000000000,310.18,267.10557
2021-07-26T08:00:00.000000000,282.22,240.55247
2021-07-26T09:00:00.000000000,258.13,217.01349
2021-07-26T10:00:00.000000000,242.78,199.54906
2021-07-26T11:00:00.000000000,233.87,189.41297
2021-07-26T12:00:00.000000000,231.9,188.16646
2021-07-26T13:00:00.000000000,236.66,196.41495
2021-07-26T14:00:00.000000000,247.25,215.65033
2021-07-26T15:00:00.000000000,272.16,245.66615
2021-07-26T16:00:00.000000000,295.29,282.42892
2021-07-26T17:00:00.000000000,324.18,316.54647
2021-07-26T18:00:00.000000000,353.29,339.35971
2021-07-26T19:00:00.000000000,372.57,348.33017
2021-07-26T20:00:00.000000000,371.85,345.64364
2021-07-26T21:00:00.000000000,365.32,335.1881
2021-07-26T22:00:00.000000000,356.77,320.98636
2021-07-26T23:00:00.000000000,350.26,308.02256
2021-07-27T00:00:00.000000000,321.56,297.34118
2021-07-27T01:00:00.000000000,332.94,296.87217
2021-07-27T02:00:00.000000000,330.42,300.23273
2021-07-27T03:00:00.000000000,334.74,302.31784
2021-07-27T04:00:00.000000000,343.27,298.24367
2021-07-27T05:00:00.000000000,338.27,284.84743
2021-07-27T06:00:00.000000000,321.4,262.18116
2021-07-27T07:00:00.000000000,290.18,235.5588
2021-07-27T08:00:00.000000000,259.78,208.91565
2021-07-27T09:00:00.000000000,235.42,186.52046
2021-07-27T10:00:00.000000000,222.61,171.1217
2021-07-27T11:00:00.000000000,218.08,164.10778
2021-07-27T12:00:00.000000000,217.27,167.34277
2021-07-27T13:00:00.000000000,221.5,181.54794
2021-07-27T14:00:00.000000000,223.6,206.68344
2021-07-27T15:00:00.000000000,242.56,239.60277
2021-07-27T16:00:00.000000000,274.39,274.17569
2021-07-27T17:00:00.000000000,312.93,301.90954
2021-07-27T18:00:00.000000000,346.62,316.9173
2021-07-27T19:00:00.000000000,363.73,318.54334
2021-07-27T20:00:00.000000000,365.71,310.02302
2021-07-27T21:00:00.000000000,361.02,296.52274
2021-07-27T22:00:00.000000000,339.2,282.87858
2021-07-27T23:00:00.000000000,321.55,273.28097
2021-07-28T00:00:00.000000000,174.06,270.01872
2021-07-28T01:00:00.000000000,305.48,266.96753
2021-07-28T02:00:00.000000000,307.47,264.09845
2021-07-28T03:00:00.000000000,304.81,259.57714
2021-07-28T04:00:00.000000000,301.37,252.50809
2021-07-28T05:00:00.000000000,297.99,242.07205
2021-07-28T06:00:00.000000000,284.47,227.75787
2021-07-28T07:00:00.000000000,256.73,212.13685
2021-07-28T08:00:00.000000000,229.77,196.28463
2021-07-28T09:00:00.000000000,211.91,182.30495
2021-07-28T10:00:00.000000000,194.03,171.21382
2021-07-28T11:00:00.000000000,181.04,164.13978
2021-07-28T12:00:00.000000000,165.4,162.86435
2021-07-28T13:00:00.000000000,159.58,167.75507
2021-07-28T14:00:00.000000000,155.76,178.71741
2021-07-28T15:00:00.000000000,158.19,194.1997
2021-07-28T16:00:00.000000000,174.42,212.41179
2021-07-28T17:00:00.000000000,198.33,230.32052
2021-07-28T18:00:00.000000000,224.12,245.28976
2021-07-28T19:00:00.000000000,241.36,255.79213
2021-07-28T20:00:00.000000000,238.31,261.67986
2021-07-28T21:00:00.000000000,218.88,264.17789
2021-07-28T22:00:00.000000000,188.41,264.31256
2021-07-28T23:00:00.000000000,156.29,263.99923
2021-07-29T00:00:00.000000000,176.04,214.83485
2021-07-29T01:00:00.000000000,126.77,212.71254
2021-07-29T02:00:00.000000000,123.34,211.79171
2021-07-29T03:00:00.000000000,126.49,210.34144
2021-07-29T04:00:00.000000000,131.9,207.54193
2021-07-29T05:00:00.000000000,140.47,201.49261
2021-07-29T06:00:00.000000000,134.91,190.35426
2021-07-29T07:00:00.000000000,111.4,175.34281
2021-07-29T08:00:00.000000000,85.11,157.16889
2021-07-29T09:00:00.000000000,80.75,138.55706
2021-07-29T10:00:00.000000000,78.17,121.83066
2021-07-29T11:00:00.000000000,76.82,109.87347
2021-07-29T12:00:00.000000000,74.78,105.06144
2021-07-29T13:00:00.000000000,74.08,107.18182
2021-07-29T14:00:00.000000000,75.85,115.25983
2021-07-29T15:00:00.000000000,79.52,127.3593
2021-07-29T16:00:00.000000000,99.58,142.15082
2021-07-29T17:00:00.000000000,127.85,157.69132
2021-07-29T18:00:00.000000000,157.16,171.91981
2021-07-29T19:00:00.000000000,187.56,182.66062
2021-07-29T20:00:00.000000000,194.84,188.58886
2021-07-29T21:00:00.000000000,188.75,190.2644
2021-07-29T22:00:00.000000000,188.54,188.79806
2021-07-29T23:00:00.000000000,191.59,187.47708
2021-07-27T00:00:00.000000000,321.56,335.80938
2021-07-27T01:00:00.000000000,332.94,327.8474
2021-07-27T02:00:00.000000000,330.42,324.30179
2021-07-27T03:00:00.000000000,334.74,321.449
2021-07-27T04:00:00.000000000,343.27,314.79664
2021-07-27T05:00:00.000000000,338.27,299.82023
2021-07-27T06:00:00.000000000,321.4,275.14165
2021-07-27T07:00:00.000000000,290.18,246.16943
2021-07-27T08:00:00.000000000,259.78,217.58509
2021-07-27T09:00:00.000000000,235.42,194.25052
2021-07-27T10:00:00.000000000,222.61,178.70691
2021-07-27T11:00:00.000000000,218.08,170.97705
2021-07-27T12:00:00.000000000,217.27,171.65749
2021-07-27T13:00:00.000000000,221.5,181.18235
2021-07-27T14:00:00.000000000,223.6,201.60152
2021-07-27T15:00:00.000000000,242.56,233.21304
2021-07-27T16:00:00.000000000,274.39,272.14085
2021-07-27T17:00:00.000000000,312.93,308.8894
2021-07-27T18:00:00.000000000,346.62,334.45146
2021-07-27T19:00:00.000000000,363.73,345.45644
2021-07-27T20:00:00.000000000,365.71,343.64955
2021-07-27T21:00:00.000000000,361.02,333.26838
2021-07-27T22:00:00.000000000,339.2,318.67529
2021-07-27T23:00:00.000000000,321.55,304.88768
2021-07-28T00:00:00.000000000,174.06,290.14169
2021-07-28T01:00:00.000000000,305.48,285.46213
2021-07-28T02:00:00.000000000,307.47,281.48302
2021-07-28T03:00:00.000000000,304.81,276.79623
2021-07-28T04:00:00.000000000,301.37,270.15513
2021-07-28T05:00:00.000000000,297.99,259.8846
2021-07-28T06:00:00.000000000,284.47,244.47994
2021-07-28T07:00:00.000000000,256.73,226.09073
2021-07-28T08:00:00.000000000,229.77,206.20863
2021-07-28T09:00:00.000000000,211.91,187.81281
2021-07-28T10:00:00.000000000,194.03,172.85475
2021-07-28T11:00:00.000000000,181.04,162.93054
2021-07-28T12:00:00.000000000,165.4,159.72244
2021-07-28T13:00:00.000000000,159.58,163.1765
2021-07-28T14:00:00.000000000,155.76,172.90783
2021-07-28T15:00:00.000000000,158.19,187.19588
2021-07-28T16:00:00.000000000,174.42,204.25037
2021-07-28T17:00:00.000000000,198.33,220.9472
2021-07-28T18:00:00.000000000,224.12,234.48037
2021-07-28T19:00:00.000000000,241.36,242.89507
2021-07-28T20:00:00.000000000,238.31,246.02672
2021-07-28T21:00:00.000000000,218.88,245.49132
2021-07-28T22:00:00.000000000,188.41,242.7843
2021-07-28T23:00:00.000000000,156.29,240.33075
2021-07-29T00:00:00.000000000,176.04,198.70878
2021-07-29T01:00:00.000000000,126.77,198.14151
2021-07-29T02:00:00.000000000,123.34,197.77459
2021-07-29T03:00:00.000000000,126.49,194.39833
2021-07-29T04:00:00.000000000,131.9,187.00995
2021-07-29T05:00:00.000000000,140.47,174.6859
2021-07-29T06:00:00.000000000,134.91,157.92482
2021-07-29T07:00:00.000000000,111.4,140.35862
2021-07-29T08:00:00.000000000,85.11,123.49614
2021-07-29T09:00:00.000000000,80.75,109.34091
2021-07-29T10:00:00.000000000,78.17,98.64685
2021-07-29T11:00:00.000000000,76.82,92.95026
2021-07-29T12:00:00.000000000,74.78,94.42103
2021-07-29T13:00:00.000000000,74.08,103.82105
2021-07-29T14:00:00.000000000,75.85,120.91987
2021-07-29T15:00:00.000000000,79.52,143.51557
2021-07-29T16:00:00.000000000,99.58,168.25942
2021-07-29T17:00:00.000000000,127.85,190.63028
2021-07-29T18:00:00.000000000,157.16,207.26292
2021-07-29T19:00:00.000000000,187.56,216.87853
2021-07-29T20:00:00.000000000,194.84,219.95048
2021-07-29T21:00:00.000000000,188.75,218.69803
2021-07-29T22:00:00.000000000,188.54,215.30172
2021-07-29T23:00:00.000000000,191.59,213.22299
2021-07-30T00:00:00.000000000,168.79,175.02387
2021-07-30T01:00:00.000000000,191.72,174.56949
2021-07-30T02:00:00.000000000,193.38,177.27149
2021-07-30T03:00:00.000000000,189.85,180.49959
2021-07-30T04:00:00.000000000,193.95,182.81315
2021-07-30T05:00:00.000000000,195.27,181.83622
2021-07-30T06:00:00.000000000,185.58,175.62041
2021-07-30T07:00:00.000000000,167.52,165.30667
2021-07-30T08:00:00.000000000,143.43,151.56079
2021-07-30T09:00:00.000000000,117.4,136.87805
2021-07-30T10:00:00.000000000,99.69,123.38368
2021-07-30T11:00:00.000000000,94.94,113.53125
2021-07-30T12:00:00.000000000,95.89,109.88628
2021-07-30T13:00:00.000000000,101.49,113.41671
2021-07-30T14:00:00.000000000,108.58,124.61269
2021-07-30T15:00:00.000000000,133.53,142.61283
2021-07-30T16:00:00.000000000,176.98,165.43311
2021-07-30T17:00:00.000000000,217.18,189.02931
2021-07-30T18:00:00.000000000,252.77,209.1783
2021-07-30T19:00:00.000000000,264.71,223.10819
2021-07-30T20:00:00.000000000,261.27,229.54127
2021-07-30T21:00:00.000000000,251.84,229.70708
2021-07-30T22:00:00.000000000,236.21,225.86149
2021-07-30T23:00:00.000000000,199.82,221.92531
2021-07-28T00:00:00.000000000,174.06,317.90595
2021-07-28T01:00:00.000000000,305.48,309.60536
2021-07-28T02:00:00.000000000,307.47,301.51627
2021-07-28T03:00:00.000000000,304.81,293.53893
2021-07-28T04:00:00.000000000,301.37,284.79279
2021-07-28T05:00:00.000000000,297.99,272.75534
2021-07-28T06:00:00.000000000,284.47,255.06582
2021-07-28T07:00:00.000000000,256.73,234.25497
2021-07-28T08:00:00.000000000,229.77,212.69195
2021-07-28T09:00:00.000000000,211.91,193.8748
2021-07-28T10:00:00.000000000,194.03,179.41005
2021-07-28T11:00:00.000000000,181.04,169.7491
2021-07-28T12:00:00.000000000,165.4,165.3869
2021-07-28T13:00:00.000000000,159.58,165.75462
2021-07-28T14:00:00.000000000,155.76,171.48876
2021-07-28T15:00:00.000000000,158.19,182.6677
2021-07-28T16:00:00.000000000,174.42,198.68504
2021-07-28T17:00:00.000000000,198.33,216.06551
2021-07-28T18:00:00.000000000,224.12,230.88732
2021-07-28T19:00:00.000000000,241.36,240.50401
2021-07-28T20:00:00.000000000,238.31,244.7964
2021-07-28T21:00:00.000000000,218.88,245.22383
2021-07-28T22:00:00.000000000,188.41,242.74373
2021-07-28T23:00:00.000000000,156.29,239.50737
2021-07-29T00:00:00.000000000,176.04,185.6334
2021-07-29T01:00:00.000000000,126.77,185.12992
2021-07-29T02:00:00.000000000,123.34,185.03924
2021-07-29T03:00:00.000000000,126.49,181.81998
2021-07-29T04:00:00.000000000,131.9,174.71812
2021-07-29T05:00:00.000000000,140.47,163.21185
2021-07-29T06:00:00.000000000,134.91,148.07682
2021-07-29T07:00:00.000000000,111.4,132.77672
2021-07-29T08:00:00.000000000,85.11,118.25698
2021-07-29T09:00:00.000000000,80.75,105.88242
2021-07-29T10:00:00.000000000,78.17,96.09136
2021-07-29T11:00:00.000000000,76.82,90.57572
2021-07-29T12:00:00.000000000,74.78,91.96688
2021-07-29T13:00:00.000000000,74.08,101.56228
2021-07-29T14:00:00.000000000,75.85,119.46161
2021-07-29T15:00:00.000000000,79.52,143.78865
2021-07-29T16:00:00.000000000,99.58,171.28522
2021-07-29T17:00:00.000000000,127.85,197.15246
2021-07-29T18:00:00.000000000,157.16,217.51653
2021-07-29T19:00:00.000000000,187.56,230.63403
2021-07-29T20:00:00.000000000,194.84,236.36531
2021-07-29T21:00:00.000000000,188.75,236.50962
2021-07-29T22:00:00.000000000,188.54,233.30626
2021-07-29T23:00:00.000000000,191.59,230.62205
2021-07-30T00:00:00.000000000,168.79,207.79767
2021-07-30T01:00:00.000000000,191.72,213.83578
2021-07-30T02:00:00.000000000,193.38,222.89442
2021-07-30T03:00:00.000000000,189.85,229.05363
2021-07-30T04:00:00.000000000,193.95,228.07365
2021-07-30T05:00:00.000000000,195.27,217.9448
2021-07-30T06:00:00.000000000,185.58,199.56925
2021-07-30T07:00:00.000000000,167.52,178.00082
2021-07-30T08:00:00.000000000,143.43,156.61254
2021-07-30T09:00:00.000000000,117.4,138.86744
2021-07-30T10:00:00.000000000,99.69,126.7863
2021-07-30T11:00:00.000000000,94.94,122.31718
2021-07-30T12:00:00.000000000,95.89,128.00336
2021-07-30T13:00:00.000000000,101.49,145.14596
2021-07-30T14:00:00.000000000,108.58,173.10074
2021-07-30T15:00:00.000000000,133.53,207.5652
2021-07-30T16:00:00.000000000,176.98,241.5482
2021-07-30T17:00:00.000000000,217.18,267.24243
2021-07-30T18:00:00.000000000,252.77,280.34239
2021-07-30T19:00:00.000000000,264.71,281.34685
2021-07-30T20:00:00.000000000,261.27,273.56474
2021-07-30T21:00:00.000000000,251.84,262.32992
2021-07-30T22:00:00.000000000,236.21,252.41445
2021-07-30T23:00:00.000000000,199.82,247.53679
2021-07-31T00:00:00.000000000,166.79,197.62991
2021-07-31T01:00:00.000000000,129.25,196.606
2021-07-31T02:00:00.000000000,118.76,196.92184
2021-07-31T03:00:00.000000000,114.14,195.70505
2021-07-31T04:00:00.000000000,111.82,192.2804
2021-07-31T05:00:00.000000000,110.3,185.87578
2021-07-31T06:00:00.000000000,97.8,176.172
2021-07-31T07:00:00.000000000,82.79,165.31501
2021-07-31T08:00:00.000000000,73.0,153.49459
2021-07-31T09:00:00.000000000,71.41,141.91077
2021-07-31T10:00:00.000000000,69.08,131.32283
2021-07-31T11:00:00.000000000,70.17,123.72689
2021-07-31T12:00:00.000000000,71.17,122.01401
2021-07-31T13:00:00.000000000,72.67,127.49578
2021-07-31T14:00:00.000000000,74.94,140.50758
2021-07-31T15:00:00.000000000,78.17,159.87989
2021-07-31T16:00:00.000000000,87.49,183.66853
2021-07-31T17:00:00.000000000,111.04,208.19676
2021-07-31T18:00:00.000000000,136.51,229.79085
2021-07-31T19:00:00.000000000,169.88,246.13963
2021-07-31T20:00:00.000000000,184.68,255.98656
2021-07-31T21:00:00.000000000,181.75,259.89742
2021-07-31T22:00:00.000000000,168.6,259.24637
2021-07-31T23:00:00.000000000,173.68,257.38488
2021-07-29T00:00:00.000000000,176.04,142.65935
2021-07-29T01:00:00.000000000,126.77,139.48192
2021-07-29T02:00:00.000000000,123.34,137.38389
2021-07-29T03:00:00.000000000,126.49,134.82806
2021-07-29T04:00:00.000000000,131.9,132.30705
2021-07-29T05:00:00.000000000,140.47,128.28592
2021-07-29T06:00:00.000000000,134.91,121.38103
2021-07-29T07:00:00.000000000,111.4,112.58859
2021-07-29T08:00:00.000000000,85.11,101.79621
2021-07-29T09:00:00.000000000,80.75,90.68413
2021-07-29T10:00:00.000000000,78.17,80.35505
2021-07-29T11:00:00.000000000,76.82,72.62369
2021-07-29T12:00:00.000000000,74.78,69.59388
2021-07-29T13:00:00.000000000,74.08,72.0812
2021-07-29T14:00:00.000000000,75.85,80.80075
2021-07-29T15:00:00.000000000,79.52,95.67685
2021-07-29T16:00:00.000000000,99.58,115.81692
2021-07-29T17:00:00.000000000,127.85,138.3013
2021-07-29T18:00:00.000000000,157.16,159.37373
2021-07-29T19:00:00.000000000,187.56,175.87112
2021-07-29T20:00:00.000000000,194.84,185.83587
2021-07-29T21:00:00.000000000,188.75,189.63751
2021-07-29T22:00:00.000000000,188.54,188.58899
2021-07-29T23:00:00.000000000,191.59,186.4787
2021-07-30T00:00:00.000000000,168.79,175.53994
2021-07-30T01:00:00.000000000,191.72,179.74429
2021-07-30T02:00:00.000000000,193.38,186.98439
2021-07-30T03:00:00.000000000,189.85,192.09757
2021-07-30T04:00:00.000000000,193.95,192.05204
2021-07-30T05:00:00.000000000,195.27,184.89089
2021-07-30T06:00:00.000000000,185.58,170.84636
2021-07-30T07:00:00.000000000,167.52,153.88301
2021-07-30T08:00:00.000000000,143.43,136.38881
2021-07-30T09:00:00.000000000,117.4,121.14366
2021-07-30T10:00:00.000000000,99.69,109.80834
2021-07-30T11:00:00.000000000,94.94,104.40021
2021-07-30T12:00:00.000000000,95.89,107.62026
2021-07-30T13:00:00.000000000,101.49,121.0345
2021-07-30T14:00:00.000000000,108.58,144.81791
2021-07-30T15:00:00.000000000,133.53,176.33466
2021-07-30T16:00:00.000000000,176.98,210.2626
2021-07-30T17:00:00.000000000,217.18,239.44184
2021-07-30T18:00:00.000000000,252.77,258.81304
2021-07-30T19:00:00.000000000,264.71,267.38633
2021-07-30T20:00:00.000000000,261.27,266.62863
2021-07-30T21:00:00.000000000,251.84,260.36221
2021-07-30T22:00:00.000000000,236.21,252.64251
2021-07-30T23:00:00.000000000,199.82,247.7156
2021-07-31T00:00:00.000000000,166.79,218.024
2021-07-31T01:00:00.000000000,129.25,217.02493
2021-07-31T02:00:00.000000000,118.76,214.79072
2021-07-31T03:00:00.000000000,114.14,208.42161
2021-07-31T04:00:00.000000000,111.82,197.73891
2021-07-31T05:00:00.000000000,110.3,183.34954
2021-07-31T06:00:00.000000000,97.8,166.96413
2021-07-31T07:00:00.000000000,82.79,152.36434
2021-07-31T08:00:00.000000000,73.0,139.94376
2021-07-31T09:00:00.000000000,71.41,130.12201
2021-07-31T10:00:00.000000000,69.08,122.33293
2021-07-31T11:00:00.000000000,70.17,117.82706
2021-07-31T12:00:00.000000000,71.17,119.25245
2021-07-31T13:00:00.000000000,72.67,127.77389
2021-07-31T14:00:00.000000000,74.94,143.00487
2021-07-31T15:00:00.000000000,78.17,162.2556
2021-07-31T16:00:00.000000000,87.49,182.45115
2021-07-31T17:00:00.000000000,111.04,200.37721
2021-07-31T18:00:00.000000000,136.51,214.17091
2021-07-31T19:00:00.000000000,169.88,223.43921
2021-07-31T20:00:00.000000000,184.68,228.61235
2021-07-31T21:00:00.000000000,181.75,230.87792
2021-07-31T22:00:00.000000000,168.6,231.13932
2021-07-31T23:00:00.000000000,173.68,231.77365
2021-08-01T00:00:00.000000000,199.24,226.54659
2021-08-01T01:00:00.000000000,186.25,230.1853
2021-08-01T02:00:00.000000000,191.78,240.01328
2021-08-01T03:00:00.000000000,200.5,253.11168
2021-08-01T04:00:00.000000000,204.98,267.03732
2021-08-01T05:00:00.000000000,210.29,278.16674
2021-08-01T06:00:00.000000000,212.76,282.9506
2021-08-01T07:00:00.000000000,197.31,282.84185
2021-08-01T08:00:00.000000000,176.52,279.1333
2021-08-01T09:00:00.000000000,155.35,273.58816
2021-08-01T10:00:00.000000000,139.97,267.50753
2021-08-01T11:00:00.000000000,127.37,263.94934
2021-08-01T12:00:00.000000000,114.44,266.38758
2021-08-01T13:00:00.000000000,113.04,275.02624
2021-08-01T14:00:00.000000000,116.64,288.92714
2021-08-01T15:00:00.000000000,129.97,306.827
2021-08-01T16:00:00.000000000,158.63,327.2881
2021-08-01T17:00:00.000000000,198.65,346.34372
2021-08-01T18:00:00.000000000,225.12,360.38054
2021-08-01T19:00:00.000000000,245.52,369.26696
2021-08-01T20:00:00.000000000,251.49,373.268
2021-08-01T21:00:00.000000000,248.66,372.06334
2021-08-01T22:00:00.000000000,237.21,366.36419
2021-08-01T23:00:00.000000000,216.67,359.28643
2021-07-30T00:00:00.000000000,168.79,181.42919
2021-07-30T01:00:00.000000000,191.72,183.61857
2021-07-30T02:00:00.000000000,193.38,189.76499
2021-07-30T03:00:00.000000000,189.85,195.64243
2021-07-30T04:00:00.000000000,193.95,197.80802
2021-07-30T05:00:00.000000000,195.27,192.59272
2021-07-30T06:00:00.000000000,185.58,178.70183
2021-07-30T07:00:00.000000000,167.52,160.18755
2021-07-30T08:00:00.000000000,143.43,140.7914
2021-07-30T09:00:00.000000000,117.4,124.65754
2021-07-30T10:00:00.000000000,99.69,113.71721
2021-07-30T11:00:00.000000000,94.94,108.65025
2021-07-30T12:00:00.000000000,95.89,110.6645
2021-07-30T13:00:00.000000000,101.49,121.0451
2021-07-30T14:00:00.000000000,108.58,141.65187
2021-07-30T15:00:00.000000000,133.53,172.22591
2021-07-30T16:00:00.000000000,176.98,208.43978
2021-07-30T17:00:00.000000000,217.18,241.89516
2021-07-30T18:00:00.000000000,252.77,265.39125
2021-07-30T19:00:00.000000000,264.71,276.79119
2021-07-30T20:00:00.000000000,261.27,277.70195
2021-07-30T21:00:00.000000000,251.84,272.40103
2021-07-30T22:00:00.000000000,236.21,264.9691
2021-07-30T23:00:00.000000000,199.82,259.32518
2021-07-31T00:00:00.000000000,166.79,217.14678
2021-07-31T01:00:00.000000000,129.25,217.40169
2021-07-31T02:00:00.000000000,118.76,216.68695
2021-07-31T03:00:00.000000000,114.14,211.55932
2021-07-31T04:00:00.000000000,111.82,201.53818
2021-07-31T05:00:00.000000000,110.3,187.37514
2021-07-31T06:00:00.000000000,97.8,171.0369
2021-07-31T07:00:00.000000000,82.79,156.48088
2021-07-31T08:00:00.000000000,73.0,144.1365
2021-07-31T09:00:00.000000000,71.41,134.36018
2021-07-31T10:00:00.000000000,69.08,126.63576
2021-07-31T11:00:00.000000000,70.17,122.39654
2021-07-31T12:00:00.000000000,71.17,124.55736
2021-07-31T13:00:00.000000000,72.67,134.47559
2021-07-31T14:00:00.000000000,74.94,151.646
2021-07-31T15:00:00.000000000,78.17,173.07664
2021-07-31T16:00:00.000000000,87.49,195.28163
2021-07-31T17:00:00.000000000,111.04,214.69139
2021-07-31T18:00:00.000000000,136.51,229.33589
2021-07-31T19:00:00.000000000,169.88,238.98474
2021-07-31T20:00:00.000000000,184.68,244.18743
2021-07-31T21:00:00.000000000,181.75,246.28576
2021-07-31T22:00:00.000000000,168.6,246.42052
2021-07-31T23:00:00.000000000,173.68,247.05694
2021-08-01T00:00:00.000000000,199.24,245.75694
2021-08-01T01:00:00.000000000,186.25,250.51055
2021-08-01T02:00:00.000000000,191.78,257.81528
2021-08-01T03:00:00.000000000,200.5,264.1075
2021-08-01T04:00:00.000000000,204.98,266.79986
2021-08-01T05:00:00.000000000,210.29,264.45013
2021-08-01T06:00:00.000000000,212.76,256.49428
2021-08-01T07:00:00.000000000,197.31,245.83041
2021-08-01T08:00:00.000000000,176.52,234.17324
2021-08-01T09:00:00.000000000,155.35,223.87006
2021-08-01T10:00:00.000000000,139.97,216.26705
2021-08-01T11:00:00.000000000,127.37,213.25604
2021-08-01T12:00:00.000000000,114.44,217.29839
2021-08-01T13:00:00.000000000,113.04,228.7615
2021-08-01T14:00:00.000000000,116.64,246.30045
2021-08-01T15:00:00.000000000,129.97,266.53564
2021-08-01T16:00:00.000000000,158.63,285.95108
2021-08-01T17:00:00.000000000,198.65,300.87169
2021-08-01T18:00:00.000000000,225.12,309.66524
2021-08-01T19:00:00.000000000,245.52,313.26595
2021-08-01T20:00:00.000000000,251.49,313.37038
2021-08-01T21:00:00.000000000,248.66,311.95676
2021-08-01T22:00:00.000000000,237.21,310.53401
2021-08-01T23:00:00.000000000,216.67,310.49275
2021-08-02T00:00:00.000000000,302.28,280.75196
2021-08-02T01:00:00.000000000,186.76,281.97278
2021-08-02T02:00:00.000000000,187.29,286.5144
2021-08-02T03:00:00.000000000,198.82,290.46249
2021-08-02T04:00:00.000000000,221.89,291.14339
2021-08-02T05:00:00.000000000,243.77,286.83264
2021-08-02T06:00:00.000000000,237.44,275.84595
2021-08-02T07:00:00.000000000,219.44,260.18304
2021-08-02T08:00:00.000000000,192.91,241.42741
2021-08-02T09:00:00.000000000,174.71,222.7909
2021-08-02T10:00:00.000000000,159.9,207.35454
2021-08-02T11:00:00.000000000,154.59,198.05601
2021-08-02T12:00:00.000000000,157.96,198.02406
2021-08-02T13:00:00.000000000,162.29,207.91673
2021-08-02T14:00:00.000000000,167.15,226.81068
2021-08-02T15:00:00.000000000,188.9,252.30707
2021-08-02T16:00:00.000000000,227.15,281.41955
2021-08-02T17:00:00.000000000,272.42,309.28705
2021-08-02T18:00:00.000000000,315.68,331.7882
2021-08-02T19:00:00.000000000,341.36,346.7693
2021-08-02T20:00:00.000000000,347.72,353.59671
2021-08-02T21:00:00.000000000,345.65,354.0868
2021-08-02T22:00:00.000000000,335.8,350.98562
2021-08-02T23:00:00.000000000,339.29,347.63905
2021-07-31T00:00:00.000000000,166.79,164.70703
2021-07-31T01:00:00.000000000,129.25,159.5139
2021-07-31T02:00:00.000000000,118.76,154.28569
2021-07-31T03:00:00.000000000,114.14,147.35113
2021-07-31T04:00:00.000000000,111.82,139.84436
2021-07-31T05:00:00.000000000,110.3,131.75855
2021-07-31T06:00:00.000000000,97.8,123.16616
2021-07-31T07:00:00.000000000,82.79,115.57568
2021-07-31T08:00:00.000000000,73.0,107.87966
2021-07-31T09:00:00.000000000,71.41,100.1665
2021-07-31T10:00:00.000000000,69.08,92.23089
2021-07-31T11:00:00.000000000,70.17,85.6375
2021-07-31T12:00:00.000000000,71.17,83.04289
2021-07-31T13:00:00.000000000,72.67,85.90169
2021-07-31T14:00:00.000000000,74.94,95.06927
2021-07-31T15:00:00.000000000,78.17,110.25477
2021-07-31T16:00:00.000000000,87.49,130.5929
2021-07-31T17:00:00.000000000,111.04,153.44563
2021-07-31T18:00:00.000000000,136.51,175.4331
2021-07-31T19:00:00.000000000,169.88,193.37694
2021-07-31T20:00:00.000000000,184.68,204.91794
2021-07-31T21:00:00.000000000,181.75,209.76355
2021-07-31T22:00:00.000000000,168.6,208.87272
2021-07-31T23:00:00.000000000,173.68,206.08449
2021-08-01T00:00:00.000000000,199.24,222.21733
2021-08-01T01:00:00.000000000,186.25,226.44284
2021-08-01T02:00:00.000000000,191.78,233.31892
2021-08-01T03:00:00.000000000,200.5,239.88471
2021-08-01T04:00:00.000000000,204.98,243.75611
2021-08-01T05:00:00.000000000,210.29,243.091
2021-08-01T06:00:00.000000000,212.76,237.08714
2021-08-01T07:00:00.000000000,197.31,228.49859
2021-08-01T08:00:00.000000000,176.52,218.98932
2021-08-01T09:00:00.000000000,155.35,210.75266
2021-08-01T10:00:00.000000000,139.97,204.60753
2021-08-01T11:00:00.000000000,127.37,201.8853
2021-08-01T12:00:00.000000000,114.44,204.53418
2021-08-01T13:00:00.000000000,113.04,212.98889
2021-08-01T14:00:00.000000000,116.64,226.72869
2021-08-01T15:00:00.000000000,129.97,243.4712
2021-08-01T16:00:00.000000000,158.63,260.53971
2021-08-01T17:00:00.000000000,198.65,274.59234
2021-08-01T18:00:00.000000000,225.12,283.74406
2021-08-01T19:00:00.000000000,245.52,288.6194
2021-08-01T20:00:00.000000000,251.49,290.60545
2021-08-01T21:00:00.000000000,248.66,291.20095
2021-08-01T22:00:00.000000000,237.21,291.27709
2021-08-01T23:00:00.000000000,216.67,291.92559
2021-08-02T00:00:00.000000000,302.28,271.9987
2021-08-02T01:00:00.000000000,186.76,274.70823
2021-08-02T02:00:00.000000000,187.29,279.71732
2021-08-02T03:00:00.000000000,198.82,282.52146
2021-08-02T04:00:00.000000000,221.89,280.39572
2021-08-02T05:00:00.000000000,243.77,272.66837
2021-08-02T06:00:00.000000000,237.44,259.05974
2021-08-02T07:00:00.000000000,219.44,242.20351
2021-08-02T08:00:00.000000000,192.91,223.50933
2021-08-02T09:00:00.000000000,174.71,205.72327
2021-08-02T10:00:00.000000000,159.9,191.44303
2021-08-02T11:00:00.000000000,154.59,183.43386
2021-08-02T12:00:00.000000000,157.96,184.75563
2021-08-02T13:00:00.000000000,162.29,196.16808
2021-08-02T14:00:00.000000000,167.15,216.40707
2021-08-02T15:00:00.000000000,188.9,242.19874
2021-08-02T16:00:00.000000000,227.15,269.93936
2021-08-02T17:00:00.000000000,272.42,295.17056
2021-08-02T18:00:00.000000000,315.68,314.80924
2021-08-02T19:00:00.000000000,341.36,327.33652
2021-08-02T20:00:00.000000000,347.72,332.39281
2021-08-02T21:00:00.000000000,345.65,332.18623
2021-08-02T22:00:00.000000000,335.8,329.69836
2021-08-02T23:00:00.000000000,339.29,327.9839
2021-08-03T00:00:00.000000000,362.44,340.53321
2021-08-03T01:00:00.000000000,344.41,338.66631
2021-08-03T02:00:00.000000000,349.4,339.83333
2021-08-03T03:00:00.000000000,356.53,340.9579
2021-08-03T04:00:00.000000000,366.41,339.67897
2021-08-03T05:00:00.000000000,366.35,333.83332
2021-08-03T06:00:00.000000000,342.63,321.26818
2021-08-03T07:00:00.000000000,314.5,304.21945
2021-08-03T08:00:00.000000000,287.32,284.67262
2021-08-03T09:00:00.000000000,271.67,266.27762
2021-08-03T10:00:00.000000000,264.31,252.24583
2021-08-03T11:00:00.000000000,258.28,244.7099
2021-08-03T12:00:00.000000000,255.2,246.43827
2021-08-03T13:00:00.000000000,254.48,257.4385
2021-08-03T14:00:00.000000000,265.75,276.49999
2021-08-03T15:00:00.000000000,292.83,300.69805
2021-08-03T16:00:00.000000000,324.64,326.58311
2021-08-03T17:00:00.000000000,352.72,349.59125
2021-08-03T18:00:00.000000000,375.53,366.53588
2021-08-03T19:00:00.000000000,389.06,376.42051
2021-08-03T20:00:00.000000000,389.23,379.76022
2021-08-03T21:00:00.000000000,384.29,378.45941
2021-08-03T22:00:00.000000000,376.64,374.69472
2021-08-03T23:00:00.000000000,371.1,371.13211
2021-08-01T00:00:00.000000000,199.24,205.31009
2021-08-01T01:00:00.000000000,186.25,205.50189
2021-08-01T02:00:00.000000000,191.78,210.90001
2021-08-01T03:00:00.000000000,200.5,219.77719
2021-08-01T04:00:00.000000000,204.98,230.2806
2021-08-01T05:00:00.000000000,210.29,239.27748
2021-08-01T06:00:00.000000000,212.76,243.70579
2021-08-01T07:00:00.000000000,197.31,244.33433
2021-08-01T08:00:00.000000000,176.52,241.38135
2021-08-01T09:00:00.000000000,155.35,235.93527
2021-08-01T10:00:00.000000000,139.97,228.55683
2021-08-01T11:00:00.000000000,127.37,221.33588
2021-08-01T12:00:00.000000000,114.44,217.02833
2021-08-01T13:00:00.000000000,113.04,216.70504
2021-08-01T14:00:00.000000000,116.64,221.45472
2021-08-01T15:00:00.000000000,129.97,231.96536
2021-08-01T16:00:00.000000000,158.63,248.30845
2021-08-01T17:00:00.000000000,198.65,267.41673
2021-08-01T18:00:00.000000000,225.12,285.33159
2021-08-01T19:00:00.000000000,245.52,300.07287
2021-08-01T20:00:00.000000000,251.49,310.07762
2021-08-01T21:00:00.000000000,248.66,314.20888
2021-08-01T22:00:00.000000000,237.21,312.51492
2021-08-01T23:00:00.000000000,216.67,307.72286
2021-08-02T00:00:00.000000000,302.28,274.57074
2021-08-02T01:00:00.000000000,186.76,276.83189
2021-08-02T02:00:00.000000000,187.29,281.11017
2021-08-02T03:00:00.000000000,198.82,282.72692
2021-08-02T04:00:00.000000000,221.89,279.27487
2021-08-02T05:00:00.000000000,243.77,270.71655
2021-08-02T06:00:00.000000000,237.44,257.15555
2021-08-02T07:00:00.000000000,219.44,241.12332
2021-08-02T08:00:00.000000000,192.91,223.50636
2021-08-02T09:00:00.000000000,174.71,206.52032
2021-08-02T10:00:00.000000000,159.9,192.56982
2021-08-02T11:00:00.000000000,154.59,184.63579
2021-08-02T12:00:00.000000000,157.96,186.15616
2021-08-02T13:00:00.000000000,162.29,198.05134
2021-08-02T14:00:00.000000000,167.15,218.91303
2021-08-02T15:00:00.000000000,188.9,245.3319
2021-08-02T16:00:00.000000000,227.15,273.80612
2021-08-02T17:00:00.000000000,272.42,300.15026
2021-08-02T18:00:00.000000000,315.68,321.43094
2021-08-02T19:00:00.000000000,341.36,335.92643
2021-08-02T20:00:00.000000000,347.72,342.75189
2021-08-02T21:00:00.000000000,345.65,343.69189
2021-08-02T22:00:00.000000000,335.8,341.62965
2021-08-02T23:00:00.000000000,339.29,339.8054
2021-08-03T00:00:00.000000000,362.44,343.61388
2021-08-03T01:00:00.000000000,344.41,344.57437
2021-08-03T02:00:00.000000000,349.4,347.24069
2021-08-03T03:00:00.000000000,356.53,347.91393
2021-08-03T04:00:00.000000000,366.41,344.65742
2021-08-03T05:00:00.000000000,366.35,336.98649
2021-08-03T06:00:00.000000000,342.63,324.1457
2021-08-03T07:00:00.000000000,314.5,308.48181
2021-08-03T08:00:00.000000000,287.32,291.15015
2021-08-03T09:00:00.000000000,271.67,274.80815
2021-08-03T10:00:00.000000000,264.31,262.20777
2021-08-03T11:00:00.000000000,258.28,256.13976
2021-08-03T12:00:00.000000000,255.2,260.11294
2021-08-03T13:00:00.000000000,254.48,273.92995
2021-08-03T14:00:00.000000000,265.75,294.78083
2021-08-03T15:00:00.000000000,292.83,317.72206
2021-08-03T16:00:00.000000000,324.64,338.7352
2021-08-03T17:00:00.000000000,352.72,354.87102
2021-08-03T18:00:00.000000000,375.53,365.52077
2021-08-03T19:00:00.000000000,389.06,371.25792
2021-08-03T20:00:00.000000000,389.23,372.80521
2021-08-03T21:00:00.000000000,384.29,371.6435
2021-08-03T22:00:00.000000000,376.64,369.568
2021-08-03T23:00:00.000000000,371.1,368.7404
2021-08-04T00:00:00.000000000,365.82,376.96238
2021-08-04T01:00:00.000000000,361.04,379.53579
2021-08-04T02:00:00.000000000,362.97,384.96243
2021-08-04T03:00:00.000000000,374.31,391.50981
2021-08-04T04:00:00.000000000,384.33,397.2129
2021-08-04T05:00:00.000000000,385.35,399.60432
2021-08-04T06:00:00.000000000,363.37,396.16238
2021-08-04T07:00:00.000000000,332.3,389.16033
2021-08-04T08:00:00.000000000,302.84,380.64809
2021-08-04T09:00:00.000000000,280.36,373.42727
2021-08-04T10:00:00.000000000,269.13,368.5681
2021-08-04T11:00:00.000000000,264.42,366.49227
2021-08-04T12:00:00.000000000,263.85,368.68001
2021-08-04T13:00:00.000000000,268.87,374.15442
2021-08-04T14:00:00.000000000,281.94,382.04311
2021-08-04T15:00:00.000000000,304.05,390.71562
2021-08-04T16:00:00.000000000,327.84,398.88101
2021-08-04T17:00:00.000000000,350.21,404.08292
2021-08-04T18:00:00.000000000,370.21,404.94384
2021-08-04T19:00:00.000000000,380.89,402.84997
2021-08-04T20:00:00.000000000,378.73,400.19693
2021-08-04T21:00:00.000000000,372.14,398.03431
2021-08-04T22:00:00.000000000,365.69,396.49901
2021-08-04T23:00:00.000000000,364.55,395.8261
2021-08-02T00:00:00.000000000,302.28,186.80404
2021-08-02T01:00:00.000000000,186.76,185.41748
2021-08-02T02:00:00.000000000,187.29,188.25521
2021-08-02T03:00:00.000000000,198.82,192.38341
2021-08-02T04:00:00.000000000,221.89,196.34609
2021-08-02T05:00:00.000000000,243.77,197.6446
2021-08-02T06:00:00.000000000,237.44,193.77222
2021-08-02T07:00:00.000000000,219.44,185.70875
2021-08-02T08:00:00.000000000,192.91,173.86929
2021-08-02T09:00:00.000000000,174.71,160.18217
2021-08-02T10:00:00.000000000,159.9,146.59465
2021-08-02T11:00:00.000000000,154.59,135.89103
2021-08-02T12:00:00.000000000,157.96,131.05402
2021-08-02T13:00:00.000000000,162.29,133.41025
2021-08-02T14:00:00.000000000,167.15,144.26179
2021-08-02T15:00:00.000000000,188.9,164.6505
2021-08-02T16:00:00.000000000,227.15,194.01973
2021-08-02T17:00:00.000000000,272.42,227.59556
2021-08-02T18:00:00.000000000,315.68,259.05137
2021-08-02T19:00:00.000000000,341.36,283.82296
2021-08-02T20:00:00.000000000,347.72,298.79308
2021-08-02T21:00:00.000000000,345.65,303.78575
2021-08-02T22:00:00.000000000,335.8,300.79537
2021-08-02T23:00:00.000000000,339.29,294.69209
2021-08-03T00:00:00.000000000,362.44,316.52043
2021-08-03T01:00:00.000000000,344.41,317.54586
2021-08-03T02:00:00.000000000,349.4,321.83883
2021-08-03T03:00:00.000000000,356.53,326.00395
2021-08-03T04:00:00.000000000,366.41,327.32083
2021-08-03T05:00:00.000000000,366.35,323.39311
2021-08-03T06:00:00.000000000,342.63,312.26541
2021-08-03T07:00:00.000000000,314.5,296.33161
2021-08-03T08:00:00.000000000,287.32,277.63719
2021-08-03T09:00:00.000000000,271.67,259.60477
2021-08-03T10:00:00.000000000,264.31,245.28193
2021-08-03T11:00:00.000000000,258.28,237.31423
2021-08-03T12:00:00.000000000,255.2,238.83623
2021-08-03T13:00:00.000000000,254.48,249.9614
2021-08-03T14:00:00.000000000,265.75,268.88583
2021-08-03T15:00:00.000000000,292.83,291.75352
2021-08-03T16:00:00.000000000,324.64,314.50896
2021-08-03T17:00:00.000000000,352.72,332.73559
2021-08-03T18:00:00.000000000,375.53,344.09716
2021-08-03T19:00:00.000000000,389.06,348.73281
2021-08-03T20:00:00.000000000,389.23,347.99142
2021-08-03T21:00:00.000000000,384.29,344.02562
2021-08-03T22:00:00.000000000,376.64,339.06596
2021-08-03T23:00:00.000000000,371.1,335.73288
2021-08-04T00:00:00.000000000,365.82,356.1242
2021-08-04T01:00:00.000000000,361.04,361.18887
2021-08-04T02:00:00.000000000,362.97,367.1738
2021-08-04T03:00:00.000000000,374.31,371.45878
2021-08-04T04:00:00.000000000,384.33,372.5112
2021-08-04T05:00:00.000000000,385.35,369.31862
2021-08-04T06:00:00.000000000,363.37,360.96294
2021-08-04T07:00:00.000000000,332.3,350.56829
2021-08-04T08:00:00.000000000,302.84,340.14128
2021-08-04T09:00:00.000000000,280.36,332.09073
2021-08-04T10:00:00.000000000,269.13,327.3419
2021-08-04T11:00:00.000000000,264.42,326.96831
2021-08-04T12:00:00.000000000,263.85,332.96316
2021-08-04T13:00:00.000000000,268.87,344.00374
2021-08-04T14:00:00.000000000,281.94,357.46942
2021-08-04T15:00:00.000000000,304.05,369.60124
2021-08-04T16:00:00.000000000,327.84,378.02573
2021-08-04T17:00:00.000000000,350.21,381.27544
2021-08-04T18:00:00.000000000,370.21,380.10622
2021-08-04T19:00:00.000000000,380.89,377.34655
2021-08-04T20:00:00.000000000,378.73,375.59233
2021-08-04T21:00:00.000000000,372.14,375.68742
2021-08-04T22:00:00.000000000,365.69,377.37086
2021-08-04T23:00:00.000000000,364.55,380.61019
2021-08-05T00:00:00.000000000,263.19,390.90904
2021-08-05T01:00:00.000000000,358.82,385.74658
2021-08-05T02:00:00.000000000,357.93,383.40826
2021-08-05T03:00:00.000000000,362.0,383.90895
2021-08-05T04:00:00.000000000,367.47,386.07476
2021-08-05T05:00:00.000000000,367.95,386.69146
2021-08-05T06:00:00.000000000,351.53,381.58381
2021-08-05T07:00:00.000000000,327.77,371.34922
2021-08-05T08:00:00.000000000,297.68,356.84346
2021-08-05T09:00:00.000000000,268.37,340.55942
2021-08-05T10:00:00.000000000,252.22,324.51196
2021-08-05T11:00:00.000000000,241.95,310.24853
2021-08-05T12:00:00.000000000,234.81,300.33247
2021-08-05T13:00:00.000000000,230.99,295.39435
2021-08-05T14:00:00.000000000,236.14,296.30424
2021-08-05T15:00:00.000000000,251.89,303.18979
2021-08-05T16:00:00.000000000,283.31,315.67505
2021-08-05T17:00:00.000000000,309.1,330.5763
2021-08-05T18:00:00.000000000,334.5,344.37024
2021-08-05T19:00:00.000000000,341.76,354.97423
2021-08-05T20:00:00.000000000,331.79,361.54533
2021-08-05T21:00:00.000000000,311.22,363.90341
2021-08-05T22:00:00.000000000,273.95,362.22958
2021-08-05T23:00:00.000000000,239.07,358.45933
2021-08-03T00:00:00.000000000,362.44,351.12144
2021-08-03T01:00:00.000000000,344.41,345.94579
2021-08-03T02:00:00.000000000,349.4,343.44044
2021-08-03T03:00:00.000000000,356.53,341.63957
2021-08-03T04:00:00.000000000,366.41,338.94094
2021-08-03T05:00:00.000000000,366.35,333.2019
2021-08-03T06:00:00.000000000,342.63,321.96542
2021-08-03T07:00:00.000000000,314.5,306.96538
2021-08-03T08:00:00.000000000,287.32,289.51156
2021-08-03T09:00:00.000000000,271.67,272.56589
2021-08-03T10:00:00.000000000,264.31,258.80495
2021-08-03T11:00:00.000000000,258.28,250.15214
2021-08-03T12:00:00.000000000,255.2,249.22537
2021-08-03T13:00:00.000000000,254.48,256.0516
2021-08-03T14:00:00.000000000,265.75,269.94087
2021-08-03T15:00:00.000000000,292.83,288.97834
2021-08-03T16:00:00.000000000,324.64,310.93044
2021-08-03T17:00:00.000000000,352.72,331.88317
2021-08-03T18:00:00.000000000,375.53,348.47394
2021-08-03T19:00:00.000000000,389.06,359.01504
2021-08-03T20:00:00.000000000,389.23,363.2309
2021-08-03T21:00:00.000000000,384.29,362.15409
2021-08-03T22:00:00.000000000,376.64,357.46502
2021-08-03T23:00:00.000000000,371.1,352.07576
2021-08-04T00:00:00.000000000,365.82,360.45719
2021-08-04T01:00:00.000000000,361.04,363.4349
2021-08-04T02:00:00.000000000,362.97,367.86746
2021-08-04T03:00:00.000000000,374.31,371.52341
2021-08-04T04:00:00.000000000,384.33,372.83354
2021-08-04T05:00:00.000000000,385.35,370.27888
2021-08-04T06:00:00.000000000,363.37,362.24071
2021-08-04T07:00:00.000000000,332.3,351.26594
2021-08-04T08:00:00.000000000,302.84,339.13543
2021-08-04T09:00:00.000000000,280.36,328.41512
2021-08-04T10:00:00.000000000,269.13,320.53814
2021-08-04T11:00:00.000000000,264.42,316.91763
2021-08-04T12:00:00.000000000,263.85,319.86847
2021-08-04T13:00:00.000000000,268.87,328.58115
2021-08-04T14:00:00.000000000,281.94,340.98492
2021-08-04T15:00:00.000000000,304.05,353.75659
2021-08-04T16:00:00.000000000,327.84,364.52279
2021-08-04T17:00:00.000000000,350.21,371.19022
2021-08-04T18:00:00.000000000,370.21,373.55421
2021-08-04T19:00:00.000000000,380.89,373.42474
2021-08-04T20:00:00.000000000,378.73,372.78502
2021-08-04T21:00:00.000000000,372.14,372.54783
2021-08-04T22:00:00.000000000,365.69,372.86919
2021-08-04T23:00:00.000000000,364.55,374.33707
2021-08-05T00:00:00.000000000,263.19,379.2689
2021-08-05T01:00:00.000000000,358.82,378.89495
2021-08-05T02:00:00.000000000,357.93,378.41987
2021-08-05T03:00:00.000000000,362.0,376.90594
2021-08-05T04:00:00.000000000,367.47,373.49299
2021-08-05T05:00:00.000000000,367.95,367.10295
2021-08-05T06:00:00.000000000,351.53,356.34935
2021-08-05T07:00:00.000000000,327.77,343.68506
2021-08-05T08:00:00.000000000,297.68,330.73431
2021-08-05T09:00:00.000000000,268.37,319.83811
2021-08-05T10:00:00.000000000,252.22,311.88638
2021-08-05T11:00:00.000000000,241.95,306.94471
2021-08-05T12:00:00.000000000,234.81,306.27607
2021-08-05T13:00:00.000000000,230.99,309.3705
2021-08-05T14:00:00.000000000,236.14,315.45215
2021-08-05T15:00:00.000000000,251.89,322.57084
2021-08-05T16:00:00.000000000,283.31,329.39395
2021-08-05T17:00:00.000000000,309.1,334.48415
2021-08-05T18:00:00.000000000,334.5,337.8507
2021-08-05T19:00:00.000000000,341.76,340.44745
2021-08-05T20:00:00.000000000,331.79,343.27004
2021-08-05T21:00:00.000000000,311.22,346.77712
2021-08-05T22:00:00.000000000,273.95,350.54036
2021-08-05T23:00:00.000000000,239.07,354.30299
2021-08-06T00:00:00.000000000,217.45,336.84308
2021-08-06T01:00:00.000000000,231.68,328.55557
2021-08-06T02:00:00.000000000,237.86,322.59492
2021-08-06T03:00:00.000000000,246.67,318.22156
2021-08-06T04:00:00.000000000,251.35,314.92738
2021-08-06T05:00:00.000000000,252.96,311.25445
2021-08-06T06:00:00.000000000,239.76,303.74112
2021-08-06T07:00:00.000000000,223.07,291.61066
2021-08-06T08:00:00.000000000,204.41,274.29899
2021-08-06T09:00:00.000000000,184.84,254.24465
2021-08-06T10:00:00.000000000,150.84,234.84283
2021-08-06T11:00:00.000000000,131.85,219.17715
2021-08-06T12:00:00.000000000,121.9,210.36503
2021-08-06T13:00:00.000000000,120.82,208.8474
2021-08-06T14:00:00.000000000,133.81,214.28004
2021-08-06T15:00:00.000000000,150.82,225.84863
2021-08-06T16:00:00.000000000,175.5,243.54355
2021-08-06T17:00:00.000000000,212.45,265.27323
2021-08-06T18:00:00.000000000,243.21,287.62308
2021-08-06T19:00:00.000000000,261.26,306.1931
2021-08-06T20:00:00.000000000,259.56,317.47673
2021-08-06T21:00:00.000000000,250.63,321.03438
2021-08-06T22:00:00.000000000,242.44,318.36029
2021-08-06T23:00:00.000000000,219.83,312.8664
2021-08-04T00:00:00.000000000,365.82,369.67602
2021-08-04T01:00:00.000000000,361.04,365.39125
2021-08-04T02:00:00.000000000,362.97,364.3072
2021-08-04T03:00:00.000000000,374.31,365.47721
2021-08-04T04:00:00.000000000,384.33,367.32607
2021-08-04T05:00:00.000000000,385.35,366.49133
2021-08-04T06:00:00.000000000,363.37,359.25202
2021-08-04T07:00:00.000000000,332.3,347.15488
2021-08-04T08:00:00.000000000,302.84,331.88954
2021-08-04T09:00:00.000000000,280.36,316.43455
2021-08-04T10:00:00.000000000,269.13,302.93699
2021-08-04T11:00:00.000000000,264.42,292.99013
2021-08-04T12:00:00.000000000,263.85,288.99289
2021-08-04T13:00:00.000000000,268.87,290.95903
2021-08-04T14:00:00.000000000,281.94,298.97251
2021-08-04T15:00:00.000000000,304.05,312.49238
2021-08-04T16:00:00.000000000,327.84,330.39416
2021-08-04T17:00:00.000000000,350.21,348.7702
2021-08-04T18:00:00.000000000,370.21,363.74178
2021-08-04T19:00:00.000000000,380.89,373.78966
2021-08-04T20:00:00.000000000,378.73,378.87145
2021-08-04T21:00:00.000000000,372.14,379.31782
2021-08-04T22:00:00.000000000,365.69,375.76819
2021-08-04T23:00:00.000000000,364.55,370.69457
2021-08-05T00:00:00.000000000,263.19,365.53021
2021-08-05T01:00:00.000000000,358.82,364.06526
2021-08-05T02:00:00.000000000,357.93,363.15235
2021-08-05T03:00:00.000000000,362.0,361.82163
2021-08-05T04:00:00.000000000,367.47,358.96996
2021-08-05T05:00:00.000000000,367.95,353.10794
2021-08-05T06:00:00.000000000,351.53,342.59257
2021-08-05T07:00:00.000000000,327.77,329.69671
2021-08-05T08:00:00.000000000,297.68,315.99319
2021-08-05T09:00:00.000000000,268.37,303.90854
2021-08-05T10:00:00.000000000,252.22,294.64736
2021-08-05T11:00:00.000000000,241.95,288.55542
2021-08-05T12:00:00.000000000,234.81,287.07545
2021-08-05T13:00:00.000000000,230.99,290.01551
2021-08-05T14:00:00.000000000,236.14,296.82415
2021-08-05T15:00:00.000000000,251.89,305.53463
2021-08-05T16:00:00.000000000,283.31,314.34946
2021-08-05T17:00:00.000000000,309.1,321.047
2021-08-05T18:00:00.000000000,334.5,324.90048
2021-08-05T19:00:00.000000000,341.76,326.50094
2021-08-05T20:00:00.000000000,331.79,326.99014
2021-08-05T21:00:00.000000000,311.22,327.37757
2021-08-05T22:00:00.000000000,273.95,327.97345
2021-08-05T23:00:00.000000000,239.07,329.15287
2021-08-06T00:00:00.000000000,217.45,302.92784
2021-08-06T01:00:00.000000000,231.68,300.42767
2021-08-06T02:00:00.000000000,237.86,298.59181
2021-08-06T03:00:00.000000000,246.67,294.8421
2021-08-06T04:00:00.000000000,251.35,288.09663
2021-08-06T05:00:00.000000000,252.96,278.01432
2021-08-06T06:00:00.000000000,239.76,263.71695
2021-08-06T07:00:00.000000000,223.07,247.1174
2021-08-06T08:00:00.000000000,204.41,229.00939
2021-08-06T09:00:00.000000000,184.84,211.73874
2021-08-06T10:00:00.000000000,150.84,197.41805
2021-08-06T11:00:00.000000000,131.85,188.29391
2021-08-06T12:00:00.000000000,121.9,187.01157
2021-08-06T13:00:00.000000000,120.82,193.87483
2021-08-06T14:00:00.000000000,133.81,207.85597
2021-08-06T15:00:00.000000000,150.82,226.68728
2021-08-06T16:00:00.000000000,175.5,248.53206
2021-08-06T17:00:00.000000000,212.45,270.46004
2021-08-06T18:00:00.000000000,243.21,289.82899
2021-08-06T19:00:00.000000000,261.26,304.42984
2021-08-06T20:00:00.000000000,259.56,312.99663
2021-08-06T21:00:00.000000000,250.63,316.45669
2021-08-06T22:00:00.000000000,242.44,316.41378
2021-08-06T23:00:00.000000000,219.83,315.42458
2021-08-07T00:00:00.000000000,150.51,303.37494
2021-08-07T01:00:00.000000000,209.22,304.63979
2021-08-07T02:00:00.000000000,214.1,309.83193
2021-08-07T03:00:00.000000000,220.27,315.51266
2021-08-07T04:00:00.000000000,223.73,318.16176
2021-08-07T05:00:00.000000000,213.57,314.48179
2021-08-07T06:00:00.000000000,197.17,302.58746
2021-08-07T07:00:00.000000000,179.08,285.64746
2021-08-07T08:00:00.000000000,160.39,266.58478
2021-08-07T09:00:00.000000000,144.66,249.301
2021-08-07T10:00:00.000000000,136.76,236.78347
2021-08-07T11:00:00.000000000,135.48,231.11975
2021-08-07T12:00:00.000000000,138.43,234.84891
2021-08-07T13:00:00.000000000,146.99,248.17359
2021-08-07T14:00:00.000000000,161.48,269.44397
2021-08-07T15:00:00.000000000,180.63,294.25713
2021-08-07T16:00:00.000000000,197.36,317.04528
2021-08-07T17:00:00.000000000,210.33,331.99058
2021-08-07T18:00:00.000000000,216.2,336.47642
2021-08-07T19:00:00.000000000,209.56,331.85873
2021-08-07T20:00:00.000000000,202.07,321.66297
2021-08-07T21:00:00.000000000,188.29,309.89383
2021-08-07T22:00:00.000000000,160.92,299.79321
2021-08-07T23:00:00.000000000,139.44,293.8016
2021-08-05T00:00:00.000000000,263.19,363.6329
2021-08-05T01:00:00.000000000,358.82,355.90857
2021-08-05T02:00:00.000000000,357.93,350.65012
2021-08-05T03:00:00.000000000,362.0,347.72147
2021-08-05T04:00:00.000000000,367.47,345.80112
2021-08-05T05:00:00.000000000,367.95,341.67402
2021-08-05T06:00:00.000000000,351.53,331.95663
2021-08-05T07:00:00.000000000,327.77,318.17562
2021-08-05T08:00:00.000000000,297.68,301.84253
2021-08-05T09:00:00.000000000,268.37,285.75927
2021-08-05T10:00:00.000000000,252.22,271.83024
2021-08-05T11:00:00.000000000,241.95,260.85707
2021-08-05T12:00:00.000000000,234.81,254.54133
2021-08-05T13:00:00.000000000,230.99,253.35805
2021-08-05T14:00:00.000000000,236.14,258.33886
2021-08-05T15:00:00.000000000,251.89,269.44746
2021-08-05T16:00:00.000000000,283.31,285.40369
2021-08-05T17:00:00.000000000,309.1,301.95196
2021-08-05T18:00:00.000000000,334.5,314.9737
2021-08-05T19:00:00.000000000,341.76,322.49009
2021-08-05T20:00:00.000000000,331.79,324.59964
2021-08-05T21:00:00.000000000,311.22,322.38442
2021-08-05T22:00:00.000000000,273.95,317.02696
2021-08-05T23:00:00.000000000,239.07,310.78797
2021-08-06T00:00:00.000000000,217.45,280.03634
2021-08-06T01:00:00.000000000,231.68,278.4953
2021-08-06T02:00:00.000000000,237.86,277.79828
2021-08-06T03:00:00.000000000,246.67,275.23624
2021-08-06T04:00:00.000000000,251.35,269.50916
2021-08-06T05:00:00.000000000,252.96,260.08094
2021-08-06T06:00:00.000000000,239.76,246.3276
2021-08-06T07:00:00.000000000,223.07,230.52172
2021-08-06T08:00:00.000000000,204.41,213.61571
2021-08-06T09:00:00.000000000,184.84,197.83132
2021-08-06T10:00:00.000000000,150.84,184.87242
2021-08-06T11:00:00.000000000,131.85,176.71148
2021-08-06T12:00:00.000000000,121.9,175.78268
2021-08-06T13:00:00.000000000,120.82,182.55957
2021-08-06T14:00:00.000000000,133.81,196.40319
2021-08-06T15:00:00.000000000,150.82,215.30709
2021-08-06T16:00:00.000000000,175.5,237.27824
2021-08-06T17:00:00.000000000,212.45,259.0566
2021-08-06T18:00:00.000000000,243.21,277.78968
2021-08-06T19:00:00.000000000,261.26,291.4776
2021-08-06T20:00:00.000000000,259.56,299.22053
2021-08-06T21:00:00.000000000,250.63,302.17051
2021-08-06T22:00:00.000000000,242.44,301.95862
2021-08-06T23:00:00.000000000,219.83,301.08727
2021-08-07T00:00:00.000000000,150.51,289.84958
2021-08-07T01:00:00.000000000,209.22,292.95714
2021-08-07T02:00:00.000000000,214.1,298.79657
2021-08-07T03:00:00.000000000,220.27,302.50835
2021-08-07T04:00:00.000000000,223.73,300.41962
2021-08-07T05:00:00.000000000,213.57,291.04011
2021-08-07T06:00:00.000000000,197.17,274.53287
2021-08-07T07:00:00.000000000,179.08,254.81326
2021-08-07T08:00:00.000000000,160.39,234.36051
2021-08-07T09:00:00.000000000,144.66,216.46474
2021-08-07T10:00:00.000000000,136.76,203.76802
2021-08-07T11:00:00.000000000,135.48,198.59806
2021-08-07T12:00:00.000000000,138.43,203.91366
2021-08-07T13:00:00.000000000,146.99,220.31055
2021-08-07T14:00:00.000000000,161.48,245.79633
2021-08-07T15:00:00.000000000,180.63,274.9522
2021-08-07T16:00:00.000000000,197.36,301.38487
2021-08-07T17:00:00.000000000,210.33,319.2923
2021-08-07T18:00:00.000000000,216.2,326.53034
2021-08-07T19:00:00.000000000,209.56,324.34899
2021-08-07T20:00:00.000000000,202.07,315.83192
2021-08-07T21:00:00.000000000,188.29,305.29087
2021-08-07T22:00:00.000000000,160.92,296.56893
2021-08-07T23:00:00.000000000,139.44,292.36523
2021-08-08T00:00:00.000000000,128.23,231.86733
2021-08-08T01:00:00.000000000,126.83,232.86623
2021-08-08T02:00:00.000000000,125.56,234.97333
2021-08-08T03:00:00.000000000,121.29,236.12464
2021-08-08T04:00:00.000000000,117.62,234.64034
2021-08-08T05:00:00.000000000,114.43,229.06334
2021-08-08T06:00:00.000000000,108.53,218.86807
2021-08-08T07:00:00.000000000,93.08,206.83427
2021-08-08T08:00:00.000000000,82.65,194.53957
2021-08-08T09:00:00.000000000,76.15,184.29613
2021-08-08T10:00:00.000000000,74.64,176.77586
2021-08-08T11:00:00.000000000,75.61,172.43962
2021-08-08T12:00:00.000000000,78.77,172.46351
2021-08-08T13:00:00.000000000,82.46,177.3288
2021-08-08T14:00:00.000000000,85.61,187.39549
2021-08-08T15:00:00.000000000,87.64,201.18387
2021-08-08T16:00:00.000000000,93.92,216.45084
2021-08-08T17:00:00.000000000,117.02,230.11891
2021-08-08T18:00:00.000000000,143.27,240.16688
2021-08-08T19:00:00.000000000,152.98,246.36494
2021-08-08T20:00:00.000000000,145.87,249.65039
2021-08-08T21:00:00.000000000,143.93,251.73538
2021-08-08T22:00:00.000000000,133.6,253.44241
2021-08-08T23:00:00.000000000,127.53,255.57046
2021-08-06T00:00:00.000000000,217.45,232.41932
2021-08-06T01:00:00.000000000,231.68,228.55925
2021-08-06T02:00:00.000000000,237.86,228.3101
2021-08-06T03:00:00.000000000,246.67,229.73612
2021-08-06T04:00:00.000000000,251.35,230.68939
2021-08-06T05:00:00.000000000,252.96,227.83077
2021-08-06T06:00:00.000000000,239.76,218.37946
2021-08-06T07:00:00.000000000,223.07,203.88022
2021-08-06T08:00:00.000000000,204.41,186.04065
2021-08-06T09:00:00.000000000,184.84,168.34637
2021-08-06T10:00:00.000000000,150.84,153.31884
2021-08-06T11:00:00.000000000,131.85,142.72003
2021-08-06T12:00:00.000000000,121.9,138.1516
2021-08-06T13:00:00.000000000,120.82,140.07643
2021-08-06T14:00:00.000000000,133.81,149.58593
2021-08-06T15:00:00.000000000,150.82,166.83713
2021-08-06T16:00:00.000000000,175.5,190.35955
2021-08-06T17:00:00.000000000,212.45,215.24463
2021-08-06T18:00:00.000000000,243.21,236.00501
2021-08-06T19:00:00.000000000,261.26,249.09538
2021-08-06T20:00:00.000000000,259.56,253.54499
2021-08-06T21:00:00.000000000,250.63,251.15893
2021-08-06T22:00:00.000000000,242.44,244.58242
2021-08-06T23:00:00.000000000,219.83,237.76447
2021-08-07T00:00:00.000000000,150.51,252.62447
2021-08-07T01:00:00.000000000,209.22,256.05449
2021-08-07T02:00:00.000000000,214.1,262.15596
2021-08-07T03:00:00.000000000,220.27,266.51446
2021-08-07T04:00:00.000000000,223.73,265.65209
2021-08-07T05:00:00.000000000,213.57,258.00104
2021-08-07T06:00:00.000000000,197.17,243.77554
2021-08-07T07:00:00.000000000,179.08,226.6313
2021-08-07T08:00:00.000000000,160.39,208.80013
2021-08-07T09:00:00.000000000,144.66,193.38044
2021-08-07T10:00:00.000000000,136.76,182.60759
2021-08-07T11:00:00.000000000,135.48,178.47832
2021-08-07T12:00:00.000000000,138.43,183.45765
2021-08-07T13:00:00.000000000,146.99,198.15003
2021-08-07T14:00:00.000000000,161.48,221.01802
2021-08-07T15:00:00.000000000,180.63,247.23527
2021-08-07T16:00:00.000000000,197.36,270.93917
2021-08-07T17:00:00.000000000,210.33,286.75862
2021-08-07T18:00:00.000000000,216.2,292.5879
2021-08-07T19:00:00.000000000,209.56,289.58945
2021-08-07T20:00:00.000000000,202.07,280.81424
2021-08-07T21:00:00.000000000,188.29,270.52435
2021-08-07T22:00:00.000000000,160.92,262.32907
2021-08-07T23:00:00.000000000,139.44,258.58975
2021-08-08T00:00:00.000000000,128.23,208.78543
2021-08-08T01:00:00.000000000,126.83,209.72394
2021-08-08T02:00:00.000000000,125.56,210.75644
2021-08-08T03:00:00.000000000,121.29,209.47626
2021-08-08T04:00:00.000000000,117.62,205.15841
2021-08-08T05:00:00.000000000,114.43,197.64613
2021-08-08T06:00:00.000000000,108.53,187.52323
2021-08-08T07:00:00.000000000,93.08,177.58295
2021-08-08T08:00:00.000000000,82.65,168.26095
2021-08-08T09:00:00.000000000,76.15,160.53055
2021-08-08T10:00:00.000000000,74.64,154.26763
2021-08-08T11:00:00.000000000,75.61,150.17163
2021-08-08T12:00:00.000000000,78.77,150.06581
2021-08-08T13:00:00.000000000,82.46,154.9474
2021-08-08T14:00:00.000000000,85.61,165.29472
2021-08-08T15:00:00.000000000,87.64,179.83238
2021-08-08T16:00:00.000000000,93.92,196.72344
2021-08-08T17:00:00.000000000,117.02,213.37184
2021-08-08T18:00:00.000000000,143.27,227.77907
2021-08-08T19:00:00.000000000,152.98,239.25158
2021-08-08T20:00:00.000000000,145.87,247.67145
2021-08-08T21:00:00.000000000,143.93,253.75269
2021-08-08T22:00:00.000000000,133.6,257.87622
2021-08-08T23:00:00.000000000,127.53,261.20848
2021-08-09T00:00:00.000000000,228.8,222.4304
2021-08-09T01:00:00.000000000,130.28,226.11197
2021-08-09T02:00:00.000000000,136.78,233.58027
2021-08-09T03:00:00.000000000,145.28,240.75082
2021-08-09T04:00:00.000000000,166.51,244.51394
2021-08-09T05:00:00.000000000,197.48,242.56668
2021-08-09T06:00:00.000000000,196.56,233.63225
2021-08-09T07:00:00.000000000,182.8,220.36447
2021-08-09T08:00:00.000000000,164.35,204.80804
2021-08-09T09:00:00.000000000,148.43,190.06366
2021-08-09T10:00:00.000000000,131.52,178.41946
2021-08-09T11:00:00.000000000,117.12,172.04365
2021-08-09T12:00:00.000000000,115.94,173.33451
2021-08-09T13:00:00.000000000,124.3,183.20313
2021-08-09T14:00:00.000000000,142.85,201.61645
2021-08-09T15:00:00.000000000,173.26,226.84342
2021-08-09T16:00:00.000000000,202.05,255.53878
2021-08-09T17:00:00.000000000,234.29,282.13666
2021-08-09T18:00:00.000000000,271.14,302.11303
2021-08-09T19:00:00.000000000,284.19,313.98887
2021-08-09T20:00:00.000000000,281.51,318.12626
2021-08-09T21:00:00.000000000,274.67,316.99562
2021-08-09T22:00:00.000000000,266.81,313.46476
2021-08-09T23:00:00.000000000,266.09,310.56796
2021-08-07T00:00:00.000000000,150.51,224.89122
2021-08-07T01:00:00.000000000,209.22,227.00776
2021-08-07T02:00:00.000000000,214.1,234.51869
2021-08-07T03:00:00.000000000,220.27,243.52656
2021-08-07T04:00:00.000000000,223.73,248.76379
2021-08-07T05:00:00.000000000,213.57,244.74278
2021-08-07T06:00:00.000000000,197.17,229.70692
2021-08-07T07:00:00.000000000,179.08,208.60056
2021-08-07T08:00:00.000000000,160.39,186.29497
2021-08-07T09:00:00.000000000,144.66,167.60915
2021-08-07T10:00:00.000000000,136.76,154.80755
2021-08-07T11:00:00.000000000,135.48,148.85504
2021-08-07T12:00:00.000000000,138.43,150.99053
2021-08-07T13:00:00.000000000,146.99,161.99942
2021-08-07T14:00:00.000000000,161.48,182.52385
2021-08-07T15:00:00.000000000,180.63,209.89823
2021-08-07T16:00:00.000000000,197.36,237.7717
2021-08-07T17:00:00.000000000,210.33,257.58044
2021-08-07T18:00:00.000000000,216.2,263.88054
2021-08-07T19:00:00.000000000,209.56,257.50926
2021-08-07T20:00:00.000000000,202.07,243.42101
2021-08-07T21:00:00.000000000,188.29,227.30843
2021-08-07T22:00:00.000000000,160.92,213.1793
2021-08-07T23:00:00.000000000,139.44,204.15907
2021-08-08T00:00:00.000000000,128.23,143.59083
2021-08-08T01:00:00.000000000,126.83,146.31469
2021-08-08T02:00:00.000000000,125.56,150.83184
2021-08-08T03:00:00.000000000,121.29,154.01836
2021-08-08T04:00:00.000000000,117.62,154.69363
2021-08-08T05:00:00.000000000,114.43,151.58977
2021-08-08T06:00:00.000000000,108.53,144.69486
2021-08-08T07:00:00.000000000,93.08,136.47166
2021-08-08T08:00:00.000000000,82.65,127.55777
2021-08-08T09:00:00.000000000,76.15,119.33202
2021-08-08T10:00:00.000000000,74.64,112.26186
2021-08-08T11:00:00.000000000,75.61,107.62928
2021-08-08T12:00:00.000000000,78.77,107.56492
2021-08-08T13:00:00.000000000,82.46,113.47503
2021-08-08T14:00:00.000000000,85.61,126.2205
2021-08-08T15:00:00.000000000,87.64,144.69227
2021-08-08T16:00:00.000000000,93.92,166.18105
2021-08-08T17:00:00.000000000,117.02,186.73135
2021-08-08T18:00:00.000000000,143.27,203.13224
2021-08-08T19:00:00.000000000,152.98,214.34267
2021-08-08T20:00:00.000000000,145.87,220.30786
2021-08-08T21:00:00.000000000,143.93,222.46179
2021-08-08T22:00:00.000000000,133.6,222.39833
2021-08-08T23:00:00.000000000,127.53,222.69697
2021-08-09T00:00:00.000000000,228.8,183.8361
2021-08-09T01:00:00.000000000,130.28,188.78312
2021-08-09T02:00:00.000000000,136.78,196.47954
2021-08-09T03:00:00.000000000,145.28,202.2681
2021-08-09T04:00:00.000000000,166.51,203.66363
2021-08-09T05:00:00.000000000,197.48,199.55756
2021-08-09T06:00:00.000000000,196.56,190.10068
2021-08-09T07:00:00.000000000,182.8,178.24136
2021-08-09T08:00:00.000000000,164.35,165.17668
2021-08-09T09:00:00.000000000,148.43,152.79435
2021-08-09T10:00:00.000000000,131.52,142.55296
2021-08-09T11:00:00.000000000,117.12,136.76139
2021-08-09T12:00:00.000000000,115.94,138.24492
2021-08-09T13:00:00.000000000,124.3,148.31486
2021-08-09T14:00:00.000000000,142.85,166.88418
2021-08-09T15:00:00.000000000,173.26,191.82143
2021-08-09T16:00:00.000000000,202.05,219.52548
2021-08-09T17:00:00.000000000,234.29,245.03202
2021-08-09T18:00:00.000000000,271.14,264.61191
2021-08-09T19:00:00.000000000,284.19,277.07012
2021-08-09T20:00:00.000000000,281.51,282.26125
2021-08-09T21:00:00.000000000,274.67,282.19722
2021-08-09T22:00:00.000000000,266.81,279.65638
2021-08-09T23:00:00.000000000,266.09,278.0402
2021-08-10T00:00:00.000000000,332.84,261.60863
2021-08-10T01:00:00.000000000,265.88,258.12755
2021-08-10T02:00:00.000000000,269.88,257.37774
2021-08-10T03:00:00.000000000,281.88,256.93421
2021-08-10T04:00:00.000000000,288.06,255.71691
2021-08-10T05:00:00.000000000,289.38,252.66814
2021-08-10T06:00:00.000000000,275.75,245.88121
2021-08-10T07:00:00.000000000,257.94,236.01109
2021-08-10T08:00:00.000000000,235.62,222.83046
2021-08-10T09:00:00.000000000,216.22,208.17111
2021-08-10T10:00:00.000000000,199.81,194.24235
2021-08-10T11:00:00.000000000,188.76,183.67719
2021-08-10T12:00:00.000000000,181.43,179.51805
2021-08-10T13:00:00.000000000,180.95,182.67492
2021-08-10T14:00:00.000000000,193.48,193.37457
2021-08-10T15:00:00.000000000,214.84,211.2337
2021-08-10T16:00:00.000000000,250.83,235.71179
2021-08-10T17:00:00.000000000,294.98,263.62813
2021-08-10T18:00:00.000000000,339.33,290.60357
2021-08-10T19:00:00.000000000,357.9,312.6748
2021-08-10T20:00:00.000000000,361.18,326.84742
2021-08-10T21:00:00.000000000,361.11,332.85773
2021-08-10T22:00:00.000000000,359.95,332.22777
2021-08-10T23:00:00.000000000,360.06,328.46615
2021-08-08T00:00:00.000000000,128.23,126.96117
2021-08-08T01:00:00.000000000,126.83,123.63472
2021-08-08T02:00:00.000000000,125.56,123.10049
2021-08-08T03:00:00.000000000,121.29,124.29822
2021-08-08T04:00:00.000000000,117.62,127.02294
2021-08-08T05:00:00.000000000,114.43,128.68442
2021-08-08T06:00:00.000000000,108.53,126.9408
2021-08-08T07:00:00.000000000,93.08,122.11823
2021-08-08T08:00:00.000000000,82.65,114.22683
2021-08-08T09:00:00.000000000,76.15,105.31003
2021-08-08T10:00:00.000000000,74.64,96.72549
2021-08-08T11:00:00.000000000,75.61,89.82108
2021-08-08T12:00:00.000000000,78.77,86.0186
2021-08-08T13:00:00.000000000,82.46,86.19326
2021-08-08T14:00:00.000000000,85.61,92.00139
2021-08-08T15:00:00.000000000,87.64,104.22261
2021-08-08T16:00:00.000000000,93.92,121.94723
2021-08-08T17:00:00.000000000,117.02,141.69755
2021-08-08T18:00:00.000000000,143.27,159.17697
2021-08-08T19:00:00.000000000,152.98,171.19941
2021-08-08T20:00:00.000000000,145.87,176.14818
2021-08-08T21:00:00.000000000,143.93,175.10197
2021-08-08T22:00:00.000000000,133.6,170.21419
2021-08-08T23:00:00.000000000,127.53,165.33661
2021-08-09T00:00:00.000000000,228.8,151.26441
2021-08-09T01:00:00.000000000,130.28,156.62469
2021-08-09T02:00:00.000000000,136.78,165.96041
2021-08-09T03:00:00.000000000,145.28,174.55829
2021-08-09T04:00:00.000000000,166.51,179.745
2021-08-09T05:00:00.000000000,197.48,179.51067
2021-08-09T06:00:00.000000000,196.56,173.29984
2021-08-09T07:00:00.000000000,182.8,163.87879
2021-08-09T08:00:00.000000000,164.35,152.75446
2021-08-09T09:00:00.000000000,148.43,142.08115
2021-08-09T10:00:00.000000000,131.52,133.46191
2021-08-09T11:00:00.000000000,117.12,129.08903
2021-08-09T12:00:00.000000000,115.94,131.56863
2021-08-09T13:00:00.000000000,124.3,142.35936
2021-08-09T14:00:00.000000000,142.85,162.07068
2021-08-09T15:00:00.000000000,173.26,189.53849
2021-08-09T16:00:00.000000000,202.05,221.04781
2021-08-09T17:00:00.000000000,234.29,250.37994
2021-08-09T18:00:00.000000000,271.14,272.33612
2021-08-09T19:00:00.000000000,284.19,285.42848
2021-08-09T20:00:00.000000000,281.51,289.74442
2021-08-09T21:00:00.000000000,274.67,287.6965
2021-08-09T22:00:00.000000000,266.81,282.65531
2021-08-09T23:00:00.000000000,266.09,278.62518
2021-08-10T00:00:00.000000000,332.84,274.56138
2021-08-10T01:00:00.000000000,265.88,275.28503
2021-08-10T02:00:00.000000000,269.88,277.82788
2021-08-10T03:00:00.000000000,281.88,278.01973
2021-08-10T04:00:00.000000000,288.06,273.77764
2021-08-10T05:00:00.000000000,289.38,264.87909
2021-08-10T06:00:00.000000000,275.75,251.21936
2021-08-10T07:00:00.000000000,257.94,235.2277
2021-08-10T08:00:00.000000000,235.62,217.73437
2021-08-10T09:00:00.000000000,216.22,200.94165
2021-08-10T10:00:00.000000000,199.81,187.12751
2021-08-10T11:00:00.000000000,188.76,179.02877
2021-08-10T12:00:00.000000000,181.43,179.85603
2021-08-10T13:00:00.000000000,180.95,190.39821
2021-08-10T14:00:00.000000000,193.48,209.51368
2021-08-10T15:00:00.000000000,214.84,234.24312
2021-08-10T16:00:00.000000000,250.83,261.48864
2021-08-10T17:00:00.000000000,294.98,287.20904
2021-08-10T18:00:00.000000000,339.33,308.27523
2021-08-10T19:00:00.000000000,357.9,322.759
2021-08-10T20:00:00.000000000,361.18,329.71943
2021-08-10T21:00:00.000000000,361.11,330.74438
2021-08-10T22:00:00.000000000,359.95,328.4708
2021-08-10T23:00:00.000000000,360.06,326.16535
2021-08-11T00:00:00.000000000,361.95,314.61582
2021-08-11T01:00:00.000000000,348.89,307.41997
2021-08-11T02:00:00.000000000,346.56,303.60867
2021-08-11T03:00:00.000000000,353.94,301.16109
2021-08-11T04:00:00.000000000,359.92,299.09222
2021-08-11T05:00:00.000000000,358.25,296.15683
2021-08-11T06:00:00.000000000,327.52,289.24647
2021-08-11T07:00:00.000000000,286.33,277.81351
2021-08-11T08:00:00.000000000,247.8,261.2205
2021-08-11T09:00:00.000000000,218.73,241.86342
2021-08-11T10:00:00.000000000,205.41,223.29503
2021-08-11T11:00:00.000000000,201.16,208.78647
2021-08-11T12:00:00.000000000,196.27,201.72918
2021-08-11T13:00:00.000000000,197.39,202.82771
2021-08-11T14:00:00.000000000,210.09,212.20829
2021-08-11T15:00:00.000000000,228.76,229.86092
2021-08-11T16:00:00.000000000,271.69,256.01438
2021-08-11T17:00:00.000000000,319.62,287.7287
2021-08-11T18:00:00.000000000,360.01,319.96344
2021-08-11T19:00:00.000000000,379.84,347.08073
2021-08-11T20:00:00.000000000,383.47,364.4686
2021-08-11T21:00:00.000000000,382.34,371.31008
2021-08-11T22:00:00.000000000,375.89,369.49039
2021-08-11T23:00:00.000000000,370.01,363.27492
2021-08-09T00:00:00.000000000,228.8,121.55004
2021-08-09T01:00:00.000000000,130.28,123.74221
2021-08-09T02:00:00.000000000,136.78,131.61895
2021-08-09T03:00:00.000000000,145.28,141.47512
2021-08-09T04:00:00.000000000,166.51,150.45134
2021-08-09T05:00:00.000000000,197.48,154.42596
2021-08-09T06:00:00.000000000,196.56,150.86865
2021-08-09T07:00:00.000000000,182.8,141.70456
2021-08-09T08:00:00.000000000,164.35,129.12462
2021-08-09T09:00:00.000000000,148.43,116.51791
2021-08-09T10:00:00.000000000,131.52,106.22339
2021-08-09T11:00:00.000000000,117.12,99.92888
2021-08-09T12:00:00.000000000,115.94,99.36126
2021-08-09T13:00:00.000000000,124.3,106.10672
2021-08-09T14:00:00.000000000,142.85,122.48382
2021-08-09T15:00:00.000000000,173.26,149.38842
2021-08-09T16:00:00.000000000,202.05,183.52851
2021-08-09T17:00:00.000000000,234.29,217.04109
2021-08-09T18:00:00.000000000,271.14,242.26444
2021-08-09T19:00:00.000000000,284.19,256.04899
2021-08-09T20:00:00.000000000,281.51,258.28316
2021-08-09T21:00:00.000000000,274.67,252.19096
2021-08-09T22:00:00.000000000,266.81,242.21721
2021-08-09T23:00:00.000000000,266.09,233.51239
2021-08-10T00:00:00.000000000,332.84,243.24611
2021-08-10T01:00:00.000000000,265.88,244.4538
2021-08-10T02:00:00.000000000,269.88,247.97176
2021-08-10T03:00:00.000000000,281.88,249.48947
2021-08-10T04:00:00.000000000,288.06,246.92057
2021-08-10T05:00:00.000000000,289.38,239.83982
2021-08-10T06:00:00.000000000,275.75,228.19507
2021-08-10T07:00:00.000000000,257.94,214.41298
2021-08-10T08:00:00.000000000,235.62,199.13193
2021-08-10T09:00:00.000000000,216.22,184.20257
2021-08-10T10:00:00.000000000,199.81,171.55483
2021-08-10T11:00:00.000000000,188.76,163.89901
2021-08-10T12:00:00.000000000,181.43,164.50911
2021-08-10T13:00:00.000000000,180.95,174.49421
2021-08-10T14:00:00.000000000,193.48,193.23483
2021-08-10T15:00:00.000000000,214.84,218.33237
2021-08-10T16:00:00.000000000,250.83,246.78955
2021-08-10T17:00:00.000000000,294.98,274.21592
2021-08-10T18:00:00.000000000,339.33,296.8984
2021-08-10T19:00:00.000000000,357.9,312.6793
2021-08-10T20:00:00.000000000,361.18,320.44454
2021-08-10T21:00:00.000000000,361.11,321.61748
2021-08-10T22:00:00.000000000,359.95,318.8588
2021-08-10T23:00:00.000000000,360.06,315.78241
2021-08-11T00:00:00.000000000,361.95,316.17652
2021-08-11T01:00:00.000000000,348.89,314.17716
2021-08-11T02:00:00.000000000,346.56,313.68528
2021-08-11T03:00:00.000000000,353.94,310.70079
2021-08-11T04:00:00.000000000,359.92,303.40603
2021-08-11T05:00:00.000000000,358.25,291.76794
2021-08-11T06:00:00.000000000,327.52,275.42759
2021-08-11T07:00:00.000000000,286.33,256.52311
2021-08-11T08:00:00.000000000,247.8,235.79851
2021-08-11T09:00:00.000000000,218.73,215.85178
2021-08-11T10:00:00.000000000,205.41,199.70372
2021-08-11T11:00:00.000000000,201.16,190.33118
2021-08-11T12:00:00.000000000,196.27,191.10104
2021-08-11T13:00:00.000000000,197.39,202.37263
2021-08-11T14:00:00.000000000,210.09,222.48015
2021-08-11T15:00:00.000000000,228.76,248.04843
2021-08-11T16:00:00.000000000,271.69,275.98807
2021-08-11T17:00:00.000000000,319.62,302.50388
2021-08-11T18:00:00.000000000,360.01,324.56772
2021-08-11T19:00:00.000000000,379.84,339.85911
2021-08-11T20:00:00.000000000,383.47,347.06126
2021-08-11T21:00:00.000000000,382.34,347.64325
2021-08-11T22:00:00.000000000,375.89,344.40053
2021-08-11T23:00:00.000000000,370.01,340.96081
2021-08-12T00:00:00.000000000,349.11,345.12039
2021-08-12T01:00:00.000000000,358.44,336.56878
2021-08-12T02:00:00.000000000,353.53,332.53139
2021-08-12T03:00:00.000000000,352.83,331.84598
2021-08-12T04:00:00.000000000,353.2,332.792
2021-08-12T05:00:00.000000000,342.07,332.19101
2021-08-12T06:00:00.000000000,310.39,325.93782
2021-08-12T07:00:00.000000000,274.83,314.00974
2021-08-12T08:00:00.000000000,243.84,296.79511
2021-08-12T09:00:00.000000000,217.59,277.36425
2021-08-12T10:00:00.000000000,203.41,259.21137
2021-08-12T11:00:00.000000000,201.7,244.72844
2021-08-12T12:00:00.000000000,201.25,236.78046
2021-08-12T13:00:00.000000000,209.23,236.09989
2021-08-12T14:00:00.000000000,221.21,243.46771
2021-08-12T15:00:00.000000000,245.27,258.90173
2021-08-12T16:00:00.000000000,281.69,281.62613
2021-08-12T17:00:00.000000000,326.59,307.53247
2021-08-12T18:00:00.000000000,363.39,331.35734
2021-08-12T19:00:00.000000000,376.56,348.79104
2021-08-12T20:00:00.000000000,372.9,357.42155
2021-08-12T21:00:00.000000000,363.75,357.5404
2021-08-12T22:00:00.000000000,353.0,351.15438
2021-08-12T23:00:00.000000000,346.5,342.1763
2021-08-10T00:00:00.000000000,332.84,280.60612
2021-08-10T01:00:00.000000000,265.88,275.34203
2021-08-10T02:00:00.000000000,269.88,273.36969
2021-08-10T03:00:00.000000000,281.88,272.18828
2021-08-10T04:00:00.000000000,288.06,270.01494
2021-08-10T05:00:00.000000000,289.38,264.63784
2021-08-10T06:00:00.000000000,275.75,253.50071
2021-08-10T07:00:00.000000000,257.94,237.96728
2021-08-10T08:00:00.000000000,235.62,219.22103
2021-08-10T09:00:00.000000000,216.22,200.3297
2021-08-10T10:00:00.000000000,199.81,184.04696
2021-08-10T11:00:00.000000000,188.76,172.54396
2021-08-10T12:00:00.000000000,181.43,168.1287
2021-08-10T13:00:00.000000000,180.95,171.47342
2021-08-10T14:00:00.000000000,193.48,183.44452
2021-08-10T15:00:00.000000000,214.84,204.51559
2021-08-10T16:00:00.000000000,250.83,234.03981
2021-08-10T17:00:00.000000000,294.98,267.31801
2021-08-10T18:00:00.000000000,339.33,298.22543
2021-08-10T19:00:00.000000000,357.9,321.86051
2021-08-10T20:00:00.000000000,361.18,335.44889
2021-08-10T21:00:00.000000000,361.11,339.57682
2021-08-10T22:00:00.000000000,359.95,336.48836
2021-08-10T23:00:00.000000000,360.06,330.32037
2021-08-11T00:00:00.000000000,361.95,329.54872
2021-08-11T01:00:00.000000000,348.89,324.59554
2021-08-11T02:00:00.000000000,346.56,322.87787
2021-08-11T03:00:00.000000000,353.94,320.35818
2021-08-11T04:00:00.000000000,359.92,314.13405
2021-08-11T05:00:00.000000000,358.25,302.3483
2021-08-11T06:00:00.000000000,327.52,283.74929
2021-08-11T07:00:00.000000000,286.33,261.14558
2021-08-11T08:00:00.000000000,247.8,236.56025
2021-08-11T09:00:00.000000000,218.73,213.64427
2021-08-11T10:00:00.000000000,205.41,195.83612
2021-08-11T11:00:00.000000000,201.16,185.53071
2021-08-11T12:00:00.000000000,196.27,185.40905
2021-08-11T13:00:00.000000000,197.39,195.90875
2021-08-11T14:00:00.000000000,210.09,216.63928
2021-08-11T15:00:00.000000000,228.76,245.64098
2021-08-11T16:00:00.000000000,271.69,279.68471
2021-08-11T17:00:00.000000000,319.62,312.75246
2021-08-11T18:00:00.000000000,360.01,339.15298
2021-08-11T19:00:00.000000000,379.84,355.41909
2021-08-11T20:00:00.000000000,383.47,360.6301
2021-08-11T21:00:00.000000000,382.34,357.12208
2021-08-11T22:00:00.000000000,375.89,348.622
2021-08-11T23:00:00.000000000,370.01,339.86468
2021-08-12T00:00:00.000000000,349.11,351.61643
2021-08-12T01:00:00.000000000,358.44,343.46543
2021-08-12T02:00:00.000000000,353.53,337.45457
2021-08-12T03:00:00.000000000,352.83,331.28195
2021-08-12T04:00:00.000000000,353.2,323.59867
2021-08-12T05:00:00.000000000,342.07,313.38353
2021-08-12T06:00:00.000000000,310.39,299.02465
2021-08-12T07:00:00.000000000,274.83,281.97286
2021-08-12T08:00:00.000000000,243.84,262.74681
2021-08-12T09:00:00.000000000,217.59,244.00624
2021-08-12T10:00:00.000000000,203.41,228.69316
2021-08-12T11:00:00.000000000,201.7,218.80857
2021-08-12T12:00:00.000000000,201.25,216.95842
2021-08-12T13:00:00.000000000,209.23,223.34658
2021-08-12T14:00:00.000000000,221.21,237.50384
2021-08-12T15:00:00.000000000,245.27,257.69834
2021-08-12T16:00:00.000000000,281.69,282.01589
2021-08-12T17:00:00.000000000,326.59,306.82078
2021-08-12T18:00:00.000000000,363.39,328.38982
2021-08-12T19:00:00.000000000,376.56,343.49898
2021-08-12T20:00:00.000000000,372.9,350.33009
2021-08-12T21:00:00.000000000,363.75,349.78973
2021-08-12T22:00:00.000000000,353.0,344.27515
2021-08-12T23:00:00.000000000,346.5,337.45548
2021-08-13T00:00:00.000000000,275.23,314.1145
2021-08-13T01:00:00.000000000,346.63,305.6383
2021-08-13T02:00:00.000000000,347.78,300.63943
2021-08-13T03:00:00.000000000,350.7,298.28121
2021-08-13T04:00:00.000000000,355.37,297.83878
2021-08-13T05:00:00.000000000,346.37,297.23129
2021-08-13T06:00:00.000000000,316.21,291.72847
2021-08-13T07:00:00.000000000,285.32,279.14084
2021-08-13T08:00:00.000000000,253.42,258.39578
2021-08-13T09:00:00.000000000,219.09,232.48297
2021-08-13T10:00:00.000000000,196.82,206.18327
2021-08-13T11:00:00.000000000,177.75,184.50385
2021-08-13T12:00:00.000000000,165.02,171.28903
2021-08-13T13:00:00.000000000,164.11,166.56899
2021-08-13T14:00:00.000000000,169.25,169.35094
2021-08-13T15:00:00.000000000,184.94,179.10992
2021-08-13T16:00:00.000000000,219.39,197.25489
2021-08-13T17:00:00.000000000,256.31,222.73499
2021-08-13T18:00:00.000000000,283.33,251.71494
2021-08-13T19:00:00.000000000,296.04,277.71133
2021-08-13T20:00:00.000000000,298.08,294.82733
2021-08-13T21:00:00.000000000,286.21,301.34548
2021-08-13T22:00:00.000000000,268.08,298.67041
2021-08-13T23:00:00.000000000,260.99,291.62225
2021-08-11T00:00:00.000000000,361.95,351.24575
2021-08-11T01:00:00.000000000,348.89,341.98361
2021-08-11T02:00:00.000000000,346.56,338.46064
2021-08-11T03:00:00.000000000,353.94,336.99286
2021-08-11T04:00:00.000000000,359.92,333.01224
2021-08-11T05:00:00.000000000,358.25,322.11028
2021-08-11T06:00:00.000000000,327.52,301.8634
2021-08-11T07:00:00.000000000,286.33,275.69728
2021-08-11T08:00:00.000000000,247.8,247.06993
2021-08-11T09:00:00.000000000,218.73,220.89324
2021-08-11T10:00:00.000000000,205.41,200.91727
2021-08-11T11:00:00.000000000,201.16,188.33714
2021-08-11T12:00:00.000000000,196.27,184.53586
2021-08-11T13:00:00.000000000,197.39,190.16915
2021-08-11T14:00:00.000000000,210.09,207.04333
2021-08-11T15:00:00.000000000,228.76,235.45942
2021-08-11T16:00:00.000000000,271.69,272.66144
2021-08-11T17:00:00.000000000,319.62,310.54567
2021-08-11T18:00:00.000000000,360.01,340.43407
2021-08-11T19:00:00.000000000,379.84,357.20987
2021-08-11T20:00:00.000000000,383.47,360.13622
2021-08-11T21:00:00.000000000,382.34,352.30366
2021-08-11T22:00:00.000000000,375.89,338.17261
2021-08-11T23:00:00.000000000,370.01,323.30583
2021-08-12T00:00:00.000000000,349.11,334.87413
2021-08-12T01:00:00.000000000,358.44,325.81908
2021-08-12T02:00:00.000000000,353.53,320.53513
2021-08-12T03:00:00.000000000,352.83,316.62099
2021-08-12T04:00:00.000000000,353.2,311.84449
2021-08-12T05:00:00.000000000,342.07,303.77011
2021-08-12T06:00:00.000000000,310.39,289.93066
2021-08-12T07:00:00.000000000,274.83,271.69928
2021-08-12T08:00:00.000000000,243.84,250.07809
2021-08-12T09:00:00.000000000,217.59,228.3515
2021-08-12T10:00:00.000000000,203.41,209.97926
2021-08-12T11:00:00.000000000,201.7,197.15791
2021-08-12T12:00:00.000000000,201.25,192.30328
2021-08-12T13:00:00.000000000,209.23,195.94486
2021-08-12T14:00:00.000000000,221.21,208.71255
2021-08-12T15:00:00.000000000,245.27,230.28665
2021-08-12T16:00:00.000000000,281.69,259.13285
2021-08-12T17:00:00.000000000,326.59,290.05427
2021-08-12T18:00:00.000000000,363.39,316.86635
2021-08-12T19:00:00.000000000,376.56,334.80982
2021-08-12T20:00:00.000000000,372.9,341.71933
2021-08-12T21:00:00.000000000,363.75,338.90927
2021-08-12T22:00:00.000000000,353.0,329.62436
2021-08-12T23:00:00.000000000,346.5,318.72897
2021-08-13T00:00:00.000000000,275.23,313.56484
2021-08-13T01:00:00.000000000,346.63,308.21487
2021-08-13T02:00:00.000000000,347.78,305.51637
2021-08-13T03:00:00.000000000,350.7,303.41284
2021-08-13T04:00:00.000000000,355.37,300.06162
2021-08-13T05:00:00.000000000,346.37,293.29256
2021-08-13T06:00:00.000000000,316.21,280.25795
2021-08-13T07:00:00.000000000,285.32,261.62805
2021-08-13T08:00:00.000000000,253.42,238.31812
2021-08-13T09:00:00.000000000,219.09,213.8268
2021-08-13T10:00:00.000000000,196.82,191.96513
2021-08-13T11:00:00.000000000,177.75,176.10497
2021-08-13T12:00:00.000000000,165.02,169.03788
2021-08-13T13:00:00.000000000,164.11,170.79674
2021-08-13T14:00:00.000000000,169.25,180.63332
2021-08-13T15:00:00.000000000,184.94,197.11124
2021-08-13T16:00:00.000000000,219.39,219.19582
2021-08-13T17:00:00.000000000,256.31,243.58894
2021-08-13T18:00:00.000000000,283.33,266.1585
2021-08-13T19:00:00.000000000,296.04,282.76846
2021-08-13T20:00:00.000000000,298.08,290.95285
2021-08-13T21:00:00.000000000,286.21,291.46576
2021-08-13T22:00:00.000000000,268.08,286.63821
2021-08-13T23:00:00.000000000,260.99,280.59157
2021-08-14T00:00:00.000000000,261.54,268.60827
2021-08-14T01:00:00.000000000,254.61,261.91366
2021-08-14T02:00:00.000000000,252.74,261.43348
2021-08-14T03:00:00.000000000,251.89,265.05845
2021-08-14T04:00:00.000000000,255.35,270.8018
2021-08-14T05:00:00.000000000,246.53,275.39644
2021-08-14T06:00:00.000000000,222.67,273.90997
2021-08-14T07:00:00.000000000,189.85,264.7922
2021-08-14T08:00:00.000000000,156.01,247.57449
2021-08-14T09:00:00.000000000,124.72,225.27257
2021-08-14T10:00:00.000000000,99.08,202.36893
2021-08-14T11:00:00.000000000,88.54,183.36111
2021-08-14T12:00:00.000000000,84.24,171.92159
2021-08-14T13:00:00.000000000,84.55,168.9592
2021-08-14T14:00:00.000000000,90.93,175.30088
2021-08-14T15:00:00.000000000,109.35,192.43786
2021-08-14T16:00:00.000000000,150.56,221.53349
2021-08-14T17:00:00.000000000,191.89,258.66909
2021-08-14T18:00:00.000000000,222.9,296.61282
2021-08-14T19:00:00.000000000,242.26,327.89726
2021-08-14T20:00:00.000000000,245.99,346.689
2021-08-14T21:00:00.000000000,249.8,351.81024
2021-08-14T22:00:00.000000000,256.23,345.81465
2021-08-14T23:00:00.000000000,260.4,334.71891
2021-08-12T00:00:00.000000000,349.11,363.71451
2021-08-12T01:00:00.000000000,358.44,354.58541
2021-08-12T02:00:00.000000000,353.53,348.88424
2021-08-12T03:00:00.000000000,352.83,343.6327
2021-08-12T04:00:00.000000000,353.2,335.40057
2021-08-12T05:00:00.000000000,342.07,320.477
2021-08-12T06:00:00.000000000,310.39,297.16946
2021-08-12T07:00:00.000000000,274.83,269.9714
2021-08-12T08:00:00.000000000,243.84,242.68131
2021-08-12T09:00:00.000000000,217.59,219.49031
2021-08-12T10:00:00.000000000,203.41,202.8588
2021-08-12T11:00:00.000000000,201.7,193.44537
2021-08-12T12:00:00.000000000,201.25,192.35936
2021-08-12T13:00:00.000000000,209.23,199.71004
2021-08-12T14:00:00.000000000,221.21,216.68742
2021-08-12T15:00:00.000000000,245.27,243.23836
2021-08-12T16:00:00.000000000,281.69,276.55496
2021-08-12T17:00:00.000000000,326.59,308.95294
2021-08-12T18:00:00.000000000,363.39,332.87376
2021-08-12T19:00:00.000000000,376.56,344.85846
2021-08-12T20:00:00.000000000,372.9,345.47845
2021-08-12T21:00:00.000000000,363.75,337.66613
2021-08-12T22:00:00.000000000,353.0,324.95942
2021-08-12T23:00:00.000000000,346.5,312.25673
2021-08-13T00:00:00.000000000,275.23,305.53544
2021-08-13T01:00:00.000000000,346.63,300.67715
2021-08-13T02:00:00.000000000,347.78,298.34888
2021-08-13T03:00:00.000000000,350.7,296.42909
2021-08-13T04:00:00.000000000,355.37,292.89987
2021-08-13T05:00:00.000000000,346.37,285.34085
2021-08-13T06:00:00.000000000,316.21,271.06108
2021-08-13T07:00:00.000000000,285.32,251.2309
2021-08-13T08:00:00.000000000,253.42,227.26041
2021-08-13T09:00:00.000000000,219.09,202.88691
2021-08-13T10:00:00.000000000,196.82,181.73454
2021-08-13T11:00:00.000000000,177.75,166.97382
2021-08-13T12:00:00.000000000,165.02,161.13248
2021-08-13T13:00:00.000000000,164.11,164.06504
2021-08-13T14:00:00.000000000,169.25,174.88653
2021-08-13T15:00:00.000000000,184.94,191.90054
2021-08-13T16:00:00.000000000,219.39,213.72349
2021-08-13T17:00:00.000000000,256.31,236.86692
2021-08-13T18:00:00.000000000,283.33,257.35206
2021-08-13T19:00:00.000000000,296.04,271.53695
2021-08-13T20:00:00.000000000,298.08,277.6508
2021-08-13T21:00:00.000000000,286.21,276.86243
2021-08-13T22:00:00.000000000,268.08,271.50917
2021-08-13T23:00:00.000000000,260.99,265.60696
2021-08-14T00:00:00.000000000,261.54,249.23149
2021-08-14T01:00:00.000000000,254.61,247.1653
2021-08-14T02:00:00.000000000,252.74,245.82116
2021-08-14T03:00:00.000000000,251.89,242.81368
2021-08-14T04:00:00.000000000,255.35,237.41561
2021-08-14T05:00:00.000000000,246.53,228.75399
2021-08-14T06:00:00.000000000,222.67,215.70893
2021-08-14T07:00:00.000000000,189.85,199.96089
2021-08-14T08:00:00.000000000,156.01,182.01493
2021-08-14T09:00:00.000000000,124.72,164.03439
2021-08-14T10:00:00.000000000,99.08,148.01907
2021-08-14T11:00:00.000000000,88.54,136.89398
2021-08-14T12:00:00.000000000,84.24,133.45817
2021-08-14T13:00:00.000000000,84.55,137.82258
2021-08-14T14:00:00.000000000,90.93,148.89102
2021-08-14T15:00:00.000000000,109.35,164.8742
2021-08-14T16:00:00.000000000,150.56,184.8132
2021-08-14T17:00:00.000000000,191.89,206.5546
2021-08-14T18:00:00.000000000,222.9,227.47428
2021-08-14T19:00:00.000000000,242.26,244.71789
2021-08-14T20:00:00.000000000,245.99,256.11785
2021-08-14T21:00:00.000000000,249.8,261.69287
2021-08-14T22:00:00.000000000,256.23,262.44083
2021-08-14T23:00:00.000000000,260.4,261.69406
2021-08-15T00:00:00.000000000,252.75,222.21504
2021-08-15T01:00:00.000000000,261.13,220.68308
2021-08-15T02:00:00.000000000,255.09,226.72138
2021-08-15T03:00:00.000000000,250.56,237.28139
2021-08-15T04:00:00.000000000,248.23,249.85449
2021-08-15T05:00:00.000000000,243.43,260.90866
2021-08-15T06:00:00.000000000,222.72,265.98111
2021-08-15T07:00:00.000000000,194.19,264.17044
2021-08-15T08:00:00.000000000,169.08,254.81772
2021-08-15T09:00:00.000000000,148.43,239.53906
2021-08-15T10:00:00.000000000,130.86,221.4078
2021-08-15T11:00:00.000000000,118.47,205.17907
2021-08-15T12:00:00.000000000,108.3,195.48989
2021-08-15T13:00:00.000000000,113.28,194.15925
2021-08-15T14:00:00.000000000,128.54,202.30028
2021-08-15T15:00:00.000000000,156.31,221.27078
2021-08-15T16:00:00.000000000,192.3,251.38588
2021-08-15T17:00:00.000000000,229.76,287.83697
2021-08-15T18:00:00.000000000,257.76,323.37722
2021-08-15T19:00:00.000000000,269.89,352.27991
2021-08-15T20:00:00.000000000,269.44,369.82932
2021-08-15T21:00:00.000000000,261.76,374.44893
2021-08-15T22:00:00.000000000,259.64,368.22552
2021-08-15T23:00:00.000000000,254.07,357.19051
2021-08-13T00:00:00.000000000,275.23,340.56906
2021-08-13T01:00:00.000000000,346.63,331.69784
2021-08-13T02:00:00.000000000,347.78,326.63826
2021-08-13T03:00:00.000000000,350.7,323.9283
2021-08-13T04:00:00.000000000,355.37,321.41498
2021-08-13T05:00:00.000000000,346.37,315.69559
2021-08-13T06:00:00.000000000,316.21,302.38855
2021-08-13T07:00:00.000000000,285.32,281.57336
2021-08-13T08:00:00.000000000,253.42,254.69257
2021-08-13T09:00:00.000000000,219.09,226.16653
2021-08-13T10:00:00.000000000,196.82,200.69864
2021-08-13T11:00:00.000000000,177.75,181.94326
2021-08-13T12:00:00.000000000,165.02,172.37718
2021-08-13T13:00:00.000000000,164.11,171.60151
2021-08-13T14:00:00.000000000,169.25,179.06773
2021-08-13T15:00:00.000000000,184.94,194.23695
2021-08-13T16:00:00.000000000,219.39,217.0525
2021-08-13T17:00:00.000000000,256.31,244.08537
2021-08-13T18:00:00.000000000,283.33,270.16633
2021-08-13T19:00:00.000000000,296.04,289.64769
2021-08-13T20:00:00.000000000,298.08,299.00676
2021-08-13T21:00:00.000000000,286.21,298.6671
2021-08-13T22:00:00.000000000,268.08,291.15111
2021-08-13T23:00:00.000000000,260.99,281.40653
2021-08-14T00:00:00.000000000,261.54,269.33419
2021-08-14T01:00:00.000000000,254.61,267.5786
2021-08-14T02:00:00.000000000,252.74,267.50067
2021-08-14T03:00:00.000000000,251.89,266.27418
2021-08-14T04:00:00.000000000,255.35,262.25819
2021-08-14T05:00:00.000000000,246.53,253.92312
2021-08-14T06:00:00.000000000,222.67,239.51075
2021-08-14T07:00:00.000000000,189.85,220.64871
2021-08-14T08:00:00.000000000,156.01,198.62042
2021-08-14T09:00:00.000000000,124.72,176.73636
2021-08-14T10:00:00.000000000,99.08,158.11496
2021-08-14T11:00:00.000000000,88.54,146.00686
2021-08-14T12:00:00.000000000,84.24,143.07241
2021-08-14T13:00:00.000000000,84.55,149.15206
2021-08-14T14:00:00.000000000,90.93,162.82442
2021-08-14T15:00:00.000000000,109.35,181.9269
2021-08-14T16:00:00.000000000,150.56,204.96121
2021-08-14T17:00:00.000000000,191.89,228.97713
2021-08-14T18:00:00.000000000,222.9,250.77228
2021-08-14T19:00:00.000000000,242.26,267.15078
2021-08-14T20:00:00.000000000,245.99,276.1542
2021-08-14T21:00:00.000000000,249.8,278.73181
2021-08-14T22:00:00.000000000,256.23,276.89931
2021-08-14T23:00:00.000000000,260.4,274.37754
2021-08-15T00:00:00.000000000,252.75,241.46949
2021-08-15T01:00:00.000000000,261.13,241.67755
2021-08-15T02:00:00.000000000,255.09,247.42852
2021-08-15T03:00:00.000000000,250.56,254.76506
2021-08-15T04:00:00.000000000,248.23,260.32572
2021-08-15T05:00:00.000000000,243.43,260.97775
2021-08-15T06:00:00.000000000,222.72,253.96485
2021-08-15T07:00:00.000000000,194.19,240.7784
2021-08-15T08:00:00.000000000,169.08,223.06132
2021-08-15T09:00:00.000000000,148.43,204.24303
2021-08-15T10:00:00.000000000,130.86,187.67024
2021-08-15T11:00:00.000000000,118.47,176.40889
2021-08-15T12:00:00.000000000,108.3,173.34944
2021-08-15T13:00:00.000000000,113.28,179.62619
2021-08-15T14:00:00.000000000,128.54,195.91826
2021-08-15T15:00:00.000000000,156.31,222.05996
2021-08-15T16:00:00.000000000,192.3,255.98706
2021-08-15T17:00:00.000000000,229.76,291.43163
2021-08-15T18:00:00.000000000,257.76,321.56775
2021-08-15T19:00:00.000000000,269.89,342.19859
2021-08-15T20:00:00.000000000,269.44,351.47444
2021-08-15T21:00:00.000000000,261.76,351.04271
2021-08-15T22:00:00.000000000,259.64,344.43523
2021-08-15T23:00:00.000000000,254.07,336.49155
2021-08-16T00:00:00.000000000,142.31,253.74446
2021-08-16T01:00:00.000000000,243.51,250.85341
2021-08-16T02:00:00.000000000,233.63,250.12958
2021-08-16T03:00:00.000000000,230.08,250.02113
2021-08-16T04:00:00.000000000,226.66,250.08197
2021-08-16T05:00:00.000000000,223.12,248.97715
2021-08-16T06:00:00.000000000,210.3,243.49338
2021-08-16T07:00:00.000000000,184.78,232.804
2021-08-16T08:00:00.000000000,159.29,216.30516
2021-08-16T09:00:00.000000000,141.52,196.41122
2021-08-16T10:00:00.000000000,122.36,176.51646
2021-08-16T11:00:00.000000000,111.85,160.7846
2021-08-16T12:00:00.000000000,108.49,152.5427
2021-08-16T13:00:00.000000000,110.86,151.70477
2021-08-16T14:00:00.000000000,121.04,157.06115
2021-08-16T15:00:00.000000000,134.2,167.64342
2021-08-16T16:00:00.000000000,150.54,184.21915
2021-08-16T17:00:00.000000000,163.05,206.0964
2021-08-16T18:00:00.000000000,170.52,230.76727
2021-08-16T19:00:00.000000000,172.91,253.77654
2021-08-16T20:00:00.000000000,168.57,270.56163
2021-08-16T21:00:00.000000000,156.05,279.68215
2021-08-16T22:00:00.000000000,131.53,281.85358
2021-08-16T23:00:00.000000000,121.23,280.70733
2021-08-14T00:00:00.000000000,261.54,263.84651
2021-08-14T01:00:00.000000000,254.61,261.34171
2021-08-14T02:00:00.000000000,252.74,261.48237
2021-08-14T03:00:00.000000000,251.89,262.11979
2021-08-14T04:00:00.000000000,255.35,261.85596
2021-08-14T05:00:00.000000000,246.53,258.53554
2021-08-14T06:00:00.000000000,222.67,248.72706
2021-08-14T07:00:00.000000000,189.85,232.31493
2021-08-14T08:00:00.000000000,156.01,210.04223
2021-08-14T09:00:00.000000000,124.72,185.73659
2021-08-14T10:00:00.000000000,99.08,163.7235
2021-08-14T11:00:00.000000000,88.54,148.18344
2021-08-14T12:00:00.000000000,84.24,141.94776
2021-08-14T13:00:00.000000000,84.55,144.44337
2021-08-14T14:00:00.000000000,90.93,154.05512
2021-08-14T15:00:00.000000000,109.35,169.27842
2021-08-14T16:00:00.000000000,150.56,189.94438
2021-08-14T17:00:00.000000000,191.89,214.1747
2021-08-14T18:00:00.000000000,222.9,238.75531
2021-08-14T19:00:00.000000000,242.26,259.20989
2021-08-14T20:00:00.000000000,245.99,271.86771
2021-08-14T21:00:00.000000000,249.8,276.72203
2021-08-14T22:00:00.000000000,256.23,275.63115
2021-08-14T23:00:00.000000000,260.4,272.72671
2021-08-15T00:00:00.000000000,252.75,242.60173
2021-08-15T01:00:00.000000000,261.13,241.86948
2021-08-15T02:00:00.000000000,255.09,248.45069
2021-08-15T03:00:00.000000000,250.56,258.56752
2021-08-15T04:00:00.000000000,248.23,267.72744
2021-08-15T05:00:00.000000000,243.43,271.07662
2021-08-15T06:00:00.000000000,222.72,264.6344
2021-08-15T07:00:00.000000000,194.19,249.64456
2021-08-15T08:00:00.000000000,169.08,228.60794
2021-08-15T09:00:00.000000000,148.43,206.24617
2021-08-15T10:00:00.000000000,130.86,186.90383
2021-08-15T11:00:00.000000000,118.47,173.67129
2021-08-15T12:00:00.000000000,108.3,168.96012
2021-08-15T13:00:00.000000000,113.28,173.77726
2021-08-15T14:00:00.000000000,128.54,189.27999
2021-08-15T15:00:00.000000000,156.31,215.64749
2021-08-15T16:00:00.000000000,192.3,250.42047
2021-08-15T17:00:00.000000000,229.76,286.17111
2021-08-15T18:00:00.000000000,257.76,314.94595
2021-08-15T19:00:00.000000000,269.89,332.08868
2021-08-15T20:00:00.000000000,269.44,336.34411
2021-08-15T21:00:00.000000000,261.76,330.45285
2021-08-15T22:00:00.000000000,259.64,318.98051
2021-08-15T23:00:00.000000000,254.07,307.37363
2021-08-16T00:00:00.000000000,142.31,226.50179
2021-08-16T01:00:00.000000000,243.51,226.53318
2021-08-16T02:00:00.000000000,233.63,228.45692
2021-08-16T03:00:00.000000000,230.08,229.79808
2021-08-16T04:00:00.000000000,226.66,228.2309
2021-08-16T05:00:00.000000000,223.12,221.18554
2021-08-16T06:00:00.000000000,210.3,207.43408
2021-08-16T07:00:00.000000000,184.78,189.85214
2021-08-16T08:00:00.000000000,159.29,170.67979
2021-08-16T09:00:00.000000000,141.52,153.14897
2021-08-16T10:00:00.000000000,122.36,139.16133
2021-08-16T11:00:00.000000000,111.85,130.41431
2021-08-16T12:00:00.000000000,108.49,128.49338
2021-08-16T13:00:00.000000000,110.86,133.55369
2021-08-16T14:00:00.000000000,121.04,145.44141
2021-08-16T15:00:00.000000000,134.2,162.0982
2021-08-16T16:00:00.000000000,150.54,180.41276
2021-08-16T17:00:00.000000000,163.05,196.25774
2021-08-16T18:00:00.000000000,170.52,206.72978
2021-08-16T19:00:00.000000000,172.91,210.94794
2021-08-16T20:00:00.000000000,168.57,209.87
2021-08-16T21:00:00.000000000,156.05,206.03892
2021-08-16T22:00:00.000000000,131.53,201.59347
2021-08-16T23:00:00.000000000,121.23,199.26447
2021-08-17T00:00:00.000000000,162.59,160.72945
2021-08-17T01:00:00.000000000,116.68,156.13817
2021-08-17T02:00:00.000000000,116.37,155.00709
2021-08-17T03:00:00.000000000,117.46,155.93532
2021-08-17T04:00:00.000000000,120.76,159.53569
2021-08-17T05:00:00.000000000,132.95,164.68777
2021-08-17T06:00:00.000000000,140.98,168.83829
2021-08-17T07:00:00.000000000,132.33,170.349
2021-08-17T08:00:00.000000000,125.63,166.35467
2021-08-17T09:00:00.000000000,117.72,156.7636
2021-08-17T10:00:00.000000000,110.93,143.08719
2021-08-17T11:00:00.000000000,105.99,129.16038
2021-08-17T12:00:00.000000000,105.66,119.28103
2021-08-17T13:00:00.000000000,110.9,115.32618
2021-08-17T14:00:00.000000000,124.95,118.27413
2021-08-17T15:00:00.000000000,149.98,128.98018
2021-08-17T16:00:00.000000000,176.69,148.56216
2021-08-17T17:00:00.000000000,190.88,175.39649
2021-08-17T18:00:00.000000000,206.49,205.08838
2021-08-17T19:00:00.000000000,210.67,232.46724
2021-08-17T20:00:00.000000000,211.51,252.29201
2021-08-17T21:00:00.000000000,209.75,261.95448
2021-08-17T22:00:00.000000000,198.25,261.866
2021-08-17T23:00:00.000000000,186.97,256.74754
2021-08-15T00:00:00.000000000,252.75,239.43598
2021-08-15T01:00:00.000000000,261.13,237.90966
2021-08-15T02:00:00.000000000,255.09,243.87926
2021-08-15T03:00:00.000000000,250.56,253.75529
2021-08-15T04:00:00.000000000,248.23,262.32047
2021-08-15T05:00:00.000000000,243.43,263.66515
2021-08-15T06:00:00.000000000,222.72,254.02606
2021-08-15T07:00:00.000000000,194.19,235.86665
2021-08-15T08:00:00.000000000,169.08,212.91928
2021-08-15T09:00:00.000000000,148.43,190.57947
2021-08-15T10:00:00.000000000,130.86,172.78031
2021-08-15T11:00:00.000000000,118.47,161.36601
2021-08-15T12:00:00.000000000,108.3,157.76555
2021-08-15T13:00:00.000000000,113.28,163.03145
2021-08-15T14:00:00.000000000,128.54,179.17269
2021-08-15T15:00:00.000000000,156.31,206.51898
2021-08-15T16:00:00.000000000,192.3,241.5175
2021-08-15T17:00:00.000000000,229.76,275.28792
2021-08-15T18:00:00.000000000,257.76,299.18658
2021-08-15T19:00:00.000000000,269.89,309.43106
2021-08-15T20:00:00.000000000,269.44,306.84848
2021-08-15T21:00:00.000000000,261.76,295.72169
2021-08-15T22:00:00.000000000,259.64,281.07953
2021-08-15T23:00:00.000000000,254.07,268.01965
2021-08-16T00:00:00.000000000,142.31,200.76128
2021-08-16T01:00:00.000000000,243.51,201.60327
2021-08-16T02:00:00.000000000,233.63,204.42965
2021-08-16T03:00:00.000000000,230.08,206.68847
2021-08-16T04:00:00.000000000,226.66,205.80971
2021-08-16T05:00:00.000000000,223.12,198.68519
2021-08-16T06:00:00.000000000,210.3,184.13839
2021-08-16T07:00:00.000000000,184.78,165.57491
2021-08-16T08:00:00.000000000,159.29,145.79243
2021-08-16T09:00:00.000000000,141.52,128.21119
2021-08-16T10:00:00.000000000,122.36,114.53227
2021-08-16T11:00:00.000000000,111.85,106.27545
2021-08-16T12:00:00.000000000,108.49,104.61875
2021-08-16T13:00:00.000000000,110.86,109.4482
2021-08-16T14:00:00.000000000,121.04,120.7908
2021-08-16T15:00:00.000000000,134.2,136.70757
2021-08-16T16:00:00.000000000,150.54,153.6426
2021-08-16T17:00:00.000000000,163.05,167.03285
2021-08-16T18:00:00.000000000,170.52,174.00324
2021-08-16T19:00:00.000000000,172.91,174.30429
2021-08-16T20:00:00.000000000,168.57,169.65355
2021-08-16T21:00:00.000000000,156.05,163.03284
2021-08-16T22:00:00.000000000,131.53,156.79061
2021-08-16T23:00:00.000000000,121.23,153.91368
2021-08-17T00:00:00.000000000,162.59,129.37733
2021-08-17T01:00:00.000000000,116.68,125.8073
2021-08-17T02:00:00.000000000,116.37,125.27859
2021-08-17T03:00:00.000000000,117.46,126.55179
2021-08-17T04:00:00.000000000,120.76,129.37624
2021-08-17T05:00:00.000000000,132.95,131.61433
2021-08-17T06:00:00.000000000,140.98,131.23454
2021-08-17T07:00:00.000000000,132.33,128.23614
2021-08-17T08:00:00.000000000,125.63,122.02458
2021-08-17T09:00:00.000000000,117.72,114.27071
2021-08-17T10:00:00.000000000,110.93,106.27177
2021-08-17T11:00:00.000000000,105.99,99.37647
2021-08-17T12:00:00.000000000,105.66,95.26123
2021-08-17T13:00:00.000000000,110.9,95.28763
2021-08-17T14:00:00.000000000,124.95,101.37112
2021-08-17T15:00:00.000000000,149.98,114.37226
2021-08-17T16:00:00.000000000,176.69,133.49325
2021-08-17T17:00:00.000000000,190.88,155.33326
2021-08-17T18:00:00.000000000,206.49,175.42875
2021-08-17T19:00:00.000000000,210.67,190.17983
2021-08-17T20:00:00.000000000,211.51,197.49732
2021-08-17T21:00:00.000000000,209.75,198.21605
2021-08-17T22:00:00.000000000,198.25,194.42734
2021-08-17T23:00:00.000000000,186.97,189.75818
2021-08-18T00:00:00.000000000,183.47,156.11443
2021-08-18T01:00:00.000000000,175.55,151.48959
2021-08-18T02:00:00.000000000,176.0,151.66878
2021-08-18T03:00:00.000000000,176.25,154.89654
2021-08-18T04:00:00.000000000,192.12,161.44742
2021-08-18T05:00:00.000000000,207.48,169.87895
2021-08-18T06:00:00.000000000,206.25,177.00338
2021-08-18T07:00:00.000000000,199.29,180.34606
2021-08-18T08:00:00.000000000,188.01,176.60266
2021-08-18T09:00:00.000000000,177.12,165.72849
2021-08-18T10:00:00.000000000,169.11,149.98251
2021-08-18T11:00:00.000000000,162.4,134.1791
2021-08-18T12:00:00.000000000,159.65,123.41474
2021-08-18T13:00:00.000000000,158.42,119.85986
2021-08-18T14:00:00.000000000,162.81,124.25682
2021-08-18T15:00:00.000000000,169.85,137.06738
2021-08-18T16:00:00.000000000,186.74,158.93973
2021-08-18T17:00:00.000000000,207.03,187.69715
2021-08-18T18:00:00.000000000,221.6,218.41189
2021-08-18T19:00:00.000000000,220.65,245.5062
2021-08-18T20:00:00.000000000,213.96,263.40782
2021-08-18T21:00:00.000000000,201.1,269.70013
2021-08-18T22:00:00.000000000,193.93,265.69178
2021-08-18T23:00:00.000000000,187.47,257.14643
2021-08-16T00:00:00.000000000,142.31,201.52465
2021-08-16T01:00:00.000000000,243.51,200.82408
2021-08-16T02:00:00.000000000,233.63,201.80162
2021-08-16T03:00:00.000000000,230.08,202.66536
2021-08-16T04:00:00.000000000,226.66,201.41464
2021-08-16T05:00:00.000000000,223.12,194.70662
2021-08-16T06:00:00.000000000,210.3,180.72187
2021-08-16T07:00:00.000000000,184.78,162.30374
2021-08-16T08:00:00.000000000,159.29,142.1302
2021-08-16T09:00:00.000000000,141.52,123.87122
2021-08-16T10:00:00.000000000,122.36,109.44839
2021-08-16T11:00:00.000000000,111.85,100.3834
2021-08-16T12:00:00.000000000,108.49,97.65194
2021-08-16T13:00:00.000000000,110.86,100.76466
2021-08-16T14:00:00.000000000,121.04,109.71998
2021-08-16T15:00:00.000000000,134.2,122.96791
2021-08-16T16:00:00.000000000,150.54,137.66899
2021-08-16T17:00:00.000000000,163.05,149.82281
2021-08-16T18:00:00.000000000,170.52,156.60738
2021-08-16T19:00:00.000000000,172.91,157.37833
2021-08-16T20:00:00.000000000,168.57,153.47896
2021-08-16T21:00:00.000000000,156.05,147.54037
2021-08-16T22:00:00.000000000,131.53,141.61784
2021-08-16T23:00:00.000000000,121.23,138.7502
2021-08-17T00:00:00.000000000,162.59,127.84777
2021-08-17T01:00:00.000000000,116.68,124.1195
2021-08-17T02:00:00.000000000,116.37,123.98639
2021-08-17T03:00:00.000000000,117.46,126.1287
2021-08-17T04:00:00.000000000,120.76,130.18917
2021-08-17T05:00:00.000000000,132.95,133.80766
2021-08-17T06:00:00.000000000,140.98,134.5852
2021-08-17T07:00:00.000000000,132.33,132.15749
2021-08-17T08:00:00.000000000,125.63,125.78253
2021-08-17T09:00:00.000000000,117.72,117.18975
2021-08-17T10:00:00.000000000,110.93,108.01165
2021-08-17T11:00:00.000000000,105.99,100.01153
2021-08-17T12:00:00.000000000,105.66,95.16127
2021-08-17T13:00:00.000000000,110.9,94.91843
2021-08-17T14:00:00.000000000,124.95,101.18882
2021-08-17T15:00:00.000000000,149.98,114.89603
2021-08-17T16:00:00.000000000,176.69,135.24069
2021-08-17T17:00:00.000000000,190.88,158.57825
2021-08-17T18:00:00.000000000,206.49,180.04266
2021-08-17T19:00:00.000000000,210.67,195.67742
2021-08-17T20:00:00.000000000,211.51,203.10206
2021-08-17T21:00:00.000000000,209.75,203.09817
2021-08-17T22:00:00.000000000,198.25,198.0384
2021-08-17T23:00:00.000000000,186.97,192.03172
2021-08-18T00:00:00.000000000,183.47,168.43974
2021-08-18T01:00:00.000000000,175.55,163.93418
2021-08-18T02:00:00.000000000,176.0,164.4081
2021-08-18T03:00:00.000000000,176.25,167.79439
2021-08-18T04:00:00.000000000,192.12,173.8744
2021-08-18T05:00:00.000000000,207.48,181.11073
2021-08-18T06:00:00.000000000,206.25,186.54493
2021-08-18T07:00:00.000000000,199.29,188.34315
2021-08-18T08:00:00.000000000,188.01,183.77584
2021-08-18T09:00:00.000000000,177.12,173.06981
2021-08-18T10:00:00.000000000,169.11,158.35964
2021-08-18T11:00:00.000000000,162.4,143.88453
2021-08-18T12:00:00.000000000,159.65,134.26646
2021-08-18T13:00:00.000000000,158.42,131.65757
2021-08-18T14:00:00.000000000,162.81,137.20254
2021-08-18T15:00:00.000000000,169.85,151.80558
2021-08-18T16:00:00.000000000,186.74,176.12202
2021-08-18T17:00:00.000000000,207.03,207.3799
2021-08-18T18:00:00.000000000,221.6,240.01077
2021-08-18T19:00:00.000000000,220.65,268.24478
2021-08-18T20:00:00.000000000,213.96,286.69095
2021-08-18T21:00:00.000000000,201.1,293.26564
2021-08-18T22:00:00.000000000,193.93,289.47592
2021-08-18T23:00:00.000000000,187.47,280.89231
2021-08-19T00:00:00.000000000,311.12,247.49494
2021-08-19T01:00:00.000000000,187.88,244.57787
2021-08-19T02:00:00.000000000,191.37,247.19966
2021-08-19T03:00:00.000000000,207.74,252.67098
2021-08-19T04:00:00.000000000,235.47,258.46517
2021-08-19T05:00:00.000000000,256.55,261.53751
2021-08-19T06:00:00.000000000,269.47,258.3656
2021-08-19T07:00:00.000000000,271.14,249.03873
2021-08-19T08:00:00.000000000,265.31,234.04416
2021-08-19T09:00:00.000000000,251.86,216.35172
2021-08-19T10:00:00.000000000,246.13,199.30895
2021-08-19T11:00:00.000000000,243.0,186.05745
2021-08-19T12:00:00.000000000,241.45,179.57774
2021-08-19T13:00:00.000000000,246.13,181.03426
2021-08-19T14:00:00.000000000,258.37,191.39647
2021-08-19T15:00:00.000000000,270.72,211.12576
2021-08-19T16:00:00.000000000,300.01,239.47732
2021-08-19T17:00:00.000000000,335.99,271.6148
2021-08-19T18:00:00.000000000,365.31,301.24146
2021-08-19T19:00:00.000000000,381.64,323.38833
2021-08-19T20:00:00.000000000,384.31,335.01873
2021-08-19T21:00:00.000000000,381.4,336.66579
2021-08-19T22:00:00.000000000,373.51,331.10935
2021-08-19T23:00:00.000000000,368.58,322.96209
2021-08-17T00:00:00.000000000,162.59,110.4329
2021-08-17T01:00:00.000000000,116.68,108.81979
2021-08-17T02:00:00.000000000,116.37,110.81018
2021-08-17T03:00:00.000000000,117.46,114.50966
2021-08-17T04:00:00.000000000,120.76,119.21862
2021-08-17T05:00:00.000000000,132.95,122.19501
2021-08-17T06:00:00.000000000,140.98,121.34881
2021-08-17T07:00:00.000000000,132.33,117.48542
2021-08-17T08:00:00.000000000,125.63,110.96232
2021-08-17T09:00:00.000000000,117.72,103.71802
2021-08-17T10:00:00.000000000,110.93,96.91635
2021-08-17T11:00:00.000000000,105.99,91.67328
2021-08-17T12:00:00.000000000,105.66,89.46799
2021-08-17T13:00:00.000000000,110.9,91.80696
2021-08-17T14:00:00.000000000,124.95,101.11081
2021-08-17T15:00:00.000000000,149.98,118.77578
2021-08-17T16:00:00.000000000,176.69,143.27018
2021-08-17T17:00:00.000000000,190.88,169.46972
2021-08-17T18:00:00.000000000,206.49,191.59326
2021-08-17T19:00:00.000000000,210.67,206.29465
2021-08-17T20:00:00.000000000,211.51,212.22374
2021-08-17T21:00:00.000000000,209.75,210.94705
2021-08-17T22:00:00.000000000,198.25,205.26085
2021-08-17T23:00:00.000000000,186.97,199.35164
2021-08-18T00:00:00.000000000,183.47,178.38594
2021-08-18T01:00:00.000000000,175.55,172.5629
2021-08-18T02:00:00.000000000,176.0,170.73013
2021-08-18T03:00:00.000000000,176.25,171.92326
2021-08-18T04:00:00.000000000,192.12,175.6096
2021-08-18T05:00:00.000000000,207.48,179.44706
2021-08-18T06:00:00.000000000,206.25,180.32796
2021-08-18T07:00:00.000000000,199.29,177.04768
2021-08-18T08:00:00.000000000,188.01,168.25505
2021-08-18T09:00:00.000000000,177.12,155.7048
2021-08-18T10:00:00.000000000,169.11,141.70113
2021-08-18T11:00:00.000000000,162.4,128.88784
2021-08-18T12:00:00.000000000,159.65,120.02213
2021-08-18T13:00:00.000000000,158.42,116.52774
2021-08-18T14:00:00.000000000,162.81,119.91917
2021-08-18T15:00:00.000000000,169.85,130.91349
2021-08-18T16:00:00.000000000,186.74,149.5408
2021-08-18T17:00:00.000000000,207.03,173.01315
2021-08-18T18:00:00.000000000,221.6,196.59653
2021-08-18T19:00:00.000000000,220.65,215.44348
2021-08-18T20:00:00.000000000,213.96,226.1101
2021-08-18T21:00:00.000000000,201.1,228.38107
2021-08-18T22:00:00.000000000,193.93,224.06532
2021-08-18T23:00:00.000000000,187.47,217.3435
2021-08-19T00:00:00.000000000,311.12,206.02496
2021-08-19T01:00:00.000000000,187.88,203.02678
2021-08-19T02:00:00.000000000,191.37,206.48341
2021-08-19T03:00:00.000000000,207.74,213.5468
2021-08-19T04:00:00.000000000,235.47,221.84607
2021-08-19T05:00:00.000000000,256.55,228.41533
2021-08-19T06:00:00.000000000,269.47,230.03315
2021-08-19T07:00:00.000000000,271.14,226.6484
2021-08-19T08:00:00.000000000,265.31,218.15566
2021-08-19T09:00:00.000000000,251.86,206.79952
2021-08-19T10:00:00.000000000,246.13,195.25923
2021-08-19T11:00:00.000000000,243.0,186.22966
2021-08-19T12:00:00.000000000,241.45,182.6823
2021-08-19T13:00:00.000000000,246.13,186.22353
2021-08-19T14:00:00.000000000,258.37,198.42988
2021-08-19T15:00:00.000000000,270.72,220.17715
2021-08-19T16:00:00.000000000,300.01,250.45166
2021-08-19T17:00:00.000000000,335.99,283.89614
2021-08-19T18:00:00.000000000,365.31,313.67741
2021-08-19T19:00:00.000000000,381.64,335.05402
2021-08-19T20:00:00.000000000,384.31,345.30597
2021-08-19T21:00:00.000000000,381.4,345.07131
2021-08-19T22:00:00.000000000,373.51,337.39064
2021-08-19T23:00:00.000000000,368.58,327.01327
2021-08-20T00:00:00.000000000,373.24,314.95847
2021-08-20T01:00:00.000000000,360.08,307.9415
2021-08-20T02:00:00.000000000,362.61,309.76378
2021-08-20T03:00:00.000000000,366.94,318.81096
2021-08-20T04:00:00.000000000,376.72,331.43844
2021-08-20T05:00:00.000000000,383.24,341.85829
2021-08-20T06:00:00.000000000,373.48,344.02198
2021-08-20T07:00:00.000000000,351.49,337.25613
2021-08-20T08:00:00.000000000,321.61,322.49282
2021-08-20T09:00:00.000000000,291.55,303.39877
2021-08-20T10:00:00.000000000,272.05,283.81942
2021-08-20T11:00:00.000000000,255.1,266.34698
2021-08-20T12:00:00.000000000,243.1,253.96876
2021-08-20T13:00:00.000000000,246.97,248.53602
2021-08-20T14:00:00.000000000,260.42,252.93803
2021-08-20T15:00:00.000000000,281.29,269.43579
2021-08-20T16:00:00.000000000,317.54,297.73279
2021-08-20T17:00:00.000000000,363.21,331.54894
2021-08-20T18:00:00.000000000,403.54,362.44939
2021-08-20T19:00:00.000000000,415.4,384.47075
2021-08-20T20:00:00.000000000,411.89,394.62412
2021-08-20T21:00:00.000000000,404.61,393.27832
2021-08-20T22:00:00.000000000,395.31,383.11466
2021-08-20T23:00:00.000000000,385.46,369.11128
2021-08-18T00:00:00.000000000,183.47,177.13649
2021-08-18T01:00:00.000000000,175.55,169.37574
2021-08-18T02:00:00.000000000,176.0,164.80132
2021-08-18T03:00:00.000000000,176.25,163.28478
2021-08-18T04:00:00.000000000,192.12,165.04323
2021-08-18T05:00:00.000000000,207.48,168.20493
2021-08-18T06:00:00.000000000,206.25,169.887
2021-08-18T07:00:00.000000000,199.29,168.80162
2021-08-18T08:00:00.000000000,188.01,163.15402
2021-08-18T09:00:00.000000000,177.12,154.05506
2021-08-18T10:00:00.000000000,169.11,142.9297
2021-08-18T11:00:00.000000000,162.4,131.70838
2021-08-18T12:00:00.000000000,159.65,122.80159
2021-08-18T13:00:00.000000000,158.42,117.61951
2021-08-18T14:00:00.000000000,162.81,118.02735
2021-08-18T15:00:00.000000000,169.85,125.01813
2021-08-18T16:00:00.000000000,186.74,138.9985
2021-08-18T17:00:00.000000000,207.03,157.9007
2021-08-18T18:00:00.000000000,221.6,177.74251
2021-08-18T19:00:00.000000000,220.65,194.06915
2021-08-18T20:00:00.000000000,213.96,203.56719
2021-08-18T21:00:00.000000000,201.1,205.7429
2021-08-18T22:00:00.000000000,193.93,201.85846
2021-08-18T23:00:00.000000000,187.47,195.51483
2021-08-19T00:00:00.000000000,311.12,186.51407
2021-08-19T01:00:00.000000000,187.88,183.09543
2021-08-19T02:00:00.000000000,191.37,186.67918
2021-08-19T03:00:00.000000000,207.74,194.96718
2021-08-19T04:00:00.000000000,235.47,206.078
2021-08-19T05:00:00.000000000,256.55,216.80951
2021-08-19T06:00:00.000000000,269.47,223.31653
2021-08-19T07:00:00.000000000,271.14,224.81598
2021-08-19T08:00:00.000000000,265.31,220.63901
2021-08-19T09:00:00.000000000,251.86,212.56723
2021-08-19T10:00:00.000000000,246.13,202.99411
2021-08-19T11:00:00.000000000,243.0,194.80443
2021-08-19T12:00:00.000000000,241.45,191.16779
2021-08-19T13:00:00.000000000,246.13,193.65745
2021-08-19T14:00:00.000000000,258.37,203.83397
2021-08-19T15:00:00.000000000,270.72,222.95658
2021-08-19T16:00:00.000000000,300.01,250.75708
2021-08-19T17:00:00.000000000,335.99,282.5126
2021-08-19T18:00:00.000000000,365.31,311.54745
2021-08-19T19:00:00.000000000,381.64,333.12416
2021-08-19T20:00:00.000000000,384.31,344.16819
2021-08-19T21:00:00.000000000,381.4,344.54421
2021-08-19T22:00:00.000000000,373.51,336.73131
2021-08-19T23:00:00.000000000,368.58,325.47837
2021-08-20T00:00:00.000000000,373.24,315.07709
2021-08-20T01:00:00.000000000,360.08,311.62104
2021-08-20T02:00:00.000000000,362.61,315.50006
2021-08-20T03:00:00.000000000,366.94,323.34079
2021-08-20T04:00:00.000000000,376.72,330.51931
2021-08-20T05:00:00.000000000,383.24,331.49794
2021-08-20T06:00:00.000000000,373.48,321.96912
2021-08-20T07:00:00.000000000,351.49,303.87214
2021-08-20T08:00:00.000000000,321.61,280.38499
2021-08-20T09:00:00.000000000,291.55,256.57052
2021-08-20T10:00:00.000000000,272.05,236.72084
2021-08-20T11:00:00.000000000,255.1,223.21448
2021-08-20T12:00:00.000000000,243.1,218.49711
2021-08-20T13:00:00.000000000,246.97,223.55107
2021-08-20T14:00:00.000000000,260.42,239.57303
2021-08-20T15:00:00.000000000,281.29,266.30377
2021-08-20T16:00:00.000000000,317.54,300.66627
2021-08-20T17:00:00.000000000,363.21,334.77289
2021-08-20T18:00:00.000000000,403.54,360.7578
2021-08-20T19:00:00.000000000,415.4,374.825
2021-08-20T20:00:00.000000000,411.89,376.9299
2021-08-20T21:00:00.000000000,404.61,369.94675
2021-08-20T22:00:00.000000000,395.31,357.84205
2021-08-20T23:00:00.000000000,385.46,345.52317
2021-08-21T00:00:00.000000000,302.93,347.00345
2021-08-21T01:00:00.000000000,372.49,340.76443
2021-08-21T02:00:00.000000000,370.85,343.94846
2021-08-21T03:00:00.000000000,372.47,354.57929
2021-08-21T04:00:00.000000000,373.44,367.45784
2021-08-21T05:00:00.000000000,364.96,374.85885
2021-08-21T06:00:00.000000000,329.39,370.23173
2021-08-21T07:00:00.000000000,286.92,354.42062
2021-08-21T08:00:00.000000000,245.62,330.48225
2021-08-21T09:00:00.000000000,215.8,303.49847
2021-08-21T10:00:00.000000000,198.47,277.98971
2021-08-21T11:00:00.000000000,192.54,256.97402
2021-08-21T12:00:00.000000000,195.17,243.10092
2021-08-21T13:00:00.000000000,203.9,237.54423
2021-08-21T14:00:00.000000000,218.28,242.57988
2021-08-21T15:00:00.000000000,244.86,259.72602
2021-08-21T16:00:00.000000000,284.89,287.64896
2021-08-21T17:00:00.000000000,333.74,318.62821
2021-08-21T18:00:00.000000000,370.25,343.69033
2021-08-21T19:00:00.000000000,374.07,357.7335
2021-08-21T20:00:00.000000000,356.15,359.62946
2021-08-21T21:00:00.000000000,336.7,351.01223
2021-08-21T22:00:00.000000000,315.05,335.21954
2021-08-21T23:00:00.000000000,292.04,318.00896
2021-08-19T00:00:00.000000000,311.12,185.73669
2021-08-19T01:00:00.000000000,187.88,184.59575
2021-08-19T02:00:00.000000000,191.37,191.10684
2021-08-19T03:00:00.000000000,207.74,203.02093
2021-08-19T04:00:00.000000000,235.47,218.35458
2021-08-19T05:00:00.000000000,256.55,233.49742
2021-08-19T06:00:00.000000000,269.47,244.3847
2021-08-19T07:00:00.000000000,271.14,250.84501
2021-08-19T08:00:00.000000000,265.31,252.44525
2021-08-19T09:00:00.000000000,251.86,250.023
2021-08-19T10:00:00.000000000,246.13,244.74568
2021-08-19T11:00:00.000000000,243.0,239.47919
2021-08-19T12:00:00.000000000,241.45,237.655
2021-08-19T13:00:00.000000000,246.13,240.6763
2021-08-19T14:00:00.000000000,258.37,249.85103
2021-08-19T15:00:00.000000000,270.72,266.62333
2021-08-19T16:00:00.000000000,300.01,291.16798
2021-08-19T17:00:00.000000000,335.99,319.14512
2021-08-19T18:00:00.000000000,365.31,344.56584
2021-08-19T19:00:00.000000000,381.64,364.20738
2021-08-19T20:00:00.000000000,384.31,375.66602
2021-08-19T21:00:00.000000000,381.4,377.63428
2021-08-19T22:00:00.000000000,373.51,371.16887
2021-08-19T23:00:00.000000000,368.58,360.37862
2021-08-20T00:00:00.000000000,373.24,339.9239
2021-08-20T01:00:00.000000000,360.08,335.38509
2021-08-20T02:00:00.000000000,362.61,337.28191
2021-08-20T03:00:00.000000000,366.94,342.27661
2021-08-20T04:00:00.000000000,376.72,346.04177
2021-08-20T05:00:00.000000000,383.24,343.62736
2021-08-20T06:00:00.000000000,373.48,331.44274
2021-08-20T07:00:00.000000000,351.49,312.00088
2021-08-20T08:00:00.000000000,321.61,288.41057
2021-08-20T09:00:00.000000000,291.55,265.26668
2021-08-20T10:00:00.000000000,272.05,246.30115
2021-08-20T11:00:00.000000000,255.1,233.64569
2021-08-20T12:00:00.000000000,243.1,229.77096
2021-08-20T13:00:00.000000000,246.97,235.5586
2021-08-20T14:00:00.000000000,260.42,251.97477
2021-08-20T15:00:00.000000000,281.29,278.38346
2021-08-20T16:00:00.000000000,317.54,311.54269
2021-08-20T17:00:00.000000000,363.21,343.74472
2021-08-20T18:00:00.000000000,403.54,367.56956
2021-08-20T19:00:00.000000000,415.4,379.6855
2021-08-20T20:00:00.000000000,411.89,380.38861
2021-08-20T21:00:00.000000000,404.61,372.49678
2021-08-20T22:00:00.000000000,395.31,359.79222
2021-08-20T23:00:00.000000000,385.46,347.15395
2021-08-21T00:00:00.000000000,302.93,341.5765
2021-08-21T01:00:00.000000000,372.49,340.78173
2021-08-21T02:00:00.000000000,370.85,346.51681
2021-08-21T03:00:00.000000000,372.47,354.19199
2021-08-21T04:00:00.000000000,373.44,357.75594
2021-08-21T05:00:00.000000000,364.96,351.03108
2021-08-21T06:00:00.000000000,329.39,331.75516
2021-08-21T07:00:00.000000000,286.92,305.54088
2021-08-21T08:00:00.000000000,245.62,277.64045
2021-08-21T09:00:00.000000000,215.8,252.79752
2021-08-21T10:00:00.000000000,198.47,233.65593
2021-08-21T11:00:00.000000000,192.54,221.99236
2021-08-21T12:00:00.000000000,195.17,220.07669
2021-08-21T13:00:00.000000000,203.9,228.73111
2021-08-21T14:00:00.000000000,218.28,248.71804
2021-08-21T15:00:00.000000000,244.86,278.32973
2021-08-21T16:00:00.000000000,284.89,312.21429
2021-08-21T17:00:00.000000000,333.74,340.44062
2021-08-21T18:00:00.000000000,370.25,355.23879
2021-08-21T19:00:00.000000000,374.07,355.83495
2021-08-21T20:00:00.000000000,356.15,345.97354
2021-08-21T21:00:00.000000000,336.7,330.02052
2021-08-21T22:00:00.000000000,315.05,312.13713
2021-08-21T23:00:00.000000000,292.04,297.56977
2021-08-22T00:00:00.000000000,279.99,278.48278
2021-08-22T01:00:00.000000000,266.83,282.53724
2021-08-22T02:00:00.000000000,260.45,293.02846
2021-08-22T03:00:00.000000000,263.45,305.93061
2021-08-22T04:00:00.000000000,265.3,316.45919
2021-08-22T05:00:00.000000000,258.08,319.3055
2021-08-22T06:00:00.000000000,248.29,310.91838
2021-08-22T07:00:00.000000000,231.91,294.21604
2021-08-22T08:00:00.000000000,222.34,273.09974
2021-08-22T09:00:00.000000000,207.98,252.54774
2021-08-22T10:00:00.000000000,196.1,236.34346
2021-08-22T11:00:00.000000000,195.43,227.24306
2021-08-22T12:00:00.000000000,196.48,228.10147
2021-08-22T13:00:00.000000000,195.84,239.52414
2021-08-22T14:00:00.000000000,203.24,260.84999
2021-08-22T15:00:00.000000000,215.62,289.19178
2021-08-22T16:00:00.000000000,233.87,319.44879
2021-08-22T17:00:00.000000000,254.29,343.99258
2021-08-22T18:00:00.000000000,275.21,357.48988
2021-08-22T19:00:00.000000000,283.86,359.90642
2021-08-22T20:00:00.000000000,291.05,354.28189
2021-08-22T21:00:00.000000000,286.03,344.52828
2021-08-22T22:00:00.000000000,278.69,334.17744
2021-08-22T23:00:00.000000000,280.15,326.66072
2021-08-20T00:00:00.000000000,373.24,364.13877
2021-08-20T01:00:00.000000000,360.08,351.5715
2021-08-20T02:00:00.000000000,362.61,343.68603
2021-08-20T03:00:00.000000000,366.94,339.57004
2021-08-20T04:00:00.000000000,376.72,337.35983
2021-08-20T05:00:00.000000000,383.24,333.90883
2021-08-20T06:00:00.000000000,373.48,325.37518
2021-08-20T07:00:00.000000000,351.49,312.00477
2021-08-20T08:00:00.000000000,321.61,294.35427
2021-08-20T09:00:00.000000000,291.55,275.69999
2021-08-20T10:00:00.000000000,272.05,259.20149
2021-08-20T11:00:00.000000000,255.1,245.89325
2021-08-20T12:00:00.000000000,243.1,237.56677
2021-08-20T13:00:00.000000000,246.97,235.257
2021-08-20T14:00:00.000000000,260.42,241.49537
2021-08-20T15:00:00.000000000,281.29,258.19029
2021-08-20T16:00:00.000000000,317.54,285.29476
2021-08-20T17:00:00.000000000,363.21,317.7293
2021-08-20T18:00:00.000000000,403.54,348.20614
2021-08-20T19:00:00.000000000,415.4,370.6484
2021-08-20T20:00:00.000000000,411.89,381.94374
2021-08-20T21:00:00.000000000,404.61,382.71185
2021-08-20T22:00:00.000000000,395.31,375.43219
2021-08-20T23:00:00.000000000,385.46,364.19934
2021-08-21T00:00:00.000000000,302.93,350.92629
2021-08-21T01:00:00.000000000,372.49,347.34998
2021-08-21T02:00:00.000000000,370.85,350.28354
2021-08-21T03:00:00.000000000,372.47,355.41198
2021-08-21T04:00:00.000000000,373.44,357.06891
2021-08-21T05:00:00.000000000,364.96,349.42965
2021-08-21T06:00:00.000000000,329.39,330.34043
2021-08-21T07:00:00.000000000,286.92,305.12368
2021-08-21T08:00:00.000000000,245.62,278.37774
2021-08-21T09:00:00.000000000,215.8,254.25391
2021-08-21T10:00:00.000000000,198.47,235.1356
2021-08-21T11:00:00.000000000,192.54,222.84966
2021-08-21T12:00:00.000000000,195.17,219.80272
2021-08-21T13:00:00.000000000,203.9,226.94103
2021-08-21T14:00:00.000000000,218.28,245.35308
2021-08-21T15:00:00.000000000,244.86,273.88067
2021-08-21T16:00:00.000000000,284.89,307.77727
2021-08-21T17:00:00.000000000,333.74,337.28179
2021-08-21T18:00:00.000000000,370.25,354.17124
2021-08-21T19:00:00.000000000,374.07,356.80415
2021-08-21T20:00:00.000000000,356.15,348.02524
2021-08-21T21:00:00.000000000,336.7,331.66556
2021-08-21T22:00:00.000000000,315.05,311.97044
2021-08-21T23:00:00.000000000,292.04,294.86034
2021-08-22T00:00:00.000000000,279.99,290.66128
2021-08-22T01:00:00.000000000,266.83,297.53957
2021-08-22T02:00:00.000000000,260.45,305.88751
2021-08-22T03:00:00.000000000,263.45,311.81201
2021-08-22T04:00:00.000000000,265.3,312.95836
2021-08-22T05:00:00.000000000,258.08,308.07027
2021-08-22T06:00:00.000000000,248.29,296.68676
2021-08-22T07:00:00.000000000,231.91,282.48409
2021-08-22T08:00:00.000000000,222.34,268.20158
2021-08-22T09:00:00.000000000,207.98,257.1099
2021-08-22T10:00:00.000000000,196.1,251.39514
2021-08-22T11:00:00.000000000,195.43,253.18775
2021-08-22T12:00:00.000000000,196.48,264.8447
2021-08-22T13:00:00.000000000,195.84,284.9603
2021-08-22T14:00:00.000000000,203.24,309.39595
2021-08-22T15:00:00.000000000,215.62,331.92822
2021-08-22T16:00:00.000000000,233.87,347.47765
2021-08-22T17:00:00.000000000,254.29,353.2404
2021-08-22T18:00:00.000000000,275.21,350.24225
2021-08-22T19:00:00.000000000,283.86,342.46568
2021-08-22T20:00:00.000000000,291.05,334.09431
2021-08-22T21:00:00.000000000,286.03,327.96116
2021-08-22T22:00:00.000000000,278.69,325.4446
2021-08-22T23:00:00.000000000,280.15,327.00421
2021-08-23T00:00:00.000000000,284.21,297.81346
2021-08-23T01:00:00.000000000,284.19,297.58637
2021-08-23T02:00:00.000000000,283.21,301.49942
2021-08-23T03:00:00.000000000,286.95,307.81173
2021-08-23T04:00:00.000000000,297.93,314.44607
2021-08-23T05:00:00.000000000,301.82,318.36216
2021-08-23T06:00:00.000000000,303.1,315.88332
2021-08-23T07:00:00.000000000,292.6,307.53953
2021-08-23T08:00:00.000000000,277.1,294.2106
2021-08-23T09:00:00.000000000,260.44,278.47013
2021-08-23T10:00:00.000000000,249.49,262.85763
2021-08-23T11:00:00.000000000,239.1,250.21721
2021-08-23T12:00:00.000000000,232.07,243.78535
2021-08-23T13:00:00.000000000,231.61,244.33596
2021-08-23T14:00:00.000000000,239.95,251.74843
2021-08-23T15:00:00.000000000,253.83,264.92198
2021-08-23T16:00:00.000000000,270.83,282.55009
2021-08-23T17:00:00.000000000,294.93,301.11186
2021-08-23T18:00:00.000000000,314.01,317.21998
2021-08-23T19:00:00.000000000,315.67,329.05522
2021-08-23T20:00:00.000000000,309.54,335.69609
2021-08-23T21:00:00.000000000,304.99,337.35639
2021-08-23T22:00:00.000000000,294.99,335.14542
2021-08-23T23:00:00.000000000,287.73,331.68195
2021-08-21T00:00:00.000000000,302.93,378.97636
2021-08-21T01:00:00.000000000,372.49,373.0132
2021-08-21T02:00:00.000000000,370.85,372.72851
2021-08-21T03:00:00.000000000,372.47,374.78645
2021-08-21T04:00:00.000000000,373.44,373.48449
2021-08-21T05:00:00.000000000,364.96,362.45
2021-08-21T06:00:00.000000000,329.39,340.00105
2021-08-21T07:00:00.000000000,286.92,312.98591
2021-08-21T08:00:00.000000000,245.62,286.976
2021-08-21T09:00:00.000000000,215.8,265.77728
2021-08-21T10:00:00.000000000,198.47,250.1039
2021-08-21T11:00:00.000000000,192.54,239.94001
2021-08-21T12:00:00.000000000,195.17,236.43905
2021-08-21T13:00:00.000000000,203.9,240.64444
2021-08-21T14:00:00.000000000,218.28,255.14304
2021-08-21T15:00:00.000000000,244.86,280.10626
2021-08-21T16:00:00.000000000,284.89,310.86829
2021-08-21T17:00:00.000000000,333.74,336.6368
2021-08-21T18:00:00.000000000,370.25,348.4178
2021-08-21T19:00:00.000000000,374.07,345.32353
2021-08-21T20:00:00.000000000,356.15,331.86222
2021-08-21T21:00:00.000000000,336.7,312.44487
2021-08-21T22:00:00.000000000,315.05,290.87924
2021-08-21T23:00:00.000000000,292.04,272.44441
2021-08-22T00:00:00.000000000,279.99,272.16941
2021-08-22T01:00:00.000000000,266.83,279.46735
2021-08-22T02:00:00.000000000,260.45,288.02736
2021-08-22T03:00:00.000000000,263.45,293.58986
2021-08-22T04:00:00.000000000,265.3,293.60842
2021-08-22T05:00:00.000000000,258.08,287.26867
2021-08-22T06:00:00.000000000,248.29,274.73532
2021-08-22T07:00:00.000000000,231.91,259.86348
2021-08-22T08:00:00.000000000,222.34,245.28446
2021-08-22T09:00:00.000000000,207.98,234.18285
2021-08-22T10:00:00.000000000,196.1,228.67399
2021-08-22T11:00:00.000000000,195.43,230.90165
2021-08-22T12:00:00.000000000,196.48,243.178
2021-08-22T13:00:00.000000000,195.84,264.34788
2021-08-22T14:00:00.000000000,203.24,290.34081
2021-08-22T15:00:00.000000000,215.62,314.70633
2021-08-22T16:00:00.000000000,233.87,332.00308
2021-08-22T17:00:00.000000000,254.29,339.19242
2021-08-22T18:00:00.000000000,275.21,337.20276
2021-08-22T19:00:00.000000000,283.86,329.86438
2021-08-22T20:00:00.000000000,291.05,321.34817
2021-08-22T21:00:00.000000000,286.03,314.91493
2021-08-22T22:00:00.000000000,278.69,312.34366
2021-08-22T23:00:00.000000000,280.15,314.08541
2021-08-23T00:00:00.000000000,284.21,301.69342
2021-08-23T01:00:00.000000000,284.19,305.74073
2021-08-23T02:00:00.000000000,283.21,312.33483
2021-08-23T03:00:00.000000000,286.95,317.90028
2021-08-23T04:00:00.000000000,297.93,319.74641
2021-08-23T05:00:00.000000000,301.82,316.14641
2021-08-23T06:00:00.000000000,303.1,305.58859
2021-08-23T07:00:00.000000000,292.6,290.42184
2021-08-23T08:00:00.000000000,277.1,272.68702
2021-08-23T09:00:00.000000000,260.44,255.72698
2021-08-23T10:00:00.000000000,249.49,242.3335
2021-08-23T11:00:00.000000000,239.1,235.03292
2021-08-23T12:00:00.000000000,232.07,236.76588
2021-08-23T13:00:00.000000000,231.61,247.75249
2021-08-23T14:00:00.000000000,239.95,266.06763
2021-08-23T15:00:00.000000000,253.83,287.69118
2021-08-23T16:00:00.000000000,270.83,308.73903
2021-08-23T17:00:00.000000000,294.93,325.37255
2021-08-23T18:00:00.000000000,314.01,336.0283
2021-08-23T19:00:00.000000000,315.67,341.17111
2021-08-23T20:00:00.000000000,309.54,342.07117
2021-08-23T21:00:00.000000000,304.99,340.92436
2021-08-23T22:00:00.000000000,294.99,339.73103
2021-08-23T23:00:00.000000000,287.73,340.20389
2021-08-24T00:00:00.000000000,321.69,342.54471
2021-08-24T01:00:00.000000000,291.14,336.24811
2021-08-24T02:00:00.000000000,298.3,334.85819
2021-08-24T03:00:00.000000000,305.33,336.4965
2021-08-24T04:00:00.000000000,320.28,338.67049
2021-08-24T05:00:00.000000000,335.59,337.91923
2021-08-24T06:00:00.000000000,335.2,329.89411
2021-08-24T07:00:00.000000000,316.3,314.44977
2021-08-24T08:00:00.000000000,289.77,292.53713
2021-08-24T09:00:00.000000000,263.18,267.97592
2021-08-24T10:00:00.000000000,244.99,245.30306
2021-08-24T11:00:00.000000000,233.99,228.15557
2021-08-24T12:00:00.000000000,231.64,219.78992
2021-08-24T13:00:00.000000000,235.11,220.69514
2021-08-24T14:00:00.000000000,245.91,230.37525
2021-08-24T15:00:00.000000000,268.03,247.38493
2021-08-24T16:00:00.000000000,300.08,270.13766
2021-08-24T17:00:00.000000000,340.28,294.41076
2021-08-24T18:00:00.000000000,374.72,315.53538
2021-08-24T19:00:00.000000000,375.41,329.46059
2021-08-24T20:00:00.000000000,363.43,333.98275
2021-08-24T21:00:00.000000000,349.52,330.18354
2021-08-24T22:00:00.000000000,339.96,321.05826
2021-08-24T23:00:00.000000000,332.69,311.11625
2021-08-22T00:00:00.000000000,279.99,276.44593
2021-08-22T01:00:00.000000000,266.83,280.51302
2021-08-22T02:00:00.000000000,260.45,287.34448
2021-08-22T03:00:00.000000000,263.45,293.69014
2021-08-22T04:00:00.000000000,265.3,297.02454
2021-08-22T05:00:00.000000000,258.08,295.35486
2021-08-22T06:00:00.000000000,248.29,287.26682
2021-08-22T07:00:00.000000000,231.91,275.44299
2021-08-22T08:00:00.000000000,222.34,262.05513
2021-08-22T09:00:00.000000000,207.98,250.15994
2021-08-22T10:00:00.000000000,196.1,241.95762
2021-08-22T11:00:00.000000000,195.43,239.64094
2021-08-22T12:00:00.000000000,196.48,245.6869
2021-08-22T13:00:00.000000000,195.84,259.74412
2021-08-22T14:00:00.000000000,203.24,279.47256
2021-08-22T15:00:00.000000000,215.62,300.56711
2021-08-22T16:00:00.000000000,233.87,318.86001
2021-08-22T17:00:00.000000000,254.29,330.5374
2021-08-22T18:00:00.000000000,275.21,334.41129
2021-08-22T19:00:00.000000000,283.86,332.28686
2021-08-22T20:00:00.000000000,291.05,326.92513
2021-08-22T21:00:00.000000000,286.03,320.94642
2021-08-22T22:00:00.000000000,278.69,316.29218
2021-08-22T23:00:00.000000000,280.15,314.40909
2021-08-23T00:00:00.000000000,284.21,295.46771
2021-08-23T01:00:00.000000000,284.19,299.70753
2021-08-23T02:00:00.000000000,283.21,305.46499
2021-08-23T03:00:00.000000000,286.95,309.37167
2021-08-23T04:00:00.000000000,297.93,309.13984
2021-08-23T05:00:00.000000000,301.82,303.87651
2021-08-23T06:00:00.000000000,303.1,292.91667
2021-08-23T07:00:00.000000000,292.6,278.83917
2021-08-23T08:00:00.000000000,277.1,263.34805
2021-08-23T09:00:00.000000000,260.44,249.19895
2021-08-23T10:00:00.000000000,249.49,238.40823
2021-08-23T11:00:00.000000000,239.1,232.94247
2021-08-23T12:00:00.000000000,232.07,235.41629
2021-08-23T13:00:00.000000000,231.61,246.0857
2021-08-23T14:00:00.000000000,239.95,263.09824
2021-08-23T15:00:00.000000000,253.83,282.36019
2021-08-23T16:00:00.000000000,270.83,300.18813
2021-08-23T17:00:00.000000000,294.93,313.51677
2021-08-23T18:00:00.000000000,314.01,321.69176
2021-08-23T19:00:00.000000000,315.67,325.6635
2021-08-23T20:00:00.000000000,309.54,326.80335
2021-08-23T21:00:00.000000000,304.99,327.11977
2021-08-23T22:00:00.000000000,294.99,328.11353
2021-08-23T23:00:00.000000000,287.73,330.70679
2021-08-24T00:00:00.000000000,321.69,338.98774
2021-08-24T01:00:00.000000000,291.14,336.83407
2021-08-24T02:00:00.000000000,298.3,337.06893
2021-08-24T03:00:00.000000000,305.33,336.59134
2021-08-24T04:00:00.000000000,320.28,332.4728
2021-08-24T05:00:00.000000000,335.59,322.41086
2021-08-24T06:00:00.000000000,335.2,304.88042
2021-08-24T07:00:00.000000000,316.3,282.83186
2021-08-24T08:00:00.000000000,289.77,258.95872
2021-08-24T09:00:00.000000000,263.18,237.21325
2021-08-24T10:00:00.000000000,244.99,220.69793
2021-08-24T11:00:00.000000000,233.99,211.29519
2021-08-24T12:00:00.000000000,231.64,211.11075
2021-08-24T13:00:00.000000000,235.11,220.28233
2021-08-24T14:00:00.000000000,245.91,237.72212
2021-08-24T15:00:00.000000000,268.03,260.2075
2021-08-24T16:00:00.000000000,300.08,283.78036
2021-08-24T17:00:00.000000000,340.28,303.34537
2021-08-24T18:00:00.000000000,374.72,315.71965
2021-08-24T19:00:00.000000000,375.41,319.97523
2021-08-24T20:00:00.000000000,363.43,317.30056
2021-08-24T21:00:00.000000000,349.52,310.84312
2021-08-24T22:00:00.000000000,339.96,303.74474
2021-08-24T23:00:00.000000000,332.69,298.86452
2021-08-25T00:00:00.000000000,235.85,298.90363
2021-08-25T01:00:00.000000000,338.59,296.15729
2021-08-25T02:00:00.000000000,341.16,295.93057
2021-08-25T03:00:00.000000000,343.08,296.23149
2021-08-25T04:00:00.000000000,343.21,294.18025
2021-08-25T05:00:00.000000000,333.52,286.92902
2021-08-25T06:00:00.000000000,303.95,272.03409
2021-08-25T07:00:00.000000000,267.21,251.16151
2021-08-25T08:00:00.000000000,233.36,226.59072
2021-08-25T09:00:00.000000000,201.35,202.80028
2021-08-25T10:00:00.000000000,171.8,183.41784
2021-08-25T11:00:00.000000000,152.55,170.66049
2021-08-25T12:00:00.000000000,143.06,166.10003
2021-08-25T13:00:00.000000000,137.9,169.5608
2021-08-25T14:00:00.000000000,140.76,180.38232
2021-08-25T15:00:00.000000000,153.21,195.99942
2021-08-25T16:00:00.000000000,178.14,213.49962
2021-08-25T17:00:00.000000000,207.26,229.02754
2021-08-25T18:00:00.000000000,221.11,239.76591
2021-08-25T19:00:00.000000000,225.48,243.78848
2021-08-25T20:00:00.000000000,226.4,241.40663
2021-08-25T21:00:00.000000000,219.06,235.61353
2021-08-25T22:00:00.000000000,212.62,229.33035
2021-08-25T23:00:00.000000000,209.35,225.23723
2021-08-23T00:00:00.000000000,284.21,265.56433
2021-08-23T01:00:00.000000000,284.19,261.57447
2021-08-23T02:00:00.000000000,283.21,261.03679
2021-08-23T03:00:00.000000000,286.95,262.52892
2021-08-23T04:00:00.000000000,297.93,264.73584
2021-08-23T05:00:00.000000000,301.82,265.57664
2021-08-23T06:00:00.000000000,303.1,262.41159
2021-08-23T07:00:00.000000000,292.6,255.85759
2021-08-23T08:00:00.000000000,277.1,245.98212
2021-08-23T09:00:00.000000000,260.44,234.48817
2021-08-23T10:00:00.000000000,249.49,222.90137
2021-08-23T11:00:00.000000000,239.1,213.17543
2021-08-23T12:00:00.000000000,232.07,207.77354
2021-08-23T13:00:00.000000000,231.61,207.56716
2021-08-23T14:00:00.000000000,239.95,213.47481
2021-08-23T15:00:00.000000000,253.83,225.92612
2021-08-23T16:00:00.000000000,270.83,244.89346
2021-08-23T17:00:00.000000000,294.93,267.23145
2021-08-23T18:00:00.000000000,314.01,288.67515
2021-08-23T19:00:00.000000000,315.67,305.91698
2021-08-23T20:00:00.000000000,309.54,316.72421
2021-08-23T21:00:00.000000000,304.99,320.66984
2021-08-23T22:00:00.000000000,294.99,318.72422
2021-08-23T23:00:00.000000000,287.73,313.83565
2021-08-24T00:00:00.000000000,321.69,314.84919
2021-08-24T01:00:00.000000000,291.14,313.2616
2021-08-24T02:00:00.000000000,298.3,313.5639
2021-08-24T03:00:00.000000000,305.33,312.52648
2021-08-24T04:00:00.000000000,320.28,307.65524
2021-08-24T05:00:00.000000000,335.59,297.46195
2021-08-24T06:00:00.000000000,335.2,280.9872
2021-08-24T07:00:00.000000000,316.3,261.00204
2021-08-24T08:00:00.000000000,289.77,239.54752
2021-08-24T09:00:00.000000000,263.18,220.00794
2021-08-24T10:00:00.000000000,244.99,205.10426
2021-08-24T11:00:00.000000000,233.99,196.80324
2021-08-24T12:00:00.000000000,231.64,197.40041
2021-08-24T13:00:00.000000000,235.11,207.18828
2021-08-24T14:00:00.000000000,245.91,225.09223
2021-08-24T15:00:00.000000000,268.03,247.93166
2021-08-24T16:00:00.000000000,300.08,271.97286
2021-08-24T17:00:00.000000000,340.28,292.53179
2021-08-24T18:00:00.000000000,374.72,306.55703
2021-08-24T19:00:00.000000000,375.41,312.9299
2021-08-24T20:00:00.000000000,363.43,312.40151
2021-08-24T21:00:00.000000000,349.52,307.82941
2021-08-24T22:00:00.000000000,339.96,302.21068
2021-08-24T23:00:00.000000000,332.69,298.34139
2021-08-25T00:00:00.000000000,235.85,301.54612
2021-08-25T01:00:00.000000000,338.59,299.27034
2021-08-25T02:00:00.000000000,341.16,297.76972
2021-08-25T03:00:00.000000000,343.08,294.67696
2021-08-25T04:00:00.000000000,343.21,287.19561
2021-08-25T05:00:00.000000000,333.52,272.75646
2021-08-25T06:00:00.000000000,303.95,250.49382
2021-08-25T07:00:00.000000000,267.21,224.66002
2021-08-25T08:00:00.000000000,233.36,198.97734
2021-08-25T09:00:00.000000000,201.35,177.71076
2021-08-25T10:00:00.000000000,171.8,162.93285
2021-08-25T11:00:00.000000000,152.55,155.4862
2021-08-25T12:00:00.000000000,143.06,156.17827
2021-08-25T13:00:00.000000000,137.9,164.63037
2021-08-25T14:00:00.000000000,140.76,180.19771
2021-08-25T15:00:00.000000000,153.21,200.00899
2021-08-25T16:00:00.000000000,178.14,220.08017
2021-08-25T17:00:00.000000000,207.26,235.48086
2021-08-25T18:00:00.000000000,221.11,243.32263
2021-08-25T19:00:00.000000000,225.48,243.36214
2021-08-25T20:00:00.000000000,226.4,238.1129
2021-08-25T21:00:00.000000000,219.06,231.46955
2021-08-25T22:00:00.000000000,212.62,225.86102
2021-08-25T23:00:00.000000000,209.35,223.26263
2021-08-26T00:00:00.000000000,248.53,221.35428
2021-08-26T01:00:00.000000000,219.21,219.27393
2021-08-26T02:00:00.000000000,230.4,220.24542
2021-08-26T03:00:00.000000000,244.29,222.93117
2021-08-26T04:00:00.000000000,264.68,225.2909
2021-08-26T05:00:00.000000000,292.03,224.27229
2021-08-26T06:00:00.000000000,293.63,217.60184
2021-08-26T07:00:00.000000000,282.58,206.82973
2021-08-26T08:00:00.000000000,263.66,193.49285
2021-08-26T09:00:00.000000000,240.31,180.72915
2021-08-26T10:00:00.000000000,224.91,170.28757
2021-08-26T11:00:00.000000000,209.92,163.10766
2021-08-26T12:00:00.000000000,196.52,160.4342
2021-08-26T13:00:00.000000000,191.71,162.83985
2021-08-26T14:00:00.000000000,190.46,171.21219
2021-08-26T15:00:00.000000000,205.43,184.56379
2021-08-26T16:00:00.000000000,226.24,200.55137
2021-08-26T17:00:00.000000000,252.65,215.20269
2021-08-26T18:00:00.000000000,275.51,225.13637
2021-08-26T19:00:00.000000000,281.01,229.10063
2021-08-26T20:00:00.000000000,279.65,227.99928
2021-08-26T21:00:00.000000000,273.95,224.19727
2021-08-26T22:00:00.000000000,267.65,219.54025
2021-08-26T23:00:00.000000000,262.65,215.97956
2021-08-24T00:00:00.000000000,321.69,291.70477
2021-08-24T01:00:00.000000000,291.14,288.66486
2021-08-24T02:00:00.000000000,298.3,289.82892
2021-08-24T03:00:00.000000000,305.33,292.53427
2021-08-24T04:00:00.000000000,320.28,294.46714
2021-08-24T05:00:00.000000000,335.59,292.98593
2021-08-24T06:00:00.000000000,335.2,284.99729
2021-08-24T07:00:00.000000000,316.3,271.33867
2021-08-24T08:00:00.000000000,289.77,253.05347
2021-08-24T09:00:00.000000000,263.18,233.35545
2021-08-24T10:00:00.000000000,244.99,215.63571
2021-08-24T11:00:00.000000000,233.99,202.96267
2021-08-24T12:00:00.000000000,231.64,198.36484
2021-08-24T13:00:00.000000000,235.11,202.46492
2021-08-24T14:00:00.000000000,245.91,215.16051
2021-08-24T15:00:00.000000000,268.03,235.57628
2021-08-24T16:00:00.000000000,300.08,262.2371
2021-08-24T17:00:00.000000000,340.28,290.58981
2021-08-24T18:00:00.000000000,374.72,315.48666
2021-08-24T19:00:00.000000000,375.41,333.20268
2021-08-24T20:00:00.000000000,363.43,341.8062
2021-08-24T21:00:00.000000000,349.52,342.20309
2021-08-24T22:00:00.000000000,339.96,336.93359
2021-08-24T23:00:00.000000000,332.69,330.10466
2021-08-25T00:00:00.000000000,235.85,314.78503
2021-08-25T01:00:00.000000000,338.59,311.72906
2021-08-25T02:00:00.000000000,341.16,309.52593
2021-08-25T03:00:00.000000000,343.08,305.75953
2021-08-25T04:00:00.000000000,343.21,297.36967
2021-08-25T05:00:00.000000000,333.52,281.40174
2021-08-25T06:00:00.000000000,303.95,256.87623
2021-08-25T07:00:00.000000000,267.21,228.48681
2021-08-25T08:00:00.000000000,233.36,200.57333
2021-08-25T09:00:00.000000000,201.35,177.8535
2021-08-25T10:00:00.000000000,171.8,162.5441
2021-08-25T11:00:00.000000000,152.55,155.297
2021-08-25T12:00:00.000000000,143.06,156.64652
2021-08-25T13:00:00.000000000,137.9,166.02282
2021-08-25T14:00:00.000000000,140.76,182.78304
2021-08-25T15:00:00.000000000,153.21,204.09724
2021-08-25T16:00:00.000000000,178.14,225.7787
2021-08-25T17:00:00.000000000,207.26,242.32901
2021-08-25T18:00:00.000000000,221.11,250.38734
2021-08-25T19:00:00.000000000,225.48,249.66864
2021-08-25T20:00:00.000000000,226.4,243.06783
2021-08-25T21:00:00.000000000,219.06,234.89721
2021-08-25T22:00:00.000000000,212.62,227.85063
2021-08-25T23:00:00.000000000,209.35,224.09611
2021-08-26T00:00:00.000000000,248.53,227.19451
2021-08-26T01:00:00.000000000,219.21,228.79081
2021-08-26T02:00:00.000000000,230.4,232.46154
2021-08-26T03:00:00.000000000,244.29,235.21695
2021-08-26T04:00:00.000000000,264.68,234.65919
2021-08-26T05:00:00.000000000,292.03,229.23253
2021-08-26T06:00:00.000000000,293.63,218.61795
2021-08-26T07:00:00.000000000,282.58,205.62484
2021-08-26T08:00:00.000000000,263.66,191.84207
2021-08-26T09:00:00.000000000,240.31,179.84414
2021-08-26T10:00:00.000000000,224.91,171.00643
2021-08-26T11:00:00.000000000,209.92,166.48023
2021-08-26T12:00:00.000000000,196.52,167.97389
2021-08-26T13:00:00.000000000,191.71,176.16347
2021-08-26T14:00:00.000000000,190.46,190.87906
2021-08-26T15:00:00.000000000,205.43,209.51174
2021-08-26T16:00:00.000000000,226.24,228.45155
2021-08-26T17:00:00.000000000,252.65,243.63141
2021-08-26T18:00:00.000000000,275.51,252.72441
2021-08-26T19:00:00.000000000,281.01,255.66409
2021-08-26T20:00:00.000000000,279.65,253.91933
2021-08-26T21:00:00.000000000,273.95,250.26535
2021-08-26T22:00:00.000000000,267.65,246.93969
2021-08-26T23:00:00.000000000,262.65,245.69691
2021-08-27T00:00:00.000000000,255.22,249.30417
2021-08-27T01:00:00.000000000,257.29,249.75801
2021-08-27T02:00:00.000000000,257.37,253.49502
2021-08-27T03:00:00.000000000,254.09,257.85032
2021-08-27T04:00:00.000000000,263.94,261.1811
2021-08-27T05:00:00.000000000,277.4,261.86424
2021-08-27T06:00:00.000000000,269.8,258.13241
2021-08-27T07:00:00.000000000,256.44,251.55462
2021-08-27T08:00:00.000000000,240.75,242.8449
2021-08-27T09:00:00.000000000,228.21,233.98078
2021-08-27T10:00:00.000000000,218.47,226.63667
2021-08-27T11:00:00.000000000,210.57,223.1411
2021-08-27T12:00:00.000000000,204.09,226.23033
2021-08-27T13:00:00.000000000,200.0,236.03465
2021-08-27T14:00:00.000000000,204.11,251.41117
2021-08-27T15:00:00.000000000,214.12,270.18323
2021-08-27T16:00:00.000000000,232.8,290.3125
2021-08-27T17:00:00.000000000,258.6,308.5834
2021-08-27T18:00:00.000000000,282.55,322.41162
2021-08-27T19:00:00.000000000,286.31,331.18931
2021-08-27T20:00:00.000000000,283.04,335.01185
2021-08-27T21:00:00.000000000,279.59,334.62794
2021-08-27T22:00:00.000000000,271.59,331.35961
2021-08-27T23:00:00.000000000,263.09,327.53136
2021-08-25T00:00:00.000000000,235.85,336.64824
2021-08-25T01:00:00.000000000,338.59,331.95694
2021-08-25T02:00:00.000000000,341.16,328.22187
2021-08-25T03:00:00.000000000,343.08,323.99782
2021-08-25T04:00:00.000000000,343.21,316.50275
2021-08-25T05:00:00.000000000,333.52,302.4672
2021-08-25T06:00:00.000000000,303.95,279.32202
2021-08-25T07:00:00.000000000,267.21,249.85846
2021-08-25T08:00:00.000000000,233.36,218.01006
2021-08-25T09:00:00.000000000,201.35,189.57407
2021-08-25T10:00:00.000000000,171.8,168.36968
2021-08-25T11:00:00.000000000,152.55,155.84818
2021-08-25T12:00:00.000000000,143.06,152.23463
2021-08-25T13:00:00.000000000,137.9,156.17745
2021-08-25T14:00:00.000000000,140.76,166.76819
2021-08-25T15:00:00.000000000,153.21,181.94008
2021-08-25T16:00:00.000000000,178.14,199.50631
2021-08-25T17:00:00.000000000,207.26,215.79379
2021-08-25T18:00:00.000000000,221.11,227.84007
2021-08-25T19:00:00.000000000,225.48,233.40336
2021-08-25T20:00:00.000000000,226.4,233.05509
2021-08-25T21:00:00.000000000,219.06,229.94771
2021-08-25T22:00:00.000000000,212.62,226.34504
2021-08-25T23:00:00.000000000,209.35,224.37521
2021-08-26T00:00:00.000000000,248.53,230.97458
2021-08-26T01:00:00.000000000,219.21,233.96514
2021-08-26T02:00:00.000000000,230.4,238.00368
2021-08-26T03:00:00.000000000,244.29,239.73765
2021-08-26T04:00:00.000000000,264.68,237.22813
2021-08-26T05:00:00.000000000,292.03,230.13215
2021-08-26T06:00:00.000000000,293.63,219.12465
2021-08-26T07:00:00.000000000,282.58,207.25694
2021-08-26T08:00:00.000000000,263.66,195.67155
2021-08-26T09:00:00.000000000,240.31,186.34559
2021-08-26T10:00:00.000000000,224.91,180.26847
2021-08-26T11:00:00.000000000,209.92,178.70891
2021-08-26T12:00:00.000000000,196.52,183.64342
2021-08-26T13:00:00.000000000,191.71,195.48109
2021-08-26T14:00:00.000000000,190.46,213.00688
2021-08-26T15:00:00.000000000,205.43,232.47456
2021-08-26T16:00:00.000000000,226.24,250.00496
2021-08-26T17:00:00.000000000,252.65,262.43927
2021-08-26T18:00:00.000000000,275.51,268.82972
2021-08-26T19:00:00.000000000,281.01,270.1763
2021-08-26T20:00:00.000000000,279.65,268.31584
2021-08-26T21:00:00.000000000,273.95,265.77741
2021-08-26T22:00:00.000000000,267.65,264.35816
2021-08-26T23:00:00.000000000,262.65,265.14194
2021-08-27T00:00:00.000000000,255.22,279.42607
2021-08-27T01:00:00.000000000,257.29,281.10108
2021-08-27T02:00:00.000000000,257.37,284.94981
2021-08-27T03:00:00.000000000,254.09,288.00604
2021-08-27T04:00:00.000000000,263.94,289.04799
2021-08-27T05:00:00.000000000,277.4,287.34641
2021-08-27T06:00:00.000000000,269.8,281.78778
2021-08-27T07:00:00.000000000,256.44,274.50082
2021-08-27T08:00:00.000000000,240.75,266.18591
2021-08-27T09:00:00.000000000,228.21,258.35071
2021-08-27T10:00:00.000000000,218.47,252.26461
2021-08-27T11:00:00.000000000,210.57,250.33623
2021-08-27T12:00:00.000000000,204.09,255.6945
2021-08-27T13:00:00.000000000,200.0,268.04067
2021-08-27T14:00:00.000000000,204.11,285.17169
2021-08-27T15:00:00.000000000,214.12,303.81861
2021-08-27T16:00:00.000000000,232.8,321.69717
2021-08-27T17:00:00.000000000,258.6,336.55524
2021-08-27T18:00:00.000000000,282.55,347.47244
2021-08-27T19:00:00.000000000,286.31,355.09311
2021-08-27T20:00:00.000000000,283.04,359.73973
2021-08-27T21:00:00.000000000,279.59,361.50304
2021-08-27T22:00:00.000000000,271.59,360.90445
2021-08-27T23:00:00.000000000,263.09,359.74206
2021-08-28T00:00:00.000000000,253.78,365.29838
2021-08-28T01:00:00.000000000,249.15,364.04796
2021-08-28T02:00:00.000000000,250.13,365.06243
2021-08-28T03:00:00.000000000,248.68,366.95782
2021-08-28T04:00:00.000000000,245.33,368.5558
2021-08-28T05:00:00.000000000,241.22,367.86733
2021-08-28T06:00:00.000000000,235.99,362.17643
2021-08-28T07:00:00.000000000,222.63,352.90263
2021-08-28T08:00:00.000000000,208.88,341.03951
2021-08-28T09:00:00.000000000,194.86,328.8981
2021-08-28T10:00:00.000000000,185.67,318.31759
2021-08-28T11:00:00.000000000,181.11,311.14274
2021-08-28T12:00:00.000000000,179.0,310.08257
2021-08-28T13:00:00.000000000,181.78,314.90203
2021-08-28T14:00:00.000000000,193.34,324.4216
2021-08-28T15:00:00.000000000,205.52,336.5475
2021-08-28T16:00:00.000000000,223.79,349.69527
2021-08-28T17:00:00.000000000,244.28,361.32737
2021-08-28T18:00:00.000000000,260.63,369.78176
2021-08-28T19:00:00.000000000,266.81,375.01251
2021-08-28T20:00:00.000000000,265.71,377.47071
2021-08-28T21:00:00.000000000,263.13,377.51263
2021-08-28T22:00:00.000000000,259.6,375.63655
2021-08-28T23:00:00.000000000,254.8,373.48647
2021-08-26T00:00:00.000000000,248.53,216.8133
2021-08-26T01:00:00.000000000,219.21,217.20612
2021-08-26T02:00:00.000000000,230.4,222.97479
2021-08-26T03:00:00.000000000,244.29,231.98112
2021-08-26T04:00:00.000000000,264.68,241.49577
2021-08-26T05:00:00.000000000,292.03,247.62179
2021-08-26T06:00:00.000000000,293.63,246.83331
2021-08-26T07:00:00.000000000,282.58,239.94251
2021-08-26T08:00:00.000000000,263.66,228.20208
2021-08-26T09:00:00.000000000,240.31,214.48876
2021-08-26T10:00:00.000000000,224.91,201.07873
2021-08-26T11:00:00.000000000,209.92,190.39756
2021-08-26T12:00:00.000000000,196.52,184.99213
2021-08-26T13:00:00.000000000,191.71,185.94112
2021-08-26T14:00:00.000000000,190.46,194.27771
2021-08-26T15:00:00.000000000,205.43,209.9216
2021-08-26T16:00:00.000000000,226.24,231.32357
2021-08-26T17:00:00.000000000,252.65,253.81316
2021-08-26T18:00:00.000000000,275.51,272.47454
2021-08-26T19:00:00.000000000,281.01,284.89537
2021-08-26T20:00:00.000000000,279.65,290.42386
2021-08-26T21:00:00.000000000,273.95,290.07018
2021-08-26T22:00:00.000000000,267.65,285.6024
2021-08-26T23:00:00.000000000,262.65,280.22696
2021-08-27T00:00:00.000000000,255.22,283.4733
2021-08-27T01:00:00.000000000,257.29,282.47451
2021-08-27T02:00:00.000000000,257.37,283.09191
2021-08-27T03:00:00.000000000,254.09,282.51716
2021-08-27T04:00:00.000000000,263.94,279.50763
2021-08-27T05:00:00.000000000,277.4,273.76937
2021-08-27T06:00:00.000000000,269.8,264.69607
2021-08-27T07:00:00.000000000,256.44,254.19608
2021-08-27T08:00:00.000000000,240.75,242.62542
2021-08-27T09:00:00.000000000,228.21,231.69523
2021-08-27T10:00:00.000000000,218.47,223.03851
2021-08-27T11:00:00.000000000,210.57,218.72984
2021-08-27T12:00:00.000000000,204.09,221.6004
2021-08-27T13:00:00.000000000,200.0,231.93366
2021-08-27T14:00:00.000000000,204.11,248.32652
2021-08-27T15:00:00.000000000,214.12,267.72334
2021-08-27T16:00:00.000000000,232.8,287.45486
2021-08-27T17:00:00.000000000,258.6,304.7175
2021-08-27T18:00:00.000000000,282.55,317.88252
2021-08-27T19:00:00.000000000,286.31,326.44863
2021-08-27T20:00:00.000000000,283.04,330.36838
2021-08-27T21:00:00.000000000,279.59,330.66601
2021-08-27T22:00:00.000000000,271.59,328.8411
2021-08-27T23:00:00.000000000,263.09,326.92232
2021-08-28T00:00:00.000000000,253.78,336.04272
2021-08-28T01:00:00.000000000,249.15,336.26493
2021-08-28T02:00:00.000000000,250.13,337.63195
2021-08-28T03:00:00.000000000,248.68,338.03782
2021-08-28T04:00:00.000000000,245.33,336.43946
2021-08-28T05:00:00.000000000,241.22,331.99002
2021-08-28T06:00:00.000000000,235.99,323.45063
2021-08-28T07:00:00.000000000,222.63,313.03731
2021-08-28T08:00:00.000000000,208.88,301.85161
2021-08-28T09:00:00.000000000,194.86,291.99802
2021-08-28T10:00:00.000000000,185.67,285.02959
2021-08-28T11:00:00.000000000,181.11,282.68938
2021-08-28T12:00:00.000000000,179.0,287.45263
2021-08-28T13:00:00.000000000,181.78,298.53942
2021-08-28T14:00:00.000000000,193.34,313.48255
2021-08-28T15:00:00.000000000,205.52,328.44414
2021-08-28T16:00:00.000000000,223.79,340.70655
2021-08-28T17:00:00.000000000,244.28,348.36554
2021-08-28T18:00:00.000000000,260.63,351.53986
2021-08-28T19:00:00.000000000,266.81,351.78264
2021-08-28T20:00:00.000000000,265.71,350.58999
2021-08-28T21:00:00.000000000,263.13,348.89026
2021-08-28T22:00:00.000000000,259.6,347.31109
2021-08-28T23:00:00.000000000,254.8,346.9118
2021-08-29T00:00:00.000000000,271.25,320.85659
2021-08-29T01:00:00.000000000,253.83,320.59058
2021-08-29T02:00:00.000000000,254.82,322.67385
2021-08-29T03:00:00.000000000,253.99,325.98948
2021-08-29T04:00:00.000000000,250.74,329.76314
2021-08-29T05:00:00.000000000,247.57,332.25661
2021-08-29T06:00:00.000000000,246.92,331.19483
2021-08-29T07:00:00.000000000,243.9,328.3215
2021-08-29T08:00:00.000000000,236.06,324.36726
2021-08-29T09:00:00.000000000,228.66,320.47546
2021-08-29T10:00:00.000000000,221.56,316.77128
2021-08-29T11:00:00.000000000,212.13,314.18521
2021-08-29T12:00:00.000000000,206.78,314.79659
2021-08-29T13:00:00.000000000,214.59,318.24688
2021-08-29T14:00:00.000000000,227.35,323.98441
2021-08-29T15:00:00.000000000,236.67,331.03206
2021-08-29T16:00:00.000000000,252.26,338.86426
2021-08-29T17:00:00.000000000,269.26,345.74609
2021-08-29T18:00:00.000000000,278.26,350.55718
2021-08-29T19:00:00.000000000,280.54,353.96046
2021-08-29T20:00:00.000000000,282.09,356.4513
2021-08-29T21:00:00.000000000,280.43,357.48212
2021-08-29T22:00:00.000000000,278.69,356.58487
2021-08-29T23:00:00.000000000,275.09,354.79875
2021-08-27T00:00:00.000000000,255.22,267.56203
2021-08-27T01:00:00.000000000,257.29,264.1677
2021-08-27T02:00:00.000000000,257.37,263.67598
2021-08-27T03:00:00.000000000,254.09,264.04737
2021-08-27T04:00:00.000000000,263.94,263.92476
2021-08-27T05:00:00.000000000,277.4,261.7017
2021-08-27T06:00:00.000000000,269.8,255.44079
2021-08-27T07:00:00.000000000,256.44,246.44064
2021-08-27T08:00:00.000000000,240.75,235.12746
2021-08-27T09:00:00.000000000,228.21,223.39907
2021-08-27T10:00:00.000000000,218.47,212.88521
2021-08-27T11:00:00.000000000,210.57,205.46878
2021-08-27T12:00:00.000000000,204.09,203.5791
2021-08-27T13:00:00.000000000,200.0,207.88318
2021-08-27T14:00:00.000000000,204.11,218.69939
2021-08-27T15:00:00.000000000,214.12,235.55851
2021-08-27T16:00:00.000000000,232.8,257.45343
2021-08-27T17:00:00.000000000,258.6,280.78525
2021-08-27T18:00:00.000000000,282.55,301.48027
2021-08-27T19:00:00.000000000,286.31,316.85517
2021-08-27T20:00:00.000000000,283.04,325.47526
2021-08-27T21:00:00.000000000,279.59,327.70232
2021-08-27T22:00:00.000000000,271.59,325.0002
2021-08-27T23:00:00.000000000,263.09,320.28659
2021-08-28T00:00:00.000000000,253.78,322.14243
2021-08-28T01:00:00.000000000,249.15,321.48895
2021-08-28T02:00:00.000000000,250.13,322.11792
2021-08-28T03:00:00.000000000,248.68,322.17402
2021-08-28T04:00:00.000000000,245.33,321.05661
2021-08-28T05:00:00.000000000,241.22,318.01748
2021-08-28T06:00:00.000000000,235.99,311.70095
2021-08-28T07:00:00.000000000,222.63,304.28788
2021-08-28T08:00:00.000000000,208.88,296.60822
2021-08-28T09:00:00.000000000,194.86,290.1996
2021-08-28T10:00:00.000000000,185.67,285.97559
2021-08-28T11:00:00.000000000,181.11,285.49621
2021-08-28T12:00:00.000000000,179.0,291.16879
2021-08-28T13:00:00.000000000,181.78,302.07397
2021-08-28T14:00:00.000000000,193.34,316.01029
2021-08-28T15:00:00.000000000,205.52,329.92768
2021-08-28T16:00:00.000000000,223.79,341.91273
2021-08-28T17:00:00.000000000,244.28,350.41766
2021-08-28T18:00:00.000000000,260.63,355.42248
2021-08-28T19:00:00.000000000,266.81,358.27395
2021-08-28T20:00:00.000000000,265.71,359.86827
2021-08-28T21:00:00.000000000,263.13,360.22699
2021-08-28T22:00:00.000000000,259.6,359.35934
2021-08-28T23:00:00.000000000,254.8,358.41177
2021-08-29T00:00:00.000000000,271.25,336.71482
2021-08-29T01:00:00.000000000,253.83,341.09082
2021-08-29T02:00:00.000000000,254.82,348.16685
2021-08-29T03:00:00.000000000,253.99,355.85853
2021-08-29T04:00:00.000000000,250.74,362.47959
2021-08-29T05:00:00.000000000,247.57,366.16763
2021-08-29T06:00:00.000000000,246.92,364.92545
2021-08-29T07:00:00.000000000,243.9,360.98092
2021-08-29T08:00:00.000000000,236.06,355.82367
2021-08-29T09:00:00.000000000,228.66,351.38749
2021-08-29T10:00:00.000000000,221.56,348.20374
2021-08-29T11:00:00.000000000,212.13,346.9419
2021-08-29T12:00:00.000000000,206.78,349.51022
2021-08-29T13:00:00.000000000,214.59,355.28635
2021-08-29T14:00:00.000000000,227.35,363.18916
2021-08-29T15:00:00.000000000,236.67,371.27507
2021-08-29T16:00:00.000000000,252.26,378.18076
2021-08-29T17:00:00.000000000,269.26,382.05042
2021-08-29T18:00:00.000000000,278.26,382.45232
2021-08-29T19:00:00.000000000,280.54,381.22828
2021-08-29T20:00:00.000000000,282.09,380.20538
2021-08-29T21:00:00.000000000,280.43,379.81583
2021-08-29T22:00:00.000000000,278.69,379.93179
2021-08-29T23:00:00.000000000,275.09,380.79352
2021-08-30T00:00:00.000000000,299.93,342.36654
2021-08-30T01:00:00.000000000,279.26,347.31251
2021-08-30T02:00:00.000000000,280.95,353.54627
2021-08-30T03:00:00.000000000,283.32,358.91673
2021-08-30T04:00:00.000000000,292.46,362.14807
2021-08-30T05:00:00.000000000,304.22,362.43335
2021-08-30T06:00:00.000000000,309.77,358.69394
2021-08-30T07:00:00.000000000,303.0,353.06673
2021-08-30T08:00:00.000000000,290.96,346.48025
2021-08-30T09:00:00.000000000,274.2,340.34378
2021-08-30T10:00:00.000000000,262.22,335.0758
2021-08-30T11:00:00.000000000,256.14,331.56247
2021-08-30T12:00:00.000000000,256.82,331.5288
2021-08-30T13:00:00.000000000,259.6,334.06502
2021-08-30T14:00:00.000000000,265.02,337.88447
2021-08-30T15:00:00.000000000,277.5,341.20395
2021-08-30T16:00:00.000000000,291.17,343.39506
2021-08-30T17:00:00.000000000,315.06,343.40507
2021-08-30T18:00:00.000000000,334.98,341.08358
2021-08-30T19:00:00.000000000,337.94,337.7293
2021-08-30T20:00:00.000000000,331.94,334.58329
2021-08-30T21:00:00.000000000,325.89,332.03591
2021-08-30T22:00:00.000000000,315.73,330.48599
2021-08-30T23:00:00.000000000,312.37,330.89379
2021-08-28T00:00:00.000000000,253.78,269.73165
2021-08-28T01:00:00.000000000,249.15,264.55924
2021-08-28T02:00:00.000000000,250.13,262.61518
2021-08-28T03:00:00.000000000,248.68,263.5455
2021-08-28T04:00:00.000000000,245.33,267.02758
2021-08-28T05:00:00.000000000,241.22,270.85962
2021-08-28T06:00:00.000000000,235.99,271.89814
2021-08-28T07:00:00.000000000,222.63,270.60595
2021-08-28T08:00:00.000000000,208.88,266.84575
2021-08-28T09:00:00.000000000,194.86,261.53819
2021-08-28T10:00:00.000000000,185.67,255.31091
2021-08-28T11:00:00.000000000,181.11,249.9902
2021-08-28T12:00:00.000000000,179.0,247.87325
2021-08-28T13:00:00.000000000,181.78,248.89242
2021-08-28T14:00:00.000000000,193.34,253.15049
2021-08-28T15:00:00.000000000,205.52,261.0067
2021-08-28T16:00:00.000000000,223.79,273.17301
2021-08-28T17:00:00.000000000,244.28,287.63801
2021-08-28T18:00:00.000000000,260.63,301.36246
2021-08-28T19:00:00.000000000,266.81,312.53602
2021-08-28T20:00:00.000000000,265.71,319.63336
2021-08-28T21:00:00.000000000,263.13,321.21842
2021-08-28T22:00:00.000000000,259.6,317.20478
2021-08-28T23:00:00.000000000,254.8,310.26988
2021-08-29T00:00:00.000000000,271.25,280.90541
2021-08-29T01:00:00.000000000,253.83,282.01513
2021-08-29T02:00:00.000000000,254.82,286.2249
2021-08-29T03:00:00.000000000,253.99,291.80945
2021-08-29T04:00:00.000000000,250.74,297.59838
2021-08-29T05:00:00.000000000,247.57,301.57098
2021-08-29T06:00:00.000000000,246.92,301.52004
2021-08-29T07:00:00.000000000,243.9,299.44489
2021-08-29T08:00:00.000000000,236.06,296.46951
2021-08-29T09:00:00.000000000,228.66,294.00152
2021-08-29T10:00:00.000000000,221.56,292.33376
2021-08-29T11:00:00.000000000,212.13,292.62049
2021-08-29T12:00:00.000000000,206.78,296.92246
2021-08-29T13:00:00.000000000,214.59,304.69676
2021-08-29T14:00:00.000000000,227.35,314.83919
2021-08-29T15:00:00.000000000,236.67,325.67741
2021-08-29T16:00:00.000000000,252.26,335.95848
2021-08-29T17:00:00.000000000,269.26,343.51309
2021-08-29T18:00:00.000000000,278.26,347.21193
2021-08-29T19:00:00.000000000,280.54,348.34244
2021-08-29T20:00:00.000000000,282.09,348.14371
2021-08-29T21:00:00.000000000,280.43,346.65508
2021-08-29T22:00:00.000000000,278.69,343.86048
2021-08-29T23:00:00.000000000,275.09,340.9105
2021-08-30T00:00:00.000000000,299.93,316.72178
2021-08-30T01:00:00.000000000,279.26,317.34571
2021-08-30T02:00:00.000000000,280.95,319.50571
2021-08-30T03:00:00.000000000,283.32,321.16139
2021-08-30T04:00:00.000000000,292.46,321.66332
2021-08-30T05:00:00.000000000,304.22,320.18408
2021-08-30T06:00:00.000000000,309.77,315.32344
2021-08-30T07:00:00.000000000,303.0,309.35408
2021-08-30T08:00:00.000000000,290.96,303.05829
2021-08-30T09:00:00.000000000,274.2,297.57776
2021-08-30T10:00:00.000000000,262.22,293.42428
2021-08-30T11:00:00.000000000,256.14,292.2094
2021-08-30T12:00:00.000000000,256.82,296.60316
2021-08-30T13:00:00.000000000,259.6,305.95783
2021-08-30T14:00:00.000000000,265.02,318.36722
2021-08-30T15:00:00.000000000,277.5,331.23768
2021-08-30T16:00:00.000000000,291.17,343.09564
2021-08-30T17:00:00.000000000,315.06,352.52056
2021-08-30T18:00:00.000000000,334.98,359.42926
2021-08-30T19:00:00.000000000,337.94,365.0514
2021-08-30T20:00:00.000000000,331.94,369.71756
2021-08-30T21:00:00.000000000,325.89,372.71636
2021-08-30T22:00:00.000000000,315.73,373.59085
2021-08-30T23:00:00.000000000,312.37,373.56823
2021-08-31T00:00:00.000000000,339.08,362.55495
2021-08-31T01:00:00.000000000,305.54,354.18207
2021-08-31T02:00:00.000000000,308.88,347.1291
2021-08-31T03:00:00.000000000,313.15,341.25811
2021-08-31T04:00:00.000000000,323.37,337.20744
2021-08-31T05:00:00.000000000,334.66,334.31045
2021-08-31T06:00:00.000000000,334.2,329.98748
2021-08-31T07:00:00.000000000,321.17,324.78102
2021-08-31T08:00:00.000000000,300.95,317.99677
2021-08-31T09:00:00.000000000,282.04,310.3952
2021-08-31T10:00:00.000000000,266.57,302.90917
2021-08-31T11:00:00.000000000,259.59,296.97857
2021-08-31T12:00:00.000000000,254.21,295.16237
2021-08-31T13:00:00.000000000,248.66,297.10324
2021-08-31T14:00:00.000000000,249.92,302.34076
2021-08-31T15:00:00.000000000,260.91,310.56841
2021-08-31T16:00:00.000000000,282.29,322.48981
2021-08-31T17:00:00.000000000,316.98,337.33238
2021-08-31T18:00:00.000000000,347.08,353.57964
2021-08-31T19:00:00.000000000,355.27,369.25996
2021-08-31T20:00:00.000000000,353.24,381.76676
2021-08-31T21:00:00.000000000,350.89,388.89724
2021-08-31T22:00:00.000000000,350.51,389.87359
2021-08-31T23:00:00.000000000,350.36,386.72753
2021-08-29T00:00:00.000000000,271.25,241.24648
2021-08-29T01:00:00.000000000,253.83,239.91698
2021-08-29T02:00:00.000000000,254.82,243.13852
2021-08-29T03:00:00.000000000,253.99,249.93418
2021-08-29T04:00:00.000000000,250.74,259.00507
2021-08-29T05:00:00.000000000,247.57,267.44987
2021-08-29T06:00:00.000000000,246.92,272.05855
2021-08-29T07:00:00.000000000,243.9,273.67205
2021-08-29T08:00:00.000000000,236.06,272.85191
2021-08-29T09:00:00.000000000,228.66,270.91486
2021-08-29T10:00:00.000000000,221.56,268.2631
2021-08-29T11:00:00.000000000,212.13,266.26779
2021-08-29T12:00:00.000000000,206.78,266.87773
2021-08-29T13:00:00.000000000,214.59,270.01951
2021-08-29T14:00:00.000000000,227.35,275.70302
2021-08-29T15:00:00.000000000,236.67,283.62956
2021-08-29T16:00:00.000000000,252.26,293.50478
2021-08-29T17:00:00.000000000,269.26,302.86818
2021-08-29T18:00:00.000000000,278.26,309.16944
2021-08-29T19:00:00.000000000,280.54,312.17437
2021-08-29T20:00:00.000000000,282.09,312.19212
2021-08-29T21:00:00.000000000,280.43,309.03898
2021-08-29T22:00:00.000000000,278.69,303.05109
2021-08-29T23:00:00.000000000,275.09,296.14198
2021-08-30T00:00:00.000000000,299.93,269.73258
2021-08-30T01:00:00.000000000,279.26,271.88466
2021-08-30T02:00:00.000000000,280.95,276.68598
2021-08-30T03:00:00.000000000,283.32,281.67167
2021-08-30T04:00:00.000000000,292.46,285.80238
2021-08-30T05:00:00.000000000,304.22,287.83199
2021-08-30T06:00:00.000000000,309.77,286.23497
2021-08-30T07:00:00.000000000,303.0,283.30125
2021-08-30T08:00:00.000000000,290.96,279.82605
2021-08-30T09:00:00.000000000,274.2,276.641
2021-08-30T10:00:00.000000000,262.22,273.88262
2021-08-30T11:00:00.000000000,256.14,273.50921
2021-08-30T12:00:00.000000000,256.82,278.38551
2021-08-30T13:00:00.000000000,259.6,288.10098
2021-08-30T14:00:00.000000000,265.02,301.01495
2021-08-30T15:00:00.000000000,277.5,315.08615
2021-08-30T16:00:00.000000000,291.17,329.23458
2021-08-30T17:00:00.000000000,315.06,341.58422
2021-08-30T18:00:00.000000000,334.98,351.10021
2021-08-30T19:00:00.000000000,337.94,358.72169
2021-08-30T20:00:00.000000000,331.94,364.62504
2021-08-30T21:00:00.000000000,325.89,367.78026
2021-08-30T22:00:00.000000000,315.73,367.68603
2021-08-30T23:00:00.000000000,312.37,365.9848
2021-08-31T00:00:00.000000000,339.08,359.63149
2021-08-31T01:00:00.000000000,305.54,357.2762
2021-08-31T02:00:00.000000000,308.88,356.23379
2021-08-31T03:00:00.000000000,313.15,354.03178
2021-08-31T04:00:00.000000000,323.37,349.93228
2021-08-31T05:00:00.000000000,334.66,343.87889
2021-08-31T06:00:00.000000000,334.2,334.48468
2021-08-31T07:00:00.000000000,321.17,323.00302
2021-08-31T08:00:00.000000000,300.95,309.48004
2021-08-31T09:00:00.000000000,282.04,295.71436
2021-08-31T10:00:00.000000000,266.57,284.00085
2021-08-31T11:00:00.000000000,259.59,276.97227
2021-08-31T12:00:00.000000000,254.21,278.17362
2021-08-31T13:00:00.000000000,248.66,287.49751
2021-08-31T14:00:00.000000000,249.92,302.68683
2021-08-31T15:00:00.000000000,260.91,320.14135
2021-08-31T16:00:00.000000000,282.29,337.66454
2021-08-31T17:00:00.000000000,316.98,353.60989
2021-08-31T18:00:00.000000000,347.08,367.47919
2021-08-31T19:00:00.000000000,355.27,378.67299
2021-08-31T20:00:00.000000000,353.24,386.07989
2021-08-31T21:00:00.000000000,350.89,389.55551
2021-08-31T22:00:00.000000000,350.51,389.91114
2021-08-31T23:00:00.000000000,350.36,389.22712
2021-09-01T00:00:00.000000000,358.4,395.31841
2021-09-01T01:00:00.000000000,355.69,388.96208
2021-09-01T02:00:00.000000000,355.14,386.3077
2021-09-01T03:00:00.000000000,360.47,386.18829
2021-09-01T04:00:00.000000000,373.58,387.26784
2021-09-01T05:00:00.000000000,383.56,386.97105
2021-09-01T06:00:00.000000000,367.28,381.15694
2021-09-01T07:00:00.000000000,341.58,369.77746
2021-09-01T08:00:00.000000000,312.96,353.10387
2021-09-01T09:00:00.000000000,289.99,333.73124
2021-09-01T10:00:00.000000000,271.23,314.82002
2021-09-01T11:00:00.000000000,255.15,299.37236
2021-09-01T12:00:00.000000000,247.78,290.93267
2021-09-01T13:00:00.000000000,251.84,289.99198
2021-09-01T14:00:00.000000000,262.68,296.27783
2021-09-01T15:00:00.000000000,284.64,309.02413
2021-09-01T16:00:00.000000000,322.54,327.79354
2021-09-01T17:00:00.000000000,364.84,349.51197
2021-09-01T18:00:00.000000000,390.51,370.26216
2021-09-01T19:00:00.000000000,382.41,386.56457
2021-09-01T20:00:00.000000000,371.57,395.87325
2021-09-01T21:00:00.000000000,362.9,397.69267
2021-09-01T22:00:00.000000000,354.78,393.27592
2021-09-01T23:00:00.000000000,357.18,386.2317
2021-08-30T00:00:00.000000000,299.93,245.62138
2021-08-30T01:00:00.000000000,279.26,241.37758
2021-08-30T02:00:00.000000000,280.95,241.96274
2021-08-30T03:00:00.000000000,283.32,246.43607
2021-08-30T04:00:00.000000000,292.46,254.19501
2021-08-30T05:00:00.000000000,304.22,262.75192
2021-08-30T06:00:00.000000000,309.77,268.49552
2021-08-30T07:00:00.000000000,303.0,271.45379
2021-08-30T08:00:00.000000000,290.96,270.99024
2021-08-30T09:00:00.000000000,274.2,267.52007
2021-08-30T10:00:00.000000000,262.22,261.59729
2021-08-30T11:00:00.000000000,256.14,255.6333
2021-08-30T12:00:00.000000000,256.82,252.65871
2021-08-30T13:00:00.000000000,259.6,253.1028
2021-08-30T14:00:00.000000000,265.02,257.47442
2021-08-30T15:00:00.000000000,277.5,266.88902
2021-08-30T16:00:00.000000000,291.17,282.66069
2021-08-30T17:00:00.000000000,315.06,302.50216
2021-08-30T18:00:00.000000000,334.98,322.35809
2021-08-30T19:00:00.000000000,337.94,339.50457
2021-08-30T20:00:00.000000000,331.94,351.25099
2021-08-30T21:00:00.000000000,325.89,355.25291
2021-08-30T22:00:00.000000000,315.73,351.33313
2021-08-30T23:00:00.000000000,312.37,342.91021
2021-08-31T00:00:00.000000000,339.08,339.45691
2021-08-31T01:00:00.000000000,305.54,335.55473
2021-08-31T02:00:00.000000000,308.88,333.83818
2021-08-31T03:00:00.000000000,313.15,331.87745
2021-08-31T04:00:00.000000000,323.37,328.55651
2021-08-31T05:00:00.000000000,334.66,323.11564
2021-08-31T06:00:00.000000000,334.2,313.79464
2021-08-31T07:00:00.000000000,321.17,301.86082
2021-08-31T08:00:00.000000000,300.95,287.68175
2021-08-31T09:00:00.000000000,282.04,273.51796
2021-08-31T10:00:00.000000000,266.57,261.90268
2021-08-31T11:00:00.000000000,259.59,255.04286
2021-08-31T12:00:00.000000000,254.21,256.05896
2021-08-31T13:00:00.000000000,248.66,265.11299
2021-08-31T14:00:00.000000000,249.92,280.90161
2021-08-31T15:00:00.000000000,260.91,300.65873
2021-08-31T16:00:00.000000000,282.29,321.98693
2021-08-31T17:00:00.000000000,316.98,342.09958
2021-08-31T18:00:00.000000000,347.08,359.07603
2021-08-31T19:00:00.000000000,355.27,371.53692
2021-08-31T20:00:00.000000000,353.24,378.4652
2021-08-31T21:00:00.000000000,350.89,380.3771
2021-08-31T22:00:00.000000000,350.51,378.72968
2021-08-31T23:00:00.000000000,350.36,375.96991
2021-09-01T00:00:00.000000000,358.4,375.03593
2021-09-01T01:00:00.000000000,355.69,370.1254
2021-09-01T02:00:00.000000000,355.14,367.59134
2021-09-01T03:00:00.000000000,360.47,364.41978
2021-09-01T04:00:00.000000000,373.58,358.95453
2021-09-01T05:00:00.000000000,383.56,350.27271
2021-09-01T06:00:00.000000000,367.28,336.47295
2021-09-01T07:00:00.000000000,341.58,318.842
2021-09-01T08:00:00.000000000,312.96,298.05515
2021-09-01T09:00:00.000000000,289.99,276.84723
2021-09-01T10:00:00.000000000,271.23,258.64744
2021-09-01T11:00:00.000000000,255.15,246.69821
2021-09-01T12:00:00.000000000,247.78,244.61695
2021-09-01T13:00:00.000000000,251.84,252.53265
2021-09-01T14:00:00.000000000,262.68,268.59727
2021-09-01T15:00:00.000000000,284.64,289.64528
2021-09-01T16:00:00.000000000,322.54,313.31654
2021-09-01T17:00:00.000000000,364.84,336.41328
2021-09-01T18:00:00.000000000,390.51,356.3173
2021-09-01T19:00:00.000000000,382.41,370.51028
2021-09-01T20:00:00.000000000,371.57,377.08854
2021-09-01T21:00:00.000000000,362.9,376.68887
2021-09-01T22:00:00.000000000,354.78,371.66647
2021-09-01T23:00:00.000000000,357.18,365.86982
2021-09-02T00:00:00.000000000,372.47,380.11697
2021-09-02T01:00:00.000000000,370.28,372.47609
2021-09-02T02:00:00.000000000,376.51,367.74295
2021-09-02T03:00:00.000000000,381.59,364.04386
2021-09-02T04:00:00.000000000,388.6,359.98145
2021-09-02T05:00:00.000000000,393.07,353.7528
2021-09-02T06:00:00.000000000,375.33,342.31635
2021-09-02T07:00:00.000000000,343.16,326.23942
2021-09-02T08:00:00.000000000,309.91,306.02915
2021-09-02T09:00:00.000000000,279.65,284.59063
2021-09-02T10:00:00.000000000,257.15,265.43603
2021-09-02T11:00:00.000000000,244.86,251.42975
2021-09-02T12:00:00.000000000,238.38,245.81116
2021-09-02T13:00:00.000000000,242.36,248.86086
2021-09-02T14:00:00.000000000,254.68,259.86876
2021-09-02T15:00:00.000000000,282.98,277.26271
2021-09-02T16:00:00.000000000,328.01,299.79437
2021-09-02T17:00:00.000000000,376.88,324.14823
2021-09-02T18:00:00.000000000,402.73,346.53735
2021-09-02T19:00:00.000000000,394.91,363.32769
2021-09-02T20:00:00.000000000,387.71,372.03566
2021-09-02T21:00:00.000000000,384.41,372.89059
2021-09-02T22:00:00.000000000,378.79,367.87996
2021-09-02T23:00:00.000000000,373.93,360.83918
2021-08-31T00:00:00.000000000,339.08,322.8925
2021-08-31T01:00:00.000000000,305.54,311.4625
2021-08-31T02:00:00.000000000,308.88,304.33465
2021-08-31T03:00:00.000000000,313.15,301.01988
2021-08-31T04:00:00.000000000,323.37,300.76299
2021-08-31T05:00:00.000000000,334.66,301.16936
2021-08-31T06:00:00.000000000,334.2,298.24121
2021-08-31T07:00:00.000000000,321.17,291.17732
2021-08-31T08:00:00.000000000,300.95,279.21471
2021-08-31T09:00:00.000000000,282.04,264.39842
2021-08-31T10:00:00.000000000,266.57,249.46997
2021-08-31T11:00:00.000000000,259.59,236.50105
2021-08-31T12:00:00.000000000,254.21,228.15757
2021-08-31T13:00:00.000000000,248.66,225.37913
2021-08-31T14:00:00.000000000,249.92,229.76671
2021-08-31T15:00:00.000000000,260.91,242.79315
2021-08-31T16:00:00.000000000,282.29,265.16687
2021-08-31T17:00:00.000000000,316.98,293.45123
2021-08-31T18:00:00.000000000,347.08,321.86641
2021-08-31T19:00:00.000000000,355.27,344.77442
2021-08-31T20:00:00.000000000,353.24,358.17876
2021-08-31T21:00:00.000000000,350.89,361.25659
2021-08-31T22:00:00.000000000,350.51,355.66946
2021-08-31T23:00:00.000000000,350.36,345.58814
2021-09-01T00:00:00.000000000,358.4,356.77789
2021-09-01T01:00:00.000000000,355.69,351.50211
2021-09-01T02:00:00.000000000,355.14,349.79687
2021-09-01T03:00:00.000000000,360.47,348.95295
2021-09-01T04:00:00.000000000,373.58,346.62457
2021-09-01T05:00:00.000000000,383.56,340.28489
2021-09-01T06:00:00.000000000,367.28,327.3944
2021-09-01T07:00:00.000000000,341.58,309.81984
2021-09-01T08:00:00.000000000,312.96,289.1127
2021-09-01T09:00:00.000000000,289.99,268.50108
2021-09-01T10:00:00.000000000,271.23,251.18035
2021-09-01T11:00:00.000000000,255.15,239.7331
2021-09-01T12:00:00.000000000,247.78,237.18314
2021-09-01T13:00:00.000000000,251.84,243.80586
2021-09-01T14:00:00.000000000,262.68,258.9272
2021-09-01T15:00:00.000000000,284.64,280.57153
2021-09-01T16:00:00.000000000,322.54,306.21349
2021-09-01T17:00:00.000000000,364.84,331.05298
2021-09-01T18:00:00.000000000,390.51,350.71863
2021-09-01T19:00:00.000000000,382.41,362.70593
2021-09-01T20:00:00.000000000,371.57,366.29988
2021-09-01T21:00:00.000000000,362.9,362.83166
2021-09-01T22:00:00.000000000,354.78,354.87153
2021-09-01T23:00:00.000000000,357.18,346.51625
2021-09-02T00:00:00.000000000,372.47,364.69117
2021-09-02T01:00:00.000000000,370.28,361.34549
2021-09-02T02:00:00.000000000,376.51,360.41176
2021-09-02T03:00:00.000000000,381.59,358.97173
2021-09-02T04:00:00.000000000,388.6,355.07016
2021-09-02T05:00:00.000000000,393.07,347.22867
2021-09-02T06:00:00.000000000,375.33,333.57615
2021-09-02T07:00:00.000000000,343.16,315.99149
2021-09-02T08:00:00.000000000,309.91,295.75703
2021-09-02T09:00:00.000000000,279.65,275.83804
2021-09-02T10:00:00.000000000,257.15,259.30421
2021-09-02T11:00:00.000000000,244.86,248.85966
2021-09-02T12:00:00.000000000,238.38,247.70708
2021-09-02T13:00:00.000000000,242.36,255.88432
2021-09-02T14:00:00.000000000,254.68,271.81709
2021-09-02T15:00:00.000000000,282.98,292.45772
2021-09-02T16:00:00.000000000,328.01,315.08772
2021-09-02T17:00:00.000000000,376.88,336.05504
2021-09-02T18:00:00.000000000,402.73,352.69706
2021-09-02T19:00:00.000000000,394.91,363.414
2021-09-02T20:00:00.000000000,387.71,367.54057
2021-09-02T21:00:00.000000000,384.41,366.17529
2021-09-02T22:00:00.000000000,378.79,361.44852
2021-09-02T23:00:00.000000000,373.93,356.66815
2021-09-03T00:00:00.000000000,381.86,367.29819
2021-09-03T01:00:00.000000000,372.09,356.20961
2021-09-03T02:00:00.000000000,366.33,347.91135
2021-09-03T03:00:00.000000000,364.83,340.99357
2021-09-03T04:00:00.000000000,366.93,334.60886
2021-09-03T05:00:00.000000000,366.31,327.49733
2021-09-03T06:00:00.000000000,343.41,316.62557
2021-09-03T07:00:00.000000000,306.19,301.65697
2021-09-03T08:00:00.000000000,269.19,282.16115
2021-09-03T09:00:00.000000000,238.88,260.82466
2021-09-03T10:00:00.000000000,219.62,241.44278
2021-09-03T11:00:00.000000000,209.06,226.76021
2021-09-03T12:00:00.000000000,205.92,219.79345
2021-09-03T13:00:00.000000000,209.28,220.96916
2021-09-03T14:00:00.000000000,222.2,230.09148
2021-09-03T15:00:00.000000000,255.21,246.29042
2021-09-03T16:00:00.000000000,308.29,269.08893
2021-09-03T17:00:00.000000000,359.26,295.73672
2021-09-03T18:00:00.000000000,386.98,322.11503
2021-09-03T19:00:00.000000000,386.72,343.12017
2021-09-03T20:00:00.000000000,385.43,354.8186
2021-09-03T21:00:00.000000000,388.0,357.06775
2021-09-03T22:00:00.000000000,392.31,352.09749
2021-09-03T23:00:00.000000000,391.9,344.00771
2021-09-01T00:00:00.000000000,358.4,360.42188
2021-09-01T01:00:00.000000000,355.69,350.46897
2021-09-01T02:00:00.000000000,355.14,346.00931
2021-09-01T03:00:00.000000000,360.47,345.09661
2021-09-01T04:00:00.000000000,373.58,344.63372
2021-09-01T05:00:00.000000000,383.56,340.42054
2021-09-01T06:00:00.000000000,367.28,328.65674
2021-09-01T07:00:00.000000000,341.58,310.74516
2021-09-01T08:00:00.000000000,312.96,288.53194
2021-09-01T09:00:00.000000000,289.99,265.91182
2021-09-01T10:00:00.000000000,271.23,246.4144
2021-09-01T11:00:00.000000000,255.15,231.86904
2021-09-01T12:00:00.000000000,247.78,224.39245
2021-09-01T13:00:00.000000000,251.84,224.78944
2021-09-01T14:00:00.000000000,262.68,234.70231
2021-09-01T15:00:00.000000000,284.64,254.85581
2021-09-01T16:00:00.000000000,322.54,283.8646
2021-09-01T17:00:00.000000000,364.84,315.37641
2021-09-01T18:00:00.000000000,390.51,341.89062
2021-09-01T19:00:00.000000000,382.41,358.36717
2021-09-01T20:00:00.000000000,371.57,363.1392
2021-09-01T21:00:00.000000000,362.9,357.82502
2021-09-01T22:00:00.000000000,354.78,345.74483
2021-09-01T23:00:00.000000000,357.18,331.93219
2021-09-02T00:00:00.000000000,372.47,352.27558
2021-09-02T01:00:00.000000000,370.28,349.74394
2021-09-02T02:00:00.000000000,376.51,350.28865
2021-09-02T03:00:00.000000000,381.59,350.91091
2021-09-02T04:00:00.000000000,388.6,348.81242
2021-09-02T05:00:00.000000000,393.07,341.30921
2021-09-02T06:00:00.000000000,375.33,326.46047
2021-09-02T07:00:00.000000000,343.16,307.16323
2021-09-02T08:00:00.000000000,309.91,285.81422
2021-09-02T09:00:00.000000000,279.65,265.87698
2021-09-02T10:00:00.000000000,257.15,250.12651
2021-09-02T11:00:00.000000000,244.86,240.64673
2021-09-02T12:00:00.000000000,238.38,240.06515
2021-09-02T13:00:00.000000000,242.36,248.50818
2021-09-02T14:00:00.000000000,254.68,265.05416
2021-09-02T15:00:00.000000000,282.98,287.00183
2021-09-02T16:00:00.000000000,328.01,310.87873
2021-09-02T17:00:00.000000000,376.88,331.54112
2021-09-02T18:00:00.000000000,402.73,345.33365
2021-09-02T19:00:00.000000000,394.91,351.3455
2021-09-02T20:00:00.000000000,387.71,350.57681
2021-09-02T21:00:00.000000000,384.41,345.20278
2021-09-02T22:00:00.000000000,378.79,337.72115
2021-09-02T23:00:00.000000000,373.93,331.42862
2021-09-03T00:00:00.000000000,381.86,347.49794
2021-09-03T01:00:00.000000000,372.09,343.19247
2021-09-03T02:00:00.000000000,366.33,339.94666
2021-09-03T03:00:00.000000000,364.83,334.50686
2021-09-03T04:00:00.000000000,366.93,325.7973
2021-09-03T05:00:00.000000000,366.31,314.24754
2021-09-03T06:00:00.000000000,343.41,299.05893
2021-09-03T07:00:00.000000000,306.19,281.52894
2021-09-03T08:00:00.000000000,269.19,261.79027
2021-09-03T09:00:00.000000000,238.88,242.29327
2021-09-03T10:00:00.000000000,219.62,226.27538
2021-09-03T11:00:00.000000000,209.06,216.64697
2021-09-03T12:00:00.000000000,205.92,216.80709
2021-09-03T13:00:00.000000000,209.28,226.85642
2021-09-03T14:00:00.000000000,222.2,244.81999
2021-09-03T15:00:00.000000000,255.21,267.21614
2021-09-03T16:00:00.000000000,308.29,291.57006
2021-09-03T17:00:00.000000000,359.26,315.3394
2021-09-03T18:00:00.000000000,386.98,336.56076
2021-09-03T19:00:00.000000000,386.72,352.76268
2021-09-03T20:00:00.000000000,385.43,361.80706
2021-09-03T21:00:00.000000000,388.0,364.42309
2021-09-03T22:00:00.000000000,392.31,362.87643
2021-09-03T23:00:00.000000000,391.9,360.34963
2021-09-04T00:00:00.000000000,317.57,378.77555
2021-09-04T01:00:00.000000000,384.52,373.31634
2021-09-04T02:00:00.000000000,387.45,372.02471
2021-09-04T03:00:00.000000000,390.43,374.10246
2021-09-04T04:00:00.000000000,393.77,377.86636
2021-09-04T05:00:00.000000000,391.74,379.80733
2021-09-04T06:00:00.000000000,365.66,375.23411
2021-09-04T07:00:00.000000000,324.07,364.11211
2021-09-04T08:00:00.000000000,284.06,347.11719
2021-09-04T09:00:00.000000000,256.18,327.17089
2021-09-04T10:00:00.000000000,238.95,307.47165
2021-09-04T11:00:00.000000000,227.44,290.8251
2021-09-04T12:00:00.000000000,218.34,280.53288
2021-09-04T13:00:00.000000000,218.37,277.26777
2021-09-04T14:00:00.000000000,224.43,281.3045
2021-09-04T15:00:00.000000000,254.14,292.27421
2021-09-04T16:00:00.000000000,305.43,309.57402
2021-09-04T17:00:00.000000000,357.29,329.64263
2021-09-04T18:00:00.000000000,381.54,348.24244
2021-09-04T19:00:00.000000000,372.37,362.20297
2021-09-04T20:00:00.000000000,363.16,369.6719
2021-09-04T21:00:00.000000000,351.69,370.51891
2021-09-04T22:00:00.000000000,329.57,365.91288
2021-09-04T23:00:00.000000000,313.0,359.15013
2021-09-02T00:00:00.000000000,372.47,366.61319
2021-09-02T01:00:00.000000000,370.28,361.59573
2021-09-02T02:00:00.000000000,376.51,361.76492
2021-09-02T03:00:00.000000000,381.59,363.87932
2021-09-02T04:00:00.000000000,388.6,363.70153
2021-09-02T05:00:00.000000000,393.07,356.58376
2021-09-02T06:00:00.000000000,375.33,339.60715
2021-09-02T07:00:00.000000000,343.16,316.23839
2021-09-02T08:00:00.000000000,309.91,290.08141
2021-09-02T09:00:00.000000000,279.65,265.5551
2021-09-02T10:00:00.000000000,257.15,245.90562
2021-09-02T11:00:00.000000000,244.86,233.11557
2021-09-02T12:00:00.000000000,238.38,229.42755
2021-09-02T13:00:00.000000000,242.36,235.30239
2021-09-02T14:00:00.000000000,254.68,251.14042
2021-09-02T15:00:00.000000000,282.98,275.69933
2021-09-02T16:00:00.000000000,328.01,305.54493
2021-09-02T17:00:00.000000000,376.88,333.21133
2021-09-02T18:00:00.000000000,402.73,352.08046
2021-09-02T19:00:00.000000000,394.91,359.64477
2021-09-02T20:00:00.000000000,387.71,356.90645
2021-09-02T21:00:00.000000000,384.41,346.8436
2021-09-02T22:00:00.000000000,378.79,333.09704
2021-09-02T23:00:00.000000000,373.93,320.48836
2021-09-03T00:00:00.000000000,381.86,326.25323
2021-09-03T01:00:00.000000000,372.09,323.09111
2021-09-03T02:00:00.000000000,366.33,321.17179
2021-09-03T03:00:00.000000000,364.83,316.74955
2021-09-03T04:00:00.000000000,366.93,308.37829
2021-09-03T05:00:00.000000000,366.31,296.21932
2021-09-03T06:00:00.000000000,343.41,279.81552
2021-09-03T07:00:00.000000000,306.19,261.17341
2021-09-03T08:00:00.000000000,269.19,240.87855
2021-09-03T09:00:00.000000000,238.88,221.38938
2021-09-03T10:00:00.000000000,219.62,205.62726
2021-09-03T11:00:00.000000000,209.06,196.49912
2021-09-03T12:00:00.000000000,205.92,197.42699
2021-09-03T13:00:00.000000000,209.28,208.73223
2021-09-03T14:00:00.000000000,222.2,228.72688
2021-09-03T15:00:00.000000000,255.21,254.13396
2021-09-03T16:00:00.000000000,308.29,282.09332
2021-09-03T17:00:00.000000000,359.26,309.04455
2021-09-03T18:00:00.000000000,386.98,332.05266
2021-09-03T19:00:00.000000000,386.72,348.65605
2021-09-03T20:00:00.000000000,385.43,357.2679
2021-09-03T21:00:00.000000000,388.0,359.04094
2021-09-03T22:00:00.000000000,392.31,356.48507
2021-09-03T23:00:00.000000000,391.9,353.15348
2021-09-04T00:00:00.000000000,317.57,372.85955
2021-09-04T01:00:00.000000000,384.52,369.34139
2021-09-04T02:00:00.000000000,387.45,367.30818
2021-09-04T03:00:00.000000000,390.43,364.70979
2021-09-04T04:00:00.000000000,393.77,360.1052
2021-09-04T05:00:00.000000000,391.74,352.18573
2021-09-04T06:00:00.000000000,365.66,339.01896
2021-09-04T07:00:00.000000000,324.07,322.27084
2021-09-04T08:00:00.000000000,284.06,303.15475
2021-09-04T09:00:00.000000000,256.18,284.53779
2021-09-04T10:00:00.000000000,238.95,269.13462
2021-09-04T11:00:00.000000000,227.44,259.00659
2021-09-04T12:00:00.000000000,218.34,256.82228
2021-09-04T13:00:00.000000000,218.37,262.55625
2021-09-04T14:00:00.000000000,224.43,274.84415
2021-09-04T15:00:00.000000000,254.14,290.88726
2021-09-04T16:00:00.000000000,305.43,308.42929
2021-09-04T17:00:00.000000000,357.29,324.63136
2021-09-04T18:00:00.000000000,381.54,337.71022
2021-09-04T19:00:00.000000000,372.37,346.49338
2021-09-04T20:00:00.000000000,363.16,350.48445
2021-09-04T21:00:00.000000000,351.69,350.6329
2021-09-04T22:00:00.000000000,329.57,348.43561
2021-09-04T23:00:00.000000000,313.0,346.14767
2021-09-05T00:00:00.000000000,372.61,332.84012
2021-09-05T01:00:00.000000000,292.35,329.47248
2021-09-05T02:00:00.000000000,295.12,330.47527
2021-09-05T03:00:00.000000000,297.43,333.82644
2021-09-05T04:00:00.000000000,304.58,337.6321
2021-09-05T05:00:00.000000000,309.12,339.07067
2021-09-05T06:00:00.000000000,289.54,333.69558
2021-09-05T07:00:00.000000000,254.79,320.98621
2021-09-05T08:00:00.000000000,221.91,301.44852
2021-09-05T09:00:00.000000000,195.34,278.41579
2021-09-05T10:00:00.000000000,180.42,256.20847
2021-09-05T11:00:00.000000000,167.98,239.00189
2021-09-05T12:00:00.000000000,151.06,230.64921
2021-09-05T13:00:00.000000000,148.98,231.54591
2021-09-05T14:00:00.000000000,175.4,240.72389
2021-09-05T15:00:00.000000000,232.91,256.83157
2021-09-05T16:00:00.000000000,299.31,279.11789
2021-09-05T17:00:00.000000000,370.01,304.37758
2021-09-05T18:00:00.000000000,393.68,328.55808
2021-09-05T19:00:00.000000000,388.17,347.71165
2021-09-05T20:00:00.000000000,384.66,358.79042
2021-09-05T21:00:00.000000000,382.74,361.59704
2021-09-05T22:00:00.000000000,384.86,358.03264
2021-09-05T23:00:00.000000000,393.27,352.13905
2021-09-03T00:00:00.000000000,381.86,362.18222
2021-09-03T01:00:00.000000000,372.09,353.97544
2021-09-03T02:00:00.000000000,366.33,348.43086
2021-09-03T03:00:00.000000000,364.83,342.77858
2021-09-03T04:00:00.000000000,366.93,334.58468
2021-09-03T05:00:00.000000000,366.31,321.61068
2021-09-03T06:00:00.000000000,343.41,301.93109
2021-09-03T07:00:00.000000000,306.19,278.15363
2021-09-03T08:00:00.000000000,269.19,252.63327
2021-09-03T09:00:00.000000000,238.88,229.37194
2021-09-03T10:00:00.000000000,219.62,211.71363
2021-09-03T11:00:00.000000000,209.06,201.19654
2021-09-03T12:00:00.000000000,205.92,199.63984
2021-09-03T13:00:00.000000000,209.28,207.1554
2021-09-03T14:00:00.000000000,222.2,223.7014
2021-09-03T15:00:00.000000000,255.21,247.93191
2021-09-03T16:00:00.000000000,308.29,277.40278
2021-09-03T17:00:00.000000000,359.26,306.77633
2021-09-03T18:00:00.000000000,386.98,330.81731
2021-09-03T19:00:00.000000000,386.72,345.90575
2021-09-03T20:00:00.000000000,385.43,351.02344
2021-09-03T21:00:00.000000000,388.0,348.33172
2021-09-03T22:00:00.000000000,392.31,340.9515
2021-09-03T23:00:00.000000000,391.9,332.81437
2021-09-04T00:00:00.000000000,317.57,349.65338
2021-09-04T01:00:00.000000000,384.52,343.73434
2021-09-04T02:00:00.000000000,387.45,341.42474
2021-09-04T03:00:00.000000000,390.43,340.39625
2021-09-04T04:00:00.000000000,393.77,338.4227
2021-09-04T05:00:00.000000000,391.74,332.70022
2021-09-04T06:00:00.000000000,365.66,320.35803
2021-09-04T07:00:00.000000000,324.07,302.9888
2021-09-04T08:00:00.000000000,284.06,282.08207
2021-09-04T09:00:00.000000000,256.18,260.98044
2021-09-04T10:00:00.000000000,238.95,243.00588
2021-09-04T11:00:00.000000000,227.44,230.63408
2021-09-04T12:00:00.000000000,218.34,226.7055
2021-09-04T13:00:00.000000000,218.37,231.52632
2021-09-04T14:00:00.000000000,224.43,244.74429
2021-09-04T15:00:00.000000000,254.14,264.85638
2021-09-04T16:00:00.000000000,305.43,289.71141
2021-09-04T17:00:00.000000000,357.29,314.61835
2021-09-04T18:00:00.000000000,381.54,334.98554
2021-09-04T19:00:00.000000000,372.37,347.94818
2021-09-04T20:00:00.000000000,363.16,352.53227
2021-09-04T21:00:00.000000000,351.69,349.927
2021-09-04T22:00:00.000000000,329.57,342.55452
2021-09-04T23:00:00.000000000,313.0,334.41627
2021-09-05T00:00:00.000000000,372.61,326.6756
2021-09-05T01:00:00.000000000,292.35,328.29529
2021-09-05T02:00:00.000000000,295.12,332.94126
2021-09-05T03:00:00.000000000,297.43,337.28854
2021-09-05T04:00:00.000000000,304.58,338.68696
2021-09-05T05:00:00.000000000,309.12,334.77674
2021-09-05T06:00:00.000000000,289.54,322.86297
2021-09-05T07:00:00.000000000,254.79,304.63453
2021-09-05T08:00:00.000000000,221.91,282.32803
2021-09-05T09:00:00.000000000,195.34,260.08476
2021-09-05T10:00:00.000000000,180.42,241.79714
2021-09-05T11:00:00.000000000,167.98,230.56393
2021-09-05T12:00:00.000000000,151.06,229.43472
2021-09-05T13:00:00.000000000,148.98,238.39497
2021-09-05T14:00:00.000000000,175.4,255.64072
2021-09-05T15:00:00.000000000,232.91,277.98217
2021-09-05T16:00:00.000000000,299.31,302.39892
2021-09-05T17:00:00.000000000,370.01,324.77629
2021-09-05T18:00:00.000000000,393.68,342.24696
2021-09-05T19:00:00.000000000,388.17,353.49808
2021-09-05T20:00:00.000000000,384.66,358.40638
2021-09-05T21:00:00.000000000,382.74,358.7734
2021-09-05T22:00:00.000000000,384.86,356.90119
2021-09-05T23:00:00.000000000,393.27,355.49321
2021-09-06T00:00:00.000000000,424.18,340.36015
2021-09-06T01:00:00.000000000,404.85,342.3399
2021-09-06T02:00:00.000000000,411.14,350.60039
2021-09-06T03:00:00.000000000,418.51,362.61402
2021-09-06T04:00:00.000000000,423.0,375.01367
2021-09-06T05:00:00.000000000,425.88,382.82561
2021-09-06T06:00:00.000000000,399.7,380.98674
2021-09-06T07:00:00.000000000,350.09,370.45412
2021-09-06T08:00:00.000000000,306.3,353.44005
2021-09-06T09:00:00.000000000,275.14,333.82393
2021-09-06T10:00:00.000000000,252.16,315.21888
2021-09-06T11:00:00.000000000,243.62,300.86726
2021-09-06T12:00:00.000000000,248.0,294.4998
2021-09-06T13:00:00.000000000,262.21,296.87098
2021-09-06T14:00:00.000000000,286.99,307.7243
2021-09-06T15:00:00.000000000,320.33,325.65151
2021-09-06T16:00:00.000000000,365.09,348.29926
2021-09-06T17:00:00.000000000,409.88,370.46818
2021-09-06T18:00:00.000000000,435.25,387.62445
2021-09-06T19:00:00.000000000,438.33,398.30616
2021-09-06T20:00:00.000000000,438.01,402.57211
2021-09-06T21:00:00.000000000,437.01,401.35108
2021-09-06T22:00:00.000000000,434.81,396.33503
2021-09-06T23:00:00.000000000,432.21,390.84443
2021-09-04T00:00:00.000000000,317.57,380.87746
2021-09-04T01:00:00.000000000,384.52,374.0126
2021-09-04T02:00:00.000000000,387.45,371.92997
2021-09-04T03:00:00.000000000,390.43,372.19372
2021-09-04T04:00:00.000000000,393.77,370.99068
2021-09-04T05:00:00.000000000,391.74,363.67553
2021-09-04T06:00:00.000000000,365.66,347.13811
2021-09-04T07:00:00.000000000,324.07,324.61801
2021-09-04T08:00:00.000000000,284.06,299.46814
2021-09-04T09:00:00.000000000,256.18,275.7712
2021-09-04T10:00:00.000000000,238.95,256.42347
2021-09-04T11:00:00.000000000,227.44,243.12852
2021-09-04T12:00:00.000000000,218.34,237.92363
2021-09-04T13:00:00.000000000,218.37,241.31577
2021-09-04T14:00:00.000000000,224.43,254.02899
2021-09-04T15:00:00.000000000,254.14,275.25364
2021-09-04T16:00:00.000000000,305.43,301.99735
2021-09-04T17:00:00.000000000,357.29,327.09647
2021-09-04T18:00:00.000000000,381.54,344.06635
2021-09-04T19:00:00.000000000,372.37,350.33241
2021-09-04T20:00:00.000000000,363.16,346.82068
2021-09-04T21:00:00.000000000,351.69,336.27988
2021-09-04T22:00:00.000000000,329.57,322.06907
2021-09-04T23:00:00.000000000,313.0,308.82337
2021-09-05T00:00:00.000000000,372.61,289.61978
2021-09-05T01:00:00.000000000,292.35,292.003
2021-09-05T02:00:00.000000000,295.12,298.07496
2021-09-05T03:00:00.000000000,297.43,303.61878
2021-09-05T04:00:00.000000000,304.58,305.51728
2021-09-05T05:00:00.000000000,309.12,301.66737
2021-09-05T06:00:00.000000000,289.54,290.11589
2021-09-05T07:00:00.000000000,254.79,272.92623
2021-09-05T08:00:00.000000000,221.91,252.067
2021-09-05T09:00:00.000000000,195.34,231.1788
2021-09-05T10:00:00.000000000,180.42,213.80252
2021-09-05T11:00:00.000000000,167.98,203.30113
2021-09-05T12:00:00.000000000,151.06,202.97836
2021-09-05T13:00:00.000000000,148.98,213.31006
2021-09-05T14:00:00.000000000,175.4,232.93086
2021-09-05T15:00:00.000000000,232.91,258.99841
2021-09-05T16:00:00.000000000,299.31,288.28158
2021-09-05T17:00:00.000000000,370.01,315.79771
2021-09-05T18:00:00.000000000,393.68,337.53785
2021-09-05T19:00:00.000000000,388.17,351.5268
2021-09-05T20:00:00.000000000,384.66,357.29729
2021-09-05T21:00:00.000000000,382.74,356.81677
2021-09-05T22:00:00.000000000,384.86,353.03104
2021-09-05T23:00:00.000000000,393.27,349.50757
2021-09-06T00:00:00.000000000,424.18,333.76418
2021-09-06T01:00:00.000000000,404.85,336.51859
2021-09-06T02:00:00.000000000,411.14,343.93925
2021-09-06T03:00:00.000000000,418.51,352.20847
2021-09-06T04:00:00.000000000,423.0,357.80104
2021-09-06T05:00:00.000000000,425.88,357.09238
2021-09-06T06:00:00.000000000,399.7,346.78772
2021-09-06T07:00:00.000000000,350.09,329.02153
2021-09-06T08:00:00.000000000,306.3,306.68781
2021-09-06T09:00:00.000000000,275.14,284.31714
2021-09-06T10:00:00.000000000,252.16,266.00577
2021-09-06T11:00:00.000000000,243.62,254.93674
2021-09-06T12:00:00.000000000,248.0,254.48977
2021-09-06T13:00:00.000000000,262.21,264.87235
2021-09-06T14:00:00.000000000,286.99,284.45939
2021-09-06T15:00:00.000000000,320.33,309.876
2021-09-06T16:00:00.000000000,365.09,337.10711
2021-09-06T17:00:00.000000000,409.88,360.69615
2021-09-06T18:00:00.000000000,435.25,377.02583
2021-09-06T19:00:00.000000000,438.33,385.40757
2021-09-06T20:00:00.000000000,438.01,386.80158
2021-09-06T21:00:00.000000000,437.01,383.59023
2021-09-06T22:00:00.000000000,434.81,378.49035
2021-09-06T23:00:00.000000000,432.21,374.69062
2021-09-07T00:00:00.000000000,401.3,365.17609
2021-09-07T01:00:00.000000000,432.43,358.99758
2021-09-07T02:00:00.000000000,432.29,359.11891
2021-09-07T03:00:00.000000000,433.9,363.95668
2021-09-07T04:00:00.000000000,436.71,370.9014
2021-09-07T05:00:00.000000000,433.29,375.56786
2021-09-07T06:00:00.000000000,413.67,372.48985
2021-09-07T07:00:00.000000000,378.41,361.23886
2021-09-07T08:00:00.000000000,336.21,342.70952
2021-09-07T09:00:00.000000000,300.44,320.44652
2021-09-07T10:00:00.000000000,279.3,298.51053
2021-09-07T11:00:00.000000000,270.85,280.24692
2021-09-07T12:00:00.000000000,273.42,269.13463
2021-09-07T13:00:00.000000000,281.05,266.06651
2021-09-07T14:00:00.000000000,294.96,271.79648
2021-09-07T15:00:00.000000000,327.52,286.7421
2021-09-07T16:00:00.000000000,368.78,310.62566
2021-09-07T17:00:00.000000000,410.22,338.97621
2021-09-07T18:00:00.000000000,427.27,365.77855
2021-09-07T19:00:00.000000000,423.17,386.13423
2021-09-07T20:00:00.000000000,417.86,396.93549
2021-09-07T21:00:00.000000000,410.16,397.95811
2021-09-07T22:00:00.000000000,399.28,391.14537
2021-09-07T23:00:00.000000000,393.91,381.0129
2021-09-05T00:00:00.000000000,372.61,291.8154
2021-09-05T01:00:00.000000000,292.35,295.44739
2021-09-05T02:00:00.000000000,295.12,305.16785
2021-09-05T03:00:00.000000000,297.43,316.13627
2021-09-05T04:00:00.000000000,304.58,322.80444
2021-09-05T05:00:00.000000000,309.12,320.01317
2021-09-05T06:00:00.000000000,289.54,304.86273
2021-09-05T07:00:00.000000000,254.79,281.12762
2021-09-05T08:00:00.000000000,221.91,253.66256
2021-09-05T09:00:00.000000000,195.34,228.43524
2021-09-05T10:00:00.000000000,180.42,209.79789
2021-09-05T11:00:00.000000000,167.98,200.10702
2021-09-05T12:00:00.000000000,151.06,201.57918
2021-09-05T13:00:00.000000000,148.98,214.82511
2021-09-05T14:00:00.000000000,175.4,239.4676
2021-09-05T15:00:00.000000000,232.91,272.62947
2021-09-05T16:00:00.000000000,299.31,308.57035
2021-09-05T17:00:00.000000000,370.01,338.49811
2021-09-05T18:00:00.000000000,393.68,356.10695
2021-09-05T19:00:00.000000000,388.17,360.49868
2021-09-05T20:00:00.000000000,384.66,354.69621
2021-09-05T21:00:00.000000000,382.74,343.86377
2021-09-05T22:00:00.000000000,384.86,332.72274
2021-09-05T23:00:00.000000000,393.27,325.06036
2021-09-06T00:00:00.000000000,424.18,320.48861
2021-09-06T01:00:00.000000000,404.85,322.57828
2021-09-06T02:00:00.000000000,411.14,329.8383
2021-09-06T03:00:00.000000000,418.51,338.37767
2021-09-06T04:00:00.000000000,423.0,344.26508
2021-09-06T05:00:00.000000000,425.88,343.22531
2021-09-06T06:00:00.000000000,399.7,331.82478
2021-09-06T07:00:00.000000000,350.09,312.58674
2021-09-06T08:00:00.000000000,306.3,288.87151
2021-09-06T09:00:00.000000000,275.14,265.454
2021-09-06T10:00:00.000000000,252.16,246.40064
2021-09-06T11:00:00.000000000,243.62,234.82806
2021-09-06T12:00:00.000000000,248.0,233.89332
2021-09-06T13:00:00.000000000,262.21,243.83925
2021-09-06T14:00:00.000000000,286.99,263.53144
2021-09-06T15:00:00.000000000,320.33,290.22894
2021-09-06T16:00:00.000000000,365.09,319.9817
2021-09-06T17:00:00.000000000,409.88,346.44683
2021-09-06T18:00:00.000000000,435.25,364.80488
2021-09-06T19:00:00.000000000,438.33,373.90711
2021-09-06T20:00:00.000000000,438.01,374.90879
2021-09-06T21:00:00.000000000,437.01,370.42776
2021-09-06T22:00:00.000000000,434.81,363.42802
2021-09-06T23:00:00.000000000,432.21,357.62788
2021-09-07T00:00:00.000000000,401.3,365.45115
2021-09-07T01:00:00.000000000,432.43,360.63023
2021-09-07T02:00:00.000000000,432.29,360.41697
2021-09-07T03:00:00.000000000,433.9,362.74299
2021-09-07T04:00:00.000000000,436.71,365.13235
2021-09-07T05:00:00.000000000,433.29,363.87062
2021-09-07T06:00:00.000000000,413.67,354.88342
2021-09-07T07:00:00.000000000,378.41,339.235
2021-09-07T08:00:00.000000000,336.21,318.56575
2021-09-07T09:00:00.000000000,300.44,296.48016
2021-09-07T10:00:00.000000000,279.3,276.55582
2021-09-07T11:00:00.000000000,270.85,261.68485
2021-09-07T12:00:00.000000000,273.42,255.06264
2021-09-07T13:00:00.000000000,281.05,257.11703
2021-09-07T14:00:00.000000000,294.96,267.74206
2021-09-07T15:00:00.000000000,327.52,286.03403
2021-09-07T16:00:00.000000000,368.78,310.41938
2021-09-07T17:00:00.000000000,410.22,336.07277
2021-09-07T18:00:00.000000000,427.27,357.8293
2021-09-07T19:00:00.000000000,423.17,372.48608
2021-09-07T20:00:00.000000000,417.86,378.76533
2021-09-07T21:00:00.000000000,410.16,377.40038
2021-09-07T22:00:00.000000000,399.28,370.45376
2021-09-07T23:00:00.000000000,393.91,362.03805
2021-09-08T00:00:00.000000000,371.45,359.20414
2021-09-08T01:00:00.000000000,392.44,350.32659
2021-09-08T02:00:00.000000000,396.17,348.37037
2021-09-08T03:00:00.000000000,402.33,351.6797
2021-09-08T04:00:00.000000000,409.0,356.89851
2021-09-08T05:00:00.000000000,409.69,358.94608
2021-09-08T06:00:00.000000000,382.78,352.32605
2021-09-08T07:00:00.000000000,338.65,336.92626
2021-09-08T08:00:00.000000000,304.82,314.2951
2021-09-08T09:00:00.000000000,277.5,288.8237
2021-09-08T10:00:00.000000000,253.59,265.15054
2021-09-08T11:00:00.000000000,238.5,246.20652
2021-09-08T12:00:00.000000000,237.66,234.61164
2021-09-08T13:00:00.000000000,248.0,231.17539
2021-09-08T14:00:00.000000000,268.06,237.32915
2021-09-08T15:00:00.000000000,299.93,254.11255
2021-09-08T16:00:00.000000000,340.85,281.07581
2021-09-08T17:00:00.000000000,383.49,312.64829
2021-09-08T18:00:00.000000000,391.7,341.42849
2021-09-08T19:00:00.000000000,373.67,361.4637
2021-09-08T20:00:00.000000000,364.43,369.68308
2021-09-08T21:00:00.000000000,358.86,366.8668
2021-09-08T22:00:00.000000000,355.78,356.08049
2021-09-08T23:00:00.000000000,358.86,342.50375
2021-09-06T00:00:00.000000000,424.18,360.52797
2021-09-06T01:00:00.000000000,404.85,362.50777
2021-09-06T02:00:00.000000000,411.14,372.13809
2021-09-06T03:00:00.000000000,418.51,383.61403
2021-09-06T04:00:00.000000000,423.0,390.01582
2021-09-06T05:00:00.000000000,425.88,384.9643
2021-09-06T06:00:00.000000000,399.7,365.39924
2021-09-06T07:00:00.000000000,350.09,336.22263
2021-09-06T08:00:00.000000000,306.3,303.1307
2021-09-06T09:00:00.000000000,275.14,272.35046
2021-09-06T10:00:00.000000000,252.16,248.40341
2021-09-06T11:00:00.000000000,243.62,234.13709
2021-09-06T12:00:00.000000000,248.0,232.44626
2021-09-06T13:00:00.000000000,262.21,244.04178
2021-09-06T14:00:00.000000000,286.99,268.71865
2021-09-06T15:00:00.000000000,320.33,303.73444
2021-09-06T16:00:00.000000000,365.09,343.37315
2021-09-06T17:00:00.000000000,409.88,377.7483
2021-09-06T18:00:00.000000000,435.25,399.03854
2021-09-06T19:00:00.000000000,438.33,405.59231
2021-09-06T20:00:00.000000000,438.01,400.18929
2021-09-06T21:00:00.000000000,437.01,387.4541
2021-09-06T22:00:00.000000000,434.81,372.10945
2021-09-06T23:00:00.000000000,432.21,359.49412
2021-09-07T00:00:00.000000000,401.3,357.76345
2021-09-07T01:00:00.000000000,432.43,350.69616
2021-09-07T02:00:00.000000000,432.29,348.89759
2021-09-07T03:00:00.000000000,433.9,349.65844
2021-09-07T04:00:00.000000000,436.71,349.46107
2021-09-07T05:00:00.000000000,433.29,343.99835
2021-09-07T06:00:00.000000000,413.67,330.01253
2021-09-07T07:00:00.000000000,378.41,309.89441
2021-09-07T08:00:00.000000000,336.21,286.09593
2021-09-07T09:00:00.000000000,300.44,262.51597
2021-09-07T10:00:00.000000000,279.3,242.52858
2021-09-07T11:00:00.000000000,270.85,228.37979
2021-09-07T12:00:00.000000000,273.42,222.62657
2021-09-07T13:00:00.000000000,281.05,225.91051
2021-09-07T14:00:00.000000000,294.96,239.03641
2021-09-07T15:00:00.000000000,327.52,261.57437
2021-09-07T16:00:00.000000000,368.78,291.11387
2021-09-07T17:00:00.000000000,410.22,320.88922
2021-09-07T18:00:00.000000000,427.27,343.92089
2021-09-07T19:00:00.000000000,423.17,356.53574
2021-09-07T20:00:00.000000000,417.86,358.30863
2021-09-07T21:00:00.000000000,410.16,351.20902
2021-09-07T22:00:00.000000000,399.28,338.52801
2021-09-07T23:00:00.000000000,393.91,325.40223
2021-09-08T00:00:00.000000000,371.45,334.34142
2021-09-08T01:00:00.000000000,392.44,327.80012
2021-09-08T02:00:00.000000000,396.17,326.32973
2021-09-08T03:00:00.000000000,402.33,326.59771
2021-09-08T04:00:00.000000000,409.0,324.83959
2021-09-08T05:00:00.000000000,409.69,317.18001
2021-09-08T06:00:00.000000000,382.78,300.81135
2021-09-08T07:00:00.000000000,338.65,278.06777
2021-09-08T08:00:00.000000000,304.82,251.44985
2021-09-08T09:00:00.000000000,277.5,225.32182
2021-09-08T10:00:00.000000000,253.59,203.75411
2021-09-08T11:00:00.000000000,238.5,189.29045
2021-09-08T12:00:00.000000000,237.66,184.29528
2021-09-08T13:00:00.000000000,248.0,189.29492
2021-09-08T14:00:00.000000000,268.06,204.81515
2021-09-08T15:00:00.000000000,299.93,230.13198
2021-09-08T16:00:00.000000000,340.85,262.61505
2021-09-08T17:00:00.000000000,383.49,295.40907
2021-09-08T18:00:00.000000000,391.7,321.34338
2021-09-08T19:00:00.000000000,373.67,336.06574
2021-09-08T20:00:00.000000000,364.43,338.63821
2021-09-08T21:00:00.000000000,358.86,331.55349
2021-09-08T22:00:00.000000000,355.78,318.91946
2021-09-08T23:00:00.000000000,358.86,306.18857
2021-09-09T00:00:00.000000000,390.01,298.33982
2021-09-09T01:00:00.000000000,374.29,294.97613
2021-09-09T02:00:00.000000000,378.68,299.12829
2021-09-09T03:00:00.000000000,383.56,307.76232
2021-09-09T04:00:00.000000000,388.37,316.50989
2021-09-09T05:00:00.000000000,387.4,320.04406
2021-09-09T06:00:00.000000000,364.74,313.74179
2021-09-09T07:00:00.000000000,333.2,298.75971
2021-09-09T08:00:00.000000000,307.11,277.76408
2021-09-09T09:00:00.000000000,283.31,255.6913
2021-09-09T10:00:00.000000000,265.33,236.84259
2021-09-09T11:00:00.000000000,254.15,223.44782
2021-09-09T12:00:00.000000000,253.86,217.78573
2021-09-09T13:00:00.000000000,262.03,221.04276
2021-09-09T14:00:00.000000000,281.71,234.95216
2021-09-09T15:00:00.000000000,312.08,260.0156
2021-09-09T16:00:00.000000000,354.09,293.86216
2021-09-09T17:00:00.000000000,394.65,329.01287
2021-09-09T18:00:00.000000000,404.32,357.45869
2021-09-09T19:00:00.000000000,396.25,374.75928
2021-09-09T20:00:00.000000000,391.57,380.07416
2021-09-09T21:00:00.000000000,389.65,375.90146
2021-09-09T22:00:00.000000000,389.82,366.02341
2021-09-09T23:00:00.000000000,390.39,354.96222
2021-09-07T00:00:00.000000000,401.3,400.71639
2021-09-07T01:00:00.000000000,432.43,393.33461
2021-09-07T02:00:00.000000000,432.29,389.72431
2021-09-07T03:00:00.000000000,433.9,387.68484
2021-09-07T04:00:00.000000000,436.71,383.97869
2021-09-07T05:00:00.000000000,433.29,375.16875
2021-09-07T06:00:00.000000000,413.67,359.02607
2021-09-07T07:00:00.000000000,378.41,339.01167
2021-09-07T08:00:00.000000000,336.21,317.91771
2021-09-07T09:00:00.000000000,300.44,298.92736
2021-09-07T10:00:00.000000000,279.3,283.80963
2021-09-07T11:00:00.000000000,270.85,273.4919
2021-09-07T12:00:00.000000000,273.42,269.78533
2021-09-07T13:00:00.000000000,281.05,273.19056
2021-09-07T14:00:00.000000000,294.96,284.57978
2021-09-07T15:00:00.000000000,327.52,303.19151
2021-09-07T16:00:00.000000000,368.78,326.38958
2021-09-07T17:00:00.000000000,410.22,347.77469
2021-09-07T18:00:00.000000000,427.27,361.7426
2021-09-07T19:00:00.000000000,423.17,366.1953
2021-09-07T20:00:00.000000000,417.86,362.09355
2021-09-07T21:00:00.000000000,410.16,351.92271
2021-09-07T22:00:00.000000000,399.28,338.70264
2021-09-07T23:00:00.000000000,393.91,326.46229
2021-09-08T00:00:00.000000000,371.45,333.46491
2021-09-08T01:00:00.000000000,392.44,324.21249
2021-09-08T02:00:00.000000000,396.17,320.56298
2021-09-08T03:00:00.000000000,402.33,319.18627
2021-09-08T04:00:00.000000000,409.0,315.91474
2021-09-08T05:00:00.000000000,409.69,306.46247
2021-09-08T06:00:00.000000000,382.78,288.35618
2021-09-08T07:00:00.000000000,338.65,264.50656
2021-09-08T08:00:00.000000000,304.82,237.59854
2021-09-08T09:00:00.000000000,277.5,211.9353
2021-09-08T10:00:00.000000000,253.59,191.2144
2021-09-08T11:00:00.000000000,238.5,177.22964
2021-09-08T12:00:00.000000000,237.66,171.79365
2021-09-08T13:00:00.000000000,248.0,175.70332
2021-09-08T14:00:00.000000000,268.06,190.65419
2021-09-08T15:00:00.000000000,299.93,217.00245
2021-09-08T16:00:00.000000000,340.85,252.17856
2021-09-08T17:00:00.000000000,383.49,288.25253
2021-09-08T18:00:00.000000000,391.7,316.55653
2021-09-08T19:00:00.000000000,373.67,331.94732
2021-09-08T20:00:00.000000000,364.43,333.54336
2021-09-08T21:00:00.000000000,358.86,324.19063
2021-09-08T22:00:00.000000000,355.78,308.48408
2021-09-08T23:00:00.000000000,358.86,292.46986
2021-09-09T00:00:00.000000000,390.01,287.01564
2021-09-09T01:00:00.000000000,374.29,285.51493
2021-09-09T02:00:00.000000000,378.68,290.46052
2021-09-09T03:00:00.000000000,383.56,297.03721
2021-09-09T04:00:00.000000000,388.37,299.99149
2021-09-09T05:00:00.000000000,387.4,294.56894
2021-09-09T06:00:00.000000000,364.74,278.31594
2021-09-09T07:00:00.000000000,333.2,254.75476
2021-09-09T08:00:00.000000000,307.11,227.73472
2021-09-09T09:00:00.000000000,283.31,202.50764
2021-09-09T10:00:00.000000000,265.33,183.21204
2021-09-09T11:00:00.000000000,254.15,171.98228
2021-09-09T12:00:00.000000000,253.86,170.8739
2021-09-09T13:00:00.000000000,262.03,180.79047
2021-09-09T14:00:00.000000000,281.71,202.79239
2021-09-09T15:00:00.000000000,312.08,236.0702
2021-09-09T16:00:00.000000000,354.09,276.37788
2021-09-09T17:00:00.000000000,394.65,314.61233
2021-09-09T18:00:00.000000000,404.32,342.21943
2021-09-09T19:00:00.000000000,396.25,355.59776
2021-09-09T20:00:00.000000000,391.57,355.55106
2021-09-09T21:00:00.000000000,389.65,346.2485
2021-09-09T22:00:00.000000000,389.82,332.78677
2021-09-09T23:00:00.000000000,390.39,320.54988
2021-09-10T00:00:00.000000000,402.36,320.61788
2021-09-10T01:00:00.000000000,402.22,319.38408
2021-09-10T02:00:00.000000000,405.97,326.76378
2021-09-10T03:00:00.000000000,408.52,340.5581
2021-09-10T04:00:00.000000000,409.99,356.32127
2021-09-10T05:00:00.000000000,412.55,367.1141
2021-09-10T06:00:00.000000000,396.98,366.89832
2021-09-10T07:00:00.000000000,366.06,356.72041
2021-09-10T08:00:00.000000000,338.61,339.36498
2021-09-10T09:00:00.000000000,316.04,319.2415
2021-09-10T10:00:00.000000000,300.96,299.92959
2021-09-10T11:00:00.000000000,291.61,284.07393
2021-09-10T12:00:00.000000000,289.57,274.86616
2021-09-10T13:00:00.000000000,295.16,273.71222
2021-09-10T14:00:00.000000000,322.36,282.34691
2021-09-10T15:00:00.000000000,350.04,301.25532
2021-09-10T16:00:00.000000000,387.39,328.23017
2021-09-10T17:00:00.000000000,420.85,356.03541
2021-09-10T18:00:00.000000000,435.55,377.24718
2021-09-10T19:00:00.000000000,436.63,389.03286
2021-09-10T20:00:00.000000000,432.75,391.70217
2021-09-10T21:00:00.000000000,427.32,386.79174
2021-09-10T22:00:00.000000000,417.81,376.57908
2021-09-10T23:00:00.000000000,408.37,365.27766
2021-09-08T00:00:00.000000000,371.45,381.95685
2021-09-08T01:00:00.000000000,392.44,376.20397
2021-09-08T02:00:00.000000000,396.17,375.13525
2021-09-08T03:00:00.000000000,402.33,375.02769
2021-09-08T04:00:00.000000000,409.0,371.08031
2021-09-08T05:00:00.000000000,409.69,358.86166
2021-09-08T06:00:00.000000000,382.78,336.91783
2021-09-08T07:00:00.000000000,338.65,310.39168
2021-09-08T08:00:00.000000000,304.82,283.45187
2021-09-08T09:00:00.000000000,277.5,259.87978
2021-09-08T10:00:00.000000000,253.59,241.84914
2021-09-08T11:00:00.000000000,238.5,230.79237
2021-09-08T12:00:00.000000000,237.66,228.72358
2021-09-08T13:00:00.000000000,248.0,236.32883
2021-09-08T14:00:00.000000000,268.06,254.08341
2021-09-08T15:00:00.000000000,299.93,280.04947
2021-09-08T16:00:00.000000000,340.85,309.51037
2021-09-08T17:00:00.000000000,383.49,333.95958
2021-09-08T18:00:00.000000000,391.7,346.90527
2021-09-08T19:00:00.000000000,373.67,347.03135
2021-09-08T20:00:00.000000000,364.43,336.89767
2021-09-08T21:00:00.000000000,358.86,320.42071
2021-09-08T22:00:00.000000000,355.78,301.836
2021-09-08T23:00:00.000000000,358.86,286.30904
2021-09-09T00:00:00.000000000,390.01,275.27593
2021-09-09T01:00:00.000000000,374.29,275.63662
2021-09-09T02:00:00.000000000,378.68,281.65745
2021-09-09T03:00:00.000000000,383.56,287.71532
2021-09-09T04:00:00.000000000,388.37,288.45248
2021-09-09T05:00:00.000000000,387.4,280.16263
2021-09-09T06:00:00.000000000,364.74,261.88107
2021-09-09T07:00:00.000000000,333.2,237.99939
2021-09-09T08:00:00.000000000,307.11,212.3339
2021-09-09T09:00:00.000000000,283.31,189.67049
2021-09-09T10:00:00.000000000,265.33,173.54456
2021-09-09T11:00:00.000000000,254.15,165.70695
2021-09-09T12:00:00.000000000,253.86,168.25524
2021-09-09T13:00:00.000000000,262.03,182.33609
2021-09-09T14:00:00.000000000,281.71,208.68744
2021-09-09T15:00:00.000000000,312.08,245.328
2021-09-09T16:00:00.000000000,354.09,286.64777
2021-09-09T17:00:00.000000000,394.65,323.29852
2021-09-09T18:00:00.000000000,404.32,347.62129
2021-09-09T19:00:00.000000000,396.25,357.2554
2021-09-09T20:00:00.000000000,391.57,354.07079
2021-09-09T21:00:00.000000000,389.65,343.06239
2021-09-09T22:00:00.000000000,389.82,329.69894
2021-09-09T23:00:00.000000000,390.39,318.87712
2021-09-10T00:00:00.000000000,402.36,321.69064
2021-09-10T01:00:00.000000000,402.22,324.27462
2021-09-10T02:00:00.000000000,405.97,332.17973
2021-09-10T03:00:00.000000000,408.52,341.46496
2021-09-10T04:00:00.000000000,409.99,347.87953
2021-09-10T05:00:00.000000000,412.55,346.90532
2021-09-10T06:00:00.000000000,396.98,335.68051
2021-09-10T07:00:00.000000000,366.06,317.65515
2021-09-10T08:00:00.000000000,338.61,296.55626
2021-09-10T09:00:00.000000000,316.04,276.9192
2021-09-10T10:00:00.000000000,300.96,261.97937
2021-09-10T11:00:00.000000000,291.61,254.06481
2021-09-10T12:00:00.000000000,289.57,256.04052
2021-09-10T13:00:00.000000000,295.16,268.20353
2021-09-10T14:00:00.000000000,322.36,289.67405
2021-09-10T15:00:00.000000000,350.04,317.38442
2021-09-10T16:00:00.000000000,387.39,346.43899
2021-09-10T17:00:00.000000000,420.85,369.8057
2021-09-10T18:00:00.000000000,435.55,382.75387
2021-09-10T19:00:00.000000000,436.63,385.57438
2021-09-10T20:00:00.000000000,432.75,381.27422
2021-09-10T21:00:00.000000000,427.32,373.20205
2021-09-10T22:00:00.000000000,417.81,364.24171
2021-09-10T23:00:00.000000000,408.37,357.59601
2021-09-11T00:00:00.000000000,358.63,353.03999
2021-09-11T01:00:00.000000000,395.61,349.59044
2021-09-11T02:00:00.000000000,391.9,351.94889
2021-09-11T03:00:00.000000000,395.05,358.53823
2021-09-11T04:00:00.000000000,395.4,366.48111
2021-09-11T05:00:00.000000000,394.78,370.90209
2021-09-11T06:00:00.000000000,382.12,366.89391
2021-09-11T07:00:00.000000000,362.72,355.4559
2021-09-11T08:00:00.000000000,338.64,338.56487
2021-09-11T09:00:00.000000000,314.61,319.9259
2021-09-11T10:00:00.000000000,292.01,302.66732
2021-09-11T11:00:00.000000000,276.36,289.1048
2021-09-11T12:00:00.000000000,269.73,282.18999
2021-09-11T13:00:00.000000000,275.06,282.67969
2021-09-11T14:00:00.000000000,285.52,291.35759
2021-09-11T15:00:00.000000000,307.3,308.05248
2021-09-11T16:00:00.000000000,342.33,331.10411
2021-09-11T17:00:00.000000000,378.77,355.02703
2021-09-11T18:00:00.000000000,398.36,374.14721
2021-09-11T19:00:00.000000000,398.29,385.9295
2021-09-11T20:00:00.000000000,393.49,390.16396
2021-09-11T21:00:00.000000000,381.86,387.8478
2021-09-11T22:00:00.000000000,365.47,380.69681
2021-09-11T23:00:00.000000000,350.8,372.21411
2021-09-09T00:00:00.000000000,390.01,357.3216
2021-09-09T01:00:00.000000000,374.29,357.03367
2021-09-09T02:00:00.000000000,378.68,359.91502
2021-09-09T03:00:00.000000000,383.56,361.88113
2021-09-09T04:00:00.000000000,388.37,359.31178
2021-09-09T05:00:00.000000000,387.4,349.74382
2021-09-09T06:00:00.000000000,364.74,331.98355
2021-09-09T07:00:00.000000000,333.2,309.93061
2021-09-09T08:00:00.000000000,307.11,286.86189
2021-09-09T09:00:00.000000000,283.31,266.84835
2021-09-09T10:00:00.000000000,265.33,252.89308
2021-09-09T11:00:00.000000000,254.15,246.8194
2021-09-09T12:00:00.000000000,253.86,251.08832
2021-09-09T13:00:00.000000000,262.03,265.86287
2021-09-09T14:00:00.000000000,281.71,289.77061
2021-09-09T15:00:00.000000000,312.08,318.90884
2021-09-09T16:00:00.000000000,354.09,347.99291
2021-09-09T17:00:00.000000000,394.65,370.56239
2021-09-09T18:00:00.000000000,404.32,382.96222
2021-09-09T19:00:00.000000000,396.25,385.31118
2021-09-09T20:00:00.000000000,391.57,380.17505
2021-09-09T21:00:00.000000000,389.65,371.39475
2021-09-09T22:00:00.000000000,389.82,362.51443
2021-09-09T23:00:00.000000000,390.39,356.50351
2021-09-10T00:00:00.000000000,402.36,347.24527
2021-09-10T01:00:00.000000000,402.22,348.75264
2021-09-10T02:00:00.000000000,405.97,354.30853
2021-09-10T03:00:00.000000000,408.52,360.30963
2021-09-10T04:00:00.000000000,409.99,363.37548
2021-09-10T05:00:00.000000000,412.55,360.39048
2021-09-10T06:00:00.000000000,396.98,349.20708
2021-09-10T07:00:00.000000000,366.06,332.96934
2021-09-10T08:00:00.000000000,338.61,314.46282
2021-09-10T09:00:00.000000000,316.04,297.41925
2021-09-10T10:00:00.000000000,300.96,284.58661
2021-09-10T11:00:00.000000000,291.61,278.21991
2021-09-10T12:00:00.000000000,289.57,281.27852
2021-09-10T13:00:00.000000000,295.16,293.79937
2021-09-10T14:00:00.000000000,322.36,314.39406
2021-09-10T15:00:00.000000000,350.04,339.60482
2021-09-10T16:00:00.000000000,387.39,365.0254
2021-09-10T17:00:00.000000000,420.85,384.93703
2021-09-10T18:00:00.000000000,435.55,395.7899
2021-09-10T19:00:00.000000000,436.63,398.09067
2021-09-10T20:00:00.000000000,432.75,394.41769
2021-09-10T21:00:00.000000000,427.32,387.54054
2021-09-10T22:00:00.000000000,417.81,379.89395
2021-09-10T23:00:00.000000000,408.37,374.22839
2021-09-11T00:00:00.000000000,358.63,371.64603
2021-09-11T01:00:00.000000000,395.61,366.7989
2021-09-11T02:00:00.000000000,391.9,366.37405
2021-09-11T03:00:00.000000000,395.05,368.50516
2021-09-11T04:00:00.000000000,395.4,370.63064
2021-09-11T05:00:00.000000000,394.78,368.90511
2021-09-11T06:00:00.000000000,382.12,359.58772
2021-09-11T07:00:00.000000000,362.72,344.39961
2021-09-11T08:00:00.000000000,338.64,325.35032
2021-09-11T09:00:00.000000000,314.61,305.95313
2021-09-11T10:00:00.000000000,292.01,289.09104
2021-09-11T11:00:00.000000000,276.36,276.87913
2021-09-11T12:00:00.000000000,269.73,272.05279
2021-09-11T13:00:00.000000000,275.06,275.00274
2021-09-11T14:00:00.000000000,285.52,285.98907
2021-09-11T15:00:00.000000000,307.3,304.26751
2021-09-11T16:00:00.000000000,342.33,327.94985
2021-09-11T17:00:00.000000000,378.77,351.74659
2021-09-11T18:00:00.000000000,398.36,370.37347
2021-09-11T19:00:00.000000000,398.29,381.39616
2021-09-11T20:00:00.000000000,393.49,384.68558
2021-09-11T21:00:00.000000000,381.86,381.45141
2021-09-11T22:00:00.000000000,365.47,373.64523
2021-09-11T23:00:00.000000000,350.8,364.94996
2021-09-12T00:00:00.000000000,364.83,327.26543
2021-09-12T01:00:00.000000000,343.87,325.82247
2021-09-12T02:00:00.000000000,345.43,333.82414
2021-09-12T03:00:00.000000000,347.72,348.78244
2021-09-12T04:00:00.000000000,347.91,365.85923
2021-09-12T05:00:00.000000000,349.12,377.9466
2021-09-12T06:00:00.000000000,337.54,378.49318
2021-09-12T07:00:00.000000000,310.02,367.97325
2021-09-12T08:00:00.000000000,273.94,349.07718
2021-09-12T09:00:00.000000000,233.83,326.45811
2021-09-12T10:00:00.000000000,200.41,304.41494
2021-09-12T11:00:00.000000000,183.86,286.26633
2021-09-12T12:00:00.000000000,169.53,275.40287
2021-09-12T13:00:00.000000000,175.77,273.21376
2021-09-12T14:00:00.000000000,200.39,281.24536
2021-09-12T15:00:00.000000000,248.31,300.08347
2021-09-12T16:00:00.000000000,305.24,327.89847
2021-09-12T17:00:00.000000000,363.83,357.57051
2021-09-12T18:00:00.000000000,386.86,381.48713
2021-09-12T19:00:00.000000000,391.12,395.87027
2021-09-12T20:00:00.000000000,391.25,399.87935
2021-09-12T21:00:00.000000000,392.75,394.79718
2021-09-12T22:00:00.000000000,384.63,383.43298
2021-09-12T23:00:00.000000000,376.34,370.66429
2021-09-10T00:00:00.000000000,402.36,380.07821
2021-09-10T01:00:00.000000000,402.22,380.0818
2021-09-10T02:00:00.000000000,405.97,383.59149
2021-09-10T03:00:00.000000000,408.52,387.0904
2021-09-10T04:00:00.000000000,409.99,387.22523
2021-09-10T05:00:00.000000000,412.55,381.29011
2021-09-10T06:00:00.000000000,396.98,367.57978
2021-09-10T07:00:00.000000000,366.06,349.49464
2021-09-10T08:00:00.000000000,338.61,329.75986
2021-09-10T09:00:00.000000000,316.04,311.918
2021-09-10T10:00:00.000000000,300.96,298.59219
2021-09-10T11:00:00.000000000,291.61,291.84889
2021-09-10T12:00:00.000000000,289.57,294.51825
2021-09-10T13:00:00.000000000,295.16,306.6825
2021-09-10T14:00:00.000000000,322.36,326.92822
2021-09-10T15:00:00.000000000,350.04,351.62051
2021-09-10T16:00:00.000000000,387.39,376.16744
2021-09-10T17:00:00.000000000,420.85,394.6228
2021-09-10T18:00:00.000000000,435.55,403.41249
2021-09-10T19:00:00.000000000,436.63,402.98602
2021-09-10T20:00:00.000000000,432.75,396.16827
2021-09-10T21:00:00.000000000,427.32,386.2317
2021-09-10T22:00:00.000000000,417.81,376.17492
2021-09-10T23:00:00.000000000,408.37,368.92454
2021-09-11T00:00:00.000000000,358.63,356.76691
2021-09-11T01:00:00.000000000,395.61,352.93202
2021-09-11T02:00:00.000000000,391.9,352.63154
2021-09-11T03:00:00.000000000,395.05,352.9297
2021-09-11T04:00:00.000000000,395.4,350.99647
2021-09-11T05:00:00.000000000,394.78,344.06255
2021-09-11T06:00:00.000000000,382.12,330.20944
2021-09-11T07:00:00.000000000,362.72,312.32241
2021-09-11T08:00:00.000000000,338.64,292.48965
2021-09-11T09:00:00.000000000,314.61,273.75586
2021-09-11T10:00:00.000000000,292.01,258.6103
2021-09-11T11:00:00.000000000,276.36,249.23149
2021-09-11T12:00:00.000000000,269.73,248.48044
2021-09-11T13:00:00.000000000,275.06,256.67444
2021-09-11T14:00:00.000000000,285.52,273.12916
2021-09-11T15:00:00.000000000,307.3,295.32258
2021-09-11T16:00:00.000000000,342.33,319.73766
2021-09-11T17:00:00.000000000,378.77,340.84123
2021-09-11T18:00:00.000000000,398.36,354.45199
2021-09-11T19:00:00.000000000,398.29,359.49495
2021-09-11T20:00:00.000000000,393.49,357.03167
2021-09-11T21:00:00.000000000,381.86,349.21968
2021-09-11T22:00:00.000000000,365.47,338.79551
2021-09-11T23:00:00.000000000,350.8,329.62947
2021-09-12T00:00:00.000000000,364.83,304.92729
2021-09-12T01:00:00.000000000,343.87,305.8955
2021-09-12T02:00:00.000000000,345.43,313.71166
2021-09-12T03:00:00.000000000,347.72,324.70819
2021-09-12T04:00:00.000000000,347.91,334.21478
2021-09-12T05:00:00.000000000,349.12,336.66691
2021-09-12T06:00:00.000000000,337.54,327.72291
2021-09-12T07:00:00.000000000,310.02,309.52231
2021-09-12T08:00:00.000000000,273.94,285.57647
2021-09-12T09:00:00.000000000,233.83,260.97867
2021-09-12T10:00:00.000000000,200.41,240.10515
2021-09-12T11:00:00.000000000,183.86,226.22869
2021-09-12T12:00:00.000000000,169.53,222.43364
2021-09-12T13:00:00.000000000,175.77,229.37679
2021-09-12T14:00:00.000000000,200.39,246.82916
2021-09-12T15:00:00.000000000,248.31,272.94887
2021-09-12T16:00:00.000000000,305.24,303.9009
2021-09-12T17:00:00.000000000,363.83,332.29688
2021-09-12T18:00:00.000000000,386.86,351.83245
2021-09-12T19:00:00.000000000,391.12,360.49438
2021-09-12T20:00:00.000000000,391.25,359.38296
2021-09-12T21:00:00.000000000,392.75,351.50232
2021-09-12T22:00:00.000000000,384.63,340.47113
2021-09-12T23:00:00.000000000,376.34,330.78465
2021-09-13T00:00:00.000000000,413.78,305.69595
2021-09-13T01:00:00.000000000,380.09,309.15244
2021-09-13T02:00:00.000000000,388.69,322.78415
2021-09-13T03:00:00.000000000,400.14,343.50753
2021-09-13T04:00:00.000000000,413.01,365.94906
2021-09-13T05:00:00.000000000,421.77,382.23213
2021-09-13T06:00:00.000000000,409.81,385.69808
2021-09-13T07:00:00.000000000,377.92,377.49262
2021-09-13T08:00:00.000000000,344.46,360.93276
2021-09-13T09:00:00.000000000,316.3,340.61019
2021-09-13T10:00:00.000000000,298.64,320.38175
2021-09-13T11:00:00.000000000,292.6,303.73148
2021-09-13T12:00:00.000000000,298.3,294.62014
2021-09-13T13:00:00.000000000,309.61,294.68091
2021-09-13T14:00:00.000000000,329.34,305.19562
2021-09-13T15:00:00.000000000,357.69,326.00099
2021-09-13T16:00:00.000000000,394.78,354.15181
2021-09-13T17:00:00.000000000,435.75,381.77185
2021-09-13T18:00:00.000000000,448.94,401.54584
2021-09-13T19:00:00.000000000,444.86,411.52369
2021-09-13T20:00:00.000000000,442.28,412.59706
2021-09-13T21:00:00.000000000,443.4,406.37213
2021-09-13T22:00:00.000000000,438.74,395.34259
2021-09-13T23:00:00.000000000,429.69,384.07996
2021-09-11T00:00:00.000000000,358.63,390.57906
2021-09-11T01:00:00.000000000,395.61,384.91915
2021-09-11T02:00:00.000000000,391.9,381.56547
2021-09-11T03:00:00.000000000,395.05,378.62374
2021-09-11T04:00:00.000000000,395.4,373.96674
2021-09-11T05:00:00.000000000,394.78,365.21386
2021-09-11T06:00:00.000000000,382.12,350.48625
2021-09-11T07:00:00.000000000,362.72,332.83344
2021-09-11T08:00:00.000000000,338.64,314.43148
2021-09-11T09:00:00.000000000,314.61,298.08536
2021-09-11T10:00:00.000000000,292.01,285.5238
2021-09-11T11:00:00.000000000,276.36,277.88126
2021-09-11T12:00:00.000000000,269.73,277.19175
2021-09-11T13:00:00.000000000,275.06,283.50419
2021-09-11T14:00:00.000000000,285.52,296.59779
2021-09-11T15:00:00.000000000,307.3,314.77507
2021-09-11T16:00:00.000000000,342.33,335.33335
2021-09-11T17:00:00.000000000,378.77,353.211
2021-09-11T18:00:00.000000000,398.36,364.49633
2021-09-11T19:00:00.000000000,398.29,368.24222
2021-09-11T20:00:00.000000000,393.49,365.6765
2021-09-11T21:00:00.000000000,381.86,358.81893
2021-09-11T22:00:00.000000000,365.47,349.85047
2021-09-11T23:00:00.000000000,350.8,341.77331
2021-09-12T00:00:00.000000000,364.83,309.04672
2021-09-12T01:00:00.000000000,343.87,306.48038
2021-09-12T02:00:00.000000000,345.43,309.58692
2021-09-12T03:00:00.000000000,347.72,315.26452
2021-09-12T04:00:00.000000000,347.91,319.41792
2021-09-12T05:00:00.000000000,349.12,317.37359
2021-09-12T06:00:00.000000000,337.54,305.59102
2021-09-12T07:00:00.000000000,310.02,286.14215
2021-09-12T08:00:00.000000000,273.94,261.91853
2021-09-12T09:00:00.000000000,233.83,237.56295
2021-09-12T10:00:00.000000000,200.41,217.1188
2021-09-12T11:00:00.000000000,183.86,203.38949
2021-09-12T12:00:00.000000000,169.53,198.94337
2021-09-12T13:00:00.000000000,175.77,204.35118
2021-09-12T14:00:00.000000000,200.39,219.62121
2021-09-12T15:00:00.000000000,248.31,243.07962
2021-09-12T16:00:00.000000000,305.24,271.27968
2021-09-12T17:00:00.000000000,363.83,297.50354
2021-09-12T18:00:00.000000000,386.86,315.80449
2021-09-12T19:00:00.000000000,391.12,323.61099
2021-09-12T20:00:00.000000000,391.25,321.5148
2021-09-12T21:00:00.000000000,392.75,312.54819
2021-09-12T22:00:00.000000000,384.63,300.50548
2021-09-12T23:00:00.000000000,376.34,289.90301
2021-09-13T00:00:00.000000000,413.78,283.64398
2021-09-13T01:00:00.000000000,380.09,288.80812
2021-09-13T02:00:00.000000000,388.69,301.45297
2021-09-13T03:00:00.000000000,400.14,317.51427
2021-09-13T04:00:00.000000000,413.01,332.31565
2021-09-13T05:00:00.000000000,421.77,340.13925
2021-09-13T06:00:00.000000000,409.81,336.63402
2021-09-13T07:00:00.000000000,377.92,324.18977
2021-09-13T08:00:00.000000000,344.46,306.29231
2021-09-13T09:00:00.000000000,316.3,287.41253
2021-09-13T10:00:00.000000000,298.64,271.1248
2021-09-13T11:00:00.000000000,292.6,260.73956
2021-09-13T12:00:00.000000000,298.3,259.92266
2021-09-13T13:00:00.000000000,309.61,269.50059
2021-09-13T14:00:00.000000000,329.34,288.93205
2021-09-13T15:00:00.000000000,357.69,315.85671
2021-09-13T16:00:00.000000000,394.78,345.93416
2021-09-13T17:00:00.000000000,435.75,371.84467
2021-09-13T18:00:00.000000000,448.94,388.04156
2021-09-13T19:00:00.000000000,444.86,394.22288
2021-09-13T20:00:00.000000000,442.28,392.56648
2021-09-13T21:00:00.000000000,443.4,385.68619
2021-09-13T22:00:00.000000000,438.74,376.3939
2021-09-13T23:00:00.000000000,429.69,368.5515
2021-09-14T00:00:00.000000000,377.4,370.86495
2021-09-14T01:00:00.000000000,424.82,374.42409
2021-09-14T02:00:00.000000000,425.44,384.17796
2021-09-14T03:00:00.000000000,427.45,396.93752
2021-09-14T04:00:00.000000000,427.38,408.27293
2021-09-14T05:00:00.000000000,423.11,412.72709
2021-09-14T06:00:00.000000000,400.47,406.21569
2021-09-14T07:00:00.000000000,358.14,391.59005
2021-09-14T08:00:00.000000000,319.53,372.64498
2021-09-14T09:00:00.000000000,286.79,354.09899
2021-09-14T10:00:00.000000000,266.22,339.11074
2021-09-14T11:00:00.000000000,259.8,329.73552
2021-09-14T12:00:00.000000000,267.13,328.77811
2021-09-14T13:00:00.000000000,283.57,336.51391
2021-09-14T14:00:00.000000000,308.24,352.59155
2021-09-14T15:00:00.000000000,340.43,374.77304
2021-09-14T16:00:00.000000000,382.13,399.01914
2021-09-14T17:00:00.000000000,411.77,418.26495
2021-09-14T18:00:00.000000000,404.89,427.27692
2021-09-14T19:00:00.000000000,383.76,426.42154
2021-09-14T20:00:00.000000000,367.25,419.33584
2021-09-14T21:00:00.000000000,357.73,409.38637
2021-09-14T22:00:00.000000000,355.05,399.25289
2021-09-14T23:00:00.000000000,360.31,391.76425
2021-09-12T00:00:00.000000000,364.83,319.49177
2021-09-12T01:00:00.000000000,343.87,315.90199
2021-09-12T02:00:00.000000000,345.43,319.66705
2021-09-12T03:00:00.000000000,347.72,327.87985
2021-09-12T04:00:00.000000000,347.91,335.98818
2021-09-12T05:00:00.000000000,349.12,338.10757
2021-09-12T06:00:00.000000000,337.54,329.62869
2021-09-12T07:00:00.000000000,310.02,312.42764
2021-09-12T08:00:00.000000000,273.94,289.72897
2021-09-12T09:00:00.000000000,233.83,266.52367
2021-09-12T10:00:00.000000000,200.41,246.94089
2021-09-12T11:00:00.000000000,183.86,233.28832
2021-09-12T12:00:00.000000000,169.53,227.98557
2021-09-12T13:00:00.000000000,175.77,231.9817
2021-09-12T14:00:00.000000000,200.39,246.37902
2021-09-12T15:00:00.000000000,248.31,270.71754
2021-09-12T16:00:00.000000000,305.24,301.81968
2021-09-12T17:00:00.000000000,363.83,332.00541
2021-09-12T18:00:00.000000000,386.86,353.93355
2021-09-12T19:00:00.000000000,391.12,364.42868
2021-09-12T20:00:00.000000000,391.25,363.98082
2021-09-12T21:00:00.000000000,392.75,355.51722
2021-09-12T22:00:00.000000000,384.63,342.77077
2021-09-12T23:00:00.000000000,376.34,330.36193
2021-09-13T00:00:00.000000000,413.78,317.94308
2021-09-13T01:00:00.000000000,380.09,323.54762
2021-09-13T02:00:00.000000000,388.69,335.21494
2021-09-13T03:00:00.000000000,400.14,348.29319
2021-09-13T04:00:00.000000000,413.01,357.74273
2021-09-13T05:00:00.000000000,421.77,358.42131
2021-09-13T06:00:00.000000000,409.81,347.21294
2021-09-13T07:00:00.000000000,377.92,327.89873
2021-09-13T08:00:00.000000000,344.46,304.92947
2021-09-13T09:00:00.000000000,316.3,283.45018
2021-09-13T10:00:00.000000000,298.64,267.07856
2021-09-13T11:00:00.000000000,292.6,258.4084
2021-09-13T12:00:00.000000000,298.3,260.50905
2021-09-13T13:00:00.000000000,309.61,273.82168
2021-09-13T14:00:00.000000000,329.34,297.34665
2021-09-13T15:00:00.000000000,357.69,327.65602
2021-09-13T16:00:00.000000000,394.78,359.18668
2021-09-13T17:00:00.000000000,435.75,384.13574
2021-09-13T18:00:00.000000000,448.94,397.47078
2021-09-13T19:00:00.000000000,444.86,399.85006
2021-09-13T20:00:00.000000000,442.28,394.86169
2021-09-13T21:00:00.000000000,443.4,386.38961
2021-09-13T22:00:00.000000000,438.74,377.62386
2021-09-13T23:00:00.000000000,429.69,371.78871
2021-09-14T00:00:00.000000000,377.4,376.78717
2021-09-14T01:00:00.000000000,424.82,382.04751
2021-09-14T02:00:00.000000000,425.44,389.82849
2021-09-14T03:00:00.000000000,427.45,395.4948
2021-09-14T04:00:00.000000000,427.38,394.72769
2021-09-14T05:00:00.000000000,423.11,385.46368
2021-09-14T06:00:00.000000000,400.47,367.89797
2021-09-14T07:00:00.000000000,358.14,347.00074
2021-09-14T08:00:00.000000000,319.53,326.29649
2021-09-14T09:00:00.000000000,286.79,309.20311
2021-09-14T10:00:00.000000000,266.22,297.55404
2021-09-14T11:00:00.000000000,259.8,292.59521
2021-09-14T12:00:00.000000000,267.13,296.52817
2021-09-14T13:00:00.000000000,283.57,309.32985
2021-09-14T14:00:00.000000000,308.24,329.13025
2021-09-14T15:00:00.000000000,340.43,350.82098
2021-09-14T16:00:00.000000000,382.13,368.47146
2021-09-14T17:00:00.000000000,411.77,376.33496
2021-09-14T18:00:00.000000000,404.89,372.66678
2021-09-14T19:00:00.000000000,383.76,360.18732
2021-09-14T20:00:00.000000000,367.25,343.84833
2021-09-14T21:00:00.000000000,357.73,328.35145
2021-09-14T22:00:00.000000000,355.05,317.26433
2021-09-14T23:00:00.000000000,360.31,312.66506
2021-09-15T00:00:00.000000000,353.07,326.31592
2021-09-15T01:00:00.000000000,363.37,322.98271
2021-09-15T02:00:00.000000000,367.47,325.12578
2021-09-15T03:00:00.000000000,376.56,332.14616
2021-09-15T04:00:00.000000000,382.18,341.74152
2021-09-15T05:00:00.000000000,382.36,348.91556
2021-09-15T06:00:00.000000000,373.09,348.70736
2021-09-15T07:00:00.000000000,359.96,341.90312
2021-09-15T08:00:00.000000000,349.67,330.02047
2021-09-15T09:00:00.000000000,338.36,315.91955
2021-09-15T10:00:00.000000000,334.05,301.70691
2021-09-15T11:00:00.000000000,331.74,289.53767
2021-09-15T12:00:00.000000000,330.43,282.15637
2021-09-15T13:00:00.000000000,334.15,280.15534
2021-09-15T14:00:00.000000000,344.91,284.38046
2021-09-15T15:00:00.000000000,356.11,294.89553
2021-09-15T16:00:00.000000000,362.77,310.47711
2021-09-15T17:00:00.000000000,369.02,326.34473
2021-09-15T18:00:00.000000000,365.79,337.64599
2021-09-15T19:00:00.000000000,362.84,342.87646
2021-09-15T20:00:00.000000000,358.7,342.59029
2021-09-15T21:00:00.000000000,349.73,337.46332
2021-09-15T22:00:00.000000000,346.14,328.59187
2021-09-15T23:00:00.000000000,351.89,319.15078
2021-09-13T00:00:00.000000000,413.78,331.12506
2021-09-13T01:00:00.000000000,380.09,336.66066
2021-09-13T02:00:00.000000000,388.69,349.09271
2021-09-13T03:00:00.000000000,400.14,362.92005
2021-09-13T04:00:00.000000000,413.01,372.01714
2021-09-13T05:00:00.000000000,421.77,370.90467
2021-09-13T06:00:00.000000000,409.81,357.07579
2021-09-13T07:00:00.000000000,377.92,335.29908
2021-09-13T08:00:00.000000000,344.46,310.61083
2021-09-13T09:00:00.000000000,316.3,288.29185
2021-09-13T10:00:00.000000000,298.64,271.72928
2021-09-13T11:00:00.000000000,292.6,263.21764
2021-09-13T12:00:00.000000000,298.3,265.77961
2021-09-13T13:00:00.000000000,309.61,280.37394
2021-09-13T14:00:00.000000000,329.34,306.67092
2021-09-13T15:00:00.000000000,357.69,341.31963
2021-09-13T16:00:00.000000000,394.78,377.78607
2021-09-13T17:00:00.000000000,435.75,406.49548
2021-09-13T18:00:00.000000000,448.94,421.01022
2021-09-13T19:00:00.000000000,444.86,421.84162
2021-09-13T20:00:00.000000000,442.28,413.3994
2021-09-13T21:00:00.000000000,443.4,400.63804
2021-09-13T22:00:00.000000000,438.74,387.75203
2021-09-13T23:00:00.000000000,429.69,378.62098
2021-09-14T00:00:00.000000000,377.4,374.94901
2021-09-14T01:00:00.000000000,424.82,375.45754
2021-09-14T02:00:00.000000000,425.44,379.40449
2021-09-14T03:00:00.000000000,427.45,382.50155
2021-09-14T04:00:00.000000000,427.38,380.29238
2021-09-14T05:00:00.000000000,423.11,369.65209
2021-09-14T06:00:00.000000000,400.47,350.12189
2021-09-14T07:00:00.000000000,358.14,326.98306
2021-09-14T08:00:00.000000000,319.53,303.98304
2021-09-14T09:00:00.000000000,286.79,284.40197
2021-09-14T10:00:00.000000000,266.22,269.8347
2021-09-14T11:00:00.000000000,259.8,261.74624
2021-09-14T12:00:00.000000000,267.13,262.61679
2021-09-14T13:00:00.000000000,283.57,272.91404
2021-09-14T14:00:00.000000000,308.24,291.98689
2021-09-14T15:00:00.000000000,340.43,316.31484
2021-09-14T16:00:00.000000000,382.13,340.63296
2021-09-14T17:00:00.000000000,411.77,357.90243
2021-09-14T18:00:00.000000000,404.89,364.07108
2021-09-14T19:00:00.000000000,383.76,360.05309
2021-09-14T20:00:00.000000000,367.25,349.52021
2021-09-14T21:00:00.000000000,357.73,336.22241
2021-09-14T22:00:00.000000000,355.05,323.43191
2021-09-14T23:00:00.000000000,360.31,314.66393
2021-09-15T00:00:00.000000000,353.07,343.61211
2021-09-15T01:00:00.000000000,363.37,350.56732
2021-09-15T02:00:00.000000000,367.47,359.1819
2021-09-15T03:00:00.000000000,376.56,365.36112
2021-09-15T04:00:00.000000000,382.18,366.52574
2021-09-15T05:00:00.000000000,382.36,361.44384
2021-09-15T06:00:00.000000000,373.09,349.67939
2021-09-15T07:00:00.000000000,359.96,335.01031
2021-09-15T08:00:00.000000000,349.67,320.04813
2021-09-15T09:00:00.000000000,338.36,308.01732
2021-09-15T10:00:00.000000000,334.05,301.14546
2021-09-15T11:00:00.000000000,331.74,301.85426
2021-09-15T12:00:00.000000000,330.43,312.81545
2021-09-15T13:00:00.000000000,334.15,332.36941
2021-09-15T14:00:00.000000000,344.91,356.17884
2021-09-15T15:00:00.000000000,356.11,377.98328
2021-09-15T16:00:00.000000000,362.77,392.82777
2021-09-15T17:00:00.000000000,369.02,397.52846
2021-09-15T18:00:00.000000000,365.79,392.43928
2021-09-15T19:00:00.000000000,362.84,381.49679
2021-09-15T20:00:00.000000000,358.7,369.49689
2021-09-15T21:00:00.000000000,349.73,359.58054
2021-09-15T22:00:00.000000000,346.14,353.55184
2021-09-15T23:00:00.000000000,351.89,352.44282
2021-09-16T00:00:00.000000000,359.33,372.33002
2021-09-16T01:00:00.000000000,348.76,375.73192
2021-09-16T02:00:00.000000000,345.92,380.57662
2021-09-16T03:00:00.000000000,342.7,385.04733
2021-09-16T04:00:00.000000000,341.93,387.50457
2021-09-16T05:00:00.000000000,348.46,386.27782
2021-09-16T06:00:00.000000000,344.22,379.86283
2021-09-16T07:00:00.000000000,333.43,370.72096
2021-09-16T08:00:00.000000000,313.0,360.44895
2021-09-16T09:00:00.000000000,290.39,351.25299
2021-09-16T10:00:00.000000000,276.16,343.91805
2021-09-16T11:00:00.000000000,271.25,339.05814
2021-09-16T12:00:00.000000000,271.14,338.17392
2021-09-16T13:00:00.000000000,273.28,340.34282
2021-09-16T14:00:00.000000000,283.01,344.60953
2021-09-16T15:00:00.000000000,298.63,349.19175
2021-09-16T16:00:00.000000000,317.93,352.86438
2021-09-16T17:00:00.000000000,337.02,353.49879
2021-09-16T18:00:00.000000000,347.06,349.98369
2021-09-16T19:00:00.000000000,350.53,343.6327
2021-09-16T20:00:00.000000000,352.79,336.90614
2021-09-16T21:00:00.000000000,354.41,331.20902
2021-09-16T22:00:00.000000000,354.79,327.27019
2021-09-16T23:00:00.000000000,358.13,326.07789
2021-09-14T00:00:00.000000000,377.4,412.90326
2021-09-14T01:00:00.000000000,424.82,406.39986
2021-09-14T02:00:00.000000000,425.44,403.28995
2021-09-14T03:00:00.000000000,427.45,400.83782
2021-09-14T04:00:00.000000000,427.38,394.70006
2021-09-14T05:00:00.000000000,423.11,380.61259
2021-09-14T06:00:00.000000000,400.47,358.15326
2021-09-14T07:00:00.000000000,358.14,333.94341
2021-09-14T08:00:00.000000000,319.53,312.3835
2021-09-14T09:00:00.000000000,286.79,296.07343
2021-09-14T10:00:00.000000000,266.22,284.83883
2021-09-14T11:00:00.000000000,259.8,278.05791
2021-09-14T12:00:00.000000000,267.13,276.80903
2021-09-14T13:00:00.000000000,283.57,281.94554
2021-09-14T14:00:00.000000000,308.24,295.27676
2021-09-14T15:00:00.000000000,340.43,315.81775
2021-09-14T16:00:00.000000000,382.13,338.7081
2021-09-14T17:00:00.000000000,411.77,354.79315
2021-09-14T18:00:00.000000000,404.89,357.43193
2021-09-14T19:00:00.000000000,383.76,347.14813
2021-09-14T20:00:00.000000000,367.25,329.12848
2021-09-14T21:00:00.000000000,357.73,307.98443
2021-09-14T22:00:00.000000000,355.05,287.31367
2021-09-14T23:00:00.000000000,360.31,271.15533
2021-09-15T00:00:00.000000000,353.07,293.95948
2021-09-15T01:00:00.000000000,363.37,296.86165
2021-09-15T02:00:00.000000000,367.47,302.93348
2021-09-15T03:00:00.000000000,376.56,309.8256
2021-09-15T04:00:00.000000000,382.18,315.94287
2021-09-15T05:00:00.000000000,382.36,319.00907
2021-09-15T06:00:00.000000000,373.09,316.64801
2021-09-15T07:00:00.000000000,359.96,310.90542
2021-09-15T08:00:00.000000000,349.67,303.75296
2021-09-15T09:00:00.000000000,338.36,298.25616
2021-09-15T10:00:00.000000000,334.05,296.46658
2021-09-15T11:00:00.000000000,331.74,300.32367
2021-09-15T12:00:00.000000000,330.43,311.08476
2021-09-15T13:00:00.000000000,334.15,325.83891
2021-09-15T14:00:00.000000000,344.91,340.83197
2021-09-15T15:00:00.000000000,356.11,352.47973
2021-09-15T16:00:00.000000000,362.77,358.89042
2021-09-15T17:00:00.000000000,369.02,358.32442
2021-09-15T18:00:00.000000000,365.79,350.29854
2021-09-15T19:00:00.000000000,362.84,337.27974
2021-09-15T20:00:00.000000000,358.7,322.8203
2021-09-15T21:00:00.000000000,349.73,309.08214
2021-09-15T22:00:00.000000000,346.14,297.73243
2021-09-15T23:00:00.000000000,351.89,290.49335
2021-09-16T00:00:00.000000000,359.33,302.34546
2021-09-16T01:00:00.000000000,348.76,303.97649
2021-09-16T02:00:00.000000000,345.92,306.48597
2021-09-16T03:00:00.000000000,342.7,308.01444
2021-09-16T04:00:00.000000000,341.93,307.8986
2021-09-16T05:00:00.000000000,348.46,305.44508
2021-09-16T06:00:00.000000000,344.22,299.85294
2021-09-16T07:00:00.000000000,333.43,293.55368
2021-09-16T08:00:00.000000000,313.0,287.49703
2021-09-16T09:00:00.000000000,290.39,282.90646
2021-09-16T10:00:00.000000000,276.16,279.99668
2021-09-16T11:00:00.000000000,271.25,280.07694
2021-09-16T12:00:00.000000000,271.14,285.07665
2021-09-16T13:00:00.000000000,273.28,293.78462
2021-09-16T14:00:00.000000000,283.01,303.83627
2021-09-16T15:00:00.000000000,298.63,312.16759
2021-09-16T16:00:00.000000000,317.93,317.35125
2021-09-16T17:00:00.000000000,337.02,318.56193
2021-09-16T18:00:00.000000000,347.06,316.43996
2021-09-16T19:00:00.000000000,350.53,313.07414
2021-09-16T20:00:00.000000000,352.79,310.07175
2021-09-16T21:00:00.000000000,354.41,307.55435
2021-09-16T22:00:00.000000000,354.79,305.36223
2021-09-16T23:00:00.000000000,358.13,304.43847
2021-09-17T00:00:00.000000000,407.51,324.89195
2021-09-17T01:00:00.000000000,367.25,324.76053
2021-09-17T02:00:00.000000000,371.66,328.87232
2021-09-17T03:00:00.000000000,375.31,335.59976
2021-09-17T04:00:00.000000000,381.48,343.11532
2021-09-17T05:00:00.000000000,388.58,348.06329
2021-09-17T06:00:00.000000000,387.51,346.80451
2021-09-17T07:00:00.000000000,369.35,340.64692
2021-09-17T08:00:00.000000000,345.57,330.97155
2021-09-17T09:00:00.000000000,323.39,320.37503
2021-09-17T10:00:00.000000000,310.95,310.82849
2021-09-17T11:00:00.000000000,305.77,304.65517
2021-09-17T12:00:00.000000000,309.72,304.69575
2021-09-17T13:00:00.000000000,315.93,310.61263
2021-09-17T14:00:00.000000000,327.39,321.31809
2021-09-17T15:00:00.000000000,348.72,335.01415
2021-09-17T16:00:00.000000000,379.0,349.87291
2021-09-17T17:00:00.000000000,410.02,362.28566
2021-09-17T18:00:00.000000000,422.12,369.38945
2021-09-17T19:00:00.000000000,421.52,371.3119
2021-09-17T20:00:00.000000000,421.71,369.37956
2021-09-17T21:00:00.000000000,422.75,364.4561
2021-09-17T22:00:00.000000000,425.48,357.59256
2021-09-17T23:00:00.000000000,424.64,351.26062
2021-09-15T00:00:00.000000000,353.07,354.00853
2021-09-15T01:00:00.000000000,363.37,351.584
2021-09-15T02:00:00.000000000,367.47,350.54699
2021-09-15T03:00:00.000000000,376.56,349.73211
2021-09-15T04:00:00.000000000,382.18,348.68861
2021-09-15T05:00:00.000000000,382.36,346.80459
2021-09-15T06:00:00.000000000,373.09,342.60742
2021-09-15T07:00:00.000000000,359.96,338.20099
2021-09-15T08:00:00.000000000,349.67,334.62298
2021-09-15T09:00:00.000000000,338.36,333.71981
2021-09-15T10:00:00.000000000,334.05,336.26377
2021-09-15T11:00:00.000000000,331.74,342.68081
2021-09-15T12:00:00.000000000,330.43,353.34174
2021-09-15T13:00:00.000000000,334.15,365.42414
2021-09-15T14:00:00.000000000,344.91,376.40399
2021-09-15T15:00:00.000000000,356.11,384.36772
2021-09-15T16:00:00.000000000,362.77,388.82681
2021-09-15T17:00:00.000000000,369.02,388.61057
2021-09-15T18:00:00.000000000,365.79,383.20884
2021-09-15T19:00:00.000000000,362.84,374.13137
2021-09-15T20:00:00.000000000,358.7,363.65415
2021-09-15T21:00:00.000000000,349.73,353.05107
2021-09-15T22:00:00.000000000,346.14,343.61342
2021-09-15T23:00:00.000000000,351.89,336.4578
2021-09-16T00:00:00.000000000,359.33,333.03506
2021-09-16T01:00:00.000000000,348.76,330.52986
2021-09-16T02:00:00.000000000,345.92,329.11563
2021-09-16T03:00:00.000000000,342.7,327.38094
2021-09-16T04:00:00.000000000,341.93,324.83202
2021-09-16T05:00:00.000000000,348.46,320.67156
2021-09-16T06:00:00.000000000,344.22,313.39145
2021-09-16T07:00:00.000000000,333.43,304.82059
2021-09-16T08:00:00.000000000,313.0,295.6141
2021-09-16T09:00:00.000000000,290.39,287.50034
2021-09-16T10:00:00.000000000,276.16,281.71442
2021-09-16T11:00:00.000000000,271.25,279.7862
2021-09-16T12:00:00.000000000,271.14,283.96761
2021-09-16T13:00:00.000000000,273.28,293.39021
2021-09-16T14:00:00.000000000,283.01,306.02953
2021-09-16T15:00:00.000000000,298.63,318.93279
2021-09-16T16:00:00.000000000,317.93,330.25295
2021-09-16T17:00:00.000000000,337.02,338.42634
2021-09-16T18:00:00.000000000,347.06,343.2354
2021-09-16T19:00:00.000000000,350.53,345.5511
2021-09-16T20:00:00.000000000,352.79,346.1486
2021-09-16T21:00:00.000000000,354.41,345.31417
2021-09-16T22:00:00.000000000,354.79,343.34863
2021-09-16T23:00:00.000000000,358.13,341.50944
2021-09-17T00:00:00.000000000,407.51,354.49232
2021-09-17T01:00:00.000000000,367.25,358.4123
2021-09-17T02:00:00.000000000,371.66,364.02547
2021-09-17T03:00:00.000000000,375.31,368.0177
2021-09-17T04:00:00.000000000,381.48,368.53865
2021-09-17T05:00:00.000000000,388.58,364.80091
2021-09-17T06:00:00.000000000,387.51,355.89374
2021-09-17T07:00:00.000000000,369.35,344.49119
2021-09-17T08:00:00.000000000,345.57,332.09749
2021-09-17T09:00:00.000000000,323.39,321.25942
2021-09-17T10:00:00.000000000,310.95,313.9972
2021-09-17T11:00:00.000000000,305.77,312.6707
2021-09-17T12:00:00.000000000,309.72,320.22843
2021-09-17T13:00:00.000000000,315.93,335.61795
2021-09-17T14:00:00.000000000,327.39,355.39564
2021-09-17T15:00:00.000000000,348.72,374.50206
2021-09-17T16:00:00.000000000,379.0,389.22596
2021-09-17T17:00:00.000000000,410.02,397.00729
2021-09-17T18:00:00.000000000,422.12,397.87362
2021-09-17T19:00:00.000000000,421.52,394.20621
2021-09-17T20:00:00.000000000,421.71,388.74715
2021-09-17T21:00:00.000000000,422.75,383.41499
2021-09-17T22:00:00.000000000,425.48,379.60566
2021-09-17T23:00:00.000000000,424.64,378.55212
2021-09-18T00:00:00.000000000,334.26,387.35147
2021-09-18T01:00:00.000000000,423.06,389.04584
2021-09-18T02:00:00.000000000,421.56,393.61551
2021-09-18T03:00:00.000000000,421.88,398.85202
2021-09-18T04:00:00.000000000,420.62,401.78232
2021-09-18T05:00:00.000000000,418.09,399.62832
2021-09-18T06:00:00.000000000,401.54,390.34587
2021-09-18T07:00:00.000000000,366.56,376.36357
2021-09-18T08:00:00.000000000,327.18,359.9562
2021-09-18T09:00:00.000000000,296.16,344.47348
2021-09-18T10:00:00.000000000,277.36,332.06106
2021-09-18T11:00:00.000000000,271.42,323.4203
2021-09-18T12:00:00.000000000,267.32,320.01585
2021-09-18T13:00:00.000000000,278.26,321.74005
2021-09-18T14:00:00.000000000,303.72,328.43541
2021-09-18T15:00:00.000000000,335.03,338.12611
2021-09-18T16:00:00.000000000,368.81,347.99488
2021-09-18T17:00:00.000000000,399.22,353.5314
2021-09-18T18:00:00.000000000,400.37,351.72367
2021-09-18T19:00:00.000000000,389.84,342.91468
2021-09-18T20:00:00.000000000,379.58,330.16851
2021-09-18T21:00:00.000000000,364.85,317.03632
2021-09-18T22:00:00.000000000,342.85,306.55718
2021-09-18T23:00:00.000000000,313.96,300.79547
2021-09-16T00:00:00.000000000,359.33,345.45017
2021-09-16T01:00:00.000000000,348.76,335.36495
2021-09-16T02:00:00.000000000,345.92,328.05132
2021-09-16T03:00:00.000000000,342.7,323.49594
2021-09-16T04:00:00.000000000,341.93,321.66135
2021-09-16T05:00:00.000000000,348.46,320.69719
2021-09-16T06:00:00.000000000,344.22,317.16413
2021-09-16T07:00:00.000000000,333.43,311.07221
2021-09-16T08:00:00.000000000,313.0,301.89628
2021-09-16T09:00:00.000000000,290.39,291.05721
2021-09-16T10:00:00.000000000,276.16,280.29645
2021-09-16T11:00:00.000000000,271.25,271.27236
2021-09-16T12:00:00.000000000,271.14,266.49039
2021-09-16T13:00:00.000000000,273.28,266.15325
2021-09-16T14:00:00.000000000,283.01,270.64039
2021-09-16T15:00:00.000000000,298.63,280.19812
2021-09-16T16:00:00.000000000,317.93,295.15005
2021-09-16T17:00:00.000000000,337.02,313.31437
2021-09-16T18:00:00.000000000,347.06,331.47494
2021-09-16T19:00:00.000000000,350.53,346.52455
2021-09-16T20:00:00.000000000,352.79,355.88567
2021-09-16T21:00:00.000000000,354.41,358.38144
2021-09-16T22:00:00.000000000,354.79,354.51711
2021-09-16T23:00:00.000000000,358.13,347.26616
2021-09-17T00:00:00.000000000,407.51,353.77261
2021-09-17T01:00:00.000000000,367.25,357.15262
2021-09-17T02:00:00.000000000,371.66,362.30206
2021-09-17T03:00:00.000000000,375.31,365.59813
2021-09-17T04:00:00.000000000,381.48,365.17784
2021-09-17T05:00:00.000000000,388.58,360.43129
2021-09-17T06:00:00.000000000,387.51,350.58453
2021-09-17T07:00:00.000000000,369.35,338.49209
2021-09-17T08:00:00.000000000,345.57,325.69398
2021-09-17T09:00:00.000000000,323.39,314.84011
2021-09-17T10:00:00.000000000,310.95,308.17022
2021-09-17T11:00:00.000000000,305.77,308.24619
2021-09-17T12:00:00.000000000,309.72,318.11829
2021-09-17T13:00:00.000000000,315.93,336.5389
2021-09-17T14:00:00.000000000,327.39,359.74876
2021-09-17T15:00:00.000000000,348.72,382.43947
2021-09-17T16:00:00.000000000,379.0,400.59618
2021-09-17T17:00:00.000000000,410.02,411.3247
2021-09-17T18:00:00.000000000,422.12,414.33752
2021-09-17T19:00:00.000000000,421.52,411.93733
2021-09-17T20:00:00.000000000,421.71,406.94944
2021-09-17T21:00:00.000000000,422.75,401.43782
2021-09-17T22:00:00.000000000,425.48,396.99782
2021-09-17T23:00:00.000000000,424.64,395.05539
2021-09-18T00:00:00.000000000,334.26,401.24055
2021-09-18T01:00:00.000000000,423.06,405.67332
2021-09-18T02:00:00.000000000,421.56,410.63307
2021-09-18T03:00:00.000000000,421.88,412.46172
2021-09-18T04:00:00.000000000,420.62,408.53799
2021-09-18T05:00:00.000000000,418.09,398.56166
2021-09-18T06:00:00.000000000,401.54,382.89144
2021-09-18T07:00:00.000000000,366.56,364.93665
2021-09-18T08:00:00.000000000,327.18,346.81526
2021-09-18T09:00:00.000000000,296.16,331.38256
2021-09-18T10:00:00.000000000,277.36,320.58965
2021-09-18T11:00:00.000000000,271.42,315.00864
2021-09-18T12:00:00.000000000,267.32,315.80636
2021-09-18T13:00:00.000000000,278.26,322.02138
2021-09-18T14:00:00.000000000,303.72,331.77277
2021-09-18T15:00:00.000000000,335.03,341.46668
2021-09-18T16:00:00.000000000,368.81,348.24039
2021-09-18T17:00:00.000000000,399.22,349.52988
2021-09-18T18:00:00.000000000,400.37,344.82709
2021-09-18T19:00:00.000000000,389.84,335.2164
2021-09-18T20:00:00.000000000,379.58,323.10517
2021-09-18T21:00:00.000000000,364.85,311.73627
2021-09-18T22:00:00.000000000,342.85,304.26536
2021-09-18T23:00:00.000000000,313.96,302.51564
2021-09-19T00:00:00.000000000,377.38,298.19026
2021-09-19T01:00:00.000000000,302.29,301.61872
2021-09-19T02:00:00.000000000,298.88,306.64486
2021-09-19T03:00:00.000000000,294.64,309.78685
2021-09-19T04:00:00.000000000,299.44,308.87055
2021-09-19T05:00:00.000000000,308.63,303.14006
2021-09-19T06:00:00.000000000,299.49,292.01254
2021-09-19T07:00:00.000000000,285.13,278.03205
2021-09-19T08:00:00.000000000,276.92,262.70846
2021-09-19T09:00:00.000000000,263.56,248.71204
2021-09-19T10:00:00.000000000,253.55,238.24483
2021-09-19T11:00:00.000000000,254.22,233.49241
2021-09-19T12:00:00.000000000,262.52,237.31912
2021-09-19T13:00:00.000000000,274.31,249.91814
2021-09-19T14:00:00.000000000,290.76,269.05102
2021-09-19T15:00:00.000000000,322.53,290.06484
2021-09-19T16:00:00.000000000,352.94,308.74935
2021-09-19T17:00:00.000000000,376.72,321.8953
2021-09-19T18:00:00.000000000,381.06,328.99542
2021-09-19T19:00:00.000000000,379.8,331.25382
2021-09-19T20:00:00.000000000,380.85,330.31696
2021-09-19T21:00:00.000000000,386.57,328.45322
2021-09-19T22:00:00.000000000,391.16,327.50457
2021-09-19T23:00:00.000000000,396.49,328.68034
2021-09-17T00:00:00.000000000,407.51,351.59703
2021-09-17T01:00:00.000000000,367.25,349.15107
2021-09-17T02:00:00.000000000,371.66,351.66822
2021-09-17T03:00:00.000000000,375.31,357.52846
2021-09-17T04:00:00.000000000,381.48,364.43055
2021-09-17T05:00:00.000000000,388.58,368.48626
2021-09-17T06:00:00.000000000,387.51,365.59054
2021-09-17T07:00:00.000000000,369.35,357.0063
2021-09-17T08:00:00.000000000,345.57,344.3816
2021-09-17T09:00:00.000000000,323.39,330.89247
2021-09-17T10:00:00.000000000,310.95,318.97061
2021-09-17T11:00:00.000000000,305.77,310.63001
2021-09-17T12:00:00.000000000,309.72,308.67715
2021-09-17T13:00:00.000000000,315.93,313.33931
2021-09-17T14:00:00.000000000,327.39,324.61411
2021-09-17T15:00:00.000000000,348.72,341.60448
2021-09-17T16:00:00.000000000,379.0,362.51923
2021-09-17T17:00:00.000000000,410.02,382.6881
2021-09-17T18:00:00.000000000,422.12,397.64245
2021-09-17T19:00:00.000000000,421.52,406.07157
2021-09-17T20:00:00.000000000,421.71,408.54181
2021-09-17T21:00:00.000000000,422.75,405.99227
2021-09-17T22:00:00.000000000,425.48,399.70763
2021-09-17T23:00:00.000000000,424.64,392.48993
2021-09-18T00:00:00.000000000,334.26,391.5477
2021-09-18T01:00:00.000000000,423.06,392.54472
2021-09-18T02:00:00.000000000,421.56,394.73897
2021-09-18T03:00:00.000000000,421.88,395.07191
2021-09-18T04:00:00.000000000,420.62,390.83092
2021-09-18T05:00:00.000000000,418.09,380.86921
2021-09-18T06:00:00.000000000,401.54,365.01938
2021-09-18T07:00:00.000000000,366.56,346.84706
2021-09-18T08:00:00.000000000,327.18,328.57272
2021-09-18T09:00:00.000000000,296.16,312.94874
2021-09-18T10:00:00.000000000,277.36,301.66858
2021-09-18T11:00:00.000000000,271.42,295.55144
2021-09-18T12:00:00.000000000,267.32,296.30632
2021-09-18T13:00:00.000000000,278.26,303.7244
2021-09-18T14:00:00.000000000,303.72,316.41477
2021-09-18T15:00:00.000000000,335.03,330.6183
2021-09-18T16:00:00.000000000,368.81,342.45627
2021-09-18T17:00:00.000000000,399.22,348.04608
2021-09-18T18:00:00.000000000,400.37,346.11635
2021-09-18T19:00:00.000000000,389.84,337.91015
2021-09-18T20:00:00.000000000,379.58,326.34357
2021-09-18T21:00:00.000000000,364.85,314.80489
2021-09-18T22:00:00.000000000,342.85,306.17686
2021-09-18T23:00:00.000000000,313.96,302.30853
2021-09-19T00:00:00.000000000,377.38,300.61543
2021-09-19T01:00:00.000000000,302.29,306.05123
2021-09-19T02:00:00.000000000,298.88,312.31239
2021-09-19T03:00:00.000000000,294.64,315.65865
2021-09-19T04:00:00.000000000,299.44,314.02052
2021-09-19T05:00:00.000000000,308.63,307.1671
2021-09-19T06:00:00.000000000,299.49,295.27777
2021-09-19T07:00:00.000000000,285.13,281.48765
2021-09-19T08:00:00.000000000,276.92,267.48132
2021-09-19T09:00:00.000000000,263.56,255.72478
2021-09-19T10:00:00.000000000,253.55,248.04138
2021-09-19T11:00:00.000000000,254.22,246.4064
2021-09-19T12:00:00.000000000,262.52,253.55773
2021-09-19T13:00:00.000000000,274.31,269.18562
2021-09-19T14:00:00.000000000,290.76,290.06234
2021-09-19T15:00:00.000000000,322.53,310.27443
2021-09-19T16:00:00.000000000,352.94,324.94786
2021-09-19T17:00:00.000000000,376.72,331.62271
2021-09-19T18:00:00.000000000,381.06,331.51848
2021-09-19T19:00:00.000000000,379.8,327.59263
2021-09-19T20:00:00.000000000,380.85,322.64582
2021-09-19T21:00:00.000000000,386.57,319.1604
2021-09-19T22:00:00.000000000,391.16,318.66791
2021-09-19T23:00:00.000000000,396.49,321.6492
2021-09-20T00:00:00.000000000,433.25,333.69618
2021-09-20T01:00:00.000000000,401.12,337.82269
2021-09-20T02:00:00.000000000,403.26,344.00067
2021-09-20T03:00:00.000000000,405.21,349.17496
2021-09-20T04:00:00.000000000,408.61,351.88299
2021-09-20T05:00:00.000000000,415.96,351.10034
2021-09-20T06:00:00.000000000,413.36,345.44981
2021-09-20T07:00:00.000000000,400.65,337.4575
2021-09-20T08:00:00.000000000,384.74,328.47614
2021-09-20T09:00:00.000000000,358.42,320.54136
2021-09-20T10:00:00.000000000,341.79,315.031
2021-09-20T11:00:00.000000000,338.46,314.07638
2021-09-20T12:00:00.000000000,341.3,320.72471
2021-09-20T13:00:00.000000000,347.01,334.09882
2021-09-20T14:00:00.000000000,362.5,351.34292
2021-09-20T15:00:00.000000000,384.25,368.48467
2021-09-20T16:00:00.000000000,410.44,382.84499
2021-09-20T17:00:00.000000000,431.9,392.42565
2021-09-20T18:00:00.000000000,438.88,397.28912
2021-09-20T19:00:00.000000000,441.82,399.49126
2021-09-20T20:00:00.000000000,443.35,400.59066
2021-09-20T21:00:00.000000000,444.87,401.0063
2021-09-20T22:00:00.000000000,446.59,400.97152
2021-09-20T23:00:00.000000000,445.57,401.60102
2021-09-18T00:00:00.000000000,334.26,410.37074
2021-09-18T01:00:00.000000000,423.06,406.08521
2021-09-18T02:00:00.000000000,421.56,404.16407
2021-09-18T03:00:00.000000000,421.88,402.64269
2021-09-18T04:00:00.000000000,420.62,398.81984
2021-09-18T05:00:00.000000000,418.09,390.28207
2021-09-18T06:00:00.000000000,401.54,375.84371
2021-09-18T07:00:00.000000000,366.56,359.03727
2021-09-18T08:00:00.000000000,327.18,342.10408
2021-09-18T09:00:00.000000000,296.16,327.59867
2021-09-18T10:00:00.000000000,277.36,316.69552
2021-09-18T11:00:00.000000000,271.42,309.74964
2021-09-18T12:00:00.000000000,267.32,308.38168
2021-09-18T13:00:00.000000000,278.26,312.96299
2021-09-18T14:00:00.000000000,303.72,323.69607
2021-09-18T15:00:00.000000000,335.03,338.53497
2021-09-18T16:00:00.000000000,368.81,353.95363
2021-09-18T17:00:00.000000000,399.22,364.3663
2021-09-18T18:00:00.000000000,400.37,366.09032
2021-09-18T19:00:00.000000000,389.84,359.30753
2021-09-18T20:00:00.000000000,379.58,347.11934
2021-09-18T21:00:00.000000000,364.85,333.00131
2021-09-18T22:00:00.000000000,342.85,319.93842
2021-09-18T23:00:00.000000000,313.96,310.47835
2021-09-19T00:00:00.000000000,377.38,306.32846
2021-09-19T01:00:00.000000000,302.29,311.71977
2021-09-19T02:00:00.000000000,298.88,318.05551
2021-09-19T03:00:00.000000000,294.64,321.12813
2021-09-19T04:00:00.000000000,299.44,318.55953
2021-09-19T05:00:00.000000000,308.63,310.26745
2021-09-19T06:00:00.000000000,299.49,296.55598
2021-09-19T07:00:00.000000000,285.13,280.55944
2021-09-19T08:00:00.000000000,276.92,263.99842
2021-09-19T09:00:00.000000000,263.56,249.62942
2021-09-19T10:00:00.000000000,253.55,239.75717
2021-09-19T11:00:00.000000000,254.22,236.63791
2021-09-19T12:00:00.000000000,262.52,243.28555
2021-09-19T13:00:00.000000000,274.31,259.68281
2021-09-19T14:00:00.000000000,290.76,282.65761
2021-09-19T15:00:00.000000000,322.53,306.042
2021-09-19T16:00:00.000000000,352.94,324.46131
2021-09-19T17:00:00.000000000,376.72,334.90843
2021-09-19T18:00:00.000000000,381.06,338.16773
2021-09-19T19:00:00.000000000,379.8,336.6745
2021-09-19T20:00:00.000000000,380.85,332.93789
2021-09-19T21:00:00.000000000,386.57,329.81374
2021-09-19T22:00:00.000000000,391.16,329.36127
2021-09-19T23:00:00.000000000,396.49,332.36088
2021-09-20T00:00:00.000000000,433.25,353.80124
2021-09-20T01:00:00.000000000,401.12,358.87555
2021-09-20T02:00:00.000000000,403.26,365.58409
2021-09-20T03:00:00.000000000,405.21,370.95114
2021-09-20T04:00:00.000000000,408.61,373.145
2021-09-20T05:00:00.000000000,415.96,370.91575
2021-09-20T06:00:00.000000000,413.36,362.83527
2021-09-20T07:00:00.000000000,400.65,351.45865
2021-09-20T08:00:00.000000000,384.74,338.56533
2021-09-20T09:00:00.000000000,358.42,326.79424
2021-09-20T10:00:00.000000000,341.79,317.95199
2021-09-20T11:00:00.000000000,338.46,313.97101
2021-09-20T12:00:00.000000000,341.3,317.69122
2021-09-20T13:00:00.000000000,347.01,328.47078
2021-09-20T14:00:00.000000000,362.5,343.6965
2021-09-20T15:00:00.000000000,384.25,359.26725
2021-09-20T16:00:00.000000000,410.44,372.30738
2021-09-20T17:00:00.000000000,431.9,380.82029
2021-09-20T18:00:00.000000000,438.88,385.12337
2021-09-20T19:00:00.000000000,441.82,387.19645
2021-09-20T20:00:00.000000000,443.35,388.63622
2021-09-20T21:00:00.000000000,444.87,390.23052
2021-09-20T22:00:00.000000000,446.59,392.26139
2021-09-20T23:00:00.000000000,445.57,395.39149
2021-09-21T00:00:00.000000000,381.42,417.69277
2021-09-21T01:00:00.000000000,436.19,413.23486
2021-09-21T02:00:00.000000000,427.91,412.48808
2021-09-21T03:00:00.000000000,423.61,414.35523
2021-09-21T04:00:00.000000000,419.53,415.97637
2021-09-21T05:00:00.000000000,414.15,413.43598
2021-09-21T06:00:00.000000000,403.65,403.42627
2021-09-21T07:00:00.000000000,379.16,388.26845
2021-09-21T08:00:00.000000000,349.32,370.45834
2021-09-21T09:00:00.000000000,313.56,353.41652
2021-09-21T10:00:00.000000000,287.41,339.09606
2021-09-21T11:00:00.000000000,278.75,327.97953
2021-09-21T12:00:00.000000000,274.06,321.61806
2021-09-21T13:00:00.000000000,280.07,320.58517
2021-09-21T14:00:00.000000000,291.93,326.16515
2021-09-21T15:00:00.000000000,319.95,338.10673
2021-09-21T16:00:00.000000000,357.43,354.3503
2021-09-21T17:00:00.000000000,384.95,369.26853
2021-09-21T18:00:00.000000000,390.77,377.93901
2021-09-21T19:00:00.000000000,388.92,379.00586
2021-09-21T20:00:00.000000000,382.64,374.14645
2021-09-21T21:00:00.000000000,375.65,365.86383
2021-09-21T22:00:00.000000000,370.21,356.44103
2021-09-21T23:00:00.000000000,367.61,348.29956
2021-09-19T00:00:00.000000000,377.38,301.9974
2021-09-19T01:00:00.000000000,302.29,308.83632
2021-09-19T02:00:00.000000000,298.88,317.87488
2021-09-19T03:00:00.000000000,294.64,324.65034
2021-09-19T04:00:00.000000000,299.44,326.04073
2021-09-19T05:00:00.000000000,308.63,320.68846
2021-09-19T06:00:00.000000000,299.49,308.07626
2021-09-19T07:00:00.000000000,285.13,291.66384
2021-09-19T08:00:00.000000000,276.92,274.14179
2021-09-19T09:00:00.000000000,263.56,259.09764
2021-09-19T10:00:00.000000000,253.55,249.32056
2021-09-19T11:00:00.000000000,254.22,247.10815
2021-09-19T12:00:00.000000000,262.52,255.29008
2021-09-19T13:00:00.000000000,274.31,273.64794
2021-09-19T14:00:00.000000000,290.76,299.03279
2021-09-19T15:00:00.000000000,322.53,325.40465
2021-09-19T16:00:00.000000000,352.94,346.82151
2021-09-19T17:00:00.000000000,376.72,359.00659
2021-09-19T18:00:00.000000000,381.06,361.77918
2021-09-19T19:00:00.000000000,379.8,357.96335
2021-09-19T20:00:00.000000000,380.85,351.14411
2021-09-19T21:00:00.000000000,386.57,344.96481
2021-09-19T22:00:00.000000000,391.16,342.00086
2021-09-19T23:00:00.000000000,396.49,343.27224
2021-09-20T00:00:00.000000000,433.25,364.4596
2021-09-20T01:00:00.000000000,401.12,370.51574
2021-09-20T02:00:00.000000000,403.26,377.50112
2021-09-20T03:00:00.000000000,405.21,382.09953
2021-09-20T04:00:00.000000000,408.61,382.51415
2021-09-20T05:00:00.000000000,415.96,378.18789
2021-09-20T06:00:00.000000000,413.36,368.51194
2021-09-20T07:00:00.000000000,400.65,356.59096
2021-09-20T08:00:00.000000000,384.74,344.38813
2021-09-20T09:00:00.000000000,358.42,334.5694
2021-09-20T10:00:00.000000000,341.79,328.67994
2021-09-20T11:00:00.000000000,338.46,328.24318
2021-09-20T12:00:00.000000000,341.3,335.6537
2021-09-20T13:00:00.000000000,347.01,349.68513
2021-09-20T14:00:00.000000000,362.5,367.11977
2021-09-20T15:00:00.000000000,384.25,383.27596
2021-09-20T16:00:00.000000000,410.44,395.06809
2021-09-20T17:00:00.000000000,431.9,400.86878
2021-09-20T18:00:00.000000000,438.88,401.71296
2021-09-20T19:00:00.000000000,441.82,400.41662
2021-09-20T20:00:00.000000000,443.35,399.40411
2021-09-20T21:00:00.000000000,444.87,399.86407
2021-09-20T22:00:00.000000000,446.59,402.08151
2021-09-20T23:00:00.000000000,445.57,406.12295
2021-09-21T00:00:00.000000000,381.42,430.86518
2021-09-21T01:00:00.000000000,436.19,427.69263
2021-09-21T02:00:00.000000000,427.91,426.40742
2021-09-21T03:00:00.000000000,423.61,425.03772
2021-09-21T04:00:00.000000000,419.53,421.20939
2021-09-21T05:00:00.000000000,414.15,412.83005
2021-09-21T06:00:00.000000000,403.65,398.37582
2021-09-21T07:00:00.000000000,379.16,381.07344
2021-09-21T08:00:00.000000000,349.32,363.20052
2021-09-21T09:00:00.000000000,313.56,347.49465
2021-09-21T10:00:00.000000000,287.41,335.28526
2021-09-21T11:00:00.000000000,278.75,327.1354
2021-09-21T12:00:00.000000000,274.06,324.80556
2021-09-21T13:00:00.000000000,280.07,328.37325
2021-09-21T14:00:00.000000000,291.93,337.79368
2021-09-21T15:00:00.000000000,319.95,351.49422
2021-09-21T16:00:00.000000000,357.43,367.26063
2021-09-21T17:00:00.000000000,384.95,380.85429
2021-09-21T18:00:00.000000000,390.77,389.26117
2021-09-21T19:00:00.000000000,388.92,392.0285
2021-09-21T20:00:00.000000000,382.64,390.41612
2021-09-21T21:00:00.000000000,375.65,386.09813
2021-09-21T22:00:00.000000000,370.21,380.56703
2021-09-21T23:00:00.000000000,367.61,375.80202
2021-09-22T00:00:00.000000000,302.65,403.90629
2021-09-22T01:00:00.000000000,365.06,399.08511
2021-09-22T02:00:00.000000000,374.64,397.52548
2021-09-22T03:00:00.000000000,392.54,397.91162
2021-09-22T04:00:00.000000000,405.66,397.64635
2021-09-22T05:00:00.000000000,414.3,393.38573
2021-09-22T06:00:00.000000000,408.54,382.48531
2021-09-22T07:00:00.000000000,382.8,367.48656
2021-09-22T08:00:00.000000000,352.23,350.56368
2021-09-22T09:00:00.000000000,324.1,334.74286
2021-09-22T10:00:00.000000000,300.95,321.72128
2021-09-22T11:00:00.000000000,284.96,312.12564
2021-09-22T12:00:00.000000000,279.01,307.7162
2021-09-22T13:00:00.000000000,279.58,309.00334
2021-09-22T14:00:00.000000000,295.04,316.78244
2021-09-22T15:00:00.000000000,317.68,330.09381
2021-09-22T16:00:00.000000000,350.06,346.40395
2021-09-22T17:00:00.000000000,375.99,360.26607
2021-09-22T18:00:00.000000000,367.99,367.23766
2021-09-22T19:00:00.000000000,358.62,366.43383
2021-09-22T20:00:00.000000000,347.22,359.85382
2021-09-22T21:00:00.000000000,331.28,350.13555
2021-09-22T22:00:00.000000000,309.89,339.64517
2021-09-22T23:00:00.000000000,291.52,330.92941
2021-09-20T00:00:00.000000000,433.25,379.51074
2021-09-20T01:00:00.000000000,401.12,376.51968
2021-09-20T02:00:00.000000000,403.26,376.34659
2021-09-20T03:00:00.000000000,405.21,377.98607
2021-09-20T04:00:00.000000000,408.61,380.72198
2021-09-20T05:00:00.000000000,415.96,382.77001
2021-09-20T06:00:00.000000000,413.36,381.21407
2021-09-20T07:00:00.000000000,400.65,377.23137
2021-09-20T08:00:00.000000000,384.74,371.23065
2021-09-20T09:00:00.000000000,358.42,364.77723
2021-09-20T10:00:00.000000000,341.79,358.7523
2021-09-20T11:00:00.000000000,338.46,354.35672
2021-09-20T12:00:00.000000000,341.3,354.08349
2021-09-20T13:00:00.000000000,347.01,357.55884
2021-09-20T14:00:00.000000000,362.5,364.358
2021-09-20T15:00:00.000000000,384.25,373.851
2021-09-20T16:00:00.000000000,410.44,385.8951
2021-09-20T17:00:00.000000000,431.9,398.36841
2021-09-20T18:00:00.000000000,438.88,408.90842
2021-09-20T19:00:00.000000000,441.82,416.8724
2021-09-20T20:00:00.000000000,443.35,422.14572
2021-09-20T21:00:00.000000000,444.87,424.09253
2021-09-20T22:00:00.000000000,446.59,422.46232
2021-09-20T23:00:00.000000000,445.57,418.74312
2021-09-21T00:00:00.000000000,381.42,424.62699
2021-09-21T01:00:00.000000000,436.19,421.14536
2021-09-21T02:00:00.000000000,427.91,419.67204
2021-09-21T03:00:00.000000000,423.61,417.93183
2021-09-21T04:00:00.000000000,419.53,413.13577
2021-09-21T05:00:00.000000000,414.15,403.03738
2021-09-21T06:00:00.000000000,403.65,386.6013
2021-09-21T07:00:00.000000000,379.16,367.75276
2021-09-21T08:00:00.000000000,349.32,349.11882
2021-09-21T09:00:00.000000000,313.56,333.38917
2021-09-21T10:00:00.000000000,287.41,321.62846
2021-09-21T11:00:00.000000000,278.75,314.19366
2021-09-21T12:00:00.000000000,274.06,312.7133
2021-09-21T13:00:00.000000000,280.07,317.42871
2021-09-21T14:00:00.000000000,291.93,328.48482
2021-09-21T15:00:00.000000000,319.95,344.09134
2021-09-21T16:00:00.000000000,357.43,361.24179
2021-09-21T17:00:00.000000000,384.95,374.74036
2021-09-21T18:00:00.000000000,390.77,381.09416
2021-09-21T19:00:00.000000000,388.92,380.21634
2021-09-21T20:00:00.000000000,382.64,374.30249
2021-09-21T21:00:00.000000000,375.65,365.87635
2021-09-21T22:00:00.000000000,370.21,357.08677
2021-09-21T23:00:00.000000000,367.61,350.26459
2021-09-22T00:00:00.000000000,302.65,379.6642
2021-09-22T01:00:00.000000000,365.06,377.8168
2021-09-22T02:00:00.000000000,374.64,378.37876
2021-09-22T03:00:00.000000000,392.54,379.09414
2021-09-22T04:00:00.000000000,405.66,377.67559
2021-09-22T05:00:00.000000000,414.3,372.03738
2021-09-22T06:00:00.000000000,408.54,360.53308
2021-09-22T07:00:00.000000000,382.8,345.82512
2021-09-22T08:00:00.000000000,352.23,329.68224
2021-09-22T09:00:00.000000000,324.1,314.77929
2021-09-22T10:00:00.000000000,300.95,302.93955
2021-09-22T11:00:00.000000000,284.96,295.66042
2021-09-22T12:00:00.000000000,279.01,295.39713
2021-09-22T13:00:00.000000000,279.58,302.25915
2021-09-22T14:00:00.000000000,295.04,315.30856
2021-09-22T15:00:00.000000000,317.68,331.66197
2021-09-22T16:00:00.000000000,350.06,348.04869
2021-09-22T17:00:00.000000000,375.99,360.1641
2021-09-22T18:00:00.000000000,367.99,365.49272
2021-09-22T19:00:00.000000000,358.62,364.32522
2021-09-22T20:00:00.000000000,347.22,358.66846
2021-09-22T21:00:00.000000000,331.28,350.82414
2021-09-22T22:00:00.000000000,309.89,342.88774
2021-09-22T23:00:00.000000000,291.52,337.14566
2021-09-23T00:00:00.000000000,219.14,314.76662
2021-09-23T01:00:00.000000000,262.08,322.45032
2021-09-23T02:00:00.000000000,249.47,329.96919
2021-09-23T03:00:00.000000000,244.15,332.70546
2021-09-23T04:00:00.000000000,255.83,326.65409
2021-09-23T05:00:00.000000000,265.1,310.95979
2021-09-23T06:00:00.000000000,255.87,286.83972
2021-09-23T07:00:00.000000000,233.72,258.46821
2021-09-23T08:00:00.000000000,199.82,228.66498
2021-09-23T09:00:00.000000000,159.81,200.50976
2021-09-23T10:00:00.000000000,126.29,176.50773
2021-09-23T11:00:00.000000000,110.91,159.50223
2021-09-23T12:00:00.000000000,112.19,151.25957
2021-09-23T13:00:00.000000000,114.18,150.85179
2021-09-23T14:00:00.000000000,117.89,156.8196
2021-09-23T15:00:00.000000000,140.92,165.59907
2021-09-23T16:00:00.000000000,176.7,173.88022
2021-09-23T17:00:00.000000000,192.2,178.91143
2021-09-23T18:00:00.000000000,192.35,179.56497
2021-09-23T19:00:00.000000000,187.45,175.86132
2021-09-23T20:00:00.000000000,186.63,169.36916
2021-09-23T21:00:00.000000000,192.87,162.4174
2021-09-23T22:00:00.000000000,198.09,157.19349
2021-09-23T23:00:00.000000000,209.93,156.90676
2021-09-21T00:00:00.000000000,381.42,441.29732
2021-09-21T01:00:00.000000000,436.19,428.87124
2021-09-21T02:00:00.000000000,427.91,419.78492
2021-09-21T03:00:00.000000000,423.61,413.49887
2021-09-21T04:00:00.000000000,419.53,407.50631
2021-09-21T05:00:00.000000000,414.15,397.72419
2021-09-21T06:00:00.000000000,403.65,381.64443
2021-09-21T07:00:00.000000000,379.16,363.06611
2021-09-21T08:00:00.000000000,349.32,344.54978
2021-09-21T09:00:00.000000000,313.56,328.2881
2021-09-21T10:00:00.000000000,287.41,314.60641
2021-09-21T11:00:00.000000000,278.75,303.3392
2021-09-21T12:00:00.000000000,274.06,295.72784
2021-09-21T13:00:00.000000000,280.07,292.58843
2021-09-21T14:00:00.000000000,291.93,296.65249
2021-09-21T15:00:00.000000000,319.95,309.58528
2021-09-21T16:00:00.000000000,357.43,330.07736
2021-09-21T17:00:00.000000000,384.95,350.99913
2021-09-21T18:00:00.000000000,390.77,364.88818
2021-09-21T19:00:00.000000000,388.92,368.9254
2021-09-21T20:00:00.000000000,382.64,364.23212
2021-09-21T21:00:00.000000000,375.65,352.63235
2021-09-21T22:00:00.000000000,370.21,336.39415
2021-09-21T23:00:00.000000000,367.61,319.92837
2021-09-22T00:00:00.000000000,302.65,342.59702
2021-09-22T01:00:00.000000000,365.06,339.54535
2021-09-22T02:00:00.000000000,374.64,340.328
2021-09-22T03:00:00.000000000,392.54,342.38331
2021-09-22T04:00:00.000000000,405.66,342.7118
2021-09-22T05:00:00.000000000,414.3,337.99376
2021-09-22T06:00:00.000000000,408.54,325.99449
2021-09-22T07:00:00.000000000,382.8,309.53534
2021-09-22T08:00:00.000000000,352.23,290.96082
2021-09-22T09:00:00.000000000,324.1,273.54943
2021-09-22T10:00:00.000000000,300.95,259.76149
2021-09-22T11:00:00.000000000,284.96,251.48926
2021-09-22T12:00:00.000000000,279.01,251.2754
2021-09-22T13:00:00.000000000,279.58,259.46949
2021-09-22T14:00:00.000000000,295.04,275.44775
2021-09-22T15:00:00.000000000,317.68,296.46081
2021-09-22T16:00:00.000000000,350.06,318.49022
2021-09-22T17:00:00.000000000,375.99,335.77892
2021-09-22T18:00:00.000000000,367.99,344.43852
2021-09-22T19:00:00.000000000,358.62,344.22466
2021-09-22T20:00:00.000000000,347.22,337.30853
2021-09-22T21:00:00.000000000,331.28,326.57952
2021-09-22T22:00:00.000000000,309.89,314.93249
2021-09-22T23:00:00.000000000,291.52,305.71047
2021-09-23T00:00:00.000000000,219.14,298.47385
2021-09-23T01:00:00.000000000,262.08,294.8885
2021-09-23T02:00:00.000000000,249.47,291.77312
2021-09-23T03:00:00.000000000,244.15,287.45804
2021-09-23T04:00:00.000000000,255.83,279.5774
2021-09-23T05:00:00.000000000,265.1,265.79697
2021-09-23T06:00:00.000000000,255.87,245.29623
2021-09-23T07:00:00.000000000,233.72,221.79731
2021-09-23T08:00:00.000000000,199.82,198.05902
2021-09-23T09:00:00.000000000,159.81,177.24982
2021-09-23T10:00:00.000000000,126.29,160.85885
2021-09-23T11:00:00.000000000,110.91,150.15178
2021-09-23T12:00:00.000000000,112.19,146.24054
2021-09-23T13:00:00.000000000,114.18,148.84747
2021-09-23T14:00:00.000000000,117.89,157.66406
2021-09-23T15:00:00.000000000,140.92,170.26978
2021-09-23T16:00:00.000000000,176.7,183.37639
2021-09-23T17:00:00.000000000,192.2,193.15794
2021-09-23T18:00:00.000000000,192.35,197.62939
2021-09-23T19:00:00.000000000,187.45,196.5919
2021-09-23T20:00:00.000000000,186.63,191.85506
2021-09-23T21:00:00.000000000,192.87,186.01671
2021-09-23T22:00:00.000000000,198.09,180.57963
2021-09-23T23:00:00.000000000,209.93,177.63727
2021-09-24T00:00:00.000000000,274.32,188.03395
2021-09-24T01:00:00.000000000,207.19,186.68292
2021-09-24T02:00:00.000000000,211.85,190.0328
2021-09-24T03:00:00.000000000,229.78,196.83274
2021-09-24T04:00:00.000000000,261.07,205.16102
2021-09-24T05:00:00.000000000,278.74,211.46381
2021-09-24T06:00:00.000000000,276.3,212.51588
2021-09-24T07:00:00.000000000,263.41,208.80166
2021-09-24T08:00:00.000000000,244.12,201.35325
2021-09-24T09:00:00.000000000,228.97,193.22813
2021-09-24T10:00:00.000000000,216.57,186.39063
2021-09-24T11:00:00.000000000,213.38,182.16638
2021-09-24T12:00:00.000000000,216.19,181.97558
2021-09-24T13:00:00.000000000,215.94,186.24218
2021-09-24T14:00:00.000000000,228.25,195.57809
2021-09-24T15:00:00.000000000,247.77,209.34404
2021-09-24T16:00:00.000000000,273.2,225.89021
2021-09-24T17:00:00.000000000,297.89,241.5842
2021-09-24T18:00:00.000000000,298.85,252.80455
2021-09-24T19:00:00.000000000,293.8,258.19289
2021-09-24T20:00:00.000000000,290.03,258.26611
2021-09-24T21:00:00.000000000,284.99,254.769
2021-09-24T22:00:00.000000000,283.27,249.3531
2021-09-24T23:00:00.000000000,290.65,244.0197
2021-09-22T00:00:00.000000000,302.65,380.4766
2021-09-22T01:00:00.000000000,365.06,375.83381
2021-09-22T02:00:00.000000000,374.64,377.2446
2021-09-22T03:00:00.000000000,392.54,382.87874
2021-09-22T04:00:00.000000000,405.66,388.33225
2021-09-22T05:00:00.000000000,414.3,387.86723
2021-09-22T06:00:00.000000000,408.54,377.9715
2021-09-22T07:00:00.000000000,382.8,361.98521
2021-09-22T08:00:00.000000000,352.23,343.38066
2021-09-22T09:00:00.000000000,324.1,325.98093
2021-09-22T10:00:00.000000000,300.95,311.6949
2021-09-22T11:00:00.000000000,284.96,301.16347
2021-09-22T12:00:00.000000000,279.01,296.13854
2021-09-22T13:00:00.000000000,279.58,297.79737
2021-09-22T14:00:00.000000000,295.04,308.02858
2021-09-22T15:00:00.000000000,317.68,326.32935
2021-09-22T16:00:00.000000000,350.06,348.71267
2021-09-22T17:00:00.000000000,375.99,366.62994
2021-09-22T18:00:00.000000000,367.99,373.03506
2021-09-22T19:00:00.000000000,358.62,367.10651
2021-09-22T20:00:00.000000000,347.22,352.69312
2021-09-22T21:00:00.000000000,331.28,334.16287
2021-09-22T22:00:00.000000000,309.89,315.3333
2021-09-22T23:00:00.000000000,291.52,299.99071
2021-09-23T00:00:00.000000000,219.14,286.22705
2021-09-23T01:00:00.000000000,262.08,283.06108
2021-09-23T02:00:00.000000000,249.47,280.42076
2021-09-23T03:00:00.000000000,244.15,276.36554
2021-09-23T04:00:00.000000000,255.83,268.54583
2021-09-23T05:00:00.000000000,265.1,254.73337
2021-09-23T06:00:00.000000000,255.87,234.39718
2021-09-23T07:00:00.000000000,233.72,211.57393
2021-09-23T08:00:00.000000000,199.82,189.04617
2021-09-23T09:00:00.000000000,159.81,169.75931
2021-09-23T10:00:00.000000000,126.29,154.90937
2021-09-23T11:00:00.000000000,110.91,145.69415
2021-09-23T12:00:00.000000000,112.19,143.28611
2021-09-23T13:00:00.000000000,114.18,147.36503
2021-09-23T14:00:00.000000000,117.89,157.43999
2021-09-23T15:00:00.000000000,140.92,170.81408
2021-09-23T16:00:00.000000000,176.7,183.88525
2021-09-23T17:00:00.000000000,192.2,192.72005
2021-09-23T18:00:00.000000000,192.35,195.49253
2021-09-23T19:00:00.000000000,187.45,192.46446
2021-09-23T20:00:00.000000000,186.63,185.81381
2021-09-23T21:00:00.000000000,192.87,178.32025
2021-09-23T22:00:00.000000000,198.09,171.65336
2021-09-23T23:00:00.000000000,209.93,168.08653
2021-09-24T00:00:00.000000000,274.32,189.86312
2021-09-24T01:00:00.000000000,207.19,190.70049
2021-09-24T02:00:00.000000000,211.85,194.998
2021-09-24T03:00:00.000000000,229.78,199.22715
2021-09-24T04:00:00.000000000,261.07,201.16347
2021-09-24T05:00:00.000000000,278.74,199.39305
2021-09-24T06:00:00.000000000,276.3,193.21553
2021-09-24T07:00:00.000000000,263.41,184.27632
2021-09-24T08:00:00.000000000,244.12,173.17656
2021-09-24T09:00:00.000000000,228.97,162.34645
2021-09-24T10:00:00.000000000,216.57,153.87179
2021-09-24T11:00:00.000000000,213.38,149.55134
2021-09-24T12:00:00.000000000,216.19,151.61941
2021-09-24T13:00:00.000000000,215.94,161.22315
2021-09-24T14:00:00.000000000,228.25,178.59649
2021-09-24T15:00:00.000000000,247.77,201.833
2021-09-24T16:00:00.000000000,273.2,227.57263
2021-09-24T17:00:00.000000000,297.89,251.07385
2021-09-24T18:00:00.000000000,298.85,268.40548
2021-09-24T19:00:00.000000000,293.8,277.83398
2021-09-24T20:00:00.000000000,290.03,279.40613
2021-09-24T21:00:00.000000000,284.99,275.75896
2021-09-24T22:00:00.000000000,283.27,270.16884
2021-09-24T23:00:00.000000000,290.65,265.6521
2021-09-25T00:00:00.000000000,388.2,304.04302
2021-09-25T01:00:00.000000000,303.55,301.67771
2021-09-25T02:00:00.000000000,310.22,304.15929
2021-09-25T03:00:00.000000000,328.74,309.84612
2021-09-25T04:00:00.000000000,344.5,317.08935
2021-09-25T05:00:00.000000000,357.6,322.92376
2021-09-25T06:00:00.000000000,361.7,323.74861
2021-09-25T07:00:00.000000000,341.53,320.74788
2021-09-25T08:00:00.000000000,312.49,315.12268
2021-09-25T09:00:00.000000000,284.16,309.53251
2021-09-25T10:00:00.000000000,266.1,305.8186
2021-09-25T11:00:00.000000000,260.69,305.34308
2021-09-25T12:00:00.000000000,262.03,310.28895
2021-09-25T13:00:00.000000000,272.23,320.23465
2021-09-25T14:00:00.000000000,302.63,334.73191
2021-09-25T15:00:00.000000000,348.72,352.73202
2021-09-25T16:00:00.000000000,404.98,372.56574
2021-09-25T17:00:00.000000000,446.83,390.53358
2021-09-25T18:00:00.000000000,454.01,403.31188
2021-09-25T19:00:00.000000000,456.62,410.52794
2021-09-25T20:00:00.000000000,457.15,413.03972
2021-09-25T21:00:00.000000000,451.3,411.56199
2021-09-25T22:00:00.000000000,442.88,406.91633
2021-09-25T23:00:00.000000000,434.06,400.82621
2021-09-23T00:00:00.000000000,219.14,260.18529
2021-09-23T01:00:00.000000000,262.08,257.42304
2021-09-23T02:00:00.000000000,249.47,255.66939
2021-09-23T03:00:00.000000000,244.15,253.51252
2021-09-23T04:00:00.000000000,255.83,248.88397
2021-09-23T05:00:00.000000000,265.1,238.76966
2021-09-23T06:00:00.000000000,255.87,221.38909
2021-09-23T07:00:00.000000000,233.72,199.48105
2021-09-23T08:00:00.000000000,199.82,175.56434
2021-09-23T09:00:00.000000000,159.81,153.29242
2021-09-23T10:00:00.000000000,126.29,134.91515
2021-09-23T11:00:00.000000000,110.91,122.44443
2021-09-23T12:00:00.000000000,112.19,117.17542
2021-09-23T13:00:00.000000000,114.18,118.58585
2021-09-23T14:00:00.000000000,117.89,126.28312
2021-09-23T15:00:00.000000000,140.92,138.28667
2021-09-23T16:00:00.000000000,176.7,151.93892
2021-09-23T17:00:00.000000000,192.2,163.67132
2021-09-23T18:00:00.000000000,192.35,171.04032
2021-09-23T19:00:00.000000000,187.45,173.05289
2021-09-23T20:00:00.000000000,186.63,170.69054
2021-09-23T21:00:00.000000000,192.87,166.14646
2021-09-23T22:00:00.000000000,198.09,161.03182
2021-09-23T23:00:00.000000000,209.93,158.17648
2021-09-24T00:00:00.000000000,274.32,189.55607
2021-09-24T01:00:00.000000000,207.19,190.6295
2021-09-24T02:00:00.000000000,211.85,194.21562
2021-09-24T03:00:00.000000000,229.78,197.28914
2021-09-24T04:00:00.000000000,261.07,198.57175
2021-09-24T05:00:00.000000000,278.74,197.31463
2021-09-24T06:00:00.000000000,276.3,192.91751
2021-09-24T07:00:00.000000000,263.41,186.98543
2021-09-24T08:00:00.000000000,244.12,179.95555
2021-09-24T09:00:00.000000000,228.97,174.01816
2021-09-24T10:00:00.000000000,216.57,170.96841
2021-09-24T11:00:00.000000000,213.38,172.63175
2021-09-24T12:00:00.000000000,216.19,180.97091
2021-09-24T13:00:00.000000000,215.94,195.89252
2021-09-24T14:00:00.000000000,228.25,215.97637
2021-09-24T15:00:00.000000000,247.77,238.33738
2021-09-24T16:00:00.000000000,273.2,259.98393
2021-09-24T17:00:00.000000000,297.89,277.70686
2021-09-24T18:00:00.000000000,298.85,289.3083
2021-09-24T19:00:00.000000000,293.8,294.63664
2021-09-24T20:00:00.000000000,290.03,294.61706
2021-09-24T21:00:00.000000000,284.99,291.3988
2021-09-24T22:00:00.000000000,283.27,287.20424
2021-09-24T23:00:00.000000000,290.65,283.91504
2021-09-25T00:00:00.000000000,388.2,316.61963
2021-09-25T01:00:00.000000000,303.55,316.20338
2021-09-25T02:00:00.000000000,310.22,318.95698
2021-09-25T03:00:00.000000000,328.74,322.56538
2021-09-25T04:00:00.000000000,344.5,325.64784
2021-09-25T05:00:00.000000000,357.6,326.5396
2021-09-25T06:00:00.000000000,361.7,322.96917
2021-09-25T07:00:00.000000000,341.53,316.86678
2021-09-25T08:00:00.000000000,312.49,309.46494
2021-09-25T09:00:00.000000000,284.16,303.23401
2021-09-25T10:00:00.000000000,266.1,299.92579
2021-09-25T11:00:00.000000000,260.69,301.19271
2021-09-25T12:00:00.000000000,262.03,309.38963
2021-09-25T13:00:00.000000000,272.23,323.52984
2021-09-25T14:00:00.000000000,302.63,341.73398
2021-09-25T15:00:00.000000000,348.72,361.3719
2021-09-25T16:00:00.000000000,404.98,380.17498
2021-09-25T17:00:00.000000000,446.83,395.30361
2021-09-25T18:00:00.000000000,454.01,405.07523
2021-09-25T19:00:00.000000000,456.62,410.24089
2021-09-25T20:00:00.000000000,457.15,412.0898
2021-09-25T21:00:00.000000000,451.3,411.3796
2021-09-25T22:00:00.000000000,442.88,408.74983
2021-09-25T23:00:00.000000000,434.06,405.52426
2021-09-26T00:00:00.000000000,403.57,393.9741
2021-09-26T01:00:00.000000000,408.59,394.60256
2021-09-26T02:00:00.000000000,395.31,396.80015
2021-09-26T03:00:00.000000000,385.15,398.36667
2021-09-26T04:00:00.000000000,382.95,397.12183
2021-09-26T05:00:00.000000000,381.25,391.4091
2021-09-26T06:00:00.000000000,365.27,379.76994
2021-09-26T07:00:00.000000000,331.88,364.85808
2021-09-26T08:00:00.000000000,302.27,348.71318
2021-09-26T09:00:00.000000000,278.53,334.39237
2021-09-26T10:00:00.000000000,263.26,323.81223
2021-09-26T11:00:00.000000000,253.49,317.83107
2021-09-26T12:00:00.000000000,246.53,318.2928
2021-09-26T13:00:00.000000000,258.36,324.95477
2021-09-26T14:00:00.000000000,290.6,336.64313
2021-09-26T15:00:00.000000000,347.97,350.29816
2021-09-26T16:00:00.000000000,393.79,362.88101
2021-09-26T17:00:00.000000000,417.68,370.97621
2021-09-26T18:00:00.000000000,415.07,373.23112
2021-09-26T19:00:00.000000000,406.45,370.57246
2021-09-26T20:00:00.000000000,403.94,365.28318
2021-09-26T21:00:00.000000000,403.34,359.82369
2021-09-26T22:00:00.000000000,402.46,355.94064
2021-09-26T23:00:00.000000000,403.62,354.64188
2021-09-24T00:00:00.000000000,274.32,212.22396
2021-09-24T01:00:00.000000000,207.19,214.20328
2021-09-24T02:00:00.000000000,211.85,224.99327
2021-09-24T03:00:00.000000000,229.78,241.33446
2021-09-24T04:00:00.000000000,261.07,258.63656
2021-09-24T05:00:00.000000000,278.74,271.00659
2021-09-24T06:00:00.000000000,276.3,273.54419
2021-09-24T07:00:00.000000000,263.41,266.86508
2021-09-24T08:00:00.000000000,244.12,253.18329
2021-09-24T09:00:00.000000000,228.97,236.71864
2021-09-24T10:00:00.000000000,216.57,221.27734
2021-09-24T11:00:00.000000000,213.38,210.2805
2021-09-24T12:00:00.000000000,216.19,206.83351
2021-09-24T13:00:00.000000000,215.94,212.21032
2021-09-24T14:00:00.000000000,228.25,227.08165
2021-09-24T15:00:00.000000000,247.77,250.57357
2021-09-24T16:00:00.000000000,273.2,279.44332
2021-09-24T17:00:00.000000000,297.89,306.57223
2021-09-24T18:00:00.000000000,298.85,325.30708
2021-09-24T19:00:00.000000000,293.8,333.26962
2021-09-24T20:00:00.000000000,290.03,331.03806
2021-09-24T21:00:00.000000000,284.99,321.33663
2021-09-24T22:00:00.000000000,283.27,308.01089
2021-09-24T23:00:00.000000000,290.65,295.76154
2021-09-25T00:00:00.000000000,388.2,314.7547
2021-09-25T01:00:00.000000000,303.55,313.57539
2021-09-25T02:00:00.000000000,310.22,315.54732
2021-09-25T03:00:00.000000000,328.74,318.54198
2021-09-25T04:00:00.000000000,344.5,321.29317
2021-09-25T05:00:00.000000000,357.6,322.12082
2021-09-25T06:00:00.000000000,361.7,318.70641
2021-09-25T07:00:00.000000000,341.53,312.86959
2021-09-25T08:00:00.000000000,312.49,305.76084
2021-09-25T09:00:00.000000000,284.16,299.85063
2021-09-25T10:00:00.000000000,266.1,296.93546
2021-09-25T11:00:00.000000000,260.69,298.67236
2021-09-25T12:00:00.000000000,262.03,307.28468
2021-09-25T13:00:00.000000000,272.23,321.64101
2021-09-25T14:00:00.000000000,302.63,339.76895
2021-09-25T15:00:00.000000000,348.72,359.00446
2021-09-25T16:00:00.000000000,404.98,377.05601
2021-09-25T17:00:00.000000000,446.83,391.02278
2021-09-25T18:00:00.000000000,454.01,399.1243
2021-09-25T19:00:00.000000000,456.62,402.14372
2021-09-25T20:00:00.000000000,457.15,401.65649
2021-09-25T21:00:00.000000000,451.3,398.72285
2021-09-25T22:00:00.000000000,442.88,394.26085
2021-09-25T23:00:00.000000000,434.06,389.70033
2021-09-26T00:00:00.000000000,403.57,376.10073
2021-09-26T01:00:00.000000000,408.59,380.17953
2021-09-26T02:00:00.000000000,395.31,385.5101
2021-09-26T03:00:00.000000000,385.15,388.80976
2021-09-26T04:00:00.000000000,382.95,387.65711
2021-09-26T05:00:00.000000000,381.25,381.10407
2021-09-26T06:00:00.000000000,365.27,368.61659
2021-09-26T07:00:00.000000000,331.88,353.32639
2021-09-26T08:00:00.000000000,302.27,337.28614
2021-09-26T09:00:00.000000000,278.53,323.37383
2021-09-26T10:00:00.000000000,263.26,313.50774
2021-09-26T11:00:00.000000000,253.49,309.19615
2021-09-26T12:00:00.000000000,246.53,312.84255
2021-09-26T13:00:00.000000000,258.36,323.98838
2021-09-26T14:00:00.000000000,290.6,340.17343
2021-09-26T15:00:00.000000000,347.97,356.65692
2021-09-26T16:00:00.000000000,393.79,369.42001
2021-09-26T17:00:00.000000000,417.68,375.47745
2021-09-26T18:00:00.000000000,415.07,374.80843
2021-09-26T19:00:00.000000000,406.45,369.6103
2021-09-26T20:00:00.000000000,403.94,362.7655
2021-09-26T21:00:00.000000000,403.34,356.87741
2021-09-26T22:00:00.000000000,402.46,353.721
2021-09-26T23:00:00.000000000,403.62,354.18554
2021-09-27T00:00:00.000000000,371.51,355.98846
2021-09-27T01:00:00.000000000,389.98,357.07842
2021-09-27T02:00:00.000000000,385.16,359.00209
2021-09-27T03:00:00.000000000,393.84,359.55726
2021-09-27T04:00:00.000000000,419.27,357.92512
2021-09-27T05:00:00.000000000,423.97,353.63843
2021-09-27T06:00:00.000000000,417.54,345.69952
2021-09-27T07:00:00.000000000,391.8,336.58884
2021-09-27T08:00:00.000000000,363.7,327.30459
2021-09-27T09:00:00.000000000,332.02,319.54304
2021-09-27T10:00:00.000000000,305.24,314.26221
2021-09-27T11:00:00.000000000,289.03,313.04364
2021-09-27T12:00:00.000000000,280.29,318.42652
2021-09-27T13:00:00.000000000,286.67,329.38606
2021-09-27T14:00:00.000000000,305.85,343.37765
2021-09-27T15:00:00.000000000,332.27,356.85732
2021-09-27T16:00:00.000000000,351.17,367.71459
2021-09-27T17:00:00.000000000,358.49,374.49801
2021-09-27T18:00:00.000000000,360.1,377.47799
2021-09-27T19:00:00.000000000,365.28,378.44805
2021-09-27T20:00:00.000000000,367.65,378.86019
2021-09-27T21:00:00.000000000,368.49,379.0179
2021-09-27T22:00:00.000000000,354.62,378.88084
2021-09-27T23:00:00.000000000,359.75,379.25109
2021-09-25T00:00:00.000000000,388.2,323.27947
2021-09-25T01:00:00.000000000,303.55,324.68717
2021-09-25T02:00:00.000000000,310.22,331.55321
2021-09-25T03:00:00.000000000,328.74,341.20827
2021-09-25T04:00:00.000000000,344.5,350.64701
2021-09-25T05:00:00.000000000,357.6,355.99382
2021-09-25T06:00:00.000000000,361.7,353.65002
2021-09-25T07:00:00.000000000,341.53,345.65022
2021-09-25T08:00:00.000000000,312.49,334.51311
2021-09-25T09:00:00.000000000,284.16,324.23609
2021-09-25T10:00:00.000000000,266.1,317.53995
2021-09-25T11:00:00.000000000,260.69,316.1284
2021-09-25T12:00:00.000000000,262.03,322.33476
2021-09-25T13:00:00.000000000,272.23,335.7133
2021-09-25T14:00:00.000000000,302.63,355.27826
2021-09-25T15:00:00.000000000,348.72,378.71754
2021-09-25T16:00:00.000000000,404.98,402.64775
2021-09-25T17:00:00.000000000,446.83,421.75088
2021-09-25T18:00:00.000000000,454.01,432.07207
2021-09-25T19:00:00.000000000,456.62,434.15197
2021-09-25T20:00:00.000000000,457.15,430.91264
2021-09-25T21:00:00.000000000,451.3,424.91958
2021-09-25T22:00:00.000000000,442.88,418.00297
2021-09-25T23:00:00.000000000,434.06,411.92225
2021-09-26T00:00:00.000000000,403.57,388.1471
2021-09-26T01:00:00.000000000,408.59,390.62769
2021-09-26T02:00:00.000000000,395.31,394.09259
2021-09-26T03:00:00.000000000,385.15,394.89708
2021-09-26T04:00:00.000000000,382.95,390.63016
2021-09-26T05:00:00.000000000,381.25,380.94561
2021-09-26T06:00:00.000000000,365.27,365.91354
2021-09-26T07:00:00.000000000,331.88,348.95656
2021-09-26T08:00:00.000000000,302.27,331.86991
2021-09-26T09:00:00.000000000,278.53,317.14445
2021-09-26T10:00:00.000000000,263.26,306.53993
2021-09-26T11:00:00.000000000,253.49,301.819
2021-09-26T12:00:00.000000000,246.53,305.74154
2021-09-26T13:00:00.000000000,258.36,318.01245
2021-09-26T14:00:00.000000000,290.6,336.04535
2021-09-26T15:00:00.000000000,347.97,354.77997
2021-09-26T16:00:00.000000000,393.79,369.9592
2021-09-26T17:00:00.000000000,417.68,378.45017
2021-09-26T18:00:00.000000000,415.07,380.13898
2021-09-26T19:00:00.000000000,406.45,376.85143
2021-09-26T20:00:00.000000000,403.94,370.97353
2021-09-26T21:00:00.000000000,403.34,364.94328
2021-09-26T22:00:00.000000000,402.46,360.75322
2021-09-26T23:00:00.000000000,403.62,359.833
2021-09-27T00:00:00.000000000,371.51,365.88738
2021-09-27T01:00:00.000000000,389.98,368.3725
2021-09-27T02:00:00.000000000,385.16,371.67495
2021-09-27T03:00:00.000000000,393.84,373.33195
2021-09-27T04:00:00.000000000,419.27,372.14424
2021-09-27T05:00:00.000000000,423.97,367.46483
2021-09-27T06:00:00.000000000,417.54,358.30889
2021-09-27T07:00:00.000000000,391.8,347.32536
2021-09-27T08:00:00.000000000,363.7,335.901
2021-09-27T09:00:00.000000000,332.02,326.19196
2021-09-27T10:00:00.000000000,305.24,319.47909
2021-09-27T11:00:00.000000000,289.03,317.35143
2021-09-27T12:00:00.000000000,280.29,322.30618
2021-09-27T13:00:00.000000000,286.67,333.29691
2021-09-27T14:00:00.000000000,305.85,347.6372
2021-09-27T15:00:00.000000000,332.27,361.43446
2021-09-27T16:00:00.000000000,351.17,372.26774
2021-09-27T17:00:00.000000000,358.49,378.59455
2021-09-27T18:00:00.000000000,360.1,380.85439
2021-09-27T19:00:00.000000000,365.28,381.05115
2021-09-27T20:00:00.000000000,367.65,380.94192
2021-09-27T21:00:00.000000000,368.49,381.16944
2021-09-27T22:00:00.000000000,354.62,381.79783
2021-09-27T23:00:00.000000000,359.75,383.41838
2021-09-28T00:00:00.000000000,358.18,413.7487
2021-09-28T01:00:00.000000000,364.43,410.76938
2021-09-28T02:00:00.000000000,375.66,410.52101
2021-09-28T03:00:00.000000000,391.42,412.45196
2021-09-28T04:00:00.000000000,415.07,415.28286
2021-09-28T05:00:00.000000000,421.6,416.981
2021-09-28T06:00:00.000000000,416.93,415.08365
2021-09-28T07:00:00.000000000,397.92,411.2516
2021-09-28T08:00:00.000000000,377.13,406.37271
2021-09-28T09:00:00.000000000,360.08,402.06983
2021-09-28T10:00:00.000000000,344.32,398.38501
2021-09-28T11:00:00.000000000,336.5,394.74663
2021-09-28T12:00:00.000000000,336.46,392.14998
2021-09-28T13:00:00.000000000,349.29,390.1332
2021-09-28T14:00:00.000000000,371.48,389.54622
2021-09-28T15:00:00.000000000,403.59,390.92733
2021-09-28T16:00:00.000000000,439.93,394.83674
2021-09-28T17:00:00.000000000,462.34,399.39683
2021-09-28T18:00:00.000000000,458.88,402.37137
2021-09-28T19:00:00.000000000,447.04,403.41163
2021-09-28T20:00:00.000000000,434.02,403.35888
2021-09-28T21:00:00.000000000,418.81,402.21473
2021-09-28T22:00:00.000000000,392.48,399.67745
2021-09-28T23:00:00.000000000,373.76,396.11715
2021-09-26T00:00:00.000000000,403.57,410.23535
2021-09-26T01:00:00.000000000,408.59,409.87253
2021-09-26T02:00:00.000000000,395.31,411.58502
2021-09-26T03:00:00.000000000,385.15,411.45397
2021-09-26T04:00:00.000000000,382.95,406.35635
2021-09-26T05:00:00.000000000,381.25,395.02857
2021-09-26T06:00:00.000000000,365.27,377.52727
2021-09-26T07:00:00.000000000,331.88,358.20006
2021-09-26T08:00:00.000000000,302.27,339.3353
2021-09-26T09:00:00.000000000,278.53,323.33123
2021-09-26T10:00:00.000000000,263.26,311.72835
2021-09-26T11:00:00.000000000,253.49,306.34342
2021-09-26T12:00:00.000000000,246.53,310.09904
2021-09-26T13:00:00.000000000,258.36,322.95564
2021-09-26T14:00:00.000000000,290.6,342.98498
2021-09-26T15:00:00.000000000,347.97,365.59585
2021-09-26T16:00:00.000000000,393.79,385.82801
2021-09-26T17:00:00.000000000,417.68,398.3507
2021-09-26T18:00:00.000000000,415.07,400.77802
2021-09-26T19:00:00.000000000,406.45,394.51385
2021-09-26T20:00:00.000000000,403.94,382.98377
2021-09-26T21:00:00.000000000,403.34,369.55222
2021-09-26T22:00:00.000000000,402.46,357.31384
2021-09-26T23:00:00.000000000,403.62,349.21356
2021-09-27T00:00:00.000000000,371.51,356.55552
2021-09-27T01:00:00.000000000,389.98,363.61939
2021-09-27T02:00:00.000000000,385.16,371.04233
2021-09-27T03:00:00.000000000,393.84,375.49961
2021-09-27T04:00:00.000000000,419.27,375.22235
2021-09-27T05:00:00.000000000,423.97,369.8441
2021-09-27T06:00:00.000000000,417.54,359.36232
2021-09-27T07:00:00.000000000,391.8,347.19665
2021-09-27T08:00:00.000000000,363.7,335.3565
2021-09-27T09:00:00.000000000,332.02,326.24271
2021-09-27T10:00:00.000000000,305.24,320.98231
2021-09-27T11:00:00.000000000,289.03,320.76104
2021-09-27T12:00:00.000000000,280.29,327.3349
2021-09-27T13:00:00.000000000,286.67,338.92295
2021-09-27T14:00:00.000000000,305.85,352.20154
2021-09-27T15:00:00.000000000,332.27,362.66323
2021-09-27T16:00:00.000000000,351.17,367.66989
2021-09-27T17:00:00.000000000,358.49,366.09768
2021-09-27T18:00:00.000000000,360.1,359.25066
2021-09-27T19:00:00.000000000,365.28,350.35179
2021-09-27T20:00:00.000000000,367.65,342.59616
2021-09-27T21:00:00.000000000,368.49,337.63777
2021-09-27T22:00:00.000000000,354.62,336.1731
2021-09-27T23:00:00.000000000,359.75,338.61263
2021-09-28T00:00:00.000000000,358.18,376.47015
2021-09-28T01:00:00.000000000,364.43,374.8928
2021-09-28T02:00:00.000000000,375.66,375.20973
2021-09-28T03:00:00.000000000,391.42,376.5042
2021-09-28T04:00:00.000000000,415.07,377.97878
2021-09-28T05:00:00.000000000,421.6,378.39993
2021-09-28T06:00:00.000000000,416.93,375.86483
2021-09-28T07:00:00.000000000,397.92,372.35694
2021-09-28T08:00:00.000000000,377.13,368.82142
2021-09-28T09:00:00.000000000,360.08,366.84929
2021-09-28T10:00:00.000000000,344.32,366.38407
2021-09-28T11:00:00.000000000,336.5,367.04509
2021-09-28T12:00:00.000000000,336.46,369.84228
2021-09-28T13:00:00.000000000,349.29,373.78903
2021-09-28T14:00:00.000000000,371.48,378.58101
2021-09-28T15:00:00.000000000,403.59,383.69207
2021-09-28T16:00:00.000000000,439.93,389.22601
2021-09-28T17:00:00.000000000,462.34,393.98435
2021-09-28T18:00:00.000000000,458.88,396.98209
2021-09-28T19:00:00.000000000,447.04,398.86783
2021-09-28T20:00:00.000000000,434.02,400.62914
2021-09-28T21:00:00.000000000,418.81,402.07916
2021-09-28T22:00:00.000000000,392.48,402.48493
2021-09-28T23:00:00.000000000,373.76,401.64825
2021-09-29T00:00:00.000000000,201.82,411.0393
2021-09-29T01:00:00.000000000,339.26,403.81014
2021-09-29T02:00:00.000000000,327.91,396.56079
2021-09-29T03:00:00.000000000,329.75,389.40036
2021-09-29T04:00:00.000000000,355.16,381.8041
2021-09-29T05:00:00.000000000,370.26,372.88859
2021-09-29T06:00:00.000000000,363.64,360.97407
2021-09-29T07:00:00.000000000,346.92,347.32283
2021-09-29T08:00:00.000000000,332.78,332.33374
2021-09-29T09:00:00.000000000,318.92,317.85935
2021-09-29T10:00:00.000000000,297.41,305.23334
2021-09-29T11:00:00.000000000,272.46,294.35695
2021-09-29T12:00:00.000000000,252.18,286.42176
2021-09-29T13:00:00.000000000,234.65,282.10069
2021-09-29T14:00:00.000000000,233.2,282.50658
2021-09-29T15:00:00.000000000,242.57,287.09275
2021-09-29T16:00:00.000000000,258.44,294.55715
2021-09-29T17:00:00.000000000,275.28,301.94953
2021-09-29T18:00:00.000000000,271.49,306.88463
2021-09-29T19:00:00.000000000,250.3,307.77864
2021-09-29T20:00:00.000000000,224.67,304.8834
2021-09-29T21:00:00.000000000,203.76,299.99845
2021-09-29T22:00:00.000000000,191.48,294.89219
2021-09-29T23:00:00.000000000,169.43,290.86834
2021-09-27T00:00:00.000000000,371.51,373.28384
2021-09-27T01:00:00.000000000,389.98,372.31034
2021-09-27T02:00:00.000000000,385.16,375.24856
2021-09-27T03:00:00.000000000,393.84,379.70859
2021-09-27T04:00:00.000000000,419.27,382.02905
2021-09-27T05:00:00.000000000,423.97,378.36361
2021-09-27T06:00:00.000000000,417.54,366.10256
2021-09-27T07:00:00.000000000,391.8,348.13751
2021-09-27T08:00:00.000000000,363.7,327.47808
2021-09-27T09:00:00.000000000,332.02,308.09627
2021-09-27T10:00:00.000000000,305.24,292.69279
2021-09-27T11:00:00.000000000,289.03,282.57423
2021-09-27T12:00:00.000000000,280.29,279.81646
2021-09-27T13:00:00.000000000,286.67,285.00642
2021-09-27T14:00:00.000000000,305.85,298.03808
2021-09-27T15:00:00.000000000,332.27,316.25403
2021-09-27T16:00:00.000000000,351.17,335.318
2021-09-27T17:00:00.000000000,358.49,349.08854
2021-09-27T18:00:00.000000000,360.1,353.76143
2021-09-27T19:00:00.000000000,365.28,349.53276
2021-09-27T20:00:00.000000000,367.65,339.47092
2021-09-27T21:00:00.000000000,368.49,327.43404
2021-09-27T22:00:00.000000000,354.62,316.58628
2021-09-27T23:00:00.000000000,359.75,309.345
2021-09-28T00:00:00.000000000,358.18,347.31079
2021-09-28T01:00:00.000000000,364.43,346.68741
2021-09-28T02:00:00.000000000,375.66,348.24373
2021-09-28T03:00:00.000000000,391.42,350.59141
2021-09-28T04:00:00.000000000,415.07,352.66987
2021-09-28T05:00:00.000000000,421.6,352.79668
2021-09-28T06:00:00.000000000,416.93,348.86516
2021-09-28T07:00:00.000000000,397.92,342.90836
2021-09-28T08:00:00.000000000,377.13,336.18266
2021-09-28T09:00:00.000000000,360.08,330.84795
2021-09-28T10:00:00.000000000,344.32,327.7268
2021-09-28T11:00:00.000000000,336.5,327.54168
2021-09-28T12:00:00.000000000,336.46,331.91666
2021-09-28T13:00:00.000000000,349.29,339.75362
2021-09-28T14:00:00.000000000,371.48,349.78366
2021-09-28T15:00:00.000000000,403.59,360.13455
2021-09-28T16:00:00.000000000,439.93,369.5252
2021-09-28T17:00:00.000000000,462.34,375.90981
2021-09-28T18:00:00.000000000,458.88,378.11825
2021-09-28T19:00:00.000000000,447.04,377.28619
2021-09-28T20:00:00.000000000,434.02,375.28696
2021-09-28T21:00:00.000000000,418.81,372.87809
2021-09-28T22:00:00.000000000,392.48,370.16249
2021-09-28T23:00:00.000000000,373.76,367.75193
2021-09-29T00:00:00.000000000,201.82,368.98328
2021-09-29T01:00:00.000000000,339.26,366.18812
2021-09-29T02:00:00.000000000,327.91,362.09355
2021-09-29T03:00:00.000000000,329.75,355.12167
2021-09-29T04:00:00.000000000,355.16,344.6156
2021-09-29T05:00:00.000000000,370.26,330.76469
2021-09-29T06:00:00.000000000,363.64,313.69732
2021-09-29T07:00:00.000000000,346.92,296.26407
2021-09-29T08:00:00.000000000,332.78,279.83138
2021-09-29T09:00:00.000000000,318.92,266.56723
2021-09-29T10:00:00.000000000,297.41,257.75616
2021-09-29T11:00:00.000000000,272.46,253.39246
2021-09-29T12:00:00.000000000,252.18,254.38832
2021-09-29T13:00:00.000000000,234.65,260.14611
2021-09-29T14:00:00.000000000,233.2,269.41406
2021-09-29T15:00:00.000000000,242.57,279.13942
2021-09-29T16:00:00.000000000,258.44,286.7185
2021-09-29T17:00:00.000000000,275.28,290.09241
2021-09-29T18:00:00.000000000,271.49,289.01945
2021-09-29T19:00:00.000000000,250.3,284.18431
2021-09-29T20:00:00.000000000,224.67,277.38505
2021-09-29T21:00:00.000000000,203.76,271.09662
2021-09-29T22:00:00.000000000,191.48,267.17039
2021-09-29T23:00:00.000000000,169.43,266.57059
2021-09-30T00:00:00.000000000,201.13,261.5461
2021-09-30T01:00:00.000000000,158.29,255.92782
2021-09-30T02:00:00.000000000,165.55,253.88712
2021-09-30T03:00:00.000000000,173.37,254.52189
2021-09-30T04:00:00.000000000,195.8,256.41628
2021-09-30T05:00:00.000000000,231.62,257.01694
2021-09-30T06:00:00.000000000,244.22,253.47293
2021-09-30T07:00:00.000000000,233.68,246.22472
2021-09-30T08:00:00.000000000,207.56,235.64617
2021-09-30T09:00:00.000000000,187.04,224.19508
2021-09-30T10:00:00.000000000,176.68,213.86652
2021-09-30T11:00:00.000000000,163.69,206.11176
2021-09-30T12:00:00.000000000,162.38,202.71253
2021-09-30T13:00:00.000000000,174.41,204.26347
2021-09-30T14:00:00.000000000,201.59,211.56935
2021-09-30T15:00:00.000000000,245.23,224.39847
2021-09-30T16:00:00.000000000,298.05,241.72907
2021-09-30T17:00:00.000000000,322.65,259.9754
2021-09-30T18:00:00.000000000,315.92,275.07952
2021-09-30T19:00:00.000000000,297.91,284.4005
2021-09-30T20:00:00.000000000,282.36,287.18124
2021-09-30T21:00:00.000000000,257.99,284.54196
2021-09-30T22:00:00.000000000,242.41,278.36942
2021-09-30T23:00:00.000000000,227.81,271.36506
2021-09-28T00:00:00.000000000,358.18,394.25715
2021-09-28T01:00:00.000000000,364.43,394.48048
2021-09-28T02:00:00.000000000,375.66,397.79113
2021-09-28T03:00:00.000000000,391.42,401.63094
2021-09-28T04:00:00.000000000,415.07,403.55281
2021-09-28T05:00:00.000000000,421.6,401.2527
2021-09-28T06:00:00.000000000,416.93,392.75874
2021-09-28T07:00:00.000000000,397.92,380.98659
2021-09-28T08:00:00.000000000,377.13,368.15762
2021-09-28T09:00:00.000000000,360.08,357.28945
2021-09-28T10:00:00.000000000,344.32,350.2849
2021-09-28T11:00:00.000000000,336.5,348.65578
2021-09-28T12:00:00.000000000,336.46,354.49988
2021-09-28T13:00:00.000000000,349.29,366.75508
2021-09-28T14:00:00.000000000,371.48,383.6625
2021-09-28T15:00:00.000000000,403.59,402.32495
2021-09-28T16:00:00.000000000,439.93,419.70682
2021-09-28T17:00:00.000000000,462.34,431.19652
2021-09-28T18:00:00.000000000,458.88,433.7973
2021-09-28T19:00:00.000000000,447.04,428.65768
2021-09-28T20:00:00.000000000,434.02,419.2476
2021-09-28T21:00:00.000000000,418.81,408.27207
2021-09-28T22:00:00.000000000,392.48,397.98642
2021-09-28T23:00:00.000000000,373.76,390.45432
2021-09-29T00:00:00.000000000,201.82,373.25801
2021-09-29T01:00:00.000000000,339.26,365.03754
2021-09-29T02:00:00.000000000,327.91,355.7281
2021-09-29T03:00:00.000000000,329.75,345.07728
2021-09-29T04:00:00.000000000,355.16,332.87204
2021-09-29T05:00:00.000000000,370.26,318.32128
2021-09-29T06:00:00.000000000,363.64,300.51125
2021-09-29T07:00:00.000000000,346.92,281.98113
2021-09-29T08:00:00.000000000,332.78,264.1038
2021-09-29T09:00:00.000000000,318.92,249.06359
2021-09-29T10:00:00.000000000,297.41,238.08947
2021-09-29T11:00:00.000000000,272.46,231.12561
2021-09-29T12:00:00.000000000,252.18,229.15122
2021-09-29T13:00:00.000000000,234.65,232.05654
2021-09-29T14:00:00.000000000,233.2,239.65015
2021-09-29T15:00:00.000000000,242.57,249.8065
2021-09-29T16:00:00.000000000,258.44,259.84478
2021-09-29T17:00:00.000000000,275.28,266.51302
2021-09-29T18:00:00.000000000,271.49,267.8498
2021-09-29T19:00:00.000000000,250.3,263.64235
2021-09-29T20:00:00.000000000,224.67,255.92802
2021-09-29T21:00:00.000000000,203.76,247.47846
2021-09-29T22:00:00.000000000,191.48,240.11857
2021-09-29T23:00:00.000000000,169.43,235.33734
2021-09-30T00:00:00.000000000,201.13,237.31564
2021-09-30T01:00:00.000000000,158.29,234.67725
2021-09-30T02:00:00.000000000,165.55,236.31766
2021-09-30T03:00:00.000000000,173.37,240.03867
2021-09-30T04:00:00.000000000,195.8,243.72455
2021-09-30T05:00:00.000000000,231.62,245.00079
2021-09-30T06:00:00.000000000,244.22,241.59384
2021-09-30T07:00:00.000000000,233.68,234.27157
2021-09-30T08:00:00.000000000,207.56,223.50773
2021-09-30T09:00:00.000000000,187.04,211.87139
2021-09-30T10:00:00.000000000,176.68,201.71271
2021-09-30T11:00:00.000000000,163.69,195.08321
2021-09-30T12:00:00.000000000,162.38,194.26681
2021-09-30T13:00:00.000000000,174.41,200.02345
2021-09-30T14:00:00.000000000,201.59,212.54377
2021-09-30T15:00:00.000000000,245.23,230.50773
2021-09-30T16:00:00.000000000,298.05,251.72547
2021-09-30T17:00:00.000000000,322.65,272.01049
2021-09-30T18:00:00.000000000,315.92,287.35071
2021-09-30T19:00:00.000000000,297.91,295.5864
2021-09-30T20:00:00.000000000,282.36,296.41325
2021-09-30T21:00:00.000000000,257.99,291.64077
2021-09-30T22:00:00.000000000,242.41,283.96574
2021-09-30T23:00:00.000000000,227.81,276.51383
2021-10-01T00:00:00.000000000,255.25,261.38662
2021-10-01T01:00:00.000000000,191.18,255.03823
2021-10-01T02:00:00.000000000,183.18,254.54636
2021-10-01T03:00:00.000000000,197.34,258.49616
2021-10-01T04:00:00.000000000,223.08,265.04005
2021-10-01T05:00:00.000000000,248.86,270.94964
2021-10-01T06:00:00.000000000,253.27,272.01423
2021-10-01T07:00:00.000000000,232.92,267.30644
2021-10-01T08:00:00.000000000,204.48,256.34309
2021-10-01T09:00:00.000000000,175.99,241.48202
2021-10-01T10:00:00.000000000,149.21,225.79336
2021-10-01T11:00:00.000000000,129.36,212.26304
2021-10-01T12:00:00.000000000,118.9,204.00593
2021-10-01T13:00:00.000000000,126.6,202.29589
2021-10-01T14:00:00.000000000,165.16,208.36961
2021-10-01T15:00:00.000000000,232.12,222.97109
2021-10-01T16:00:00.000000000,282.88,245.97013
2021-10-01T17:00:00.000000000,294.78,273.32519
2021-10-01T18:00:00.000000000,279.97,299.2242
2021-10-01T19:00:00.000000000,266.89,318.70732
2021-10-01T20:00:00.000000000,257.08,328.57315
2021-10-01T21:00:00.000000000,256.63,328.7134
2021-10-01T22:00:00.000000000,260.73,321.41986
2021-10-01T23:00:00.000000000,267.28,311.14942
2021-09-29T00:00:00.000000000,201.82,364.45955
2021-09-29T01:00:00.000000000,339.26,362.43307
2021-09-29T02:00:00.000000000,327.91,360.75489
2021-09-29T03:00:00.000000000,329.75,357.00875
2021-09-29T04:00:00.000000000,355.16,349.67837
2021-09-29T05:00:00.000000000,370.26,338.09464
2021-09-29T06:00:00.000000000,363.64,322.00317
2021-09-29T07:00:00.000000000,346.92,304.12924
2021-09-29T08:00:00.000000000,332.78,285.71829
2021-09-29T09:00:00.000000000,318.92,268.71277
2021-09-29T10:00:00.000000000,297.41,254.82185
2021-09-29T11:00:00.000000000,272.46,245.01087
2021-09-29T12:00:00.000000000,252.18,240.87615
2021-09-29T13:00:00.000000000,234.65,241.95353
2021-09-29T14:00:00.000000000,233.2,247.54711
2021-09-29T15:00:00.000000000,242.57,255.29002
2021-09-29T16:00:00.000000000,258.44,262.51971
2021-09-29T17:00:00.000000000,275.28,265.78227
2021-09-29T18:00:00.000000000,271.49,262.29121
2021-09-29T19:00:00.000000000,250.3,251.54321
2021-09-29T20:00:00.000000000,224.67,235.84376
2021-09-29T21:00:00.000000000,203.76,218.62481
2021-09-29T22:00:00.000000000,191.48,203.36563
2021-09-29T23:00:00.000000000,169.43,193.66656
2021-09-30T00:00:00.000000000,201.13,194.82186
2021-09-30T01:00:00.000000000,158.29,189.97329
2021-09-30T02:00:00.000000000,165.55,190.87758
2021-09-30T03:00:00.000000000,173.37,195.39905
2021-09-30T04:00:00.000000000,195.8,201.59854
2021-09-30T05:00:00.000000000,231.62,206.81967
2021-09-30T06:00:00.000000000,244.22,208.06505
2021-09-30T07:00:00.000000000,233.68,204.78407
2021-09-30T08:00:00.000000000,207.56,196.56317
2021-09-30T09:00:00.000000000,187.04,186.01209
2021-09-30T10:00:00.000000000,176.68,176.04637
2021-09-30T11:00:00.000000000,163.69,168.81742
2021-09-30T12:00:00.000000000,162.38,166.57397
2021-09-30T13:00:00.000000000,174.41,170.60566
2021-09-30T14:00:00.000000000,201.59,182.31264
2021-09-30T15:00:00.000000000,245.23,201.97731
2021-09-30T16:00:00.000000000,298.05,228.2522
2021-09-30T17:00:00.000000000,322.65,256.39443
2021-09-30T18:00:00.000000000,315.92,280.43981
2021-09-30T19:00:00.000000000,297.91,295.95433
2021-09-30T20:00:00.000000000,282.36,300.87784
2021-09-30T21:00:00.000000000,257.99,296.82013
2021-09-30T22:00:00.000000000,242.41,287.33745
2021-09-30T23:00:00.000000000,227.81,276.6558
2021-10-01T00:00:00.000000000,255.25,272.43412
2021-10-01T01:00:00.000000000,191.18,269.88159
2021-10-01T02:00:00.000000000,183.18,272.29913
2021-10-01T03:00:00.000000000,197.34,276.62266
2021-10-01T04:00:00.000000000,223.08,280.00991
2021-10-01T05:00:00.000000000,248.86,279.62045
2021-10-01T06:00:00.000000000,253.27,272.74432
2021-10-01T07:00:00.000000000,232.92,260.48708
2021-10-01T08:00:00.000000000,204.48,243.94482
2021-10-01T09:00:00.000000000,175.99,226.29556
2021-10-01T10:00:00.000000000,149.21,210.81167
2021-10-01T11:00:00.000000000,129.36,200.35898
2021-10-01T12:00:00.000000000,118.9,197.9025
2021-10-01T13:00:00.000000000,126.6,204.32742
2021-10-01T14:00:00.000000000,165.16,219.60826
2021-10-01T15:00:00.000000000,232.12,242.28361
2021-10-01T16:00:00.000000000,282.88,269.74627
2021-10-01T17:00:00.000000000,294.78,296.68593
2021-10-01T18:00:00.000000000,279.97,317.95621
2021-10-01T19:00:00.000000000,266.89,330.54413
2021-10-01T20:00:00.000000000,257.08,333.57432
2021-10-01T21:00:00.000000000,256.63,328.95211
2021-10-01T22:00:00.000000000,260.73,320.03083
2021-10-01T23:00:00.000000000,267.28,311.06487
2021-10-02T00:00:00.000000000,148.79,321.67008
2021-10-02T01:00:00.000000000,284.76,321.83049
2021-10-02T02:00:00.000000000,300.51,326.75146
2021-10-02T03:00:00.000000000,316.82,337.13769
2021-10-02T04:00:00.000000000,328.89,350.32381
2021-10-02T05:00:00.000000000,339.28,361.79644
2021-10-02T06:00:00.000000000,335.25,366.28617
2021-10-02T07:00:00.000000000,309.34,362.53031
2021-10-02T08:00:00.000000000,279.2,350.26907
2021-10-02T09:00:00.000000000,237.88,331.4991
2021-10-02T10:00:00.000000000,201.39,308.36599
2021-10-02T11:00:00.000000000,180.38,284.04849
2021-10-02T12:00:00.000000000,164.8,262.10375
2021-10-02T13:00:00.000000000,164.78,244.35117
2021-10-02T14:00:00.000000000,182.79,233.30509
2021-10-02T15:00:00.000000000,210.14,229.42217
2021-10-02T16:00:00.000000000,240.75,231.3618
2021-10-02T17:00:00.000000000,226.05,234.84996
2021-10-02T18:00:00.000000000,185.6,235.51566
2021-10-02T19:00:00.000000000,148.73,231.61924
2021-10-02T20:00:00.000000000,119.82,224.08247
2021-10-02T21:00:00.000000000,112.22,214.32971
2021-10-02T22:00:00.000000000,110.73,203.70026
2021-10-02T23:00:00.000000000,108.65,194.81921
2021-09-30T00:00:00.000000000,201.13,161.46607
2021-09-30T01:00:00.000000000,158.29,167.65535
2021-09-30T02:00:00.000000000,165.55,181.5807
2021-09-30T03:00:00.000000000,173.37,198.42725
2021-09-30T04:00:00.000000000,195.8,212.55581
2021-09-30T05:00:00.000000000,231.62,217.89258
2021-09-30T06:00:00.000000000,244.22,211.53496
2021-09-30T07:00:00.000000000,233.68,196.91016
2021-09-30T08:00:00.000000000,207.56,178.57354
2021-09-30T09:00:00.000000000,187.04,162.00233
2021-09-30T10:00:00.000000000,176.68,150.77005
2021-09-30T11:00:00.000000000,163.69,146.88701
2021-09-30T12:00:00.000000000,162.38,152.31078
2021-09-30T13:00:00.000000000,174.41,168.21477
2021-09-30T14:00:00.000000000,201.59,194.8556
2021-09-30T15:00:00.000000000,245.23,229.01078
2021-09-30T16:00:00.000000000,298.05,263.29844
2021-09-30T17:00:00.000000000,322.65,288.1243
2021-09-30T18:00:00.000000000,315.92,297.28259
2021-09-30T19:00:00.000000000,297.91,291.57859
2021-09-30T20:00:00.000000000,282.36,276.0454
2021-09-30T21:00:00.000000000,257.99,257.26039
2021-09-30T22:00:00.000000000,242.41,240.63928
2021-09-30T23:00:00.000000000,227.81,229.90176
2021-10-01T00:00:00.000000000,255.25,226.89677
2021-10-01T01:00:00.000000000,191.18,225.91679
2021-10-01T02:00:00.000000000,183.18,229.26285
2021-10-01T03:00:00.000000000,197.34,233.07761
2021-10-01T04:00:00.000000000,223.08,234.6222
2021-10-01T05:00:00.000000000,248.86,232.27578
2021-10-01T06:00:00.000000000,253.27,224.9132
2021-10-01T07:00:00.000000000,232.92,214.0062
2021-10-01T08:00:00.000000000,204.48,200.1458
2021-10-01T09:00:00.000000000,175.99,186.03222
2021-10-01T10:00:00.000000000,149.21,174.47333
2021-10-01T11:00:00.000000000,129.36,167.84479
2021-10-01T12:00:00.000000000,118.9,168.88212
2021-10-01T13:00:00.000000000,126.6,178.83212
2021-10-01T14:00:00.000000000,165.16,197.82633
2021-10-01T15:00:00.000000000,232.12,223.85899
2021-10-01T16:00:00.000000000,282.88,253.37445
2021-10-01T17:00:00.000000000,294.78,280.92709
2021-10-01T18:00:00.000000000,279.97,301.74313
2021-10-01T19:00:00.000000000,266.89,313.22955
2021-10-01T20:00:00.000000000,257.08,314.91574
2021-10-01T21:00:00.000000000,256.63,309.52697
2021-10-01T22:00:00.000000000,260.73,301.04467
2021-10-01T23:00:00.000000000,267.28,293.38497
2021-10-02T00:00:00.000000000,148.79,290.22624
2021-10-02T01:00:00.000000000,284.76,295.42602
2021-10-02T02:00:00.000000000,300.51,304.8555
2021-10-02T03:00:00.000000000,316.82,316.24707
2021-10-02T04:00:00.000000000,328.89,325.48551
2021-10-02T05:00:00.000000000,339.28,329.30291
2021-10-02T06:00:00.000000000,335.25,324.92312
2021-10-02T07:00:00.000000000,309.34,312.63569
2021-10-02T08:00:00.000000000,279.2,292.77758
2021-10-02T09:00:00.000000000,237.88,267.43512
2021-10-02T10:00:00.000000000,201.39,239.41209
2021-10-02T11:00:00.000000000,180.38,213.63176
2021-10-02T12:00:00.000000000,164.8,194.37487
2021-10-02T13:00:00.000000000,164.78,182.74799
2021-10-02T14:00:00.000000000,182.79,178.9227
2021-10-02T15:00:00.000000000,210.14,180.46098
2021-10-02T16:00:00.000000000,240.75,184.51953
2021-10-02T17:00:00.000000000,226.05,187.82747
2021-10-02T18:00:00.000000000,185.6,188.09557
2021-10-02T19:00:00.000000000,148.73,184.63322
2021-10-02T20:00:00.000000000,119.82,178.14653
2021-10-02T21:00:00.000000000,112.22,169.64214
2021-10-02T22:00:00.000000000,110.73,160.4366
2021-10-02T23:00:00.000000000,108.65,153.99458
2021-10-03T00:00:00.000000000,171.47,152.58972
2021-10-03T01:00:00.000000000,112.1,151.80828
2021-10-03T02:00:00.000000000,110.07,154.25899
2021-10-03T03:00:00.000000000,105.97,157.31245
2021-10-03T04:00:00.000000000,104.65,160.52048
2021-10-03T05:00:00.000000000,102.57,163.20357
2021-10-03T06:00:00.000000000,101.06,164.34843
2021-10-03T07:00:00.000000000,93.5,164.69621
2021-10-03T08:00:00.000000000,89.05,163.54051
2021-10-03T09:00:00.000000000,88.68,161.91991
2021-10-03T10:00:00.000000000,88.28,161.00847
2021-10-03T11:00:00.000000000,88.55,162.60793
2021-10-03T12:00:00.000000000,89.91,168.78327
2021-10-03T13:00:00.000000000,93.88,179.99412
2021-10-03T14:00:00.000000000,101.01,196.26452
2021-10-03T15:00:00.000000000,125.97,217.18741
2021-10-03T16:00:00.000000000,157.93,241.5771
2021-10-03T17:00:00.000000000,171.91,266.25085
2021-10-03T18:00:00.000000000,186.74,287.36578
2021-10-03T19:00:00.000000000,192.44,302.90315
2021-10-03T20:00:00.000000000,185.75,311.58253
2021-10-03T21:00:00.000000000,184.84,313.8149
2021-10-03T22:00:00.000000000,185.7,311.25425
2021-10-03T23:00:00.000000000,193.55,306.57423
2021-10-01T00:00:00.000000000,255.25,209.50816
2021-10-01T01:00:00.000000000,191.18,211.26945
2021-10-01T02:00:00.000000000,183.18,217.52196
2021-10-01T03:00:00.000000000,197.34,224.18919
2021-10-01T04:00:00.000000000,223.08,227.70231
2021-10-01T05:00:00.000000000,248.86,225.19304
2021-10-01T06:00:00.000000000,253.27,215.36774
2021-10-01T07:00:00.000000000,232.92,200.74358
2021-10-01T08:00:00.000000000,204.48,183.53444
2021-10-01T09:00:00.000000000,175.99,167.63822
2021-10-01T10:00:00.000000000,149.21,156.15968
2021-10-01T11:00:00.000000000,129.36,151.17755
2021-10-01T12:00:00.000000000,118.9,154.91222
2021-10-01T13:00:00.000000000,126.6,168.20735
2021-10-01T14:00:00.000000000,165.16,190.63161
2021-10-01T15:00:00.000000000,232.12,218.85593
2021-10-01T16:00:00.000000000,282.88,247.45526
2021-10-01T17:00:00.000000000,294.78,269.91755
2021-10-01T18:00:00.000000000,279.97,281.93772
2021-10-01T19:00:00.000000000,266.89,282.96983
2021-10-01T20:00:00.000000000,257.08,275.32339
2021-10-01T21:00:00.000000000,256.63,263.63318
2021-10-01T22:00:00.000000000,260.73,252.40495
2021-10-01T23:00:00.000000000,267.28,245.02727
2021-10-02T00:00:00.000000000,148.79,258.48384
2021-10-02T01:00:00.000000000,284.76,264.29961
2021-10-02T02:00:00.000000000,300.51,273.96008
2021-10-02T03:00:00.000000000,316.82,284.23166
2021-10-02T04:00:00.000000000,328.89,290.85382
2021-10-02T05:00:00.000000000,339.28,290.74499
2021-10-02T06:00:00.000000000,335.25,282.0655
2021-10-02T07:00:00.000000000,309.34,266.59636
2021-10-02T08:00:00.000000000,279.2,245.64295
2021-10-02T09:00:00.000000000,237.88,221.59508
2021-10-02T10:00:00.000000000,201.39,197.08054
2021-10-02T11:00:00.000000000,180.38,176.52207
2021-10-02T12:00:00.000000000,164.8,163.52442
2021-10-02T13:00:00.000000000,164.78,158.52818
2021-10-02T14:00:00.000000000,182.79,160.83636
2021-10-02T15:00:00.000000000,210.14,167.24633
2021-10-02T16:00:00.000000000,240.75,173.93055
2021-10-02T17:00:00.000000000,226.05,177.27562
2021-10-02T18:00:00.000000000,185.6,175.6967
2021-10-02T19:00:00.000000000,148.73,169.63782
2021-10-02T20:00:00.000000000,119.82,160.7039
2021-10-02T21:00:00.000000000,112.22,150.62128
2021-10-02T22:00:00.000000000,110.73,141.14451
2021-10-02T23:00:00.000000000,108.65,135.72644
2021-10-03T00:00:00.000000000,171.47,128.79979
2021-10-03T01:00:00.000000000,112.1,129.10524
2021-10-03T02:00:00.000000000,110.07,134.12115
2021-10-03T03:00:00.000000000,105.97,142.38592
2021-10-03T04:00:00.000000000,104.65,153.14041
2021-10-03T05:00:00.000000000,102.57,163.31376
2021-10-03T06:00:00.000000000,101.06,169.80187
2021-10-03T07:00:00.000000000,93.5,172.80924
2021-10-03T08:00:00.000000000,89.05,172.56026
2021-10-03T09:00:00.000000000,88.68,170.88161
2021-10-03T10:00:00.000000000,88.28,168.93194
2021-10-03T11:00:00.000000000,88.55,168.28823
2021-10-03T12:00:00.000000000,89.91,170.68675
2021-10-03T13:00:00.000000000,93.88,176.69764
2021-10-03T14:00:00.000000000,101.01,187.13723
2021-10-03T15:00:00.000000000,125.97,202.65518
2021-10-03T16:00:00.000000000,157.93,222.62702
2021-10-03T17:00:00.000000000,171.91,243.5521
2021-10-03T18:00:00.000000000,186.74,261.12712
2021-10-03T19:00:00.000000000,192.44,273.69669
2021-10-03T20:00:00.000000000,185.75,280.65615
2021-10-03T21:00:00.000000000,184.84,282.31913
2021-10-03T22:00:00.000000000,185.7,279.63712
2021-10-03T23:00:00.000000000,193.55,275.04949
2021-10-04T00:00:00.000000000,289.5,276.02595
2021-10-04T01:00:00.000000000,204.82,274.67623
2021-10-04T02:00:00.000000000,231.43,281.36974
2021-10-04T03:00:00.000000000,261.37,294.70332
2021-10-04T04:00:00.000000000,310.56,312.45668
2021-10-04T05:00:00.000000000,341.19,330.38566
2021-10-04T06:00:00.000000000,348.85,343.44947
2021-10-04T07:00:00.000000000,340.77,351.24499
2021-10-04T08:00:00.000000000,330.2,353.8445
2021-10-04T09:00:00.000000000,326.7,353.0274
2021-10-04T10:00:00.000000000,324.06,350.33646
2021-10-04T11:00:00.000000000,316.03,347.45134
2021-10-04T12:00:00.000000000,302.68,347.37074
2021-10-04T13:00:00.000000000,299.09,350.87623
2021-10-04T14:00:00.000000000,304.11,358.56922
2021-10-04T15:00:00.000000000,327.49,370.07623
2021-10-04T16:00:00.000000000,352.77,383.90907
2021-10-04T17:00:00.000000000,361.32,395.87285
2021-10-04T18:00:00.000000000,353.94,401.90125
2021-10-04T19:00:00.000000000,347.04,401.6695
2021-10-04T20:00:00.000000000,342.15,396.52507
2021-10-04T21:00:00.000000000,334.66,387.57401
2021-10-04T22:00:00.000000000,324.33,376.42345
2021-10-04T23:00:00.000000000,320.47,365.1663
2021-10-02T00:00:00.000000000,148.79,293.4004
2021-10-02T01:00:00.000000000,284.76,306.11554
2021-10-02T02:00:00.000000000,300.51,321.85136
2021-10-02T03:00:00.000000000,316.82,336.02291
2021-10-02T04:00:00.000000000,328.89,343.72792
2021-10-02T05:00:00.000000000,339.28,341.6251
2021-10-02T06:00:00.000000000,335.25,328.55772
2021-10-02T07:00:00.000000000,309.34,308.00546
2021-10-02T08:00:00.000000000,279.2,283.56948
2021-10-02T09:00:00.000000000,237.88,259.60887
2021-10-02T10:00:00.000000000,201.39,239.85043
2021-10-02T11:00:00.000000000,180.38,226.67597
2021-10-02T12:00:00.000000000,164.8,221.91192
2021-10-02T13:00:00.000000000,164.78,224.75889
2021-10-02T14:00:00.000000000,182.79,233.31805
2021-10-02T15:00:00.000000000,210.14,243.05535
2021-10-02T16:00:00.000000000,240.75,248.52895
2021-10-02T17:00:00.000000000,226.05,245.27351
2021-10-02T18:00:00.000000000,185.6,231.8651
2021-10-02T19:00:00.000000000,148.73,210.87557
2021-10-02T20:00:00.000000000,119.82,187.62505
2021-10-02T21:00:00.000000000,112.22,167.45858
2021-10-02T22:00:00.000000000,110.73,154.2849
2021-10-02T23:00:00.000000000,108.65,150.72601
2021-10-03T00:00:00.000000000,171.47,132.40984
2021-10-03T01:00:00.000000000,112.1,133.59502
2021-10-03T02:00:00.000000000,110.07,139.01923
2021-10-03T03:00:00.000000000,105.97,146.74176
2021-10-03T04:00:00.000000000,104.65,155.87176
2021-10-03T05:00:00.000000000,102.57,163.97576
2021-10-03T06:00:00.000000000,101.06,168.84028
2021-10-03T07:00:00.000000000,93.5,171.51053
2021-10-03T08:00:00.000000000,89.05,172.44663
2021-10-03T09:00:00.000000000,88.68,173.21444
2021-10-03T10:00:00.000000000,88.28,174.57903
2021-10-03T11:00:00.000000000,88.55,177.7531
2021-10-03T12:00:00.000000000,89.91,184.06031
2021-10-03T13:00:00.000000000,93.88,193.70019
2021-10-03T14:00:00.000000000,101.01,207.1948
2021-10-03T15:00:00.000000000,125.97,224.98924
2021-10-03T16:00:00.000000000,157.93,246.13659
2021-10-03T17:00:00.000000000,171.91,267.03267
2021-10-03T18:00:00.000000000,186.74,283.67512
2021-10-03T19:00:00.000000000,192.44,295.10719
2021-10-03T20:00:00.000000000,185.75,301.28783
2021-10-03T21:00:00.000000000,184.84,302.74817
2021-10-03T22:00:00.000000000,185.7,300.45251
2021-10-03T23:00:00.000000000,193.55,296.38514
2021-10-04T00:00:00.000000000,289.5,292.1497
2021-10-04T01:00:00.000000000,204.82,292.84189
2021-10-04T02:00:00.000000000,231.43,299.64031
2021-10-04T03:00:00.000000000,261.37,310.65116
2021-10-04T04:00:00.000000000,310.56,323.56685
2021-10-04T05:00:00.000000000,341.19,334.4119
2021-10-04T06:00:00.000000000,348.85,338.94233
2021-10-04T07:00:00.000000000,340.77,338.2312
2021-10-04T08:00:00.000000000,330.2,333.74157
2021-10-04T09:00:00.000000000,326.7,328.09612
2021-10-04T10:00:00.000000000,324.06,323.04431
2021-10-04T11:00:00.000000000,316.03,320.313
2021-10-04T12:00:00.000000000,302.68,322.54544
2021-10-04T13:00:00.000000000,299.09,329.79757
2021-10-04T14:00:00.000000000,304.11,341.80891
2021-10-04T15:00:00.000000000,327.49,357.50347
2021-10-04T16:00:00.000000000,352.77,375.00267
2021-10-04T17:00:00.000000000,361.32,390.15832
2021-10-04T18:00:00.000000000,353.94,399.51588
2021-10-04T19:00:00.000000000,347.04,403.21329
2021-10-04T20:00:00.000000000,342.15,402.63834
2021-10-04T21:00:00.000000000,334.66,398.69149
2021-10-04T22:00:00.000000000,324.33,392.38864
2021-10-04T23:00:00.000000000,320.47,385.70198
2021-10-05T00:00:00.000000000,242.84,392.60786
2021-10-05T01:00:00.000000000,311.05,389.36502
2021-10-05T02:00:00.000000000,317.19,388.49499
2021-10-05T03:00:00.000000000,323.79,388.91763
2021-10-05T04:00:00.000000000,343.23,389.56059
2021-10-05T05:00:00.000000000,359.5,388.57015
2021-10-05T06:00:00.000000000,357.02,383.33057
2021-10-05T07:00:00.000000000,349.32,375.23798
2021-10-05T08:00:00.000000000,338.52,364.98313
2021-10-05T09:00:00.000000000,325.44,354.56022
2021-10-05T10:00:00.000000000,307.41,345.38738
2021-10-05T11:00:00.000000000,292.25,338.8715
2021-10-05T12:00:00.000000000,287.27,337.46926
2021-10-05T13:00:00.000000000,286.56,340.93868
2021-10-05T14:00:00.000000000,292.03,348.65396
2021-10-05T15:00:00.000000000,299.23,359.22356
2021-10-05T16:00:00.000000000,307.75,371.50781
2021-10-05T17:00:00.000000000,308.04,382.61433
2021-10-05T18:00:00.000000000,297.67,390.01948
2021-10-05T19:00:00.000000000,288.81,393.22682
2021-10-05T20:00:00.000000000,282.62,392.98161
2021-10-05T21:00:00.000000000,268.0,389.94579
2021-10-05T22:00:00.000000000,246.66,384.98844
2021-10-05T23:00:00.000000000,232.28,379.99675
2021-10-03T00:00:00.000000000,171.47,112.34805
2021-10-03T01:00:00.000000000,112.1,116.43244
2021-10-03T02:00:00.000000000,110.07,123.14322
2021-10-03T03:00:00.000000000,105.97,130.44413
2021-10-03T04:00:00.000000000,104.65,137.94507
2021-10-03T05:00:00.000000000,102.57,143.50401
2021-10-03T06:00:00.000000000,101.06,145.3938
2021-10-03T07:00:00.000000000,93.5,145.20228
2021-10-03T08:00:00.000000000,89.05,144.00331
2021-10-03T09:00:00.000000000,88.68,143.85497
2021-10-03T10:00:00.000000000,88.28,145.76136
2021-10-03T11:00:00.000000000,88.55,151.20694
2021-10-03T12:00:00.000000000,89.91,161.26215
2021-10-03T13:00:00.000000000,93.88,175.13412
2021-10-03T14:00:00.000000000,101.01,191.70048
2021-10-03T15:00:00.000000000,125.97,209.79476
2021-10-03T16:00:00.000000000,157.93,227.6981
2021-10-03T17:00:00.000000000,171.91,242.62257
2021-10-03T18:00:00.000000000,186.74,252.28815
2021-10-03T19:00:00.000000000,192.44,257.56155
2021-10-03T20:00:00.000000000,185.75,259.82697
2021-10-03T21:00:00.000000000,184.84,260.21565
2021-10-03T22:00:00.000000000,185.7,259.39945
2021-10-03T23:00:00.000000000,193.55,258.68779
2021-10-04T00:00:00.000000000,289.5,253.60181
2021-10-04T01:00:00.000000000,204.82,251.14399
2021-10-04T02:00:00.000000000,231.43,254.9165
2021-10-04T03:00:00.000000000,261.37,263.74901
2021-10-04T04:00:00.000000000,310.56,275.78117
2021-10-04T05:00:00.000000000,341.19,286.86818
2021-10-04T06:00:00.000000000,348.85,292.41598
2021-10-04T07:00:00.000000000,340.77,292.85102
2021-10-04T08:00:00.000000000,330.2,289.20721
2021-10-04T09:00:00.000000000,326.7,283.90072
2021-10-04T10:00:00.000000000,324.06,278.70398
2021-10-04T11:00:00.000000000,316.03,275.49075
2021-10-04T12:00:00.000000000,302.68,276.5215
2021-10-04T13:00:00.000000000,299.09,281.78133
2021-10-04T14:00:00.000000000,304.11,291.41496
2021-10-04T15:00:00.000000000,327.49,305.31857
2021-10-04T16:00:00.000000000,352.77,322.6104
2021-10-04T17:00:00.000000000,361.32,339.42291
2021-10-04T18:00:00.000000000,353.94,351.675
2021-10-04T19:00:00.000000000,347.04,358.26517
2021-10-04T20:00:00.000000000,342.15,359.37487
2021-10-04T21:00:00.000000000,334.66,355.34059
2021-10-04T22:00:00.000000000,324.33,347.28316
2021-10-04T23:00:00.000000000,320.47,337.89019
2021-10-05T00:00:00.000000000,242.84,350.65475
2021-10-05T01:00:00.000000000,311.05,347.04218
2021-10-05T02:00:00.000000000,317.19,345.166
2021-10-05T03:00:00.000000000,323.79,344.17606
2021-10-05T04:00:00.000000000,343.23,343.51168
2021-10-05T05:00:00.000000000,359.5,341.89527
2021-10-05T06:00:00.000000000,357.02,337.38637
2021-10-05T07:00:00.000000000,349.32,331.36943
2021-10-05T08:00:00.000000000,338.52,324.13498
2021-10-05T09:00:00.000000000,325.44,317.14455
2021-10-05T10:00:00.000000000,307.41,311.23538
2021-10-05T11:00:00.000000000,292.25,307.73535
2021-10-05T12:00:00.000000000,287.27,308.67498
2021-10-05T13:00:00.000000000,286.56,313.3257
2021-10-05T14:00:00.000000000,292.03,320.58327
2021-10-05T15:00:00.000000000,299.23,328.70442
2021-10-05T16:00:00.000000000,307.75,336.61039
2021-10-05T17:00:00.000000000,308.04,342.18619
2021-10-05T18:00:00.000000000,297.67,343.81722
2021-10-05T19:00:00.000000000,288.81,341.72242
2021-10-05T20:00:00.000000000,282.62,337.15586
2021-10-05T21:00:00.000000000,268.0,330.89986
2021-10-05T22:00:00.000000000,246.66,323.81992
2021-10-05T23:00:00.000000000,232.28,317.74921
2021-10-06T00:00:00.000000000,376.11,340.91773
2021-10-06T01:00:00.000000000,210.67,332.10272
2021-10-06T02:00:00.000000000,205.37,326.76338
2021-10-06T03:00:00.000000000,218.73,325.18884
2021-10-06T04:00:00.000000000,244.3,327.30742
2021-10-06T05:00:00.000000000,275.02,330.9884
2021-10-06T06:00:00.000000000,292.43,332.48332
2021-10-06T07:00:00.000000000,289.45,331.95936
2021-10-06T08:00:00.000000000,276.43,329.13569
2021-10-06T09:00:00.000000000,257.76,325.32522
2021-10-06T10:00:00.000000000,256.19,321.25472
2021-10-06T11:00:00.000000000,262.59,317.47458
2021-10-06T12:00:00.000000000,269.34,315.84785
2021-10-06T13:00:00.000000000,281.99,316.36776
2021-10-06T14:00:00.000000000,303.43,320.10323
2021-10-06T15:00:00.000000000,338.36,328.22177
2021-10-06T16:00:00.000000000,375.86,341.53347
2021-10-06T17:00:00.000000000,399.16,357.83542
2021-10-06T18:00:00.000000000,402.65,373.62044
2021-10-06T19:00:00.000000000,405.07,386.62336
2021-10-06T20:00:00.000000000,407.67,395.34464
2021-10-06T21:00:00.000000000,415.93,398.61747
2021-10-06T22:00:00.000000000,425.68,396.09749
2021-10-06T23:00:00.000000000,431.61,389.5022
2021-10-04T00:00:00.000000000,289.5,206.85025
2021-10-04T01:00:00.000000000,204.82,204.52062
2021-10-04T02:00:00.000000000,231.43,209.77575
2021-10-04T03:00:00.000000000,261.37,221.66816
2021-10-04T04:00:00.000000000,310.56,237.86238
2021-10-04T05:00:00.000000000,341.19,253.37485
2021-10-04T06:00:00.000000000,348.85,262.93311
2021-10-04T07:00:00.000000000,340.77,266.08446
2021-10-04T08:00:00.000000000,330.2,263.73253
2021-10-04T09:00:00.000000000,326.7,258.77116
2021-10-04T10:00:00.000000000,324.06,253.45302
2021-10-04T11:00:00.000000000,316.03,249.73781
2021-10-04T12:00:00.000000000,302.68,249.59724
2021-10-04T13:00:00.000000000,299.09,253.34703
2021-10-04T14:00:00.000000000,304.11,261.66541
2021-10-04T15:00:00.000000000,327.49,274.77673
2021-10-04T16:00:00.000000000,352.77,291.7454
2021-10-04T17:00:00.000000000,361.32,308.28803
2021-10-04T18:00:00.000000000,353.94,319.60609
2021-10-04T19:00:00.000000000,347.04,324.0813
2021-10-04T20:00:00.000000000,342.15,322.05361
2021-10-04T21:00:00.000000000,334.66,314.65301
2021-10-04T22:00:00.000000000,324.33,303.76905
2021-10-04T23:00:00.000000000,320.47,292.23688
2021-10-05T00:00:00.000000000,242.84,301.94668
2021-10-05T01:00:00.000000000,311.05,299.11769
2021-10-05T02:00:00.000000000,317.19,298.50717
2021-10-05T03:00:00.000000000,323.79,298.94919
2021-10-05T04:00:00.000000000,343.23,300.02638
2021-10-05T05:00:00.000000000,359.5,300.42256
2021-10-05T06:00:00.000000000,357.02,298.19368
2021-10-05T07:00:00.000000000,349.32,293.90046
2021-10-05T08:00:00.000000000,338.52,287.15076
2021-10-05T09:00:00.000000000,325.44,278.99799
2021-10-05T10:00:00.000000000,307.41,270.58564
2021-10-05T11:00:00.000000000,292.25,264.47423
2021-10-05T12:00:00.000000000,287.27,263.10499
2021-10-05T13:00:00.000000000,286.56,265.35006
2021-10-05T14:00:00.000000000,292.03,269.39704
2021-10-05T15:00:00.000000000,299.23,273.30245
2021-10-05T16:00:00.000000000,307.75,276.75701
2021-10-05T17:00:00.000000000,308.04,278.46095
2021-10-05T18:00:00.000000000,297.67,276.55021
2021-10-05T19:00:00.000000000,288.81,270.57074
2021-10-05T20:00:00.000000000,282.62,261.36872
2021-10-05T21:00:00.000000000,268.0,249.5512
2021-10-05T22:00:00.000000000,246.66,236.60099
2021-10-05T23:00:00.000000000,232.28,226.00433
2021-10-06T00:00:00.000000000,376.11,258.06373
2021-10-06T01:00:00.000000000,210.67,251.15254
2021-10-06T02:00:00.000000000,205.37,247.97009
2021-10-06T03:00:00.000000000,218.73,247.50917
2021-10-06T04:00:00.000000000,244.3,249.27908
2021-10-06T05:00:00.000000000,275.02,252.12121
2021-10-06T06:00:00.000000000,292.43,253.72498
2021-10-06T07:00:00.000000000,289.45,254.65969
2021-10-06T08:00:00.000000000,276.43,254.56294
2021-10-06T09:00:00.000000000,257.76,254.80555
2021-10-06T10:00:00.000000000,256.19,256.30788
2021-10-06T11:00:00.000000000,262.59,259.37211
2021-10-06T12:00:00.000000000,269.34,265.28469
2021-10-06T13:00:00.000000000,281.99,273.86509
2021-10-06T14:00:00.000000000,303.43,285.69363
2021-10-06T15:00:00.000000000,338.36,300.94702
2021-10-06T16:00:00.000000000,375.86,319.21026
2021-10-06T17:00:00.000000000,399.16,338.12424
2021-10-06T18:00:00.000000000,402.65,354.75372
2021-10-06T19:00:00.000000000,405.07,367.34985
2021-10-06T20:00:00.000000000,407.67,374.74413
2021-10-06T21:00:00.000000000,415.93,376.73248
2021-10-06T22:00:00.000000000,425.68,373.98407
2021-10-06T23:00:00.000000000,431.61,367.90546
2021-10-07T00:00:00.000000000,426.72,399.18499
2021-10-07T01:00:00.000000000,441.64,398.29239
2021-10-07T02:00:00.000000000,450.22,403.41426
2021-10-07T03:00:00.000000000,461.86,413.42004
2021-10-07T04:00:00.000000000,465.72,425.51883
2021-10-07T05:00:00.000000000,466.87,434.81501
2021-10-07T06:00:00.000000000,463.82,436.14945
2021-10-07T07:00:00.000000000,432.74,430.43047
2021-10-07T08:00:00.000000000,395.48,419.49379
2021-10-07T09:00:00.000000000,365.25,406.36497
2021-10-07T10:00:00.000000000,344.97,392.99949
2021-10-07T11:00:00.000000000,336.51,381.0082
2021-10-07T12:00:00.000000000,338.23,373.46906
2021-10-07T13:00:00.000000000,350.0,371.09725
2021-10-07T14:00:00.000000000,374.35,374.81018
2021-10-07T15:00:00.000000000,406.04,384.30607
2021-10-07T16:00:00.000000000,443.56,398.21777
2021-10-07T17:00:00.000000000,461.89,411.55344
2021-10-07T18:00:00.000000000,456.62,419.61011
2021-10-07T19:00:00.000000000,448.92,421.50815
2021-10-07T20:00:00.000000000,440.47,418.74939
2021-10-07T21:00:00.000000000,433.83,412.43817
2021-10-07T22:00:00.000000000,432.87,403.87991
2021-10-07T23:00:00.000000000,427.46,395.65537
2021-10-05T00:00:00.000000000,242.84,334.95152
2021-10-05T01:00:00.000000000,311.05,335.12827
2021-10-05T02:00:00.000000000,317.19,335.98727
2021-10-05T03:00:00.000000000,323.79,335.78099
2021-10-05T04:00:00.000000000,343.23,334.30418
2021-10-05T05:00:00.000000000,359.5,331.36437
2021-10-05T06:00:00.000000000,357.02,325.58533
2021-10-05T07:00:00.000000000,349.32,317.27736
2021-10-05T08:00:00.000000000,338.52,305.78874
2021-10-05T09:00:00.000000000,325.44,292.56045
2021-10-05T10:00:00.000000000,307.41,279.78668
2021-10-05T11:00:00.000000000,292.25,269.94943
2021-10-05T12:00:00.000000000,287.27,265.52368
2021-10-05T13:00:00.000000000,286.56,265.31616
2021-10-05T14:00:00.000000000,292.03,267.54681
2021-10-05T15:00:00.000000000,299.23,270.03992
2021-10-05T16:00:00.000000000,307.75,272.01079
2021-10-05T17:00:00.000000000,308.04,271.84097
2021-10-05T18:00:00.000000000,297.67,267.02127
2021-10-05T19:00:00.000000000,288.81,256.5732
2021-10-05T20:00:00.000000000,282.62,242.02887
2021-10-05T21:00:00.000000000,268.0,225.73566
2021-10-05T22:00:00.000000000,246.66,210.80499
2021-10-05T23:00:00.000000000,232.28,201.15608
2021-10-06T00:00:00.000000000,376.11,222.27486
2021-10-06T01:00:00.000000000,210.67,215.4226
2021-10-06T02:00:00.000000000,205.37,212.04435
2021-10-06T03:00:00.000000000,218.73,211.18585
2021-10-06T04:00:00.000000000,244.3,212.48073
2021-10-06T05:00:00.000000000,275.02,214.93469
2021-10-06T06:00:00.000000000,292.43,216.47224
2021-10-06T07:00:00.000000000,289.45,216.9094
2021-10-06T08:00:00.000000000,276.43,215.26941
2021-10-06T09:00:00.000000000,257.76,212.98877
2021-10-06T10:00:00.000000000,256.19,211.42099
2021-10-06T11:00:00.000000000,262.59,211.51048
2021-10-06T12:00:00.000000000,269.34,214.63078
2021-10-06T13:00:00.000000000,281.99,220.92704
2021-10-06T14:00:00.000000000,303.43,230.94036
2021-10-06T15:00:00.000000000,338.36,244.78208
2021-10-06T16:00:00.000000000,375.86,262.33924
2021-10-06T17:00:00.000000000,399.16,281.39317
2021-10-06T18:00:00.000000000,402.65,298.56813
2021-10-06T19:00:00.000000000,405.07,311.05716
2021-10-06T20:00:00.000000000,407.67,317.11115
2021-10-06T21:00:00.000000000,415.93,316.98644
2021-10-06T22:00:00.000000000,425.68,312.21719
2021-10-06T23:00:00.000000000,431.61,304.9659
2021-10-07T00:00:00.000000000,426.72,358.63419
2021-10-07T01:00:00.000000000,441.64,359.91595
2021-10-07T02:00:00.000000000,450.22,367.11446
2021-10-07T03:00:00.000000000,461.86,377.92616
2021-10-07T04:00:00.000000000,465.72,389.96823
2021-10-07T05:00:00.000000000,466.87,400.0496
2021-10-07T06:00:00.000000000,463.82,404.06577
2021-10-07T07:00:00.000000000,432.74,402.21567
2021-10-07T08:00:00.000000000,395.48,395.13189
2021-10-07T09:00:00.000000000,365.25,385.54898
2021-10-07T10:00:00.000000000,344.97,376.22291
2021-10-07T11:00:00.000000000,336.51,369.75055
2021-10-07T12:00:00.000000000,338.23,369.39654
2021-10-07T13:00:00.000000000,350.0,374.89538
2021-10-07T14:00:00.000000000,374.35,384.9515
2021-10-07T15:00:00.000000000,406.04,397.50144
2021-10-07T16:00:00.000000000,443.56,410.91
2021-10-07T17:00:00.000000000,461.89,421.88822
2021-10-07T18:00:00.000000000,456.62,427.57414
2021-10-07T19:00:00.000000000,448.92,427.72172
2021-10-07T20:00:00.000000000,440.47,423.50024
2021-10-07T21:00:00.000000000,433.83,416.11016
2021-10-07T22:00:00.000000000,432.87,407.36981
2021-10-07T23:00:00.000000000,427.46,399.55855
2021-10-08T00:00:00.000000000,339.78,408.19916
2021-10-08T01:00:00.000000000,420.96,401.75348
2021-10-08T02:00:00.000000000,424.16,401.20134
2021-10-08T03:00:00.000000000,428.77,405.578
2021-10-08T04:00:00.000000000,430.76,411.04337
2021-10-08T05:00:00.000000000,433.36,411.84077
2021-10-08T06:00:00.000000000,429.78,403.76404
2021-10-08T07:00:00.000000000,411.92,389.46029
2021-10-08T08:00:00.000000000,383.05,371.95635
2021-10-08T09:00:00.000000000,351.32,354.77317
2021-10-08T10:00:00.000000000,326.85,339.50391
2021-10-08T11:00:00.000000000,309.47,326.4909
2021-10-08T12:00:00.000000000,303.55,317.29608
2021-10-08T13:00:00.000000000,308.85,313.02542
2021-10-08T14:00:00.000000000,330.54,316.40419
2021-10-08T15:00:00.000000000,364.35,328.52686
2021-10-08T16:00:00.000000000,401.62,347.34451
2021-10-08T17:00:00.000000000,404.27,365.34875
2021-10-08T18:00:00.000000000,380.07,375.26437
2021-10-08T19:00:00.000000000,359.43,375.0116
2021-10-08T20:00:00.000000000,345.01,366.79293
2021-10-08T21:00:00.000000000,335.58,353.45725
2021-10-08T22:00:00.000000000,322.62,337.80403
2021-10-08T23:00:00.000000000,309.03,323.52809
2021-10-06T00:00:00.000000000,376.11,243.39641
2021-10-06T01:00:00.000000000,210.67,241.8959
2021-10-06T02:00:00.000000000,205.37,245.89955
2021-10-06T03:00:00.000000000,218.73,253.22848
2021-10-06T04:00:00.000000000,244.3,261.8039
2021-10-06T05:00:00.000000000,275.02,268.68422
2021-10-06T06:00:00.000000000,292.43,270.79485
2021-10-06T07:00:00.000000000,289.45,269.62082
2021-10-06T08:00:00.000000000,276.43,266.47743
2021-10-06T09:00:00.000000000,257.76,263.97768
2021-10-06T10:00:00.000000000,256.19,263.94243
2021-10-06T11:00:00.000000000,262.59,267.63189
2021-10-06T12:00:00.000000000,269.34,276.71968
2021-10-06T13:00:00.000000000,281.99,290.67011
2021-10-06T14:00:00.000000000,303.43,308.97961
2021-10-06T15:00:00.000000000,338.36,330.40122
2021-10-06T16:00:00.000000000,375.86,352.54447
2021-10-06T17:00:00.000000000,399.16,371.2099
2021-10-06T18:00:00.000000000,402.65,383.07398
2021-10-06T19:00:00.000000000,405.07,388.19666
2021-10-06T20:00:00.000000000,407.67,387.96078
2021-10-06T21:00:00.000000000,415.93,383.75246
2021-10-06T22:00:00.000000000,425.68,377.07288
2021-10-06T23:00:00.000000000,431.61,369.61908
2021-10-07T00:00:00.000000000,426.72,392.5935
2021-10-07T01:00:00.000000000,441.64,392.52104
2021-10-07T02:00:00.000000000,450.22,395.36338
2021-10-07T03:00:00.000000000,461.86,399.53199
2021-10-07T04:00:00.000000000,465.72,402.90391
2021-10-07T05:00:00.000000000,466.87,402.81127
2021-10-07T06:00:00.000000000,463.82,396.74642
2021-10-07T07:00:00.000000000,432.74,386.93538
2021-10-07T08:00:00.000000000,395.48,375.17866
2021-10-07T09:00:00.000000000,365.25,364.14657
2021-10-07T10:00:00.000000000,344.97,355.11403
2021-10-07T11:00:00.000000000,336.51,348.97961
2021-10-07T12:00:00.000000000,338.23,347.7543
2021-10-07T13:00:00.000000000,350.0,351.16611
2021-10-07T14:00:00.000000000,374.35,358.83935
2021-10-07T15:00:00.000000000,406.04,369.12368
2021-10-07T16:00:00.000000000,443.56,380.13316
2021-10-07T17:00:00.000000000,461.89,388.1475
2021-10-07T18:00:00.000000000,456.62,390.47762
2021-10-07T19:00:00.000000000,448.92,387.60014
2021-10-07T20:00:00.000000000,440.47,381.8977
2021-10-07T21:00:00.000000000,433.83,375.15853
2021-10-07T22:00:00.000000000,432.87,368.65466
2021-10-07T23:00:00.000000000,427.46,363.96293
2021-10-08T00:00:00.000000000,339.78,403.9967
2021-10-08T01:00:00.000000000,420.96,399.64593
2021-10-08T02:00:00.000000000,424.16,397.74928
2021-10-08T03:00:00.000000000,428.77,396.58181
2021-10-08T04:00:00.000000000,430.76,393.2065
2021-10-08T05:00:00.000000000,433.36,384.49332
2021-10-08T06:00:00.000000000,429.78,368.99838
2021-10-08T07:00:00.000000000,411.92,350.57932
2021-10-08T08:00:00.000000000,383.05,331.93184
2021-10-08T09:00:00.000000000,351.32,315.73116
2021-10-08T10:00:00.000000000,326.85,302.91883
2021-10-08T11:00:00.000000000,309.47,293.6934
2021-10-08T12:00:00.000000000,303.55,289.52732
2021-10-08T13:00:00.000000000,308.85,290.99578
2021-10-08T14:00:00.000000000,330.54,299.02098
2021-10-08T15:00:00.000000000,364.35,312.36789
2021-10-08T16:00:00.000000000,401.62,327.88777
2021-10-08T17:00:00.000000000,404.27,339.70287
2021-10-08T18:00:00.000000000,380.07,343.53515
2021-10-08T19:00:00.000000000,359.43,339.235
2021-10-08T20:00:00.000000000,345.01,329.64592
2021-10-08T21:00:00.000000000,335.58,317.75383
2021-10-08T22:00:00.000000000,322.62,305.955
2021-10-08T23:00:00.000000000,309.03,296.90723
2021-10-09T00:00:00.000000000,314.87,340.68626
2021-10-09T01:00:00.000000000,322.65,329.83054
2021-10-09T02:00:00.000000000,333.12,324.67465
2021-10-09T03:00:00.000000000,340.4,323.00661
2021-10-09T04:00:00.000000000,340.55,320.98993
2021-10-09T05:00:00.000000000,342.33,313.96697
2021-10-09T06:00:00.000000000,337.73,299.14261
2021-10-09T07:00:00.000000000,309.2,279.02946
2021-10-09T08:00:00.000000000,282.53,255.73381
2021-10-09T09:00:00.000000000,250.96,232.72969
2021-10-09T10:00:00.000000000,213.91,213.01978
2021-10-09T11:00:00.000000000,193.03,198.42159
2021-10-09T12:00:00.000000000,194.37,191.03156
2021-10-09T13:00:00.000000000,207.79,191.90482
2021-10-09T14:00:00.000000000,239.61,202.6273
2021-10-09T15:00:00.000000000,298.68,222.93231
2021-10-09T16:00:00.000000000,357.1,249.91151
2021-10-09T17:00:00.000000000,358.25,276.22901
2021-10-09T18:00:00.000000000,328.23,294.53727
2021-10-09T19:00:00.000000000,305.44,300.98459
2021-10-09T20:00:00.000000000,287.17,295.66128
2021-10-09T21:00:00.000000000,280.95,281.36425
2021-10-09T22:00:00.000000000,283.04,262.30185
2021-10-09T23:00:00.000000000,296.07,244.23759
2021-10-07T00:00:00.000000000,426.72,401.59333
2021-10-07T01:00:00.000000000,441.64,396.10184
2021-10-07T02:00:00.000000000,450.22,393.92497
2021-10-07T03:00:00.000000000,461.86,394.24921
2021-10-07T04:00:00.000000000,465.72,395.08645
2021-10-07T05:00:00.000000000,466.87,394.1252
2021-10-07T06:00:00.000000000,463.82,388.83514
2021-10-07T07:00:00.000000000,432.74,380.64376
2021-10-07T08:00:00.000000000,395.48,370.40418
2021-10-07T09:00:00.000000000,365.25,360.17391
2021-10-07T10:00:00.000000000,344.97,350.80292
2021-10-07T11:00:00.000000000,336.51,342.50436
2021-10-07T12:00:00.000000000,338.23,336.99168
2021-10-07T13:00:00.000000000,350.0,334.94838
2021-10-07T14:00:00.000000000,374.35,337.65386
2021-10-07T15:00:00.000000000,406.04,344.7341
2021-10-07T16:00:00.000000000,443.56,355.044
2021-10-07T17:00:00.000000000,461.89,364.66258
2021-10-07T18:00:00.000000000,456.62,369.95869
2021-10-07T19:00:00.000000000,448.92,369.4151
2021-10-07T20:00:00.000000000,440.47,363.87128
2021-10-07T21:00:00.000000000,433.83,355.1351
2021-10-07T22:00:00.000000000,432.87,345.37043
2021-10-07T23:00:00.000000000,427.46,336.82881
2021-10-08T00:00:00.000000000,339.78,377.94185
2021-10-08T01:00:00.000000000,420.96,370.42032
2021-10-08T02:00:00.000000000,424.16,366.86502
2021-10-08T03:00:00.000000000,428.77,365.60071
2021-10-08T04:00:00.000000000,430.76,362.83452
2021-10-08T05:00:00.000000000,433.36,353.83711
2021-10-08T06:00:00.000000000,429.78,336.77128
2021-10-08T07:00:00.000000000,411.92,316.16326
2021-10-08T08:00:00.000000000,383.05,295.26998
2021-10-08T09:00:00.000000000,351.32,276.81404
2021-10-08T10:00:00.000000000,326.85,261.62598
2021-10-08T11:00:00.000000000,309.47,250.01013
2021-10-08T12:00:00.000000000,303.55,243.52459
2021-10-08T13:00:00.000000000,308.85,243.34964
2021-10-08T14:00:00.000000000,330.54,251.52976
2021-10-08T15:00:00.000000000,364.35,267.60234
2021-10-08T16:00:00.000000000,401.62,287.76824
2021-10-08T17:00:00.000000000,404.27,304.13961
2021-10-08T18:00:00.000000000,380.07,310.38078
2021-10-08T19:00:00.000000000,359.43,305.7233
2021-10-08T20:00:00.000000000,345.01,293.48849
2021-10-08T21:00:00.000000000,335.58,277.09258
2021-10-08T22:00:00.000000000,322.62,259.48757
2021-10-08T23:00:00.000000000,309.03,244.67992
2021-10-09T00:00:00.000000000,314.87,291.00294
2021-10-09T01:00:00.000000000,322.65,288.707
2021-10-09T02:00:00.000000000,333.12,290.02866
2021-10-09T03:00:00.000000000,340.4,291.07456
2021-10-09T04:00:00.000000000,340.55,287.32961
2021-10-09T05:00:00.000000000,342.33,274.86201
2021-10-09T06:00:00.000000000,337.73,252.99878
2021-10-09T07:00:00.000000000,309.2,226.92305
2021-10-09T08:00:00.000000000,282.53,200.82447
2021-10-09T09:00:00.000000000,250.96,178.95324
2021-10-09T10:00:00.000000000,213.91,163.559
2021-10-09T11:00:00.000000000,193.03,155.77216
2021-10-09T12:00:00.000000000,194.37,157.04935
2021-10-09T13:00:00.000000000,207.79,167.97398
2021-10-09T14:00:00.000000000,239.61,188.82161
2021-10-09T15:00:00.000000000,298.68,216.96727
2021-10-09T16:00:00.000000000,357.1,246.80221
2021-10-09T17:00:00.000000000,358.25,270.12235
2021-10-09T18:00:00.000000000,328.23,281.1707
2021-10-09T19:00:00.000000000,305.44,279.46328
2021-10-09T20:00:00.000000000,287.17,268.61315
2021-10-09T21:00:00.000000000,280.95,253.68052
2021-10-09T22:00:00.000000000,283.04,238.92713
2021-10-09T23:00:00.000000000,296.07,228.36294
2021-10-10T00:00:00.000000000,333.45,271.88177
2021-10-10T01:00:00.000000000,336.79,277.3021
2021-10-10T02:00:00.000000000,353.79,289.58829
2021-10-10T03:00:00.000000000,367.98,303.94246
2021-10-10T04:00:00.000000000,381.19,315.09657
2021-10-10T05:00:00.000000000,397.68,317.71187
2021-10-10T06:00:00.000000000,395.54,308.74677
2021-10-10T07:00:00.000000000,354.2,291.70262
2021-10-10T08:00:00.000000000,303.88,270.68354
2021-10-10T09:00:00.000000000,266.58,250.593
2021-10-10T10:00:00.000000000,242.14,235.1812
2021-10-10T11:00:00.000000000,226.3,227.46365
2021-10-10T12:00:00.000000000,219.97,230.66214
2021-10-10T13:00:00.000000000,231.36,245.43047
2021-10-10T14:00:00.000000000,261.16,270.56861
2021-10-10T15:00:00.000000000,325.58,302.12753
2021-10-10T16:00:00.000000000,403.87,333.84994
2021-10-10T17:00:00.000000000,423.24,357.60213
2021-10-10T18:00:00.000000000,403.97,368.37571
2021-10-10T19:00:00.000000000,386.32,367.07421
2021-10-10T20:00:00.000000000,373.1,357.67139
2021-10-10T21:00:00.000000000,373.68,344.63827
2021-10-10T22:00:00.000000000,360.52,331.93133
2021-10-10T23:00:00.000000000,348.68,323.25119
2021-10-08T00:00:00.000000000,339.78,458.27537
2021-10-08T01:00:00.000000000,420.96,453.689
2021-10-08T02:00:00.000000000,424.16,451.30214
2021-10-08T03:00:00.000000000,428.77,448.66372
2021-10-08T04:00:00.000000000,430.76,442.23345
2021-10-08T05:00:00.000000000,433.36,429.04736
2021-10-08T06:00:00.000000000,429.78,408.62679
2021-10-08T07:00:00.000000000,411.92,386.34392
2021-10-08T08:00:00.000000000,383.05,365.79186
2021-10-08T09:00:00.000000000,351.32,349.76099
2021-10-08T10:00:00.000000000,326.85,338.92252
2021-10-08T11:00:00.000000000,309.47,332.76382
2021-10-08T12:00:00.000000000,303.55,332.16114
2021-10-08T13:00:00.000000000,308.85,337.19873
2021-10-08T14:00:00.000000000,330.54,348.56797
2021-10-08T15:00:00.000000000,364.35,364.71697
2021-10-08T16:00:00.000000000,401.62,381.64756
2021-10-08T17:00:00.000000000,404.27,392.23498
2021-10-08T18:00:00.000000000,380.07,391.62784
2021-10-08T19:00:00.000000000,359.43,380.46314
2021-10-08T20:00:00.000000000,345.01,363.29771
2021-10-08T21:00:00.000000000,335.58,344.48937
2021-10-08T22:00:00.000000000,322.62,327.5437
2021-10-08T23:00:00.000000000,309.03,315.45281
2021-10-09T00:00:00.000000000,314.87,345.97987
2021-10-09T01:00:00.000000000,322.65,342.1737
2021-10-09T02:00:00.000000000,333.12,341.22661
2021-10-09T03:00:00.000000000,340.4,339.17762
2021-10-09T04:00:00.000000000,340.55,332.45717
2021-10-09T05:00:00.000000000,342.33,318.83558
2021-10-09T06:00:00.000000000,337.73,298.24486
2021-10-09T07:00:00.000000000,309.2,275.16194
2021-10-09T08:00:00.000000000,282.53,252.20628
2021-10-09T09:00:00.000000000,250.96,232.18886
2021-10-09T10:00:00.000000000,213.91,217.10199
2021-10-09T11:00:00.000000000,193.03,208.85044
2021-10-09T12:00:00.000000000,194.37,210.11015
2021-10-09T13:00:00.000000000,207.79,221.55216
2021-10-09T14:00:00.000000000,239.61,242.4261
2021-10-09T15:00:00.000000000,298.68,269.08911
2021-10-09T16:00:00.000000000,357.1,296.21241
2021-10-09T17:00:00.000000000,358.25,316.92408
2021-10-09T18:00:00.000000000,328.23,326.87145
2021-10-09T19:00:00.000000000,305.44,325.75153
2021-10-09T20:00:00.000000000,287.17,316.08696
2021-10-09T21:00:00.000000000,280.95,301.67357
2021-10-09T22:00:00.000000000,283.04,286.53418
2021-10-09T23:00:00.000000000,296.07,275.07003
2021-10-10T00:00:00.000000000,333.45,330.39512
2021-10-10T01:00:00.000000000,336.79,340.51505
2021-10-10T02:00:00.000000000,353.79,354.04918
2021-10-10T03:00:00.000000000,367.98,365.56395
2021-10-10T04:00:00.000000000,381.19,370.40555
2021-10-10T05:00:00.000000000,397.68,365.96302
2021-10-10T06:00:00.000000000,395.54,351.79984
2021-10-10T07:00:00.000000000,354.2,332.51403
2021-10-10T08:00:00.000000000,303.88,311.94259
2021-10-10T09:00:00.000000000,266.58,294.27134
2021-10-10T10:00:00.000000000,242.14,282.39952
2021-10-10T11:00:00.000000000,226.3,278.89829
2021-10-10T12:00:00.000000000,219.97,286.77942
2021-10-10T13:00:00.000000000,231.36,305.61596
2021-10-10T14:00:00.000000000,261.16,331.90017
2021-10-10T15:00:00.000000000,325.58,358.76965
2021-10-10T16:00:00.000000000,403.87,379.13983
2021-10-10T17:00:00.000000000,423.24,387.35478
2021-10-10T18:00:00.000000000,403.97,382.52811
2021-10-10T19:00:00.000000000,386.32,368.74148
2021-10-10T20:00:00.000000000,373.1,351.9259
2021-10-10T21:00:00.000000000,373.68,337.09625
2021-10-10T22:00:00.000000000,360.52,327.67085
2021-10-10T23:00:00.000000000,348.68,325.36474
2021-10-11T00:00:00.000000000,304.72,365.39307
2021-10-11T01:00:00.000000000,331.08,370.86518
2021-10-11T02:00:00.000000000,331.11,380.00333
2021-10-11T03:00:00.000000000,344.41,389.45065
2021-10-11T04:00:00.000000000,367.68,395.38476
2021-10-11T05:00:00.000000000,377.88,394.49525
2021-10-11T06:00:00.000000000,373.32,384.85221
2021-10-11T07:00:00.000000000,354.31,369.72237
2021-10-11T08:00:00.000000000,331.11,352.35147
2021-10-11T09:00:00.000000000,309.37,336.74852
2021-10-11T10:00:00.000000000,287.65,325.42439
2021-10-11T11:00:00.000000000,272.28,319.77424
2021-10-11T12:00:00.000000000,262.77,321.80165
2021-10-11T13:00:00.000000000,266.27,331.10163
2021-10-11T14:00:00.000000000,286.56,346.17501
2021-10-11T15:00:00.000000000,314.12,363.18714
2021-10-11T16:00:00.000000000,337.9,377.59133
2021-10-11T17:00:00.000000000,343.76,384.06746
2021-10-11T18:00:00.000000000,338.45,380.09908
2021-10-11T19:00:00.000000000,334.13,367.79756
2021-10-11T20:00:00.000000000,328.44,351.9773
2021-10-11T21:00:00.000000000,314.8,336.99608
2021-10-11T22:00:00.000000000,306.48,326.04311
2021-10-11T23:00:00.000000000,295.48,320.96825
2021-10-09T00:00:00.000000000,314.87,326.45829
2021-10-09T01:00:00.000000000,322.65,326.68488
2021-10-09T02:00:00.000000000,333.12,333.16226
2021-10-09T03:00:00.000000000,340.4,340.91791
2021-10-09T04:00:00.000000000,340.55,343.50808
2021-10-09T05:00:00.000000000,342.33,335.14896
2021-10-09T06:00:00.000000000,337.73,314.74666
2021-10-09T07:00:00.000000000,309.2,288.74525
2021-10-09T08:00:00.000000000,282.53,262.50147
2021-10-09T09:00:00.000000000,250.96,240.31818
2021-10-09T10:00:00.000000000,213.91,224.26686
2021-10-09T11:00:00.000000000,193.03,215.79776
2021-10-09T12:00:00.000000000,194.37,217.16503
2021-10-09T13:00:00.000000000,207.79,229.48694
2021-10-09T14:00:00.000000000,239.61,252.98916
2021-10-09T15:00:00.000000000,298.68,284.18438
2021-10-09T16:00:00.000000000,357.1,315.67436
2021-10-09T17:00:00.000000000,358.25,337.10291
2021-10-09T18:00:00.000000000,328.23,342.08432
2021-10-09T19:00:00.000000000,305.44,331.92807
2021-10-09T20:00:00.000000000,287.17,312.47801
2021-10-09T21:00:00.000000000,280.95,289.58803
2021-10-09T22:00:00.000000000,283.04,268.11602
2021-10-09T23:00:00.000000000,296.07,252.7778
2021-10-10T00:00:00.000000000,333.45,301.30908
2021-10-10T01:00:00.000000000,336.79,311.56295
2021-10-10T02:00:00.000000000,353.79,325.97478
2021-10-10T03:00:00.000000000,367.98,338.69634
2021-10-10T04:00:00.000000000,381.19,344.36476
2021-10-10T05:00:00.000000000,397.68,339.52814
2021-10-10T06:00:00.000000000,395.54,323.81198
2021-10-10T07:00:00.000000000,354.2,302.47124
2021-10-10T08:00:00.000000000,303.88,279.97725
2021-10-10T09:00:00.000000000,266.58,260.74442
2021-10-10T10:00:00.000000000,242.14,247.75577
2021-10-10T11:00:00.000000000,226.3,243.65551
2021-10-10T12:00:00.000000000,219.97,251.40177
2021-10-10T13:00:00.000000000,231.36,270.77222
2021-10-10T14:00:00.000000000,261.16,298.39988
2021-10-10T15:00:00.000000000,325.58,327.21375
2021-10-10T16:00:00.000000000,403.87,349.32054
2021-10-10T17:00:00.000000000,423.24,358.21417
2021-10-10T18:00:00.000000000,403.97,352.60007
2021-10-10T19:00:00.000000000,386.32,336.83223
2021-10-10T20:00:00.000000000,373.1,317.44068
2021-10-10T21:00:00.000000000,373.68,299.95079
2021-10-10T22:00:00.000000000,360.52,288.11826
2021-10-10T23:00:00.000000000,348.68,284.12337
2021-10-11T00:00:00.000000000,304.72,318.45078
2021-10-11T01:00:00.000000000,331.08,321.75161
2021-10-11T02:00:00.000000000,331.11,327.6963
2021-10-11T03:00:00.000000000,344.41,332.29147
2021-10-11T04:00:00.000000000,367.68,331.98054
2021-10-11T05:00:00.000000000,377.88,324.46025
2021-10-11T06:00:00.000000000,373.32,309.21042
2021-10-11T07:00:00.000000000,354.31,290.07334
2021-10-11T08:00:00.000000000,331.11,269.97658
2021-10-11T09:00:00.000000000,309.37,252.31377
2021-10-11T10:00:00.000000000,287.65,239.5886
2021-10-11T11:00:00.000000000,272.28,233.45191
2021-10-11T12:00:00.000000000,262.77,235.91104
2021-10-11T13:00:00.000000000,266.27,246.60709
2021-10-11T14:00:00.000000000,286.56,263.36041
2021-10-11T15:00:00.000000000,314.12,281.31406
2021-10-11T16:00:00.000000000,337.9,295.31638
2021-10-11T17:00:00.000000000,343.76,300.93691
2021-10-11T18:00:00.000000000,338.45,296.97953
2021-10-11T19:00:00.000000000,334.13,285.4174
2021-10-11T20:00:00.000000000,328.44,270.00233
2021-10-11T21:00:00.000000000,314.8,254.82176
2021-10-11T22:00:00.000000000,306.48,243.30593
2021-10-11T23:00:00.000000000,295.48,238.01321
2021-10-12T00:00:00.000000000,362.45,295.86022
2021-10-12T01:00:00.000000000,295.54,293.89138
2021-10-12T02:00:00.000000000,297.35,294.04703
2021-10-12T03:00:00.000000000,306.99,294.53654
2021-10-12T04:00:00.000000000,324.99,294.21797
2021-10-12T05:00:00.000000000,338.06,291.53882
2021-10-12T06:00:00.000000000,343.31,284.73936
2021-10-12T07:00:00.000000000,343.91,275.5972
2021-10-12T08:00:00.000000000,337.92,265.17134
2021-10-12T09:00:00.000000000,328.59,255.86976
2021-10-12T10:00:00.000000000,315.5,249.64113
2021-10-12T11:00:00.000000000,306.37,248.4878
2021-10-12T12:00:00.000000000,301.0,254.58361
2021-10-12T13:00:00.000000000,303.62,266.94425
2021-10-12T14:00:00.000000000,314.57,283.1441
2021-10-12T15:00:00.000000000,333.2,299.48615
2021-10-12T16:00:00.000000000,359.86,313.03256
2021-10-12T17:00:00.000000000,370.03,321.21824
2021-10-12T18:00:00.000000000,371.4,323.21992
2021-10-12T19:00:00.000000000,372.81,320.19374
2021-10-12T20:00:00.000000000,374.02,314.07688
2021-10-12T21:00:00.000000000,377.54,306.59115
2021-10-12T22:00:00.000000000,375.61,299.2776
2021-10-12T23:00:00.000000000,376.9,293.98376
2021-10-10T00:00:00.000000000,333.45,312.58337
2021-10-10T01:00:00.000000000,336.79,320.97553
2021-10-10T02:00:00.000000000,353.79,335.83518
2021-10-10T03:00:00.000000000,367.98,351.00482
2021-10-10T04:00:00.000000000,381.19,359.67826
2021-10-10T05:00:00.000000000,397.68,356.46916
2021-10-10T06:00:00.000000000,395.54,340.0202
2021-10-10T07:00:00.000000000,354.2,316.18717
2021-10-10T08:00:00.000000000,303.88,290.60992
2021-10-10T09:00:00.000000000,266.58,268.73966
2021-10-10T10:00:00.000000000,242.14,254.02218
2021-10-10T11:00:00.000000000,226.3,248.84596
2021-10-10T12:00:00.000000000,219.97,256.11018
2021-10-10T13:00:00.000000000,231.36,276.42504
2021-10-10T14:00:00.000000000,261.16,307.94884
2021-10-10T15:00:00.000000000,325.58,344.66635
2021-10-10T16:00:00.000000000,403.87,377.54215
2021-10-10T17:00:00.000000000,423.24,396.63157
2021-10-10T18:00:00.000000000,403.97,397.29608
2021-10-10T19:00:00.000000000,386.32,382.94183
2021-10-10T20:00:00.000000000,373.1,361.11078
2021-10-10T21:00:00.000000000,373.68,338.86844
2021-10-10T22:00:00.000000000,360.52,321.34634
2021-10-10T23:00:00.000000000,348.68,311.72938
2021-10-11T00:00:00.000000000,304.72,324.55319
2021-10-11T01:00:00.000000000,331.08,328.70323
2021-10-11T02:00:00.000000000,331.11,334.86419
2021-10-11T03:00:00.000000000,344.41,338.60636
2021-10-11T04:00:00.000000000,367.68,336.59926
2021-10-11T05:00:00.000000000,377.88,327.24104
2021-10-11T06:00:00.000000000,373.32,310.59996
2021-10-11T07:00:00.000000000,354.31,290.704
2021-10-11T08:00:00.000000000,331.11,270.34436
2021-10-11T09:00:00.000000000,309.37,252.66828
2021-10-11T10:00:00.000000000,287.65,240.14818
2021-10-11T11:00:00.000000000,272.28,234.45667
2021-10-11T12:00:00.000000000,262.77,237.46308
2021-10-11T13:00:00.000000000,266.27,248.28914
2021-10-11T14:00:00.000000000,286.56,264.24684
2021-10-11T15:00:00.000000000,314.12,280.37148
2021-10-11T16:00:00.000000000,337.9,291.98704
2021-10-11T17:00:00.000000000,343.76,295.41344
2021-10-11T18:00:00.000000000,338.45,289.86378
2021-10-11T19:00:00.000000000,334.13,277.24401
2021-10-11T20:00:00.000000000,328.44,261.02032
2021-10-11T21:00:00.000000000,314.8,245.06969
2021-10-11T22:00:00.000000000,306.48,232.95937
2021-10-11T23:00:00.000000000,295.48,227.62746
2021-10-12T00:00:00.000000000,362.45,288.91282
2021-10-12T01:00:00.000000000,295.54,285.44402
2021-10-12T02:00:00.000000000,297.35,283.05918
2021-10-12T03:00:00.000000000,306.99,279.2396
2021-10-12T04:00:00.000000000,324.99,273.00068
2021-10-12T05:00:00.000000000,338.06,264.49765
2021-10-12T06:00:00.000000000,343.31,253.6502
2021-10-12T07:00:00.000000000,343.91,242.37686
2021-10-12T08:00:00.000000000,337.92,230.78392
2021-10-12T09:00:00.000000000,328.59,220.70628
2021-10-12T10:00:00.000000000,315.5,214.00892
2021-10-12T11:00:00.000000000,306.37,212.39793
2021-10-12T12:00:00.000000000,301.0,218.29282
2021-10-12T13:00:00.000000000,303.62,231.5765
2021-10-12T14:00:00.000000000,314.57,250.32135
2021-10-12T15:00:00.000000000,333.2,270.3972
2021-10-12T16:00:00.000000000,359.86,288.13346
2021-10-12T17:00:00.000000000,370.03,300.88831
2021-10-12T18:00:00.000000000,371.4,307.90836
2021-10-12T19:00:00.000000000,372.81,309.45915
2021-10-12T20:00:00.000000000,374.02,306.52642
2021-10-12T21:00:00.000000000,377.54,301.20088
2021-10-12T22:00:00.000000000,375.61,295.70429
2021-10-12T23:00:00.000000000,376.9,291.8877
2021-10-13T00:00:00.000000000,361.52,353.6462
2021-10-13T01:00:00.000000000,388.35,351.56834
2021-10-13T02:00:00.000000000,386.18,352.8237
2021-10-13T03:00:00.000000000,387.62,355.82964
2021-10-13T04:00:00.000000000,398.79,359.17512
2021-10-13T05:00:00.000000000,403.02,360.58965
2021-10-13T06:00:00.000000000,401.43,357.25535
2021-10-13T07:00:00.000000000,391.85,350.76396
2021-10-13T08:00:00.000000000,375.57,342.24498
2021-10-13T09:00:00.000000000,357.43,334.14987
2021-10-13T10:00:00.000000000,338.28,328.12605
2021-10-13T11:00:00.000000000,328.12,325.74222
2021-10-13T12:00:00.000000000,326.82,329.27551
2021-10-13T13:00:00.000000000,337.93,337.92568
2021-10-13T14:00:00.000000000,352.73,350.46376
2021-10-13T15:00:00.000000000,381.79,364.9827
2021-10-13T16:00:00.000000000,410.6,379.71439
2021-10-13T17:00:00.000000000,412.29,391.363
2021-10-13T18:00:00.000000000,399.44,397.26982
2021-10-13T19:00:00.000000000,388.46,397.67924
2021-10-13T20:00:00.000000000,377.8,394.34772
2021-10-13T21:00:00.000000000,364.09,388.55697
2021-10-13T22:00:00.000000000,355.58,381.45915
2021-10-13T23:00:00.000000000,357.69,374.89837
2021-10-11T00:00:00.000000000,304.72,331.31752
2021-10-11T01:00:00.000000000,331.08,326.3573
2021-10-11T02:00:00.000000000,331.11,326.99854
2021-10-11T03:00:00.000000000,344.41,331.0053
2021-10-11T04:00:00.000000000,367.68,333.7958
2021-10-11T05:00:00.000000000,377.88,329.60825
2021-10-11T06:00:00.000000000,373.32,315.49688
2021-10-11T07:00:00.000000000,354.31,295.49002
2021-10-11T08:00:00.000000000,331.11,273.6254
2021-10-11T09:00:00.000000000,309.37,254.06064
2021-10-11T10:00:00.000000000,287.65,239.10193
2021-10-11T11:00:00.000000000,272.28,229.67943
2021-10-11T12:00:00.000000000,262.77,227.51814
2021-10-11T13:00:00.000000000,266.27,233.61486
2021-10-11T14:00:00.000000000,286.56,248.73784
2021-10-11T15:00:00.000000000,314.12,270.56646
2021-10-11T16:00:00.000000000,337.9,293.51199
2021-10-11T17:00:00.000000000,343.76,309.33023
2021-10-11T18:00:00.000000000,338.45,312.59392
2021-10-11T19:00:00.000000000,334.13,303.72298
2021-10-11T20:00:00.000000000,328.44,287.22842
2021-10-11T21:00:00.000000000,314.8,268.00189
2021-10-11T22:00:00.000000000,306.48,249.74614
2021-10-11T23:00:00.000000000,295.48,235.82408
2021-10-12T00:00:00.000000000,362.45,282.63287
2021-10-12T01:00:00.000000000,295.54,281.03291
2021-10-12T02:00:00.000000000,297.35,280.69961
2021-10-12T03:00:00.000000000,306.99,279.07185
2021-10-12T04:00:00.000000000,324.99,275.26161
2021-10-12T05:00:00.000000000,338.06,269.07884
2021-10-12T06:00:00.000000000,343.31,260.00103
2021-10-12T07:00:00.000000000,343.91,250.21852
2021-10-12T08:00:00.000000000,337.92,240.41274
2021-10-12T09:00:00.000000000,328.59,232.70367
2021-10-12T10:00:00.000000000,315.5,228.98972
2021-10-12T11:00:00.000000000,306.37,231.20087
2021-10-12T12:00:00.000000000,301.0,241.63378
2021-10-12T13:00:00.000000000,303.62,259.21511
2021-10-12T14:00:00.000000000,314.57,280.92481
2021-10-12T15:00:00.000000000,333.2,302.09715
2021-10-12T16:00:00.000000000,359.86,319.02086
2021-10-12T17:00:00.000000000,370.03,329.38596
2021-10-12T18:00:00.000000000,371.4,333.11353
2021-10-12T19:00:00.000000000,372.81,331.73194
2021-10-12T20:00:00.000000000,374.02,327.1587
2021-10-12T21:00:00.000000000,377.54,321.32603
2021-10-12T22:00:00.000000000,375.61,315.92364
2021-10-12T23:00:00.000000000,376.9,312.4067
2021-10-13T00:00:00.000000000,361.52,365.59064
2021-10-13T01:00:00.000000000,388.35,365.30271
2021-10-13T02:00:00.000000000,386.18,366.59024
2021-10-13T03:00:00.000000000,387.62,366.99619
2021-10-13T04:00:00.000000000,398.79,365.1642
2021-10-13T05:00:00.000000000,403.02,360.20341
2021-10-13T06:00:00.000000000,401.43,350.95781
2021-10-13T07:00:00.000000000,391.85,339.80829
2021-10-13T08:00:00.000000000,375.57,327.78544
2021-10-13T09:00:00.000000000,357.43,317.00693
2021-10-13T10:00:00.000000000,338.28,309.14126
2021-10-13T11:00:00.000000000,328.12,306.2482
2021-10-13T12:00:00.000000000,326.82,311.10742
2021-10-13T13:00:00.000000000,337.93,322.87633
2021-10-13T14:00:00.000000000,352.73,339.01342
2021-10-13T15:00:00.000000000,381.79,355.61671
2021-10-13T16:00:00.000000000,410.6,369.78394
2021-10-13T17:00:00.000000000,412.29,378.87613
2021-10-13T18:00:00.000000000,399.44,382.01784
2021-10-13T19:00:00.000000000,388.46,380.48105
2021-10-13T20:00:00.000000000,377.8,376.25342
2021-10-13T21:00:00.000000000,364.09,370.78
2021-10-13T22:00:00.000000000,355.58,365.32426
2021-10-13T23:00:00.000000000,357.69,361.64458
2021-10-14T00:00:00.000000000,244.2,395.45476
2021-10-14T01:00:00.000000000,339.42,403.31433
2021-10-14T02:00:00.000000000,329.04,410.40115
2021-10-14T03:00:00.000000000,337.25,413.14268
2021-10-14T04:00:00.000000000,353.17,410.29394
2021-10-14T05:00:00.000000000,362.11,402.8226
2021-10-14T06:00:00.000000000,362.79,391.50912
2021-10-14T07:00:00.000000000,355.43,379.14029
2021-10-14T08:00:00.000000000,342.94,366.75971
2021-10-14T09:00:00.000000000,326.04,356.12489
2021-10-14T10:00:00.000000000,307.29,348.40723
2021-10-14T11:00:00.000000000,289.36,344.21727
2021-10-14T12:00:00.000000000,282.24,344.16384
2021-10-14T13:00:00.000000000,283.09,345.52373
2021-10-14T14:00:00.000000000,285.8,345.99234
2021-10-14T15:00:00.000000000,300.26,343.87335
2021-10-14T16:00:00.000000000,319.32,339.70958
2021-10-14T17:00:00.000000000,323.47,333.36709
2021-10-14T18:00:00.000000000,316.51,324.25377
2021-10-14T19:00:00.000000000,298.23,312.68707
2021-10-14T20:00:00.000000000,277.91,300.18433
2021-10-14T21:00:00.000000000,259.49,288.39422
2021-10-14T22:00:00.000000000,234.62,279.85673
2021-10-14T23:00:00.000000000,215.78,277.38806
2021-10-12T00:00:00.000000000,362.45,295.25486
2021-10-12T01:00:00.000000000,295.54,291.63662
2021-10-12T02:00:00.000000000,297.35,293.17738
2021-10-12T03:00:00.000000000,306.99,298.87504
2021-10-12T04:00:00.000000000,324.99,307.12468
2021-10-12T05:00:00.000000000,338.06,314.33062
2021-10-12T06:00:00.000000000,343.31,316.30427
2021-10-12T07:00:00.000000000,343.91,313.7782
2021-10-12T08:00:00.000000000,337.92,307.83976
2021-10-12T09:00:00.000000000,328.59,301.06769
2021-10-12T10:00:00.000000000,315.5,295.34077
2021-10-12T11:00:00.000000000,306.37,292.30513
2021-10-12T12:00:00.000000000,301.0,293.98224
2021-10-12T13:00:00.000000000,303.62,299.94069
2021-10-12T14:00:00.000000000,314.57,309.96347
2021-10-12T15:00:00.000000000,333.2,323.58084
2021-10-12T16:00:00.000000000,359.86,339.72304
2021-10-12T17:00:00.000000000,370.03,354.70302
2021-10-12T18:00:00.000000000,371.4,364.86688
2021-10-12T19:00:00.000000000,372.81,369.33658
2021-10-12T20:00:00.000000000,374.02,368.67809
2021-10-12T21:00:00.000000000,377.54,363.62157
2021-10-12T22:00:00.000000000,375.61,355.42432
2021-10-12T23:00:00.000000000,376.9,346.57367
2021-10-13T00:00:00.000000000,361.52,367.53232
2021-10-13T01:00:00.000000000,388.35,366.56991
2021-10-13T02:00:00.000000000,386.18,368.24495
2021-10-13T03:00:00.000000000,387.62,370.44435
2021-10-13T04:00:00.000000000,398.79,370.83085
2021-10-13T05:00:00.000000000,403.02,367.17186
2021-10-13T06:00:00.000000000,401.43,357.93798
2021-10-13T07:00:00.000000000,391.85,345.58409
2021-10-13T08:00:00.000000000,375.57,331.62559
2021-10-13T09:00:00.000000000,357.43,318.48511
2021-10-13T10:00:00.000000000,338.28,307.74246
2021-10-13T11:00:00.000000000,328.12,300.7666
2021-10-13T12:00:00.000000000,326.82,299.70277
2021-10-13T13:00:00.000000000,337.93,304.43619
2021-10-13T14:00:00.000000000,352.73,314.12515
2021-10-13T15:00:00.000000000,381.79,326.00729
2021-10-13T16:00:00.000000000,410.6,336.88578
2021-10-13T17:00:00.000000000,412.29,342.43957
2021-10-13T18:00:00.000000000,399.44,339.91547
2021-10-13T19:00:00.000000000,388.46,329.99241
2021-10-13T20:00:00.000000000,377.8,315.85696
2021-10-13T21:00:00.000000000,364.09,300.69956
2021-10-13T22:00:00.000000000,355.58,287.34061
2021-10-13T23:00:00.000000000,357.69,278.45222
2021-10-14T00:00:00.000000000,244.2,275.61049
2021-10-14T01:00:00.000000000,339.42,276.99489
2021-10-14T02:00:00.000000000,329.04,278.85402
2021-10-14T03:00:00.000000000,337.25,278.23835
2021-10-14T04:00:00.000000000,353.17,275.19495
2021-10-14T05:00:00.000000000,362.11,270.598
2021-10-14T06:00:00.000000000,362.79,264.38586
2021-10-14T07:00:00.000000000,355.43,257.51829
2021-10-14T08:00:00.000000000,342.94,249.5022
2021-10-14T09:00:00.000000000,326.04,241.17772
2021-10-14T10:00:00.000000000,307.29,233.92794
2021-10-14T11:00:00.000000000,289.36,230.72368
2021-10-14T12:00:00.000000000,282.24,233.64156
2021-10-14T13:00:00.000000000,283.09,240.00899
2021-10-14T14:00:00.000000000,285.8,245.88839
2021-10-14T15:00:00.000000000,300.26,248.01146
2021-10-14T16:00:00.000000000,319.32,246.8288
2021-10-14T17:00:00.000000000,323.47,243.50752
2021-10-14T18:00:00.000000000,316.51,238.19541
2021-10-14T19:00:00.000000000,298.23,230.67142
2021-10-14T20:00:00.000000000,277.91,220.86309
2021-10-14T21:00:00.000000000,259.49,208.95066
2021-10-14T22:00:00.000000000,234.62,196.88223
2021-10-14T23:00:00.000000000,215.78,188.96349
2021-10-15T00:00:00.000000000,312.41,220.91746
2021-10-15T01:00:00.000000000,208.44,216.50537
2021-10-15T02:00:00.000000000,205.64,216.44397
2021-10-15T03:00:00.000000000,209.14,219.7721
2021-10-15T04:00:00.000000000,225.17,225.50781
2021-10-15T05:00:00.000000000,238.22,231.33121
2021-10-15T06:00:00.000000000,245.18,234.27175
2021-10-15T07:00:00.000000000,233.44,234.54158
2021-10-15T08:00:00.000000000,212.3,232.17452
2021-10-15T09:00:00.000000000,196.03,229.06024
2021-10-15T10:00:00.000000000,186.71,226.59364
2021-10-15T11:00:00.000000000,180.21,226.06713
2021-10-15T12:00:00.000000000,183.64,228.98494
2021-10-15T13:00:00.000000000,204.02,235.28253
2021-10-15T14:00:00.000000000,237.85,245.1536
2021-10-15T15:00:00.000000000,277.37,258.46784
2021-10-15T16:00:00.000000000,317.46,274.75624
2021-10-15T17:00:00.000000000,327.55,291.21478
2021-10-15T18:00:00.000000000,327.05,304.41621
2021-10-15T19:00:00.000000000,330.39,312.61148
2021-10-15T20:00:00.000000000,332.58,315.22667
2021-10-15T21:00:00.000000000,337.14,312.74649
2021-10-15T22:00:00.000000000,337.22,306.50557
2021-10-15T23:00:00.000000000,345.4,298.68544
2021-10-13T00:00:00.000000000,361.52,390.65432
2021-10-13T01:00:00.000000000,388.35,385.61242
2021-10-13T02:00:00.000000000,386.18,385.03721
2021-10-13T03:00:00.000000000,387.62,388.27847
2021-10-13T04:00:00.000000000,398.79,392.90678
2021-10-13T05:00:00.000000000,403.02,394.75627
2021-10-13T06:00:00.000000000,401.43,390.22217
2021-10-13T07:00:00.000000000,391.85,381.31822
2021-10-13T08:00:00.000000000,375.57,370.16679
2021-10-13T09:00:00.000000000,357.43,359.86387
2021-10-13T10:00:00.000000000,338.28,351.9816
2021-10-13T11:00:00.000000000,328.12,347.17717
2021-10-13T12:00:00.000000000,326.82,346.7373
2021-10-13T13:00:00.000000000,337.93,350.15591
2021-10-13T14:00:00.000000000,352.73,357.96429
2021-10-13T15:00:00.000000000,381.79,369.6916
2021-10-13T16:00:00.000000000,410.6,383.20275
2021-10-13T17:00:00.000000000,412.29,392.59663
2021-10-13T18:00:00.000000000,399.44,392.47265
2021-10-13T19:00:00.000000000,388.46,382.6077
2021-10-13T20:00:00.000000000,377.8,366.84679
2021-10-13T21:00:00.000000000,364.09,348.6216
2021-10-13T22:00:00.000000000,355.58,330.87461
2021-10-13T23:00:00.000000000,357.69,316.5051
2021-10-14T00:00:00.000000000,244.2,327.29781
2021-10-14T01:00:00.000000000,339.42,329.33031
2021-10-14T02:00:00.000000000,329.04,331.34115
2021-10-14T03:00:00.000000000,337.25,331.67118
2021-10-14T04:00:00.000000000,353.17,330.55862
2021-10-14T05:00:00.000000000,362.11,328.60726
2021-10-14T06:00:00.000000000,362.79,325.09279
2021-10-14T07:00:00.000000000,355.43,320.61348
2021-10-14T08:00:00.000000000,342.94,314.36042
2021-10-14T09:00:00.000000000,326.04,307.08949
2021-10-14T10:00:00.000000000,307.29,299.82372
2021-10-14T11:00:00.000000000,289.36,294.2063
2021-10-14T12:00:00.000000000,282.24,291.83374
2021-10-14T13:00:00.000000000,283.09,290.86727
2021-10-14T14:00:00.000000000,285.8,289.51184
2021-10-14T15:00:00.000000000,300.26,286.56282
2021-10-14T16:00:00.000000000,319.32,282.94385
2021-10-14T17:00:00.000000000,323.47,278.68453
2021-10-14T18:00:00.000000000,316.51,272.6179
2021-10-14T19:00:00.000000000,298.23,264.16746
2021-10-14T20:00:00.000000000,277.91,253.99798
2021-10-14T21:00:00.000000000,259.49,242.9894
2021-10-14T22:00:00.000000000,234.62,233.09487
2021-10-14T23:00:00.000000000,215.78,227.30666
2021-10-15T00:00:00.000000000,312.41,278.64438
2021-10-15T01:00:00.000000000,208.44,273.58394
2021-10-15T02:00:00.000000000,205.64,272.0085
2021-10-15T03:00:00.000000000,209.14,272.41092
2021-10-15T04:00:00.000000000,225.17,273.8868
2021-10-15T05:00:00.000000000,238.22,275.00502
2021-10-15T06:00:00.000000000,245.18,273.48869
2021-10-15T07:00:00.000000000,233.44,270.64602
2021-10-15T08:00:00.000000000,212.3,267.02963
2021-10-15T09:00:00.000000000,196.03,264.79776
2021-10-15T10:00:00.000000000,186.71,265.48628
2021-10-15T11:00:00.000000000,180.21,269.75988
2021-10-15T12:00:00.000000000,183.64,278.99009
2021-10-15T13:00:00.000000000,204.02,292.3322
2021-10-15T14:00:00.000000000,237.85,309.11895
2021-10-15T15:00:00.000000000,277.37,328.02299
2021-10-15T16:00:00.000000000,317.46,347.29187
2021-10-15T17:00:00.000000000,327.55,364.14254
2021-10-15T18:00:00.000000000,327.05,376.36319
2021-10-15T19:00:00.000000000,330.39,383.62162
2021-10-15T20:00:00.000000000,332.58,386.33689
2021-10-15T21:00:00.000000000,337.14,385.26868
2021-10-15T22:00:00.000000000,337.22,381.39095
2021-10-15T23:00:00.000000000,345.4,375.90796
2021-10-16T00:00:00.000000000,332.08,413.44453
2021-10-16T01:00:00.000000000,358.88,410.14443
2021-10-16T02:00:00.000000000,361.45,410.44284
2021-10-16T03:00:00.000000000,369.82,413.58978
2021-10-16T04:00:00.000000000,373.64,417.36674
2021-10-16T05:00:00.000000000,381.29,418.7541
2021-10-16T06:00:00.000000000,379.8,414.74289
2021-10-16T07:00:00.000000000,362.97,407.20598
2021-10-16T08:00:00.000000000,339.81,398.03074
2021-10-16T09:00:00.000000000,311.97,390.10223
2021-10-16T10:00:00.000000000,283.13,384.52034
2021-10-16T11:00:00.000000000,258.3,380.9022
2021-10-16T12:00:00.000000000,256.75,379.8392
2021-10-16T13:00:00.000000000,267.81,380.63076
2021-10-16T14:00:00.000000000,294.87,384.01861
2021-10-16T15:00:00.000000000,339.02,390.07172
2021-10-16T16:00:00.000000000,375.33,398.1143
2021-10-16T17:00:00.000000000,390.53,404.5196
2021-10-16T18:00:00.000000000,380.74,405.8466
2021-10-16T19:00:00.000000000,371.95,401.71425
2021-10-16T20:00:00.000000000,367.24,394.27415
2021-10-16T21:00:00.000000000,359.0,385.46479
2021-10-16T22:00:00.000000000,343.36,376.79084
2021-10-16T23:00:00.000000000,326.71,369.43185
2021-10-14T00:00:00.000000000,244.2,359.06998
2021-10-14T01:00:00.000000000,339.42,363.15111
2021-10-14T02:00:00.000000000,329.04,367.77864
2021-10-14T03:00:00.000000000,337.25,370.88415
2021-10-14T04:00:00.000000000,353.17,371.83839
2021-10-14T05:00:00.000000000,362.11,370.67775
2021-10-14T06:00:00.000000000,362.79,366.1786
2021-10-14T07:00:00.000000000,355.43,358.98746
2021-10-14T08:00:00.000000000,342.94,349.04945
2021-10-14T09:00:00.000000000,326.04,338.19001
2021-10-14T10:00:00.000000000,307.29,328.42403
2021-10-14T11:00:00.000000000,289.36,321.33759
2021-10-14T12:00:00.000000000,282.24,318.23029
2021-10-14T13:00:00.000000000,283.09,317.06033
2021-10-14T14:00:00.000000000,285.8,316.13473
2021-10-14T15:00:00.000000000,300.26,314.29758
2021-10-14T16:00:00.000000000,319.32,312.07186
2021-10-14T17:00:00.000000000,323.47,308.61252
2021-10-14T18:00:00.000000000,316.51,302.01144
2021-10-14T19:00:00.000000000,298.23,291.44537
2021-10-14T20:00:00.000000000,277.91,278.01159
2021-10-14T21:00:00.000000000,259.49,263.71512
2021-10-14T22:00:00.000000000,234.62,251.69322
2021-10-14T23:00:00.000000000,215.78,245.2864
2021-10-15T00:00:00.000000000,312.41,272.05496
2021-10-15T01:00:00.000000000,208.44,266.58025
2021-10-15T02:00:00.000000000,205.64,264.12035
2021-10-15T03:00:00.000000000,209.14,263.23
2021-10-15T04:00:00.000000000,225.17,263.30988
2021-10-15T05:00:00.000000000,238.22,263.27418
2021-10-15T06:00:00.000000000,245.18,261.05126
2021-10-15T07:00:00.000000000,233.44,257.60043
2021-10-15T08:00:00.000000000,212.3,252.96324
2021-10-15T09:00:00.000000000,196.03,248.9338
2021-10-15T10:00:00.000000000,186.71,247.05703
2021-10-15T11:00:00.000000000,180.21,248.63266
2021-10-15T12:00:00.000000000,183.64,255.47413
2021-10-15T13:00:00.000000000,204.02,266.87466
2021-10-15T14:00:00.000000000,237.85,281.85265
2021-10-15T15:00:00.000000000,277.37,298.82412
2021-10-15T16:00:00.000000000,317.46,316.36928
2021-10-15T17:00:00.000000000,327.55,332.17905
2021-10-15T18:00:00.000000000,327.05,344.24614
2021-10-15T19:00:00.000000000,330.39,351.75858
2021-10-15T20:00:00.000000000,332.58,354.44281
2021-10-15T21:00:00.000000000,337.14,352.73589
2021-10-15T22:00:00.000000000,337.22,347.78843
2021-10-15T23:00:00.000000000,345.4,341.5234
2021-10-16T00:00:00.000000000,332.08,380.75449
2021-10-16T01:00:00.000000000,358.88,378.99351
2021-10-16T02:00:00.000000000,361.45,379.90164
2021-10-16T03:00:00.000000000,369.82,382.39657
2021-10-16T04:00:00.000000000,373.64,384.95383
2021-10-16T05:00:00.000000000,381.29,385.54698
2021-10-16T06:00:00.000000000,379.8,381.73418
2021-10-16T07:00:00.000000000,362.97,375.17287
2021-10-16T08:00:00.000000000,339.81,367.05321
2021-10-16T09:00:00.000000000,311.97,359.70381
2021-10-16T10:00:00.000000000,283.13,354.24911
2021-10-16T11:00:00.000000000,258.3,351.25531
2021-10-16T12:00:00.000000000,256.75,352.10748
2021-10-16T13:00:00.000000000,267.81,356.00993
2021-10-16T14:00:00.000000000,294.87,362.48033
2021-10-16T15:00:00.000000000,339.02,370.31708
2021-10-16T16:00:00.000000000,375.33,378.38814
2021-10-16T17:00:00.000000000,390.53,383.87917
2021-10-16T18:00:00.000000000,380.74,384.59223
2021-10-16T19:00:00.000000000,371.95,380.84093
2021-10-16T20:00:00.000000000,367.24,374.5801
2021-10-16T21:00:00.000000000,359.0,367.36192
2021-10-16T22:00:00.000000000,343.36,360.42509
2021-10-16T23:00:00.000000000,326.71,354.98425
2021-10-17T00:00:00.000000000,346.42,374.02758
2021-10-17T01:00:00.000000000,328.84,375.78499
2021-10-17T02:00:00.000000000,341.16,381.57552
2021-10-17T03:00:00.000000000,356.92,389.64144
2021-10-17T04:00:00.000000000,364.64,397.42985
2021-10-17T05:00:00.000000000,365.83,401.93942
2021-10-17T06:00:00.000000000,367.75,400.06195
2021-10-17T07:00:00.000000000,366.52,393.50946
2021-10-17T08:00:00.000000000,351.22,384.39886
2021-10-17T09:00:00.000000000,334.73,376.0962
2021-10-17T10:00:00.000000000,320.06,370.56363
2021-10-17T11:00:00.000000000,307.02,368.44449
2021-10-17T12:00:00.000000000,297.47,370.90973
2021-10-17T13:00:00.000000000,303.94,376.81272
2021-10-17T14:00:00.000000000,331.17,385.29578
2021-10-17T15:00:00.000000000,359.9,394.72265
2021-10-17T16:00:00.000000000,380.69,403.40338
2021-10-17T17:00:00.000000000,382.02,408.03503
2021-10-17T18:00:00.000000000,372.98,406.41579
2021-10-17T19:00:00.000000000,363.91,399.50414
2021-10-17T20:00:00.000000000,364.59,390.14081
2021-10-17T21:00:00.000000000,361.31,380.63688
2021-10-17T22:00:00.000000000,356.03,372.79266
2021-10-17T23:00:00.000000000,352.81,367.63098
2021-10-15T00:00:00.000000000,312.41,217.3888
2021-10-15T01:00:00.000000000,208.44,213.73019
2021-10-15T02:00:00.000000000,205.64,216.04356
2021-10-15T03:00:00.000000000,209.14,222.40182
2021-10-15T04:00:00.000000000,225.17,230.84311
2021-10-15T05:00:00.000000000,238.22,238.33653
2021-10-15T06:00:00.000000000,245.18,241.48891
2021-10-15T07:00:00.000000000,233.44,240.67895
2021-10-15T08:00:00.000000000,212.3,236.46015
2021-10-15T09:00:00.000000000,196.03,231.52026
2021-10-15T10:00:00.000000000,186.71,228.31022
2021-10-15T11:00:00.000000000,180.21,228.66167
2021-10-15T12:00:00.000000000,183.64,234.36084
2021-10-15T13:00:00.000000000,204.02,245.29145
2021-10-15T14:00:00.000000000,237.85,261.44027
2021-10-15T15:00:00.000000000,277.37,282.19968
2021-10-15T16:00:00.000000000,317.46,305.78718
2021-10-15T17:00:00.000000000,327.55,327.82696
2021-10-15T18:00:00.000000000,327.05,343.80255
2021-10-15T19:00:00.000000000,330.39,351.89893
2021-10-15T20:00:00.000000000,332.58,352.16802
2021-10-15T21:00:00.000000000,337.14,346.12629
2021-10-15T22:00:00.000000000,337.22,336.2921
2021-10-15T23:00:00.000000000,345.4,325.59692
2021-10-16T00:00:00.000000000,332.08,357.87089
2021-10-16T01:00:00.000000000,358.88,354.78514
2021-10-16T02:00:00.000000000,361.45,354.43707
2021-10-16T03:00:00.000000000,369.82,355.80634
2021-10-16T04:00:00.000000000,373.64,357.68895
2021-10-16T05:00:00.000000000,381.29,358.17299
2021-10-16T06:00:00.000000000,379.8,354.8099
2021-10-16T07:00:00.000000000,362.97,349.07478
2021-10-16T08:00:00.000000000,339.81,341.8527
2021-10-16T09:00:00.000000000,311.97,335.29827
2021-10-16T10:00:00.000000000,283.13,330.60393
2021-10-16T11:00:00.000000000,258.3,328.70556
2021-10-16T12:00:00.000000000,256.75,331.17246
2021-10-16T13:00:00.000000000,267.81,337.11133
2021-10-16T14:00:00.000000000,294.87,345.68725
2021-10-16T15:00:00.000000000,339.02,355.40206
2021-10-16T16:00:00.000000000,375.33,364.88687
2021-10-16T17:00:00.000000000,390.53,371.25448
2021-10-16T18:00:00.000000000,380.74,372.21507
2021-10-16T19:00:00.000000000,371.95,368.05815
2021-10-16T20:00:00.000000000,367.24,360.75803
2021-10-16T21:00:00.000000000,359.0,351.96506
2021-10-16T22:00:00.000000000,343.36,343.14031
2021-10-16T23:00:00.000000000,326.71,335.88982
2021-10-17T00:00:00.000000000,346.42,353.87638
2021-10-17T01:00:00.000000000,328.84,354.99571
2021-10-17T02:00:00.000000000,341.16,359.5687
2021-10-17T03:00:00.000000000,356.92,365.84493
2021-10-17T04:00:00.000000000,364.64,371.84482
2021-10-17T05:00:00.000000000,365.83,375.0672
2021-10-17T06:00:00.000000000,367.75,372.75168
2021-10-17T07:00:00.000000000,366.52,366.76568
2021-10-17T08:00:00.000000000,351.22,358.94198
2021-10-17T09:00:00.000000000,334.73,352.25418
2021-10-17T10:00:00.000000000,320.06,348.30867
2021-10-17T11:00:00.000000000,307.02,347.93877
2021-10-17T12:00:00.000000000,297.47,352.59772
2021-10-17T13:00:00.000000000,303.94,361.1125
2021-10-17T14:00:00.000000000,331.17,372.20429
2021-10-17T15:00:00.000000000,359.9,383.85228
2021-10-17T16:00:00.000000000,380.69,394.23388
2021-10-17T17:00:00.000000000,382.02,400.38216
2021-10-17T18:00:00.000000000,372.98,400.50776
2021-10-17T19:00:00.000000000,363.91,395.86427
2021-10-17T20:00:00.000000000,364.59,389.14667
2021-10-17T21:00:00.000000000,361.31,382.22672
2021-10-17T22:00:00.000000000,356.03,376.2982
2021-10-17T23:00:00.000000000,352.81,372.15742
2021-10-18T00:00:00.000000000,316.92,390.19464
2021-10-18T01:00:00.000000000,350.05,393.77499
2021-10-18T02:00:00.000000000,353.82,400.60675
2021-10-18T03:00:00.000000000,364.19,408.52828
2021-10-18T04:00:00.000000000,377.57,414.94193
2021-10-18T05:00:00.000000000,385.38,417.52206
2021-10-18T06:00:00.000000000,386.95,414.08151
2021-10-18T07:00:00.000000000,376.62,406.82465
2021-10-18T08:00:00.000000000,357.31,397.9272
2021-10-18T09:00:00.000000000,343.0,390.41435
2021-10-18T10:00:00.000000000,327.74,385.76547
2021-10-18T11:00:00.000000000,314.55,384.18254
2021-10-18T12:00:00.000000000,310.08,386.20858
2021-10-18T13:00:00.000000000,315.01,390.00752
2021-10-18T14:00:00.000000000,338.76,394.46467
2021-10-18T15:00:00.000000000,371.39,398.26401
2021-10-18T16:00:00.000000000,396.39,400.76349
2021-10-18T17:00:00.000000000,390.1,399.93872
2021-10-18T18:00:00.000000000,372.34,394.50907
2021-10-18T19:00:00.000000000,349.69,385.55702
2021-10-18T20:00:00.000000000,330.0,375.50055
2021-10-18T21:00:00.000000000,320.89,366.04898
2021-10-18T22:00:00.000000000,320.26,358.727
2021-10-18T23:00:00.000000000,310.13,354.5844
2021-10-16T00:00:00.000000000,332.08,368.93749
2021-10-16T01:00:00.000000000,358.88,363.41588
2021-10-16T02:00:00.000000000,361.45,363.34909
2021-10-16T03:00:00.000000000,369.82,367.824
2021-10-16T04:00:00.000000000,373.64,374.41215
2021-10-16T05:00:00.000000000,381.29,378.54527
2021-10-16T06:00:00.000000000,379.8,375.92992
2021-10-16T07:00:00.000000000,362.97,367.91755
2021-10-16T08:00:00.000000000,339.81,356.18603
2021-10-16T09:00:00.000000000,311.97,343.83149
2021-10-16T10:00:00.000000000,283.13,333.01422
2021-10-16T11:00:00.000000000,258.3,325.40043
2021-10-16T12:00:00.000000000,256.75,323.28519
2021-10-16T13:00:00.000000000,267.81,326.72424
2021-10-16T14:00:00.000000000,294.87,336.17892
2021-10-16T15:00:00.000000000,339.02,351.16829
2021-10-16T16:00:00.000000000,375.33,369.59461
2021-10-16T17:00:00.000000000,390.53,385.42042
2021-10-16T18:00:00.000000000,380.74,392.7174
2021-10-16T19:00:00.000000000,371.95,390.30021
2021-10-16T20:00:00.000000000,367.24,380.64219
2021-10-16T21:00:00.000000000,359.0,366.33692
2021-10-16T22:00:00.000000000,343.36,350.08318
2021-10-16T23:00:00.000000000,326.71,335.50191
2021-10-17T00:00:00.000000000,346.42,339.45433
2021-10-17T01:00:00.000000000,328.84,340.64819
2021-10-17T02:00:00.000000000,341.16,346.09054
2021-10-17T03:00:00.000000000,356.92,353.94094
2021-10-17T04:00:00.000000000,364.64,361.97198
2021-10-17T05:00:00.000000000,365.83,367.21302
2021-10-17T06:00:00.000000000,367.75,366.43735
2021-10-17T07:00:00.000000000,366.52,361.29165
2021-10-17T08:00:00.000000000,351.22,353.77595
2021-10-17T09:00:00.000000000,334.73,347.23166
2021-10-17T10:00:00.000000000,320.06,343.71729
2021-10-17T11:00:00.000000000,307.02,344.28993
2021-10-17T12:00:00.000000000,297.47,350.3013
2021-10-17T13:00:00.000000000,303.94,360.32418
2021-10-17T14:00:00.000000000,331.17,372.8494
2021-10-17T15:00:00.000000000,359.9,385.75632
2021-10-17T16:00:00.000000000,380.69,396.99954
2021-10-17T17:00:00.000000000,382.02,403.23404
2021-10-17T18:00:00.000000000,372.98,402.3166
2021-10-17T19:00:00.000000000,363.91,395.54211
2021-10-17T20:00:00.000000000,364.59,385.97817
2021-10-17T21:00:00.000000000,361.31,375.99319
2021-10-17T22:00:00.000000000,356.03,367.35564
2021-10-17T23:00:00.000000000,352.81,361.16977
2021-10-18T00:00:00.000000000,316.92,374.00471
2021-10-18T01:00:00.000000000,350.05,378.57135
2021-10-18T02:00:00.000000000,353.82,385.9462
2021-10-18T03:00:00.000000000,364.19,393.67754
2021-10-18T04:00:00.000000000,377.57,399.32954
2021-10-18T05:00:00.000000000,385.38,400.93339
2021-10-18T06:00:00.000000000,386.95,396.62276
2021-10-18T07:00:00.000000000,376.62,388.86322
2021-10-18T08:00:00.000000000,357.31,379.98856
2021-10-18T09:00:00.000000000,343.0,373.14526
2021-10-18T10:00:00.000000000,327.74,369.8806
2021-10-18T11:00:00.000000000,314.55,370.58255
2021-10-18T12:00:00.000000000,310.08,375.79536
2021-10-18T13:00:00.000000000,315.01,383.29177
2021-10-18T14:00:00.000000000,338.76,391.16106
2021-10-18T15:00:00.000000000,371.39,397.32219
2021-10-18T16:00:00.000000000,396.39,400.7446
2021-10-18T17:00:00.000000000,390.1,399.67019
2021-10-18T18:00:00.000000000,372.34,393.46479
2021-10-18T19:00:00.000000000,349.69,383.86215
2021-10-18T20:00:00.000000000,330.0,373.62186
2021-10-18T21:00:00.000000000,320.89,364.56638
2021-10-18T22:00:00.000000000,320.26,358.13499
2021-10-18T23:00:00.000000000,310.13,355.13604
2021-10-19T00:00:00.000000000,170.17,348.28401
2021-10-19T01:00:00.000000000,308.48,355.25008
2021-10-19T02:00:00.000000000,307.61,358.54172
2021-10-19T03:00:00.000000000,309.32,354.82283
2021-10-19T04:00:00.000000000,320.09,344.93913
2021-10-19T05:00:00.000000000,326.51,332.79828
2021-10-19T06:00:00.000000000,325.2,321.18763
2021-10-19T07:00:00.000000000,316.78,312.57042
2021-10-19T08:00:00.000000000,307.09,306.19072
2021-10-19T09:00:00.000000000,302.01,301.61179
2021-10-19T10:00:00.000000000,293.68,298.50843
2021-10-19T11:00:00.000000000,286.78,297.54531
2021-10-19T12:00:00.000000000,283.38,299.46308
2021-10-19T13:00:00.000000000,280.12,301.18497
2021-10-19T14:00:00.000000000,283.39,299.49065
2021-10-19T15:00:00.000000000,287.65,292.36754
2021-10-19T16:00:00.000000000,287.81,281.81257
2021-10-19T17:00:00.000000000,277.99,270.62938
2021-10-19T18:00:00.000000000,256.93,260.71922
2021-10-19T19:00:00.000000000,230.19,252.53404
2021-10-19T20:00:00.000000000,203.7,245.74252
2021-10-19T21:00:00.000000000,184.83,239.86188
2021-10-19T22:00:00.000000000,157.08,236.09569
2021-10-19T23:00:00.000000000,131.14,236.95638
2021-10-17T00:00:00.000000000,346.42,320.69311
2021-10-17T01:00:00.000000000,328.84,324.67978
2021-10-17T02:00:00.000000000,341.16,334.15897
2021-10-17T03:00:00.000000000,356.92,346.50337
2021-10-17T04:00:00.000000000,364.64,358.44109
2021-10-17T05:00:00.000000000,365.83,365.73329
2021-10-17T06:00:00.000000000,367.75,364.59162
2021-10-17T07:00:00.000000000,366.52,356.84169
2021-10-17T08:00:00.000000000,351.22,345.22856
2021-10-17T09:00:00.000000000,334.73,333.95295
2021-10-17T10:00:00.000000000,320.06,326.10135
2021-10-17T11:00:00.000000000,307.02,323.93614
2021-10-17T12:00:00.000000000,297.47,329.72641
2021-10-17T13:00:00.000000000,303.94,342.42222
2021-10-17T14:00:00.000000000,331.17,359.87378
2021-10-17T15:00:00.000000000,359.9,378.5248
2021-10-17T16:00:00.000000000,380.69,394.44061
2021-10-17T17:00:00.000000000,382.02,402.6115
2021-10-17T18:00:00.000000000,372.98,400.17745
2021-10-17T19:00:00.000000000,363.91,389.14839
2021-10-17T20:00:00.000000000,364.59,374.11407
2021-10-17T21:00:00.000000000,361.31,358.82733
2021-10-17T22:00:00.000000000,356.03,346.10309
2021-10-17T23:00:00.000000000,352.81,337.88556
2021-10-18T00:00:00.000000000,316.92,349.68199
2021-10-18T01:00:00.000000000,350.05,355.28352
2021-10-18T02:00:00.000000000,353.82,363.55564
2021-10-18T03:00:00.000000000,364.19,371.88221
2021-10-18T04:00:00.000000000,377.57,378.14091
2021-10-18T05:00:00.000000000,385.38,380.52853
2021-10-18T06:00:00.000000000,386.95,377.21556
2021-10-18T07:00:00.000000000,376.62,370.63661
2021-10-18T08:00:00.000000000,357.31,363.05453
2021-10-18T09:00:00.000000000,343.0,357.48707
2021-10-18T10:00:00.000000000,327.74,355.49427
2021-10-18T11:00:00.000000000,314.55,357.7275
2021-10-18T12:00:00.000000000,310.08,364.61887
2021-10-18T13:00:00.000000000,315.01,373.27574
2021-10-18T14:00:00.000000000,338.76,381.12507
2021-10-18T15:00:00.000000000,371.39,386.02093
2021-10-18T16:00:00.000000000,396.39,387.3542
2021-10-18T17:00:00.000000000,390.1,383.94725
2021-10-18T18:00:00.000000000,372.34,375.4757
2021-10-18T19:00:00.000000000,349.69,363.92213
2021-10-18T20:00:00.000000000,330.0,352.07948
2021-10-18T21:00:00.000000000,320.89,341.58374
2021-10-18T22:00:00.000000000,320.26,333.91293
2021-10-18T23:00:00.000000000,310.13,330.25498
2021-10-19T00:00:00.000000000,170.17,342.36009
2021-10-19T01:00:00.000000000,308.48,342.6505
2021-10-19T02:00:00.000000000,307.61,341.56904
2021-10-19T03:00:00.000000000,309.32,338.19305
2021-10-19T04:00:00.000000000,320.09,333.20205
2021-10-19T05:00:00.000000000,326.51,328.04914
2021-10-19T06:00:00.000000000,325.2,323.22564
2021-10-19T07:00:00.000000000,316.78,320.26903
2021-10-19T08:00:00.000000000,307.09,318.41615
2021-10-19T09:00:00.000000000,302.01,317.69305
2021-10-19T10:00:00.000000000,293.68,317.40582
2021-10-19T11:00:00.000000000,286.78,317.01548
2021-10-19T12:00:00.000000000,283.38,316.60925
2021-10-19T13:00:00.000000000,280.12,314.27273
2021-10-19T14:00:00.000000000,283.39,309.37146
2021-10-19T15:00:00.000000000,287.65,301.91847
2021-10-19T16:00:00.000000000,287.81,293.67397
2021-10-19T17:00:00.000000000,277.99,285.50918
2021-10-19T18:00:00.000000000,256.93,277.28282
2021-10-19T19:00:00.000000000,230.19,268.99113
2021-10-19T20:00:00.000000000,203.7,261.31671
2021-10-19T21:00:00.000000000,184.83,254.51689
2021-10-19T22:00:00.000000000,157.08,249.35221
2021-10-19T23:00:00.000000000,131.14,247.07162
2021-10-20T00:00:00.000000000,140.16,228.1842
2021-10-20T01:00:00.000000000,126.42,226.93932
2021-10-20T02:00:00.000000000,119.37,225.15824
2021-10-20T03:00:00.000000000,120.49,221.50876
2021-10-20T04:00:00.000000000,130.02,215.36748
2021-10-20T05:00:00.000000000,150.97,205.9652
2021-10-20T06:00:00.000000000,157.16,193.05066
2021-10-20T07:00:00.000000000,153.19,179.60135
2021-10-20T08:00:00.000000000,140.03,167.32327
2021-10-20T09:00:00.000000000,128.82,158.11901
2021-10-20T10:00:00.000000000,113.53,151.91588
2021-10-20T11:00:00.000000000,102.44,148.07423
2021-10-20T12:00:00.000000000,105.23,145.88431
2021-10-20T13:00:00.000000000,118.44,144.03134
2021-10-20T14:00:00.000000000,135.17,143.58173
2021-10-20T15:00:00.000000000,144.33,145.27104
2021-10-20T16:00:00.000000000,150.8,148.78934
2021-10-20T17:00:00.000000000,153.83,152.04188
2021-10-20T18:00:00.000000000,154.5,152.87487
2021-10-20T19:00:00.000000000,152.49,150.38609
2021-10-20T20:00:00.000000000,152.7,145.32487
2021-10-20T21:00:00.000000000,153.41,139.43081
2021-10-20T22:00:00.000000000,150.95,134.36613
2021-10-20T23:00:00.000000000,151.72,132.53286
2021-10-18T00:00:00.000000000,316.92,337.53964
2021-10-18T01:00:00.000000000,350.05,343.6072
2021-10-18T02:00:00.000000000,353.82,354.03039
2021-10-18T03:00:00.000000000,364.19,365.004
2021-10-18T04:00:00.000000000,377.57,372.76648
2021-10-18T05:00:00.000000000,385.38,373.63254
2021-10-18T06:00:00.000000000,386.95,365.40567
2021-10-18T07:00:00.000000000,376.62,351.48734
2021-10-18T08:00:00.000000000,357.31,335.20988
2021-10-18T09:00:00.000000000,343.0,320.57179
2021-10-18T10:00:00.000000000,327.74,310.52396
2021-10-18T11:00:00.000000000,314.55,308.13776
2021-10-18T12:00:00.000000000,310.08,316.23576
2021-10-18T13:00:00.000000000,315.01,333.30508
2021-10-18T14:00:00.000000000,338.76,355.60017
2021-10-18T15:00:00.000000000,371.39,377.4108
2021-10-18T16:00:00.000000000,396.39,393.21687
2021-10-18T17:00:00.000000000,390.1,397.58763
2021-10-18T18:00:00.000000000,372.34,388.31601
2021-10-18T19:00:00.000000000,349.69,368.97065
2021-10-18T20:00:00.000000000,330.0,345.94771
2021-10-18T21:00:00.000000000,320.89,323.96007
2021-10-18T22:00:00.000000000,320.26,306.44423
2021-10-18T23:00:00.000000000,310.13,296.20649
2021-10-19T00:00:00.000000000,170.17,292.61014
2021-10-19T01:00:00.000000000,308.48,294.52492
2021-10-19T02:00:00.000000000,307.61,296.62355
2021-10-19T03:00:00.000000000,309.32,297.86646
2021-10-19T04:00:00.000000000,320.09,298.14154
2021-10-19T05:00:00.000000000,326.51,297.2471
2021-10-19T06:00:00.000000000,325.2,294.39591
2021-10-19T07:00:00.000000000,316.78,290.68301
2021-10-19T08:00:00.000000000,307.09,286.48374
2021-10-19T09:00:00.000000000,302.01,283.62703
2021-10-19T10:00:00.000000000,293.68,282.91466
2021-10-19T11:00:00.000000000,286.78,284.05817
2021-10-19T12:00:00.000000000,283.38,286.41652
2021-10-19T13:00:00.000000000,280.12,287.43257
2021-10-19T14:00:00.000000000,283.39,285.99451
2021-10-19T15:00:00.000000000,287.65,281.68892
2021-10-19T16:00:00.000000000,287.81,275.49412
2021-10-19T17:00:00.000000000,277.99,267.36201
2021-10-19T18:00:00.000000000,256.93,256.42692
2021-10-19T19:00:00.000000000,230.19,242.89696
2021-10-19T20:00:00.000000000,203.7,228.70438
2021-10-19T21:00:00.000000000,184.83,215.88187
2021-10-19T22:00:00.000000000,157.08,206.67625
2021-10-19T23:00:00.000000000,131.14,202.8334
2021-10-20T00:00:00.000000000,140.16,189.10642
2021-10-20T01:00:00.000000000,126.42,185.31243
2021-10-20T02:00:00.000000000,119.37,180.82115
2021-10-20T03:00:00.000000000,120.49,175.23011
2021-10-20T04:00:00.000000000,130.02,168.77445
2021-10-20T05:00:00.000000000,150.97,160.82796
2021-10-20T06:00:00.000000000,157.16,151.13058
2021-10-20T07:00:00.000000000,153.19,141.7555
2021-10-20T08:00:00.000000000,140.03,133.16629
2021-10-20T09:00:00.000000000,128.82,126.80465
2021-10-20T10:00:00.000000000,113.53,122.33209
2021-10-20T11:00:00.000000000,102.44,119.27179
2021-10-20T12:00:00.000000000,105.23,117.77871
2021-10-20T13:00:00.000000000,118.44,117.88105
2021-10-20T14:00:00.000000000,135.17,120.742
2021-10-20T15:00:00.000000000,144.33,125.98012
2021-10-20T16:00:00.000000000,150.8,132.28483
2021-10-20T17:00:00.000000000,153.83,137.78548
2021-10-20T18:00:00.000000000,154.5,141.19787
2021-10-20T19:00:00.000000000,152.49,141.91692
2021-10-20T20:00:00.000000000,152.7,140.54977
2021-10-20T21:00:00.000000000,153.41,138.81167
2021-10-20T22:00:00.000000000,150.95,137.66418
2021-10-20T23:00:00.000000000,151.72,138.3125
2021-10-21T00:00:00.000000000,161.6,137.34316
2021-10-21T01:00:00.000000000,140.51,132.37732
2021-10-21T02:00:00.000000000,141.21,126.40751
2021-10-21T03:00:00.000000000,136.75,119.06057
2021-10-21T04:00:00.000000000,135.7,112.57581
2021-10-21T05:00:00.000000000,143.69,108.26862
2021-10-21T06:00:00.000000000,142.83,106.68366
2021-10-21T07:00:00.000000000,140.71,107.99472
2021-10-21T08:00:00.000000000,134.47,109.75859
2021-10-21T09:00:00.000000000,124.74,111.62443
2021-10-21T10:00:00.000000000,114.88,112.85702
2021-10-21T11:00:00.000000000,98.79,113.50018
2021-10-21T12:00:00.000000000,88.8,115.07711
2021-10-21T13:00:00.000000000,88.52,119.01204
2021-10-21T14:00:00.000000000,98.2,126.28632
2021-10-21T15:00:00.000000000,126.52,136.4348
2021-10-21T16:00:00.000000000,148.91,149.02846
2021-10-21T17:00:00.000000000,154.38,163.5062
2021-10-21T18:00:00.000000000,165.44,178.63314
2021-10-21T19:00:00.000000000,165.99,192.59841
2021-10-21T20:00:00.000000000,173.55,203.84341
2021-10-21T21:00:00.000000000,177.12,212.26411
2021-10-21T22:00:00.000000000,175.11,217.71408
2021-10-21T23:00:00.000000000,170.31,220.7443
2021-10-19T00:00:00.000000000,170.17,284.12774
2021-10-19T01:00:00.000000000,308.48,293.49147
2021-10-19T02:00:00.000000000,307.61,301.91794
2021-10-19T03:00:00.000000000,309.32,306.44256
2021-10-19T04:00:00.000000000,320.09,306.57942
2021-10-19T05:00:00.000000000,326.51,302.66973
2021-10-19T06:00:00.000000000,325.2,294.69515
2021-10-19T07:00:00.000000000,316.78,284.68477
2021-10-19T08:00:00.000000000,307.09,274.3972
2021-10-19T09:00:00.000000000,302.01,266.96897
2021-10-19T10:00:00.000000000,293.68,264.57924
2021-10-19T11:00:00.000000000,286.78,267.54801
2021-10-19T12:00:00.000000000,283.38,274.47648
2021-10-19T13:00:00.000000000,280.12,280.60852
2021-10-19T14:00:00.000000000,283.39,282.64509
2021-10-19T15:00:00.000000000,287.65,279.26204
2021-10-19T16:00:00.000000000,287.81,271.70588
2021-10-19T17:00:00.000000000,277.99,260.61421
2021-10-19T18:00:00.000000000,256.93,245.52088
2021-10-19T19:00:00.000000000,230.19,227.14563
2021-10-19T20:00:00.000000000,203.7,208.11206
2021-10-19T21:00:00.000000000,184.83,191.32698
2021-10-19T22:00:00.000000000,157.08,180.41173
2021-10-19T23:00:00.000000000,131.14,178.45477
2021-10-20T00:00:00.000000000,140.16,163.22226
2021-10-20T01:00:00.000000000,126.42,161.60634
2021-10-20T02:00:00.000000000,119.37,159.36013
2021-10-20T03:00:00.000000000,120.49,155.78441
2021-10-20T04:00:00.000000000,130.02,151.76277
2021-10-20T05:00:00.000000000,150.97,147.46239
2021-10-20T06:00:00.000000000,157.16,142.33822
2021-10-20T07:00:00.000000000,153.19,137.0357
2021-10-20T08:00:00.000000000,140.03,131.12198
2021-10-20T09:00:00.000000000,128.82,126.37439
2021-10-20T10:00:00.000000000,113.53,123.75257
2021-10-20T11:00:00.000000000,102.44,123.78999
2021-10-20T12:00:00.000000000,105.23,126.78479
2021-10-20T13:00:00.000000000,118.44,131.65056
2021-10-20T14:00:00.000000000,135.17,137.55253
2021-10-20T15:00:00.000000000,144.33,142.89138
2021-10-20T16:00:00.000000000,150.8,146.81885
2021-10-20T17:00:00.000000000,153.83,149.22823
2021-10-20T18:00:00.000000000,154.5,150.09115
2021-10-20T19:00:00.000000000,152.49,149.12609
2021-10-20T20:00:00.000000000,152.7,146.75513
2021-10-20T21:00:00.000000000,153.41,144.63255
2021-10-20T22:00:00.000000000,150.95,143.91648
2021-10-20T23:00:00.000000000,151.72,145.51455
2021-10-21T00:00:00.000000000,161.6,134.35433
2021-10-21T01:00:00.000000000,140.51,130.82321
2021-10-21T02:00:00.000000000,141.21,125.20407
2021-10-21T03:00:00.000000000,136.75,118.01279
2021-10-21T04:00:00.000000000,135.7,111.1777
2021-10-21T05:00:00.000000000,143.69,105.40949
2021-10-21T06:00:00.000000000,142.83,101.15966
2021-10-21T07:00:00.000000000,140.71,99.24417
2021-10-21T08:00:00.000000000,134.47,98.47454
2021-10-21T09:00:00.000000000,124.74,99.57714
2021-10-21T10:00:00.000000000,114.88,101.78434
2021-10-21T11:00:00.000000000,98.79,104.05922
2021-10-21T12:00:00.000000000,88.8,106.17174
2021-10-21T13:00:00.000000000,88.52,108.25987
2021-10-21T14:00:00.000000000,98.2,110.99393
2021-10-21T15:00:00.000000000,126.52,113.55123
2021-10-21T16:00:00.000000000,148.91,115.34079
2021-10-21T17:00:00.000000000,154.38,116.83011
2021-10-21T18:00:00.000000000,165.44,118.76175
2021-10-21T19:00:00.000000000,165.99,121.03269
2021-10-21T20:00:00.000000000,173.55,123.78619
2021-10-21T21:00:00.000000000,177.12,128.13154
2021-10-21T22:00:00.000000000,175.11,133.85403
2021-10-21T23:00:00.000000000,170.31,140.21282
2021-10-22T00:00:00.000000000,183.34,134.46661
2021-10-22T01:00:00.000000000,159.13,129.11773
2021-10-22T02:00:00.000000000,157.94,126.01416
2021-10-22T03:00:00.000000000,161.04,125.5726
2021-10-22T04:00:00.000000000,165.68,128.47967
2021-10-22T05:00:00.000000000,168.79,133.235
2021-10-22T06:00:00.000000000,174.87,137.66318
2021-10-22T07:00:00.000000000,169.9,140.72031
2021-10-22T08:00:00.000000000,155.01,141.0345
2021-10-22T09:00:00.000000000,133.93,140.14101
2021-10-22T10:00:00.000000000,113.14,138.78433
2021-10-22T11:00:00.000000000,97.92,136.95878
2021-10-22T12:00:00.000000000,97.46,135.29965
2021-10-22T13:00:00.000000000,99.6,134.81918
2021-10-22T14:00:00.000000000,111.97,137.36864
2021-10-22T15:00:00.000000000,141.45,143.75444
2021-10-22T16:00:00.000000000,166.74,154.09166
2021-10-22T17:00:00.000000000,175.56,167.08784
2021-10-22T18:00:00.000000000,178.35,180.25464
2021-10-22T19:00:00.000000000,181.97,191.03842
2021-10-22T20:00:00.000000000,184.45,197.96876
2021-10-22T21:00:00.000000000,184.82,201.61596
2021-10-22T22:00:00.000000000,177.97,202.60232
2021-10-22T23:00:00.000000000,185.0,201.79655
2021-10-20T00:00:00.000000000,140.16,129.09352
2021-10-20T01:00:00.000000000,126.42,128.76272
2021-10-20T02:00:00.000000000,119.37,129.95854
2021-10-20T03:00:00.000000000,120.49,131.66172
2021-10-20T04:00:00.000000000,130.02,133.3974
2021-10-20T05:00:00.000000000,150.97,132.97289
2021-10-20T06:00:00.000000000,157.16,128.74079
2021-10-20T07:00:00.000000000,153.19,121.90482
2021-10-20T08:00:00.000000000,140.03,113.37466
2021-10-20T09:00:00.000000000,128.82,105.68258
2021-10-20T10:00:00.000000000,113.53,99.87366
2021-10-20T11:00:00.000000000,102.44,96.43315
2021-10-20T12:00:00.000000000,105.23,95.58907
2021-10-20T13:00:00.000000000,118.44,97.07406
2021-10-20T14:00:00.000000000,135.17,101.68723
2021-10-20T15:00:00.000000000,144.33,109.1083
2021-10-20T16:00:00.000000000,150.8,117.78725
2021-10-20T17:00:00.000000000,153.83,125.28617
2021-10-20T18:00:00.000000000,154.5,129.62842
2021-10-20T19:00:00.000000000,152.49,129.92808
2021-10-20T20:00:00.000000000,152.7,126.55437
2021-10-20T21:00:00.000000000,153.41,121.73291
2021-10-20T22:00:00.000000000,150.95,117.53757
2021-10-20T23:00:00.000000000,151.72,116.35648
2021-10-21T00:00:00.000000000,161.6,126.17252
2021-10-21T01:00:00.000000000,140.51,122.22182
2021-10-21T02:00:00.000000000,141.21,116.43514
2021-10-21T03:00:00.000000000,136.75,109.47915
2021-10-21T04:00:00.000000000,135.7,103.49027
2021-10-21T05:00:00.000000000,143.69,99.00132
2021-10-21T06:00:00.000000000,142.83,96.22196
2021-10-21T07:00:00.000000000,140.71,95.73568
2021-10-21T08:00:00.000000000,134.47,96.06671
2021-10-21T09:00:00.000000000,124.74,97.6033
2021-10-21T10:00:00.000000000,114.88,99.40403
2021-10-21T11:00:00.000000000,98.79,100.64768
2021-10-21T12:00:00.000000000,88.8,101.41298
2021-10-21T13:00:00.000000000,88.52,102.13783
2021-10-21T14:00:00.000000000,98.2,103.79608
2021-10-21T15:00:00.000000000,126.52,106.0519
2021-10-21T16:00:00.000000000,148.91,108.6993
2021-10-21T17:00:00.000000000,154.38,112.17663
2021-10-21T18:00:00.000000000,165.44,116.84865
2021-10-21T19:00:00.000000000,165.99,122.18261
2021-10-21T20:00:00.000000000,173.55,127.70041
2021-10-21T21:00:00.000000000,177.12,133.90007
2021-10-21T22:00:00.000000000,175.11,140.25884
2021-10-21T23:00:00.000000000,170.31,146.35023
2021-10-22T00:00:00.000000000,183.34,144.68924
2021-10-22T01:00:00.000000000,159.13,137.91339
2021-10-22T02:00:00.000000000,157.94,132.18432
2021-10-22T03:00:00.000000000,161.04,128.11772
2021-10-22T04:00:00.000000000,165.68,126.87877
2021-10-22T05:00:00.000000000,168.79,128.04027
2021-10-22T06:00:00.000000000,174.87,130.30289
2021-10-22T07:00:00.000000000,169.9,132.64732
2021-10-22T08:00:00.000000000,155.01,133.16744
2021-10-22T09:00:00.000000000,133.93,133.05505
2021-10-22T10:00:00.000000000,113.14,132.74746
2021-10-22T11:00:00.000000000,97.92,131.66499
2021-10-22T12:00:00.000000000,97.46,130.09764
2021-10-22T13:00:00.000000000,99.6,129.1616
2021-10-22T14:00:00.000000000,111.97,130.96089
2021-10-22T15:00:00.000000000,141.45,136.39589
2021-10-22T16:00:00.000000000,166.74,145.84068
2021-10-22T17:00:00.000000000,175.56,158.5497
2021-10-22T18:00:00.000000000,178.35,172.38128
2021-10-22T19:00:00.000000000,181.97,184.44077
2021-10-22T20:00:00.000000000,184.45,192.90978
2021-10-22T21:00:00.000000000,184.82,198.37077
2021-10-22T22:00:00.000000000,177.97,201.36423
2021-10-22T23:00:00.000000000,185.0,202.19617
2021-10-23T00:00:00.000000000,259.58,219.5632
2021-10-23T01:00:00.000000000,195.12,214.22501
2021-10-23T02:00:00.000000000,202.45,214.89333
2021-10-23T03:00:00.000000000,215.84,220.73478
2021-10-23T04:00:00.000000000,233.81,230.5827
2021-10-23T05:00:00.000000000,241.9,241.83648
2021-10-23T06:00:00.000000000,260.69,251.15369
2021-10-23T07:00:00.000000000,260.48,258.6721
2021-10-23T08:00:00.000000000,247.93,263.98065
2021-10-23T09:00:00.000000000,230.84,267.99913
2021-10-23T10:00:00.000000000,220.44,271.06111
2021-10-23T11:00:00.000000000,221.03,273.45378
2021-10-23T12:00:00.000000000,239.84,276.72696
2021-10-23T13:00:00.000000000,266.32,281.66157
2021-10-23T14:00:00.000000000,295.68,290.0016
2021-10-23T15:00:00.000000000,332.15,302.91673
2021-10-23T16:00:00.000000000,363.05,320.02516
2021-10-23T17:00:00.000000000,369.14,337.93289
2021-10-23T18:00:00.000000000,362.38,352.6191
2021-10-23T19:00:00.000000000,353.72,362.51283
2021-10-23T20:00:00.000000000,349.19,367.0288
2021-10-23T21:00:00.000000000,338.88,366.11379
2021-10-23T22:00:00.000000000,320.84,360.53688
2021-10-23T23:00:00.000000000,295.12,351.82202
2021-10-21T00:00:00.000000000,161.6,147.45104
2021-10-21T01:00:00.000000000,140.51,143.57975
2021-10-21T02:00:00.000000000,141.21,136.97905
2021-10-21T03:00:00.000000000,136.75,127.53591
2021-10-21T04:00:00.000000000,135.7,117.57973
2021-10-21T05:00:00.000000000,143.69,108.37711
2021-10-21T06:00:00.000000000,142.83,101.03677
2021-10-21T07:00:00.000000000,140.71,97.15409
2021-10-21T08:00:00.000000000,134.47,95.29121
2021-10-21T09:00:00.000000000,124.74,95.11458
2021-10-21T10:00:00.000000000,114.88,95.18904
2021-10-21T11:00:00.000000000,98.79,95.34393
2021-10-21T12:00:00.000000000,88.8,96.56715
2021-10-21T13:00:00.000000000,88.52,99.14625
2021-10-21T14:00:00.000000000,98.2,103.14684
2021-10-21T15:00:00.000000000,126.52,107.24115
2021-10-21T16:00:00.000000000,148.91,110.92794
2021-10-21T17:00:00.000000000,154.38,114.84837
2021-10-21T18:00:00.000000000,165.44,119.83528
2021-10-21T19:00:00.000000000,165.99,125.69415
2021-10-21T20:00:00.000000000,173.55,131.77899
2021-10-21T21:00:00.000000000,177.12,137.94403
2021-10-21T22:00:00.000000000,175.11,143.42122
2021-10-21T23:00:00.000000000,170.31,148.64313
2021-10-22T00:00:00.000000000,183.34,147.97029
2021-10-22T01:00:00.000000000,159.13,141.32555
2021-10-22T02:00:00.000000000,157.94,134.89577
2021-10-22T03:00:00.000000000,161.04,129.28552
2021-10-22T04:00:00.000000000,165.68,125.82293
2021-10-22T05:00:00.000000000,168.79,124.48723
2021-10-22T06:00:00.000000000,174.87,124.5012
2021-10-22T07:00:00.000000000,169.9,125.23321
2021-10-22T08:00:00.000000000,155.01,124.87366
2021-10-22T09:00:00.000000000,133.93,124.56794
2021-10-22T10:00:00.000000000,113.14,124.56744
2021-10-22T11:00:00.000000000,97.92,124.09706
2021-10-22T12:00:00.000000000,97.46,123.25673
2021-10-22T13:00:00.000000000,99.6,122.97631
2021-10-22T14:00:00.000000000,111.97,125.11648
2021-10-22T15:00:00.000000000,141.45,130.18465
2021-10-22T16:00:00.000000000,166.74,138.32047
2021-10-22T17:00:00.000000000,175.56,149.03306
2021-10-22T18:00:00.000000000,178.35,160.74483
2021-10-22T19:00:00.000000000,181.97,170.97539
2021-10-22T20:00:00.000000000,184.45,178.25249
2021-10-22T21:00:00.000000000,184.82,183.3932
2021-10-22T22:00:00.000000000,177.97,186.90752
2021-10-22T23:00:00.000000000,185.0,188.8473
2021-10-23T00:00:00.000000000,259.58,208.16288
2021-10-23T01:00:00.000000000,195.12,205.13306
2021-10-23T02:00:00.000000000,202.45,208.76243
2021-10-23T03:00:00.000000000,215.84,217.79555
2021-10-23T04:00:00.000000000,233.81,230.5234
2021-10-23T05:00:00.000000000,241.9,243.72657
2021-10-23T06:00:00.000000000,260.69,253.78888
2021-10-23T07:00:00.000000000,260.48,261.07466
2021-10-23T08:00:00.000000000,247.93,265.72401
2021-10-23T09:00:00.000000000,230.84,269.09793
2021-10-23T10:00:00.000000000,220.44,271.86814
2021-10-23T11:00:00.000000000,221.03,274.72854
2021-10-23T12:00:00.000000000,239.84,279.2907
2021-10-23T13:00:00.000000000,266.32,286.07865
2021-10-23T14:00:00.000000000,295.68,296.25281
2021-10-23T15:00:00.000000000,332.15,310.41554
2021-10-23T16:00:00.000000000,363.05,327.66346
2021-10-23T17:00:00.000000000,369.14,344.20057
2021-10-23T18:00:00.000000000,362.38,356.04548
2021-10-23T19:00:00.000000000,353.72,362.31554
2021-10-23T20:00:00.000000000,349.19,363.31018
2021-10-23T21:00:00.000000000,338.88,359.56369
2021-10-23T22:00:00.000000000,320.84,352.21019
2021-10-23T23:00:00.000000000,295.12,342.8839
2021-10-24T00:00:00.000000000,262.83,324.80632
2021-10-24T01:00:00.000000000,280.36,322.7503
2021-10-24T02:00:00.000000000,276.56,324.30472
2021-10-24T03:00:00.000000000,275.82,327.55225
2021-10-24T04:00:00.000000000,270.41,330.31771
2021-10-24T05:00:00.000000000,262.41,329.57883
2021-10-24T06:00:00.000000000,257.51,322.39806
2021-10-24T07:00:00.000000000,241.73,310.39393
2021-10-24T08:00:00.000000000,212.1,295.1569
2021-10-24T09:00:00.000000000,195.38,279.68334
2021-10-24T10:00:00.000000000,180.43,266.56962
2021-10-24T11:00:00.000000000,159.72,257.90901
2021-10-24T12:00:00.000000000,145.13,256.4088
2021-10-24T13:00:00.000000000,152.67,262.41845
2021-10-24T14:00:00.000000000,195.52,275.11853
2021-10-24T15:00:00.000000000,256.35,291.9965
2021-10-24T16:00:00.000000000,305.71,310.0107
2021-10-24T17:00:00.000000000,287.86,324.95719
2021-10-24T18:00:00.000000000,263.28,334.12907
2021-10-24T19:00:00.000000000,243.38,337.18239
2021-10-24T20:00:00.000000000,235.14,335.14668
2021-10-24T21:00:00.000000000,230.55,329.80655
2021-10-24T22:00:00.000000000,233.71,323.12212
2021-10-24T23:00:00.000000000,246.84,317.59504
2021-10-22T00:00:00.000000000,183.34,134.58316
2021-10-22T01:00:00.000000000,159.13,132.36661
2021-10-22T02:00:00.000000000,157.94,133.05759
2021-10-22T03:00:00.000000000,161.04,135.09562
2021-10-22T04:00:00.000000000,165.68,137.54681
2021-10-22T05:00:00.000000000,168.79,137.83985
2021-10-22T06:00:00.000000000,174.87,134.06122
2021-10-22T07:00:00.000000000,169.9,126.95779
2021-10-22T08:00:00.000000000,155.01,116.98502
2021-10-22T09:00:00.000000000,133.93,106.70983
2021-10-22T10:00:00.000000000,113.14,97.82666
2021-10-22T11:00:00.000000000,97.92,91.53451
2021-10-22T12:00:00.000000000,97.46,89.11838
2021-10-22T13:00:00.000000000,99.6,91.42606
2021-10-22T14:00:00.000000000,111.97,99.74816
2021-10-22T15:00:00.000000000,141.45,113.72801
2021-10-22T16:00:00.000000000,166.74,131.30039
2021-10-22T17:00:00.000000000,175.56,148.67992
2021-10-22T18:00:00.000000000,178.35,162.1216
2021-10-22T19:00:00.000000000,181.97,169.19423
2021-10-22T20:00:00.000000000,184.45,169.33167
2021-10-22T21:00:00.000000000,184.82,164.77301
2021-10-22T22:00:00.000000000,177.97,158.3539
2021-10-22T23:00:00.000000000,185.0,153.57471
2021-10-23T00:00:00.000000000,259.58,174.39501
2021-10-23T01:00:00.000000000,195.12,173.93743
2021-10-23T02:00:00.000000000,202.45,181.03544
2021-10-23T03:00:00.000000000,215.84,193.6919
2021-10-23T04:00:00.000000000,233.81,209.33512
2021-10-23T05:00:00.000000000,241.9,223.9236
2021-10-23T06:00:00.000000000,260.69,233.56525
2021-10-23T07:00:00.000000000,260.48,238.67433
2021-10-23T08:00:00.000000000,247.93,240.04952
2021-10-23T09:00:00.000000000,230.84,239.94833
2021-10-23T10:00:00.000000000,220.44,240.01639
2021-10-23T11:00:00.000000000,221.03,241.7916
2021-10-23T12:00:00.000000000,239.84,246.96845
2021-10-23T13:00:00.000000000,266.32,256.07157
2021-10-23T14:00:00.000000000,295.68,269.98433
2021-10-23T15:00:00.000000000,332.15,288.99696
2021-10-23T16:00:00.000000000,363.05,311.43229
2021-10-23T17:00:00.000000000,369.14,332.31512
2021-10-23T18:00:00.000000000,362.38,346.68002
2021-10-23T19:00:00.000000000,353.72,353.35834
2021-10-23T20:00:00.000000000,349.19,352.92618
2021-10-23T21:00:00.000000000,338.88,346.79492
2021-10-23T22:00:00.000000000,320.84,337.14961
2021-10-23T23:00:00.000000000,295.12,326.51982
2021-10-24T00:00:00.000000000,262.83,312.57179
2021-10-24T01:00:00.000000000,280.36,314.59105
2021-10-24T02:00:00.000000000,276.56,320.26048
2021-10-24T03:00:00.000000000,275.82,326.53388
2021-10-24T04:00:00.000000000,270.41,330.48053
2021-10-24T05:00:00.000000000,262.41,329.18042
2021-10-24T06:00:00.000000000,257.51,320.41636
2021-10-24T07:00:00.000000000,241.73,306.61772
2021-10-24T08:00:00.000000000,212.1,290.03507
2021-10-24T09:00:00.000000000,195.38,274.02851
2021-10-24T10:00:00.000000000,180.43,261.33907
2021-10-24T11:00:00.000000000,159.72,254.31516
2021-10-24T12:00:00.000000000,145.13,255.86872
2021-10-24T13:00:00.000000000,152.67,266.24048
2021-10-24T14:00:00.000000000,195.52,283.7329
2021-10-24T15:00:00.000000000,256.35,304.31947
2021-10-24T16:00:00.000000000,305.71,323.52718
2021-10-24T17:00:00.000000000,287.86,336.74553
2021-10-24T18:00:00.000000000,263.28,342.03562
2021-10-24T19:00:00.000000000,243.38,340.50979
2021-10-24T20:00:00.000000000,235.14,334.60552
2021-10-24T21:00:00.000000000,230.55,327.05769
2021-10-24T22:00:00.000000000,233.71,320.23068
2021-10-24T23:00:00.000000000,246.84,316.3179
2021-10-25T00:00:00.000000000,310.66,299.40505
2021-10-25T01:00:00.000000000,265.17,300.6577
2021-10-25T02:00:00.000000000,272.27,306.10663
2021-10-25T03:00:00.000000000,276.38,313.5552
2021-10-25T04:00:00.000000000,291.48,321.24055
2021-10-25T05:00:00.000000000,308.89,326.21948
2021-10-25T06:00:00.000000000,316.51,325.2976
2021-10-25T07:00:00.000000000,307.03,320.1414
2021-10-25T08:00:00.000000000,294.08,312.22428
2021-10-25T09:00:00.000000000,282.68,303.94555
2021-10-25T10:00:00.000000000,279.9,297.08247
2021-10-25T11:00:00.000000000,279.3,294.06446
2021-10-25T12:00:00.000000000,284.61,297.83309
2021-10-25T13:00:00.000000000,297.71,307.79174
2021-10-25T14:00:00.000000000,319.39,322.14812
2021-10-25T15:00:00.000000000,343.6,338.37559
2021-10-25T16:00:00.000000000,357.88,354.23373
2021-10-25T17:00:00.000000000,353.1,366.44542
2021-10-25T18:00:00.000000000,345.23,372.96615
2021-10-25T19:00:00.000000000,335.31,374.68572
2021-10-25T20:00:00.000000000,333.43,373.07184
2021-10-25T21:00:00.000000000,334.41,368.82917
2021-10-25T22:00:00.000000000,329.73,362.84615
2021-10-25T23:00:00.000000000,330.03,357.41968
2021-10-23T00:00:00.000000000,259.58,193.66747
2021-10-23T01:00:00.000000000,195.12,192.53262
2021-10-23T02:00:00.000000000,202.45,202.32063
2021-10-23T03:00:00.000000000,215.84,220.89655
2021-10-23T04:00:00.000000000,233.81,243.77109
2021-10-23T05:00:00.000000000,241.9,264.10725
2021-10-23T06:00:00.000000000,260.69,275.79336
2021-10-23T07:00:00.000000000,260.48,278.67069
2021-10-23T08:00:00.000000000,247.93,274.96525
2021-10-23T09:00:00.000000000,230.84,269.48257
2021-10-23T10:00:00.000000000,220.44,266.25209
2021-10-23T11:00:00.000000000,221.03,267.11199
2021-10-23T12:00:00.000000000,239.84,273.47506
2021-10-23T13:00:00.000000000,266.32,285.613
2021-10-23T14:00:00.000000000,295.68,304.28626
2021-10-23T15:00:00.000000000,332.15,328.83326
2021-10-23T16:00:00.000000000,363.05,355.38967
2021-10-23T17:00:00.000000000,369.14,376.5454
2021-10-23T18:00:00.000000000,362.38,385.91746
2021-10-23T19:00:00.000000000,353.72,382.63634
2021-10-23T20:00:00.000000000,349.19,369.66034
2021-10-23T21:00:00.000000000,338.88,351.30254
2021-10-23T22:00:00.000000000,320.84,332.05054
2021-10-23T23:00:00.000000000,295.12,315.0202
2021-10-24T00:00:00.000000000,262.83,291.65557
2021-10-24T01:00:00.000000000,280.36,293.01432
2021-10-24T02:00:00.000000000,276.56,298.73793
2021-10-24T03:00:00.000000000,275.82,305.58379
2021-10-24T04:00:00.000000000,270.41,310.3099
2021-10-24T05:00:00.000000000,262.41,309.71971
2021-10-24T06:00:00.000000000,257.51,301.56833
2021-10-24T07:00:00.000000000,241.73,288.2498
2021-10-24T08:00:00.000000000,212.1,271.96867
2021-10-24T09:00:00.000000000,195.38,256.08881
2021-10-24T10:00:00.000000000,180.43,243.428
2021-10-24T11:00:00.000000000,159.72,236.51799
2021-10-24T12:00:00.000000000,145.13,238.34077
2021-10-24T13:00:00.000000000,152.67,249.3641
2021-10-24T14:00:00.000000000,195.52,268.13477
2021-10-24T15:00:00.000000000,256.35,290.72495
2021-10-24T16:00:00.000000000,305.71,312.34818
2021-10-24T17:00:00.000000000,287.86,327.70143
2021-10-24T18:00:00.000000000,263.28,334.09353
2021-10-24T19:00:00.000000000,243.38,332.27715
2021-10-24T20:00:00.000000000,235.14,324.77009
2021-10-24T21:00:00.000000000,230.55,314.71706
2021-10-24T22:00:00.000000000,233.71,305.07948
2021-10-24T23:00:00.000000000,246.84,298.62978
2021-10-25T00:00:00.000000000,310.66,288.63321
2021-10-25T01:00:00.000000000,265.17,290.21991
2021-10-25T02:00:00.000000000,272.27,294.33104
2021-10-25T03:00:00.000000000,276.38,298.44941
2021-10-25T04:00:00.000000000,291.48,301.21586
2021-10-25T05:00:00.000000000,308.89,301.01153
2021-10-25T06:00:00.000000000,316.51,296.05693
2021-10-25T07:00:00.000000000,307.03,288.56066
2021-10-25T08:00:00.000000000,294.08,279.85418
2021-10-25T09:00:00.000000000,282.68,272.05228
2021-10-25T10:00:00.000000000,279.9,266.70914
2021-10-25T11:00:00.000000000,279.3,266.11746
2021-10-25T12:00:00.000000000,284.61,273.03529
2021-10-25T13:00:00.000000000,297.71,286.58194
2021-10-25T14:00:00.000000000,319.39,304.06387
2021-10-25T15:00:00.000000000,343.6,321.66577
2021-10-25T16:00:00.000000000,357.88,336.49726
2021-10-25T17:00:00.000000000,353.1,346.07271
2021-10-25T18:00:00.000000000,345.23,349.8716
2021-10-25T19:00:00.000000000,335.31,349.65601
2021-10-25T20:00:00.000000000,333.43,347.22508
2021-10-25T21:00:00.000000000,334.41,343.5095
2021-10-25T22:00:00.000000000,329.73,339.32802
2021-10-25T23:00:00.000000000,330.03,336.37503
2021-10-26T00:00:00.000000000,255.12,348.01998
2021-10-26T01:00:00.000000000,326.87,342.31314
2021-10-26T02:00:00.000000000,330.36,339.68443
2021-10-26T03:00:00.000000000,341.16,340.18451
2021-10-26T04:00:00.000000000,348.7,343.26381
2021-10-26T05:00:00.000000000,346.34,346.71246
2021-10-26T06:00:00.000000000,340.48,347.29794
2021-10-26T07:00:00.000000000,333.37,345.57812
2021-10-26T08:00:00.000000000,321.45,341.60779
2021-10-26T09:00:00.000000000,306.17,336.86559
2021-10-26T10:00:00.000000000,285.33,331.98643
2021-10-26T11:00:00.000000000,266.43,327.54881
2021-10-26T12:00:00.000000000,260.47,325.24834
2021-10-26T13:00:00.000000000,267.29,324.95626
2021-10-26T14:00:00.000000000,284.47,327.26219
2021-10-26T15:00:00.000000000,302.14,332.34156
2021-10-26T16:00:00.000000000,316.98,340.11115
2021-10-26T17:00:00.000000000,308.6,348.07032
2021-10-26T18:00:00.000000000,296.28,353.32171
2021-10-26T19:00:00.000000000,281.24,354.96801
2021-10-26T20:00:00.000000000,260.39,353.58616
2021-10-26T21:00:00.000000000,249.21,349.58219
2021-10-26T22:00:00.000000000,240.63,343.4457
2021-10-26T23:00:00.000000000,234.87,336.60516
2021-10-24T00:00:00.000000000,262.83,269.48386
2021-10-24T01:00:00.000000000,280.36,271.63395
2021-10-24T02:00:00.000000000,276.56,278.15447
2021-10-24T03:00:00.000000000,275.82,284.95593
2021-10-24T04:00:00.000000000,270.41,288.07586
2021-10-24T05:00:00.000000000,262.41,284.27968
2021-10-24T06:00:00.000000000,257.51,272.39711
2021-10-24T07:00:00.000000000,241.73,255.7373
2021-10-24T08:00:00.000000000,212.1,236.9665
2021-10-24T09:00:00.000000000,195.38,219.63018
2021-10-24T10:00:00.000000000,180.43,206.73823
2021-10-24T11:00:00.000000000,159.72,201.42618
2021-10-24T12:00:00.000000000,145.13,206.89264
2021-10-24T13:00:00.000000000,152.67,223.13434
2021-10-24T14:00:00.000000000,195.52,247.13598
2021-10-24T15:00:00.000000000,256.35,272.34502
2021-10-24T16:00:00.000000000,305.71,291.77674
2021-10-24T17:00:00.000000000,287.86,299.89422
2021-10-24T18:00:00.000000000,263.28,295.08567
2021-10-24T19:00:00.000000000,243.38,280.02933
2021-10-24T20:00:00.000000000,235.14,259.66773
2021-10-24T21:00:00.000000000,230.55,238.91797
2021-10-24T22:00:00.000000000,233.71,221.69909
2021-10-24T23:00:00.000000000,246.84,211.26318
2021-10-25T00:00:00.000000000,310.66,220.82062
2021-10-25T01:00:00.000000000,265.17,225.14687
2021-10-25T02:00:00.000000000,272.27,233.9421
2021-10-25T03:00:00.000000000,276.38,244.43179
2021-10-25T04:00:00.000000000,291.48,254.34002
2021-10-25T05:00:00.000000000,308.89,260.88597
2021-10-25T06:00:00.000000000,316.51,261.70033
2021-10-25T07:00:00.000000000,307.03,258.94654
2021-10-25T08:00:00.000000000,294.08,254.74162
2021-10-25T09:00:00.000000000,282.68,251.97187
2021-10-25T10:00:00.000000000,279.9,252.29339
2021-10-25T11:00:00.000000000,279.3,257.5132
2021-10-25T12:00:00.000000000,284.61,269.11587
2021-10-25T13:00:00.000000000,297.71,285.48889
2021-10-25T14:00:00.000000000,319.39,303.8749
2021-10-25T15:00:00.000000000,343.6,320.91123
2021-10-25T16:00:00.000000000,357.88,333.90028
2021-10-25T17:00:00.000000000,353.1,340.03961
2021-10-25T18:00:00.000000000,345.23,338.33383
2021-10-25T19:00:00.000000000,335.31,331.17922
2021-10-25T20:00:00.000000000,333.43,321.72206
2021-10-25T21:00:00.000000000,334.41,312.08954
2021-10-25T22:00:00.000000000,329.73,303.8197
2021-10-25T23:00:00.000000000,330.03,298.14463
2021-10-26T00:00:00.000000000,255.12,321.47465
2021-10-26T01:00:00.000000000,326.87,317.60289
2021-10-26T02:00:00.000000000,330.36,316.93397
2021-10-26T03:00:00.000000000,341.16,318.7777
2021-10-26T04:00:00.000000000,348.7,322.22179
2021-10-26T05:00:00.000000000,346.34,324.86248
2021-10-26T06:00:00.000000000,340.48,323.64649
2021-10-26T07:00:00.000000000,333.37,319.58438
2021-10-26T08:00:00.000000000,321.45,313.33797
2021-10-26T09:00:00.000000000,306.17,306.91488
2021-10-26T10:00:00.000000000,285.33,301.52783
2021-10-26T11:00:00.000000000,266.43,298.453
2021-10-26T12:00:00.000000000,260.47,299.60138
2021-10-26T13:00:00.000000000,267.29,304.39273
2021-10-26T14:00:00.000000000,284.47,312.23336
2021-10-26T15:00:00.000000000,302.14,322.00124
2021-10-26T16:00:00.000000000,316.98,332.66319
2021-10-26T17:00:00.000000000,308.6,341.525
2021-10-26T18:00:00.000000000,296.28,346.18065
2021-10-26T19:00:00.000000000,281.24,346.48635
2021-10-26T20:00:00.000000000,260.39,343.552
2021-10-26T21:00:00.000000000,249.21,338.15652
2021-10-26T22:00:00.000000000,240.63,331.13133
2021-10-26T23:00:00.000000000,234.87,324.29182
2021-10-27T00:00:00.000000000,297.91,335.70363
2021-10-27T01:00:00.000000000,230.95,326.7395
2021-10-27T02:00:00.000000000,235.35,321.67526
2021-10-27T03:00:00.000000000,250.85,320.86053
2021-10-27T04:00:00.000000000,269.59,323.73229
2021-10-27T05:00:00.000000000,285.22,327.00492
2021-10-27T06:00:00.000000000,288.33,326.21367
2021-10-27T07:00:00.000000000,279.76,321.35358
2021-10-27T08:00:00.000000000,264.06,312.55368
2021-10-27T09:00:00.000000000,253.37,301.72431
2021-10-27T10:00:00.000000000,244.57,290.65467
2021-10-27T11:00:00.000000000,238.0,281.24427
2021-10-27T12:00:00.000000000,239.22,275.90085
2021-10-27T13:00:00.000000000,250.8,274.61663
2021-10-27T14:00:00.000000000,265.2,277.91971
2021-10-27T15:00:00.000000000,290.63,286.42735
2021-10-27T16:00:00.000000000,312.97,300.44219
2021-10-27T17:00:00.000000000,314.99,316.98209
2021-10-27T18:00:00.000000000,313.68,331.97712
2021-10-27T19:00:00.000000000,313.11,342.76396
2021-10-27T20:00:00.000000000,313.7,347.86369
2021-10-27T21:00:00.000000000,315.22,346.49879
2021-10-27T22:00:00.000000000,315.18,339.22513
2021-10-27T23:00:00.000000000,318.68,329.32704
2021-10-25T00:00:00.000000000,310.66,239.2697
2021-10-25T01:00:00.000000000,265.17,249.58722
2021-10-25T02:00:00.000000000,272.27,262.74655
2021-10-25T03:00:00.000000000,276.38,273.93524
2021-10-25T04:00:00.000000000,291.48,280.35193
2021-10-25T05:00:00.000000000,308.89,280.46293
2021-10-25T06:00:00.000000000,316.51,273.69876
2021-10-25T07:00:00.000000000,307.03,263.64681
2021-10-25T08:00:00.000000000,294.08,253.04389
2021-10-25T09:00:00.000000000,282.68,245.00409
2021-10-25T10:00:00.000000000,279.9,241.80658
2021-10-25T11:00:00.000000000,279.3,246.57064
2021-10-25T12:00:00.000000000,284.61,261.93615
2021-10-25T13:00:00.000000000,297.71,285.93388
2021-10-25T14:00:00.000000000,319.39,313.33091
2021-10-25T15:00:00.000000000,343.6,337.34538
2021-10-25T16:00:00.000000000,357.88,352.83954
2021-10-25T17:00:00.000000000,353.1,356.88512
2021-10-25T18:00:00.000000000,345.23,350.30641
2021-10-25T19:00:00.000000000,335.31,337.64622
2021-10-25T20:00:00.000000000,333.43,323.68891
2021-10-25T21:00:00.000000000,334.41,311.64798
2021-10-25T22:00:00.000000000,329.73,303.73098
2021-10-25T23:00:00.000000000,330.03,301.36605
2021-10-26T00:00:00.000000000,255.12,297.31363
2021-10-26T01:00:00.000000000,326.87,292.05779
2021-10-26T02:00:00.000000000,330.36,289.07579
2021-10-26T03:00:00.000000000,341.16,287.91431
2021-10-26T04:00:00.000000000,348.7,288.26083
2021-10-26T05:00:00.000000000,346.34,288.52537
2021-10-26T06:00:00.000000000,340.48,286.36479
2021-10-26T07:00:00.000000000,333.37,282.8206
2021-10-26T08:00:00.000000000,321.45,278.23198
2021-10-26T09:00:00.000000000,306.17,274.22553
2021-10-26T10:00:00.000000000,285.33,271.67101
2021-10-26T11:00:00.000000000,266.43,271.57317
2021-10-26T12:00:00.000000000,260.47,275.32511
2021-10-26T13:00:00.000000000,267.29,281.95654
2021-10-26T14:00:00.000000000,284.47,290.50744
2021-10-26T15:00:00.000000000,302.14,299.67537
2021-10-26T16:00:00.000000000,316.98,308.66339
2021-10-26T17:00:00.000000000,308.6,315.53551
2021-10-26T18:00:00.000000000,296.28,318.64279
2021-10-26T19:00:00.000000000,281.24,317.97395
2021-10-26T20:00:00.000000000,260.39,314.41776
2021-10-26T21:00:00.000000000,249.21,308.63566
2021-10-26T22:00:00.000000000,240.63,301.45851
2021-10-26T23:00:00.000000000,234.87,294.55584
2021-10-27T00:00:00.000000000,297.91,280.91773
2021-10-27T01:00:00.000000000,230.95,271.82574
2021-10-27T02:00:00.000000000,235.35,266.48121
2021-10-27T03:00:00.000000000,250.85,264.99349
2021-10-27T04:00:00.000000000,269.59,267.04228
2021-10-27T05:00:00.000000000,285.22,270.06117
2021-10-27T06:00:00.000000000,288.33,270.33035
2021-10-27T07:00:00.000000000,279.76,267.59959
2021-10-27T08:00:00.000000000,264.06,261.56983
2021-10-27T09:00:00.000000000,253.37,253.96121
2021-10-27T10:00:00.000000000,244.57,246.47825
2021-10-27T11:00:00.000000000,238.0,240.89883
2021-10-27T12:00:00.000000000,239.22,239.06805
2021-10-27T13:00:00.000000000,250.8,240.68622
2021-10-27T14:00:00.000000000,265.2,245.95467
2021-10-27T15:00:00.000000000,290.63,255.29909
2021-10-27T16:00:00.000000000,312.97,269.19476
2021-10-27T17:00:00.000000000,314.99,285.20754
2021-10-27T18:00:00.000000000,313.68,299.61061
2021-10-27T19:00:00.000000000,313.11,309.59788
2021-10-27T20:00:00.000000000,313.7,313.48669
2021-10-27T21:00:00.000000000,315.22,310.76953
2021-10-27T22:00:00.000000000,315.18,302.52687
2021-10-27T23:00:00.000000000,318.68,292.02729
2021-10-28T00:00:00.000000000,271.92,273.02319
2021-10-28T01:00:00.000000000,327.32,264.72485
2021-10-28T02:00:00.000000000,329.81,264.92613
2021-10-28T03:00:00.000000000,333.49,273.53521
2021-10-28T04:00:00.000000000,339.86,287.92868
2021-10-28T05:00:00.000000000,342.56,301.65381
2021-10-28T06:00:00.000000000,342.4,308.02387
2021-10-28T07:00:00.000000000,329.6,306.00931
2021-10-28T08:00:00.000000000,313.07,296.41707
2021-10-28T09:00:00.000000000,297.69,282.49538
2021-10-28T10:00:00.000000000,285.06,267.41494
2021-10-28T11:00:00.000000000,271.82,254.06313
2021-10-28T12:00:00.000000000,268.91,245.07803
2021-10-28T13:00:00.000000000,279.77,241.25886
2021-10-28T14:00:00.000000000,302.68,244.37636
2021-10-28T15:00:00.000000000,333.99,256.07209
2021-10-28T16:00:00.000000000,339.11,276.08145
2021-10-28T17:00:00.000000000,309.8,298.74053
2021-10-28T18:00:00.000000000,290.55,316.6815
2021-10-28T19:00:00.000000000,277.71,325.73823
2021-10-28T20:00:00.000000000,268.11,324.78861
2021-10-28T21:00:00.000000000,262.08,314.50112
2021-10-28T22:00:00.000000000,257.09,297.45788
2021-10-28T23:00:00.000000000,255.41,278.97001
2021-10-26T00:00:00.000000000,255.12,320.24732
2021-10-26T01:00:00.000000000,326.87,317.07698
2021-10-26T02:00:00.000000000,330.36,317.01553
2021-10-26T03:00:00.000000000,341.16,318.6587
2021-10-26T04:00:00.000000000,348.7,320.88988
2021-10-26T05:00:00.000000000,346.34,321.53597
2021-10-26T06:00:00.000000000,340.48,317.87686
2021-10-26T07:00:00.000000000,333.37,310.52968
2021-10-26T08:00:00.000000000,321.45,299.90986
2021-10-26T09:00:00.000000000,306.17,288.41444
2021-10-26T10:00:00.000000000,285.33,278.63034
2021-10-26T11:00:00.000000000,266.43,273.73463
2021-10-26T12:00:00.000000000,260.47,276.43134
2021-10-26T13:00:00.000000000,267.29,285.34718
2021-10-26T14:00:00.000000000,284.47,297.61723
2021-10-26T15:00:00.000000000,302.14,309.56211
2021-10-26T16:00:00.000000000,316.98,318.67185
2021-10-26T17:00:00.000000000,308.6,322.04572
2021-10-26T18:00:00.000000000,296.28,317.38523
2021-10-26T19:00:00.000000000,281.24,305.18318
2021-10-26T20:00:00.000000000,260.39,288.26043
2021-10-26T21:00:00.000000000,249.21,269.37196
2021-10-26T22:00:00.000000000,240.63,251.42837
2021-10-26T23:00:00.000000000,234.87,238.01784
2021-10-27T00:00:00.000000000,297.91,230.6675
2021-10-27T01:00:00.000000000,230.95,224.61143
2021-10-27T02:00:00.000000000,235.35,223.83437
2021-10-27T03:00:00.000000000,250.85,227.06132
2021-10-27T04:00:00.000000000,269.59,232.9472
2021-10-27T05:00:00.000000000,285.22,238.73793
2021-10-27T06:00:00.000000000,288.33,240.87604
2021-10-27T07:00:00.000000000,279.76,238.86053
2021-10-27T08:00:00.000000000,264.06,232.40586
2021-10-27T09:00:00.000000000,253.37,223.87159
2021-10-27T10:00:00.000000000,244.57,215.86681
2021-10-27T11:00:00.000000000,238.0,210.72445
2021-10-27T12:00:00.000000000,239.22,210.66029
2021-10-27T13:00:00.000000000,250.8,215.92421
2021-10-27T14:00:00.000000000,265.2,226.73051
2021-10-27T15:00:00.000000000,290.63,242.89616
2021-10-27T16:00:00.000000000,312.97,263.72316
2021-10-27T17:00:00.000000000,314.99,285.59168
2021-10-27T18:00:00.000000000,313.68,303.77621
2021-10-27T19:00:00.000000000,313.11,315.01213
2021-10-27T20:00:00.000000000,313.7,317.82667
2021-10-27T21:00:00.000000000,315.22,312.99582
2021-10-27T22:00:00.000000000,315.18,303.02222
2021-10-27T23:00:00.000000000,318.68,291.6604
2021-10-28T00:00:00.000000000,271.92,296.80303
2021-10-28T01:00:00.000000000,327.32,294.86649
2021-10-28T02:00:00.000000000,329.81,299.93988
2021-10-28T03:00:00.000000000,333.49,310.29866
2021-10-28T04:00:00.000000000,339.86,322.44759
2021-10-28T05:00:00.000000000,342.56,330.60509
2021-10-28T06:00:00.000000000,342.4,329.88068
2021-10-28T07:00:00.000000000,329.6,321.43653
2021-10-28T08:00:00.000000000,313.07,307.53829
2021-10-28T09:00:00.000000000,297.69,291.93968
2021-10-28T10:00:00.000000000,285.06,277.58186
2021-10-28T11:00:00.000000000,271.82,267.17352
2021-10-28T12:00:00.000000000,268.91,263.54356
2021-10-28T13:00:00.000000000,279.77,267.18142
2021-10-28T14:00:00.000000000,302.68,278.21845
2021-10-28T15:00:00.000000000,333.99,295.37871
2021-10-28T16:00:00.000000000,339.11,315.7033
2021-10-28T17:00:00.000000000,309.8,332.95178
2021-10-28T18:00:00.000000000,290.55,341.6256
2021-10-28T19:00:00.000000000,277.71,340.79554
2021-10-28T20:00:00.000000000,268.11,332.54626
2021-10-28T21:00:00.000000000,262.08,319.36394
2021-10-28T22:00:00.000000000,257.09,304.00748
2021-10-28T23:00:00.000000000,255.41,290.52533
2021-10-29T00:00:00.000000000,243.65,289.60878
2021-10-29T01:00:00.000000000,253.35,283.31281
2021-10-29T02:00:00.000000000,252.75,283.52971
2021-10-29T03:00:00.000000000,255.05,290.05649
2021-10-29T04:00:00.000000000,260.35,300.13485
2021-10-29T05:00:00.000000000,282.84,308.21773
2021-10-29T06:00:00.000000000,291.18,308.96893
2021-10-29T07:00:00.000000000,287.81,302.20135
2021-10-29T08:00:00.000000000,275.45,289.18226
2021-10-29T09:00:00.000000000,263.44,273.32294
2021-10-29T10:00:00.000000000,250.86,257.47351
2021-10-29T11:00:00.000000000,238.87,244.02949
2021-10-29T12:00:00.000000000,235.96,235.35852
2021-10-29T13:00:00.000000000,242.64,232.2436
2021-10-29T14:00:00.000000000,258.13,235.94447
2021-10-29T15:00:00.000000000,280.4,246.39611
2021-10-29T16:00:00.000000000,287.23,261.88046
2021-10-29T17:00:00.000000000,273.97,277.0722
2021-10-29T18:00:00.000000000,261.71,286.36355
2021-10-29T19:00:00.000000000,252.09,287.33373
2021-10-29T20:00:00.000000000,242.12,280.63589
2021-10-29T21:00:00.000000000,240.25,268.22483
2021-10-29T22:00:00.000000000,236.85,252.69645
2021-10-29T23:00:00.000000000,236.73,238.11607
2021-10-27T00:00:00.000000000,297.91,221.96488
2021-10-27T01:00:00.000000000,230.95,221.69242
2021-10-27T02:00:00.000000000,235.35,227.84054
2021-10-27T03:00:00.000000000,250.85,238.13079
2021-10-27T04:00:00.000000000,269.59,249.55135
2021-10-27T05:00:00.000000000,285.22,257.50248
2021-10-27T06:00:00.000000000,288.33,257.83096
2021-10-27T07:00:00.000000000,279.76,251.28128
2021-10-27T08:00:00.000000000,264.06,239.83869
2021-10-27T09:00:00.000000000,253.37,227.65597
2021-10-27T10:00:00.000000000,244.57,218.38264
2021-10-27T11:00:00.000000000,238.0,214.98187
2021-10-27T12:00:00.000000000,239.22,219.62583
2021-10-27T13:00:00.000000000,250.8,231.80958
2021-10-27T14:00:00.000000000,265.2,250.06843
2021-10-27T15:00:00.000000000,290.63,271.82421
2021-10-27T16:00:00.000000000,312.97,293.74564
2021-10-27T17:00:00.000000000,314.99,310.66634
2021-10-27T18:00:00.000000000,313.68,318.43876
2021-10-27T19:00:00.000000000,313.11,316.65226
2021-10-27T20:00:00.000000000,313.7,307.4563
2021-10-27T21:00:00.000000000,315.22,293.99267
2021-10-27T22:00:00.000000000,315.18,279.64266
2021-10-27T23:00:00.000000000,318.68,267.81985
2021-10-28T00:00:00.000000000,271.92,270.5119
2021-10-28T01:00:00.000000000,327.32,266.27927
2021-10-28T02:00:00.000000000,329.81,268.54349
2021-10-28T03:00:00.000000000,333.49,275.87887
2021-10-28T04:00:00.000000000,339.86,285.18563
2021-10-28T05:00:00.000000000,342.56,291.22589
2021-10-28T06:00:00.000000000,342.4,289.57579
2021-10-28T07:00:00.000000000,329.6,281.05659
2021-10-28T08:00:00.000000000,313.07,267.46239
2021-10-28T09:00:00.000000000,297.69,252.36756
2021-10-28T10:00:00.000000000,285.06,238.73855
2021-10-28T11:00:00.000000000,271.82,229.13431
2021-10-28T12:00:00.000000000,268.91,225.9809
2021-10-28T13:00:00.000000000,279.77,229.72273
2021-10-28T14:00:00.000000000,302.68,240.53882
2021-10-28T15:00:00.000000000,333.99,257.14462
2021-10-28T16:00:00.000000000,339.11,276.7534
2021-10-28T17:00:00.000000000,309.8,293.62864
2021-10-28T18:00:00.000000000,290.55,302.5442
2021-10-28T19:00:00.000000000,277.71,302.03977
2021-10-28T20:00:00.000000000,268.11,293.60883
2021-10-28T21:00:00.000000000,262.08,279.77588
2021-10-28T22:00:00.000000000,257.09,263.60434
2021-10-28T23:00:00.000000000,255.41,249.28454
2021-10-29T00:00:00.000000000,243.65,258.10185
2021-10-29T01:00:00.000000000,253.35,254.61597
2021-10-29T02:00:00.000000000,252.75,257.38415
2021-10-29T03:00:00.000000000,255.05,264.59689
2021-10-29T04:00:00.000000000,260.35,273.12793
2021-10-29T05:00:00.000000000,282.84,278.1657
2021-10-29T06:00:00.000000000,291.18,275.73201
2021-10-29T07:00:00.000000000,287.81,266.80084
2021-10-29T08:00:00.000000000,275.45,253.13857
2021-10-29T09:00:00.000000000,263.44,238.34607
2021-10-29T10:00:00.000000000,250.86,225.46362
2021-10-29T11:00:00.000000000,238.87,217.0461
2021-10-29T12:00:00.000000000,235.96,215.52569
2021-10-29T13:00:00.000000000,242.64,221.35966
2021-10-29T14:00:00.000000000,258.13,234.49199
2021-10-29T15:00:00.000000000,280.4,253.2128
2021-10-29T16:00:00.000000000,287.23,274.34448
2021-10-29T17:00:00.000000000,273.97,292.1346
2021-10-29T18:00:00.000000000,261.71,301.59588
2021-10-29T19:00:00.000000000,252.09,301.43071
2021-10-29T20:00:00.000000000,242.12,293.23066
2021-10-29T21:00:00.000000000,240.25,279.79483
2021-10-29T22:00:00.000000000,236.85,264.39231
2021-10-29T23:00:00.000000000,236.73,251.03827
2021-10-30T00:00:00.000000000,215.19,244.68246
2021-10-30T01:00:00.000000000,229.38,238.25497
2021-10-30T02:00:00.000000000,214.58,238.94784
2021-10-30T03:00:00.000000000,214.13,246.37769
2021-10-30T04:00:00.000000000,228.51,258.07908
2021-10-30T05:00:00.000000000,243.52,268.46894
2021-10-30T06:00:00.000000000,250.73,272.00846
2021-10-30T07:00:00.000000000,243.18,268.23553
2021-10-30T08:00:00.000000000,222.35,258.33284
2021-10-30T09:00:00.000000000,209.92,245.76819
2021-10-30T10:00:00.000000000,201.93,233.55913
2021-10-30T11:00:00.000000000,198.38,224.34702
2021-10-30T12:00:00.000000000,205.1,220.15931
2021-10-30T13:00:00.000000000,217.02,221.14067
2021-10-30T14:00:00.000000000,224.92,227.9648
2021-10-30T15:00:00.000000000,231.28,240.83819
2021-10-30T16:00:00.000000000,235.49,258.67052
2021-10-30T17:00:00.000000000,232.62,276.37831
2021-10-30T18:00:00.000000000,224.87,288.02845
2021-10-30T19:00:00.000000000,216.06,290.87486
2021-10-30T20:00:00.000000000,210.62,285.15044
2021-10-30T21:00:00.000000000,209.47,272.5178
2021-10-30T22:00:00.000000000,207.48,255.78399
2021-10-30T23:00:00.000000000,201.92,239.4311
2021-10-28T00:00:00.000000000,271.92,310.56861
2021-10-28T01:00:00.000000000,327.32,313.0831
2021-10-28T02:00:00.000000000,329.81,317.52907
2021-10-28T03:00:00.000000000,333.49,320.84222
2021-10-28T04:00:00.000000000,339.86,321.30281
2021-10-28T05:00:00.000000000,342.56,317.987
2021-10-28T06:00:00.000000000,342.4,309.91399
2021-10-28T07:00:00.000000000,329.6,298.81643
2021-10-28T08:00:00.000000000,313.07,285.72687
2021-10-28T09:00:00.000000000,297.69,273.18904
2021-10-28T10:00:00.000000000,285.06,263.72126
2021-10-28T11:00:00.000000000,271.82,260.15974
2021-10-28T12:00:00.000000000,268.91,264.9745
2021-10-28T13:00:00.000000000,279.77,276.59296
2021-10-28T14:00:00.000000000,302.68,291.30623
2021-10-28T15:00:00.000000000,333.99,304.13713
2021-10-28T16:00:00.000000000,339.11,312.03988
2021-10-28T17:00:00.000000000,309.8,313.24695
2021-10-28T18:00:00.000000000,290.55,307.6412
2021-10-28T19:00:00.000000000,277.71,296.74662
2021-10-28T20:00:00.000000000,268.11,283.02128
2021-10-28T21:00:00.000000000,262.08,268.97703
2021-10-28T22:00:00.000000000,257.09,257.28644
2021-10-28T23:00:00.000000000,255.41,250.76034
2021-10-29T00:00:00.000000000,243.65,251.42642
2021-10-29T01:00:00.000000000,253.35,248.40389
2021-10-29T02:00:00.000000000,252.75,250.56918
2021-10-29T03:00:00.000000000,255.05,256.50652
2021-10-29T04:00:00.000000000,260.35,263.62189
2021-10-29T05:00:00.000000000,282.84,267.90371
2021-10-29T06:00:00.000000000,291.18,265.80901
2021-10-29T07:00:00.000000000,287.81,258.07751
2021-10-29T08:00:00.000000000,275.45,246.09666
2021-10-29T09:00:00.000000000,263.44,233.1234
2021-10-29T10:00:00.000000000,250.86,221.71845
2021-10-29T11:00:00.000000000,238.87,214.05543
2021-10-29T12:00:00.000000000,235.96,212.22773
2021-10-29T13:00:00.000000000,242.64,216.58934
2021-10-29T14:00:00.000000000,258.13,227.12538
2021-10-29T15:00:00.000000000,280.4,242.23193
2021-10-29T16:00:00.000000000,287.23,259.32284
2021-10-29T17:00:00.000000000,273.97,273.75125
2021-10-29T18:00:00.000000000,261.71,281.52446
2021-10-29T19:00:00.000000000,252.09,281.4979
2021-10-29T20:00:00.000000000,242.12,274.91417
2021-10-29T21:00:00.000000000,240.25,264.18013
2021-10-29T22:00:00.000000000,236.85,251.99862
2021-10-29T23:00:00.000000000,236.73,241.59782
2021-10-30T00:00:00.000000000,215.19,242.27391
2021-10-30T01:00:00.000000000,229.38,241.62702
2021-10-30T02:00:00.000000000,214.58,246.97635
2021-10-30T03:00:00.000000000,214.13,256.58618
2021-10-30T04:00:00.000000000,228.51,268.10389
2021-10-30T05:00:00.000000000,243.52,277.42965
2021-10-30T06:00:00.000000000,250.73,280.38851
2021-10-30T07:00:00.000000000,243.18,276.72671
2021-10-30T08:00:00.000000000,222.35,267.35277
2021-10-30T09:00:00.000000000,209.92,255.42867
2021-10-30T10:00:00.000000000,201.93,243.92524
2021-10-30T11:00:00.000000000,198.38,236.13596
2021-10-30T12:00:00.000000000,205.1,234.68407
2021-10-30T13:00:00.000000000,217.02,238.82872
2021-10-30T14:00:00.000000000,224.92,246.85498
2021-10-30T15:00:00.000000000,231.28,256.09292
2021-10-30T16:00:00.000000000,235.49,264.59463
2021-10-30T17:00:00.000000000,232.62,269.40511
2021-10-30T18:00:00.000000000,224.87,267.6015
2021-10-30T19:00:00.000000000,216.06,258.72148
2021-10-30T20:00:00.000000000,210.62,244.51469
2021-10-30T21:00:00.000000000,209.47,227.3193
2021-10-30T22:00:00.000000000,207.48,209.99519
2021-10-30T23:00:00.000000000,201.92,196.594
2021-10-31T00:00:00.000000000,155.45,177.05317
2021-10-31T01:00:00.000000000,210.86,181.85995
2021-10-31T02:00:00.000000000,211.74,195.00496
2021-10-31T03:00:00.000000000,221.58,213.60573
2021-10-31T04:00:00.000000000,227.12,233.70999
2021-10-31T05:00:00.000000000,229.22,249.95801
2021-10-31T06:00:00.000000000,231.74,257.6717
2021-10-31T07:00:00.000000000,225.72,257.1036
2021-10-31T08:00:00.000000000,200.79,250.42063
2021-10-31T09:00:00.000000000,174.62,241.61544
2021-10-31T10:00:00.000000000,158.1,233.50656
2021-10-31T11:00:00.000000000,150.91,228.14445
2021-10-31T12:00:00.000000000,141.71,227.32648
2021-10-31T13:00:00.000000000,136.87,230.68941
2021-10-31T14:00:00.000000000,146.09,237.78476
2021-10-31T15:00:00.000000000,171.79,246.86416
2021-10-31T16:00:00.000000000,181.36,255.67205
2021-10-31T17:00:00.000000000,171.76,260.71712
2021-10-31T18:00:00.000000000,162.69,258.96047
2021-10-31T19:00:00.000000000,149.68,250.42706
2021-10-31T20:00:00.000000000,138.69,237.02327
2021-10-31T21:00:00.000000000,132.54,221.58651
2021-10-31T22:00:00.000000000,130.6,207.09354
2021-10-31T23:00:00.000000000,131.69,196.89654
2021-10-29T00:00:00.000000000,243.65,255.31468
2021-10-29T01:00:00.000000000,253.35,263.51807
2021-10-29T02:00:00.000000000,252.75,273.47364
2021-10-29T03:00:00.000000000,255.05,280.78565
2021-10-29T04:00:00.000000000,260.35,282.47299
2021-10-29T05:00:00.000000000,282.84,277.54887
2021-10-29T06:00:00.000000000,291.18,266.19517
2021-10-29T07:00:00.000000000,287.81,251.63825
2021-10-29T08:00:00.000000000,275.45,236.26693
2021-10-29T09:00:00.000000000,263.44,223.28793
2021-10-29T10:00:00.000000000,250.86,214.87955
2021-10-29T11:00:00.000000000,238.87,213.024
2021-10-29T12:00:00.000000000,235.96,219.48997
2021-10-29T13:00:00.000000000,242.64,233.00068
2021-10-29T14:00:00.000000000,258.13,250.20258
2021-10-29T15:00:00.000000000,280.4,265.69394
2021-10-29T16:00:00.000000000,287.23,275.48757
2021-10-29T17:00:00.000000000,273.97,277.61796
2021-10-29T18:00:00.000000000,261.71,272.77872
2021-10-29T19:00:00.000000000,252.09,263.46558
2021-10-29T20:00:00.000000000,242.12,252.68289
2021-10-29T21:00:00.000000000,240.25,243.45711
2021-10-29T22:00:00.000000000,236.85,238.09489
2021-10-29T23:00:00.000000000,236.73,238.14674
2021-10-30T00:00:00.000000000,215.19,235.89842
2021-10-30T01:00:00.000000000,229.38,241.60345
2021-10-30T02:00:00.000000000,214.58,249.98576
2021-10-30T03:00:00.000000000,214.13,258.13909
2021-10-30T04:00:00.000000000,228.51,264.2823
2021-10-30T05:00:00.000000000,243.52,266.7599
2021-10-30T06:00:00.000000000,250.73,263.82739
2021-10-30T07:00:00.000000000,243.18,256.45714
2021-10-30T08:00:00.000000000,222.35,246.09292
2021-10-30T09:00:00.000000000,209.92,236.09509
2021-10-30T10:00:00.000000000,201.93,229.16765
2021-10-30T11:00:00.000000000,198.38,227.18654
2021-10-30T12:00:00.000000000,205.1,230.91498
2021-10-30T13:00:00.000000000,217.02,237.68905
2021-10-30T14:00:00.000000000,224.92,244.50634
2021-10-30T15:00:00.000000000,231.28,248.27183
2021-10-30T16:00:00.000000000,235.49,248.01708
2021-10-30T17:00:00.000000000,232.62,243.31932
2021-10-30T18:00:00.000000000,224.87,233.80402
2021-10-30T19:00:00.000000000,216.06,220.20211
2021-10-30T20:00:00.000000000,210.62,204.62977
2021-10-30T21:00:00.000000000,209.47,189.67751
2021-10-30T22:00:00.000000000,207.48,178.2322
2021-10-30T23:00:00.000000000,201.92,173.24927
2021-10-31T00:00:00.000000000,155.45,161.2538
2021-10-31T01:00:00.000000000,210.86,171.44862
2021-10-31T02:00:00.000000000,211.74,188.68792
2021-10-31T03:00:00.000000000,221.58,209.12611
2021-10-31T04:00:00.000000000,227.12,228.37806
2021-10-31T05:00:00.000000000,229.22,241.62651
2021-10-31T06:00:00.000000000,231.74,245.3903
2021-10-31T07:00:00.000000000,225.72,240.97109
2021-10-31T08:00:00.000000000,200.79,231.50088
2021-10-31T09:00:00.000000000,174.62,221.62411
2021-10-31T10:00:00.000000000,158.1,214.30728
2021-10-31T11:00:00.000000000,150.91,211.32858
2021-10-31T12:00:00.000000000,141.71,213.6002
2021-10-31T13:00:00.000000000,136.87,219.56429
2021-10-31T14:00:00.000000000,146.09,227.46285
2021-10-31T15:00:00.000000000,171.79,234.42831
2021-10-31T16:00:00.000000000,181.36,238.08296
2021-10-31T17:00:00.000000000,171.76,236.35262
2021-10-31T18:00:00.000000000,162.69,228.28991
2021-10-31T19:00:00.000000000,149.68,215.39027
2021-10-31T20:00:00.000000000,138.69,200.26349
2021-10-31T21:00:00.000000000,132.54,185.93567
2021-10-31T22:00:00.000000000,130.6,175.04974
2021-10-31T23:00:00.000000000,131.69,170.18946
2021-11-01T00:00:00.000000000,256.64,184.43876
2021-11-01T01:00:00.000000000,141.49,185.27772
2021-11-01T02:00:00.000000000,143.4,194.08634
2021-11-01T03:00:00.000000000,144.51,208.83311
2021-11-01T04:00:00.000000000,146.43,226.93173
2021-11-01T05:00:00.000000000,150.66,244.2764
2021-11-01T06:00:00.000000000,172.54,256.78292
2021-11-01T07:00:00.000000000,189.69,264.83412
2021-11-01T08:00:00.000000000,191.77,268.98254
2021-11-01T09:00:00.000000000,183.63,270.7996
2021-11-01T10:00:00.000000000,179.62,271.29809
2021-11-01T11:00:00.000000000,181.09,272.2517
2021-11-01T12:00:00.000000000,187.12,275.92713
2021-11-01T13:00:00.000000000,201.71,282.89556
2021-11-01T14:00:00.000000000,224.21,293.68819
2021-11-01T15:00:00.000000000,249.27,308.33139
2021-11-01T16:00:00.000000000,270.21,325.61617
2021-11-01T17:00:00.000000000,273.27,341.35237
2021-11-01T18:00:00.000000000,272.17,351.39513
2021-11-01T19:00:00.000000000,270.65,355.28997
2021-11-01T20:00:00.000000000,270.47,353.66107
2021-11-01T21:00:00.000000000,275.68,347.18268
2021-11-01T22:00:00.000000000,277.64,337.3979
2021-11-01T23:00:00.000000000,282.55,326.7248
2021-10-30T00:00:00.000000000,215.19,231.46601
2021-10-30T01:00:00.000000000,229.38,241.25469
2021-10-30T02:00:00.000000000,214.58,253.87706
2021-10-30T03:00:00.000000000,214.13,264.66808
2021-10-30T04:00:00.000000000,228.51,269.89294
2021-10-30T05:00:00.000000000,243.52,267.80606
2021-10-30T06:00:00.000000000,250.73,258.27473
2021-10-30T07:00:00.000000000,243.18,244.47576
2021-10-30T08:00:00.000000000,222.35,229.11003
2021-10-30T09:00:00.000000000,209.92,215.5789
2021-10-30T10:00:00.000000000,201.93,205.94282
2021-10-30T11:00:00.000000000,198.38,201.88586
2021-10-30T12:00:00.000000000,205.1,204.75547
2021-10-30T13:00:00.000000000,217.02,213.35327
2021-10-30T14:00:00.000000000,224.92,225.32066
2021-10-30T15:00:00.000000000,231.28,236.45719
2021-10-30T16:00:00.000000000,235.49,243.59178
2021-10-30T17:00:00.000000000,232.62,244.91072
2021-10-30T18:00:00.000000000,224.87,240.52125
2021-10-30T19:00:00.000000000,216.06,232.17417
2021-10-30T20:00:00.000000000,210.62,222.28412
2021-10-30T21:00:00.000000000,209.47,213.54648
2021-10-30T22:00:00.000000000,207.48,208.14579
2021-10-30T23:00:00.000000000,201.92,208.04569
2021-10-31T00:00:00.000000000,155.45,179.2741
2021-10-31T01:00:00.000000000,210.86,190.33988
2021-10-31T02:00:00.000000000,211.74,207.51434
2021-10-31T03:00:00.000000000,221.58,225.90772
2021-10-31T04:00:00.000000000,227.12,241.03025
2021-10-31T05:00:00.000000000,229.22,249.07733
2021-10-31T06:00:00.000000000,231.74,247.61471
2021-10-31T07:00:00.000000000,225.72,238.36406
2021-10-31T08:00:00.000000000,200.79,224.00813
2021-10-31T09:00:00.000000000,174.62,208.53278
2021-10-31T10:00:00.000000000,158.1,195.25617
2021-10-31T11:00:00.000000000,150.91,187.57785
2021-10-31T12:00:00.000000000,141.71,187.52952
2021-10-31T13:00:00.000000000,136.87,193.39844
2021-10-31T14:00:00.000000000,146.09,202.28577
2021-10-31T15:00:00.000000000,171.79,210.19226
2021-10-31T16:00:00.000000000,181.36,214.40028
2021-10-31T17:00:00.000000000,171.76,213.37189
2021-10-31T18:00:00.000000000,162.69,206.82198
2021-10-31T19:00:00.000000000,149.68,196.15777
2021-10-31T20:00:00.000000000,138.69,183.31245
2021-10-31T21:00:00.000000000,132.54,170.45487
2021-10-31T22:00:00.000000000,130.6,159.98664
2021-10-31T23:00:00.000000000,131.69,155.42844
2021-11-01T00:00:00.000000000,256.64,170.88938
2021-11-01T01:00:00.000000000,141.49,175.16204
2021-11-01T02:00:00.000000000,143.4,184.05756
2021-11-01T03:00:00.000000000,144.51,195.14588
2021-11-01T04:00:00.000000000,146.43,206.06047
2021-11-01T05:00:00.000000000,150.66,213.55463
2021-11-01T06:00:00.000000000,172.54,215.28622
2021-11-01T07:00:00.000000000,189.69,213.17627
2021-11-01T08:00:00.000000000,191.77,209.18943
2021-11-01T09:00:00.000000000,183.63,206.174
2021-11-01T10:00:00.000000000,179.62,205.41018
2021-11-01T11:00:00.000000000,181.09,208.29129
2021-11-01T12:00:00.000000000,187.12,216.11605
2021-11-01T13:00:00.000000000,201.71,228.28046
2021-11-01T14:00:00.000000000,224.21,243.52936
2021-11-01T15:00:00.000000000,249.27,259.59158
2021-11-01T16:00:00.000000000,270.21,274.02082
2021-11-01T17:00:00.000000000,273.27,283.73348
2021-11-01T18:00:00.000000000,272.17,286.99917
2021-11-01T19:00:00.000000000,270.65,285.25919
2021-11-01T20:00:00.000000000,270.47,280.81457
2021-11-01T21:00:00.000000000,275.68,275.54008
2021-11-01T22:00:00.000000000,277.64,270.56846
2021-11-01T23:00:00.000000000,282.55,267.05857
2021-11-02T00:00:00.000000000,389.38,298.92417
2021-11-02T01:00:00.000000000,309.99,298.11546
2021-11-02T02:00:00.000000000,319.65,301.72219
2021-11-02T03:00:00.000000000,330.75,308.70867
2021-11-02T04:00:00.000000000,345.54,317.77703
2021-11-02T05:00:00.000000000,370.39,326.29525
2021-11-02T06:00:00.000000000,383.13,330.83712
2021-11-02T07:00:00.000000000,388.96,331.55972
2021-11-02T08:00:00.000000000,372.06,328.73344
2021-11-02T09:00:00.000000000,358.62,324.29992
2021-11-02T10:00:00.000000000,349.91,319.66713
2021-11-02T11:00:00.000000000,344.89,316.21719
2021-11-02T12:00:00.000000000,348.86,315.62068
2021-11-02T13:00:00.000000000,360.01,316.9852
2021-11-02T14:00:00.000000000,374.79,319.66346
2021-11-02T15:00:00.000000000,398.06,322.85078
2021-11-02T16:00:00.000000000,413.28,326.18078
2021-11-02T17:00:00.000000000,412.13,327.47717
2021-11-02T18:00:00.000000000,408.5,324.31052
2021-11-02T19:00:00.000000000,406.48,316.52061
2021-11-02T20:00:00.000000000,405.42,305.59833
2021-11-02T21:00:00.000000000,404.54,293.02646
2021-11-02T22:00:00.000000000,409.05,280.73007
2021-11-02T23:00:00.000000000,411.46,271.0634
2021-10-31T00:00:00.000000000,155.45,163.75387
2021-10-31T01:00:00.000000000,210.86,184.77606
2021-10-31T02:00:00.000000000,211.74,210.62514
2021-10-31T03:00:00.000000000,221.58,234.64593
2021-10-31T04:00:00.000000000,227.12,251.50635
2021-10-31T05:00:00.000000000,229.22,258.60116
2021-10-31T06:00:00.000000000,231.74,255.53238
2021-10-31T07:00:00.000000000,225.72,245.34214
2021-10-31T08:00:00.000000000,200.79,230.75997
2021-10-31T09:00:00.000000000,174.62,214.86152
2021-10-31T10:00:00.000000000,158.1,200.26637
2021-10-31T11:00:00.000000000,150.91,190.70434
2021-10-31T12:00:00.000000000,141.71,188.14717
2021-10-31T13:00:00.000000000,136.87,190.1117
2021-10-31T14:00:00.000000000,146.09,192.80748
2021-10-31T15:00:00.000000000,171.79,191.94971
2021-10-31T16:00:00.000000000,181.36,185.92302
2021-10-31T17:00:00.000000000,171.76,175.78496
2021-10-31T18:00:00.000000000,162.69,163.90603
2021-10-31T19:00:00.000000000,149.68,153.02466
2021-10-31T20:00:00.000000000,138.69,144.35051
2021-10-31T21:00:00.000000000,132.54,138.25126
2021-10-31T22:00:00.000000000,130.6,135.5156
2021-10-31T23:00:00.000000000,131.69,138.91539
2021-11-01T00:00:00.000000000,256.64,154.03968
2021-11-01T01:00:00.000000000,141.49,156.5911
2021-11-01T02:00:00.000000000,143.4,164.33422
2021-11-01T03:00:00.000000000,144.51,175.13555
2021-11-01T04:00:00.000000000,146.43,186.97519
2021-11-01T05:00:00.000000000,150.66,196.74403
2021-11-01T06:00:00.000000000,172.54,201.91572
2021-11-01T07:00:00.000000000,189.69,204.00137
2021-11-01T08:00:00.000000000,191.77,204.41751
2021-11-01T09:00:00.000000000,183.63,205.54933
2021-11-01T10:00:00.000000000,179.62,208.40434
2021-11-01T11:00:00.000000000,181.09,213.94337
2021-11-01T12:00:00.000000000,187.12,222.99841
2021-11-01T13:00:00.000000000,201.71,234.99286
2021-11-01T14:00:00.000000000,224.21,249.4565
2021-11-01T15:00:00.000000000,249.27,265.53964
2021-11-01T16:00:00.000000000,270.21,281.72097
2021-11-01T17:00:00.000000000,273.27,294.82298
2021-11-01T18:00:00.000000000,272.17,302.20625
2021-11-01T19:00:00.000000000,270.65,304.40983
2021-11-01T20:00:00.000000000,270.47,302.86606
2021-11-01T21:00:00.000000000,275.68,298.9713
2021-11-01T22:00:00.000000000,277.64,293.90243
2021-11-01T23:00:00.000000000,282.55,288.86228
2021-11-02T00:00:00.000000000,389.38,331.25321
2021-11-02T01:00:00.000000000,309.99,329.93203
2021-11-02T02:00:00.000000000,319.65,333.01169
2021-11-02T03:00:00.000000000,330.75,339.3478
2021-11-02T04:00:00.000000000,345.54,347.37196
2021-11-02T05:00:00.000000000,370.39,354.40018
2021-11-02T06:00:00.000000000,383.13,357.06339
2021-11-02T07:00:00.000000000,388.96,356.443
2021-11-02T08:00:00.000000000,372.06,353.79462
2021-11-02T09:00:00.000000000,358.62,351.77057
2021-11-02T10:00:00.000000000,349.91,351.79597
2021-11-02T11:00:00.000000000,344.89,354.28781
2021-11-02T12:00:00.000000000,348.86,359.95246
2021-11-02T13:00:00.000000000,360.01,367.0037
2021-11-02T14:00:00.000000000,374.79,374.43082
2021-11-02T15:00:00.000000000,398.06,381.41829
2021-11-02T16:00:00.000000000,413.28,387.49865
2021-11-02T17:00:00.000000000,412.13,390.43335
2021-11-02T18:00:00.000000000,408.5,388.16933
2021-11-02T19:00:00.000000000,406.48,381.33198
2021-11-02T20:00:00.000000000,405.42,372.04555
2021-11-02T21:00:00.000000000,404.54,361.85814
2021-11-02T22:00:00.000000000,409.05,352.18762
2021-11-02T23:00:00.000000000,411.46,344.13141
2021-11-03T00:00:00.000000000,432.43,391.9859
2021-11-03T01:00:00.000000000,421.42,394.34494
2021-11-03T02:00:00.000000000,421.29,400.53066
2021-11-03T03:00:00.000000000,418.65,407.5306
2021-11-03T04:00:00.000000000,418.28,413.30635
2021-11-03T05:00:00.000000000,419.56,416.76648
2021-11-03T06:00:00.000000000,416.78,416.18874
2021-11-03T07:00:00.000000000,410.07,412.99104
2021-11-03T08:00:00.000000000,393.62,407.58519
2021-11-03T09:00:00.000000000,377.82,401.66181
2021-11-03T10:00:00.000000000,373.24,396.74723
2021-11-03T11:00:00.000000000,375.73,394.48372
2021-11-03T12:00:00.000000000,384.19,397.16388
2021-11-03T13:00:00.000000000,396.12,403.48079
2021-11-03T14:00:00.000000000,410.31,411.31514
2021-11-03T15:00:00.000000000,421.06,418.4567
2021-11-03T16:00:00.000000000,424.21,424.55214
2021-11-03T17:00:00.000000000,417.87,428.67417
2021-11-03T18:00:00.000000000,417.14,430.22485
2021-11-03T19:00:00.000000000,418.98,429.54536
2021-11-03T20:00:00.000000000,423.16,426.86237
2021-11-03T21:00:00.000000000,427.27,422.14334
2021-11-03T22:00:00.000000000,432.47,416.41993
2021-11-03T23:00:00.000000000,434.07,411.38157
2021-11-01T00:00:00.000000000,256.64,138.13916
2021-11-01T01:00:00.000000000,141.49,141.05381
2021-11-01T02:00:00.000000000,143.4,150.01608
2021-11-01T03:00:00.000000000,144.51,163.22317
2021-11-01T04:00:00.000000000,146.43,178.43337
2021-11-01T05:00:00.000000000,150.66,191.20992
2021-11-01T06:00:00.000000000,172.54,197.77855
2021-11-01T07:00:00.000000000,189.69,199.03588
2021-11-01T08:00:00.000000000,191.77,196.80847
2021-11-01T09:00:00.000000000,183.63,194.3029
2021-11-01T10:00:00.000000000,179.62,193.32087
2021-11-01T11:00:00.000000000,181.09,195.33241
2021-11-01T12:00:00.000000000,187.12,201.41663
2021-11-01T13:00:00.000000000,201.71,211.29948
2021-11-01T14:00:00.000000000,224.21,224.89251
2021-11-01T15:00:00.000000000,249.27,241.63984
2021-11-01T16:00:00.000000000,270.21,259.68392
2021-11-01T17:00:00.000000000,273.27,274.89631
2021-11-01T18:00:00.000000000,272.17,283.6245
2021-11-01T19:00:00.000000000,270.65,285.94324
2021-11-01T20:00:00.000000000,270.47,283.44514
2021-11-01T21:00:00.000000000,275.68,278.03248
2021-11-01T22:00:00.000000000,277.64,271.35591
2021-11-01T23:00:00.000000000,282.55,265.33467
2021-11-02T00:00:00.000000000,389.38,310.23352
2021-11-02T01:00:00.000000000,309.99,308.27007
2021-11-02T02:00:00.000000000,319.65,310.10585
2021-11-02T03:00:00.000000000,330.75,314.62665
2021-11-02T04:00:00.000000000,345.54,320.64285
2021-11-02T05:00:00.000000000,370.39,325.74217
2021-11-02T06:00:00.000000000,383.13,326.90813
2021-11-02T07:00:00.000000000,388.96,325.27867
2021-11-02T08:00:00.000000000,372.06,321.9022
2021-11-02T09:00:00.000000000,358.62,319.19156
2021-11-02T10:00:00.000000000,349.91,318.49148
2021-11-02T11:00:00.000000000,344.89,320.65193
2021-11-02T12:00:00.000000000,348.86,326.62131
2021-11-02T13:00:00.000000000,360.01,334.58399
2021-11-02T14:00:00.000000000,374.79,343.11175
2021-11-02T15:00:00.000000000,398.06,350.87676
2021-11-02T16:00:00.000000000,413.28,357.11657
2021-11-02T17:00:00.000000000,412.13,359.68805
2021-11-02T18:00:00.000000000,408.5,356.72309
2021-11-02T19:00:00.000000000,406.48,348.93792
2021-11-02T20:00:00.000000000,405.42,338.54296
2021-11-02T21:00:00.000000000,404.54,327.16196
2021-11-02T22:00:00.000000000,409.05,316.3049
2021-11-02T23:00:00.000000000,411.46,307.53128
2021-11-03T00:00:00.000000000,432.43,352.54336
2021-11-03T01:00:00.000000000,421.42,351.71395
2021-11-03T02:00:00.000000000,421.29,354.29055
2021-11-03T03:00:00.000000000,418.65,358.69616
2021-11-03T04:00:00.000000000,418.28,363.34272
2021-11-03T05:00:00.000000000,419.56,366.10297
2021-11-03T06:00:00.000000000,416.78,364.42276
2021-11-03T07:00:00.000000000,410.07,360.13627
2021-11-03T08:00:00.000000000,393.62,354.81071
2021-11-03T09:00:00.000000000,377.82,351.13343
2021-11-03T10:00:00.000000000,373.24,350.48053
2021-11-03T11:00:00.000000000,375.73,353.33602
2021-11-03T12:00:00.000000000,384.19,360.37371
2021-11-03T13:00:00.000000000,396.12,369.46651
2021-11-03T14:00:00.000000000,410.31,379.04866
2021-11-03T15:00:00.000000000,421.06,387.71396
2021-11-03T16:00:00.000000000,424.21,394.70884
2021-11-03T17:00:00.000000000,417.87,397.91344
2021-11-03T18:00:00.000000000,417.14,395.68264
2021-11-03T19:00:00.000000000,418.98,388.95588
2021-11-03T20:00:00.000000000,423.16,380.02759
2021-11-03T21:00:00.000000000,427.27,370.45642
2021-11-03T22:00:00.000000000,432.47,361.58728
2021-11-03T23:00:00.000000000,434.07,354.52189
2021-11-04T00:00:00.000000000,312.66,391.24975
2021-11-04T01:00:00.000000000,433.67,394.02685
2021-11-04T02:00:00.000000000,429.66,397.5001
2021-11-04T03:00:00.000000000,424.47,400.83278
2021-11-04T04:00:00.000000000,422.55,403.02577
2021-11-04T05:00:00.000000000,417.15,403.14727
2021-11-04T06:00:00.000000000,407.65,399.96316
2021-11-04T07:00:00.000000000,396.05,395.11018
2021-11-04T08:00:00.000000000,384.79,389.14561
2021-11-04T09:00:00.000000000,371.37,383.4691
2021-11-04T10:00:00.000000000,357.7,378.27259
2021-11-04T11:00:00.000000000,340.11,372.93496
2021-11-04T12:00:00.000000000,324.72,367.76571
2021-11-04T13:00:00.000000000,312.94,361.55017
2021-11-04T14:00:00.000000000,305.44,354.75597
2021-11-04T15:00:00.000000000,299.64,347.81469
2021-11-04T16:00:00.000000000,294.93,341.55371
2021-11-04T17:00:00.000000000,290.45,334.87899
2021-11-04T18:00:00.000000000,283.88,326.25857
2021-11-04T19:00:00.000000000,274.12,315.81542
2021-11-04T20:00:00.000000000,264.88,305.44263
2021-11-04T21:00:00.000000000,265.56,296.45899
2021-11-04T22:00:00.000000000,275.44,290.00787
2021-11-04T23:00:00.000000000,275.47,287.12311
2021-11-02T00:00:00.000000000,389.38,309.08965
2021-11-02T01:00:00.000000000,309.99,302.43621
2021-11-02T02:00:00.000000000,319.65,300.98899
2021-11-02T03:00:00.000000000,330.75,304.68651
2021-11-02T04:00:00.000000000,345.54,312.41492
2021-11-02T05:00:00.000000000,370.39,320.88444
2021-11-02T06:00:00.000000000,383.13,325.83291
2021-11-02T07:00:00.000000000,388.96,326.95852
2021-11-02T08:00:00.000000000,372.06,324.30407
2021-11-02T09:00:00.000000000,358.62,320.16966
2021-11-02T10:00:00.000000000,349.91,316.18623
2021-11-02T11:00:00.000000000,344.89,313.16405
2021-11-02T12:00:00.000000000,348.86,312.65664
2021-11-02T13:00:00.000000000,360.01,314.48179
2021-11-02T14:00:00.000000000,374.79,319.2543
2021-11-02T15:00:00.000000000,398.06,326.99303
2021-11-02T16:00:00.000000000,413.28,337.03294
2021-11-02T17:00:00.000000000,412.13,346.10426
2021-11-02T18:00:00.000000000,408.5,350.39834
2021-11-02T19:00:00.000000000,406.48,348.6347
2021-11-02T20:00:00.000000000,405.42,341.96322
2021-11-02T21:00:00.000000000,404.54,332.00513
2021-11-02T22:00:00.000000000,409.05,320.49185
2021-11-02T23:00:00.000000000,411.46,309.33246
2021-11-03T00:00:00.000000000,432.43,351.4243
2021-11-03T01:00:00.000000000,421.42,350.28425
2021-11-03T02:00:00.000000000,421.29,351.55587
2021-11-03T03:00:00.000000000,418.65,353.91546
2021-11-03T04:00:00.000000000,418.28,356.1626
2021-11-03T05:00:00.000000000,419.56,356.60298
2021-11-03T06:00:00.000000000,416.78,353.16036
2021-11-03T07:00:00.000000000,410.07,347.96493
2021-11-03T08:00:00.000000000,393.62,342.57375
2021-11-03T09:00:00.000000000,377.82,339.50173
2021-11-03T10:00:00.000000000,373.24,339.73159
2021-11-03T11:00:00.000000000,375.73,343.49655
2021-11-03T12:00:00.000000000,384.19,351.25971
2021-11-03T13:00:00.000000000,396.12,360.77488
2021-11-03T14:00:00.000000000,410.31,370.38141
2021-11-03T15:00:00.000000000,421.06,378.57135
2021-11-03T16:00:00.000000000,424.21,384.64738
2021-11-03T17:00:00.000000000,417.87,386.83485
2021-11-03T18:00:00.000000000,417.14,383.91004
2021-11-03T19:00:00.000000000,418.98,377.11528
2021-11-03T20:00:00.000000000,423.16,368.92717
2021-11-03T21:00:00.000000000,427.27,360.78644
2021-11-03T22:00:00.000000000,432.47,353.59224
2021-11-03T23:00:00.000000000,434.07,348.05453
2021-11-04T00:00:00.000000000,312.66,380.05883
2021-11-04T01:00:00.000000000,433.67,385.63585
2021-11-04T02:00:00.000000000,429.66,390.08101
2021-11-04T03:00:00.000000000,424.47,391.78405
2021-11-04T04:00:00.000000000,422.55,390.29125
2021-11-04T05:00:00.000000000,417.15,386.37145
2021-11-04T06:00:00.000000000,407.65,380.21484
2021-11-04T07:00:00.000000000,396.05,373.72254
2021-11-04T08:00:00.000000000,384.79,367.07611
2021-11-04T09:00:00.000000000,371.37,361.26651
2021-11-04T10:00:00.000000000,357.7,356.30538
2021-11-04T11:00:00.000000000,340.11,351.60958
2021-11-04T12:00:00.000000000,324.72,347.265
2021-11-04T13:00:00.000000000,312.94,341.48556
2021-11-04T14:00:00.000000000,305.44,333.96952
2021-11-04T15:00:00.000000000,299.64,324.83997
2021-11-04T16:00:00.000000000,294.93,315.59528
2021-11-04T17:00:00.000000000,290.45,306.50785
2021-11-04T18:00:00.000000000,283.88,297.07308
2021-11-04T19:00:00.000000000,274.12,287.30993
2021-11-04T20:00:00.000000000,264.88,278.3375
2021-11-04T21:00:00.000000000,265.56,271.1138
2021-11-04T22:00:00.000000000,275.44,266.85473
2021-11-04T23:00:00.000000000,275.47,266.77537
2021-11-05T00:00:00.000000000,250.4,309.33827
2021-11-05T01:00:00.000000000,285.02,304.63503
2021-11-05T02:00:00.000000000,290.03,303.93768
2021-11-05T03:00:00.000000000,299.48,306.97954
2021-11-05T04:00:00.000000000,313.88,313.13977
2021-11-05T05:00:00.000000000,331.12,320.22114
2021-11-05T06:00:00.000000000,348.36,324.85145
2021-11-05T07:00:00.000000000,350.04,326.74145
2021-11-05T08:00:00.000000000,341.13,325.32886
2021-11-05T09:00:00.000000000,331.21,321.85755
2021-11-05T10:00:00.000000000,326.63,317.29337
2021-11-05T11:00:00.000000000,323.44,312.87328
2021-11-05T12:00:00.000000000,315.23,310.35273
2021-11-05T13:00:00.000000000,313.97,309.25226
2021-11-05T14:00:00.000000000,318.77,309.64756
2021-11-05T15:00:00.000000000,331.09,311.51858
2021-11-05T16:00:00.000000000,329.61,315.08797
2021-11-05T17:00:00.000000000,322.02,318.26401
2021-11-05T18:00:00.000000000,313.52,318.13226
2021-11-05T19:00:00.000000000,306.02,313.58315
2021-11-05T20:00:00.000000000,293.55,305.23754
2021-11-05T21:00:00.000000000,278.29,294.00663
2021-11-05T22:00:00.000000000,260.81,281.56501
2021-11-05T23:00:00.000000000,247.68,270.43522
2021-11-03T00:00:00.000000000,432.43,411.6219
2021-11-03T01:00:00.000000000,421.42,408.52696
2021-11-03T02:00:00.000000000,421.29,408.12175
2021-11-03T03:00:00.000000000,418.65,408.61004
2021-11-03T04:00:00.000000000,418.28,408.54277
2021-11-03T05:00:00.000000000,419.56,407.1009
2021-11-03T06:00:00.000000000,416.78,402.78304
2021-11-03T07:00:00.000000000,410.07,397.40521
2021-11-03T08:00:00.000000000,393.62,391.53713
2021-11-03T09:00:00.000000000,377.82,386.76938
2021-11-03T10:00:00.000000000,373.24,384.00543
2021-11-03T11:00:00.000000000,375.73,383.85608
2021-11-03T12:00:00.000000000,384.19,387.59346
2021-11-03T13:00:00.000000000,396.12,393.77913
2021-11-03T14:00:00.000000000,410.31,401.16198
2021-11-03T15:00:00.000000000,421.06,408.43792
2021-11-03T16:00:00.000000000,424.21,415.4177
2021-11-03T17:00:00.000000000,417.87,420.57602
2021-11-03T18:00:00.000000000,417.14,422.52948
2021-11-03T19:00:00.000000000,418.98,421.11027
2021-11-03T20:00:00.000000000,423.16,416.84207
2021-11-03T21:00:00.000000000,427.27,410.20003
2021-11-03T22:00:00.000000000,432.47,402.39882
2021-11-03T23:00:00.000000000,434.07,394.97927
2021-11-04T00:00:00.000000000,312.66,402.06429
2021-11-04T01:00:00.000000000,433.67,403.97672
2021-11-04T02:00:00.000000000,429.66,404.65965
2021-11-04T03:00:00.000000000,424.47,403.19619
2021-11-04T04:00:00.000000000,422.55,399.41679
2021-11-04T05:00:00.000000000,417.15,394.27673
2021-11-04T06:00:00.000000000,407.65,387.9385
2021-11-04T07:00:00.000000000,396.05,382.02996
2021-11-04T08:00:00.000000000,384.79,376.24664
2021-11-04T09:00:00.000000000,371.37,371.21208
2021-11-04T10:00:00.000000000,357.7,366.6206
2021-11-04T11:00:00.000000000,340.11,361.5061
2021-11-04T12:00:00.000000000,324.72,355.83682
2021-11-04T13:00:00.000000000,312.94,348.28423
2021-11-04T14:00:00.000000000,305.44,339.34469
2021-11-04T15:00:00.000000000,299.64,329.78171
2021-11-04T16:00:00.000000000,294.93,321.29916
2021-11-04T17:00:00.000000000,290.45,313.87751
2021-11-04T18:00:00.000000000,283.88,306.48817
2021-11-04T19:00:00.000000000,274.12,298.42897
2021-11-04T20:00:00.000000000,264.88,290.36198
2021-11-04T21:00:00.000000000,265.56,283.18678
2021-11-04T22:00:00.000000000,275.44,278.16942
2021-11-04T23:00:00.000000000,275.47,276.47131
2021-11-05T00:00:00.000000000,250.4,307.46227
2021-11-05T01:00:00.000000000,285.02,303.05339
2021-11-05T02:00:00.000000000,290.03,302.77967
2021-11-05T03:00:00.000000000,299.48,306.22421
2021-11-05T04:00:00.000000000,313.88,312.55914
2021-11-05T05:00:00.000000000,331.12,319.35311
2021-11-05T06:00:00.000000000,348.36,323.08989
2021-11-05T07:00:00.000000000,350.04,323.45539
2021-11-05T08:00:00.000000000,341.13,320.13905
2021-11-05T09:00:00.000000000,331.21,314.80578
2021-11-05T10:00:00.000000000,326.63,308.89076
2021-11-05T11:00:00.000000000,323.44,303.99387
2021-11-05T12:00:00.000000000,315.23,301.92484
2021-11-05T13:00:00.000000000,313.97,302.02328
2021-11-05T14:00:00.000000000,318.77,303.97135
2021-11-05T15:00:00.000000000,331.09,307.30826
2021-11-05T16:00:00.000000000,329.61,311.91765
2021-11-05T17:00:00.000000000,322.02,315.50664
2021-11-05T18:00:00.000000000,313.52,315.07378
2021-11-05T19:00:00.000000000,306.02,309.53673
2021-11-05T20:00:00.000000000,293.55,299.75319
2021-11-05T21:00:00.000000000,278.29,287.00775
2021-11-05T22:00:00.000000000,260.81,273.32975
2021-11-05T23:00:00.000000000,247.68,261.53839
2021-11-06T00:00:00.000000000,164.88,282.81094
2021-11-06T01:00:00.000000000,236.63,280.20786
2021-11-06T02:00:00.000000000,236.25,281.5512
2021-11-06T03:00:00.000000000,236.69,285.6296
2021-11-06T04:00:00.000000000,241.88,291.46283
2021-11-06T05:00:00.000000000,242.09,296.67191
2021-11-06T06:00:00.000000000,240.33,298.01872
2021-11-06T07:00:00.000000000,239.49,295.2202
2021-11-06T08:00:00.000000000,232.7,288.22139
2021-11-06T09:00:00.000000000,217.21,279.16019
2021-11-06T10:00:00.000000000,195.1,270.34918
2021-11-06T11:00:00.000000000,189.22,264.74735
2021-11-06T12:00:00.000000000,187.26,264.66319
2021-11-06T13:00:00.000000000,187.44,268.78406
2021-11-06T14:00:00.000000000,195.53,275.08597
2021-11-06T15:00:00.000000000,216.42,281.46787
2021-11-06T16:00:00.000000000,230.74,287.1909
2021-11-06T17:00:00.000000000,223.9,290.26927
2021-11-06T18:00:00.000000000,215.3,288.14224
2021-11-06T19:00:00.000000000,201.83,280.0627
2021-11-06T20:00:00.000000000,178.24,267.20052
2021-11-06T21:00:00.000000000,167.91,251.2212
2021-11-06T22:00:00.000000000,166.76,234.75329
2021-11-06T23:00:00.000000000,149.97,221.68717
2021-11-04T00:00:00.000000000,312.66,427.18613
2021-11-04T01:00:00.000000000,433.67,424.86246
2021-11-04T02:00:00.000000000,429.66,419.74909
2021-11-04T03:00:00.000000000,424.47,412.91834
2021-11-04T04:00:00.000000000,422.55,405.187
2021-11-04T05:00:00.000000000,417.15,397.92346
2021-11-04T06:00:00.000000000,407.65,391.3307
2021-11-04T07:00:00.000000000,396.05,387.14249
2021-11-04T08:00:00.000000000,384.79,384.33465
2021-11-04T09:00:00.000000000,371.37,382.21321
2021-11-04T10:00:00.000000000,357.7,378.64031
2021-11-04T11:00:00.000000000,340.11,371.42822
2021-11-04T12:00:00.000000000,324.72,360.51849
2021-11-04T13:00:00.000000000,312.94,346.1212
2021-11-04T14:00:00.000000000,305.44,330.9523
2021-11-04T15:00:00.000000000,299.64,317.42297
2021-11-04T16:00:00.000000000,294.93,307.66523
2021-11-04T17:00:00.000000000,290.45,301.46431
2021-11-04T18:00:00.000000000,283.88,297.88849
2021-11-04T19:00:00.000000000,274.12,296.10945
2021-11-04T20:00:00.000000000,264.88,296.16136
2021-11-04T21:00:00.000000000,265.56,297.81002
2021-11-04T22:00:00.000000000,275.44,300.30166
2021-11-04T23:00:00.000000000,275.47,302.78612
2021-11-05T00:00:00.000000000,250.4,326.81994
2021-11-05T01:00:00.000000000,285.02,322.01723
2021-11-05T02:00:00.000000000,290.03,321.52424
2021-11-05T03:00:00.000000000,299.48,325.16382
2021-11-05T04:00:00.000000000,313.88,332.0814
2021-11-05T05:00:00.000000000,331.12,339.85656
2021-11-05T06:00:00.000000000,348.36,344.81937
2021-11-05T07:00:00.000000000,350.04,346.70669
2021-11-05T08:00:00.000000000,341.13,345.1982
2021-11-05T09:00:00.000000000,331.21,341.82148
2021-11-05T10:00:00.000000000,326.63,337.69332
2021-11-05T11:00:00.000000000,323.44,333.73823
2021-11-05T12:00:00.000000000,315.23,331.48405
2021-11-05T13:00:00.000000000,313.97,330.41716
2021-11-05T14:00:00.000000000,318.77,330.85574
2021-11-05T15:00:00.000000000,331.09,333.0216
2021-11-05T16:00:00.000000000,329.61,337.0664
2021-11-05T17:00:00.000000000,322.02,340.55537
2021-11-05T18:00:00.000000000,313.52,340.33255
2021-11-05T19:00:00.000000000,306.02,335.31198
2021-11-05T20:00:00.000000000,293.55,326.32659
2021-11-05T21:00:00.000000000,278.29,314.58268
2021-11-05T22:00:00.000000000,260.81,301.95391
2021-11-05T23:00:00.000000000,247.68,290.73176
2021-11-06T00:00:00.000000000,164.88,284.3286
2021-11-06T01:00:00.000000000,236.63,289.0726
2021-11-06T02:00:00.000000000,236.25,296.05696
2021-11-06T03:00:00.000000000,236.69,302.01204
2021-11-06T04:00:00.000000000,241.88,305.64202
2021-11-06T05:00:00.000000000,242.09,306.0402
2021-11-06T06:00:00.000000000,240.33,301.53094
2021-11-06T07:00:00.000000000,239.49,292.3281
2021-11-06T08:00:00.000000000,232.7,278.75574
2021-11-06T09:00:00.000000000,217.21,263.50841
2021-11-06T10:00:00.000000000,195.1,250.02764
2021-11-06T11:00:00.000000000,189.22,241.92317
2021-11-06T12:00:00.000000000,187.26,241.68468
2021-11-06T13:00:00.000000000,187.44,247.12763
2021-11-06T14:00:00.000000000,195.53,254.53653
2021-11-06T15:00:00.000000000,216.42,259.97422
2021-11-06T16:00:00.000000000,230.74,262.11674
2021-11-06T17:00:00.000000000,223.9,260.13632
2021-11-06T18:00:00.000000000,215.3,252.7185
2021-11-06T19:00:00.000000000,201.83,239.65969
2021-11-06T20:00:00.000000000,178.24,222.59984
2021-11-06T21:00:00.000000000,167.91,204.1676
2021-11-06T22:00:00.000000000,166.76,188.09927
2021-11-06T23:00:00.000000000,149.97,179.03745
2021-11-07T00:00:00.000000000,172.62,176.79682
2021-11-07T01:00:00.000000000,133.1,181.98451
2021-11-07T02:00:00.000000000,133.71,189.77637
2021-11-07T03:00:00.000000000,133.67,197.56237
2021-11-07T04:00:00.000000000,133.83,203.4478
2021-11-07T05:00:00.000000000,133.33,205.53023
2021-11-07T06:00:00.000000000,132.11,202.86783
2021-11-07T07:00:00.000000000,127.86,197.71475
2021-11-07T08:00:00.000000000,123.74,191.89359
2021-11-07T09:00:00.000000000,118.88,188.09958
2021-11-07T10:00:00.000000000,117.54,187.21387
2021-11-07T11:00:00.000000000,116.41,189.92173
2021-11-07T12:00:00.000000000,118.91,196.68319
2021-11-07T13:00:00.000000000,121.25,205.95918
2021-11-07T14:00:00.000000000,130.65,215.84158
2021-11-07T15:00:00.000000000,161.63,223.56284
2021-11-07T16:00:00.000000000,189.59,227.60429
2021-11-07T17:00:00.000000000,190.68,227.44243
2021-11-07T18:00:00.000000000,190.53,223.66195
2021-11-07T19:00:00.000000000,186.73,218.0477
2021-11-07T20:00:00.000000000,186.6,212.43663
2021-11-07T21:00:00.000000000,189.1,208.18412
2021-11-07T22:00:00.000000000,188.44,205.79909
2021-11-07T23:00:00.000000000,189.36,206.01536
2021-11-05T00:00:00.000000000,250.4,285.451
2021-11-05T01:00:00.000000000,285.02,285.4635
2021-11-05T02:00:00.000000000,290.03,290.93717
2021-11-05T03:00:00.000000000,299.48,300.69648
2021-11-05T04:00:00.000000000,313.88,313.03837
2021-11-05T05:00:00.000000000,331.12,324.78962
2021-11-05T06:00:00.000000000,348.36,332.01001
2021-11-05T07:00:00.000000000,350.04,334.3741
2021-11-05T08:00:00.000000000,341.13,331.94555
2021-11-05T09:00:00.000000000,331.21,326.62106
2021-11-05T10:00:00.000000000,326.63,319.99713
2021-11-05T11:00:00.000000000,323.44,313.75733
2021-11-05T12:00:00.000000000,315.23,310.14433
2021-11-05T13:00:00.000000000,313.97,309.10367
2021-11-05T14:00:00.000000000,318.77,310.62981
2021-11-05T15:00:00.000000000,331.09,314.11452
2021-11-05T16:00:00.000000000,329.61,318.82801
2021-11-05T17:00:00.000000000,322.02,321.79143
2021-11-05T18:00:00.000000000,313.52,319.76435
2021-11-05T19:00:00.000000000,306.02,312.17123
2021-11-05T20:00:00.000000000,293.55,300.39319
2021-11-05T21:00:00.000000000,278.29,286.2807
2021-11-05T22:00:00.000000000,260.81,272.35595
2021-11-05T23:00:00.000000000,247.68,261.48973
2021-11-06T00:00:00.000000000,164.88,247.20378
2021-11-06T01:00:00.000000000,236.63,250.87551
2021-11-06T02:00:00.000000000,236.25,257.49403
2021-11-06T03:00:00.000000000,236.69,264.3099
2021-11-06T04:00:00.000000000,241.88,269.49084
2021-11-06T05:00:00.000000000,242.09,270.85018
2021-11-06T06:00:00.000000000,240.33,265.90921
2021-11-06T07:00:00.000000000,239.49,254.94524
2021-11-06T08:00:00.000000000,232.7,239.30893
2021-11-06T09:00:00.000000000,217.21,222.90355
2021-11-06T10:00:00.000000000,195.1,209.75099
2021-11-06T11:00:00.000000000,189.22,202.89162
2021-11-06T12:00:00.000000000,187.26,203.86253
2021-11-06T13:00:00.000000000,187.44,210.34974
2021-11-06T14:00:00.000000000,195.53,219.15575
2021-11-06T15:00:00.000000000,216.42,226.46039
2021-11-06T16:00:00.000000000,230.74,230.11206
2021-11-06T17:00:00.000000000,223.9,228.53087
2021-11-06T18:00:00.000000000,215.3,220.23634
2021-11-06T19:00:00.000000000,201.83,205.38555
2021-11-06T20:00:00.000000000,178.24,186.57974
2021-11-06T21:00:00.000000000,167.91,167.43811
2021-11-06T22:00:00.000000000,166.76,151.88316
2021-11-06T23:00:00.000000000,149.97,143.91917
2021-11-07T00:00:00.000000000,172.62,146.44188
2021-11-07T01:00:00.000000000,133.1,148.34156
2021-11-07T02:00:00.000000000,133.71,152.28826
2021-11-07T03:00:00.000000000,133.67,156.93158
2021-11-07T04:00:00.000000000,133.83,161.56462
2021-11-07T05:00:00.000000000,133.33,164.44017
2021-11-07T06:00:00.000000000,132.11,164.10982
2021-11-07T07:00:00.000000000,127.86,161.62966
2021-11-07T08:00:00.000000000,123.74,157.85907
2021-11-07T09:00:00.000000000,118.88,155.38257
2021-11-07T10:00:00.000000000,117.54,155.24208
2021-11-07T11:00:00.000000000,116.41,157.95606
2021-11-07T12:00:00.000000000,118.91,163.79057
2021-11-07T13:00:00.000000000,121.25,171.62674
2021-11-07T14:00:00.000000000,130.65,180.29341
2021-11-07T15:00:00.000000000,161.63,187.71227
2021-11-07T16:00:00.000000000,189.59,192.5103
2021-11-07T17:00:00.000000000,190.68,194.0849
2021-11-07T18:00:00.000000000,190.53,192.61657
2021-11-07T19:00:00.000000000,186.73,189.08731
2021-11-07T20:00:00.000000000,186.6,184.83753
2021-11-07T21:00:00.000000000,189.1,181.458
2021-11-07T22:00:00.000000000,188.44,179.669
2021-11-07T23:00:00.000000000,189.36,180.01016
2021-11-08T00:00:00.000000000,361.93,214.41923
2021-11-08T01:00:00.000000000,188.72,211.63555
2021-11-08T02:00:00.000000000,200.9,214.03548
2021-11-08T03:00:00.000000000,227.23,220.14065
2021-11-08T04:00:00.000000000,256.99,228.93731
2021-11-08T05:00:00.000000000,298.25,238.74663
2021-11-08T06:00:00.000000000,330.86,247.58757
2021-11-08T07:00:00.000000000,344.48,256.96271
2021-11-08T08:00:00.000000000,340.18,266.67934
2021-11-08T09:00:00.000000000,323.6,276.76731
2021-11-08T10:00:00.000000000,313.88,286.42578
2021-11-08T11:00:00.000000000,313.72,295.62258
2021-11-08T12:00:00.000000000,323.31,305.46195
2021-11-08T13:00:00.000000000,336.73,315.84876
2021-11-08T14:00:00.000000000,361.0,327.44631
2021-11-08T15:00:00.000000000,392.58,340.95482
2021-11-08T16:00:00.000000000,412.59,356.04409
2021-11-08T17:00:00.000000000,417.72,369.97741
2021-11-08T18:00:00.000000000,420.82,379.99987
2021-11-08T19:00:00.000000000,426.3,386.3591
2021-11-08T20:00:00.000000000,429.55,389.54566
2021-11-08T21:00:00.000000000,430.84,389.08834
2021-11-08T22:00:00.000000000,428.87,384.93248
2021-11-08T23:00:00.000000000,428.82,377.66985
2021-11-06T00:00:00.000000000,164.88,230.45619
2021-11-06T01:00:00.000000000,236.63,232.94315
2021-11-06T02:00:00.000000000,236.25,240.24316
2021-11-06T03:00:00.000000000,236.69,249.68614
2021-11-06T04:00:00.000000000,241.88,258.60026
2021-11-06T05:00:00.000000000,242.09,263.3589
2021-11-06T06:00:00.000000000,240.33,260.55372
2021-11-06T07:00:00.000000000,239.49,250.43818
2021-11-06T08:00:00.000000000,232.7,234.85642
2021-11-06T09:00:00.000000000,217.21,218.18797
2021-11-06T10:00:00.000000000,195.1,204.59804
2021-11-06T11:00:00.000000000,189.22,197.19234
2021-11-06T12:00:00.000000000,187.26,197.75384
2021-11-06T13:00:00.000000000,187.44,204.51673
2021-11-06T14:00:00.000000000,195.53,214.76928
2021-11-06T15:00:00.000000000,216.42,224.63774
2021-11-06T16:00:00.000000000,230.74,231.24691
2021-11-06T17:00:00.000000000,223.9,232.09275
2021-11-06T18:00:00.000000000,215.3,225.11135
2021-11-06T19:00:00.000000000,201.83,210.49391
2021-11-06T20:00:00.000000000,178.24,191.09922
2021-11-06T21:00:00.000000000,167.91,170.78817
2021-11-06T22:00:00.000000000,166.76,153.4279
2021-11-06T23:00:00.000000000,149.97,143.08682
2021-11-07T00:00:00.000000000,172.62,133.38534
2021-11-07T01:00:00.000000000,133.1,133.39573
2021-11-07T02:00:00.000000000,133.71,136.05259
2021-11-07T03:00:00.000000000,133.67,140.7387
2021-11-07T04:00:00.000000000,133.83,146.95608
2021-11-07T05:00:00.000000000,133.33,152.46574
2021-11-07T06:00:00.000000000,132.11,155.29362
2021-11-07T07:00:00.000000000,127.86,156.01071
2021-11-07T08:00:00.000000000,123.74,155.10314
2021-11-07T09:00:00.000000000,118.88,154.88187
2021-11-07T10:00:00.000000000,117.54,155.98115
2021-11-07T11:00:00.000000000,116.41,158.35941
2021-11-07T12:00:00.000000000,118.91,162.25925
2021-11-07T13:00:00.000000000,121.25,167.53818
2021-11-07T14:00:00.000000000,130.65,174.48711
2021-11-07T15:00:00.000000000,161.63,182.24654
2021-11-07T16:00:00.000000000,189.59,189.69044
2021-11-07T17:00:00.000000000,190.68,195.48489
2021-11-07T18:00:00.000000000,190.53,198.68776
2021-11-07T19:00:00.000000000,186.73,199.5453
2021-11-07T20:00:00.000000000,186.6,198.99086
2021-11-07T21:00:00.000000000,189.1,198.40615
2021-11-07T22:00:00.000000000,188.44,198.20864
2021-11-07T23:00:00.000000000,189.36,198.55901
2021-11-08T00:00:00.000000000,361.93,244.47975
2021-11-08T01:00:00.000000000,188.72,240.5889
2021-11-08T02:00:00.000000000,200.9,242.33498
2021-11-08T03:00:00.000000000,227.23,248.61436
2021-11-08T04:00:00.000000000,256.99,258.6063
2021-11-08T05:00:00.000000000,298.25,270.27318
2021-11-08T06:00:00.000000000,330.86,280.84895
2021-11-08T07:00:00.000000000,344.48,291.23247
2021-11-08T08:00:00.000000000,340.18,301.01467
2021-11-08T09:00:00.000000000,323.6,310.46082
2021-11-08T10:00:00.000000000,313.88,319.14438
2021-11-08T11:00:00.000000000,313.72,326.98549
2021-11-08T12:00:00.000000000,323.31,335.32635
2021-11-08T13:00:00.000000000,336.73,343.95726
2021-11-08T14:00:00.000000000,361.0,353.33693
2021-11-08T15:00:00.000000000,392.58,363.85858
2021-11-08T16:00:00.000000000,412.59,375.19662
2021-11-08T17:00:00.000000000,417.72,384.97683
2021-11-08T18:00:00.000000000,420.82,390.82321
2021-11-08T19:00:00.000000000,426.3,393.20519
2021-11-08T20:00:00.000000000,429.55,392.98545
2021-11-08T21:00:00.000000000,430.84,389.94003
2021-11-08T22:00:00.000000000,428.87,384.11532
2021-11-08T23:00:00.000000000,428.82,375.96728
2021-11-09T00:00:00.000000000,340.42,420.48682
2021-11-09T01:00:00.000000000,415.96,424.21702
2021-11-09T02:00:00.000000000,408.13,428.21097
2021-11-09T03:00:00.000000000,399.73,430.32199
2021-11-09T04:00:00.000000000,392.13,429.10529
2021-11-09T05:00:00.000000000,384.18,424.43023
2021-11-09T06:00:00.000000000,376.04,416.20027
2021-11-09T07:00:00.000000000,365.03,407.1475
2021-11-09T08:00:00.000000000,342.6,398.42713
2021-11-09T09:00:00.000000000,315.79,391.5282
2021-11-09T10:00:00.000000000,287.32,386.56204
2021-11-09T11:00:00.000000000,263.69,383.06118
2021-11-09T12:00:00.000000000,252.53,381.13544
2021-11-09T13:00:00.000000000,265.38,378.76649
2021-11-09T14:00:00.000000000,300.75,375.30363
2021-11-09T15:00:00.000000000,341.2,370.53064
2021-11-09T16:00:00.000000000,353.29,365.54976
2021-11-09T17:00:00.000000000,340.0,359.83103
2021-11-09T18:00:00.000000000,334.21,352.47434
2021-11-09T19:00:00.000000000,331.58,343.675
2021-11-09T20:00:00.000000000,334.6,334.69781
2021-11-09T21:00:00.000000000,339.48,326.36095
2021-11-09T22:00:00.000000000,339.72,319.92901
2021-11-09T23:00:00.000000000,331.37,317.04829
2021-11-07T00:00:00.000000000,172.62,112.23281
2021-11-07T01:00:00.000000000,133.1,111.21029
2021-11-07T02:00:00.000000000,133.71,114.16398
2021-11-07T03:00:00.000000000,133.67,120.63611
2021-11-07T04:00:00.000000000,133.83,130.08518
2021-11-07T05:00:00.000000000,133.33,139.28773
2021-11-07T06:00:00.000000000,132.11,145.04768
2021-11-07T07:00:00.000000000,127.86,146.95909
2021-11-07T08:00:00.000000000,123.74,145.35906
2021-11-07T09:00:00.000000000,118.88,143.06804
2021-11-07T10:00:00.000000000,117.54,141.75646
2021-11-07T11:00:00.000000000,116.41,142.18727
2021-11-07T12:00:00.000000000,118.91,144.98621
2021-11-07T13:00:00.000000000,121.25,150.29571
2021-11-07T14:00:00.000000000,130.65,158.71246
2021-11-07T15:00:00.000000000,161.63,169.84259
2021-11-07T16:00:00.000000000,189.59,182.27746
2021-11-07T17:00:00.000000000,190.68,193.43392
2021-11-07T18:00:00.000000000,190.53,200.75476
2021-11-07T19:00:00.000000000,186.73,203.41335
2021-11-07T20:00:00.000000000,186.6,201.96751
2021-11-07T21:00:00.000000000,189.1,198.31308
2021-11-07T22:00:00.000000000,188.44,194.01417
2021-11-07T23:00:00.000000000,189.36,190.53714
2021-11-08T00:00:00.000000000,361.93,202.02029
2021-11-08T01:00:00.000000000,188.72,201.74706
2021-11-08T02:00:00.000000000,200.9,208.34886
2021-11-08T03:00:00.000000000,227.23,219.98127
2021-11-08T04:00:00.000000000,256.99,234.66413
2021-11-08T05:00:00.000000000,298.25,249.1899
2021-11-08T06:00:00.000000000,330.86,260.18999
2021-11-08T07:00:00.000000000,344.48,268.46121
2021-11-08T08:00:00.000000000,340.18,274.34721
2021-11-08T09:00:00.000000000,323.6,278.93935
2021-11-08T10:00:00.000000000,313.88,282.6419
2021-11-08T11:00:00.000000000,313.72,286.58187
2021-11-08T12:00:00.000000000,323.31,292.65259
2021-11-08T13:00:00.000000000,336.73,301.06117
2021-11-08T14:00:00.000000000,361.0,312.12878
2021-11-08T15:00:00.000000000,392.58,325.82975
2021-11-08T16:00:00.000000000,412.59,341.19704
2021-11-08T17:00:00.000000000,417.72,354.72981
2021-11-08T18:00:00.000000000,420.82,363.07684
2021-11-08T19:00:00.000000000,426.3,366.2908
2021-11-08T20:00:00.000000000,429.55,365.16451
2021-11-08T21:00:00.000000000,430.84,360.07644
2021-11-08T22:00:00.000000000,428.87,352.01972
2021-11-08T23:00:00.000000000,428.82,342.67514
2021-11-09T00:00:00.000000000,340.42,363.78269
2021-11-09T01:00:00.000000000,415.96,367.48097
2021-11-09T02:00:00.000000000,408.13,371.26111
2021-11-09T03:00:00.000000000,399.73,372.3579
2021-11-09T04:00:00.000000000,392.13,369.62753
2021-11-09T05:00:00.000000000,384.18,363.2882
2021-11-09T06:00:00.000000000,376.04,353.41151
2021-11-09T07:00:00.000000000,365.03,342.2954
2021-11-09T08:00:00.000000000,342.6,330.62181
2021-11-09T09:00:00.000000000,315.79,319.97502
2021-11-09T10:00:00.000000000,287.32,311.4738
2021-11-09T11:00:00.000000000,263.69,306.29214
2021-11-09T12:00:00.000000000,252.53,306.00428
2021-11-09T13:00:00.000000000,265.38,309.12191
2021-11-09T14:00:00.000000000,300.75,313.59517
2021-11-09T15:00:00.000000000,341.2,316.76787
2021-11-09T16:00:00.000000000,353.29,317.63436
2021-11-09T17:00:00.000000000,340.0,315.19695
2021-11-09T18:00:00.000000000,334.21,308.98907
2021-11-09T19:00:00.000000000,331.58,299.70573
2021-11-09T20:00:00.000000000,334.6,289.03645
2021-11-09T21:00:00.000000000,339.48,278.64992
2021-11-09T22:00:00.000000000,339.72,270.56392
2021-11-09T23:00:00.000000000,331.37,267.14324
2021-11-10T00:00:00.000000000,407.38,326.89184
2021-11-10T01:00:00.000000000,308.84,321.79052
2021-11-10T02:00:00.000000000,320.0,320.70956
2021-11-10T03:00:00.000000000,341.35,323.11916
2021-11-10T04:00:00.000000000,361.18,328.20462
2021-11-10T05:00:00.000000000,375.89,333.72426
2021-11-10T06:00:00.000000000,386.01,336.41803
2021-11-10T07:00:00.000000000,384.36,337.19947
2021-11-10T08:00:00.000000000,364.0,336.63109
2021-11-10T09:00:00.000000000,349.0,336.64404
2021-11-10T10:00:00.000000000,340.88,338.06178
2021-11-10T11:00:00.000000000,343.32,341.03364
2021-11-10T12:00:00.000000000,354.94,346.51928
2021-11-10T13:00:00.000000000,375.28,353.4067
2021-11-10T14:00:00.000000000,401.87,361.49912
2021-11-10T15:00:00.000000000,432.5,370.62725
2021-11-10T16:00:00.000000000,445.72,380.46245
2021-11-10T17:00:00.000000000,443.05,388.48059
2021-11-10T18:00:00.000000000,443.09,391.95706
2021-11-10T19:00:00.000000000,441.05,390.77995
2021-11-10T20:00:00.000000000,440.8,386.36694
2021-11-10T21:00:00.000000000,441.97,379.7159
2021-11-10T22:00:00.000000000,446.16,371.71499
2021-11-10T23:00:00.000000000,448.24,363.32448
2021-11-08T00:00:00.000000000,361.93,192.41188
2021-11-08T01:00:00.000000000,188.72,191.45306
2021-11-08T02:00:00.000000000,200.9,199.4378
2021-11-08T03:00:00.000000000,227.23,214.53423
2021-11-08T04:00:00.000000000,256.99,234.33394
2021-11-08T05:00:00.000000000,298.25,254.6587
2021-11-08T06:00:00.000000000,330.86,271.03209
2021-11-08T07:00:00.000000000,344.48,283.15642
2021-11-08T08:00:00.000000000,340.18,290.75131
2021-11-08T09:00:00.000000000,323.6,294.78991
2021-11-08T10:00:00.000000000,313.88,296.26675
2021-11-08T11:00:00.000000000,313.72,297.10564
2021-11-08T12:00:00.000000000,323.31,300.17232
2021-11-08T13:00:00.000000000,336.73,306.68812
2021-11-08T14:00:00.000000000,361.0,317.68505
2021-11-08T15:00:00.000000000,392.58,333.3747
2021-11-08T16:00:00.000000000,412.59,352.13364
2021-11-08T17:00:00.000000000,417.72,369.11126
2021-11-08T18:00:00.000000000,420.82,379.5218
2021-11-08T19:00:00.000000000,426.3,382.74385
2021-11-08T20:00:00.000000000,429.55,379.565
2021-11-08T21:00:00.000000000,430.84,370.78516
2021-11-08T22:00:00.000000000,428.87,358.30173
2021-11-08T23:00:00.000000000,428.82,344.80169
2021-11-09T00:00:00.000000000,340.42,351.80973
2021-11-09T01:00:00.000000000,415.96,351.0035
2021-11-09T02:00:00.000000000,408.13,351.3986
2021-11-09T03:00:00.000000000,399.73,350.89973
2021-11-09T04:00:00.000000000,392.13,347.86493
2021-11-09T05:00:00.000000000,384.18,341.08558
2021-11-09T06:00:00.000000000,376.04,329.80762
2021-11-09T07:00:00.000000000,365.03,316.54034
2021-11-09T08:00:00.000000000,342.6,302.48349
2021-11-09T09:00:00.000000000,315.79,289.66932
2021-11-09T10:00:00.000000000,287.32,279.50032
2021-11-09T11:00:00.000000000,263.69,273.15775
2021-11-09T12:00:00.000000000,252.53,272.54887
2021-11-09T13:00:00.000000000,265.38,277.26385
2021-11-09T14:00:00.000000000,300.75,286.00415
2021-11-09T15:00:00.000000000,341.2,295.72018
2021-11-09T16:00:00.000000000,353.29,303.64064
2021-11-09T17:00:00.000000000,340.0,306.83474
2021-11-09T18:00:00.000000000,334.21,303.94504
2021-11-09T19:00:00.000000000,331.58,295.78683
2021-11-09T20:00:00.000000000,334.6,284.74948
2021-11-09T21:00:00.000000000,339.48,273.26544
2021-11-09T22:00:00.000000000,339.72,263.54954
2021-11-09T23:00:00.000000000,331.37,257.87061
2021-11-10T00:00:00.000000000,407.38,310.86669
2021-11-10T01:00:00.000000000,308.84,307.60834
2021-11-10T02:00:00.000000000,320.0,307.35243
2021-11-10T03:00:00.000000000,341.35,309.30023
2021-11-10T04:00:00.000000000,361.18,312.71968
2021-11-10T05:00:00.000000000,375.89,315.78979
2021-11-10T06:00:00.000000000,386.01,315.97717
2021-11-10T07:00:00.000000000,384.36,314.76108
2021-11-10T08:00:00.000000000,364.0,313.17612
2021-11-10T09:00:00.000000000,349.0,313.41374
2021-11-10T10:00:00.000000000,340.88,316.273
2021-11-10T11:00:00.000000000,343.32,321.81202
2021-11-10T12:00:00.000000000,354.94,330.39406
2021-11-10T13:00:00.000000000,375.28,340.00024
2021-11-10T14:00:00.000000000,401.87,349.33731
2021-11-10T15:00:00.000000000,432.5,357.33623
2021-11-10T16:00:00.000000000,445.72,363.51431
2021-11-10T17:00:00.000000000,443.05,366.20863
2021-11-10T18:00:00.000000000,443.09,364.07249
2021-11-10T19:00:00.000000000,441.05,358.03168
2021-11-10T20:00:00.000000000,440.8,350.15123
2021-11-10T21:00:00.000000000,441.97,341.73233
2021-11-10T22:00:00.000000000,446.16,333.68854
2021-11-10T23:00:00.000000000,448.24,326.72591
2021-11-11T00:00:00.000000000,439.95,374.35801
2021-11-11T01:00:00.000000000,439.78,371.85129
2021-11-11T02:00:00.000000000,436.62,372.37095
2021-11-11T03:00:00.000000000,437.51,375.31514
2021-11-11T04:00:00.000000000,435.55,379.46192
2021-11-11T05:00:00.000000000,434.29,382.68931
2021-11-11T06:00:00.000000000,435.92,382.35698
2021-11-11T07:00:00.000000000,428.19,379.71605
2021-11-11T08:00:00.000000000,402.34,375.42999
2021-11-11T09:00:00.000000000,376.31,371.22807
2021-11-11T10:00:00.000000000,358.57,367.58264
2021-11-11T11:00:00.000000000,349.7,364.49147
2021-11-11T12:00:00.000000000,350.84,362.93285
2021-11-11T13:00:00.000000000,362.03,362.04994
2021-11-11T14:00:00.000000000,382.22,362.16644
2021-11-11T15:00:00.000000000,414.72,363.42028
2021-11-11T16:00:00.000000000,433.62,366.01604
2021-11-11T17:00:00.000000000,436.48,367.91135
2021-11-11T18:00:00.000000000,440.05,366.78797
2021-11-11T19:00:00.000000000,441.79,362.50039
2021-11-11T20:00:00.000000000,439.85,356.49284
2021-11-11T21:00:00.000000000,438.59,349.57491
2021-11-11T22:00:00.000000000,440.95,342.42384
2021-11-11T23:00:00.000000000,440.59,336.11375
2021-11-09T00:00:00.000000000,340.42,413.95877
2021-11-09T01:00:00.000000000,415.96,408.26387
2021-11-09T02:00:00.000000000,408.13,404.18993
2021-11-09T03:00:00.000000000,399.73,399.77505
2021-11-09T04:00:00.000000000,392.13,392.96188
2021-11-09T05:00:00.000000000,384.18,382.47211
2021-11-09T06:00:00.000000000,376.04,367.95231
2021-11-09T07:00:00.000000000,365.03,352.49567
2021-11-09T08:00:00.000000000,342.6,337.11244
2021-11-09T09:00:00.000000000,315.79,323.24142
2021-11-09T10:00:00.000000000,287.32,311.64547
2021-11-09T11:00:00.000000000,263.69,302.88068
2021-11-09T12:00:00.000000000,252.53,298.93105
2021-11-09T13:00:00.000000000,265.38,300.44411
2021-11-09T14:00:00.000000000,300.75,307.75068
2021-11-09T15:00:00.000000000,341.2,318.83244
2021-11-09T16:00:00.000000000,353.29,330.57195
2021-11-09T17:00:00.000000000,340.0,338.11607
2021-11-09T18:00:00.000000000,334.21,337.99252
2021-11-09T19:00:00.000000000,331.58,329.76218
2021-11-09T20:00:00.000000000,334.6,315.76827
2021-11-09T21:00:00.000000000,339.48,299.19108
2021-11-09T22:00:00.000000000,339.72,283.40957
2021-11-09T23:00:00.000000000,331.37,271.79288
2021-11-10T00:00:00.000000000,407.38,329.94073
2021-11-10T01:00:00.000000000,308.84,326.08688
2021-11-10T02:00:00.000000000,320.0,326.7436
2021-11-10T03:00:00.000000000,341.35,330.82508
2021-11-10T04:00:00.000000000,361.18,337.2065
2021-11-10T05:00:00.000000000,375.89,343.73017
2021-11-10T06:00:00.000000000,386.01,347.29546
2021-11-10T07:00:00.000000000,384.36,348.93721
2021-11-10T08:00:00.000000000,364.0,349.30099
2021-11-10T09:00:00.000000000,349.0,350.2991
2021-11-10T10:00:00.000000000,340.88,352.88259
2021-11-10T11:00:00.000000000,343.32,357.30716
2021-11-10T12:00:00.000000000,354.94,364.32949
2021-11-10T13:00:00.000000000,375.28,372.22747
2021-11-10T14:00:00.000000000,401.87,380.19615
2021-11-10T15:00:00.000000000,432.5,387.88312
2021-11-10T16:00:00.000000000,445.72,395.26493
2021-11-10T17:00:00.000000000,443.05,400.29653
2021-11-10T18:00:00.000000000,443.09,400.71502
2021-11-10T19:00:00.000000000,441.05,396.65181
2021-11-10T20:00:00.000000000,440.8,389.46486
2021-11-10T21:00:00.000000000,441.97,380.10695
2021-11-10T22:00:00.000000000,446.16,369.85978
2021-11-10T23:00:00.000000000,448.24,359.99969
2021-11-11T00:00:00.000000000,439.95,411.17919
2021-11-11T01:00:00.000000000,439.78,410.11691
2021-11-11T02:00:00.000000000,436.62,411.79756
2021-11-11T03:00:00.000000000,437.51,415.04024
2021-11-11T04:00:00.000000000,435.55,417.85579
2021-11-11T05:00:00.000000000,434.29,418.0057
2021-11-11T06:00:00.000000000,435.92,413.43899
2021-11-11T07:00:00.000000000,428.19,406.56409
2021-11-11T08:00:00.000000000,402.34,399.20472
2021-11-11T09:00:00.000000000,376.31,393.7589
2021-11-11T10:00:00.000000000,358.57,390.73889
2021-11-11T11:00:00.000000000,349.7,389.55462
2021-11-11T12:00:00.000000000,350.84,390.39389
2021-11-11T13:00:00.000000000,362.03,391.74312
2021-11-11T14:00:00.000000000,382.22,393.60013
2021-11-11T15:00:00.000000000,414.72,395.9156
2021-11-11T16:00:00.000000000,433.62,398.80507
2021-11-11T17:00:00.000000000,436.48,400.12954
2021-11-11T18:00:00.000000000,440.05,397.81797
2021-11-11T19:00:00.000000000,441.79,392.22496
2021-11-11T20:00:00.000000000,439.85,385.35224
2021-11-11T21:00:00.000000000,438.59,378.29447
2021-11-11T22:00:00.000000000,440.95,371.74512
2021-11-11T23:00:00.000000000,440.59,366.45202
2021-11-12T00:00:00.000000000,345.26,428.01988
2021-11-12T01:00:00.000000000,439.05,433.46767
2021-11-12T02:00:00.000000000,435.95,442.59138
2021-11-12T03:00:00.000000000,436.59,451.75916
2021-11-12T04:00:00.000000000,437.03,457.87542
2021-11-12T05:00:00.000000000,431.57,459.93721
2021-11-12T06:00:00.000000000,418.53,457.03013
2021-11-12T07:00:00.000000000,405.61,451.48261
2021-11-12T08:00:00.000000000,391.2,444.61705
2021-11-12T09:00:00.000000000,375.89,438.3864
2021-11-12T10:00:00.000000000,363.64,433.90947
2021-11-12T11:00:00.000000000,356.13,432.11821
2021-11-12T12:00:00.000000000,351.72,434.90694
2021-11-12T13:00:00.000000000,351.31,440.99805
2021-11-12T14:00:00.000000000,359.79,448.04196
2021-11-12T15:00:00.000000000,364.2,452.91212
2021-11-12T16:00:00.000000000,361.39,454.59397
2021-11-12T17:00:00.000000000,349.91,452.39451
2021-11-12T18:00:00.000000000,334.85,447.28484
2021-11-12T19:00:00.000000000,328.78,441.00999
2021-11-12T20:00:00.000000000,319.63,434.5798
2021-11-12T21:00:00.000000000,316.3,428.24171
2021-11-12T22:00:00.000000000,319.45,423.04246
2021-11-12T23:00:00.000000000,320.07,419.98469
2021-11-10T00:00:00.000000000,407.38,341.03271
2021-11-10T01:00:00.000000000,308.84,341.32461
2021-11-10T02:00:00.000000000,320.0,346.47739
2021-11-10T03:00:00.000000000,341.35,354.06504
2021-11-10T04:00:00.000000000,361.18,361.82573
2021-11-10T05:00:00.000000000,375.89,367.46424
2021-11-10T06:00:00.000000000,386.01,367.93214
2021-11-10T07:00:00.000000000,384.36,364.45868
2021-11-10T08:00:00.000000000,364.0,358.39143
2021-11-10T09:00:00.000000000,349.0,352.90612
2021-11-10T10:00:00.000000000,340.88,350.6631
2021-11-10T11:00:00.000000000,343.32,353.4294
2021-11-10T12:00:00.000000000,354.94,362.97785
2021-11-10T13:00:00.000000000,375.28,377.71106
2021-11-10T14:00:00.000000000,401.87,395.3754
2021-11-10T15:00:00.000000000,432.5,413.33382
2021-11-10T16:00:00.000000000,445.72,429.44521
2021-11-10T17:00:00.000000000,443.05,440.46458
2021-11-10T18:00:00.000000000,443.09,444.17515
2021-11-10T19:00:00.000000000,441.05,441.37149
2021-11-10T20:00:00.000000000,440.8,434.35971
2021-11-10T21:00:00.000000000,441.97,425.21394
2021-11-10T22:00:00.000000000,446.16,416.06949
2021-11-10T23:00:00.000000000,448.24,408.26868
2021-11-11T00:00:00.000000000,439.95,441.53633
2021-11-11T01:00:00.000000000,439.78,440.24637
2021-11-11T02:00:00.000000000,436.62,441.68766
2021-11-11T03:00:00.000000000,437.51,443.08357
2021-11-11T04:00:00.000000000,435.55,442.86801
2021-11-11T05:00:00.000000000,434.29,441.17119
2021-11-11T06:00:00.000000000,435.92,437.43249
2021-11-11T07:00:00.000000000,428.19,433.4058
2021-11-11T08:00:00.000000000,402.34,428.80984
2021-11-11T09:00:00.000000000,376.31,424.33303
2021-11-11T10:00:00.000000000,358.57,420.68343
2021-11-11T11:00:00.000000000,349.7,418.94813
2021-11-11T12:00:00.000000000,350.84,420.97412
2021-11-11T13:00:00.000000000,362.03,425.29393
2021-11-11T14:00:00.000000000,382.22,430.07413
2021-11-11T15:00:00.000000000,414.72,433.82983
2021-11-11T16:00:00.000000000,433.62,437.36676
2021-11-11T17:00:00.000000000,436.48,440.64371
2021-11-11T18:00:00.000000000,440.05,443.2413
2021-11-11T19:00:00.000000000,441.79,444.57485
2021-11-11T20:00:00.000000000,439.85,443.60662
2021-11-11T21:00:00.000000000,438.59,439.42845
2021-11-11T22:00:00.000000000,440.95,432.89059
2021-11-11T23:00:00.000000000,440.59,426.01971
2021-11-12T00:00:00.000000000,345.26,457.74721
2021-11-12T01:00:00.000000000,439.05,458.31261
2021-11-12T02:00:00.000000000,435.95,458.9202
2021-11-12T03:00:00.000000000,436.59,458.01096
2021-11-12T04:00:00.000000000,437.03,454.27122
2021-11-12T05:00:00.000000000,431.57,447.74361
2021-11-12T06:00:00.000000000,418.53,438.54461
2021-11-12T07:00:00.000000000,405.61,429.61822
2021-11-12T08:00:00.000000000,391.2,422.12111
2021-11-12T09:00:00.000000000,375.89,417.37152
2021-11-12T10:00:00.000000000,363.64,414.94942
2021-11-12T11:00:00.000000000,356.13,413.53818
2021-11-12T12:00:00.000000000,351.72,412.66185
2021-11-12T13:00:00.000000000,351.31,410.30201
2021-11-12T14:00:00.000000000,359.79,406.18862
2021-11-12T15:00:00.000000000,364.2,400.50243
2021-11-12T16:00:00.000000000,361.39,394.78992
2021-11-12T17:00:00.000000000,349.91,388.93433
2021-11-12T18:00:00.000000000,334.85,382.39753
2021-11-12T19:00:00.000000000,328.78,375.23654
2021-11-12T20:00:00.000000000,319.63,368.31269
2021-11-12T21:00:00.000000000,316.3,361.98925
2021-11-12T22:00:00.000000000,319.45,356.94025
2021-11-12T23:00:00.000000000,320.07,354.08875
2021-11-13T00:00:00.000000000,399.86,402.37815
2021-11-13T01:00:00.000000000,315.0,395.93202
2021-11-13T02:00:00.000000000,312.92,393.16466
2021-11-13T03:00:00.000000000,317.87,392.50931
2021-11-13T04:00:00.000000000,322.73,393.34713
2021-11-13T05:00:00.000000000,335.47,395.61203
2021-11-13T06:00:00.000000000,359.37,398.07941
2021-11-13T07:00:00.000000000,371.02,401.78799
2021-11-13T08:00:00.000000000,375.46,405.35882
2021-11-13T09:00:00.000000000,376.45,408.30667
2021-11-13T10:00:00.000000000,381.37,410.21263
2021-11-13T11:00:00.000000000,386.53,411.31448
2021-11-13T12:00:00.000000000,395.32,413.18227
2021-11-13T13:00:00.000000000,404.98,414.88256
2021-11-13T14:00:00.000000000,420.68,416.15363
2021-11-13T15:00:00.000000000,435.45,417.55141
2021-11-13T16:00:00.000000000,440.57,421.03423
2021-11-13T17:00:00.000000000,441.24,426.30221
2021-11-13T18:00:00.000000000,442.99,431.54494
2021-11-13T19:00:00.000000000,444.77,435.2134
2021-11-13T20:00:00.000000000,445.46,435.7455
2021-11-13T21:00:00.000000000,445.06,431.65178
2021-11-13T22:00:00.000000000,444.23,423.37376
2021-11-13T23:00:00.000000000,442.02,412.83099
2021-11-11T00:00:00.000000000,439.95,426.26419
2021-11-11T01:00:00.000000000,439.78,423.97649
2021-11-11T02:00:00.000000000,436.62,426.05938
2021-11-11T03:00:00.000000000,437.51,429.24852
2021-11-11T04:00:00.000000000,435.55,431.11795
2021-11-11T05:00:00.000000000,434.29,430.11
2021-11-11T06:00:00.000000000,435.92,424.509
2021-11-11T07:00:00.000000000,428.19,416.36898
2021-11-11T08:00:00.000000000,402.34,406.16386
2021-11-11T09:00:00.000000000,376.31,395.29033
2021-11-11T10:00:00.000000000,358.57,385.35647
2021-11-11T11:00:00.000000000,349.7,378.90133
2021-11-11T12:00:00.000000000,350.84,379.32868
2021-11-11T13:00:00.000000000,362.03,386.16123
2021-11-11T14:00:00.000000000,382.22,397.70597
2021-11-11T15:00:00.000000000,414.72,411.59438
2021-11-11T16:00:00.000000000,433.62,426.28336
2021-11-11T17:00:00.000000000,436.48,438.51908
2021-11-11T18:00:00.000000000,440.05,445.52738
2021-11-11T19:00:00.000000000,441.79,446.5906
2021-11-11T20:00:00.000000000,439.85,441.8913
2021-11-11T21:00:00.000000000,438.59,431.88633
2021-11-11T22:00:00.000000000,440.95,418.77003
2021-11-11T23:00:00.000000000,440.59,406.49462
2021-11-12T00:00:00.000000000,345.26,427.6854
2021-11-12T01:00:00.000000000,439.05,431.34279
2021-11-12T02:00:00.000000000,435.95,435.06035
2021-11-12T03:00:00.000000000,436.59,437.0555
2021-11-12T04:00:00.000000000,437.03,435.91026
2021-11-12T05:00:00.000000000,431.57,431.32377
2021-11-12T06:00:00.000000000,418.53,423.14982
2021-11-12T07:00:00.000000000,405.61,414.06446
2021-11-12T08:00:00.000000000,391.2,405.21025
2021-11-12T09:00:00.000000000,375.89,398.13282
2021-11-12T10:00:00.000000000,363.64,392.94642
2021-11-12T11:00:00.000000000,356.13,388.95236
2021-11-12T12:00:00.000000000,351.72,386.12161
2021-11-12T13:00:00.000000000,351.31,382.5649
2021-11-12T14:00:00.000000000,359.79,377.93884
2021-11-12T15:00:00.000000000,364.2,372.1368
2021-11-12T16:00:00.000000000,361.39,366.1211
2021-11-12T17:00:00.000000000,349.91,359.15549
2021-11-12T18:00:00.000000000,334.85,350.1736
2021-11-12T19:00:00.000000000,328.78,339.42023
2021-11-12T20:00:00.000000000,319.63,328.61318
2021-11-12T21:00:00.000000000,316.3,318.9548
2021-11-12T22:00:00.000000000,319.45,311.83308
2021-11-12T23:00:00.000000000,320.07,308.74996
2021-11-13T00:00:00.000000000,399.86,349.27442
2021-11-13T01:00:00.000000000,315.0,340.78957
2021-11-13T02:00:00.000000000,312.92,334.77598
2021-11-13T03:00:00.000000000,317.87,331.43396
2021-11-13T04:00:00.000000000,322.73,331.22599
2021-11-13T05:00:00.000000000,335.47,333.67468
2021-11-13T06:00:00.000000000,359.37,336.88775
2021-11-13T07:00:00.000000000,371.02,342.1658
2021-11-13T08:00:00.000000000,375.46,348.97516
2021-11-13T09:00:00.000000000,376.45,357.36259
2021-11-13T10:00:00.000000000,381.37,366.0715
2021-11-13T11:00:00.000000000,386.53,373.71075
2021-11-13T12:00:00.000000000,395.32,380.42142
2021-11-13T13:00:00.000000000,404.98,384.92633
2021-11-13T14:00:00.000000000,420.68,387.7684
2021-11-13T15:00:00.000000000,435.45,390.30466
2021-11-13T16:00:00.000000000,440.57,394.25351
2021-11-13T17:00:00.000000000,441.24,398.92101
2021-11-13T18:00:00.000000000,442.99,402.50687
2021-11-13T19:00:00.000000000,444.77,404.65737
2021-11-13T20:00:00.000000000,445.46,405.47789
2021-11-13T21:00:00.000000000,445.06,404.10629
2021-11-13T22:00:00.000000000,444.23,399.88228
2021-11-13T23:00:00.000000000,442.02,392.75107
2021-11-14T00:00:00.000000000,394.58,411.3898
2021-11-14T01:00:00.000000000,428.42,409.68736
2021-11-14T02:00:00.000000000,420.4,410.97302
2021-11-14T03:00:00.000000000,413.1,414.40031
2021-11-14T04:00:00.000000000,407.63,418.4307
2021-11-14T05:00:00.000000000,407.86,421.58164
2021-11-14T06:00:00.000000000,405.93,421.98422
2021-11-14T07:00:00.000000000,403.46,420.89449
2021-11-14T08:00:00.000000000,400.81,418.35498
2021-11-14T09:00:00.000000000,393.24,415.16379
2021-11-14T10:00:00.000000000,385.91,411.12759
2021-11-14T11:00:00.000000000,381.88,405.86102
2021-11-14T12:00:00.000000000,381.04,400.47349
2021-11-14T13:00:00.000000000,384.4,394.71906
2021-11-14T14:00:00.000000000,390.29,389.54465
2021-11-14T15:00:00.000000000,391.32,385.46972
2021-11-14T16:00:00.000000000,384.77,383.27935
2021-11-14T17:00:00.000000000,377.59,381.64529
2021-11-14T18:00:00.000000000,378.53,378.93009
2021-11-14T19:00:00.000000000,380.43,374.77092
2021-11-14T20:00:00.000000000,381.07,369.78217
2021-11-14T21:00:00.000000000,384.87,364.06324
2021-11-14T22:00:00.000000000,387.98,358.02983
2021-11-14T23:00:00.000000000,386.95,352.51907
2021-11-12T00:00:00.000000000,345.26,448.7765
2021-11-12T01:00:00.000000000,439.05,457.08933
2021-11-12T02:00:00.000000000,435.95,463.58049
2021-11-12T03:00:00.000000000,436.59,464.24672
2021-11-12T04:00:00.000000000,437.03,457.56975
2021-11-12T05:00:00.000000000,431.57,445.52523
2021-11-12T06:00:00.000000000,418.53,430.3521
2021-11-12T07:00:00.000000000,405.61,416.03225
2021-11-12T08:00:00.000000000,391.2,404.09531
2021-11-12T09:00:00.000000000,375.89,396.1112
2021-11-12T10:00:00.000000000,363.64,392.55555
2021-11-12T11:00:00.000000000,356.13,392.84991
2021-11-12T12:00:00.000000000,351.72,396.46013
2021-11-12T13:00:00.000000000,351.31,399.86215
2021-11-12T14:00:00.000000000,359.79,400.30131
2021-11-12T15:00:00.000000000,364.2,395.97373
2021-11-12T16:00:00.000000000,361.39,388.04533
2021-11-12T17:00:00.000000000,349.91,377.60974
2021-11-12T18:00:00.000000000,334.85,365.69284
2021-11-12T19:00:00.000000000,328.78,353.24705
2021-11-12T20:00:00.000000000,319.63,341.48581
2021-11-12T21:00:00.000000000,316.3,331.50097
2021-11-12T22:00:00.000000000,319.45,325.40941
2021-11-12T23:00:00.000000000,320.07,325.19393
2021-11-13T00:00:00.000000000,399.86,361.23585
2021-11-13T01:00:00.000000000,315.0,353.58136
2021-11-13T02:00:00.000000000,312.92,349.70362
2021-11-13T03:00:00.000000000,317.87,349.04098
2021-11-13T04:00:00.000000000,322.73,351.40712
2021-11-13T05:00:00.000000000,335.47,356.06986
2021-11-13T06:00:00.000000000,359.37,361.13397
2021-11-13T07:00:00.000000000,371.02,367.92863
2021-11-13T08:00:00.000000000,375.46,375.92802
2021-11-13T09:00:00.000000000,376.45,385.2002
2021-11-13T10:00:00.000000000,381.37,394.84056
2021-11-13T11:00:00.000000000,386.53,403.60943
2021-11-13T12:00:00.000000000,395.32,411.45575
2021-11-13T13:00:00.000000000,404.98,416.47359
2021-11-13T14:00:00.000000000,420.68,418.63019
2021-11-13T15:00:00.000000000,435.45,419.31236
2021-11-13T16:00:00.000000000,440.57,420.79122
2021-11-13T17:00:00.000000000,441.24,422.74324
2021-11-13T18:00:00.000000000,442.99,423.40978
2021-11-13T19:00:00.000000000,444.77,422.28597
2021-11-13T20:00:00.000000000,445.46,419.22928
2021-11-13T21:00:00.000000000,445.06,413.38609
2021-11-13T22:00:00.000000000,444.23,404.84903
2021-11-13T23:00:00.000000000,442.02,394.28938
2021-11-14T00:00:00.000000000,394.58,402.73765
2021-11-14T01:00:00.000000000,428.42,407.14137
2021-11-14T02:00:00.000000000,420.4,411.75992
2021-11-14T03:00:00.000000000,413.1,414.82986
2021-11-14T04:00:00.000000000,407.63,415.15759
2021-11-14T05:00:00.000000000,407.86,412.77298
2021-11-14T06:00:00.000000000,405.93,407.3947
2021-11-14T07:00:00.000000000,403.46,401.23904
2021-11-14T08:00:00.000000000,400.81,394.88185
2021-11-14T09:00:00.000000000,393.24,389.28566
2021-11-14T10:00:00.000000000,385.91,384.13814
2021-11-14T11:00:00.000000000,381.88,378.81724
2021-11-14T12:00:00.000000000,381.04,373.72793
2021-11-14T13:00:00.000000000,384.4,367.6409
2021-11-14T14:00:00.000000000,390.29,360.67596
2021-11-14T15:00:00.000000000,391.32,353.13496
2021-11-14T16:00:00.000000000,384.77,346.44109
2021-11-14T17:00:00.000000000,377.59,340.50131
2021-11-14T18:00:00.000000000,378.53,334.84848
2021-11-14T19:00:00.000000000,380.43,329.50036
2021-11-14T20:00:00.000000000,381.07,324.95512
2021-11-14T21:00:00.000000000,384.87,321.35398
2021-11-14T22:00:00.000000000,387.98,319.17251
2021-11-14T23:00:00.000000000,386.95,319.24367
2021-11-15T00:00:00.000000000,419.2,343.36996
2021-11-15T01:00:00.000000000,378.63,339.85774
2021-11-15T02:00:00.000000000,379.92,339.60581
2021-11-15T03:00:00.000000000,383.97,341.97987
2021-11-15T04:00:00.000000000,386.81,346.4317
2021-11-15T05:00:00.000000000,393.14,351.26837
2021-11-15T06:00:00.000000000,400.41,353.72029
2021-11-15T07:00:00.000000000,403.88,354.98296
2021-11-15T08:00:00.000000000,405.46,355.27535
2021-11-15T09:00:00.000000000,406.78,355.60383
2021-11-15T10:00:00.000000000,404.25,355.82076
2021-11-15T11:00:00.000000000,401.52,355.90055
2021-11-15T12:00:00.000000000,399.71,357.5787
2021-11-15T13:00:00.000000000,401.63,360.71583
2021-11-15T14:00:00.000000000,408.27,365.76813
2021-11-15T15:00:00.000000000,416.96,372.93741
2021-11-15T16:00:00.000000000,418.92,382.43031
2021-11-15T17:00:00.000000000,420.29,392.43422
2021-11-15T18:00:00.000000000,422.0,400.89901
2021-11-15T19:00:00.000000000,426.01,407.67232
2021-11-15T20:00:00.000000000,431.64,412.91197
2021-11-15T21:00:00.000000000,433.4,415.86389
2021-11-15T22:00:00.000000000,435.18,415.71198
2021-11-15T23:00:00.000000000,434.51,412.76511
2021-11-13T00:00:00.000000000,399.86,358.56816
2021-11-13T01:00:00.000000000,315.0,353.82765
2021-11-13T02:00:00.000000000,312.92,352.66301
2021-11-13T03:00:00.000000000,317.87,353.3168
2021-11-13T04:00:00.000000000,322.73,355.49961
2021-11-13T05:00:00.000000000,335.47,359.68982
2021-11-13T06:00:00.000000000,359.37,365.14622
2021-11-13T07:00:00.000000000,371.02,373.16929
2021-11-13T08:00:00.000000000,375.46,382.32695
2021-11-13T09:00:00.000000000,376.45,391.86503
2021-11-13T10:00:00.000000000,381.37,400.86782
2021-11-13T11:00:00.000000000,386.53,409.12864
2021-11-13T12:00:00.000000000,395.32,417.65412
2021-11-13T13:00:00.000000000,404.98,424.74839
2021-11-13T14:00:00.000000000,420.68,429.19216
2021-11-13T15:00:00.000000000,435.45,431.14876
2021-11-13T16:00:00.000000000,440.57,433.01999
2021-11-13T17:00:00.000000000,441.24,435.97513
2021-11-13T18:00:00.000000000,442.99,439.91634
2021-11-13T19:00:00.000000000,444.77,444.65626
2021-11-13T20:00:00.000000000,445.46,448.8322
2021-11-13T21:00:00.000000000,445.06,449.9929
2021-11-13T22:00:00.000000000,444.23,447.14183
2021-11-13T23:00:00.000000000,442.02,440.48406
2021-11-14T00:00:00.000000000,394.58,435.3584
2021-11-14T01:00:00.000000000,428.42,433.95682
2021-11-14T02:00:00.000000000,420.4,433.76588
2021-11-14T03:00:00.000000000,413.1,434.02857
2021-11-14T04:00:00.000000000,407.63,433.63459
2021-11-14T05:00:00.000000000,407.86,431.82587
2021-11-14T06:00:00.000000000,405.93,427.43015
2021-11-14T07:00:00.000000000,403.46,422.32667
2021-11-14T08:00:00.000000000,400.81,417.09251
2021-11-14T09:00:00.000000000,393.24,412.88475
2021-11-14T10:00:00.000000000,385.91,409.33327
2021-11-14T11:00:00.000000000,381.88,405.24475
2021-11-14T12:00:00.000000000,381.04,400.83453
2021-11-14T13:00:00.000000000,384.4,395.26042
2021-11-14T14:00:00.000000000,390.29,389.39358
2021-11-14T15:00:00.000000000,391.32,384.06817
2021-11-14T16:00:00.000000000,384.77,380.69732
2021-11-14T17:00:00.000000000,377.59,378.57271
2021-11-14T18:00:00.000000000,378.53,376.4153
2021-11-14T19:00:00.000000000,380.43,373.67579
2021-11-14T20:00:00.000000000,381.07,370.72154
2021-11-14T21:00:00.000000000,384.87,367.61985
2021-11-14T22:00:00.000000000,387.98,364.55709
2021-11-14T23:00:00.000000000,386.95,362.01063
2021-11-15T00:00:00.000000000,419.2,378.88154
2021-11-15T01:00:00.000000000,378.63,375.85888
2021-11-15T02:00:00.000000000,379.92,375.90895
2021-11-15T03:00:00.000000000,383.97,378.26075
2021-11-15T04:00:00.000000000,386.81,381.93605
2021-11-15T05:00:00.000000000,393.14,385.21814
2021-11-15T06:00:00.000000000,400.41,385.50865
2021-11-15T07:00:00.000000000,403.88,384.22764
2021-11-15T08:00:00.000000000,405.46,382.03117
2021-11-15T09:00:00.000000000,406.78,380.46397
2021-11-15T10:00:00.000000000,404.25,379.73371
2021-11-15T11:00:00.000000000,401.52,379.62337
2021-11-15T12:00:00.000000000,399.71,381.38821
2021-11-15T13:00:00.000000000,401.63,384.38656
2021-11-15T14:00:00.000000000,408.27,388.78426
2021-11-15T15:00:00.000000000,416.96,394.5419
2021-11-15T16:00:00.000000000,418.92,401.86373
2021-11-15T17:00:00.000000000,420.29,408.96016
2021-11-15T18:00:00.000000000,422.0,413.90883
2021-11-15T19:00:00.000000000,426.01,416.68882
2021-11-15T20:00:00.000000000,431.64,418.01913
2021-11-15T21:00:00.000000000,433.4,417.79285
2021-11-15T22:00:00.000000000,435.18,415.73774
2021-11-15T23:00:00.000000000,434.51,412.11763
2021-11-16T00:00:00.000000000,438.64,465.82786
2021-11-16T01:00:00.000000000,433.77,464.35115
2021-11-16T02:00:00.000000000,436.57,465.24141
2021-11-16T03:00:00.000000000,442.69,465.59143
2021-11-16T04:00:00.000000000,448.41,464.39828
2021-11-16T05:00:00.000000000,450.47,463.003
2021-11-16T06:00:00.000000000,448.68,461.51
2021-11-16T07:00:00.000000000,450.45,461.14531
2021-11-16T08:00:00.000000000,449.88,460.29142
2021-11-16T09:00:00.000000000,445.16,458.31509
2021-11-16T10:00:00.000000000,440.59,455.24697
2021-11-16T11:00:00.000000000,438.94,451.77368
2021-11-16T12:00:00.000000000,442.24,450.15703
2021-11-16T13:00:00.000000000,449.85,449.78407
2021-11-16T14:00:00.000000000,457.71,449.62669
2021-11-16T15:00:00.000000000,459.89,448.99633
2021-11-16T16:00:00.000000000,460.8,449.6019
2021-11-16T17:00:00.000000000,456.73,451.93453
2021-11-16T18:00:00.000000000,457.89,455.79602
2021-11-16T19:00:00.000000000,460.55,459.78127
2021-11-16T20:00:00.000000000,460.44,461.53479
2021-11-16T21:00:00.000000000,458.72,459.28281
2021-11-16T22:00:00.000000000,454.59,454.05951
2021-11-16T23:00:00.000000000,446.5,448.10738
2021-11-14T00:00:00.000000000,394.58,425.98759
2021-11-14T01:00:00.000000000,428.42,423.69701
2021-11-14T02:00:00.000000000,420.4,423.57477
2021-11-14T03:00:00.000000000,413.1,424.84991
2021-11-14T04:00:00.000000000,407.63,426.11997
2021-11-14T05:00:00.000000000,407.86,426.15743
2021-11-14T06:00:00.000000000,405.93,423.39243
2021-11-14T07:00:00.000000000,403.46,419.61497
2021-11-14T08:00:00.000000000,400.81,415.46478
2021-11-14T09:00:00.000000000,393.24,412.17424
2021-11-14T10:00:00.000000000,385.91,409.48088
2021-11-14T11:00:00.000000000,381.88,406.41175
2021-11-14T12:00:00.000000000,381.04,403.39926
2021-11-14T13:00:00.000000000,384.4,399.68479
2021-11-14T14:00:00.000000000,390.29,396.00925
2021-11-14T15:00:00.000000000,391.32,392.91475
2021-11-14T16:00:00.000000000,384.77,391.41793
2021-11-14T17:00:00.000000000,377.59,390.54091
2021-11-14T18:00:00.000000000,378.53,388.97827
2021-11-14T19:00:00.000000000,380.43,386.44926
2021-11-14T20:00:00.000000000,381.07,383.49174
2021-11-14T21:00:00.000000000,384.87,380.1132
2021-11-14T22:00:00.000000000,387.98,376.37098
2021-11-14T23:00:00.000000000,386.95,372.62522
2021-11-15T00:00:00.000000000,419.2,389.08884
2021-11-15T01:00:00.000000000,378.63,385.96193
2021-11-15T02:00:00.000000000,379.92,388.52572
2021-11-15T03:00:00.000000000,383.97,394.7949
2021-11-15T04:00:00.000000000,386.81,403.1289
2021-11-15T05:00:00.000000000,393.14,411.68813
2021-11-15T06:00:00.000000000,400.41,417.11083
2021-11-15T07:00:00.000000000,403.88,419.18175
2021-11-15T08:00:00.000000000,405.46,417.066
2021-11-15T09:00:00.000000000,406.78,411.85522
2021-11-15T10:00:00.000000000,404.25,405.24698
2021-11-15T11:00:00.000000000,401.52,399.30935
2021-11-15T12:00:00.000000000,399.71,397.31946
2021-11-15T13:00:00.000000000,401.63,399.33935
2021-11-15T14:00:00.000000000,408.27,404.7744
2021-11-15T15:00:00.000000000,416.96,412.73822
2021-11-15T16:00:00.000000000,418.92,423.216
2021-11-15T17:00:00.000000000,420.29,434.15172
2021-11-15T18:00:00.000000000,422.0,442.873
2021-11-15T19:00:00.000000000,426.01,447.83513
2021-11-15T20:00:00.000000000,431.64,448.08527
2021-11-15T21:00:00.000000000,433.4,443.20297
2021-11-15T22:00:00.000000000,435.18,434.52339
2021-11-15T23:00:00.000000000,434.51,424.56845
2021-11-16T00:00:00.000000000,438.64,472.73471
2021-11-16T01:00:00.000000000,433.77,470.51
2021-11-16T02:00:00.000000000,436.57,470.56095
2021-11-16T03:00:00.000000000,442.69,470.09037
2021-11-16T04:00:00.000000000,448.41,468.20625
2021-11-16T05:00:00.000000000,450.47,466.34878
2021-11-16T06:00:00.000000000,448.68,464.65133
2021-11-16T07:00:00.000000000,450.45,464.29261
2021-11-16T08:00:00.000000000,449.88,463.51623
2021-11-16T09:00:00.000000000,445.16,461.55897
2021-11-16T10:00:00.000000000,440.59,458.37924
2021-11-16T11:00:00.000000000,438.94,454.6074
2021-11-16T12:00:00.000000000,442.24,452.49274
2021-11-16T13:00:00.000000000,449.85,451.46683
2021-11-16T14:00:00.000000000,457.71,450.64704
2021-11-16T15:00:00.000000000,459.89,449.54726
2021-11-16T16:00:00.000000000,460.8,450.04306
2021-11-16T17:00:00.000000000,456.73,452.62595
2021-11-16T18:00:00.000000000,457.89,456.92707
2021-11-16T19:00:00.000000000,460.55,461.31263
2021-11-16T20:00:00.000000000,460.44,463.27282
2021-11-16T21:00:00.000000000,458.72,460.96342
2021-11-16T22:00:00.000000000,454.59,455.43255
2021-11-16T23:00:00.000000000,446.5,449.00964
2021-11-17T00:00:00.000000000,299.66,460.35487
2021-11-17T01:00:00.000000000,424.01,455.64414
2021-11-17T02:00:00.000000000,409.56,450.0312
2021-11-17T03:00:00.000000000,398.92,443.59999
2021-11-17T04:00:00.000000000,392.41,435.93303
2021-11-17T05:00:00.000000000,386.07,427.6776
2021-11-17T06:00:00.000000000,379.49,418.2907
2021-11-17T07:00:00.000000000,368.04,408.67387
2021-11-17T08:00:00.000000000,361.06,397.9488
2021-11-17T09:00:00.000000000,352.8,386.79199
2021-11-17T10:00:00.000000000,339.24,375.62693
2021-11-17T11:00:00.000000000,335.97,363.65132
2021-11-17T12:00:00.000000000,336.2,351.4586
2021-11-17T13:00:00.000000000,331.96,339.63675
2021-11-17T14:00:00.000000000,331.34,330.40954
2021-11-17T15:00:00.000000000,330.44,324.92337
2021-11-17T16:00:00.000000000,326.77,323.59088
2021-11-17T17:00:00.000000000,322.74,324.2221
2021-11-17T18:00:00.000000000,317.31,324.14206
2021-11-17T19:00:00.000000000,314.19,320.91593
2021-11-17T20:00:00.000000000,308.17,314.40365
2021-11-17T21:00:00.000000000,300.09,306.46955
2021-11-17T22:00:00.000000000,290.58,299.55779
2021-11-17T23:00:00.000000000,274.88,295.0463
2021-11-15T00:00:00.000000000,419.2,382.36692
2021-11-15T01:00:00.000000000,378.63,381.37835
2021-11-15T02:00:00.000000000,379.92,386.15242
2021-11-15T03:00:00.000000000,383.97,394.25278
2021-11-15T04:00:00.000000000,386.81,403.56245
2021-11-15T05:00:00.000000000,393.14,411.93397
2021-11-15T06:00:00.000000000,400.41,415.87034
2021-11-15T07:00:00.000000000,403.88,415.37598
2021-11-15T08:00:00.000000000,405.46,410.33909
2021-11-15T09:00:00.000000000,406.78,402.78577
2021-11-15T10:00:00.000000000,404.25,395.22007
2021-11-15T11:00:00.000000000,401.52,390.0762
2021-11-15T12:00:00.000000000,399.71,390.54886
2021-11-15T13:00:00.000000000,401.63,396.27895
2021-11-15T14:00:00.000000000,408.27,405.84999
2021-11-15T15:00:00.000000000,416.96,417.39456
2021-11-15T16:00:00.000000000,418.92,430.04514
2021-11-15T17:00:00.000000000,420.29,441.41032
2021-11-15T18:00:00.000000000,422.0,449.11733
2021-11-15T19:00:00.000000000,426.01,452.23642
2021-11-15T20:00:00.000000000,431.64,450.57793
2021-11-15T21:00:00.000000000,433.4,444.50078
2021-11-15T22:00:00.000000000,435.18,435.79853
2021-11-15T23:00:00.000000000,434.51,426.87391
2021-11-16T00:00:00.000000000,438.64,468.90676
2021-11-16T01:00:00.000000000,433.77,466.97044
2021-11-16T02:00:00.000000000,436.57,467.31909
2021-11-16T03:00:00.000000000,442.69,467.14803
2021-11-16T04:00:00.000000000,448.41,465.57104
2021-11-16T05:00:00.000000000,450.47,463.96491
2021-11-16T06:00:00.000000000,448.68,462.41392
2021-11-16T07:00:00.000000000,450.45,462.11635
2021-11-16T08:00:00.000000000,449.88,461.36403
2021-11-16T09:00:00.000000000,445.16,459.41466
2021-11-16T10:00:00.000000000,440.59,456.22491
2021-11-16T11:00:00.000000000,438.94,452.46648
2021-11-16T12:00:00.000000000,442.24,450.43087
2021-11-16T13:00:00.000000000,449.85,449.54311
2021-11-16T14:00:00.000000000,457.71,448.88852
2021-11-16T15:00:00.000000000,459.89,447.94209
2021-11-16T16:00:00.000000000,460.8,448.51508
2021-11-16T17:00:00.000000000,456.73,451.05061
2021-11-16T18:00:00.000000000,457.89,455.18233
2021-11-16T19:00:00.000000000,460.55,459.38593
2021-11-16T20:00:00.000000000,460.44,461.259
2021-11-16T21:00:00.000000000,458.72,458.9712
2021-11-16T22:00:00.000000000,454.59,453.53104
2021-11-16T23:00:00.000000000,446.5,447.25451
2021-11-17T00:00:00.000000000,299.66,443.78603
2021-11-17T01:00:00.000000000,424.01,440.14583
2021-11-17T02:00:00.000000000,409.56,434.25311
2021-11-17T03:00:00.000000000,398.92,425.46105
2021-11-17T04:00:00.000000000,392.41,414.45275
2021-11-17T05:00:00.000000000,386.07,403.25013
2021-11-17T06:00:00.000000000,379.49,392.13399
2021-11-17T07:00:00.000000000,368.04,381.902
2021-11-17T08:00:00.000000000,361.06,371.14651
2021-11-17T09:00:00.000000000,352.8,360.23473
2021-11-17T10:00:00.000000000,339.24,349.83046
2021-11-17T11:00:00.000000000,335.97,339.4013
2021-11-17T12:00:00.000000000,336.2,329.53423
2021-11-17T13:00:00.000000000,331.96,319.87474
2021-11-17T14:00:00.000000000,331.34,311.5734
2021-11-17T15:00:00.000000000,330.44,305.62578
2021-11-17T16:00:00.000000000,326.77,303.34512
2021-11-17T17:00:00.000000000,322.74,303.68567
2021-11-17T18:00:00.000000000,317.31,303.99098
2021-11-17T19:00:00.000000000,314.19,301.32132
2021-11-17T20:00:00.000000000,308.17,295.05617
2021-11-17T21:00:00.000000000,300.09,286.82199
2021-11-17T22:00:00.000000000,290.58,279.39682
2021-11-17T23:00:00.000000000,274.88,275.08187
2021-11-18T00:00:00.000000000,208.78,278.29431
2021-11-18T01:00:00.000000000,250.4,271.0356
2021-11-18T02:00:00.000000000,255.91,266.0688
2021-11-18T03:00:00.000000000,269.5,264.36934
2021-11-18T04:00:00.000000000,276.51,266.38819
2021-11-18T05:00:00.000000000,285.12,270.78717
2021-11-18T06:00:00.000000000,293.13,274.77296
2021-11-18T07:00:00.000000000,294.42,277.58922
2021-11-18T08:00:00.000000000,291.06,277.69155
2021-11-18T09:00:00.000000000,285.31,275.05516
2021-11-18T10:00:00.000000000,274.09,269.41413
2021-11-18T11:00:00.000000000,261.79,261.40951
2021-11-18T12:00:00.000000000,250.0,252.35608
2021-11-18T13:00:00.000000000,248.66,242.42299
2021-11-18T14:00:00.000000000,251.14,233.35097
2021-11-18T15:00:00.000000000,255.66,227.09658
2021-11-18T16:00:00.000000000,252.45,225.79169
2021-11-18T17:00:00.000000000,245.51,228.49488
2021-11-18T18:00:00.000000000,240.51,232.20556
2021-11-18T19:00:00.000000000,235.31,234.20089
2021-11-18T20:00:00.000000000,220.79,232.99806
2021-11-18T21:00:00.000000000,214.02,227.87074
2021-11-18T22:00:00.000000000,209.57,219.40024
2021-11-18T23:00:00.000000000,203.85,210.13088
2021-11-16T00:00:00.000000000,438.64,464.15519
2021-11-16T01:00:00.000000000,433.77,463.72544
2021-11-16T02:00:00.000000000,436.57,465.95748
2021-11-16T03:00:00.000000000,442.69,467.57029
2021-11-16T04:00:00.000000000,448.41,467.08572
2021-11-16T05:00:00.000000000,450.47,465.87355
2021-11-16T06:00:00.000000000,448.68,464.25492
2021-11-16T07:00:00.000000000,450.45,463.49812
2021-11-16T08:00:00.000000000,449.88,462.20224
2021-11-16T09:00:00.000000000,445.16,460.10928
2021-11-16T10:00:00.000000000,440.59,457.54549
2021-11-16T11:00:00.000000000,438.94,455.12999
2021-11-16T12:00:00.000000000,442.24,454.88504
2021-11-16T13:00:00.000000000,449.85,456.07569
2021-11-16T14:00:00.000000000,457.71,457.33593
2021-11-16T15:00:00.000000000,459.89,457.44632
2021-11-16T16:00:00.000000000,460.8,457.88179
2021-11-16T17:00:00.000000000,456.73,459.44434
2021-11-16T18:00:00.000000000,457.89,462.58185
2021-11-16T19:00:00.000000000,460.55,466.0607
2021-11-16T20:00:00.000000000,460.44,467.43981
2021-11-16T21:00:00.000000000,458.72,465.15738
2021-11-16T22:00:00.000000000,454.59,460.47629
2021-11-16T23:00:00.000000000,446.5,455.38681
2021-11-17T00:00:00.000000000,299.66,440.13551
2021-11-17T01:00:00.000000000,424.01,439.76015
2021-11-17T02:00:00.000000000,409.56,437.1873
2021-11-17T03:00:00.000000000,398.92,430.89746
2021-11-17T04:00:00.000000000,392.41,421.06641
2021-11-17T05:00:00.000000000,386.07,410.05983
2021-11-17T06:00:00.000000000,379.49,399.36961
2021-11-17T07:00:00.000000000,368.04,391.36612
2021-11-17T08:00:00.000000000,361.06,385.58705
2021-11-17T09:00:00.000000000,352.8,382.06026
2021-11-17T10:00:00.000000000,339.24,379.81618
2021-11-17T11:00:00.000000000,335.97,377.38541
2021-11-17T12:00:00.000000000,336.2,374.37345
2021-11-17T13:00:00.000000000,331.96,369.0493
2021-11-17T14:00:00.000000000,331.34,361.44536
2021-11-17T15:00:00.000000000,330.44,352.32661
2021-11-17T16:00:00.000000000,326.77,344.25385
2021-11-17T17:00:00.000000000,322.74,338.31782
2021-11-17T18:00:00.000000000,317.31,334.28941
2021-11-17T19:00:00.000000000,314.19,330.96601
2021-11-17T20:00:00.000000000,308.17,327.52283
2021-11-17T21:00:00.000000000,300.09,323.76726
2021-11-17T22:00:00.000000000,290.58,320.6112
2021-11-17T23:00:00.000000000,274.88,319.4141
2021-11-18T00:00:00.000000000,208.78,315.98466
2021-11-18T01:00:00.000000000,250.4,308.45653
2021-11-18T02:00:00.000000000,255.91,302.28015
2021-11-18T03:00:00.000000000,269.5,299.04051
2021-11-18T04:00:00.000000000,276.51,299.70849
2021-11-18T05:00:00.000000000,285.12,303.41747
2021-11-18T06:00:00.000000000,293.13,307.27299
2021-11-18T07:00:00.000000000,294.42,310.08149
2021-11-18T08:00:00.000000000,291.06,309.61204
2021-11-18T09:00:00.000000000,285.31,305.32595
2021-11-18T10:00:00.000000000,274.09,296.89807
2021-11-18T11:00:00.000000000,261.79,285.13589
2021-11-18T12:00:00.000000000,250.0,271.84785
2021-11-18T13:00:00.000000000,248.66,257.6892
2021-11-18T14:00:00.000000000,251.14,244.94568
2021-11-18T15:00:00.000000000,255.66,236.03818
2021-11-18T16:00:00.000000000,252.45,233.28449
2021-11-18T17:00:00.000000000,245.51,235.50998
2021-11-18T18:00:00.000000000,240.51,239.28278
2021-11-18T19:00:00.000000000,235.31,241.45362
2021-11-18T20:00:00.000000000,220.79,240.41666
2021-11-18T21:00:00.000000000,214.02,235.46032
2021-11-18T22:00:00.000000000,209.57,227.196
2021-11-18T23:00:00.000000000,203.85,218.14289
2021-11-19T00:00:00.000000000,245.68,231.51232
2021-11-19T01:00:00.000000000,187.96,224.54826
2021-11-19T02:00:00.000000000,194.7,220.99486
2021-11-19T03:00:00.000000000,201.74,221.49046
2021-11-19T04:00:00.000000000,215.04,226.1104
2021-11-19T05:00:00.000000000,229.3,233.15694
2021-11-19T06:00:00.000000000,250.66,240.01145
2021-11-19T07:00:00.000000000,259.32,246.64412
2021-11-19T08:00:00.000000000,258.42,252.08767
2021-11-19T09:00:00.000000000,252.26,256.47031
2021-11-19T10:00:00.000000000,246.18,258.87117
2021-11-19T11:00:00.000000000,242.06,258.95473
2021-11-19T12:00:00.000000000,242.17,257.60468
2021-11-19T13:00:00.000000000,247.09,255.25539
2021-11-19T14:00:00.000000000,258.88,253.66747
2021-11-19T15:00:00.000000000,273.82,254.43656
2021-11-19T16:00:00.000000000,275.6,259.01877
2021-11-19T17:00:00.000000000,269.42,266.35121
2021-11-19T18:00:00.000000000,269.26,274.11994
2021-11-19T19:00:00.000000000,270.42,280.77326
2021-11-19T20:00:00.000000000,269.79,285.07958
2021-11-19T21:00:00.000000000,270.78,285.91344
2021-11-19T22:00:00.000000000,274.62,282.81379
2021-11-19T23:00:00.000000000,270.18,276.71348
2021-11-17T00:00:00.000000000,299.66,431.41767
2021-11-17T01:00:00.000000000,424.01,430.50798
2021-11-17T02:00:00.000000000,409.56,428.04654
2021-11-17T03:00:00.000000000,398.92,423.0205
2021-11-17T04:00:00.000000000,392.41,415.47849
2021-11-17T05:00:00.000000000,386.07,407.03975
2021-11-17T06:00:00.000000000,379.49,398.54436
2021-11-17T07:00:00.000000000,368.04,392.03149
2021-11-17T08:00:00.000000000,361.06,386.87241
2021-11-17T09:00:00.000000000,352.8,382.99733
2021-11-17T10:00:00.000000000,339.24,379.50991
2021-11-17T11:00:00.000000000,335.97,375.27054
2021-11-17T12:00:00.000000000,336.2,370.18285
2021-11-17T13:00:00.000000000,331.96,362.84461
2021-11-17T14:00:00.000000000,331.34,353.8528
2021-11-17T15:00:00.000000000,330.44,344.37958
2021-11-17T16:00:00.000000000,326.77,336.68654
2021-11-17T17:00:00.000000000,322.74,330.88602
2021-11-17T18:00:00.000000000,317.31,325.69411
2021-11-17T19:00:00.000000000,314.19,319.85499
2021-11-17T20:00:00.000000000,308.17,313.32482
2021-11-17T21:00:00.000000000,300.09,306.38721
2021-11-17T22:00:00.000000000,290.58,300.24452
2021-11-17T23:00:00.000000000,274.88,296.54897
2021-11-18T00:00:00.000000000,208.78,278.9862
2021-11-18T01:00:00.000000000,250.4,271.80006
2021-11-18T02:00:00.000000000,255.91,268.44054
2021-11-18T03:00:00.000000000,269.5,269.98599
2021-11-18T04:00:00.000000000,276.51,276.17221
2021-11-18T05:00:00.000000000,285.12,284.05855
2021-11-18T06:00:00.000000000,293.13,289.48758
2021-11-18T07:00:00.000000000,294.42,291.40811
2021-11-18T08:00:00.000000000,291.06,288.96701
2021-11-18T09:00:00.000000000,285.31,283.13803
2021-11-18T10:00:00.000000000,274.09,274.64967
2021-11-18T11:00:00.000000000,261.79,264.92919
2021-11-18T12:00:00.000000000,250.0,255.65933
2021-11-18T13:00:00.000000000,248.66,247.09629
2021-11-18T14:00:00.000000000,251.14,240.76405
2021-11-18T15:00:00.000000000,255.66,238.37428
2021-11-18T16:00:00.000000000,252.45,241.50134
2021-11-18T17:00:00.000000000,245.51,248.13207
2021-11-18T18:00:00.000000000,240.51,254.33612
2021-11-18T19:00:00.000000000,235.31,257.28468
2021-11-18T20:00:00.000000000,220.79,255.80228
2021-11-18T21:00:00.000000000,214.02,249.49524
2021-11-18T22:00:00.000000000,209.57,239.22327
2021-11-18T23:00:00.000000000,203.85,227.9566
2021-11-19T00:00:00.000000000,245.68,232.24212
2021-11-19T01:00:00.000000000,187.96,226.30442
2021-11-19T02:00:00.000000000,194.7,224.18986
2021-11-19T03:00:00.000000000,201.74,226.44187
2021-11-19T04:00:00.000000000,215.04,232.61972
2021-11-19T05:00:00.000000000,229.3,240.21575
2021-11-19T06:00:00.000000000,250.66,245.96527
2021-11-19T07:00:00.000000000,259.32,249.78322
2021-11-19T08:00:00.000000000,258.42,251.32736
2021-11-19T09:00:00.000000000,252.26,251.56189
2021-11-19T10:00:00.000000000,246.18,250.39166
2021-11-19T11:00:00.000000000,242.06,248.08227
2021-11-19T12:00:00.000000000,242.17,245.64318
2021-11-19T13:00:00.000000000,247.09,243.33965
2021-11-19T14:00:00.000000000,258.88,242.65971
2021-11-19T15:00:00.000000000,273.82,244.93152
2021-11-19T16:00:00.000000000,275.6,251.26746
2021-11-19T17:00:00.000000000,269.42,260.10981
2021-11-19T18:00:00.000000000,269.26,268.77171
2021-11-19T19:00:00.000000000,270.42,275.59925
2021-11-19T20:00:00.000000000,269.79,279.55686
2021-11-19T21:00:00.000000000,270.78,279.82503
2021-11-19T22:00:00.000000000,274.62,276.19579
2021-11-19T23:00:00.000000000,270.18,269.96517
2021-11-20T00:00:00.000000000,259.77,302.55766
2021-11-20T01:00:00.000000000,272.77,296.71573
2021-11-20T02:00:00.000000000,275.17,296.11297
2021-11-20T03:00:00.000000000,275.06,301.11384
2021-11-20T04:00:00.000000000,280.61,311.19862
2021-11-20T05:00:00.000000000,287.57,323.67902
2021-11-20T06:00:00.000000000,288.27,334.2932
2021-11-20T07:00:00.000000000,287.89,341.52755
2021-11-20T08:00:00.000000000,288.45,343.50646
2021-11-20T09:00:00.000000000,283.28,340.43318
2021-11-20T10:00:00.000000000,273.2,332.91206
2021-11-20T11:00:00.000000000,265.96,322.5869
2021-11-20T12:00:00.000000000,263.7,312.40371
2021-11-20T13:00:00.000000000,265.73,303.61754
2021-11-20T14:00:00.000000000,271.53,297.99649
2021-11-20T15:00:00.000000000,280.52,296.76597
2021-11-20T16:00:00.000000000,287.47,300.61553
2021-11-20T17:00:00.000000000,287.41,306.90783
2021-11-20T18:00:00.000000000,285.02,311.54492
2021-11-20T19:00:00.000000000,277.46,312.1649
2021-11-20T20:00:00.000000000,267.31,308.19544
2021-11-20T21:00:00.000000000,263.48,299.71074
2021-11-20T22:00:00.000000000,257.07,288.03217
2021-11-20T23:00:00.000000000,252.74,275.94097
2021-11-18T00:00:00.000000000,208.78,248.26006
2021-11-18T01:00:00.000000000,250.4,251.51167
2021-11-18T02:00:00.000000000,255.91,259.64645
2021-11-18T03:00:00.000000000,269.5,269.4726
2021-11-18T04:00:00.000000000,276.51,278.69037
2021-11-18T05:00:00.000000000,285.12,285.07306
2021-11-18T06:00:00.000000000,293.13,286.24225
2021-11-18T07:00:00.000000000,294.42,282.73148
2021-11-18T08:00:00.000000000,291.06,275.01046
2021-11-18T09:00:00.000000000,285.31,264.97052
2021-11-18T10:00:00.000000000,274.09,254.57903
2021-11-18T11:00:00.000000000,261.79,246.70744
2021-11-18T12:00:00.000000000,250.0,243.81605
2021-11-18T13:00:00.000000000,248.66,244.75077
2021-11-18T14:00:00.000000000,251.14,247.76116
2021-11-18T15:00:00.000000000,255.66,250.80765
2021-11-18T16:00:00.000000000,252.45,253.38659
2021-11-18T17:00:00.000000000,245.51,254.34698
2021-11-18T18:00:00.000000000,240.51,251.87072
2021-11-18T19:00:00.000000000,235.31,245.26162
2021-11-18T20:00:00.000000000,220.79,234.78971
2021-11-18T21:00:00.000000000,214.02,221.38081
2021-11-18T22:00:00.000000000,209.57,207.39821
2021-11-18T23:00:00.000000000,203.85,197.19697
2021-11-19T00:00:00.000000000,245.68,205.31888
2021-11-19T01:00:00.000000000,187.96,199.57994
2021-11-19T02:00:00.000000000,194.7,198.07198
2021-11-19T03:00:00.000000000,201.74,201.06422
2021-11-19T04:00:00.000000000,215.04,207.96474
2021-11-19T05:00:00.000000000,229.3,216.32904
2021-11-19T06:00:00.000000000,250.66,223.12018
2021-11-19T07:00:00.000000000,259.32,228.14824
2021-11-19T08:00:00.000000000,258.42,230.94361
2021-11-19T09:00:00.000000000,252.26,232.60715
2021-11-19T10:00:00.000000000,246.18,233.14869
2021-11-19T11:00:00.000000000,242.06,232.66169
2021-11-19T12:00:00.000000000,242.17,231.97869
2021-11-19T13:00:00.000000000,247.09,231.4514
2021-11-19T14:00:00.000000000,258.88,232.58196
2021-11-19T15:00:00.000000000,273.82,236.41335
2021-11-19T16:00:00.000000000,275.6,243.63337
2021-11-19T17:00:00.000000000,269.42,252.61704
2021-11-19T18:00:00.000000000,269.26,260.76354
2021-11-19T19:00:00.000000000,270.42,266.47309
2021-11-19T20:00:00.000000000,269.79,268.89545
2021-11-19T21:00:00.000000000,270.78,267.75248
2021-11-19T22:00:00.000000000,274.62,263.28401
2021-11-19T23:00:00.000000000,270.18,256.7254
2021-11-20T00:00:00.000000000,259.77,264.61565
2021-11-20T01:00:00.000000000,272.77,258.36962
2021-11-20T02:00:00.000000000,275.17,257.76969
2021-11-20T03:00:00.000000000,275.06,262.89229
2021-11-20T04:00:00.000000000,280.61,272.99893
2021-11-20T05:00:00.000000000,287.57,285.18641
2021-11-20T06:00:00.000000000,288.27,295.08114
2021-11-20T07:00:00.000000000,287.89,300.59807
2021-11-20T08:00:00.000000000,288.45,299.74292
2021-11-20T09:00:00.000000000,283.28,293.13382
2021-11-20T10:00:00.000000000,273.2,282.07501
2021-11-20T11:00:00.000000000,265.96,268.97784
2021-11-20T12:00:00.000000000,263.7,256.93523
2021-11-20T13:00:00.000000000,265.73,247.1143
2021-11-20T14:00:00.000000000,271.53,241.11627
2021-11-20T15:00:00.000000000,280.52,239.83184
2021-11-20T16:00:00.000000000,287.47,243.7489
2021-11-20T17:00:00.000000000,287.41,250.08788
2021-11-20T18:00:00.000000000,285.02,254.11144
2021-11-20T19:00:00.000000000,277.46,252.53619
2021-11-20T20:00:00.000000000,267.31,244.58203
2021-11-20T21:00:00.000000000,263.48,231.07203
2021-11-20T22:00:00.000000000,257.07,214.48446
2021-11-20T23:00:00.000000000,252.74,199.07167
2021-11-21T00:00:00.000000000,319.42,215.34016
2021-11-21T01:00:00.000000000,259.87,212.23506
2021-11-21T02:00:00.000000000,266.39,216.7093
2021-11-21T03:00:00.000000000,278.94,227.44954
2021-11-21T04:00:00.000000000,283.37,242.77217
2021-11-21T05:00:00.000000000,284.77,259.24952
2021-11-21T06:00:00.000000000,291.02,272.83475
2021-11-21T07:00:00.000000000,305.3,283.40135
2021-11-21T08:00:00.000000000,328.96,290.48802
2021-11-21T09:00:00.000000000,333.25,294.8676
2021-11-21T10:00:00.000000000,330.64,297.10048
2021-11-21T11:00:00.000000000,328.82,298.3908
2021-11-21T12:00:00.000000000,333.09,301.1318
2021-11-21T13:00:00.000000000,345.13,306.16489
2021-11-21T14:00:00.000000000,361.77,314.56725
2021-11-21T15:00:00.000000000,373.52,326.80226
2021-11-21T16:00:00.000000000,370.63,342.01311
2021-11-21T17:00:00.000000000,366.41,356.4259
2021-11-21T18:00:00.000000000,358.29,365.99555
2021-11-21T19:00:00.000000000,353.99,369.93347
2021-11-21T20:00:00.000000000,350.09,368.55444
2021-11-21T21:00:00.000000000,343.55,362.16616
2021-11-21T22:00:00.000000000,347.48,352.04674
2021-11-21T23:00:00.000000000,348.8,340.34201
2021-11-19T00:00:00.000000000,245.68,190.87649
2021-11-19T01:00:00.000000000,187.96,187.36875
2021-11-19T02:00:00.000000000,194.7,189.28999
2021-11-19T03:00:00.000000000,201.74,196.38366
2021-11-19T04:00:00.000000000,215.04,207.28024
2021-11-19T05:00:00.000000000,229.3,218.69465
2021-11-19T06:00:00.000000000,250.66,227.07801
2021-11-19T07:00:00.000000000,259.32,232.27053
2021-11-19T08:00:00.000000000,258.42,234.41293
2021-11-19T09:00:00.000000000,252.26,235.34366
2021-11-19T10:00:00.000000000,246.18,235.63381
2021-11-19T11:00:00.000000000,242.06,235.55893
2021-11-19T12:00:00.000000000,242.17,235.90436
2021-11-19T13:00:00.000000000,247.09,236.8612
2021-11-19T14:00:00.000000000,258.88,239.66272
2021-11-19T15:00:00.000000000,273.82,244.93167
2021-11-19T16:00:00.000000000,275.6,252.73652
2021-11-19T17:00:00.000000000,269.42,260.915
2021-11-19T18:00:00.000000000,269.26,266.69753
2021-11-19T19:00:00.000000000,270.42,268.92719
2021-11-19T20:00:00.000000000,269.79,267.55858
2021-11-19T21:00:00.000000000,270.78,263.16103
2021-11-19T22:00:00.000000000,274.62,256.59316
2021-11-19T23:00:00.000000000,270.18,249.22779
2021-11-20T00:00:00.000000000,259.77,242.98773
2021-11-20T01:00:00.000000000,272.77,234.64842
2021-11-20T02:00:00.000000000,275.17,232.75441
2021-11-20T03:00:00.000000000,275.06,237.76026
2021-11-20T04:00:00.000000000,280.61,248.89836
2021-11-20T05:00:00.000000000,287.57,262.55997
2021-11-20T06:00:00.000000000,288.27,273.83327
2021-11-20T07:00:00.000000000,287.89,280.84599
2021-11-20T08:00:00.000000000,288.45,282.23853
2021-11-20T09:00:00.000000000,283.28,279.14648
2021-11-20T10:00:00.000000000,273.2,272.90958
2021-11-20T11:00:00.000000000,265.96,265.4491
2021-11-20T12:00:00.000000000,263.7,259.04237
2021-11-20T13:00:00.000000000,265.73,254.37057
2021-11-20T14:00:00.000000000,271.53,252.83971
2021-11-20T15:00:00.000000000,280.52,255.6837
2021-11-20T16:00:00.000000000,287.47,263.66708
2021-11-20T17:00:00.000000000,287.41,273.947
2021-11-20T18:00:00.000000000,285.02,281.82816
2021-11-20T19:00:00.000000000,277.46,284.18264
2021-11-20T20:00:00.000000000,267.31,279.93614
2021-11-20T21:00:00.000000000,263.48,269.38851
2021-11-20T22:00:00.000000000,257.07,254.52645
2021-11-20T23:00:00.000000000,252.74,239.02996
2021-11-21T00:00:00.000000000,319.42,250.7825
2021-11-21T01:00:00.000000000,259.87,247.43072
2021-11-21T02:00:00.000000000,266.39,252.26081
2021-11-21T03:00:00.000000000,278.94,264.15163
2021-11-21T04:00:00.000000000,283.37,281.29428
2021-11-21T05:00:00.000000000,284.77,299.65304
2021-11-21T06:00:00.000000000,291.02,314.18566
2021-11-21T07:00:00.000000000,305.3,324.05575
2021-11-21T08:00:00.000000000,328.96,328.83812
2021-11-21T09:00:00.000000000,333.25,330.03271
2021-11-21T10:00:00.000000000,330.64,329.15849
2021-11-21T11:00:00.000000000,328.82,327.95089
2021-11-21T12:00:00.000000000,333.09,329.05305
2021-11-21T13:00:00.000000000,345.13,332.82762
2021-11-21T14:00:00.000000000,361.77,339.61104
2021-11-21T15:00:00.000000000,373.52,349.20701
2021-11-21T16:00:00.000000000,370.63,360.6217
2021-11-21T17:00:00.000000000,366.41,370.15374
2021-11-21T18:00:00.000000000,358.29,373.82854
2021-11-21T19:00:00.000000000,353.99,370.96993
2021-11-21T20:00:00.000000000,350.09,362.60287
2021-11-21T21:00:00.000000000,343.55,349.93623
2021-11-21T22:00:00.000000000,347.48,335.11587
2021-11-21T23:00:00.000000000,348.8,320.75879
2021-11-22T00:00:00.000000000,309.17,313.57521
2021-11-22T01:00:00.000000000,344.79,309.85925
2021-11-22T02:00:00.000000000,350.21,309.51657
2021-11-22T03:00:00.000000000,350.24,312.42461
2021-11-22T04:00:00.000000000,358.44,317.94258
2021-11-22T05:00:00.000000000,365.7,323.54626
2021-11-22T06:00:00.000000000,364.86,325.86378
2021-11-22T07:00:00.000000000,363.85,325.46889
2021-11-22T08:00:00.000000000,366.73,322.49963
2021-11-22T09:00:00.000000000,359.58,318.13244
2021-11-22T10:00:00.000000000,344.95,312.81191
2021-11-22T11:00:00.000000000,332.84,307.57115
2021-11-22T12:00:00.000000000,331.16,304.39949
2021-11-22T13:00:00.000000000,340.8,303.33179
2021-11-22T14:00:00.000000000,360.06,304.82714
2021-11-22T15:00:00.000000000,376.39,309.08373
2021-11-22T16:00:00.000000000,374.17,316.20629
2021-11-22T17:00:00.000000000,362.08,323.92627
2021-11-22T18:00:00.000000000,352.81,329.66732
2021-11-22T19:00:00.000000000,341.04,332.73195
2021-11-22T20:00:00.000000000,331.8,333.21573
2021-11-22T21:00:00.000000000,324.52,330.8436
2021-11-22T22:00:00.000000000,313.91,325.7529
2021-11-22T23:00:00.000000000,305.51,319.64595
2021-11-20T00:00:00.000000000,259.77,247.60631
2021-11-20T01:00:00.000000000,272.77,241.5419
2021-11-20T02:00:00.000000000,275.17,241.12437
2021-11-20T03:00:00.000000000,275.06,246.12581
2021-11-20T04:00:00.000000000,280.61,255.49858
2021-11-20T05:00:00.000000000,287.57,266.05315
2021-11-20T06:00:00.000000000,288.27,273.6791
2021-11-20T07:00:00.000000000,287.89,277.17308
2021-11-20T08:00:00.000000000,288.45,275.78134
2021-11-20T09:00:00.000000000,283.28,271.048
2021-11-20T10:00:00.000000000,273.2,264.39369
2021-11-20T11:00:00.000000000,265.96,257.61738
2021-11-20T12:00:00.000000000,263.7,252.57601
2021-11-20T13:00:00.000000000,265.73,249.30516
2021-11-20T14:00:00.000000000,271.53,248.48368
2021-11-20T15:00:00.000000000,280.52,250.60372
2021-11-20T16:00:00.000000000,287.47,256.22501
2021-11-20T17:00:00.000000000,287.41,263.01229
2021-11-20T18:00:00.000000000,285.02,267.07309
2021-11-20T19:00:00.000000000,277.46,265.85443
2021-11-20T20:00:00.000000000,267.31,258.80429
2021-11-20T21:00:00.000000000,263.48,246.68966
2021-11-20T22:00:00.000000000,257.07,231.75259
2021-11-20T23:00:00.000000000,252.74,217.71021
2021-11-21T00:00:00.000000000,319.42,212.34369
2021-11-21T01:00:00.000000000,259.87,210.38986
2021-11-21T02:00:00.000000000,266.39,216.74821
2021-11-21T03:00:00.000000000,278.94,230.10462
2021-11-21T04:00:00.000000000,283.37,248.11232
2021-11-21T05:00:00.000000000,284.77,266.0958
2021-11-21T06:00:00.000000000,291.02,278.94188
2021-11-21T07:00:00.000000000,305.3,286.02305
2021-11-21T08:00:00.000000000,328.96,287.64203
2021-11-21T09:00:00.000000000,333.25,285.97638
2021-11-21T10:00:00.000000000,330.64,282.89277
2021-11-21T11:00:00.000000000,328.82,280.45286
2021-11-21T12:00:00.000000000,333.09,281.00334
2021-11-21T13:00:00.000000000,345.13,284.85504
2021-11-21T14:00:00.000000000,361.77,292.33371
2021-11-21T15:00:00.000000000,373.52,303.21977
2021-11-21T16:00:00.000000000,370.63,316.40586
2021-11-21T17:00:00.000000000,366.41,327.831
2021-11-21T18:00:00.000000000,358.29,333.1445
2021-11-21T19:00:00.000000000,353.99,331.33492
2021-11-21T20:00:00.000000000,350.09,323.28924
2021-11-21T21:00:00.000000000,343.55,310.49032
2021-11-21T22:00:00.000000000,347.48,295.39521
2021-11-21T23:00:00.000000000,348.8,281.12454
2021-11-22T00:00:00.000000000,309.17,295.55572
2021-11-22T01:00:00.000000000,344.79,292.35696
2021-11-22T02:00:00.000000000,350.21,295.33404
2021-11-22T03:00:00.000000000,350.24,303.69154
2021-11-22T04:00:00.000000000,358.44,315.93376
2021-11-22T05:00:00.000000000,365.7,328.55972
2021-11-22T06:00:00.000000000,364.86,337.1552
2021-11-22T07:00:00.000000000,363.85,341.72945
2021-11-22T08:00:00.000000000,366.73,342.44026
2021-11-22T09:00:00.000000000,359.58,340.96387
2021-11-22T10:00:00.000000000,344.95,338.42295
2021-11-22T11:00:00.000000000,332.84,335.98163
2021-11-22T12:00:00.000000000,331.16,335.96399
2021-11-22T13:00:00.000000000,340.8,338.62118
2021-11-22T14:00:00.000000000,360.06,344.47429
2021-11-22T15:00:00.000000000,376.39,353.44584
2021-11-22T16:00:00.000000000,374.17,364.68849
2021-11-22T17:00:00.000000000,362.08,374.69604
2021-11-22T18:00:00.000000000,352.81,379.86053
2021-11-22T19:00:00.000000000,341.04,379.70945
2021-11-22T20:00:00.000000000,331.8,375.34907
2021-11-22T21:00:00.000000000,324.52,367.65997
2021-11-22T22:00:00.000000000,313.91,357.87868
2021-11-22T23:00:00.000000000,305.51,347.86915
2021-11-23T00:00:00.000000000,358.97,376.751
2021-11-23T01:00:00.000000000,296.86,371.69903
2021-11-23T02:00:00.000000000,293.43,370.66343
2021-11-23T03:00:00.000000000,302.24,373.58933
2021-11-23T04:00:00.000000000,308.88,379.21398
2021-11-23T05:00:00.000000000,315.0,384.39987
2021-11-23T06:00:00.000000000,332.1,385.18826
2021-11-23T07:00:00.000000000,345.64,382.11807
2021-11-23T08:00:00.000000000,343.93,375.76738
2021-11-23T09:00:00.000000000,338.84,368.25423
2021-11-23T10:00:00.000000000,330.42,360.74475
2021-11-23T11:00:00.000000000,323.05,353.91599
2021-11-23T12:00:00.000000000,325.61,349.61958
2021-11-23T13:00:00.000000000,337.39,347.97586
2021-11-23T14:00:00.000000000,357.52,349.98728
2021-11-23T15:00:00.000000000,376.77,356.06837
2021-11-23T16:00:00.000000000,380.9,365.86896
2021-11-23T17:00:00.000000000,378.48,375.86847
2021-11-23T18:00:00.000000000,380.99,382.11981
2021-11-23T19:00:00.000000000,380.88,383.42506
2021-11-23T20:00:00.000000000,380.11,380.80491
2021-11-23T21:00:00.000000000,380.57,375.22354
2021-11-23T22:00:00.000000000,376.44,367.63548
2021-11-23T23:00:00.000000000,377.87,359.72617
2021-11-21T00:00:00.000000000,319.42,244.42267
2021-11-21T01:00:00.000000000,259.87,241.26361
2021-11-21T02:00:00.000000000,266.39,245.33729
2021-11-21T03:00:00.000000000,278.94,255.45045
2021-11-21T04:00:00.000000000,283.37,269.88909
2021-11-21T05:00:00.000000000,284.77,285.04606
2021-11-21T06:00:00.000000000,291.02,296.64991
2021-11-21T07:00:00.000000000,305.3,304.76595
2021-11-21T08:00:00.000000000,328.96,309.54817
2021-11-21T09:00:00.000000000,333.25,312.56653
2021-11-21T10:00:00.000000000,330.64,314.83586
2021-11-21T11:00:00.000000000,328.82,317.19292
2021-11-21T12:00:00.000000000,333.09,321.33845
2021-11-21T13:00:00.000000000,345.13,327.18013
2021-11-21T14:00:00.000000000,361.77,335.04335
2021-11-21T15:00:00.000000000,373.52,344.9446
2021-11-21T16:00:00.000000000,370.63,356.02296
2021-11-21T17:00:00.000000000,366.41,364.81935
2021-11-21T18:00:00.000000000,358.29,367.85896
2021-11-21T19:00:00.000000000,353.99,364.89876
2021-11-21T20:00:00.000000000,350.09,357.16694
2021-11-21T21:00:00.000000000,343.55,345.93666
2021-11-21T22:00:00.000000000,347.48,333.10873
2021-11-21T23:00:00.000000000,348.8,320.66923
2021-11-22T00:00:00.000000000,309.17,316.95355
2021-11-22T01:00:00.000000000,344.79,315.95638
2021-11-22T02:00:00.000000000,350.21,319.46705
2021-11-22T03:00:00.000000000,350.24,326.60767
2021-11-22T04:00:00.000000000,358.44,335.87535
2021-11-22T05:00:00.000000000,365.7,344.32398
2021-11-22T06:00:00.000000000,364.86,348.28261
2021-11-22T07:00:00.000000000,363.85,347.78028
2021-11-22T08:00:00.000000000,366.73,342.96017
2021-11-22T09:00:00.000000000,359.58,335.66392
2021-11-22T10:00:00.000000000,344.95,327.37618
2021-11-22T11:00:00.000000000,332.84,319.87755
2021-11-22T12:00:00.000000000,331.16,315.39559
2021-11-22T13:00:00.000000000,340.8,313.68616
2021-11-22T14:00:00.000000000,360.06,314.69434
2021-11-22T15:00:00.000000000,376.39,317.90481
2021-11-22T16:00:00.000000000,374.17,322.81989
2021-11-22T17:00:00.000000000,362.08,326.62556
2021-11-22T18:00:00.000000000,352.81,326.15993
2021-11-22T19:00:00.000000000,341.04,320.7639
2021-11-22T20:00:00.000000000,331.8,311.71228
2021-11-22T21:00:00.000000000,324.52,300.33612
2021-11-22T22:00:00.000000000,313.91,288.443
2021-11-22T23:00:00.000000000,305.51,278.63355
2021-11-23T00:00:00.000000000,358.97,316.10869
2021-11-23T01:00:00.000000000,296.86,310.20845
2021-11-23T02:00:00.000000000,293.43,309.67564
2021-11-23T03:00:00.000000000,302.24,314.45983
2021-11-23T04:00:00.000000000,308.88,323.52733
2021-11-23T05:00:00.000000000,315.0,333.70332
2021-11-23T06:00:00.000000000,332.1,340.63653
2021-11-23T07:00:00.000000000,345.64,343.96771
2021-11-23T08:00:00.000000000,343.93,343.47568
2021-11-23T09:00:00.000000000,338.84,340.79625
2021-11-23T10:00:00.000000000,330.42,337.05684
2021-11-23T11:00:00.000000000,323.05,333.17521
2021-11-23T12:00:00.000000000,325.61,331.06637
2021-11-23T13:00:00.000000000,337.39,330.83125
2021-11-23T14:00:00.000000000,357.52,333.31146
2021-11-23T15:00:00.000000000,376.77,338.92136
2021-11-23T16:00:00.000000000,380.9,347.38552
2021-11-23T17:00:00.000000000,378.48,355.49612
2021-11-23T18:00:00.000000000,380.99,359.44449
2021-11-23T19:00:00.000000000,380.88,358.04104
2021-11-23T20:00:00.000000000,380.11,352.12038
2021-11-23T21:00:00.000000000,380.57,342.73778
2021-11-23T22:00:00.000000000,376.44,331.38263
2021-11-23T23:00:00.000000000,377.87,320.09278
2021-11-24T00:00:00.000000000,398.0,365.20202
2021-11-24T01:00:00.000000000,382.76,361.46896
2021-11-24T02:00:00.000000000,384.48,363.71952
2021-11-24T03:00:00.000000000,388.83,371.29566
2021-11-24T04:00:00.000000000,397.19,382.14552
2021-11-24T05:00:00.000000000,403.95,392.43852
2021-11-24T06:00:00.000000000,408.37,397.56479
2021-11-24T07:00:00.000000000,409.12,397.73307
2021-11-24T08:00:00.000000000,400.87,393.7249
2021-11-24T09:00:00.000000000,384.99,388.0856
2021-11-24T10:00:00.000000000,373.33,382.56414
2021-11-24T11:00:00.000000000,366.05,377.98508
2021-11-24T12:00:00.000000000,367.01,376.2111
2021-11-24T13:00:00.000000000,375.69,377.13471
2021-11-24T14:00:00.000000000,390.44,381.4591
2021-11-24T15:00:00.000000000,404.02,389.27048
2021-11-24T16:00:00.000000000,406.49,399.79799
2021-11-24T17:00:00.000000000,403.63,409.12029
2021-11-24T18:00:00.000000000,401.07,413.05818
2021-11-24T19:00:00.000000000,397.66,410.80125
2021-11-24T20:00:00.000000000,395.99,404.02914
2021-11-24T21:00:00.000000000,397.98,394.3203
2021-11-24T22:00:00.000000000,399.6,383.34292
2021-11-24T23:00:00.000000000,402.18,372.83294
2021-11-22T00:00:00.000000000,309.17,349.61801
2021-11-22T01:00:00.000000000,344.79,346.0148
2021-11-22T02:00:00.000000000,350.21,346.6674
2021-11-22T03:00:00.000000000,350.24,351.31714
2021-11-22T04:00:00.000000000,358.44,358.74797
2021-11-22T05:00:00.000000000,365.7,366.04387
2021-11-22T06:00:00.000000000,364.86,369.3276
2021-11-22T07:00:00.000000000,363.85,368.84918
2021-11-22T08:00:00.000000000,366.73,365.0426
2021-11-22T09:00:00.000000000,359.58,360.03619
2021-11-22T10:00:00.000000000,344.95,355.3094
2021-11-22T11:00:00.000000000,332.84,351.68099
2021-11-22T12:00:00.000000000,331.16,350.36803
2021-11-22T13:00:00.000000000,340.8,350.28369
2021-11-22T14:00:00.000000000,360.06,351.46052
2021-11-22T15:00:00.000000000,376.39,353.9933
2021-11-22T16:00:00.000000000,374.17,357.76585
2021-11-22T17:00:00.000000000,362.08,359.90075
2021-11-22T18:00:00.000000000,352.81,357.02803
2021-11-22T19:00:00.000000000,341.04,348.59724
2021-11-22T20:00:00.000000000,331.8,336.47197
2021-11-22T21:00:00.000000000,324.52,322.43082
2021-11-22T22:00:00.000000000,313.91,308.58383
2021-11-22T23:00:00.000000000,305.51,297.19039
2021-11-23T00:00:00.000000000,358.97,340.79964
2021-11-23T01:00:00.000000000,296.86,334.76323
2021-11-23T02:00:00.000000000,293.43,333.91339
2021-11-23T03:00:00.000000000,302.24,338.15948
2021-11-23T04:00:00.000000000,308.88,346.43396
2021-11-23T05:00:00.000000000,315.0,355.7476
2021-11-23T06:00:00.000000000,332.1,361.90704
2021-11-23T07:00:00.000000000,345.64,364.77025
2021-11-23T08:00:00.000000000,343.93,364.18345
2021-11-23T09:00:00.000000000,338.84,361.73663
2021-11-23T10:00:00.000000000,330.42,358.45101
2021-11-23T11:00:00.000000000,323.05,355.00444
2021-11-23T12:00:00.000000000,325.61,353.18024
2021-11-23T13:00:00.000000000,337.39,352.90609
2021-11-23T14:00:00.000000000,357.52,355.04704
2021-11-23T15:00:00.000000000,376.77,360.14135
2021-11-23T16:00:00.000000000,380.9,368.0753
2021-11-23T17:00:00.000000000,378.48,375.69068
2021-11-23T18:00:00.000000000,380.99,379.17181
2021-11-23T19:00:00.000000000,380.88,377.387
2021-11-23T20:00:00.000000000,380.11,371.27644
2021-11-23T21:00:00.000000000,380.57,361.8532
2021-11-23T22:00:00.000000000,376.44,350.5483
2021-11-23T23:00:00.000000000,377.87,339.25367
2021-11-24T00:00:00.000000000,398.0,389.46866
2021-11-24T01:00:00.000000000,382.76,387.51271
2021-11-24T02:00:00.000000000,384.48,390.92946
2021-11-24T03:00:00.000000000,388.83,398.40221
2021-11-24T04:00:00.000000000,397.19,407.43705
2021-11-24T05:00:00.000000000,403.95,414.54522
2021-11-24T06:00:00.000000000,408.37,415.77796
2021-11-24T07:00:00.000000000,409.12,411.96959
2021-11-24T08:00:00.000000000,400.87,404.51424
2021-11-24T09:00:00.000000000,384.99,396.4298
2021-11-24T10:00:00.000000000,373.33,389.80117
2021-11-24T11:00:00.000000000,366.05,385.4405
2021-11-24T12:00:00.000000000,367.01,384.81156
2021-11-24T13:00:00.000000000,375.69,387.15592
2021-11-24T14:00:00.000000000,390.44,392.39929
2021-11-24T15:00:00.000000000,404.02,399.93392
2021-11-24T16:00:00.000000000,406.49,408.83253
2021-11-24T17:00:00.000000000,403.63,415.58818
2021-11-24T18:00:00.000000000,401.07,416.82403
2021-11-24T19:00:00.000000000,397.66,412.08545
2021-11-24T20:00:00.000000000,395.99,403.18638
2021-11-24T21:00:00.000000000,397.98,392.02825
2021-11-24T22:00:00.000000000,399.6,380.68553
2021-11-24T23:00:00.000000000,402.18,370.98314
2021-11-25T00:00:00.000000000,370.84,440.56587
2021-11-25T01:00:00.000000000,409.31,445.10256
2021-11-25T02:00:00.000000000,413.97,452.12507
2021-11-25T03:00:00.000000000,414.26,459.33908
2021-11-25T04:00:00.000000000,415.06,463.82269
2021-11-25T05:00:00.000000000,411.78,463.32382
2021-11-25T06:00:00.000000000,408.26,456.46104
2021-11-25T07:00:00.000000000,398.26,446.68665
2021-11-25T08:00:00.000000000,386.67,436.90584
2021-11-25T09:00:00.000000000,374.89,429.86887
2021-11-25T10:00:00.000000000,369.32,425.91534
2021-11-25T11:00:00.000000000,363.72,424.05932
2021-11-25T12:00:00.000000000,355.25,424.28467
2021-11-25T13:00:00.000000000,352.25,424.7448
2021-11-25T14:00:00.000000000,353.29,424.93663
2021-11-25T15:00:00.000000000,355.98,424.20417
2021-11-25T16:00:00.000000000,350.02,422.61997
2021-11-25T17:00:00.000000000,346.02,418.4968
2021-11-25T18:00:00.000000000,343.17,410.89116
2021-11-25T19:00:00.000000000,346.77,401.24794
2021-11-25T20:00:00.000000000,349.94,392.15605
2021-11-25T21:00:00.000000000,351.96,384.69843
2021-11-25T22:00:00.000000000,351.78,379.49556
2021-11-25T23:00:00.000000000,355.77,377.12843
2021-11-23T00:00:00.000000000,358.97,329.72783
2021-11-23T01:00:00.000000000,296.86,323.60664
2021-11-23T02:00:00.000000000,293.43,321.72297
2021-11-23T03:00:00.000000000,302.24,323.83166
2021-11-23T04:00:00.000000000,308.88,329.42745
2021-11-23T05:00:00.000000000,315.0,336.75039
2021-11-23T06:00:00.000000000,332.1,342.73198
2021-11-23T07:00:00.000000000,345.64,347.95109
2021-11-23T08:00:00.000000000,343.93,352.15618
2021-11-23T09:00:00.000000000,338.84,356.1836
2021-11-23T10:00:00.000000000,330.42,359.9734
2021-11-23T11:00:00.000000000,323.05,363.19488
2021-11-23T12:00:00.000000000,325.61,366.77223
2021-11-23T13:00:00.000000000,337.39,369.93451
2021-11-23T14:00:00.000000000,357.52,373.15027
2021-11-23T15:00:00.000000000,376.77,377.16633
2021-11-23T16:00:00.000000000,380.9,382.65379
2021-11-23T17:00:00.000000000,378.48,387.76334
2021-11-23T18:00:00.000000000,380.99,390.03193
2021-11-23T19:00:00.000000000,380.88,389.03962
2021-11-23T20:00:00.000000000,380.11,385.32869
2021-11-23T21:00:00.000000000,380.57,379.04365
2021-11-23T22:00:00.000000000,376.44,370.80785
2021-11-23T23:00:00.000000000,377.87,361.57792
2021-11-24T00:00:00.000000000,398.0,396.89453
2021-11-24T01:00:00.000000000,382.76,392.75978
2021-11-24T02:00:00.000000000,384.48,393.01753
2021-11-24T03:00:00.000000000,388.83,397.03466
2021-11-24T04:00:00.000000000,397.19,402.81787
2021-11-24T05:00:00.000000000,403.95,407.41651
2021-11-24T06:00:00.000000000,408.37,407.36819
2021-11-24T07:00:00.000000000,409.12,403.66941
2021-11-24T08:00:00.000000000,400.87,397.47013
2021-11-24T09:00:00.000000000,384.99,391.36804
2021-11-24T10:00:00.000000000,373.33,386.76915
2021-11-24T11:00:00.000000000,366.05,383.75033
2021-11-24T12:00:00.000000000,367.01,383.09769
2021-11-24T13:00:00.000000000,375.69,383.9393
2021-11-24T14:00:00.000000000,390.44,386.73952
2021-11-24T15:00:00.000000000,404.02,391.66098
2021-11-24T16:00:00.000000000,406.49,398.44671
2021-11-24T17:00:00.000000000,403.63,403.94735
2021-11-24T18:00:00.000000000,401.07,404.78338
2021-11-24T19:00:00.000000000,397.66,400.22896
2021-11-24T20:00:00.000000000,395.99,391.90485
2021-11-24T21:00:00.000000000,397.98,381.49057
2021-11-24T22:00:00.000000000,399.6,370.75258
2021-11-24T23:00:00.000000000,402.18,361.18996
2021-11-25T00:00:00.000000000,370.84,405.88045
2021-11-25T01:00:00.000000000,409.31,411.85479
2021-11-25T02:00:00.000000000,413.97,418.86905
2021-11-25T03:00:00.000000000,414.26,424.45254
2021-11-25T04:00:00.000000000,415.06,426.62017
2021-11-25T05:00:00.000000000,411.78,424.47551
2021-11-25T06:00:00.000000000,408.26,417.17296
2021-11-25T07:00:00.000000000,398.26,407.03047
2021-11-25T08:00:00.000000000,386.67,395.53791
2021-11-25T09:00:00.000000000,374.89,384.99006
2021-11-25T10:00:00.000000000,369.32,376.55993
2021-11-25T11:00:00.000000000,363.72,370.48157
2021-11-25T12:00:00.000000000,355.25,367.20383
2021-11-25T13:00:00.000000000,352.25,364.76554
2021-11-25T14:00:00.000000000,353.29,362.32596
2021-11-25T15:00:00.000000000,355.98,359.27737
2021-11-25T16:00:00.000000000,350.02,356.05537
2021-11-25T17:00:00.000000000,346.02,351.28787
2021-11-25T18:00:00.000000000,343.17,343.33217
2021-11-25T19:00:00.000000000,346.77,332.24978
2021-11-25T20:00:00.000000000,349.94,319.88959
2021-11-25T21:00:00.000000000,351.96,308.08294
2021-11-25T22:00:00.000000000,351.78,299.10628
2021-11-25T23:00:00.000000000,355.77,295.23474
2021-11-26T00:00:00.000000000,327.59,347.65795
2021-11-26T01:00:00.000000000,370.02,359.59708
2021-11-26T02:00:00.000000000,376.92,370.84765
2021-11-26T03:00:00.000000000,382.61,379.77305
2021-11-26T04:00:00.000000000,387.02,385.16294
2021-11-26T05:00:00.000000000,392.98,386.06677
2021-11-26T06:00:00.000000000,391.4,380.91662
2021-11-26T07:00:00.000000000,382.04,371.21658
2021-11-26T08:00:00.000000000,370.45,358.523
2021-11-26T09:00:00.000000000,356.35,345.78533
2021-11-26T10:00:00.000000000,345.35,334.95243
2021-11-26T11:00:00.000000000,337.74,326.15713
2021-11-26T12:00:00.000000000,333.12,319.56698
2021-11-26T13:00:00.000000000,330.78,313.12912
2021-11-26T14:00:00.000000000,331.42,306.35429
2021-11-26T15:00:00.000000000,330.33,298.86803
2021-11-26T16:00:00.000000000,322.72,290.72176
2021-11-26T17:00:00.000000000,313.66,280.53882
2021-11-26T18:00:00.000000000,306.17,266.88172
2021-11-26T19:00:00.000000000,303.49,250.42692
2021-11-26T20:00:00.000000000,300.61,234.19599
2021-11-26T21:00:00.000000000,304.35,221.39749
2021-11-26T22:00:00.000000000,310.28,214.88428
2021-11-26T23:00:00.000000000,313.88,216.41129
2021-11-24T00:00:00.000000000,398.0,387.18805
2021-11-24T01:00:00.000000000,382.76,383.45744
2021-11-24T02:00:00.000000000,384.48,384.50506
2021-11-24T03:00:00.000000000,388.83,389.70752
2021-11-24T04:00:00.000000000,397.19,396.97086
2021-11-24T05:00:00.000000000,403.95,403.13181
2021-11-24T06:00:00.000000000,408.37,404.34659
2021-11-24T07:00:00.000000000,409.12,401.25394
2021-11-24T08:00:00.000000000,400.87,394.9759
2021-11-24T09:00:00.000000000,384.99,388.35795
2021-11-24T10:00:00.000000000,373.33,383.14456
2021-11-24T11:00:00.000000000,366.05,379.5988
2021-11-24T12:00:00.000000000,367.01,378.71661
2021-11-24T13:00:00.000000000,375.69,379.8302
2021-11-24T14:00:00.000000000,390.44,383.35612
2021-11-24T15:00:00.000000000,404.02,389.18487
2021-11-24T16:00:00.000000000,406.49,396.76104
2021-11-24T17:00:00.000000000,403.63,402.88762
2021-11-24T18:00:00.000000000,401.07,404.3069
2021-11-24T19:00:00.000000000,397.66,400.32377
2021-11-24T20:00:00.000000000,395.99,392.51345
2021-11-24T21:00:00.000000000,397.98,382.68491
2021-11-24T22:00:00.000000000,399.6,372.64326
2021-11-24T23:00:00.000000000,402.18,363.71454
2021-11-25T00:00:00.000000000,370.84,390.09788
2021-11-25T01:00:00.000000000,409.31,398.76131
2021-11-25T02:00:00.000000000,413.97,406.60274
2021-11-25T03:00:00.000000000,414.26,409.71215
2021-11-25T04:00:00.000000000,415.06,406.6817
2021-11-25T05:00:00.000000000,411.78,398.87666
2021-11-25T06:00:00.000000000,408.26,387.43662
2021-11-25T07:00:00.000000000,398.26,375.10105
2021-11-25T08:00:00.000000000,386.67,362.77932
2021-11-25T09:00:00.000000000,374.89,352.14295
2021-11-25T10:00:00.000000000,369.32,344.34717
2021-11-25T11:00:00.000000000,363.72,340.19119
2021-11-25T12:00:00.000000000,355.25,340.44669
2021-11-25T13:00:00.000000000,352.25,342.50368
2021-11-25T14:00:00.000000000,353.29,343.7434
2021-11-25T15:00:00.000000000,355.98,341.90129
2021-11-25T16:00:00.000000000,350.02,337.30982
2021-11-25T17:00:00.000000000,346.02,330.30294
2021-11-25T18:00:00.000000000,343.17,321.10357
2021-11-25T19:00:00.000000000,346.77,310.22168
2021-11-25T20:00:00.000000000,349.94,298.75579
2021-11-25T21:00:00.000000000,351.96,288.14715
2021-11-25T22:00:00.000000000,351.78,280.85777
2021-11-25T23:00:00.000000000,355.77,279.54304
2021-11-26T00:00:00.000000000,327.59,336.77452
2021-11-26T01:00:00.000000000,370.02,343.01276
2021-11-26T02:00:00.000000000,376.92,349.51627
2021-11-26T03:00:00.000000000,382.61,353.76077
2021-11-26T04:00:00.000000000,387.02,354.94246
2021-11-26T05:00:00.000000000,392.98,353.49836
2021-11-26T06:00:00.000000000,391.4,349.14718
2021-11-26T07:00:00.000000000,382.04,343.28744
2021-11-26T08:00:00.000000000,370.45,336.0755
2021-11-26T09:00:00.000000000,356.35,328.88527
2021-11-26T10:00:00.000000000,345.35,322.73952
2021-11-26T11:00:00.000000000,337.74,318.62116
2021-11-26T12:00:00.000000000,333.12,317.47718
2021-11-26T13:00:00.000000000,330.78,317.14551
2021-11-26T14:00:00.000000000,331.42,315.71476
2021-11-26T15:00:00.000000000,330.33,311.73381
2021-11-26T16:00:00.000000000,322.72,305.97263
2021-11-26T17:00:00.000000000,313.66,298.81729
2021-11-26T18:00:00.000000000,306.17,290.12985
2021-11-26T19:00:00.000000000,303.49,280.16574
2021-11-26T20:00:00.000000000,300.61,269.83117
2021-11-26T21:00:00.000000000,304.35,260.11999
2021-11-26T22:00:00.000000000,310.28,252.88762
2021-11-26T23:00:00.000000000,313.88,250.40802
2021-11-27T00:00:00.000000000,390.94,334.17954
2021-11-27T01:00:00.000000000,324.85,327.97917
2021-11-27T02:00:00.000000000,329.99,325.71177
2021-11-27T03:00:00.000000000,335.76,327.08579
2021-11-27T04:00:00.000000000,340.55,331.74535
2021-11-27T05:00:00.000000000,345.95,338.34286
2021-11-27T06:00:00.000000000,353.08,344.25663
2021-11-27T07:00:00.000000000,361.59,350.41149
2021-11-27T08:00:00.000000000,365.17,356.64933
2021-11-27T09:00:00.000000000,364.56,363.7452
2021-11-27T10:00:00.000000000,367.66,371.31871
2021-11-27T11:00:00.000000000,373.35,378.49573
2021-11-27T12:00:00.000000000,378.63,385.57256
2021-11-27T13:00:00.000000000,388.24,391.14628
2021-11-27T14:00:00.000000000,400.37,395.3115
2021-11-27T15:00:00.000000000,409.45,398.83796
2021-11-27T16:00:00.000000000,412.87,402.84512
2021-11-27T17:00:00.000000000,406.91,406.22014
2021-11-27T18:00:00.000000000,404.7,407.12847
2021-11-27T19:00:00.000000000,405.2,405.57488
2021-11-27T20:00:00.000000000,406.74,402.2356
2021-11-27T21:00:00.000000000,406.41,396.99297
2021-11-27T22:00:00.000000000,411.64,389.99813
2021-11-27T23:00:00.000000000,415.91,381.49742
2021-11-25T00:00:00.000000000,370.84,412.1108
2021-11-25T01:00:00.000000000,409.31,420.43425
2021-11-25T02:00:00.000000000,413.97,428.52709
2021-11-25T03:00:00.000000000,414.26,433.1893
2021-11-25T04:00:00.000000000,415.06,432.58135
2021-11-25T05:00:00.000000000,411.78,427.40257
2021-11-25T06:00:00.000000000,408.26,418.27243
2021-11-25T07:00:00.000000000,398.26,408.01808
2021-11-25T08:00:00.000000000,386.67,397.96884
2021-11-25T09:00:00.000000000,374.89,389.91668
2021-11-25T10:00:00.000000000,369.32,384.42706
2021-11-25T11:00:00.000000000,363.72,381.19441
2021-11-25T12:00:00.000000000,355.25,380.25421
2021-11-25T13:00:00.000000000,352.25,379.27264
2021-11-25T14:00:00.000000000,353.29,376.70225
2021-11-25T15:00:00.000000000,355.98,371.35364
2021-11-25T16:00:00.000000000,350.02,364.20581
2021-11-25T17:00:00.000000000,346.02,355.84378
2021-11-25T18:00:00.000000000,343.17,346.98769
2021-11-25T19:00:00.000000000,346.77,338.28245
2021-11-25T20:00:00.000000000,349.94,330.42664
2021-11-25T21:00:00.000000000,351.96,324.18724
2021-11-25T22:00:00.000000000,351.78,321.02618
2021-11-25T23:00:00.000000000,355.77,322.22705
2021-11-26T00:00:00.000000000,327.59,357.81673
2021-11-26T01:00:00.000000000,370.02,366.72677
2021-11-26T02:00:00.000000000,376.92,373.90921
2021-11-26T03:00:00.000000000,382.61,377.89444
2021-11-26T04:00:00.000000000,387.02,378.32642
2021-11-26T05:00:00.000000000,392.98,375.65944
2021-11-26T06:00:00.000000000,391.4,369.46818
2021-11-26T07:00:00.000000000,382.04,361.38227
2021-11-26T08:00:00.000000000,370.45,352.2643
2021-11-26T09:00:00.000000000,356.35,344.21277
2021-11-26T10:00:00.000000000,345.35,338.17863
2021-11-26T11:00:00.000000000,337.74,333.32365
2021-11-26T12:00:00.000000000,333.12,329.0317
2021-11-26T13:00:00.000000000,330.78,322.89442
2021-11-26T14:00:00.000000000,331.42,314.57266
2021-11-26T15:00:00.000000000,330.33,304.4557
2021-11-26T16:00:00.000000000,322.72,293.97177
2021-11-26T17:00:00.000000000,313.66,283.06133
2021-11-26T18:00:00.000000000,306.17,270.75589
2021-11-26T19:00:00.000000000,303.49,257.09702
2021-11-26T20:00:00.000000000,300.61,243.96902
2021-11-26T21:00:00.000000000,304.35,233.68076
2021-11-26T22:00:00.000000000,310.28,228.57391
2021-11-26T23:00:00.000000000,313.88,230.09086
2021-11-27T00:00:00.000000000,390.94,297.58991
2021-11-27T01:00:00.000000000,324.85,293.80041
2021-11-27T02:00:00.000000000,329.99,294.17286
2021-11-27T03:00:00.000000000,335.76,298.16213
2021-11-27T04:00:00.000000000,340.55,305.00498
2021-11-27T05:00:00.000000000,345.95,312.6961
2021-11-27T06:00:00.000000000,353.08,318.29264
2021-11-27T07:00:00.000000000,361.59,322.44769
2021-11-27T08:00:00.000000000,365.17,325.35624
2021-11-27T09:00:00.000000000,364.56,328.3939
2021-11-27T10:00:00.000000000,367.66,331.77447
2021-11-27T11:00:00.000000000,373.35,335.18683
2021-11-27T12:00:00.000000000,378.63,339.17079
2021-11-27T13:00:00.000000000,388.24,342.62647
2021-11-27T14:00:00.000000000,400.37,345.60488
2021-11-27T15:00:00.000000000,409.45,348.35952
2021-11-27T16:00:00.000000000,412.87,351.301
2021-11-27T17:00:00.000000000,406.91,352.82254
2021-11-27T18:00:00.000000000,404.7,350.96267
2021-11-27T19:00:00.000000000,405.2,345.72945
2021-11-27T20:00:00.000000000,406.74,338.21172
2021-11-27T21:00:00.000000000,406.41,329.2554
2021-11-27T22:00:00.000000000,411.64,319.95499
2021-11-27T23:00:00.000000000,415.91,311.37853
2021-11-28T00:00:00.000000000,412.5,359.23917
2021-11-28T01:00:00.000000000,419.58,358.50221
2021-11-28T02:00:00.000000000,420.04,363.3248
2021-11-28T03:00:00.000000000,419.31,371.90953
2021-11-28T04:00:00.000000000,422.32,381.98285
2021-11-28T05:00:00.000000000,422.93,390.82617
2021-11-28T06:00:00.000000000,422.59,395.00583
2021-11-28T07:00:00.000000000,426.14,395.48671
2021-11-28T08:00:00.000000000,416.34,393.50086
2021-11-28T09:00:00.000000000,408.03,391.74717
2021-11-28T10:00:00.000000000,396.7,391.99941
2021-11-28T11:00:00.000000000,388.12,394.68407
2021-11-28T12:00:00.000000000,385.54,400.59339
2021-11-28T13:00:00.000000000,394.91,407.91459
2021-11-28T14:00:00.000000000,406.06,415.53323
2021-11-28T15:00:00.000000000,415.0,422.62055
2021-11-28T16:00:00.000000000,410.73,428.93587
2021-11-28T17:00:00.000000000,406.93,432.39562
2021-11-28T18:00:00.000000000,404.04,431.04605
2021-11-28T19:00:00.000000000,404.54,425.2229
2021-11-28T20:00:00.000000000,408.35,416.40427
2021-11-28T21:00:00.000000000,406.61,405.85956
2021-11-28T22:00:00.000000000,407.62,395.36518
2021-11-28T23:00:00.000000000,408.99,386.18789
2021-11-26T00:00:00.000000000,327.59,366.61428
2021-11-26T01:00:00.000000000,370.02,378.73269
2021-11-26T02:00:00.000000000,376.92,390.04934
2021-11-26T03:00:00.000000000,382.61,396.85292
2021-11-26T04:00:00.000000000,387.02,397.69613
2021-11-26T05:00:00.000000000,392.98,394.06282
2021-11-26T06:00:00.000000000,391.4,386.85195
2021-11-26T07:00:00.000000000,382.04,378.36204
2021-11-26T08:00:00.000000000,370.45,369.47989
2021-11-26T09:00:00.000000000,356.35,361.85953
2021-11-26T10:00:00.000000000,345.35,356.48497
2021-11-26T11:00:00.000000000,337.74,353.58758
2021-11-26T12:00:00.000000000,333.12,353.33595
2021-11-26T13:00:00.000000000,330.78,352.92752
2021-11-26T14:00:00.000000000,331.42,350.01766
2021-11-26T15:00:00.000000000,330.33,342.98078
2021-11-26T16:00:00.000000000,322.72,333.07976
2021-11-26T17:00:00.000000000,313.66,321.93881
2021-11-26T18:00:00.000000000,306.17,311.11688
2021-11-26T19:00:00.000000000,303.49,301.44159
2021-11-26T20:00:00.000000000,300.61,293.16825
2021-11-26T21:00:00.000000000,304.35,286.97502
2021-11-26T22:00:00.000000000,310.28,284.70713
2021-11-26T23:00:00.000000000,313.88,287.95797
2021-11-27T00:00:00.000000000,390.94,342.42816
2021-11-27T01:00:00.000000000,324.85,335.64651
2021-11-27T02:00:00.000000000,329.99,333.40205
2021-11-27T03:00:00.000000000,335.76,335.08225
2021-11-27T04:00:00.000000000,340.55,340.03293
2021-11-27T05:00:00.000000000,345.95,346.79045
2021-11-27T06:00:00.000000000,353.08,352.51593
2021-11-27T07:00:00.000000000,361.59,357.94923
2021-11-27T08:00:00.000000000,365.17,362.93449
2021-11-27T09:00:00.000000000,364.56,368.5473
2021-11-27T10:00:00.000000000,367.66,375.14992
2021-11-27T11:00:00.000000000,373.35,382.45769
2021-11-27T12:00:00.000000000,378.63,390.85162
2021-11-27T13:00:00.000000000,388.24,398.52346
2021-11-27T14:00:00.000000000,400.37,404.97708
2021-11-27T15:00:00.000000000,409.45,410.66212
2021-11-27T16:00:00.000000000,412.87,416.58305
2021-11-27T17:00:00.000000000,406.91,421.43059
2021-11-27T18:00:00.000000000,404.7,423.09457
2021-11-27T19:00:00.000000000,405.2,421.24149
2021-11-27T20:00:00.000000000,406.74,416.36729
2021-11-27T21:00:00.000000000,406.41,408.56365
2021-11-27T22:00:00.000000000,411.64,398.68645
2021-11-27T23:00:00.000000000,415.91,387.6182
2021-11-28T00:00:00.000000000,412.5,415.22379
2021-11-28T01:00:00.000000000,419.58,421.70742
2021-11-28T02:00:00.000000000,420.04,430.73388
2021-11-28T03:00:00.000000000,419.31,438.18088
2021-11-28T04:00:00.000000000,422.32,441.4208
2021-11-28T05:00:00.000000000,422.93,440.55206
2021-11-28T06:00:00.000000000,422.59,436.38001
2021-11-28T07:00:00.000000000,426.14,432.45699
2021-11-28T08:00:00.000000000,416.34,430.03808
2021-11-28T09:00:00.000000000,408.03,430.04094
2021-11-28T10:00:00.000000000,396.7,432.47283
2021-11-28T11:00:00.000000000,388.12,436.84579
2021-11-28T12:00:00.000000000,385.54,442.83846
2021-11-28T13:00:00.000000000,394.91,447.19625
2021-11-28T14:00:00.000000000,406.06,447.92322
2021-11-28T15:00:00.000000000,415.0,444.43582
2021-11-28T16:00:00.000000000,410.73,438.22295
2021-11-28T17:00:00.000000000,406.93,429.44526
2021-11-28T18:00:00.000000000,404.04,418.34909
2021-11-28T19:00:00.000000000,404.54,405.92588
2021-11-28T20:00:00.000000000,408.35,392.9259
2021-11-28T21:00:00.000000000,406.61,379.42493
2021-11-28T22:00:00.000000000,407.62,367.69749
2021-11-28T23:00:00.000000000,408.99,360.52428
2021-11-29T00:00:00.000000000,291.59,392.42638
2021-11-29T01:00:00.000000000,411.65,390.2883
2021-11-29T02:00:00.000000000,413.29,390.38883
2021-11-29T03:00:00.000000000,408.06,391.76566
2021-11-29T04:00:00.000000000,411.18,393.27152
2021-11-29T05:00:00.000000000,412.62,393.91088
2021-11-29T06:00:00.000000000,405.11,391.96455
2021-11-29T07:00:00.000000000,401.06,388.9129
2021-11-29T08:00:00.000000000,393.74,385.22836
2021-11-29T09:00:00.000000000,385.69,382.22713
2021-11-29T10:00:00.000000000,382.17,380.13847
2021-11-29T11:00:00.000000000,378.87,378.62842
2021-11-29T12:00:00.000000000,379.74,378.2396
2021-11-29T13:00:00.000000000,387.26,377.76041
2021-11-29T14:00:00.000000000,396.37,377.21895
2021-11-29T15:00:00.000000000,400.5,376.76334
2021-11-29T16:00:00.000000000,401.99,377.11988
2021-11-29T17:00:00.000000000,404.34,377.04652
2021-11-29T18:00:00.000000000,404.51,375.03776
2021-11-29T19:00:00.000000000,398.91,370.83444
2021-11-29T20:00:00.000000000,383.09,365.09517
2021-11-29T21:00:00.000000000,355.96,358.30236
2021-11-29T22:00:00.000000000,325.41,351.45106
2021-11-29T23:00:00.000000000,289.16,345.71285
2021-11-27T00:00:00.000000000,390.94,329.4996
2021-11-27T01:00:00.000000000,324.85,323.79382
2021-11-27T02:00:00.000000000,329.99,322.93075
2021-11-27T03:00:00.000000000,335.76,326.23537
2021-11-27T04:00:00.000000000,340.55,333.11604
2021-11-27T05:00:00.000000000,345.95,342.3995
2021-11-27T06:00:00.000000000,353.08,351.55018
2021-11-27T07:00:00.000000000,361.59,361.16603
2021-11-27T08:00:00.000000000,365.17,370.4735
2021-11-27T09:00:00.000000000,364.56,379.66632
2021-11-27T10:00:00.000000000,367.66,388.22046
2021-11-27T11:00:00.000000000,373.35,395.50022
2021-11-27T12:00:00.000000000,378.63,402.36239
2021-11-27T13:00:00.000000000,388.24,407.89918
2021-11-27T14:00:00.000000000,400.37,412.25206
2021-11-27T15:00:00.000000000,409.45,416.04945
2021-11-27T16:00:00.000000000,412.87,420.42638
2021-11-27T17:00:00.000000000,406.91,424.50577
2021-11-27T18:00:00.000000000,404.7,426.69397
2021-11-27T19:00:00.000000000,405.2,427.00758
2021-11-27T20:00:00.000000000,406.74,425.64863
2021-11-27T21:00:00.000000000,406.41,421.91855
2021-11-27T22:00:00.000000000,411.64,415.71398
2021-11-27T23:00:00.000000000,415.91,407.12316
2021-11-28T00:00:00.000000000,412.5,419.76392
2021-11-28T01:00:00.000000000,419.58,423.08754
2021-11-28T02:00:00.000000000,420.04,429.8374
2021-11-28T03:00:00.000000000,419.31,436.61513
2021-11-28T04:00:00.000000000,422.32,440.86471
2021-11-28T05:00:00.000000000,422.93,442.2485
2021-11-28T06:00:00.000000000,422.59,440.62871
2021-11-28T07:00:00.000000000,426.14,438.37464
2021-11-28T08:00:00.000000000,416.34,436.20169
2021-11-28T09:00:00.000000000,408.03,435.36974
2021-11-28T10:00:00.000000000,396.7,436.32178
2021-11-28T11:00:00.000000000,388.12,438.76171
2021-11-28T12:00:00.000000000,385.54,443.25514
2021-11-28T13:00:00.000000000,394.91,448.07589
2021-11-28T14:00:00.000000000,406.06,451.85706
2021-11-28T15:00:00.000000000,415.0,453.35816
2021-11-28T16:00:00.000000000,410.73,453.02451
2021-11-28T17:00:00.000000000,406.93,450.37178
2021-11-28T18:00:00.000000000,404.04,445.47273
2021-11-28T19:00:00.000000000,404.54,438.91213
2021-11-28T20:00:00.000000000,408.35,431.07272
2021-11-28T21:00:00.000000000,406.61,422.19105
2021-11-28T22:00:00.000000000,407.62,414.10481
2021-11-28T23:00:00.000000000,408.99,408.42997
2021-11-29T00:00:00.000000000,291.59,416.06984
2021-11-29T01:00:00.000000000,411.65,419.46703
2021-11-29T02:00:00.000000000,413.29,422.82703
2021-11-29T03:00:00.000000000,408.06,423.84505
2021-11-29T04:00:00.000000000,411.18,421.31769
2021-11-29T05:00:00.000000000,412.62,415.57431
2021-11-29T06:00:00.000000000,405.11,406.76728
2021-11-29T07:00:00.000000000,401.06,397.69302
2021-11-29T08:00:00.000000000,393.74,389.47734
2021-11-29T09:00:00.000000000,385.69,383.58838
2021-11-29T10:00:00.000000000,382.17,380.24606
2021-11-29T11:00:00.000000000,378.87,379.04514
2021-11-29T12:00:00.000000000,379.74,379.922
2021-11-29T13:00:00.000000000,387.26,380.35575
2021-11-29T14:00:00.000000000,396.37,379.08048
2021-11-29T15:00:00.000000000,400.5,375.57978
2021-11-29T16:00:00.000000000,401.99,371.06272
2021-11-29T17:00:00.000000000,404.34,365.37951
2021-11-29T18:00:00.000000000,404.51,357.97749
2021-11-29T19:00:00.000000000,398.91,349.16147
2021-11-29T20:00:00.000000000,383.09,340.04902
2021-11-29T21:00:00.000000000,355.96,331.39265
2021-11-29T22:00:00.000000000,325.41,324.63961
2021-11-29T23:00:00.000000000,289.16,321.56679
2021-11-30T00:00:00.000000000,266.29,307.87244
2021-11-30T01:00:00.000000000,224.6,300.1626
2021-11-30T02:00:00.000000000,197.01,286.67899
2021-11-30T03:00:00.000000000,177.45,268.23327
2021-11-30T04:00:00.000000000,166.16,247.11639
2021-11-30T05:00:00.000000000,164.21,225.31807
2021-11-30T06:00:00.000000000,165.87,204.56426
2021-11-30T07:00:00.000000000,178.89,188.68211
2021-11-30T08:00:00.000000000,190.09,177.85241
2021-11-30T09:00:00.000000000,197.61,171.6951
2021-11-30T10:00:00.000000000,196.6,167.60483
2021-11-30T11:00:00.000000000,196.37,164.48398
2021-11-30T12:00:00.000000000,195.39,163.39358
2021-11-30T13:00:00.000000000,195.45,164.54606
2021-11-30T14:00:00.000000000,204.83,168.01116
2021-11-30T15:00:00.000000000,210.96,171.92923
2021-11-30T16:00:00.000000000,221.38,175.09477
2021-11-30T17:00:00.000000000,237.1,177.24707
2021-11-30T18:00:00.000000000,251.82,179.42631
2021-11-30T19:00:00.000000000,275.61,183.00002
2021-11-30T20:00:00.000000000,292.44,189.48206
2021-11-30T21:00:00.000000000,299.9,198.72858
2021-11-30T22:00:00.000000000,303.91,208.0635
2021-11-30T23:00:00.000000000,295.34,216.03275
2021-11-28T00:00:00.000000000,412.5,404.42954
2021-11-28T01:00:00.000000000,419.58,402.49535
2021-11-28T02:00:00.000000000,420.04,405.04392
2021-11-28T03:00:00.000000000,419.31,410.53699
2021-11-28T04:00:00.000000000,422.32,416.73979
2021-11-28T05:00:00.000000000,422.93,421.46906
2021-11-28T06:00:00.000000000,422.59,422.25718
2021-11-28T07:00:00.000000000,426.14,420.57285
2021-11-28T08:00:00.000000000,416.34,417.4016
2021-11-28T09:00:00.000000000,408.03,414.76126
2021-11-28T10:00:00.000000000,396.7,413.53183
2021-11-28T11:00:00.000000000,388.12,413.42525
2021-11-28T12:00:00.000000000,385.54,414.96682
2021-11-28T13:00:00.000000000,394.91,416.81391
2021-11-28T14:00:00.000000000,406.06,418.88165
2021-11-28T15:00:00.000000000,415.0,421.21867
2021-11-28T16:00:00.000000000,410.73,424.3411
2021-11-28T17:00:00.000000000,406.93,426.51635
2021-11-28T18:00:00.000000000,404.04,425.66449
2021-11-28T19:00:00.000000000,404.54,421.48586
2021-11-28T20:00:00.000000000,408.35,414.89118
2021-11-28T21:00:00.000000000,406.61,406.58746
2021-11-28T22:00:00.000000000,407.62,397.79568
2021-11-28T23:00:00.000000000,408.99,389.66623
2021-11-29T00:00:00.000000000,291.59,374.84555
2021-11-29T01:00:00.000000000,411.65,382.29219
2021-11-29T02:00:00.000000000,413.29,389.08991
2021-11-29T03:00:00.000000000,408.06,392.18226
2021-11-29T04:00:00.000000000,411.18,390.73449
2021-11-29T05:00:00.000000000,412.62,385.55864
2021-11-29T06:00:00.000000000,405.11,376.96091
2021-11-29T07:00:00.000000000,401.06,367.42607
2021-11-29T08:00:00.000000000,393.74,357.876
2021-11-29T09:00:00.000000000,385.69,349.94215
2021-11-29T10:00:00.000000000,382.17,344.62843
2021-11-29T11:00:00.000000000,378.87,342.65425
2021-11-29T12:00:00.000000000,379.74,344.54846
2021-11-29T13:00:00.000000000,387.26,347.2268
2021-11-29T14:00:00.000000000,396.37,348.07649
2021-11-29T15:00:00.000000000,400.5,345.48634
2021-11-29T16:00:00.000000000,401.99,340.30002
2021-11-29T17:00:00.000000000,404.34,332.79294
2021-11-29T18:00:00.000000000,404.51,322.76323
2021-11-29T19:00:00.000000000,398.91,310.95857
2021-11-29T20:00:00.000000000,383.09,298.97092
2021-11-29T21:00:00.000000000,355.96,288.0368
2021-11-29T22:00:00.000000000,325.41,280.20533
2021-11-29T23:00:00.000000000,289.16,277.96737
2021-11-30T00:00:00.000000000,266.29,260.16265
2021-11-30T01:00:00.000000000,224.6,252.89258
2021-11-30T02:00:00.000000000,197.01,241.04946
2021-11-30T03:00:00.000000000,177.45,225.16244
2021-11-30T04:00:00.000000000,166.16,207.43577
2021-11-30T05:00:00.000000000,164.21,189.67751
2021-11-30T06:00:00.000000000,165.87,173.3028
2021-11-30T07:00:00.000000000,178.89,161.33947
2021-11-30T08:00:00.000000000,190.09,153.43851
2021-11-30T09:00:00.000000000,197.61,149.33619
2021-11-30T10:00:00.000000000,196.6,147.02041
2021-11-30T11:00:00.000000000,196.37,145.89523
2021-11-30T12:00:00.000000000,195.39,146.90704
2021-11-30T13:00:00.000000000,195.45,149.88835
2021-11-30T14:00:00.000000000,204.83,154.56671
2021-11-30T15:00:00.000000000,210.96,159.0306
2021-11-30T16:00:00.000000000,221.38,162.14008
2021-11-30T17:00:00.000000000,237.1,163.77068
2021-11-30T18:00:00.000000000,251.82,164.82452
2021-11-30T19:00:00.000000000,275.61,166.25727
2021-11-30T20:00:00.000000000,292.44,169.19822
2021-11-30T21:00:00.000000000,299.9,173.89471
2021-11-30T22:00:00.000000000,303.91,178.84358
2021-11-30T23:00:00.000000000,295.34,183.55221
2021-12-01T00:00:00.000000000,184.01,185.95159
2021-12-01T01:00:00.000000000,241.84,178.61369
2021-12-01T02:00:00.000000000,224.36,169.48207
2021-12-01T03:00:00.000000000,206.75,158.66493
2021-12-01T04:00:00.000000000,197.03,148.4124
2021-12-01T05:00:00.000000000,192.45,140.62142
2021-12-01T06:00:00.000000000,188.97,136.08127
2021-12-01T07:00:00.000000000,180.1,134.94314
2021-12-01T08:00:00.000000000,170.27,134.68778
2021-12-01T09:00:00.000000000,162.59,135.1748
2021-12-01T10:00:00.000000000,159.17,135.808
2021-12-01T11:00:00.000000000,157.25,136.25619
2021-12-01T12:00:00.000000000,158.16,137.7483
2021-12-01T13:00:00.000000000,166.28,141.33016
2021-12-01T14:00:00.000000000,174.77,147.66468
2021-12-01T15:00:00.000000000,178.14,155.72538
2021-12-01T16:00:00.000000000,177.46,165.16735
2021-12-01T17:00:00.000000000,178.46,176.06949
2021-12-01T18:00:00.000000000,175.79,187.8614
2021-12-01T19:00:00.000000000,172.43,198.83575
2021-12-01T20:00:00.000000000,169.9,207.72743
2021-12-01T21:00:00.000000000,169.84,214.73089
2021-12-01T22:00:00.000000000,170.32,219.70049
2021-12-01T23:00:00.000000000,166.29,222.56337
2021-11-29T00:00:00.000000000,291.59,383.02523
2021-11-29T01:00:00.000000000,411.65,380.60187
2021-11-29T02:00:00.000000000,413.29,380.4067
2021-11-29T03:00:00.000000000,408.06,381.84192
2021-11-29T04:00:00.000000000,411.18,383.85734
2021-11-29T05:00:00.000000000,412.62,384.14649
2021-11-29T06:00:00.000000000,405.11,379.68937
2021-11-29T07:00:00.000000000,401.06,372.16073
2021-11-29T08:00:00.000000000,393.74,363.13292
2021-11-29T09:00:00.000000000,385.69,355.3198
2021-11-29T10:00:00.000000000,382.17,350.55801
2021-11-29T11:00:00.000000000,378.87,349.89548
2021-11-29T12:00:00.000000000,379.74,353.8319
2021-11-29T13:00:00.000000000,387.26,359.51997
2021-11-29T14:00:00.000000000,396.37,365.27873
2021-11-29T15:00:00.000000000,400.5,370.30087
2021-11-29T16:00:00.000000000,401.99,374.1948
2021-11-29T17:00:00.000000000,404.34,374.08313
2021-11-29T18:00:00.000000000,404.51,367.06427
2021-11-29T19:00:00.000000000,398.91,353.61728
2021-11-29T20:00:00.000000000,383.09,336.87991
2021-11-29T21:00:00.000000000,355.96,319.29705
2021-11-29T22:00:00.000000000,325.41,303.47816
2021-11-29T23:00:00.000000000,289.16,292.10422
2021-11-30T00:00:00.000000000,266.29,246.63074
2021-11-30T01:00:00.000000000,224.6,239.70024
2021-11-30T02:00:00.000000000,197.01,229.57229
2021-11-30T03:00:00.000000000,177.45,215.68849
2021-11-30T04:00:00.000000000,166.16,200.30085
2021-11-30T05:00:00.000000000,164.21,186.17883
2021-11-30T06:00:00.000000000,165.87,175.01357
2021-11-30T07:00:00.000000000,178.89,168.42969
2021-11-30T08:00:00.000000000,190.09,164.61721
2021-11-30T09:00:00.000000000,197.61,163.19725
2021-11-30T10:00:00.000000000,196.6,163.42566
2021-11-30T11:00:00.000000000,196.37,165.68312
2021-11-30T12:00:00.000000000,195.39,171.7431
2021-11-30T13:00:00.000000000,195.45,181.57728
2021-11-30T14:00:00.000000000,204.83,193.84566
2021-11-30T15:00:00.000000000,210.96,205.6886
2021-11-30T16:00:00.000000000,221.38,215.8774
2021-11-30T17:00:00.000000000,237.1,224.5388
2021-11-30T18:00:00.000000000,251.82,232.15463
2021-11-30T19:00:00.000000000,275.61,238.64353
2021-11-30T20:00:00.000000000,292.44,243.9158
2021-11-30T21:00:00.000000000,299.9,248.16051
2021-11-30T22:00:00.000000000,303.91,251.07943
2021-11-30T23:00:00.000000000,295.34,252.88664
2021-12-01T00:00:00.000000000,184.01,217.60441
2021-12-01T01:00:00.000000000,241.84,211.1692
2021-12-01T02:00:00.000000000,224.36,200.90589
2021-12-01T03:00:00.000000000,206.75,187.59417
2021-12-01T04:00:00.000000000,197.03,173.58196
2021-12-01T05:00:00.000000000,192.45,160.78182
2021-12-01T06:00:00.000000000,188.97,150.21167
2021-12-01T07:00:00.000000000,180.1,143.59079
2021-12-01T08:00:00.000000000,170.27,140.04723
2021-12-01T09:00:00.000000000,162.59,139.79028
2021-12-01T10:00:00.000000000,159.17,141.32525
2021-12-01T11:00:00.000000000,157.25,142.9623
2021-12-01T12:00:00.000000000,158.16,144.16109
2021-12-01T13:00:00.000000000,166.28,144.45445
2021-12-01T14:00:00.000000000,174.77,144.70747
2021-12-01T15:00:00.000000000,178.14,144.73655
2021-12-01T16:00:00.000000000,177.46,144.6017
2021-12-01T17:00:00.000000000,178.46,144.6346
2021-12-01T18:00:00.000000000,175.79,145.0645
2021-12-01T19:00:00.000000000,172.43,145.66217
2021-12-01T20:00:00.000000000,169.9,146.96473
2021-12-01T21:00:00.000000000,169.84,149.9461
2021-12-01T22:00:00.000000000,170.32,154.25233
2021-12-01T23:00:00.000000000,166.29,159.22138
2021-12-02T00:00:00.000000000,259.87,201.01025
2021-12-02T01:00:00.000000000,164.46,195.33145
2021-12-02T02:00:00.000000000,178.16,196.89038
2021-12-02T03:00:00.000000000,206.98,204.86659
2021-12-02T04:00:00.000000000,236.28,218.24284
2021-12-02T05:00:00.000000000,265.53,234.35601
2021-12-02T06:00:00.000000000,289.25,249.75764
2021-12-02T07:00:00.000000000,305.34,263.88372
2021-12-02T08:00:00.000000000,315.27,275.25827
2021-12-02T09:00:00.000000000,318.04,283.74186
2021-12-02T10:00:00.000000000,310.85,288.87404
2021-12-02T11:00:00.000000000,312.61,290.95786
2021-12-02T12:00:00.000000000,322.54,291.89392
2021-12-02T13:00:00.000000000,336.66,292.76476
2021-12-02T14:00:00.000000000,356.38,295.41529
2021-12-02T15:00:00.000000000,370.78,301.15725
2021-12-02T16:00:00.000000000,369.95,310.20967
2021-12-02T17:00:00.000000000,368.57,319.63245
2021-12-02T18:00:00.000000000,366.11,325.47994
2021-12-02T19:00:00.000000000,356.26,326.19834
2021-12-02T20:00:00.000000000,346.34,321.47518
2021-12-02T21:00:00.000000000,340.6,311.7139
2021-12-02T22:00:00.000000000,323.18,298.67061
2021-12-02T23:00:00.000000000,305.48,284.78972
2021-11-30T00:00:00.000000000,266.29,224.9569
2021-11-30T01:00:00.000000000,224.6,216.71702
2021-11-30T02:00:00.000000000,197.01,205.41473
2021-11-30T03:00:00.000000000,177.45,191.24538
2021-11-30T04:00:00.000000000,166.16,177.00055
2021-11-30T05:00:00.000000000,164.21,165.11317
2021-11-30T06:00:00.000000000,165.87,156.91976
2021-11-30T07:00:00.000000000,178.89,153.90497
2021-11-30T08:00:00.000000000,190.09,154.00216
2021-11-30T09:00:00.000000000,197.61,156.2173
2021-11-30T10:00:00.000000000,196.6,158.84
2021-11-30T11:00:00.000000000,196.37,161.53608
2021-11-30T12:00:00.000000000,195.39,165.65498
2021-11-30T13:00:00.000000000,195.45,171.518
2021-11-30T14:00:00.000000000,204.83,179.07539
2021-11-30T15:00:00.000000000,210.96,187.2833
2021-11-30T16:00:00.000000000,221.38,196.16059
2021-11-30T17:00:00.000000000,237.1,205.89471
2021-11-30T18:00:00.000000000,251.82,216.23194
2021-11-30T19:00:00.000000000,275.61,226.34317
2021-11-30T20:00:00.000000000,292.44,235.37246
2021-11-30T21:00:00.000000000,299.9,242.64278
2021-11-30T22:00:00.000000000,303.91,247.15736
2021-11-30T23:00:00.000000000,295.34,249.10049
2021-12-01T00:00:00.000000000,184.01,213.09596
2021-12-01T01:00:00.000000000,241.84,205.7444
2021-12-01T02:00:00.000000000,224.36,194.48553
2021-12-01T03:00:00.000000000,206.75,180.38222
2021-12-01T04:00:00.000000000,197.03,166.03495
2021-12-01T05:00:00.000000000,192.45,153.3421
2021-12-01T06:00:00.000000000,188.97,143.3687
2021-12-01T07:00:00.000000000,180.1,137.70163
2021-12-01T08:00:00.000000000,170.27,134.95624
2021-12-01T09:00:00.000000000,162.59,134.90072
2021-12-01T10:00:00.000000000,159.17,135.78883
2021-12-01T11:00:00.000000000,157.25,136.41133
2021-12-01T12:00:00.000000000,158.16,137.04552
2021-12-01T13:00:00.000000000,166.28,137.86502
2021-12-01T14:00:00.000000000,174.77,139.56214
2021-12-01T15:00:00.000000000,178.14,141.3375
2021-12-01T16:00:00.000000000,177.46,142.90765
2021-12-01T17:00:00.000000000,178.46,144.76629
2021-12-01T18:00:00.000000000,175.79,147.59874
2021-12-01T19:00:00.000000000,172.43,151.40411
2021-12-01T20:00:00.000000000,169.9,156.49829
2021-12-01T21:00:00.000000000,169.84,163.18431
2021-12-01T22:00:00.000000000,170.32,170.17744
2021-12-01T23:00:00.000000000,166.29,176.3044
2021-12-02T00:00:00.000000000,259.87,213.61867
2021-12-02T01:00:00.000000000,164.46,210.57572
2021-12-02T02:00:00.000000000,178.16,215.52617
2021-12-02T03:00:00.000000000,206.98,227.275
2021-12-02T04:00:00.000000000,236.28,243.87856
2021-12-02T05:00:00.000000000,265.53,261.64519
2021-12-02T06:00:00.000000000,289.25,276.53392
2021-12-02T07:00:00.000000000,305.34,288.12853
2021-12-02T08:00:00.000000000,315.27,295.87277
2021-12-02T09:00:00.000000000,318.04,300.62737
2021-12-02T10:00:00.000000000,310.85,302.50003
2021-12-02T11:00:00.000000000,312.61,301.76256
2021-12-02T12:00:00.000000000,322.54,300.4748
2021-12-02T13:00:00.000000000,336.66,300.01719
2021-12-02T14:00:00.000000000,356.38,302.32978
2021-12-02T15:00:00.000000000,370.78,308.07978
2021-12-02T16:00:00.000000000,369.95,316.38686
2021-12-02T17:00:00.000000000,368.57,323.35324
2021-12-02T18:00:00.000000000,366.11,324.84024
2021-12-02T19:00:00.000000000,356.26,319.91666
2021-12-02T20:00:00.000000000,346.34,309.54839
2021-12-02T21:00:00.000000000,340.6,295.51112
2021-12-02T22:00:00.000000000,323.18,280.37642
2021-12-02T23:00:00.000000000,305.48,266.69863
2021-12-03T00:00:00.000000000,271.8,261.41072
2021-12-03T01:00:00.000000000,280.32,256.89418
2021-12-03T02:00:00.000000000,265.62,255.18942
2021-12-03T03:00:00.000000000,255.82,255.90319
2021-12-03T04:00:00.000000000,257.32,258.63309
2021-12-03T05:00:00.000000000,255.11,261.44202
2021-12-03T06:00:00.000000000,262.35,261.70468
2021-12-03T07:00:00.000000000,256.57,259.66833
2021-12-03T08:00:00.000000000,245.02,255.32498
2021-12-03T09:00:00.000000000,232.86,250.21058
2021-12-03T10:00:00.000000000,218.91,245.37609
2021-12-03T11:00:00.000000000,209.09,242.51609
2021-12-03T12:00:00.000000000,203.67,243.01893
2021-12-03T13:00:00.000000000,203.71,245.80395
2021-12-03T14:00:00.000000000,207.52,249.85269
2021-12-03T15:00:00.000000000,212.18,254.26186
2021-12-03T16:00:00.000000000,212.98,259.2719
2021-12-03T17:00:00.000000000,208.1,263.62604
2021-12-03T18:00:00.000000000,200.99,265.38912
2021-12-03T19:00:00.000000000,198.34,263.69599
2021-12-03T20:00:00.000000000,200.88,258.66604
2021-12-03T21:00:00.000000000,212.12,250.60883
2021-12-03T22:00:00.000000000,229.44,240.65442
2021-12-03T23:00:00.000000000,247.64,231.45116
2021-12-01T00:00:00.000000000,184.01,217.38727
2021-12-01T01:00:00.000000000,241.84,216.68192
2021-12-01T02:00:00.000000000,224.36,211.26247
2021-12-01T03:00:00.000000000,206.75,200.02145
2021-12-01T04:00:00.000000000,197.03,184.52934
2021-12-01T05:00:00.000000000,192.45,167.00169
2021-12-01T06:00:00.000000000,188.97,150.06085
2021-12-01T07:00:00.000000000,180.1,137.81869
2021-12-01T08:00:00.000000000,170.27,130.99554
2021-12-01T09:00:00.000000000,162.59,129.74346
2021-12-01T10:00:00.000000000,159.17,131.71755
2021-12-01T11:00:00.000000000,157.25,134.91933
2021-12-01T12:00:00.000000000,158.16,138.71543
2021-12-01T13:00:00.000000000,166.28,142.11102
2021-12-01T14:00:00.000000000,174.77,145.17176
2021-12-01T15:00:00.000000000,178.14,146.77178
2021-12-01T16:00:00.000000000,177.46,146.13631
2021-12-01T17:00:00.000000000,178.46,143.30023
2021-12-01T18:00:00.000000000,175.79,139.27057
2021-12-01T19:00:00.000000000,172.43,135.26969
2021-12-01T20:00:00.000000000,169.9,132.73519
2021-12-01T21:00:00.000000000,169.84,132.98502
2021-12-01T22:00:00.000000000,170.32,136.05115
2021-12-01T23:00:00.000000000,166.29,142.22242
2021-12-02T00:00:00.000000000,259.87,174.12442
2021-12-02T01:00:00.000000000,164.46,171.83386
2021-12-02T02:00:00.000000000,178.16,177.73879
2021-12-02T03:00:00.000000000,206.98,190.04166
2021-12-02T04:00:00.000000000,236.28,206.69715
2021-12-02T05:00:00.000000000,265.53,224.68148
2021-12-02T06:00:00.000000000,289.25,241.02579
2021-12-02T07:00:00.000000000,305.34,255.95015
2021-12-02T08:00:00.000000000,315.27,268.60369
2021-12-02T09:00:00.000000000,318.04,278.91893
2021-12-02T10:00:00.000000000,310.85,285.97936
2021-12-02T11:00:00.000000000,312.61,289.59406
2021-12-02T12:00:00.000000000,322.54,291.5115
2021-12-02T13:00:00.000000000,336.66,293.2938
2021-12-02T14:00:00.000000000,356.38,297.31351
2021-12-02T15:00:00.000000000,370.78,304.88694
2021-12-02T16:00:00.000000000,369.95,315.53346
2021-12-02T17:00:00.000000000,368.57,325.52542
2021-12-02T18:00:00.000000000,366.11,330.70277
2021-12-02T19:00:00.000000000,356.26,330.05907
2021-12-02T20:00:00.000000000,346.34,323.81957
2021-12-02T21:00:00.000000000,340.6,313.01834
2021-12-02T22:00:00.000000000,323.18,299.82637
2021-12-02T23:00:00.000000000,305.48,286.6247
2021-12-03T00:00:00.000000000,271.8,267.0309
2021-12-03T01:00:00.000000000,280.32,266.88497
2021-12-03T02:00:00.000000000,265.62,269.48261
2021-12-03T03:00:00.000000000,255.82,273.23734
2021-12-03T04:00:00.000000000,257.32,277.31672
2021-12-03T05:00:00.000000000,255.11,280.30138
2021-12-03T06:00:00.000000000,262.35,280.33306
2021-12-03T07:00:00.000000000,256.57,278.29441
2021-12-03T08:00:00.000000000,245.02,274.43605
2021-12-03T09:00:00.000000000,232.86,270.1093
2021-12-03T10:00:00.000000000,218.91,266.12054
2021-12-03T11:00:00.000000000,209.09,264.16721
2021-12-03T12:00:00.000000000,203.67,265.8198
2021-12-03T13:00:00.000000000,203.71,269.78255
2021-12-03T14:00:00.000000000,207.52,274.42272
2021-12-03T15:00:00.000000000,212.18,278.18429
2021-12-03T16:00:00.000000000,212.98,281.10614
2021-12-03T17:00:00.000000000,208.1,282.3593
2021-12-03T18:00:00.000000000,200.99,280.85388
2021-12-03T19:00:00.000000000,198.34,276.57968
2021-12-03T20:00:00.000000000,200.88,270.00526
2021-12-03T21:00:00.000000000,212.12,261.49237
2021-12-03T22:00:00.000000000,229.44,252.27154
2021-12-03T23:00:00.000000000,247.64,244.95289
2021-12-04T00:00:00.000000000,283.02,267.05306
2021-12-04T01:00:00.000000000,283.3,258.76262
2021-12-04T02:00:00.000000000,308.05,253.02448
2021-12-04T03:00:00.000000000,328.2,250.27797
2021-12-04T04:00:00.000000000,344.25,250.86335
2021-12-04T05:00:00.000000000,358.19,253.56021
2021-12-04T06:00:00.000000000,372.72,256.05874
2021-12-04T07:00:00.000000000,376.24,259.0119
2021-12-04T08:00:00.000000000,376.82,261.97362
2021-12-04T09:00:00.000000000,376.28,265.57159
2021-12-04T10:00:00.000000000,370.95,269.33369
2021-12-04T11:00:00.000000000,363.45,272.63657
2021-12-04T12:00:00.000000000,360.02,276.07095
2021-12-04T13:00:00.000000000,364.52,279.35498
2021-12-04T14:00:00.000000000,364.18,283.4418
2021-12-04T15:00:00.000000000,354.43,289.12494
2021-12-04T16:00:00.000000000,344.8,296.97065
2021-12-04T17:00:00.000000000,335.12,305.60233
2021-12-04T18:00:00.000000000,329.7,313.07455
2021-12-04T19:00:00.000000000,322.11,318.49669
2021-12-04T20:00:00.000000000,312.76,321.42203
2021-12-04T21:00:00.000000000,310.48,321.38657
2021-12-04T22:00:00.000000000,311.27,318.20618
2021-12-04T23:00:00.000000000,305.22,312.49913
2021-12-02T00:00:00.000000000,259.87,171.27758
2021-12-02T01:00:00.000000000,164.46,169.23
2021-12-02T02:00:00.000000000,178.16,177.27185
2021-12-02T03:00:00.000000000,206.98,193.41767
2021-12-02T04:00:00.000000000,236.28,214.82662
2021-12-02T05:00:00.000000000,265.53,237.15322
2021-12-02T06:00:00.000000000,289.25,256.03466
2021-12-02T07:00:00.000000000,305.34,270.81804
2021-12-02T08:00:00.000000000,315.27,280.75552
2021-12-02T09:00:00.000000000,318.04,286.62634
2021-12-02T10:00:00.000000000,310.85,289.07394
2021-12-02T11:00:00.000000000,312.61,289.23822
2021-12-02T12:00:00.000000000,322.54,289.68664
2021-12-02T13:00:00.000000000,336.66,292.34376
2021-12-02T14:00:00.000000000,356.38,299.38157
2021-12-02T15:00:00.000000000,370.78,311.55425
2021-12-02T16:00:00.000000000,369.95,327.05324
2021-12-02T17:00:00.000000000,368.57,340.44254
2021-12-02T18:00:00.000000000,366.11,346.28599
2021-12-02T19:00:00.000000000,356.26,343.3049
2021-12-02T20:00:00.000000000,346.34,332.3578
2021-12-02T21:00:00.000000000,340.6,315.69232
2021-12-02T22:00:00.000000000,323.18,296.96473
2021-12-02T23:00:00.000000000,305.48,279.69989
2021-12-03T00:00:00.000000000,271.8,250.68698
2021-12-03T01:00:00.000000000,280.32,251.45088
2021-12-03T02:00:00.000000000,265.62,253.10407
2021-12-03T03:00:00.000000000,255.82,253.79775
2021-12-03T04:00:00.000000000,257.32,252.53521
2021-12-03T05:00:00.000000000,255.11,248.5503
2021-12-03T06:00:00.000000000,262.35,241.14533
2021-12-03T07:00:00.000000000,256.57,232.33089
2021-12-03T08:00:00.000000000,245.02,223.24716
2021-12-03T09:00:00.000000000,232.86,215.75922
2021-12-03T10:00:00.000000000,218.91,210.51665
2021-12-03T11:00:00.000000000,209.09,208.37073
2021-12-03T12:00:00.000000000,203.67,209.98755
2021-12-03T13:00:00.000000000,203.71,213.68706
2021-12-03T14:00:00.000000000,207.52,217.97111
2021-12-03T15:00:00.000000000,212.18,220.94156
2021-12-03T16:00:00.000000000,212.98,222.19374
2021-12-03T17:00:00.000000000,208.1,221.51551
2021-12-03T18:00:00.000000000,200.99,218.88909
2021-12-03T19:00:00.000000000,198.34,214.76401
2021-12-03T20:00:00.000000000,200.88,209.89933
2021-12-03T21:00:00.000000000,212.12,204.90781
2021-12-03T22:00:00.000000000,229.44,200.42936
2021-12-03T23:00:00.000000000,247.64,198.23943
2021-12-04T00:00:00.000000000,283.02,233.79788
2021-12-04T01:00:00.000000000,283.3,230.37736
2021-12-04T02:00:00.000000000,308.05,230.35534
2021-12-04T03:00:00.000000000,328.2,233.00809
2021-12-04T04:00:00.000000000,344.25,238.08174
2021-12-04T05:00:00.000000000,358.19,244.81804
2021-12-04T06:00:00.000000000,372.72,252.25662
2021-12-04T07:00:00.000000000,376.24,261.81923
2021-12-04T08:00:00.000000000,376.82,272.86296
2021-12-04T09:00:00.000000000,376.28,284.73157
2021-12-04T10:00:00.000000000,370.95,294.94021
2021-12-04T11:00:00.000000000,363.45,301.5783
2021-12-04T12:00:00.000000000,360.02,304.76805
2021-12-04T13:00:00.000000000,364.52,304.47454
2021-12-04T14:00:00.000000000,364.18,302.28799
2021-12-04T15:00:00.000000000,354.43,299.61137
2021-12-04T16:00:00.000000000,344.8,297.88396
2021-12-04T17:00:00.000000000,335.12,296.54654
2021-12-04T18:00:00.000000000,329.7,294.3403
2021-12-04T19:00:00.000000000,322.11,291.30234
2021-12-04T20:00:00.000000000,312.76,287.61168
2021-12-04T21:00:00.000000000,310.48,282.90352
2021-12-04T22:00:00.000000000,311.27,277.18249
2021-12-04T23:00:00.000000000,305.22,270.99501
2021-12-05T00:00:00.000000000,344.59,293.75447
2021-12-05T01:00:00.000000000,272.64,289.03941
2021-12-05T02:00:00.000000000,269.03,288.98773
2021-12-05T03:00:00.000000000,277.6,293.23711
2021-12-05T04:00:00.000000000,284.8,301.40076
2021-12-05T05:00:00.000000000,295.36,311.69227
2021-12-05T06:00:00.000000000,308.39,321.13579
2021-12-05T07:00:00.000000000,318.0,329.97129
2021-12-05T08:00:00.000000000,321.73,337.38267
2021-12-05T09:00:00.000000000,320.55,343.56199
2021-12-05T10:00:00.000000000,317.82,347.91924
2021-12-05T11:00:00.000000000,319.29,350.16231
2021-12-05T12:00:00.000000000,328.89,351.6369
2021-12-05T13:00:00.000000000,340.14,352.17841
2021-12-05T14:00:00.000000000,352.28,352.59317
2021-12-05T15:00:00.000000000,359.95,353.6698
2021-12-05T16:00:00.000000000,360.89,356.15337
2021-12-05T17:00:00.000000000,356.29,358.53125
2021-12-05T18:00:00.000000000,349.9,358.64635
2021-12-05T19:00:00.000000000,349.2,356.25995
2021-12-05T20:00:00.000000000,355.19,351.83123
2021-12-05T21:00:00.000000000,359.93,345.3
2021-12-05T22:00:00.000000000,362.69,337.1149
2021-12-05T23:00:00.000000000,362.36,328.27348
2021-12-03T00:00:00.000000000,271.8,255.61422
2021-12-03T01:00:00.000000000,280.32,259.71775
2021-12-03T02:00:00.000000000,265.62,261.98905
2021-12-03T03:00:00.000000000,255.82,260.22105
2021-12-03T04:00:00.000000000,257.32,253.98351
2021-12-03T05:00:00.000000000,255.11,244.30482
2021-12-03T06:00:00.000000000,262.35,232.41785
2021-12-03T07:00:00.000000000,256.57,221.53066
2021-12-03T08:00:00.000000000,245.02,212.85515
2021-12-03T09:00:00.000000000,232.86,207.59221
2021-12-03T10:00:00.000000000,218.91,205.14638
2021-12-03T11:00:00.000000000,209.09,204.9514
2021-12-03T12:00:00.000000000,203.67,206.77609
2021-12-03T13:00:00.000000000,203.71,208.73922
2021-12-03T14:00:00.000000000,207.52,209.73655
2021-12-03T15:00:00.000000000,212.18,208.38568
2021-12-03T16:00:00.000000000,212.98,204.93026
2021-12-03T17:00:00.000000000,208.1,200.28883
2021-12-03T18:00:00.000000000,200.99,195.68534
2021-12-03T19:00:00.000000000,198.34,192.18996
2021-12-03T20:00:00.000000000,200.88,190.59419
2021-12-03T21:00:00.000000000,212.12,191.17754
2021-12-03T22:00:00.000000000,229.44,193.68493
2021-12-03T23:00:00.000000000,247.64,198.50324
2021-12-04T00:00:00.000000000,283.02,243.4345
2021-12-04T01:00:00.000000000,283.3,247.64436
2021-12-04T02:00:00.000000000,308.05,256.16365
2021-12-04T03:00:00.000000000,328.2,268.29783
2021-12-04T04:00:00.000000000,344.25,281.96259
2021-12-04T05:00:00.000000000,358.19,294.35637
2021-12-04T06:00:00.000000000,372.72,303.27423
2021-12-04T07:00:00.000000000,376.24,309.88417
2021-12-04T08:00:00.000000000,376.82,314.89267
2021-12-04T09:00:00.000000000,376.28,319.69614
2021-12-04T10:00:00.000000000,370.95,323.42685
2021-12-04T11:00:00.000000000,363.45,324.2434
2021-12-04T12:00:00.000000000,360.02,322.08695
2021-12-04T13:00:00.000000000,364.52,317.15163
2021-12-04T14:00:00.000000000,364.18,311.39612
2021-12-04T15:00:00.000000000,354.43,305.18044
2021-12-04T16:00:00.000000000,344.8,297.76921
2021-12-04T17:00:00.000000000,335.12,287.21114
2021-12-04T18:00:00.000000000,329.7,272.41813
2021-12-04T19:00:00.000000000,322.11,255.29476
2021-12-04T20:00:00.000000000,312.76,239.35454
2021-12-04T21:00:00.000000000,310.48,227.18368
2021-12-04T22:00:00.000000000,311.27,220.03511
2021-12-04T23:00:00.000000000,305.22,217.54174
2021-12-05T00:00:00.000000000,344.59,220.40053
2021-12-05T01:00:00.000000000,272.64,219.83249
2021-12-05T02:00:00.000000000,269.03,223.59352
2021-12-05T03:00:00.000000000,277.6,230.48624
2021-12-05T04:00:00.000000000,284.8,239.27704
2021-12-05T05:00:00.000000000,295.36,247.924
2021-12-05T06:00:00.000000000,308.39,254.41584
2021-12-05T07:00:00.000000000,318.0,260.36506
2021-12-05T08:00:00.000000000,321.73,266.22004
2021-12-05T09:00:00.000000000,320.55,272.45426
2021-12-05T10:00:00.000000000,317.82,277.89158
2021-12-05T11:00:00.000000000,319.29,282.19715
2021-12-05T12:00:00.000000000,328.89,286.28379
2021-12-05T13:00:00.000000000,340.14,290.06317
2021-12-05T14:00:00.000000000,352.28,294.2208
2021-12-05T15:00:00.000000000,359.95,299.18898
2021-12-05T16:00:00.000000000,360.89,305.32191
2021-12-05T17:00:00.000000000,356.29,311.0119
2021-12-05T18:00:00.000000000,349.9,314.59323
2021-12-05T19:00:00.000000000,349.2,316.50799
2021-12-05T20:00:00.000000000,355.19,317.13076
2021-12-05T21:00:00.000000000,359.93,315.96382
2021-12-05T22:00:00.000000000,362.69,312.6896
2021-12-05T23:00:00.000000000,362.36,307.94709
2021-12-06T00:00:00.000000000,305.71,324.4796
2021-12-06T01:00:00.000000000,379.73,320.77963
2021-12-06T02:00:00.000000000,382.31,322.355
2021-12-06T03:00:00.000000000,387.99,328.95499
2021-12-06T04:00:00.000000000,392.92,339.60333
2021-12-06T05:00:00.000000000,395.18,351.94664
2021-12-06T06:00:00.000000000,402.28,362.56988
2021-12-06T07:00:00.000000000,404.89,371.72248
2021-12-06T08:00:00.000000000,398.51,379.00221
2021-12-06T09:00:00.000000000,390.04,385.1251
2021-12-06T10:00:00.000000000,377.49,390.00625
2021-12-06T11:00:00.000000000,371.62,393.07207
2021-12-06T12:00:00.000000000,371.26,395.1413
2021-12-06T13:00:00.000000000,374.14,395.38279
2021-12-06T14:00:00.000000000,376.54,394.4015
2021-12-06T15:00:00.000000000,375.86,392.95231
2021-12-06T16:00:00.000000000,365.85,391.63811
2021-12-06T17:00:00.000000000,354.67,388.69845
2021-12-06T18:00:00.000000000,344.97,381.96838
2021-12-06T19:00:00.000000000,335.62,371.82863
2021-12-06T20:00:00.000000000,325.68,359.96157
2021-12-06T21:00:00.000000000,320.81,347.26262
2021-12-06T22:00:00.000000000,317.81,334.9861
2021-12-06T23:00:00.000000000,304.64,324.09895
2021-12-04T00:00:00.000000000,283.02,273.69322
2021-12-04T01:00:00.000000000,283.3,279.15316
2021-12-04T02:00:00.000000000,308.05,290.31604
2021-12-04T03:00:00.000000000,328.2,305.94286
2021-12-04T04:00:00.000000000,344.25,323.15174
2021-12-04T05:00:00.000000000,358.19,338.37888
2021-12-04T06:00:00.000000000,372.72,348.70379
2021-12-04T07:00:00.000000000,376.24,355.53136
2021-12-04T08:00:00.000000000,376.82,360.17735
2021-12-04T09:00:00.000000000,376.28,364.41859
2021-12-04T10:00:00.000000000,370.95,367.80705
2021-12-04T11:00:00.000000000,363.45,368.6533
2021-12-04T12:00:00.000000000,360.02,367.38124
2021-12-04T13:00:00.000000000,364.52,364.2897
2021-12-04T14:00:00.000000000,364.18,361.09259
2021-12-04T15:00:00.000000000,354.43,357.6399
2021-12-04T16:00:00.000000000,344.8,352.39881
2021-12-04T17:00:00.000000000,335.12,342.71643
2021-12-04T18:00:00.000000000,329.7,327.53586
2021-12-04T19:00:00.000000000,322.11,309.453
2021-12-04T20:00:00.000000000,312.76,292.47697
2021-12-04T21:00:00.000000000,310.48,279.33578
2021-12-04T22:00:00.000000000,311.27,271.37665
2021-12-04T23:00:00.000000000,305.22,268.10963
2021-12-05T00:00:00.000000000,344.59,275.49746
2021-12-05T01:00:00.000000000,272.64,272.20126
2021-12-05T02:00:00.000000000,269.03,273.80676
2021-12-05T03:00:00.000000000,277.6,279.50856
2021-12-05T04:00:00.000000000,284.8,288.55221
2021-12-05T05:00:00.000000000,295.36,298.93563
2021-12-05T06:00:00.000000000,308.39,307.87897
2021-12-05T07:00:00.000000000,318.0,316.32
2021-12-05T08:00:00.000000000,321.73,324.10629
2021-12-05T09:00:00.000000000,320.55,331.70877
2021-12-05T10:00:00.000000000,317.82,338.43747
2021-12-05T11:00:00.000000000,319.29,343.7175
2021-12-05T12:00:00.000000000,328.89,348.67164
2021-12-05T13:00:00.000000000,340.14,353.0576
2021-12-05T14:00:00.000000000,352.28,357.49411
2021-12-05T15:00:00.000000000,359.95,362.46765
2021-12-05T16:00:00.000000000,360.89,368.20746
2021-12-05T17:00:00.000000000,356.29,372.99699
2021-12-05T18:00:00.000000000,349.9,375.01949
2021-12-05T19:00:00.000000000,349.2,374.7693
2021-12-05T20:00:00.000000000,355.19,373.0635
2021-12-05T21:00:00.000000000,359.93,369.72793
2021-12-05T22:00:00.000000000,362.69,364.66873
2021-12-05T23:00:00.000000000,362.36,358.14428
2021-12-06T00:00:00.000000000,305.71,365.8849
2021-12-06T01:00:00.000000000,379.73,369.83752
2021-12-06T02:00:00.000000000,382.31,375.98325
2021-12-06T03:00:00.000000000,387.99,383.14499
2021-12-06T04:00:00.000000000,392.92,389.90499
2021-12-06T05:00:00.000000000,395.18,394.88299
2021-12-06T06:00:00.000000000,402.28,396.42732
2021-12-06T07:00:00.000000000,404.89,396.08325
2021-12-06T08:00:00.000000000,398.51,394.40904
2021-12-06T09:00:00.000000000,390.04,392.49914
2021-12-06T10:00:00.000000000,377.49,390.37942
2021-12-06T11:00:00.000000000,371.62,387.60034
2021-12-06T12:00:00.000000000,371.26,384.71452
2021-12-06T13:00:00.000000000,374.14,380.39939
2021-12-06T14:00:00.000000000,376.54,374.72455
2021-12-06T15:00:00.000000000,375.86,367.75119
2021-12-06T16:00:00.000000000,365.85,360.14295
2021-12-06T17:00:00.000000000,354.67,351.18395
2021-12-06T18:00:00.000000000,344.97,340.15863
2021-12-06T19:00:00.000000000,335.62,328.11603
2021-12-06T20:00:00.000000000,325.68,316.99676
2021-12-06T21:00:00.000000000,320.81,307.61522
2021-12-06T22:00:00.000000000,317.81,300.83622
2021-12-06T23:00:00.000000000,304.64,297.5279
2021-12-07T00:00:00.000000000,213.82,326.82736
2021-12-07T01:00:00.000000000,277.77,317.77789
2021-12-07T02:00:00.000000000,275.14,310.81392
2021-12-07T03:00:00.000000000,291.39,306.50552
2021-12-07T04:00:00.000000000,312.85,305.41417
2021-12-07T05:00:00.000000000,333.14,306.74392
2021-12-07T06:00:00.000000000,346.0,308.35562
2021-12-07T07:00:00.000000000,351.26,310.92553
2021-12-07T08:00:00.000000000,356.68,313.73719
2021-12-07T09:00:00.000000000,358.88,317.11857
2021-12-07T10:00:00.000000000,359.11,320.40958
2021-12-07T11:00:00.000000000,355.85,322.99996
2021-12-07T12:00:00.000000000,352.27,325.38444
2021-12-07T13:00:00.000000000,360.32,326.63502
2021-12-07T14:00:00.000000000,372.31,327.28827
2021-12-07T15:00:00.000000000,375.16,328.21788
2021-12-07T16:00:00.000000000,362.93,330.55126
2021-12-07T17:00:00.000000000,338.4,333.16686
2021-12-07T18:00:00.000000000,318.29,334.06598
2021-12-07T19:00:00.000000000,297.52,332.41816
2021-12-07T20:00:00.000000000,275.31,328.40518
2021-12-07T21:00:00.000000000,254.06,322.02525
2021-12-07T22:00:00.000000000,231.83,313.75267
2021-12-07T23:00:00.000000000,211.32,304.80784
2021-12-05T00:00:00.000000000,344.59,285.21596
2021-12-05T01:00:00.000000000,272.64,279.78185
2021-12-05T02:00:00.000000000,269.03,279.01137
2021-12-05T03:00:00.000000000,277.6,282.43155
2021-12-05T04:00:00.000000000,284.8,289.62335
2021-12-05T05:00:00.000000000,295.36,298.96826
2021-12-05T06:00:00.000000000,308.39,307.81734
2021-12-05T07:00:00.000000000,318.0,317.03825
2021-12-05T08:00:00.000000000,321.73,326.26355
2021-12-05T09:00:00.000000000,320.55,335.87292
2021-12-05T10:00:00.000000000,317.82,345.1257
2021-12-05T11:00:00.000000000,319.29,353.13349
2021-12-05T12:00:00.000000000,328.89,360.4581
2021-12-05T13:00:00.000000000,340.14,366.28875
2021-12-05T14:00:00.000000000,352.28,371.0759
2021-12-05T15:00:00.000000000,359.95,375.62314
2021-12-05T16:00:00.000000000,360.89,380.64776
2021-12-05T17:00:00.000000000,356.29,384.7556
2021-12-05T18:00:00.000000000,349.9,386.11749
2021-12-05T19:00:00.000000000,349.2,385.03377
2021-12-05T20:00:00.000000000,355.19,382.24767
2021-12-05T21:00:00.000000000,359.93,377.58212
2021-12-05T22:00:00.000000000,362.69,371.07016
2021-12-05T23:00:00.000000000,362.36,362.87719
2021-12-06T00:00:00.000000000,305.71,355.25825
2021-12-06T01:00:00.000000000,379.73,365.33509
2021-12-06T02:00:00.000000000,382.31,377.21318
2021-12-06T03:00:00.000000000,387.99,388.80769
2021-12-06T04:00:00.000000000,392.92,398.0955
2021-12-06T05:00:00.000000000,395.18,403.23535
2021-12-06T06:00:00.000000000,402.28,402.47256
2021-12-06T07:00:00.000000000,404.89,398.12146
2021-12-06T08:00:00.000000000,398.51,392.1667
2021-12-06T09:00:00.000000000,390.04,386.79816
2021-12-06T10:00:00.000000000,377.49,382.75043
2021-12-06T11:00:00.000000000,371.62,379.8088
2021-12-06T12:00:00.000000000,371.26,378.02986
2021-12-06T13:00:00.000000000,374.14,374.88005
2021-12-06T14:00:00.000000000,376.54,369.45353
2021-12-06T15:00:00.000000000,375.86,361.40999
2021-12-06T16:00:00.000000000,365.85,351.34046
2021-12-06T17:00:00.000000000,354.67,338.63434
2021-12-06T18:00:00.000000000,344.97,322.9374
2021-12-06T19:00:00.000000000,335.62,306.13312
2021-12-06T20:00:00.000000000,325.68,291.07125
2021-12-06T21:00:00.000000000,320.81,279.21542
2021-12-06T22:00:00.000000000,317.81,271.96555
2021-12-06T23:00:00.000000000,304.64,270.71415
2021-12-07T00:00:00.000000000,213.82,306.28791
2021-12-07T01:00:00.000000000,277.77,300.53043
2021-12-07T02:00:00.000000000,275.14,297.53208
2021-12-07T03:00:00.000000000,291.39,297.55985
2021-12-07T04:00:00.000000000,312.85,300.75355
2021-12-07T05:00:00.000000000,333.14,305.81526
2021-12-07T06:00:00.000000000,346.0,310.36216
2021-12-07T07:00:00.000000000,351.26,315.1992
2021-12-07T08:00:00.000000000,356.68,320.14742
2021-12-07T09:00:00.000000000,358.88,325.95467
2021-12-07T10:00:00.000000000,359.11,331.97388
2021-12-07T11:00:00.000000000,355.85,337.04445
2021-12-07T12:00:00.000000000,352.27,340.94025
2021-12-07T13:00:00.000000000,360.32,342.15852
2021-12-07T14:00:00.000000000,372.31,341.14551
2021-12-07T15:00:00.000000000,375.16,339.06227
2021-12-07T16:00:00.000000000,362.93,337.31391
2021-12-07T17:00:00.000000000,338.4,334.92675
2021-12-07T18:00:00.000000000,318.29,330.00215
2021-12-07T19:00:00.000000000,297.52,322.41136
2021-12-07T20:00:00.000000000,275.31,313.30131
2021-12-07T21:00:00.000000000,254.06,303.36247
2021-12-07T22:00:00.000000000,231.83,293.47655
2021-12-07T23:00:00.000000000,211.32,284.58315
2021-12-08T00:00:00.000000000,333.33,320.21459
2021-12-08T01:00:00.000000000,187.13,311.82476
2021-12-08T02:00:00.000000000,187.13,306.59563
2021-12-08T03:00:00.000000000,190.36,304.92317
2021-12-08T04:00:00.000000000,196.62,307.21952
2021-12-08T05:00:00.000000000,212.31,312.58201
2021-12-08T06:00:00.000000000,252.89,318.74193
2021-12-08T07:00:00.000000000,276.24,326.46381
2021-12-08T08:00:00.000000000,288.73,334.83538
2021-12-08T09:00:00.000000000,294.47,343.63169
2021-12-08T10:00:00.000000000,301.57,351.44656
2021-12-08T11:00:00.000000000,308.8,356.92694
2021-12-08T12:00:00.000000000,317.7,360.54232
2021-12-08T13:00:00.000000000,328.6,361.74245
2021-12-08T14:00:00.000000000,340.26,361.69499
2021-12-08T15:00:00.000000000,350.09,361.94584
2021-12-08T16:00:00.000000000,354.25,363.99784
2021-12-08T17:00:00.000000000,354.97,366.86786
2021-12-08T18:00:00.000000000,358.89,368.58421
2021-12-08T19:00:00.000000000,360.82,368.66701
2021-12-08T20:00:00.000000000,366.7,367.21752
2021-12-08T21:00:00.000000000,376.11,363.65175
2021-12-08T22:00:00.000000000,379.74,357.69649
2021-12-08T23:00:00.000000000,385.06,349.65335
2021-12-06T00:00:00.000000000,305.71,348.90184
2021-12-06T01:00:00.000000000,379.73,356.21186
2021-12-06T02:00:00.000000000,382.31,365.92037
2021-12-06T03:00:00.000000000,387.99,376.38843
2021-12-06T04:00:00.000000000,392.92,385.47645
2021-12-06T05:00:00.000000000,395.18,390.92149
2021-12-06T06:00:00.000000000,402.28,390.6697
2021-12-06T07:00:00.000000000,404.89,386.89156
2021-12-06T08:00:00.000000000,398.51,381.58396
2021-12-06T09:00:00.000000000,390.04,377.20708
2021-12-06T10:00:00.000000000,377.49,374.68172
2021-12-06T11:00:00.000000000,371.62,373.71465
2021-12-06T12:00:00.000000000,371.26,373.97623
2021-12-06T13:00:00.000000000,374.14,372.73726
2021-12-06T14:00:00.000000000,376.54,369.13524
2021-12-06T15:00:00.000000000,375.86,362.84765
2021-12-06T16:00:00.000000000,365.85,354.14923
2021-12-06T17:00:00.000000000,354.67,342.01205
2021-12-06T18:00:00.000000000,344.97,325.80084
2021-12-06T19:00:00.000000000,335.62,307.4306
2021-12-06T20:00:00.000000000,325.68,290.22019
2021-12-06T21:00:00.000000000,320.81,276.07993
2021-12-06T22:00:00.000000000,317.81,266.62652
2021-12-06T23:00:00.000000000,304.64,263.08707
2021-12-07T00:00:00.000000000,213.82,290.73922
2021-12-07T01:00:00.000000000,277.77,287.60634
2021-12-07T02:00:00.000000000,275.14,287.73599
2021-12-07T03:00:00.000000000,291.39,291.46867
2021-12-07T04:00:00.000000000,312.85,298.10694
2021-12-07T05:00:00.000000000,333.14,305.36289
2021-12-07T06:00:00.000000000,346.0,310.45526
2021-12-07T07:00:00.000000000,351.26,314.25073
2021-12-07T08:00:00.000000000,356.68,317.38548
2021-12-07T09:00:00.000000000,358.88,321.66079
2021-12-07T10:00:00.000000000,359.11,327.03249
2021-12-07T11:00:00.000000000,355.85,331.94656
2021-12-07T12:00:00.000000000,352.27,335.43657
2021-12-07T13:00:00.000000000,360.32,335.77963
2021-12-07T14:00:00.000000000,372.31,333.67938
2021-12-07T15:00:00.000000000,375.16,330.15318
2021-12-07T16:00:00.000000000,362.93,325.86942
2021-12-07T17:00:00.000000000,338.4,319.29627
2021-12-07T18:00:00.000000000,318.29,308.53893
2021-12-07T19:00:00.000000000,297.52,294.16879
2021-12-07T20:00:00.000000000,275.31,278.77987
2021-12-07T21:00:00.000000000,254.06,264.52719
2021-12-07T22:00:00.000000000,231.83,253.06696
2021-12-07T23:00:00.000000000,211.32,244.99906
2021-12-08T00:00:00.000000000,333.33,286.36234
2021-12-08T01:00:00.000000000,187.13,278.68802
2021-12-08T02:00:00.000000000,187.13,274.35207
2021-12-08T03:00:00.000000000,190.36,273.1638
2021-12-08T04:00:00.000000000,196.62,275.81304
2021-12-08T05:00:00.000000000,212.31,282.13031
2021-12-08T06:00:00.000000000,252.89,290.63527
2021-12-08T07:00:00.000000000,276.24,302.49171
2021-12-08T08:00:00.000000000,288.73,316.25443
2021-12-08T09:00:00.000000000,294.47,330.72814
2021-12-08T10:00:00.000000000,301.57,343.83756
2021-12-08T11:00:00.000000000,308.8,354.26464
2021-12-08T12:00:00.000000000,317.7,362.73249
2021-12-08T13:00:00.000000000,328.6,368.69016
2021-12-08T14:00:00.000000000,340.26,372.95436
2021-12-08T15:00:00.000000000,350.09,376.95935
2021-12-08T16:00:00.000000000,354.25,382.29528
2021-12-08T17:00:00.000000000,354.97,388.52689
2021-12-08T18:00:00.000000000,358.89,394.21288
2021-12-08T19:00:00.000000000,360.82,399.46417
2021-12-08T20:00:00.000000000,366.7,404.05378
2021-12-08T21:00:00.000000000,376.11,406.18589
2021-12-08T22:00:00.000000000,379.74,404.38611
2021-12-08T23:00:00.000000000,385.06,398.15513
2021-12-09T00:00:00.000000000,381.13,442.41663
2021-12-09T01:00:00.000000000,391.18,439.49569
2021-12-09T02:00:00.000000000,397.97,440.55889
2021-12-09T03:00:00.000000000,401.68,442.93836
2021-12-09T04:00:00.000000000,402.65,445.4442
2021-12-09T05:00:00.000000000,398.81,448.57164
2021-12-09T06:00:00.000000000,399.06,451.49521
2021-12-09T07:00:00.000000000,405.22,454.42584
2021-12-09T08:00:00.000000000,407.31,455.27735
2021-12-09T09:00:00.000000000,405.45,453.68758
2021-12-09T10:00:00.000000000,403.71,450.27223
2021-12-09T11:00:00.000000000,402.55,446.22065
2021-12-09T12:00:00.000000000,401.58,444.12582
2021-12-09T13:00:00.000000000,404.28,443.69767
2021-12-09T14:00:00.000000000,410.11,444.06627
2021-12-09T15:00:00.000000000,412.61,444.65884
2021-12-09T16:00:00.000000000,409.36,447.23601
2021-12-09T17:00:00.000000000,405.98,452.13179
2021-12-09T18:00:00.000000000,402.54,458.43171
2021-12-09T19:00:00.000000000,395.16,464.00958
2021-12-09T20:00:00.000000000,387.89,466.16553
2021-12-09T21:00:00.000000000,383.68,463.21241
2021-12-09T22:00:00.000000000,381.27,456.32059
2021-12-09T23:00:00.000000000,379.28,447.98884
2021-12-07T00:00:00.000000000,213.82,308.33968
2021-12-07T01:00:00.000000000,277.77,303.2839
2021-12-07T02:00:00.000000000,275.14,301.78417
2021-12-07T03:00:00.000000000,291.39,305.15044
2021-12-07T04:00:00.000000000,312.85,312.81548
2021-12-07T05:00:00.000000000,333.14,321.49919
2021-12-07T06:00:00.000000000,346.0,326.89391
2021-12-07T07:00:00.000000000,351.26,329.61718
2021-12-07T08:00:00.000000000,356.68,330.89247
2021-12-07T09:00:00.000000000,358.88,333.45176
2021-12-07T10:00:00.000000000,359.11,338.84501
2021-12-07T11:00:00.000000000,355.85,346.69417
2021-12-07T12:00:00.000000000,352.27,355.04911
2021-12-07T13:00:00.000000000,360.32,359.47429
2021-12-07T14:00:00.000000000,372.31,359.0695
2021-12-07T15:00:00.000000000,375.16,355.12774
2021-12-07T16:00:00.000000000,362.93,348.59311
2021-12-07T17:00:00.000000000,338.4,337.53471
2021-12-07T18:00:00.000000000,318.29,319.51145
2021-12-07T19:00:00.000000000,297.52,295.61011
2021-12-07T20:00:00.000000000,275.31,269.86838
2021-12-07T21:00:00.000000000,254.06,245.27285
2021-12-07T22:00:00.000000000,231.83,224.68388
2021-12-07T23:00:00.000000000,211.32,209.91162
2021-12-08T00:00:00.000000000,333.33,251.53588
2021-12-08T01:00:00.000000000,187.13,243.60438
2021-12-08T02:00:00.000000000,187.13,240.16882
2021-12-08T03:00:00.000000000,190.36,240.97016
2021-12-08T04:00:00.000000000,196.62,246.4699
2021-12-08T05:00:00.000000000,212.31,255.90944
2021-12-08T06:00:00.000000000,252.89,267.31896
2021-12-08T07:00:00.000000000,276.24,281.46597
2021-12-08T08:00:00.000000000,288.73,296.8367
2021-12-08T09:00:00.000000000,294.47,312.43867
2021-12-08T10:00:00.000000000,301.57,326.62652
2021-12-08T11:00:00.000000000,308.8,338.31349
2021-12-08T12:00:00.000000000,317.7,348.0582
2021-12-08T13:00:00.000000000,328.6,355.15686
2021-12-08T14:00:00.000000000,340.26,360.30202
2021-12-08T15:00:00.000000000,350.09,364.93061
2021-12-08T16:00:00.000000000,354.25,370.39194
2021-12-08T17:00:00.000000000,354.97,375.83007
2021-12-08T18:00:00.000000000,358.89,379.40993
2021-12-08T19:00:00.000000000,360.82,381.16365
2021-12-08T20:00:00.000000000,366.7,381.17592
2021-12-08T21:00:00.000000000,376.11,378.35293
2021-12-08T22:00:00.000000000,379.74,372.18193
2021-12-08T23:00:00.000000000,385.06,362.74724
2021-12-09T00:00:00.000000000,381.13,398.26416
2021-12-09T01:00:00.000000000,391.18,395.26607
2021-12-09T02:00:00.000000000,397.97,394.57509
2021-12-09T03:00:00.000000000,401.68,395.55527
2021-12-09T04:00:00.000000000,402.65,397.29289
2021-12-09T05:00:00.000000000,398.81,399.08466
2021-12-09T06:00:00.000000000,399.06,399.65491
2021-12-09T07:00:00.000000000,405.22,400.49863
2021-12-09T08:00:00.000000000,407.31,401.36416
2021-12-09T09:00:00.000000000,405.45,402.48109
2021-12-09T10:00:00.000000000,403.71,402.86171
2021-12-09T11:00:00.000000000,402.55,401.46535
2021-12-09T12:00:00.000000000,401.58,398.99505
2021-12-09T13:00:00.000000000,404.28,394.98663
2021-12-09T14:00:00.000000000,410.11,390.33826
2021-12-09T15:00:00.000000000,412.61,385.76869
2021-12-09T16:00:00.000000000,409.36,382.55273
2021-12-09T17:00:00.000000000,405.98,380.20915
2021-12-09T18:00:00.000000000,402.54,377.85472
2021-12-09T19:00:00.000000000,395.16,375.41714
2021-12-09T20:00:00.000000000,387.89,373.13569
2021-12-09T21:00:00.000000000,383.68,370.43547
2021-12-09T22:00:00.000000000,381.27,366.96497
2021-12-09T23:00:00.000000000,379.28,362.86515
2021-12-10T00:00:00.000000000,416.26,396.95801
2021-12-10T01:00:00.000000000,375.22,393.28793
2021-12-10T02:00:00.000000000,373.77,389.5102
2021-12-10T03:00:00.000000000,370.77,385.52836
2021-12-10T04:00:00.000000000,377.04,381.53372
2021-12-10T05:00:00.000000000,380.87,377.73608
2021-12-10T06:00:00.000000000,379.54,373.41063
2021-12-10T07:00:00.000000000,376.16,370.35116
2021-12-10T08:00:00.000000000,373.42,368.30048
2021-12-10T09:00:00.000000000,372.94,367.47919
2021-12-10T10:00:00.000000000,377.33,366.69804
2021-12-10T11:00:00.000000000,383.29,364.90617
2021-12-10T12:00:00.000000000,395.03,362.81506
2021-12-10T13:00:00.000000000,409.69,359.87141
2021-12-10T14:00:00.000000000,426.95,356.67361
2021-12-10T15:00:00.000000000,433.86,353.63671
2021-12-10T16:00:00.000000000,429.64,352.00791
2021-12-10T17:00:00.000000000,427.52,351.77705
2021-12-10T18:00:00.000000000,428.93,352.60331
2021-12-10T19:00:00.000000000,429.76,354.46138
2021-12-10T20:00:00.000000000,428.42,357.29846
2021-12-10T21:00:00.000000000,430.23,360.17781
2021-12-10T22:00:00.000000000,432.59,361.93664
2021-12-10T23:00:00.000000000,431.51,362.25149
2021-12-08T00:00:00.000000000,333.33,227.60324
2021-12-08T01:00:00.000000000,187.13,221.95251
2021-12-08T02:00:00.000000000,187.13,221.13523
2021-12-08T03:00:00.000000000,190.36,224.38569
2021-12-08T04:00:00.000000000,196.62,231.40112
2021-12-08T05:00:00.000000000,212.31,240.95658
2021-12-08T06:00:00.000000000,252.89,251.34009
2021-12-08T07:00:00.000000000,276.24,264.06149
2021-12-08T08:00:00.000000000,288.73,278.42442
2021-12-08T09:00:00.000000000,294.47,293.73372
2021-12-08T10:00:00.000000000,301.57,308.13536
2021-12-08T11:00:00.000000000,308.8,320.26235
2021-12-08T12:00:00.000000000,317.7,330.3827
2021-12-08T13:00:00.000000000,328.6,338.0398
2021-12-08T14:00:00.000000000,340.26,344.288
2021-12-08T15:00:00.000000000,350.09,350.62318
2021-12-08T16:00:00.000000000,354.25,357.87139
2021-12-08T17:00:00.000000000,354.97,364.50579
2021-12-08T18:00:00.000000000,358.89,368.56412
2021-12-08T19:00:00.000000000,360.82,370.4564
2021-12-08T20:00:00.000000000,366.7,370.59371
2021-12-08T21:00:00.000000000,376.11,368.20478
2021-12-08T22:00:00.000000000,379.74,362.88721
2021-12-08T23:00:00.000000000,385.06,354.64405
2021-12-09T00:00:00.000000000,381.13,377.61703
2021-12-09T01:00:00.000000000,391.18,371.88717
2021-12-09T02:00:00.000000000,397.97,368.94733
2021-12-09T03:00:00.000000000,401.68,368.72646
2021-12-09T04:00:00.000000000,402.65,370.81989
2021-12-09T05:00:00.000000000,398.81,374.38063
2021-12-09T06:00:00.000000000,399.06,377.57544
2021-12-09T07:00:00.000000000,405.22,381.34096
2021-12-09T08:00:00.000000000,407.31,384.94055
2021-12-09T09:00:00.000000000,405.45,388.35464
2021-12-09T10:00:00.000000000,403.71,390.58458
2021-12-09T11:00:00.000000000,402.55,390.64529
2021-12-09T12:00:00.000000000,401.58,389.19628
2021-12-09T13:00:00.000000000,404.28,385.69995
2021-12-09T14:00:00.000000000,410.11,381.27086
2021-12-09T15:00:00.000000000,412.61,377.14776
2021-12-09T16:00:00.000000000,409.36,374.80348
2021-12-09T17:00:00.000000000,405.98,373.34389
2021-12-09T18:00:00.000000000,402.54,371.04294
2021-12-09T19:00:00.000000000,395.16,367.37421
2021-12-09T20:00:00.000000000,387.89,362.61673
2021-12-09T21:00:00.000000000,383.68,356.47933
2021-12-09T22:00:00.000000000,381.27,349.16944
2021-12-09T23:00:00.000000000,379.28,341.3957
2021-12-10T00:00:00.000000000,416.26,379.63141
2021-12-10T01:00:00.000000000,375.22,374.30464
2021-12-10T02:00:00.000000000,373.77,372.11376
2021-12-10T03:00:00.000000000,370.77,372.63273
2021-12-10T04:00:00.000000000,377.04,375.3348
2021-12-10T05:00:00.000000000,380.87,379.39857
2021-12-10T06:00:00.000000000,379.54,383.06776
2021-12-10T07:00:00.000000000,376.16,387.64287
2021-12-10T08:00:00.000000000,373.42,392.71153
2021-12-10T09:00:00.000000000,372.94,398.37426
2021-12-10T10:00:00.000000000,377.33,403.44755
2021-12-10T11:00:00.000000000,383.29,406.6206
2021-12-10T12:00:00.000000000,395.03,408.42018
2021-12-10T13:00:00.000000000,409.69,408.08006
2021-12-10T14:00:00.000000000,426.95,406.37041
2021-12-10T15:00:00.000000000,433.86,404.33974
2021-12-10T16:00:00.000000000,429.64,403.63182
2021-12-10T17:00:00.000000000,427.52,403.8195
2021-12-10T18:00:00.000000000,428.93,403.66501
2021-12-10T19:00:00.000000000,429.76,403.00611
2021-12-10T20:00:00.000000000,428.42,401.91847
2021-12-10T21:00:00.000000000,430.23,399.54123
2021-12-10T22:00:00.000000000,432.59,395.31185
2021-12-10T23:00:00.000000000,431.51,389.2131
2021-12-11T00:00:00.000000000,328.54,423.44717
2021-12-11T01:00:00.000000000,429.13,417.64147
2021-12-11T02:00:00.000000000,424.9,414.58175
2021-12-11T03:00:00.000000000,423.25,413.71516
2021-12-11T04:00:00.000000000,423.56,413.99609
2021-12-11T05:00:00.000000000,422.67,414.36763
2021-12-11T06:00:00.000000000,421.07,413.19418
2021-12-11T07:00:00.000000000,414.82,412.14353
2021-12-11T08:00:00.000000000,407.62,411.35906
2021-12-11T09:00:00.000000000,393.01,411.55355
2021-12-11T10:00:00.000000000,376.12,412.10235
2021-12-11T11:00:00.000000000,365.53,411.90402
2021-12-11T12:00:00.000000000,359.2,411.37849
2021-12-11T13:00:00.000000000,361.78,409.70474
2021-12-11T14:00:00.000000000,369.24,407.74532
2021-12-11T15:00:00.000000000,375.91,406.53808
2021-12-11T16:00:00.000000000,376.64,407.59116
2021-12-11T17:00:00.000000000,375.17,409.97516
2021-12-11T18:00:00.000000000,370.85,411.87174
2021-12-11T19:00:00.000000000,366.98,412.47505
2021-12-11T20:00:00.000000000,358.78,411.73128
2021-12-11T21:00:00.000000000,347.75,409.06858
2021-12-11T22:00:00.000000000,333.04,404.28924
2021-12-11T23:00:00.000000000,316.06,397.86512
2021-12-09T00:00:00.000000000,381.13,390.83006
2021-12-09T01:00:00.000000000,391.18,383.28699
2021-12-09T02:00:00.000000000,397.97,378.50112
2021-12-09T03:00:00.000000000,401.68,376.91533
2021-12-09T04:00:00.000000000,402.65,378.17099
2021-12-09T05:00:00.000000000,398.81,381.38791
2021-12-09T06:00:00.000000000,399.06,384.87867
2021-12-09T07:00:00.000000000,405.22,389.46497
2021-12-09T08:00:00.000000000,407.31,393.98609
2021-12-09T09:00:00.000000000,405.45,398.06077
2021-12-09T10:00:00.000000000,403.71,400.294
2021-12-09T11:00:00.000000000,402.55,399.38807
2021-12-09T12:00:00.000000000,401.58,396.02863
2021-12-09T13:00:00.000000000,404.28,390.23451
2021-12-09T14:00:00.000000000,410.11,383.79989
2021-12-09T15:00:00.000000000,412.61,378.22837
2021-12-09T16:00:00.000000000,409.36,374.92538
2021-12-09T17:00:00.000000000,405.98,372.85158
2021-12-09T18:00:00.000000000,402.54,370.12136
2021-12-09T19:00:00.000000000,395.16,366.05085
2021-12-09T20:00:00.000000000,387.89,361.06038
2021-12-09T21:00:00.000000000,383.68,354.91817
2021-12-09T22:00:00.000000000,381.27,347.58344
2021-12-09T23:00:00.000000000,379.28,339.36396
2021-12-10T00:00:00.000000000,416.26,368.79481
2021-12-10T01:00:00.000000000,375.22,364.42107
2021-12-10T02:00:00.000000000,373.77,362.23181
2021-12-10T03:00:00.000000000,370.77,361.97099
2021-12-10T04:00:00.000000000,377.04,363.33406
2021-12-10T05:00:00.000000000,380.87,365.61602
2021-12-10T06:00:00.000000000,379.54,367.23495
2021-12-10T07:00:00.000000000,376.16,369.636
2021-12-10T08:00:00.000000000,373.42,372.61113
2021-12-10T09:00:00.000000000,372.94,376.44176
2021-12-10T10:00:00.000000000,377.33,379.96731
2021-12-10T11:00:00.000000000,383.29,381.90782
2021-12-10T12:00:00.000000000,395.03,382.67909
2021-12-10T13:00:00.000000000,409.69,381.47491
2021-12-10T14:00:00.000000000,426.95,379.07638
2021-12-10T15:00:00.000000000,433.86,376.42345
2021-12-10T16:00:00.000000000,429.64,374.91468
2021-12-10T17:00:00.000000000,427.52,374.01809
2021-12-10T18:00:00.000000000,428.93,372.6127
2021-12-10T19:00:00.000000000,429.76,370.73353
2021-12-10T20:00:00.000000000,428.42,368.8153
2021-12-10T21:00:00.000000000,430.23,366.34506
2021-12-10T22:00:00.000000000,432.59,362.84167
2021-12-10T23:00:00.000000000,431.51,358.30889
2021-12-11T00:00:00.000000000,328.54,394.78299
2021-12-11T01:00:00.000000000,429.13,390.50413
2021-12-11T02:00:00.000000000,424.9,389.05773
2021-12-11T03:00:00.000000000,423.25,389.86492
2021-12-11T04:00:00.000000000,423.56,392.14179
2021-12-11T05:00:00.000000000,422.67,395.13791
2021-12-11T06:00:00.000000000,421.07,397.4016
2021-12-11T07:00:00.000000000,414.82,400.33048
2021-12-11T08:00:00.000000000,407.62,403.47269
2021-12-11T09:00:00.000000000,393.01,406.81152
2021-12-11T10:00:00.000000000,376.12,409.14205
2021-12-11T11:00:00.000000000,365.53,409.32297
2021-12-11T12:00:00.000000000,359.2,408.14599
2021-12-11T13:00:00.000000000,361.78,405.19398
2021-12-11T14:00:00.000000000,369.24,401.41829
2021-12-11T15:00:00.000000000,375.91,397.70638
2021-12-11T16:00:00.000000000,376.64,395.52347
2021-12-11T17:00:00.000000000,375.17,394.44587
2021-12-11T18:00:00.000000000,370.85,393.44647
2021-12-11T19:00:00.000000000,366.98,392.3682
2021-12-11T20:00:00.000000000,358.78,391.23634
2021-12-11T21:00:00.000000000,347.75,389.14855
2021-12-11T22:00:00.000000000,333.04,385.51275
2021-12-11T23:00:00.000000000,316.06,380.39483
2021-12-12T00:00:00.000000000,329.45,388.46681
2021-12-12T01:00:00.000000000,279.24,388.74353
2021-12-12T02:00:00.000000000,272.29,392.57242
2021-12-12T03:00:00.000000000,266.44,397.29203
2021-12-12T04:00:00.000000000,258.11,401.45009
2021-12-12T05:00:00.000000000,253.58,404.66238
2021-12-12T06:00:00.000000000,243.04,405.73013
2021-12-12T07:00:00.000000000,235.68,406.09786
2021-12-12T08:00:00.000000000,236.44,405.53383
2021-12-12T09:00:00.000000000,246.4,404.80926
2021-12-12T10:00:00.000000000,251.67,404.43346
2021-12-12T11:00:00.000000000,256.54,405.22338
2021-12-12T12:00:00.000000000,269.31,409.05477
2021-12-12T13:00:00.000000000,287.0,414.65119
2021-12-12T14:00:00.000000000,306.15,420.34318
2021-12-12T15:00:00.000000000,321.04,424.76926
2021-12-12T16:00:00.000000000,325.16,428.64819
2021-12-12T17:00:00.000000000,330.48,432.02871
2021-12-12T18:00:00.000000000,335.24,434.77079
2021-12-12T19:00:00.000000000,341.98,436.98482
2021-12-12T20:00:00.000000000,345.48,438.02571
2021-12-12T21:00:00.000000000,349.37,436.79226
2021-12-12T22:00:00.000000000,351.11,433.41131
2021-12-12T23:00:00.000000000,349.44,428.92644
2021-12-10T00:00:00.000000000,416.26,383.9605
2021-12-10T01:00:00.000000000,375.22,380.8047
2021-12-10T02:00:00.000000000,373.77,379.76597
2021-12-10T03:00:00.000000000,370.77,379.99321
2021-12-10T04:00:00.000000000,377.04,380.64288
2021-12-10T05:00:00.000000000,380.87,381.08125
2021-12-10T06:00:00.000000000,379.54,379.94955
2021-12-10T07:00:00.000000000,376.16,379.41653
2021-12-10T08:00:00.000000000,373.42,380.36847
2021-12-10T09:00:00.000000000,372.94,384.10232
2021-12-10T10:00:00.000000000,377.33,390.08956
2021-12-10T11:00:00.000000000,383.29,396.89279
2021-12-10T12:00:00.000000000,395.03,404.14262
2021-12-10T13:00:00.000000000,409.69,409.87268
2021-12-10T14:00:00.000000000,426.95,413.59196
2021-12-10T15:00:00.000000000,433.86,415.37452
2021-12-10T16:00:00.000000000,429.64,416.36117
2021-12-10T17:00:00.000000000,427.52,416.31482
2021-12-10T18:00:00.000000000,428.93,414.92038
2021-12-10T19:00:00.000000000,429.76,412.92446
2021-12-10T20:00:00.000000000,428.42,411.10869
2021-12-10T21:00:00.000000000,430.23,409.204
2021-12-10T22:00:00.000000000,432.59,406.82293
2021-12-10T23:00:00.000000000,431.51,403.40834
2021-12-11T00:00:00.000000000,328.54,431.34072
2021-12-11T01:00:00.000000000,429.13,423.97826
2021-12-11T02:00:00.000000000,424.9,419.31535
2021-12-11T03:00:00.000000000,423.25,416.78161
2021-12-11T04:00:00.000000000,423.56,416.10746
2021-12-11T05:00:00.000000000,422.67,417.6017
2021-12-11T06:00:00.000000000,421.07,420.76236
2021-12-11T07:00:00.000000000,414.82,426.63368
2021-12-11T08:00:00.000000000,407.62,433.35158
2021-12-11T09:00:00.000000000,393.01,439.5052
2021-12-11T10:00:00.000000000,376.12,443.23617
2021-12-11T11:00:00.000000000,365.53,443.26354
2021-12-11T12:00:00.000000000,359.2,440.65545
2021-12-11T13:00:00.000000000,361.78,435.51542
2021-12-11T14:00:00.000000000,369.24,429.31531
2021-12-11T15:00:00.000000000,375.91,423.62795
2021-12-11T16:00:00.000000000,376.64,420.82793
2021-12-11T17:00:00.000000000,375.17,420.77913
2021-12-11T18:00:00.000000000,370.85,421.93165
2021-12-11T19:00:00.000000000,366.98,422.84823
2021-12-11T20:00:00.000000000,358.78,422.24415
2021-12-11T21:00:00.000000000,347.75,418.51969
2021-12-11T22:00:00.000000000,333.04,411.618
2021-12-11T23:00:00.000000000,316.06,402.69176
2021-12-12T00:00:00.000000000,329.45,381.93297
2021-12-12T01:00:00.000000000,279.24,376.30275
2021-12-12T02:00:00.000000000,272.29,372.68368
2021-12-12T03:00:00.000000000,266.44,370.66879
2021-12-12T04:00:00.000000000,258.11,370.17979
2021-12-12T05:00:00.000000000,253.58,370.93194
2021-12-12T06:00:00.000000000,243.04,371.51873
2021-12-12T07:00:00.000000000,235.68,373.76059
2021-12-12T08:00:00.000000000,236.44,377.58991
2021-12-12T09:00:00.000000000,246.4,383.25258
2021-12-12T10:00:00.000000000,251.67,389.46494
2021-12-12T11:00:00.000000000,256.54,394.80712
2021-12-12T12:00:00.000000000,269.31,399.71654
2021-12-12T13:00:00.000000000,287.0,403.19736
2021-12-12T14:00:00.000000000,306.15,405.66041
2021-12-12T15:00:00.000000000,321.04,407.94027
2021-12-12T16:00:00.000000000,325.16,411.59422
2021-12-12T17:00:00.000000000,330.48,416.27819
2021-12-12T18:00:00.000000000,335.24,420.98654
2021-12-12T19:00:00.000000000,341.98,425.71195
2021-12-12T20:00:00.000000000,345.48,430.29174
2021-12-12T21:00:00.000000000,349.37,433.38566
2021-12-12T22:00:00.000000000,351.11,433.69925
2021-12-12T23:00:00.000000000,349.44,430.66533
2021-12-13T00:00:00.000000000,344.02,436.76615
2021-12-13T01:00:00.000000000,342.73,438.2205
2021-12-13T02:00:00.000000000,342.16,442.45103
2021-12-13T03:00:00.000000000,344.97,446.15134
2021-12-13T04:00:00.000000000,351.77,447.95436
2021-12-13T05:00:00.000000000,357.71,448.71442
2021-12-13T06:00:00.000000000,365.61,448.32656
2021-12-13T07:00:00.000000000,371.18,448.19501
2021-12-13T08:00:00.000000000,368.69,447.22091
2021-12-13T09:00:00.000000000,361.21,445.21847
2021-12-13T10:00:00.000000000,352.9,442.45276
2021-12-13T11:00:00.000000000,347.29,439.88552
2021-12-13T12:00:00.000000000,348.88,439.93086
2021-12-13T13:00:00.000000000,358.61,441.84185
2021-12-13T14:00:00.000000000,368.23,444.09107
2021-12-13T15:00:00.000000000,376.6,445.30635
2021-12-13T16:00:00.000000000,375.53,446.55268
2021-12-13T17:00:00.000000000,371.83,448.18064
2021-12-13T18:00:00.000000000,369.58,450.44471
2021-12-13T19:00:00.000000000,365.08,452.84311
2021-12-13T20:00:00.000000000,358.99,453.72659
2021-12-13T21:00:00.000000000,361.39,451.57576
2021-12-13T22:00:00.000000000,359.64,447.31315
2021-12-13T23:00:00.000000000,351.17,442.92486
2021-12-11T00:00:00.000000000,328.54,437.10579
2021-12-11T01:00:00.000000000,429.13,429.93049
2021-12-11T02:00:00.000000000,424.9,426.06616
2021-12-11T03:00:00.000000000,423.25,425.74817
2021-12-11T04:00:00.000000000,423.56,427.83852
2021-12-11T05:00:00.000000000,422.67,430.79905
2021-12-11T06:00:00.000000000,421.07,432.63119
2021-12-11T07:00:00.000000000,414.82,434.13429
2021-12-11T08:00:00.000000000,407.62,434.49422
2021-12-11T09:00:00.000000000,393.01,433.78333
2021-12-11T10:00:00.000000000,376.12,431.32569
2021-12-11T11:00:00.000000000,365.53,426.41582
2021-12-11T12:00:00.000000000,359.2,420.12443
2021-12-11T13:00:00.000000000,361.78,412.6809
2021-12-11T14:00:00.000000000,369.24,405.73383
2021-12-11T15:00:00.000000000,375.91,400.42496
2021-12-11T16:00:00.000000000,376.64,397.84314
2021-12-11T17:00:00.000000000,375.17,396.37758
2021-12-11T18:00:00.000000000,370.85,393.75217
2021-12-11T19:00:00.000000000,366.98,388.92724
2021-12-11T20:00:00.000000000,358.78,382.3545
2021-12-11T21:00:00.000000000,347.75,374.05207
2021-12-11T22:00:00.000000000,333.04,364.52446
2021-12-11T23:00:00.000000000,316.06,354.76199
2021-12-12T00:00:00.000000000,329.45,348.10068
2021-12-12T01:00:00.000000000,279.24,342.3502
2021-12-12T02:00:00.000000000,272.29,339.62002
2021-12-12T03:00:00.000000000,266.44,339.63546
2021-12-12T04:00:00.000000000,258.11,342.31949
2021-12-12T05:00:00.000000000,253.58,346.83353
2021-12-12T06:00:00.000000000,243.04,351.12336
2021-12-12T07:00:00.000000000,235.68,356.45373
2021-12-12T08:00:00.000000000,236.44,362.5164
2021-12-12T09:00:00.000000000,246.4,369.55717
2021-12-12T10:00:00.000000000,251.67,376.52102
2021-12-12T11:00:00.000000000,256.54,382.2843
2021-12-12T12:00:00.000000000,269.31,387.41132
2021-12-12T13:00:00.000000000,287.0,390.9349
2021-12-12T14:00:00.000000000,306.15,393.29054
2021-12-12T15:00:00.000000000,321.04,395.35961
2021-12-12T16:00:00.000000000,325.16,398.4461
2021-12-12T17:00:00.000000000,330.48,401.78121
2021-12-12T18:00:00.000000000,335.24,403.93331
2021-12-12T19:00:00.000000000,341.98,404.99535
2021-12-12T20:00:00.000000000,345.48,405.27205
2021-12-12T21:00:00.000000000,349.37,403.97272
2021-12-12T22:00:00.000000000,351.11,400.46428
2021-12-12T23:00:00.000000000,349.44,394.65746
2021-12-13T00:00:00.000000000,344.02,411.41269
2021-12-13T01:00:00.000000000,342.73,415.67859
2021-12-13T02:00:00.000000000,342.16,423.26548
2021-12-13T03:00:00.000000000,344.97,430.38124
2021-12-13T04:00:00.000000000,351.77,435.16384
2021-12-13T05:00:00.000000000,357.71,438.00122
2021-12-13T06:00:00.000000000,365.61,438.64757
2021-12-13T07:00:00.000000000,371.18,438.67062
2021-12-13T08:00:00.000000000,368.69,437.48093
2021-12-13T09:00:00.000000000,361.21,435.39878
2021-12-13T10:00:00.000000000,352.9,432.98465
2021-12-13T11:00:00.000000000,347.29,431.4033
2021-12-13T12:00:00.000000000,348.88,433.14111
2021-12-13T13:00:00.000000000,358.61,437.34018
2021-12-13T14:00:00.000000000,368.23,442.00449
2021-12-13T15:00:00.000000000,376.6,445.06643
2021-12-13T16:00:00.000000000,375.53,446.96829
2021-12-13T17:00:00.000000000,371.83,447.96769
2021-12-13T18:00:00.000000000,369.58,448.78864
2021-12-13T19:00:00.000000000,365.08,449.70613
2021-12-13T20:00:00.000000000,358.99,449.66449
2021-12-13T21:00:00.000000000,361.39,447.45608
2021-12-13T22:00:00.000000000,359.64,444.00131
2021-12-13T23:00:00.000000000,351.17,441.02386
2021-12-14T00:00:00.000000000,334.28,454.85283
2021-12-14T01:00:00.000000000,337.24,454.30181
2021-12-14T02:00:00.000000000,344.07,456.19456
2021-12-14T03:00:00.000000000,346.66,457.55495
2021-12-14T04:00:00.000000000,350.79,457.34025
2021-12-14T05:00:00.000000000,356.03,456.70602
2021-12-14T06:00:00.000000000,362.79,455.63604
2021-12-14T07:00:00.000000000,367.47,455.41679
2021-12-14T08:00:00.000000000,374.86,454.59037
2021-12-14T09:00:00.000000000,374.87,452.62287
2021-12-14T10:00:00.000000000,379.03,449.57428
2021-12-14T11:00:00.000000000,387.14,446.24686
2021-12-14T12:00:00.000000000,398.05,445.00202
2021-12-14T13:00:00.000000000,406.17,445.19626
2021-12-14T14:00:00.000000000,414.39,445.67413
2021-12-14T15:00:00.000000000,415.06,445.58356
2021-12-14T16:00:00.000000000,409.04,446.4286
2021-12-14T17:00:00.000000000,402.6,448.59112
2021-12-14T18:00:00.000000000,397.65,451.93544
2021-12-14T19:00:00.000000000,394.08,455.37942
2021-12-14T20:00:00.000000000,387.3,456.86044
2021-12-14T21:00:00.000000000,373.67,454.66376
2021-12-14T22:00:00.000000000,359.34,449.7337
2021-12-14T23:00:00.000000000,342.98,444.25514
2021-12-12T00:00:00.000000000,329.45,310.10129
2021-12-12T01:00:00.000000000,279.24,307.92815
2021-12-12T02:00:00.000000000,272.29,307.71527
2021-12-12T03:00:00.000000000,266.44,308.19015
2021-12-12T04:00:00.000000000,258.11,308.89572
2021-12-12T05:00:00.000000000,253.58,309.09565
2021-12-12T06:00:00.000000000,243.04,307.3736
2021-12-12T07:00:00.000000000,235.68,306.04911
2021-12-12T08:00:00.000000000,236.44,306.07746
2021-12-12T09:00:00.000000000,246.4,308.9536
2021-12-12T10:00:00.000000000,251.67,314.75242
2021-12-12T11:00:00.000000000,256.54,323.30193
2021-12-12T12:00:00.000000000,269.31,335.1435
2021-12-12T13:00:00.000000000,287.0,348.3832
2021-12-12T14:00:00.000000000,306.15,361.46398
2021-12-12T15:00:00.000000000,321.04,372.93534
2021-12-12T16:00:00.000000000,325.16,382.03107
2021-12-12T17:00:00.000000000,330.48,387.37474
2021-12-12T18:00:00.000000000,335.24,388.43981
2021-12-12T19:00:00.000000000,341.98,386.88157
2021-12-12T20:00:00.000000000,345.48,384.57326
2021-12-12T21:00:00.000000000,349.37,382.0296
2021-12-12T22:00:00.000000000,351.11,379.22068
2021-12-12T23:00:00.000000000,349.44,375.99248
2021-12-13T00:00:00.000000000,344.02,389.40172
2021-12-13T01:00:00.000000000,342.73,391.84269
2021-12-13T02:00:00.000000000,342.16,399.13697
2021-12-13T03:00:00.000000000,344.97,408.03624
2021-12-13T04:00:00.000000000,351.77,416.464
2021-12-13T05:00:00.000000000,357.71,423.66817
2021-12-13T06:00:00.000000000,365.61,428.24659
2021-12-13T07:00:00.000000000,371.18,430.85306
2021-12-13T08:00:00.000000000,368.69,430.67267
2021-12-13T09:00:00.000000000,361.21,428.43005
2021-12-13T10:00:00.000000000,352.9,425.21045
2021-12-13T11:00:00.000000000,347.29,422.41114
2021-12-13T12:00:00.000000000,348.88,422.60504
2021-12-13T13:00:00.000000000,358.61,425.31541
2021-12-13T14:00:00.000000000,368.23,429.20759
2021-12-13T15:00:00.000000000,376.6,432.77695
2021-12-13T16:00:00.000000000,375.53,436.37159
2021-12-13T17:00:00.000000000,371.83,439.39632
2021-12-13T18:00:00.000000000,369.58,441.18442
2021-12-13T19:00:00.000000000,365.08,441.28725
2021-12-13T20:00:00.000000000,358.99,438.90995
2021-12-13T21:00:00.000000000,361.39,433.51306
2021-12-13T22:00:00.000000000,359.64,426.55096
2021-12-13T23:00:00.000000000,351.17,420.14586
2021-12-14T00:00:00.000000000,334.28,445.28475
2021-12-14T01:00:00.000000000,337.24,444.991
2021-12-14T02:00:00.000000000,344.07,447.54305
2021-12-14T03:00:00.000000000,346.66,449.96254
2021-12-14T04:00:00.000000000,350.79,451.07199
2021-12-14T05:00:00.000000000,356.03,451.74844
2021-12-14T06:00:00.000000000,362.79,451.72693
2021-12-14T07:00:00.000000000,367.47,452.07708
2021-12-14T08:00:00.000000000,374.86,451.35797
2021-12-14T09:00:00.000000000,374.87,449.25421
2021-12-14T10:00:00.000000000,379.03,446.07221
2021-12-14T11:00:00.000000000,387.14,442.76154
2021-12-14T12:00:00.000000000,398.05,441.72161
2021-12-14T13:00:00.000000000,406.17,442.33664
2021-12-14T14:00:00.000000000,414.39,443.38663
2021-12-14T15:00:00.000000000,415.06,443.8985
2021-12-14T16:00:00.000000000,409.04,445.23997
2021-12-14T17:00:00.000000000,402.6,447.72653
2021-12-14T18:00:00.000000000,397.65,451.16905
2021-12-14T19:00:00.000000000,394.08,454.47449
2021-12-14T20:00:00.000000000,387.3,455.64904
2021-12-14T21:00:00.000000000,373.67,453.14076
2021-12-14T22:00:00.000000000,359.34,447.98732
2021-12-14T23:00:00.000000000,342.98,442.36087
2021-12-15T00:00:00.000000000,323.11,465.42234
2021-12-15T01:00:00.000000000,326.27,463.8284
2021-12-15T02:00:00.000000000,321.85,464.5552
2021-12-15T03:00:00.000000000,320.6,464.75682
2021-12-15T04:00:00.000000000,322.13,463.50918
2021-12-15T05:00:00.000000000,325.28,462.13596
2021-12-15T06:00:00.000000000,325.77,460.6975
2021-12-15T07:00:00.000000000,325.98,460.41424
2021-12-15T08:00:00.000000000,325.91,459.64054
2021-12-15T09:00:00.000000000,322.28,457.68594
2021-12-15T10:00:00.000000000,317.77,454.53211
2021-12-15T11:00:00.000000000,312.98,450.88241
2021-12-15T12:00:00.000000000,315.2,449.04435
2021-12-15T13:00:00.000000000,320.67,448.42555
2021-12-15T14:00:00.000000000,327.69,448.05122
2021-12-15T15:00:00.000000000,333.3,447.31431
2021-12-15T16:00:00.000000000,335.01,447.94993
2021-12-15T17:00:00.000000000,336.56,450.38731
2021-12-15T18:00:00.000000000,336.77,454.32037
2021-12-15T19:00:00.000000000,336.5,458.33517
2021-12-15T20:00:00.000000000,331.53,460.11292
2021-12-15T21:00:00.000000000,326.04,457.85199
2021-12-15T22:00:00.000000000,326.49,452.54475
2021-12-15T23:00:00.000000000,325.29,446.47302
2021-12-13T00:00:00.000000000,344.02,351.72445
2021-12-13T01:00:00.000000000,342.73,345.20944
2021-12-13T02:00:00.000000000,342.16,341.85639
2021-12-13T03:00:00.000000000,344.97,341.94354
2021-12-13T04:00:00.000000000,351.77,345.5257
2021-12-13T05:00:00.000000000,357.71,351.46675
2021-12-13T06:00:00.000000000,365.61,357.4639
2021-12-13T07:00:00.000000000,371.18,364.46516
2021-12-13T08:00:00.000000000,368.69,371.86179
2021-12-13T09:00:00.000000000,361.21,379.65145
2021-12-13T10:00:00.000000000,352.9,386.68554
2021-12-13T11:00:00.000000000,347.29,391.65597
2021-12-13T12:00:00.000000000,348.88,394.68954
2021-12-13T13:00:00.000000000,358.61,394.44119
2021-12-13T14:00:00.000000000,368.23,391.64348
2021-12-13T15:00:00.000000000,376.6,387.86627
2021-12-13T16:00:00.000000000,375.53,384.9295
2021-12-13T17:00:00.000000000,371.83,381.9741
2021-12-13T18:00:00.000000000,369.58,377.07437
2021-12-13T19:00:00.000000000,365.08,370.19115
2021-12-13T20:00:00.000000000,358.99,362.30158
2021-12-13T21:00:00.000000000,361.39,353.32477
2021-12-13T22:00:00.000000000,359.64,343.57204
2021-12-13T23:00:00.000000000,351.17,333.72606
2021-12-14T00:00:00.000000000,334.28,379.24094
2021-12-14T01:00:00.000000000,337.24,369.77832
2021-12-14T02:00:00.000000000,344.07,364.99916
2021-12-14T03:00:00.000000000,346.66,363.93387
2021-12-14T04:00:00.000000000,350.79,367.12921
2021-12-14T05:00:00.000000000,356.03,374.8588
2021-12-14T06:00:00.000000000,362.79,385.47369
2021-12-14T07:00:00.000000000,367.47,398.47471
2021-12-14T08:00:00.000000000,374.86,410.21273
2021-12-14T09:00:00.000000000,374.87,418.42356
2021-12-14T10:00:00.000000000,379.03,421.88566
2021-12-14T11:00:00.000000000,387.14,420.97733
2021-12-14T12:00:00.000000000,398.05,418.49386
2021-12-14T13:00:00.000000000,406.17,414.9034
2021-12-14T14:00:00.000000000,414.39,411.25949
2021-12-14T15:00:00.000000000,415.06,409.43818
2021-12-14T16:00:00.000000000,409.04,412.41614
2021-12-14T17:00:00.000000000,402.6,419.89658
2021-12-14T18:00:00.000000000,397.65,428.66699
2021-12-14T19:00:00.000000000,394.08,435.80004
2021-12-14T20:00:00.000000000,387.3,438.69498
2021-12-14T21:00:00.000000000,373.67,435.03697
2021-12-14T22:00:00.000000000,359.34,425.12773
2021-12-14T23:00:00.000000000,342.98,411.54145
2021-12-15T00:00:00.000000000,323.11,420.21123
2021-12-15T01:00:00.000000000,326.27,418.1976
2021-12-15T02:00:00.000000000,321.85,420.54763
2021-12-15T03:00:00.000000000,320.6,425.16572
2021-12-15T04:00:00.000000000,322.13,430.09237
2021-12-15T05:00:00.000000000,325.28,434.22629
2021-12-15T06:00:00.000000000,325.77,436.07396
2021-12-15T07:00:00.000000000,325.98,436.6383
2021-12-15T08:00:00.000000000,325.91,435.68793
2021-12-15T09:00:00.000000000,322.28,434.32232
2021-12-15T10:00:00.000000000,317.77,433.2659
2021-12-15T11:00:00.000000000,312.98,432.43954
2021-12-15T12:00:00.000000000,315.2,432.75128
2021-12-15T13:00:00.000000000,320.67,433.20807
2021-12-15T14:00:00.000000000,327.69,433.6655
2021-12-15T15:00:00.000000000,333.3,434.17696
2021-12-15T16:00:00.000000000,335.01,435.72944
2021-12-15T17:00:00.000000000,336.56,437.12386
2021-12-15T18:00:00.000000000,336.77,436.47457
2021-12-15T19:00:00.000000000,336.5,432.70673
2021-12-15T20:00:00.000000000,331.53,425.65705
2021-12-15T21:00:00.000000000,326.04,415.67884
2021-12-15T22:00:00.000000000,326.49,404.74983
2021-12-15T23:00:00.000000000,325.29,394.97423
2021-12-16T00:00:00.000000000,356.46,429.52487
2021-12-16T01:00:00.000000000,325.15,430.83335
2021-12-16T02:00:00.000000000,333.65,434.71929
2021-12-16T03:00:00.000000000,342.24,438.15159
2021-12-16T04:00:00.000000000,352.97,440.08257
2021-12-16T05:00:00.000000000,361.8,441.19198
2021-12-16T06:00:00.000000000,371.4,441.11665
2021-12-16T07:00:00.000000000,380.99,441.27445
2021-12-16T08:00:00.000000000,388.86,440.54262
2021-12-16T09:00:00.000000000,387.98,438.55412
2021-12-16T10:00:00.000000000,388.39,435.37479
2021-12-16T11:00:00.000000000,384.96,432.07303
2021-12-16T12:00:00.000000000,383.37,431.27699
2021-12-16T13:00:00.000000000,384.45,432.32208
2021-12-16T14:00:00.000000000,393.21,433.87405
2021-12-16T15:00:00.000000000,402.2,434.84987
2021-12-16T16:00:00.000000000,401.73,436.32623
2021-12-16T17:00:00.000000000,399.54,438.32596
2021-12-16T18:00:00.000000000,400.81,440.66878
2021-12-16T19:00:00.000000000,397.65,442.95946
2021-12-16T20:00:00.000000000,392.36,443.85074
2021-12-16T21:00:00.000000000,388.5,441.75095
2021-12-16T22:00:00.000000000,384.14,437.35153
2021-12-16T23:00:00.000000000,378.38,432.74847
2021-12-14T00:00:00.000000000,334.28,369.56051
2021-12-14T01:00:00.000000000,337.24,356.87986
2021-12-14T02:00:00.000000000,344.07,347.95127
2021-12-14T03:00:00.000000000,346.66,342.95023
2021-12-14T04:00:00.000000000,350.79,342.94286
2021-12-14T05:00:00.000000000,356.03,348.19071
2021-12-14T06:00:00.000000000,362.79,357.29562
2021-12-14T07:00:00.000000000,367.47,370.91721
2021-12-14T08:00:00.000000000,374.86,386.48503
2021-12-14T09:00:00.000000000,374.87,401.92247
2021-12-14T10:00:00.000000000,379.03,414.94223
2021-12-14T11:00:00.000000000,387.14,423.88588
2021-12-14T12:00:00.000000000,398.05,429.03817
2021-12-14T13:00:00.000000000,406.17,429.16795
2021-12-14T14:00:00.000000000,414.39,425.4653
2021-12-14T15:00:00.000000000,415.06,421.0127
2021-12-14T16:00:00.000000000,409.04,419.58023
2021-12-14T17:00:00.000000000,402.6,421.12811
2021-12-14T18:00:00.000000000,397.65,422.72053
2021-12-14T19:00:00.000000000,394.08,422.40188
2021-12-14T20:00:00.000000000,387.3,418.8779
2021-12-14T21:00:00.000000000,373.67,410.49998
2021-12-14T22:00:00.000000000,359.34,397.5783
2021-12-14T23:00:00.000000000,342.98,381.82216
2021-12-15T00:00:00.000000000,323.11,394.41352
2021-12-15T01:00:00.000000000,326.27,386.17266
2021-12-15T02:00:00.000000000,321.85,382.34362
2021-12-15T03:00:00.000000000,320.6,382.94031
2021-12-15T04:00:00.000000000,322.13,387.32602
2021-12-15T05:00:00.000000000,325.28,393.76608
2021-12-15T06:00:00.000000000,325.77,399.21428
2021-12-15T07:00:00.000000000,325.98,403.58704
2021-12-15T08:00:00.000000000,325.91,405.56853
2021-12-15T09:00:00.000000000,322.28,405.27002
2021-12-15T10:00:00.000000000,317.77,402.57256
2021-12-15T11:00:00.000000000,312.98,397.59257
2021-12-15T12:00:00.000000000,315.2,392.26511
2021-12-15T13:00:00.000000000,320.67,386.97464
2021-12-15T14:00:00.000000000,327.69,383.28258
2021-12-15T15:00:00.000000000,333.3,382.49295
2021-12-15T16:00:00.000000000,335.01,385.7377
2021-12-15T17:00:00.000000000,336.56,391.02298
2021-12-15T18:00:00.000000000,336.77,394.94952
2021-12-15T19:00:00.000000000,336.5,395.65023
2021-12-15T20:00:00.000000000,331.53,392.8153
2021-12-15T21:00:00.000000000,326.04,386.16133
2021-12-15T22:00:00.000000000,326.49,376.33941
2021-12-15T23:00:00.000000000,325.29,365.07458
2021-12-16T00:00:00.000000000,356.46,424.16046
2021-12-16T01:00:00.000000000,325.15,426.59402
2021-12-16T02:00:00.000000000,333.65,431.92671
2021-12-16T03:00:00.000000000,342.24,436.78948
2021-12-16T04:00:00.000000000,352.97,439.75494
2021-12-16T05:00:00.000000000,361.8,441.42209
2021-12-16T06:00:00.000000000,371.4,441.52672
2021-12-16T07:00:00.000000000,380.99,441.55042
2021-12-16T08:00:00.000000000,388.86,440.59213
2021-12-16T09:00:00.000000000,387.98,438.59121
2021-12-16T10:00:00.000000000,388.39,435.84001
2021-12-16T11:00:00.000000000,384.96,433.40979
2021-12-16T12:00:00.000000000,383.37,433.80729
2021-12-16T13:00:00.000000000,384.45,436.26187
2021-12-16T14:00:00.000000000,393.21,439.1476
2021-12-16T15:00:00.000000000,402.2,440.95571
2021-12-16T16:00:00.000000000,401.73,442.5224
2021-12-16T17:00:00.000000000,399.54,444.0195
2021-12-16T18:00:00.000000000,400.81,445.69409
2021-12-16T19:00:00.000000000,397.65,447.38762
2021-12-16T20:00:00.000000000,392.36,447.81682
2021-12-16T21:00:00.000000000,388.5,445.56515
2021-12-16T22:00:00.000000000,384.14,441.47218
2021-12-16T23:00:00.000000000,378.38,437.47448
2021-12-17T00:00:00.000000000,382.87,472.40534
2021-12-17T01:00:00.000000000,370.09,470.09234
2021-12-17T02:00:00.000000000,370.05,470.08506
2021-12-17T03:00:00.000000000,375.52,469.63729
2021-12-17T04:00:00.000000000,381.69,467.76605
2021-12-17T05:00:00.000000000,394.09,465.80747
2021-12-17T06:00:00.000000000,398.25,463.92904
2021-12-17T07:00:00.000000000,401.1,463.4131
2021-12-17T08:00:00.000000000,399.53,462.64787
2021-12-17T09:00:00.000000000,392.97,460.96509
2021-12-17T10:00:00.000000000,384.35,458.28311
2021-12-17T11:00:00.000000000,382.62,455.05774
2021-12-17T12:00:00.000000000,384.83,453.30774
2021-12-17T13:00:00.000000000,389.75,452.37799
2021-12-17T14:00:00.000000000,396.2,451.46779
2021-12-17T15:00:00.000000000,407.56,450.18855
2021-12-17T16:00:00.000000000,408.65,450.39854
2021-12-17T17:00:00.000000000,405.48,452.46109
2021-12-17T18:00:00.000000000,403.35,455.9025
2021-12-17T19:00:00.000000000,395.61,459.1496
2021-12-17T20:00:00.000000000,391.04,459.9239
2021-12-17T21:00:00.000000000,390.36,456.59071
2021-12-17T22:00:00.000000000,389.56,450.33219
2021-12-17T23:00:00.000000000,390.21,443.47725
2021-12-15T00:00:00.000000000,323.11,347.94262
2021-12-15T01:00:00.000000000,326.27,341.59196
2021-12-15T02:00:00.000000000,321.85,337.3342
2021-12-15T03:00:00.000000000,320.6,335.39809
2021-12-15T04:00:00.000000000,322.13,335.99374
2021-12-15T05:00:00.000000000,325.28,338.43092
2021-12-15T06:00:00.000000000,325.77,340.83966
2021-12-15T07:00:00.000000000,325.98,344.13774
2021-12-15T08:00:00.000000000,325.91,347.59802
2021-12-15T09:00:00.000000000,322.28,351.23292
2021-12-15T10:00:00.000000000,317.77,353.92647
2021-12-15T11:00:00.000000000,312.98,354.73563
2021-12-15T12:00:00.000000000,315.2,354.34397
2021-12-15T13:00:00.000000000,320.67,352.23336
2021-12-15T14:00:00.000000000,327.69,349.44579
2021-12-15T15:00:00.000000000,333.3,347.14469
2021-12-15T16:00:00.000000000,335.01,346.66953
2021-12-15T17:00:00.000000000,336.56,347.1163
2021-12-15T18:00:00.000000000,336.77,346.75126
2021-12-15T19:00:00.000000000,336.5,345.06812
2021-12-15T20:00:00.000000000,331.53,342.31607
2021-12-15T21:00:00.000000000,326.04,338.16527
2021-12-15T22:00:00.000000000,326.49,332.54297
2021-12-15T23:00:00.000000000,325.29,326.07349
2021-12-16T00:00:00.000000000,356.46,365.44048
2021-12-16T01:00:00.000000000,325.15,360.40402
2021-12-16T02:00:00.000000000,333.65,360.87222
2021-12-16T03:00:00.000000000,342.24,365.69924
2021-12-16T04:00:00.000000000,352.97,374.12922
2021-12-16T05:00:00.000000000,361.8,384.55732
2021-12-16T06:00:00.000000000,371.4,393.99715
2021-12-16T07:00:00.000000000,380.99,402.13517
2021-12-16T08:00:00.000000000,388.86,407.51363
2021-12-16T09:00:00.000000000,387.98,410.39371
2021-12-16T10:00:00.000000000,388.39,411.17874
2021-12-16T11:00:00.000000000,384.96,410.21369
2021-12-16T12:00:00.000000000,383.37,409.4531
2021-12-16T13:00:00.000000000,384.45,408.61171
2021-12-16T14:00:00.000000000,393.21,408.23023
2021-12-16T15:00:00.000000000,402.2,409.27541
2021-12-16T16:00:00.000000000,401.73,413.23203
2021-12-16T17:00:00.000000000,399.54,418.50874
2021-12-16T18:00:00.000000000,400.81,421.78804
2021-12-16T19:00:00.000000000,397.65,421.28923
2021-12-16T20:00:00.000000000,392.36,416.51239
2021-12-16T21:00:00.000000000,388.5,407.29559
2021-12-16T22:00:00.000000000,384.14,395.18102
2021-12-16T23:00:00.000000000,378.38,382.62445
2021-12-17T00:00:00.000000000,382.87,417.29783
2021-12-17T01:00:00.000000000,370.09,419.34484
2021-12-17T02:00:00.000000000,370.05,424.97989
2021-12-17T03:00:00.000000000,375.52,430.86938
2021-12-17T04:00:00.000000000,381.69,435.34861
2021-12-17T05:00:00.000000000,394.09,438.68061
2021-12-17T06:00:00.000000000,398.25,440.28512
2021-12-17T07:00:00.000000000,401.1,441.2164
2021-12-17T08:00:00.000000000,399.53,440.46291
2021-12-17T09:00:00.000000000,392.97,438.26396
2021-12-17T10:00:00.000000000,384.35,435.3156
2021-12-17T11:00:00.000000000,382.62,432.80711
2021-12-17T12:00:00.000000000,384.83,433.20033
2021-12-17T13:00:00.000000000,389.75,435.81054
2021-12-17T14:00:00.000000000,396.2,439.06346
2021-12-17T15:00:00.000000000,407.56,441.41344
2021-12-17T16:00:00.000000000,408.65,443.61993
2021-12-17T17:00:00.000000000,405.48,445.77418
2021-12-17T18:00:00.000000000,403.35,447.89891
2021-12-17T19:00:00.000000000,395.61,449.5165
2021-12-17T20:00:00.000000000,391.04,449.26003
2021-12-17T21:00:00.000000000,390.36,446.01746
2021-12-17T22:00:00.000000000,389.56,440.94503
2021-12-17T23:00:00.000000000,390.21,436.039
2021-12-18T00:00:00.000000000,253.78,458.46702
2021-12-18T01:00:00.000000000,387.95,457.98359
2021-12-18T02:00:00.000000000,385.23,458.66009
2021-12-18T03:00:00.000000000,381.67,458.13664
2021-12-18T04:00:00.000000000,376.69,455.25699
2021-12-18T05:00:00.000000000,374.69,451.0436
2021-12-18T06:00:00.000000000,373.47,446.42758
2021-12-18T07:00:00.000000000,368.11,444.18186
2021-12-18T08:00:00.000000000,364.56,444.06248
2021-12-18T09:00:00.000000000,350.07,445.62803
2021-12-18T10:00:00.000000000,333.46,447.62187
2021-12-18T11:00:00.000000000,323.18,448.64065
2021-12-18T12:00:00.000000000,317.09,448.76595
2021-12-18T13:00:00.000000000,315.59,446.4946
2021-12-18T14:00:00.000000000,318.02,441.96689
2021-12-18T15:00:00.000000000,317.15,436.07735
2021-12-18T16:00:00.000000000,314.77,431.06346
2021-12-18T17:00:00.000000000,308.12,426.98215
2021-12-18T18:00:00.000000000,299.08,423.10409
2021-12-18T19:00:00.000000000,289.47,418.92903
2021-12-18T20:00:00.000000000,276.26,414.01928
2021-12-18T21:00:00.000000000,260.37,407.51901
2021-12-18T22:00:00.000000000,242.21,400.43728
2021-12-18T23:00:00.000000000,215.83,394.51802
2021-12-16T00:00:00.000000000,356.46,346.9222
2021-12-16T01:00:00.000000000,325.15,339.02225
2021-12-16T02:00:00.000000000,333.65,336.31689
2021-12-16T03:00:00.000000000,342.24,338.65392
2021-12-16T04:00:00.000000000,352.97,345.89773
2021-12-16T05:00:00.000000000,361.8,356.77005
2021-12-16T06:00:00.000000000,371.4,368.23065
2021-12-16T07:00:00.000000000,380.99,379.91416
2021-12-16T08:00:00.000000000,388.86,389.88546
2021-12-16T09:00:00.000000000,387.98,397.43393
2021-12-16T10:00:00.000000000,388.39,401.83059
2021-12-16T11:00:00.000000000,384.96,402.9951
2021-12-16T12:00:00.000000000,383.37,402.82389
2021-12-16T13:00:00.000000000,384.45,401.34404
2021-12-16T14:00:00.000000000,393.21,399.57641
2021-12-16T15:00:00.000000000,402.2,398.75615
2021-12-16T16:00:00.000000000,401.73,400.31932
2021-12-16T17:00:00.000000000,399.54,402.98198
2021-12-16T18:00:00.000000000,400.81,404.13387
2021-12-16T19:00:00.000000000,397.65,402.71223
2021-12-16T20:00:00.000000000,392.36,398.36955
2021-12-16T21:00:00.000000000,388.5,390.38754
2021-12-16T22:00:00.000000000,384.14,379.33447
2021-12-16T23:00:00.000000000,378.38,366.72027
2021-12-17T00:00:00.000000000,382.87,385.85654
2021-12-17T01:00:00.000000000,370.09,382.03001
2021-12-17T02:00:00.000000000,370.05,383.09493
2021-12-17T03:00:00.000000000,375.52,387.5157
2021-12-17T04:00:00.000000000,381.69,394.25781
2021-12-17T05:00:00.000000000,394.09,402.13072
2021-12-17T06:00:00.000000000,398.25,408.83969
2021-12-17T07:00:00.000000000,401.1,414.48774
2021-12-17T08:00:00.000000000,399.53,417.81943
2021-12-17T09:00:00.000000000,392.97,419.12172
2021-12-17T10:00:00.000000000,384.35,418.712
2021-12-17T11:00:00.000000000,382.62,416.94295
2021-12-17T12:00:00.000000000,384.83,415.74849
2021-12-17T13:00:00.000000000,389.75,414.85723
2021-12-17T14:00:00.000000000,396.2,414.54739
2021-12-17T15:00:00.000000000,407.56,415.33202
2021-12-17T16:00:00.000000000,408.65,418.62994
2021-12-17T17:00:00.000000000,405.48,423.27732
2021-12-17T18:00:00.000000000,403.35,426.70818
2021-12-17T19:00:00.000000000,395.61,427.32612
2021-12-17T20:00:00.000000000,391.04,424.37323
2021-12-17T21:00:00.000000000,390.36,417.37326
2021-12-17T22:00:00.000000000,389.56,407.56025
2021-12-17T23:00:00.000000000,390.21,397.13628
2021-12-18T00:00:00.000000000,253.78,415.24074
2021-12-18T01:00:00.000000000,387.95,412.87022
2021-12-18T02:00:00.000000000,385.23,413.82753
2021-12-18T03:00:00.000000000,381.67,417.92303
2021-12-18T04:00:00.000000000,376.69,423.49427
2021-12-18T05:00:00.000000000,374.69,427.70983
2021-12-18T06:00:00.000000000,373.47,427.43657
2021-12-18T07:00:00.000000000,368.11,423.62617
2021-12-18T08:00:00.000000000,364.56,416.96656
2021-12-18T09:00:00.000000000,350.07,409.39239
2021-12-18T10:00:00.000000000,333.46,401.82467
2021-12-18T11:00:00.000000000,323.18,394.19601
2021-12-18T12:00:00.000000000,317.09,387.44021
2021-12-18T13:00:00.000000000,315.59,381.05844
2021-12-18T14:00:00.000000000,318.02,376.26367
2021-12-18T15:00:00.000000000,317.15,373.92535
2021-12-18T16:00:00.000000000,314.77,374.25885
2021-12-18T17:00:00.000000000,308.12,374.18495
2021-12-18T18:00:00.000000000,299.08,370.04337
2021-12-18T19:00:00.000000000,289.47,361.0238
2021-12-18T20:00:00.000000000,276.26,349.24005
2021-12-18T21:00:00.000000000,260.37,336.53496
2021-12-18T22:00:00.000000000,242.21,324.70194
2021-12-18T23:00:00.000000000,215.83,315.52802
2021-12-19T00:00:00.000000000,296.23,294.32902
2021-12-19T01:00:00.000000000,195.97,289.88396
2021-12-19T02:00:00.000000000,185.93,288.59018
2021-12-19T03:00:00.000000000,182.16,290.28617
2021-12-19T04:00:00.000000000,188.37,294.47719
2021-12-19T05:00:00.000000000,192.45,298.61997
2021-12-19T06:00:00.000000000,201.58,299.38225
2021-12-19T07:00:00.000000000,217.39,297.5806
2021-12-19T08:00:00.000000000,229.0,293.66856
2021-12-19T09:00:00.000000000,230.12,289.01958
2021-12-19T10:00:00.000000000,223.89,284.21902
2021-12-19T11:00:00.000000000,218.86,280.41406
2021-12-19T12:00:00.000000000,217.53,279.416
2021-12-19T13:00:00.000000000,222.95,280.89989
2021-12-19T14:00:00.000000000,237.3,284.90629
2021-12-19T15:00:00.000000000,245.42,291.49207
2021-12-19T16:00:00.000000000,257.35,300.87278
2021-12-19T17:00:00.000000000,268.99,311.06174
2021-12-19T18:00:00.000000000,281.79,319.7517
2021-12-19T19:00:00.000000000,295.14,326.16737
2021-12-19T20:00:00.000000000,307.77,329.85664
2021-12-19T21:00:00.000000000,314.29,330.00162
2021-12-19T22:00:00.000000000,319.54,326.38999
2021-12-19T23:00:00.000000000,323.96,320.84687
2021-12-17T00:00:00.000000000,382.87,390.92475
2021-12-17T01:00:00.000000000,370.09,384.44323
2021-12-17T02:00:00.000000000,370.05,382.61752
2021-12-17T03:00:00.000000000,375.52,384.543
2021-12-17T04:00:00.000000000,381.69,389.29664
2021-12-17T05:00:00.000000000,394.09,395.31104
2021-12-17T06:00:00.000000000,398.25,399.9643
2021-12-17T07:00:00.000000000,401.1,403.87664
2021-12-17T08:00:00.000000000,399.53,406.31688
2021-12-17T09:00:00.000000000,392.97,407.72076
2021-12-17T10:00:00.000000000,384.35,408.16815
2021-12-17T11:00:00.000000000,382.62,407.52711
2021-12-17T12:00:00.000000000,384.83,407.18595
2021-12-17T13:00:00.000000000,389.75,406.60429
2021-12-17T14:00:00.000000000,396.2,406.53353
2021-12-17T15:00:00.000000000,407.56,408.13571
2021-12-17T16:00:00.000000000,408.65,412.79803
2021-12-17T17:00:00.000000000,405.48,418.80919
2021-12-17T18:00:00.000000000,403.35,422.97307
2021-12-17T19:00:00.000000000,395.61,423.70272
2021-12-17T20:00:00.000000000,391.04,420.64068
2021-12-17T21:00:00.000000000,390.36,413.52583
2021-12-17T22:00:00.000000000,389.56,403.32794
2021-12-17T23:00:00.000000000,390.21,391.92033
2021-12-18T00:00:00.000000000,253.78,401.59436
2021-12-18T01:00:00.000000000,387.95,402.34408
2021-12-18T02:00:00.000000000,385.23,405.05181
2021-12-18T03:00:00.000000000,381.67,409.53299
2021-12-18T04:00:00.000000000,376.69,414.5202
2021-12-18T05:00:00.000000000,374.69,417.60519
2021-12-18T06:00:00.000000000,373.47,415.92964
2021-12-18T07:00:00.000000000,368.11,410.53199
2021-12-18T08:00:00.000000000,364.56,402.32935
2021-12-18T09:00:00.000000000,350.07,393.56901
2021-12-18T10:00:00.000000000,333.46,385.45414
2021-12-18T11:00:00.000000000,323.18,377.74136
2021-12-18T12:00:00.000000000,317.09,370.82857
2021-12-18T13:00:00.000000000,315.59,363.56007
2021-12-18T14:00:00.000000000,318.02,356.91834
2021-12-18T15:00:00.000000000,317.15,351.89761
2021-12-18T16:00:00.000000000,314.77,348.86392
2021-12-18T17:00:00.000000000,308.12,345.01029
2021-12-18T18:00:00.000000000,299.08,336.84126
2021-12-18T19:00:00.000000000,289.47,323.7672
2021-12-18T20:00:00.000000000,276.26,308.48385
2021-12-18T21:00:00.000000000,260.37,293.55563
2021-12-18T22:00:00.000000000,242.21,281.33951
2021-12-18T23:00:00.000000000,215.83,273.82095
2021-12-19T00:00:00.000000000,296.23,248.29088
2021-12-19T01:00:00.000000000,195.97,245.01535
2021-12-19T02:00:00.000000000,185.93,244.91082
2021-12-19T03:00:00.000000000,182.16,247.70729
2021-12-19T04:00:00.000000000,188.37,252.79375
2021-12-19T05:00:00.000000000,192.45,258.02908
2021-12-19T06:00:00.000000000,201.58,260.78219
2021-12-19T07:00:00.000000000,217.39,261.81484
2021-12-19T08:00:00.000000000,229.0,261.35368
2021-12-19T09:00:00.000000000,230.12,260.47917
2021-12-19T10:00:00.000000000,223.89,259.16259
2021-12-19T11:00:00.000000000,218.86,258.0757
2021-12-19T12:00:00.000000000,217.53,258.45408
2021-12-19T13:00:00.000000000,222.95,259.96194
2021-12-19T14:00:00.000000000,237.3,262.78781
2021-12-19T15:00:00.000000000,245.42,266.96697
2021-12-19T16:00:00.000000000,257.35,272.90161
2021-12-19T17:00:00.000000000,268.99,279.12022
2021-12-19T18:00:00.000000000,281.79,283.77244
2021-12-19T19:00:00.000000000,295.14,286.4339
2021-12-19T20:00:00.000000000,307.77,287.0674
2021-12-19T21:00:00.000000000,314.29,285.24143
2021-12-19T22:00:00.000000000,319.54,280.89954
2021-12-19T23:00:00.000000000,323.96,275.40403
2021-12-20T00:00:00.000000000,415.28,297.05752
2021-12-20T01:00:00.000000000,332.93,295.58494
2021-12-20T02:00:00.000000000,342.21,300.10057
2021-12-20T03:00:00.000000000,352.34,309.38523
2021-12-20T04:00:00.000000000,360.8,321.84182
2021-12-20T05:00:00.000000000,367.28,334.15303
2021-12-20T06:00:00.000000000,380.47,342.21407
2021-12-20T07:00:00.000000000,392.15,346.52945
2021-12-20T08:00:00.000000000,394.79,347.55769
2021-12-20T09:00:00.000000000,381.62,346.95334
2021-12-20T10:00:00.000000000,370.3,345.61819
2021-12-20T11:00:00.000000000,363.01,344.57336
2021-12-20T12:00:00.000000000,362.9,346.25908
2021-12-20T13:00:00.000000000,379.29,350.9266
2021-12-20T14:00:00.000000000,409.08,358.903
2021-12-20T15:00:00.000000000,441.42,369.81802
2021-12-20T16:00:00.000000000,445.48,382.60492
2021-12-20T17:00:00.000000000,444.09,393.90026
2021-12-20T18:00:00.000000000,443.81,400.56086
2021-12-20T19:00:00.000000000,446.2,402.67742
2021-12-20T20:00:00.000000000,446.5,401.44222
2021-12-20T21:00:00.000000000,446.56,397.34035
2021-12-20T22:00:00.000000000,445.61,390.95653
2021-12-20T23:00:00.000000000,443.23,383.59652
2021-12-18T00:00:00.000000000,253.78,390.4883
2021-12-18T01:00:00.000000000,387.95,393.11402
2021-12-18T02:00:00.000000000,385.23,395.74004
2021-12-18T03:00:00.000000000,381.67,398.06279
2021-12-18T04:00:00.000000000,376.69,399.57659
2021-12-18T05:00:00.000000000,374.69,399.06143
2021-12-18T06:00:00.000000000,373.47,394.77433
2021-12-18T07:00:00.000000000,368.11,388.53685
2021-12-18T08:00:00.000000000,364.56,381.41523
2021-12-18T09:00:00.000000000,350.07,375.23647
2021-12-18T10:00:00.000000000,333.46,370.49075
2021-12-18T11:00:00.000000000,323.18,366.18301
2021-12-18T12:00:00.000000000,317.09,361.71895
2021-12-18T13:00:00.000000000,315.59,354.87965
2021-12-18T14:00:00.000000000,318.02,346.3631
2021-12-18T15:00:00.000000000,317.15,337.78217
2021-12-18T16:00:00.000000000,314.77,330.44881
2021-12-18T17:00:00.000000000,308.12,322.52095
2021-12-18T18:00:00.000000000,299.08,311.09361
2021-12-18T19:00:00.000000000,289.47,295.99774
2021-12-18T20:00:00.000000000,276.26,280.08226
2021-12-18T21:00:00.000000000,260.37,265.6913
2021-12-18T22:00:00.000000000,242.21,254.96404
2021-12-18T23:00:00.000000000,215.83,249.75576
2021-12-19T00:00:00.000000000,296.23,230.26956
2021-12-19T01:00:00.000000000,195.97,228.17216
2021-12-19T02:00:00.000000000,185.93,228.25807
2021-12-19T03:00:00.000000000,182.16,229.67928
2021-12-19T04:00:00.000000000,188.37,231.87159
2021-12-19T05:00:00.000000000,192.45,233.57139
2021-12-19T06:00:00.000000000,201.58,233.36112
2021-12-19T07:00:00.000000000,217.39,232.76956
2021-12-19T08:00:00.000000000,229.0,232.1688
2021-12-19T09:00:00.000000000,230.12,232.60068
2021-12-19T10:00:00.000000000,223.89,233.76021
2021-12-19T11:00:00.000000000,218.86,235.95638
2021-12-19T12:00:00.000000000,217.53,240.19921
2021-12-19T13:00:00.000000000,222.95,246.09664
2021-12-19T14:00:00.000000000,237.3,253.39033
2021-12-19T15:00:00.000000000,245.42,261.25636
2021-12-19T16:00:00.000000000,257.35,269.35201
2021-12-19T17:00:00.000000000,268.99,276.35529
2021-12-19T18:00:00.000000000,281.79,281.16982
2021-12-19T19:00:00.000000000,295.14,284.08691
2021-12-19T20:00:00.000000000,307.77,285.53506
2021-12-19T21:00:00.000000000,314.29,285.46322
2021-12-19T22:00:00.000000000,319.54,283.70305
2021-12-19T23:00:00.000000000,323.96,280.90364
2021-12-20T00:00:00.000000000,415.28,304.99033
2021-12-20T01:00:00.000000000,332.93,302.61582
2021-12-20T02:00:00.000000000,342.21,306.50016
2021-12-20T03:00:00.000000000,352.34,315.40975
2021-12-20T04:00:00.000000000,360.8,327.7667
2021-12-20T05:00:00.000000000,367.28,340.56807
2021-12-20T06:00:00.000000000,380.47,349.73205
2021-12-20T07:00:00.000000000,392.15,355.4648
2021-12-20T08:00:00.000000000,394.79,358.01361
2021-12-20T09:00:00.000000000,381.62,359.178
2021-12-20T10:00:00.000000000,370.3,360.21419
2021-12-20T11:00:00.000000000,363.01,362.06596
2021-12-20T12:00:00.000000000,362.9,366.69902
2021-12-20T13:00:00.000000000,379.29,373.67058
2021-12-20T14:00:00.000000000,409.08,382.75812
2021-12-20T15:00:00.000000000,441.42,393.44374
2021-12-20T16:00:00.000000000,445.48,404.89497
2021-12-20T17:00:00.000000000,444.09,414.09912
2021-12-20T18:00:00.000000000,443.81,418.11326
2021-12-20T19:00:00.000000000,446.2,417.07055
2021-12-20T20:00:00.000000000,446.5,412.36602
2021-12-20T21:00:00.000000000,446.56,404.86243
2021-12-20T22:00:00.000000000,445.61,395.72916
2021-12-20T23:00:00.000000000,443.23,386.21693
2021-12-21T00:00:00.000000000,429.04,448.22755
2021-12-21T01:00:00.000000000,443.82,447.7689
2021-12-21T02:00:00.000000000,443.65,449.70593
2021-12-21T03:00:00.000000000,445.34,451.21825
2021-12-21T04:00:00.000000000,446.09,451.35139
2021-12-21T05:00:00.000000000,449.69,451.04785
2021-12-21T06:00:00.000000000,451.88,450.15561
2021-12-21T07:00:00.000000000,454.09,450.05675
2021-12-21T08:00:00.000000000,449.97,449.4189
2021-12-21T09:00:00.000000000,427.34,447.70085
2021-12-21T10:00:00.000000000,403.48,444.83258
2021-12-21T11:00:00.000000000,388.1,441.57149
2021-12-21T12:00:00.000000000,385.54,440.25041
2021-12-21T13:00:00.000000000,398.27,440.19678
2021-12-21T14:00:00.000000000,423.57,440.38889
2021-12-21T15:00:00.000000000,451.55,440.16132
2021-12-21T16:00:00.000000000,459.0,440.96256
2021-12-21T17:00:00.000000000,454.16,442.87745
2021-12-21T18:00:00.000000000,452.74,445.46965
2021-12-21T19:00:00.000000000,450.13,447.837
2021-12-21T20:00:00.000000000,447.43,448.32276
2021-12-21T21:00:00.000000000,443.94,445.34389
2021-12-21T22:00:00.000000000,437.52,439.80887
2021-12-21T23:00:00.000000000,431.7,433.95768
2021-12-19T00:00:00.000000000,296.23,173.89189
2021-12-19T01:00:00.000000000,195.97,173.48568
2021-12-19T02:00:00.000000000,185.93,178.04345
2021-12-19T03:00:00.000000000,182.16,186.23662
2021-12-19T04:00:00.000000000,188.37,196.81408
2021-12-19T05:00:00.000000000,192.45,207.21664
2021-12-19T06:00:00.000000000,201.58,214.9247
2021-12-19T07:00:00.000000000,217.39,220.86128
2021-12-19T08:00:00.000000000,229.0,225.10259
2021-12-19T09:00:00.000000000,230.12,228.35243
2021-12-19T10:00:00.000000000,223.89,230.18508
2021-12-19T11:00:00.000000000,218.86,231.1568
2021-12-19T12:00:00.000000000,217.53,232.80963
2021-12-19T13:00:00.000000000,222.95,235.88096
2021-12-19T14:00:00.000000000,237.3,241.71859
2021-12-19T15:00:00.000000000,245.42,251.41118
2021-12-19T16:00:00.000000000,257.35,265.30996
2021-12-19T17:00:00.000000000,268.99,280.99317
2021-12-19T18:00:00.000000000,281.79,295.24939
2021-12-19T19:00:00.000000000,295.14,307.00489
2021-12-19T20:00:00.000000000,307.77,315.3587
2021-12-19T21:00:00.000000000,314.29,319.39323
2021-12-19T22:00:00.000000000,319.54,318.78005
2021-12-19T23:00:00.000000000,323.96,314.83302
2021-12-20T00:00:00.000000000,415.28,323.52711
2021-12-20T01:00:00.000000000,332.93,320.89256
2021-12-20T02:00:00.000000000,342.21,324.95752
2021-12-20T03:00:00.000000000,352.34,334.26391
2021-12-20T04:00:00.000000000,360.8,346.88503
2021-12-20T05:00:00.000000000,367.28,359.53353
2021-12-20T06:00:00.000000000,380.47,367.73232
2021-12-20T07:00:00.000000000,392.15,371.42711
2021-12-20T08:00:00.000000000,394.79,371.06252
2021-12-20T09:00:00.000000000,381.62,369.05927
2021-12-20T10:00:00.000000000,370.3,367.61732
2021-12-20T11:00:00.000000000,363.01,368.21282
2021-12-20T12:00:00.000000000,362.9,372.8597
2021-12-20T13:00:00.000000000,379.29,380.7085
2021-12-20T14:00:00.000000000,409.08,390.98769
2021-12-20T15:00:00.000000000,441.42,402.76232
2021-12-20T16:00:00.000000000,445.48,414.96371
2021-12-20T17:00:00.000000000,444.09,424.28009
2021-12-20T18:00:00.000000000,443.81,427.47667
2021-12-20T19:00:00.000000000,446.2,424.36326
2021-12-20T20:00:00.000000000,446.5,416.41201
2021-12-20T21:00:00.000000000,446.56,405.0889
2021-12-20T22:00:00.000000000,445.61,392.51887
2021-12-20T23:00:00.000000000,443.23,380.64219
2021-12-21T00:00:00.000000000,429.04,444.26602
2021-12-21T01:00:00.000000000,443.82,444.64174
2021-12-21T02:00:00.000000000,443.65,447.56273
2021-12-21T03:00:00.000000000,445.34,449.96694
2021-12-21T04:00:00.000000000,446.09,450.74583
2021-12-21T05:00:00.000000000,449.69,450.86895
2021-12-21T06:00:00.000000000,451.88,450.20975
2021-12-21T07:00:00.000000000,454.09,450.11509
2021-12-21T08:00:00.000000000,449.97,449.29082
2021-12-21T09:00:00.000000000,427.34,447.31805
2021-12-21T10:00:00.000000000,403.48,444.30083
2021-12-21T11:00:00.000000000,388.1,441.14933
2021-12-21T12:00:00.000000000,385.54,440.31065
2021-12-21T13:00:00.000000000,398.27,441.11035
2021-12-21T14:00:00.000000000,423.57,442.2607
2021-12-21T15:00:00.000000000,451.55,442.73447
2021-12-21T16:00:00.000000000,459.0,443.82952
2021-12-21T17:00:00.000000000,454.16,445.82925
2021-12-21T18:00:00.000000000,452.74,448.67427
2021-12-21T19:00:00.000000000,450.13,451.59245
2021-12-21T20:00:00.000000000,447.43,452.79833
2021-12-21T21:00:00.000000000,443.94,450.64562
2021-12-21T22:00:00.000000000,437.52,446.00441
2021-12-21T23:00:00.000000000,431.7,440.99527
2021-12-22T00:00:00.000000000,400.4,462.70495
2021-12-22T01:00:00.000000000,422.41,465.26034
2021-12-22T02:00:00.000000000,420.69,470.93009
2021-12-22T03:00:00.000000000,417.59,476.58684
2021-12-22T04:00:00.000000000,415.5,479.02395
2021-12-22T05:00:00.000000000,416.31,477.52948
2021-12-22T06:00:00.000000000,415.73,471.71011
2021-12-22T07:00:00.000000000,417.75,464.22512
2021-12-22T08:00:00.000000000,409.27,456.67609
2021-12-22T09:00:00.000000000,383.76,451.22615
2021-12-22T10:00:00.000000000,361.54,448.74781
2021-12-22T11:00:00.000000000,354.6,448.70855
2021-12-22T12:00:00.000000000,358.63,451.25352
2021-12-22T13:00:00.000000000,377.95,454.46343
2021-12-22T14:00:00.000000000,406.9,456.94108
2021-12-22T15:00:00.000000000,429.76,457.0485
2021-12-22T16:00:00.000000000,427.56,454.91228
2021-12-22T17:00:00.000000000,420.66,450.05786
2021-12-22T18:00:00.000000000,414.42,442.83186
2021-12-22T19:00:00.000000000,405.81,434.00752
2021-12-22T20:00:00.000000000,398.48,424.45416
2021-12-22T21:00:00.000000000,393.58,414.93209
2021-12-22T22:00:00.000000000,393.44,407.11944
2021-12-22T23:00:00.000000000,393.31,402.03358
2021-12-20T00:00:00.000000000,415.28,311.71066
2021-12-20T01:00:00.000000000,332.93,307.8819
2021-12-20T02:00:00.000000000,342.21,311.08015
2021-12-20T03:00:00.000000000,352.34,319.78246
2021-12-20T04:00:00.000000000,360.8,332.36481
2021-12-20T05:00:00.000000000,367.28,346.112
2021-12-20T06:00:00.000000000,380.47,356.9704
2021-12-20T07:00:00.000000000,392.15,364.50766
2021-12-20T08:00:00.000000000,394.79,367.93025
2021-12-20T09:00:00.000000000,381.62,368.35707
2021-12-20T10:00:00.000000000,370.3,367.21858
2021-12-20T11:00:00.000000000,363.01,366.16687
2021-12-20T12:00:00.000000000,362.9,368.12471
2021-12-20T13:00:00.000000000,379.29,373.51174
2021-12-20T14:00:00.000000000,409.08,382.5825
2021-12-20T15:00:00.000000000,441.42,395.06123
2021-12-20T16:00:00.000000000,445.48,410.10755
2021-12-20T17:00:00.000000000,444.09,424.19301
2021-12-20T18:00:00.000000000,443.81,433.34435
2021-12-20T19:00:00.000000000,446.2,436.53635
2021-12-20T20:00:00.000000000,446.5,434.23085
2021-12-20T21:00:00.000000000,446.56,426.95941
2021-12-20T22:00:00.000000000,445.61,416.31469
2021-12-20T23:00:00.000000000,443.23,404.39107
2021-12-21T00:00:00.000000000,429.04,433.52338
2021-12-21T01:00:00.000000000,443.82,433.20286
2021-12-21T02:00:00.000000000,443.65,436.78457
2021-12-21T03:00:00.000000000,445.34,441.56841
2021-12-21T04:00:00.000000000,446.09,445.4444
2021-12-21T05:00:00.000000000,449.69,447.54887
2021-12-21T06:00:00.000000000,451.88,446.41954
2021-12-21T07:00:00.000000000,454.09,443.27492
2021-12-21T08:00:00.000000000,449.97,438.09062
2021-12-21T09:00:00.000000000,427.34,432.25077
2021-12-21T10:00:00.000000000,403.48,427.11216
2021-12-21T11:00:00.000000000,388.1,423.80953
2021-12-21T12:00:00.000000000,385.54,424.23642
2021-12-21T13:00:00.000000000,398.27,427.2603
2021-12-21T14:00:00.000000000,423.57,431.46301
2021-12-21T15:00:00.000000000,451.55,435.47593
2021-12-21T16:00:00.000000000,459.0,439.73333
2021-12-21T17:00:00.000000000,454.16,443.50007
2021-12-21T18:00:00.000000000,452.74,445.74144
2021-12-21T19:00:00.000000000,450.13,445.74405
2021-12-21T20:00:00.000000000,447.43,442.92551
2021-12-21T21:00:00.000000000,443.94,437.07306
2021-12-21T22:00:00.000000000,437.52,429.53251
2021-12-21T23:00:00.000000000,431.7,422.31466
2021-12-22T00:00:00.000000000,400.4,466.29121
2021-12-22T01:00:00.000000000,422.41,465.01182
2021-12-22T02:00:00.000000000,420.69,466.19492
2021-12-22T03:00:00.000000000,417.59,466.84026
2021-12-22T04:00:00.000000000,415.5,465.77021
2021-12-22T05:00:00.000000000,416.31,464.31872
2021-12-22T06:00:00.000000000,415.73,462.67884
2021-12-22T07:00:00.000000000,417.75,462.11708
2021-12-22T08:00:00.000000000,409.27,461.11652
2021-12-22T09:00:00.000000000,383.76,459.1834
2021-12-22T10:00:00.000000000,361.54,456.42669
2021-12-22T11:00:00.000000000,354.6,453.44529
2021-12-22T12:00:00.000000000,358.63,452.34179
2021-12-22T13:00:00.000000000,377.95,452.43908
2021-12-22T14:00:00.000000000,406.9,452.64154
2021-12-22T15:00:00.000000000,429.76,452.14217
2021-12-22T16:00:00.000000000,427.56,452.59107
2021-12-22T17:00:00.000000000,420.66,454.54476
2021-12-22T18:00:00.000000000,414.42,457.96606
2021-12-22T19:00:00.000000000,405.81,461.4892
2021-12-22T20:00:00.000000000,398.48,462.77563
2021-12-22T21:00:00.000000000,393.58,460.1793
2021-12-22T22:00:00.000000000,393.44,454.85885
2021-12-22T23:00:00.000000000,393.31,448.98394
2021-12-23T00:00:00.000000000,270.32,460.55957
2021-12-23T01:00:00.000000000,397.5,457.7334
2021-12-23T02:00:00.000000000,397.71,456.22841
2021-12-23T03:00:00.000000000,391.74,455.04818
2021-12-23T04:00:00.000000000,384.43,452.41925
2021-12-23T05:00:00.000000000,380.81,447.76475
2021-12-23T06:00:00.000000000,375.69,440.83539
2021-12-23T07:00:00.000000000,375.48,434.48579
2021-12-23T08:00:00.000000000,369.77,429.81314
2021-12-23T09:00:00.000000000,358.64,427.95137
2021-12-23T10:00:00.000000000,349.03,428.05509
2021-12-23T11:00:00.000000000,341.73,428.26911
2021-12-23T12:00:00.000000000,335.52,427.845
2021-12-23T13:00:00.000000000,335.37,425.18743
2021-12-23T14:00:00.000000000,340.3,420.72193
2021-12-23T15:00:00.000000000,339.55,415.02718
2021-12-23T16:00:00.000000000,331.48,409.61172
2021-12-23T17:00:00.000000000,322.0,404.07444
2021-12-23T18:00:00.000000000,310.84,397.79925
2021-12-23T19:00:00.000000000,298.51,390.81215
2021-12-23T20:00:00.000000000,283.07,383.92681
2021-12-23T21:00:00.000000000,269.58,377.28854
2021-12-23T22:00:00.000000000,260.4,371.24289
2021-12-23T23:00:00.000000000,241.67,366.13676
2021-12-21T00:00:00.000000000,429.04,463.84829
2021-12-21T01:00:00.000000000,443.82,462.77391
2021-12-21T02:00:00.000000000,443.65,464.15454
2021-12-21T03:00:00.000000000,445.34,464.97326
2021-12-21T04:00:00.000000000,446.09,464.09772
2021-12-21T05:00:00.000000000,449.69,462.85187
2021-12-21T06:00:00.000000000,451.88,461.38027
2021-12-21T07:00:00.000000000,454.09,460.9301
2021-12-21T08:00:00.000000000,449.97,459.96359
2021-12-21T09:00:00.000000000,427.34,457.9587
2021-12-21T10:00:00.000000000,403.48,455.02769
2021-12-21T11:00:00.000000000,388.1,451.85818
2021-12-21T12:00:00.000000000,385.54,450.66465
2021-12-21T13:00:00.000000000,398.27,450.79624
2021-12-21T14:00:00.000000000,423.57,451.11413
2021-12-21T15:00:00.000000000,451.55,450.76609
2021-12-21T16:00:00.000000000,459.0,451.37229
2021-12-21T17:00:00.000000000,454.16,453.49219
2021-12-21T18:00:00.000000000,452.74,457.10835
2021-12-21T19:00:00.000000000,450.13,460.90605
2021-12-21T20:00:00.000000000,447.43,462.54481
2021-12-21T21:00:00.000000000,443.94,460.30994
2021-12-21T22:00:00.000000000,437.52,455.28001
2021-12-21T23:00:00.000000000,431.7,449.62346
2021-12-22T00:00:00.000000000,400.4,479.00497
2021-12-22T01:00:00.000000000,422.41,476.43273
2021-12-22T02:00:00.000000000,420.69,476.23137
2021-12-22T03:00:00.000000000,417.59,475.57065
2021-12-22T04:00:00.000000000,415.5,473.31285
2021-12-22T05:00:00.000000000,416.31,470.91107
2021-12-22T06:00:00.000000000,415.73,468.68272
2021-12-22T07:00:00.000000000,417.75,467.89299
2021-12-22T08:00:00.000000000,409.27,466.91747
2021-12-22T09:00:00.000000000,383.76,465.16927
2021-12-22T10:00:00.000000000,361.54,462.65708
2021-12-22T11:00:00.000000000,354.6,459.73068
2021-12-22T12:00:00.000000000,358.63,458.24441
2021-12-22T13:00:00.000000000,377.95,457.5162
2021-12-22T14:00:00.000000000,406.9,456.71209
2021-12-22T15:00:00.000000000,429.76,455.36723
2021-12-22T16:00:00.000000000,427.56,455.3879
2021-12-22T17:00:00.000000000,420.66,457.30742
2021-12-22T18:00:00.000000000,414.42,460.83048
2021-12-22T19:00:00.000000000,405.81,464.23038
2021-12-22T20:00:00.000000000,398.48,465.01435
2021-12-22T21:00:00.000000000,393.58,461.59712
2021-12-22T22:00:00.000000000,393.44,455.30728
2021-12-22T23:00:00.000000000,393.31,448.4193
2021-12-23T00:00:00.000000000,270.32,457.89125
2021-12-23T01:00:00.000000000,397.5,450.02528
2021-12-23T02:00:00.000000000,397.71,444.24594
2021-12-23T03:00:00.000000000,391.74,441.18343
2021-12-23T04:00:00.000000000,384.43,439.44181
2021-12-23T05:00:00.000000000,380.81,437.43431
2021-12-23T06:00:00.000000000,375.69,433.75536
2021-12-23T07:00:00.000000000,375.48,430.41858
2021-12-23T08:00:00.000000000,369.77,427.80531
2021-12-23T09:00:00.000000000,358.64,426.65534
2021-12-23T10:00:00.000000000,349.03,426.0396
2021-12-23T11:00:00.000000000,341.73,424.23498
2021-12-23T12:00:00.000000000,335.52,420.80028
2021-12-23T13:00:00.000000000,335.37,415.01896
2021-12-23T14:00:00.000000000,340.3,408.62466
2021-12-23T15:00:00.000000000,339.55,403.06394
2021-12-23T16:00:00.000000000,331.48,399.33379
2021-12-23T17:00:00.000000000,322.0,395.65291
2021-12-23T18:00:00.000000000,310.84,389.98285
2021-12-23T19:00:00.000000000,298.51,381.85429
2021-12-23T20:00:00.000000000,283.07,372.58292
2021-12-23T21:00:00.000000000,269.58,362.84587
2021-12-23T22:00:00.000000000,260.4,353.1786
2021-12-23T23:00:00.000000000,241.67,344.0391
2021-12-24T00:00:00.000000000,315.35,362.28786
2021-12-24T01:00:00.000000000,232.8,353.92141
2021-12-24T02:00:00.000000000,238.19,344.03073
2021-12-24T03:00:00.000000000,243.24,333.6512
2021-12-24T04:00:00.000000000,247.12,324.29941
2021-12-24T05:00:00.000000000,251.83,316.95335
2021-12-24T06:00:00.000000000,255.11,311.25706
2021-12-24T07:00:00.000000000,266.98,309.17748
2021-12-24T08:00:00.000000000,274.46,310.2446
2021-12-24T09:00:00.000000000,275.28,314.25786
2021-12-24T10:00:00.000000000,271.35,319.218
2021-12-24T11:00:00.000000000,262.73,323.03813
2021-12-24T12:00:00.000000000,263.47,325.73742
2021-12-24T13:00:00.000000000,262.94,326.62252
2021-12-24T14:00:00.000000000,266.56,326.4971
2021-12-24T15:00:00.000000000,269.05,326.02118
2021-12-24T16:00:00.000000000,274.69,326.65531
2021-12-24T17:00:00.000000000,283.93,329.1728
2021-12-24T18:00:00.000000000,295.32,334.10661
2021-12-24T19:00:00.000000000,303.37,341.66147
2021-12-24T20:00:00.000000000,313.66,351.20391
2021-12-24T21:00:00.000000000,326.58,360.8554
2021-12-24T22:00:00.000000000,341.89,368.06579
2021-12-24T23:00:00.000000000,347.51,371.25048
2021-12-22T00:00:00.000000000,400.4,437.14531
2021-12-22T01:00:00.000000000,422.41,435.11135
2021-12-22T02:00:00.000000000,420.69,437.20668
2021-12-22T03:00:00.000000000,417.59,441.82917
2021-12-22T04:00:00.000000000,415.5,446.1415
2021-12-22T05:00:00.000000000,416.31,447.73652
2021-12-22T06:00:00.000000000,415.73,444.47017
2021-12-22T07:00:00.000000000,417.75,438.33849
2021-12-22T08:00:00.000000000,409.27,430.99207
2021-12-22T09:00:00.000000000,383.76,425.03053
2021-12-22T10:00:00.000000000,361.54,421.69173
2021-12-22T11:00:00.000000000,354.6,420.51965
2021-12-22T12:00:00.000000000,358.63,421.36646
2021-12-22T13:00:00.000000000,377.95,422.45407
2021-12-22T14:00:00.000000000,406.9,423.71097
2021-12-22T15:00:00.000000000,429.76,425.24273
2021-12-22T16:00:00.000000000,427.56,427.45425
2021-12-22T17:00:00.000000000,420.66,428.17902
2021-12-22T18:00:00.000000000,414.42,424.98244
2021-12-22T19:00:00.000000000,405.81,417.38763
2021-12-22T20:00:00.000000000,398.48,406.79854
2021-12-22T21:00:00.000000000,393.58,394.68539
2021-12-22T22:00:00.000000000,393.44,383.03065
2021-12-22T23:00:00.000000000,393.31,373.42424
2021-12-23T00:00:00.000000000,270.32,386.17479
2021-12-23T01:00:00.000000000,397.5,389.52963
2021-12-23T02:00:00.000000000,397.71,392.91616
2021-12-23T03:00:00.000000000,391.74,395.53958
2021-12-23T04:00:00.000000000,384.43,396.58882
2021-12-23T05:00:00.000000000,380.81,395.47345
2021-12-23T06:00:00.000000000,375.69,391.37216
2021-12-23T07:00:00.000000000,375.48,386.38991
2021-12-23T08:00:00.000000000,369.77,381.46054
2021-12-23T09:00:00.000000000,358.64,378.03633
2021-12-23T10:00:00.000000000,349.03,376.0194
2021-12-23T11:00:00.000000000,341.73,374.10441
2021-12-23T12:00:00.000000000,335.52,371.6621
2021-12-23T13:00:00.000000000,335.37,366.6372
2021-12-23T14:00:00.000000000,340.3,359.30662
2021-12-23T15:00:00.000000000,339.55,350.43727
2021-12-23T16:00:00.000000000,331.48,341.30954
2021-12-23T17:00:00.000000000,322.0,331.36176
2021-12-23T18:00:00.000000000,310.84,319.52964
2021-12-23T19:00:00.000000000,298.51,306.36778
2021-12-23T20:00:00.000000000,283.07,294.06191
2021-12-23T21:00:00.000000000,269.58,284.02056
2021-12-23T22:00:00.000000000,260.4,277.42727
2021-12-23T23:00:00.000000000,241.67,275.14656
2021-12-24T00:00:00.000000000,315.35,291.01873
2021-12-24T01:00:00.000000000,232.8,285.96117
2021-12-24T02:00:00.000000000,238.19,280.6283
2021-12-24T03:00:00.000000000,243.24,276.01997
2021-12-24T04:00:00.000000000,247.12,273.04105
2021-12-24T05:00:00.000000000,251.83,271.72945
2021-12-24T06:00:00.000000000,255.11,271.21131
2021-12-24T07:00:00.000000000,266.98,272.39028
2021-12-24T08:00:00.000000000,274.46,274.34632
2021-12-24T09:00:00.000000000,275.28,276.56099
2021-12-24T10:00:00.000000000,271.35,277.21209
2021-12-24T11:00:00.000000000,262.73,275.18832
2021-12-24T12:00:00.000000000,263.47,270.68608
2021-12-24T13:00:00.000000000,262.94,263.58046
2021-12-24T14:00:00.000000000,266.56,255.38755
2021-12-24T15:00:00.000000000,269.05,247.70011
2021-12-24T16:00:00.000000000,274.69,242.80839
2021-12-24T17:00:00.000000000,283.93,241.20192
2021-12-24T18:00:00.000000000,295.32,242.30693
2021-12-24T19:00:00.000000000,303.37,245.29691
2021-12-24T20:00:00.000000000,313.66,249.14175
2021-12-24T21:00:00.000000000,326.58,252.26846
2021-12-24T22:00:00.000000000,341.89,253.34737
2021-12-24T23:00:00.000000000,347.51,252.37324
2021-12-25T00:00:00.000000000,353.54,337.58222
2021-12-25T01:00:00.000000000,353.29,334.19067
2021-12-25T02:00:00.000000000,349.82,334.27527
2021-12-25T03:00:00.000000000,346.49,337.41794
2021-12-25T04:00:00.000000000,342.92,343.1523
2021-12-25T05:00:00.000000000,344.69,350.1906
2021-12-25T06:00:00.000000000,351.57,356.23612
2021-12-25T07:00:00.000000000,349.01,361.99651
2021-12-25T08:00:00.000000000,343.64,366.83947
2021-12-25T09:00:00.000000000,331.77,370.97251
2021-12-25T10:00:00.000000000,331.99,373.65217
2021-12-25T11:00:00.000000000,331.26,374.33904
2021-12-25T12:00:00.000000000,332.91,374.08412
2021-12-25T13:00:00.000000000,344.43,372.32532
2021-12-25T14:00:00.000000000,361.07,369.72242
2021-12-25T15:00:00.000000000,376.22,366.99695
2021-12-25T16:00:00.000000000,375.5,365.21452
2021-12-25T17:00:00.000000000,371.94,363.4288
2021-12-25T18:00:00.000000000,369.12,360.0691
2021-12-25T19:00:00.000000000,366.68,355.17077
2021-12-25T20:00:00.000000000,364.62,349.4761
2021-12-25T21:00:00.000000000,358.1,342.88749
2021-12-25T22:00:00.000000000,356.82,335.61734
2021-12-25T23:00:00.000000000,353.09,328.39182
2021-12-23T00:00:00.000000000,270.32,368.92408
2021-12-23T01:00:00.000000000,397.5,378.38746
2021-12-23T02:00:00.000000000,397.71,386.18637
2021-12-23T03:00:00.000000000,391.74,390.06365
2021-12-23T04:00:00.000000000,384.43,389.39082
2021-12-23T05:00:00.000000000,380.81,385.0147
2021-12-23T06:00:00.000000000,375.69,377.37979
2021-12-23T07:00:00.000000000,375.48,369.17506
2021-12-23T08:00:00.000000000,369.77,361.84248
2021-12-23T09:00:00.000000000,358.64,357.27281
2021-12-23T10:00:00.000000000,349.03,355.86374
2021-12-23T11:00:00.000000000,341.73,356.32506
2021-12-23T12:00:00.000000000,335.52,357.26372
2021-12-23T13:00:00.000000000,335.37,355.05518
2021-12-23T14:00:00.000000000,340.3,348.41922
2021-12-23T15:00:00.000000000,339.55,337.62044
2021-12-23T16:00:00.000000000,331.48,324.79549
2021-12-23T17:00:00.000000000,322.0,310.96697
2021-12-23T18:00:00.000000000,310.84,296.2325
2021-12-23T19:00:00.000000000,298.51,281.36425
2021-12-23T20:00:00.000000000,283.07,268.13084
2021-12-23T21:00:00.000000000,269.58,258.00272
2021-12-23T22:00:00.000000000,260.4,252.83661
2021-12-23T23:00:00.000000000,241.67,254.0805
2021-12-24T00:00:00.000000000,315.35,277.63618
2021-12-24T01:00:00.000000000,232.8,271.07137
2021-12-24T02:00:00.000000000,238.19,266.92293
2021-12-24T03:00:00.000000000,243.24,265.82322
2021-12-24T04:00:00.000000000,247.12,268.24406
2021-12-24T05:00:00.000000000,251.83,272.99458
2021-12-24T06:00:00.000000000,255.11,277.85717
2021-12-24T07:00:00.000000000,266.98,283.39273
2021-12-24T08:00:00.000000000,274.46,288.68464
2021-12-24T09:00:00.000000000,275.28,293.37283
2021-12-24T10:00:00.000000000,271.35,296.01836
2021-12-24T11:00:00.000000000,262.73,296.00637
2021-12-24T12:00:00.000000000,263.47,294.36282
2021-12-24T13:00:00.000000000,262.94,291.32961
2021-12-24T14:00:00.000000000,266.56,288.39101
2021-12-24T15:00:00.000000000,269.05,287.033
2021-12-24T16:00:00.000000000,274.69,288.85471
2021-12-24T17:00:00.000000000,283.93,293.18161
2021-12-24T18:00:00.000000000,295.32,298.36434
2021-12-24T19:00:00.000000000,303.37,303.55347
2021-12-24T20:00:00.000000000,313.66,307.85787
2021-12-24T21:00:00.000000000,326.58,309.76064
2021-12-24T22:00:00.000000000,341.89,308.19756
2021-12-24T23:00:00.000000000,347.51,303.68888
2021-12-25T00:00:00.000000000,353.54,359.33034
2021-12-25T01:00:00.000000000,353.29,354.31981
2021-12-25T02:00:00.000000000,349.82,353.13364
2021-12-25T03:00:00.000000000,346.49,355.3736
2021-12-25T04:00:00.000000000,342.92,360.41472
2021-12-25T05:00:00.000000000,344.69,366.87213
2021-12-25T06:00:00.000000000,351.57,372.24032
2021-12-25T07:00:00.000000000,349.01,377.29337
2021-12-25T08:00:00.000000000,343.64,381.61007
2021-12-25T09:00:00.000000000,331.77,385.65179
2021-12-25T10:00:00.000000000,331.99,388.90792
2021-12-25T11:00:00.000000000,331.26,390.72422
2021-12-25T12:00:00.000000000,332.91,391.98712
2021-12-25T13:00:00.000000000,344.43,391.97877
2021-12-25T14:00:00.000000000,361.07,391.32023
2021-12-25T15:00:00.000000000,376.22,390.84636
2021-12-25T16:00:00.000000000,375.5,391.70009
2021-12-25T17:00:00.000000000,371.94,392.74386
2021-12-25T18:00:00.000000000,369.12,392.12838
2021-12-25T19:00:00.000000000,366.68,389.57486
2021-12-25T20:00:00.000000000,364.62,385.50795
2021-12-25T21:00:00.000000000,358.1,379.70614
2021-12-25T22:00:00.000000000,356.82,372.41922
2021-12-25T23:00:00.000000000,353.09,364.33893
2021-12-26T00:00:00.000000000,293.16,391.85891
2021-12-26T01:00:00.000000000,352.53,393.55189
2021-12-26T02:00:00.000000000,351.75,398.03026
2021-12-26T03:00:00.000000000,349.84,403.68717
2021-12-26T04:00:00.000000000,348.09,408.72029
2021-12-26T05:00:00.000000000,340.1,411.87811
2021-12-26T06:00:00.000000000,333.79,411.82311
2021-12-26T07:00:00.000000000,333.54,410.50401
2021-12-26T08:00:00.000000000,327.25,408.58828
2021-12-26T09:00:00.000000000,318.89,407.10269
2021-12-26T10:00:00.000000000,311.03,405.75209
2021-12-26T11:00:00.000000000,308.01,404.04733
2021-12-26T12:00:00.000000000,306.06,402.77914
2021-12-26T13:00:00.000000000,313.77,400.95952
2021-12-26T14:00:00.000000000,325.46,398.5356
2021-12-26T15:00:00.000000000,326.14,395.25321
2021-12-26T16:00:00.000000000,310.99,391.73751
2021-12-26T17:00:00.000000000,297.69,387.36462
2021-12-26T18:00:00.000000000,289.95,381.75525
2021-12-26T19:00:00.000000000,286.55,375.76035
2021-12-26T20:00:00.000000000,284.68,370.43558
2021-12-26T21:00:00.000000000,286.11,365.70995
2021-12-26T22:00:00.000000000,288.03,361.64984
2021-12-26T23:00:00.000000000,282.75,358.61266
2021-12-24T00:00:00.000000000,315.35,234.11227
2021-12-24T01:00:00.000000000,232.8,230.9337
2021-12-24T02:00:00.000000000,238.19,232.09952
2021-12-24T03:00:00.000000000,243.24,237.33711
2021-12-24T04:00:00.000000000,247.12,246.43259
2021-12-24T05:00:00.000000000,251.83,257.68396
2021-12-24T06:00:00.000000000,255.11,268.63108
2021-12-24T07:00:00.000000000,266.98,280.13404
2021-12-24T08:00:00.000000000,274.46,291.21714
2021-12-24T09:00:00.000000000,275.28,300.60369
2021-12-24T10:00:00.000000000,271.35,305.89393
2021-12-24T11:00:00.000000000,262.73,306.68784
2021-12-24T12:00:00.000000000,263.47,304.99534
2021-12-24T13:00:00.000000000,262.94,302.08472
2021-12-24T14:00:00.000000000,266.56,300.18254
2021-12-24T15:00:00.000000000,269.05,301.4172
2021-12-24T16:00:00.000000000,274.69,307.56996
2021-12-24T17:00:00.000000000,283.93,317.50807
2021-12-24T18:00:00.000000000,295.32,328.96461
2021-12-24T19:00:00.000000000,303.37,341.29294
2021-12-24T20:00:00.000000000,313.66,352.91988
2021-12-24T21:00:00.000000000,326.58,360.93023
2021-12-24T22:00:00.000000000,341.89,363.12387
2021-12-24T23:00:00.000000000,347.51,359.86417
2021-12-25T00:00:00.000000000,353.54,394.00727
2021-12-25T01:00:00.000000000,353.29,388.1705
2021-12-25T02:00:00.000000000,349.82,384.91629
2021-12-25T03:00:00.000000000,346.49,384.01264
2021-12-25T04:00:00.000000000,342.92,384.90293
2021-12-25T05:00:00.000000000,344.69,386.61531
2021-12-25T06:00:00.000000000,351.57,387.29842
2021-12-25T07:00:00.000000000,349.01,388.20804
2021-12-25T08:00:00.000000000,343.64,389.09406
2021-12-25T09:00:00.000000000,331.77,390.42905
2021-12-25T10:00:00.000000000,331.99,391.52802
2021-12-25T11:00:00.000000000,331.26,391.49245
2021-12-25T12:00:00.000000000,332.91,390.89179
2021-12-25T13:00:00.000000000,344.43,388.9321
2021-12-25T14:00:00.000000000,361.07,386.46381
2021-12-25T15:00:00.000000000,376.22,384.57285
2021-12-25T16:00:00.000000000,375.5,384.70028
2021-12-25T17:00:00.000000000,371.94,385.84911
2021-12-25T18:00:00.000000000,369.12,386.14276
2021-12-25T19:00:00.000000000,366.68,384.90207
2021-12-25T20:00:00.000000000,364.62,382.30383
2021-12-25T21:00:00.000000000,358.1,377.97903
2021-12-25T22:00:00.000000000,356.82,371.97222
2021-12-25T23:00:00.000000000,353.09,364.9853
2021-12-26T00:00:00.000000000,293.16,382.81969
2021-12-26T01:00:00.000000000,352.53,382.46808
2021-12-26T02:00:00.000000000,351.75,384.85917
2021-12-26T03:00:00.000000000,349.84,389.08277
2021-12-26T04:00:00.000000000,348.09,393.76497
2021-12-26T05:00:00.000000000,340.1,397.57557
2021-12-26T06:00:00.000000000,333.79,398.93432
2021-12-26T07:00:00.000000000,333.54,399.40082
2021-12-26T08:00:00.000000000,327.25,399.1523
2021-12-26T09:00:00.000000000,318.89,398.88273
2021-12-26T10:00:00.000000000,311.03,398.08452
2021-12-26T11:00:00.000000000,308.01,396.16691
2021-12-26T12:00:00.000000000,306.06,393.92194
2021-12-26T13:00:00.000000000,313.77,390.59923
2021-12-26T14:00:00.000000000,325.46,386.65002
2021-12-26T15:00:00.000000000,326.14,382.28716
2021-12-26T16:00:00.000000000,310.99,378.23089
2021-12-26T17:00:00.000000000,297.69,373.60716
2021-12-26T18:00:00.000000000,289.95,367.52121
2021-12-26T19:00:00.000000000,286.55,360.56734
2021-12-26T20:00:00.000000000,284.68,353.98677
2021-12-26T21:00:00.000000000,286.11,347.87189
2021-12-26T22:00:00.000000000,288.03,342.34023
2021-12-26T23:00:00.000000000,282.75,337.7845
2021-12-27T00:00:00.000000000,225.77,360.76881
2021-12-27T01:00:00.000000000,272.84,361.55146
2021-12-27T02:00:00.000000000,272.89,364.0494
2021-12-27T03:00:00.000000000,273.42,367.13454
2021-12-27T04:00:00.000000000,282.01,370.12333
2021-12-27T05:00:00.000000000,300.08,372.65165
2021-12-27T06:00:00.000000000,307.95,373.68025
2021-12-27T07:00:00.000000000,316.64,374.62761
2021-12-27T08:00:00.000000000,315.0,375.11451
2021-12-27T09:00:00.000000000,312.87,375.23295
2021-12-27T10:00:00.000000000,308.51,374.12007
2021-12-27T11:00:00.000000000,308.42,371.39538
2021-12-27T12:00:00.000000000,312.91,368.1858
2021-12-27T13:00:00.000000000,322.8,363.89379
2021-12-27T14:00:00.000000000,329.47,358.86745
2021-12-27T15:00:00.000000000,330.37,353.38477
2021-12-27T16:00:00.000000000,324.34,348.61697
2021-12-27T17:00:00.000000000,317.86,344.37907
2021-12-27T18:00:00.000000000,312.98,340.15038
2021-12-27T19:00:00.000000000,306.49,336.24285
2021-12-27T20:00:00.000000000,286.54,333.05783
2021-12-27T21:00:00.000000000,269.22,330.07299
2021-12-27T22:00:00.000000000,255.67,327.09973
2021-12-27T23:00:00.000000000,231.54,324.69845
2021-12-25T00:00:00.000000000,353.54,359.67849
2021-12-25T01:00:00.000000000,353.29,352.72312
2021-12-25T02:00:00.000000000,349.82,347.13667
2021-12-25T03:00:00.000000000,346.49,343.13922
2021-12-25T04:00:00.000000000,342.92,341.09443
2021-12-25T05:00:00.000000000,344.69,340.50564
2021-12-25T06:00:00.000000000,351.57,339.76657
2021-12-25T07:00:00.000000000,349.01,340.07932
2021-12-25T08:00:00.000000000,343.64,341.00207
2021-12-25T09:00:00.000000000,331.77,342.91663
2021-12-25T10:00:00.000000000,331.99,345.11968
2021-12-25T11:00:00.000000000,331.26,346.96872
2021-12-25T12:00:00.000000000,332.91,348.74753
2021-12-25T13:00:00.000000000,344.43,348.9744
2021-12-25T14:00:00.000000000,361.07,347.83584
2021-12-25T15:00:00.000000000,376.22,346.12659
2021-12-25T16:00:00.000000000,375.5,345.24065
2021-12-25T17:00:00.000000000,371.94,344.38993
2021-12-25T18:00:00.000000000,369.12,341.83415
2021-12-25T19:00:00.000000000,366.68,337.10708
2021-12-25T20:00:00.000000000,364.62,330.86004
2021-12-25T21:00:00.000000000,358.1,323.17418
2021-12-25T22:00:00.000000000,356.82,314.51622
2021-12-25T23:00:00.000000000,353.09,306.13092
2021-12-26T00:00:00.000000000,293.16,317.21573
2021-12-26T01:00:00.000000000,352.53,319.78871
2021-12-26T02:00:00.000000000,351.75,325.30212
2021-12-26T03:00:00.000000000,349.84,332.56605
2021-12-26T04:00:00.000000000,348.09,340.43399
2021-12-26T05:00:00.000000000,340.1,347.36576
2021-12-26T06:00:00.000000000,333.79,351.44737
2021-12-26T07:00:00.000000000,333.54,353.9553
2021-12-26T08:00:00.000000000,327.25,355.20328
2021-12-26T09:00:00.000000000,318.89,356.2219
2021-12-26T10:00:00.000000000,311.03,356.79787
2021-12-26T11:00:00.000000000,308.01,356.57799
2021-12-26T12:00:00.000000000,306.06,356.31004
2021-12-26T13:00:00.000000000,313.77,354.90087
2021-12-26T14:00:00.000000000,325.46,352.29251
2021-12-26T15:00:00.000000000,326.14,348.36875
2021-12-26T16:00:00.000000000,310.99,343.64717
2021-12-26T17:00:00.000000000,297.69,337.36957
2021-12-26T18:00:00.000000000,289.95,328.74293
2021-12-26T19:00:00.000000000,286.55,318.86755
2021-12-26T20:00:00.000000000,284.68,309.60698
2021-12-26T21:00:00.000000000,286.11,301.64865
2021-12-26T22:00:00.000000000,288.03,295.49968
2021-12-26T23:00:00.000000000,282.75,291.72018
2021-12-27T00:00:00.000000000,225.77,310.96335
2021-12-27T01:00:00.000000000,272.84,311.17122
2021-12-27T02:00:00.000000000,272.89,313.93319
2021-12-27T03:00:00.000000000,273.42,318.20937
2021-12-27T04:00:00.000000000,282.01,323.51453
2021-12-27T05:00:00.000000000,300.08,329.15666
2021-12-27T06:00:00.000000000,307.95,333.79727
2021-12-27T07:00:00.000000000,316.64,338.63859
2021-12-27T08:00:00.000000000,315.0,343.12225
2021-12-27T09:00:00.000000000,312.87,347.10436
2021-12-27T10:00:00.000000000,308.51,349.38098
2021-12-27T11:00:00.000000000,308.42,349.43324
2021-12-27T12:00:00.000000000,312.91,348.42175
2021-12-27T13:00:00.000000000,322.8,345.92682
2021-12-27T14:00:00.000000000,329.47,342.36641
2021-12-27T15:00:00.000000000,330.37,338.0014
2021-12-27T16:00:00.000000000,324.34,333.8086
2021-12-27T17:00:00.000000000,317.86,329.46104
2021-12-27T18:00:00.000000000,312.98,324.33963
2021-12-27T19:00:00.000000000,306.49,319.05559
2021-12-27T20:00:00.000000000,286.54,314.32212
2021-12-27T21:00:00.000000000,269.22,309.79019
2021-12-27T22:00:00.000000000,255.67,305.3237
2021-12-27T23:00:00.000000000,231.54,301.46339
2021-12-28T00:00:00.000000000,287.12,351.47522
2021-12-28T01:00:00.000000000,197.24,344.57323
2021-12-28T02:00:00.000000000,196.87,340.70442
2021-12-28T03:00:00.000000000,198.33,339.44532
2021-12-28T04:00:00.000000000,201.84,341.05264
2021-12-28T05:00:00.000000000,209.69,345.1169
2021-12-28T06:00:00.000000000,252.95,350.14334
2021-12-28T07:00:00.000000000,284.77,357.60643
2021-12-28T08:00:00.000000000,288.33,366.75238
2021-12-28T09:00:00.000000000,277.09,377.27582
2021-12-28T10:00:00.000000000,265.26,387.68261
2021-12-28T11:00:00.000000000,261.25,396.26521
2021-12-28T12:00:00.000000000,260.32,402.97181
2021-12-28T13:00:00.000000000,261.8,406.24997
2021-12-28T14:00:00.000000000,261.41,406.59566
2021-12-28T15:00:00.000000000,260.98,405.76601
2021-12-28T16:00:00.000000000,266.88,406.19464
2021-12-28T17:00:00.000000000,277.31,407.66953
2021-12-28T18:00:00.000000000,288.78,408.38029
2021-12-28T19:00:00.000000000,295.66,407.89802
2021-12-28T20:00:00.000000000,302.74,406.21068
2021-12-28T21:00:00.000000000,308.01,402.40944
2021-12-28T22:00:00.000000000,313.13,396.18428
2021-12-28T23:00:00.000000000,315.79,387.85003
2021-12-26T00:00:00.000000000,293.16,324.02982
2021-12-26T01:00:00.000000000,352.53,332.75689
2021-12-26T02:00:00.000000000,351.75,342.65265
2021-12-26T03:00:00.000000000,349.84,351.20161
2021-12-26T04:00:00.000000000,348.09,356.67047
2021-12-26T05:00:00.000000000,340.1,358.18536
2021-12-26T06:00:00.000000000,333.79,355.01344
2021-12-26T07:00:00.000000000,333.54,349.72335
2021-12-26T08:00:00.000000000,327.25,344.35777
2021-12-26T09:00:00.000000000,318.89,341.47888
2021-12-26T10:00:00.000000000,311.03,341.94066
2021-12-26T11:00:00.000000000,308.01,345.24364
2021-12-26T12:00:00.000000000,306.06,350.49748
2021-12-26T13:00:00.000000000,313.77,354.17542
2021-12-26T14:00:00.000000000,325.46,354.19576
2021-12-26T15:00:00.000000000,326.14,349.4678
2021-12-26T16:00:00.000000000,310.99,340.77189
2021-12-26T17:00:00.000000000,297.69,328.5599
2021-12-26T18:00:00.000000000,289.95,313.47961
2021-12-26T19:00:00.000000000,286.55,297.5727
2021-12-26T20:00:00.000000000,284.68,283.41203
2021-12-26T21:00:00.000000000,286.11,272.51191
2021-12-26T22:00:00.000000000,288.03,266.31953
2021-12-26T23:00:00.000000000,282.75,265.77038
2021-12-27T00:00:00.000000000,225.77,257.49823
2021-12-27T01:00:00.000000000,272.84,262.09569
2021-12-27T02:00:00.000000000,272.89,269.7289
2021-12-27T03:00:00.000000000,273.42,278.8014
2021-12-27T04:00:00.000000000,282.01,287.8033
2021-12-27T05:00:00.000000000,300.08,295.33808
2021-12-27T06:00:00.000000000,307.95,300.31527
2021-12-27T07:00:00.000000000,316.64,304.37523
2021-12-27T08:00:00.000000000,315.0,307.98183
2021-12-27T09:00:00.000000000,312.87,311.89799
2021-12-27T10:00:00.000000000,308.51,315.01577
2021-12-27T11:00:00.000000000,308.42,316.11439
2021-12-27T12:00:00.000000000,312.91,315.48567
2021-12-27T13:00:00.000000000,322.8,312.75368
2021-12-27T14:00:00.000000000,329.47,308.74535
2021-12-27T15:00:00.000000000,330.37,303.5879
2021-12-27T16:00:00.000000000,324.34,297.66041
2021-12-27T17:00:00.000000000,317.86,290.24812
2021-12-27T18:00:00.000000000,312.98,280.82142
2021-12-27T19:00:00.000000000,306.49,270.64797
2021-12-27T20:00:00.000000000,286.54,261.54097
2021-12-27T21:00:00.000000000,269.22,254.45758
2021-12-27T22:00:00.000000000,255.67,250.00079
2021-12-27T23:00:00.000000000,231.54,248.45205
2021-12-28T00:00:00.000000000,287.12,242.6106
2021-12-28T01:00:00.000000000,197.24,234.59334
2021-12-28T02:00:00.000000000,196.87,226.59403
2021-12-28T03:00:00.000000000,198.33,219.64556
2021-12-28T04:00:00.000000000,201.84,214.42023
2021-12-28T05:00:00.000000000,209.69,210.56659
2021-12-28T06:00:00.000000000,252.95,207.19004
2021-12-28T07:00:00.000000000,284.77,205.20541
2021-12-28T08:00:00.000000000,288.33,204.08891
2021-12-28T09:00:00.000000000,277.09,204.49443
2021-12-28T10:00:00.000000000,265.26,205.39457
2021-12-28T11:00:00.000000000,261.25,205.62451
2021-12-28T12:00:00.000000000,260.32,204.88091
2021-12-28T13:00:00.000000000,261.8,202.86954
2021-12-28T14:00:00.000000000,261.41,200.91909
2021-12-28T15:00:00.000000000,260.98,199.86482
2021-12-28T16:00:00.000000000,266.88,200.9355
2021-12-28T17:00:00.000000000,277.31,204.1799
2021-12-28T18:00:00.000000000,288.78,208.82524
2021-12-28T19:00:00.000000000,295.66,213.70258
2021-12-28T20:00:00.000000000,302.74,218.0191
2021-12-28T21:00:00.000000000,308.01,221.19638
2021-12-28T22:00:00.000000000,313.13,222.36474
2021-12-28T23:00:00.000000000,315.79,221.43581
2021-12-29T00:00:00.000000000,198.21,231.01592
2021-12-29T01:00:00.000000000,312.09,231.05029
2021-12-29T02:00:00.000000000,306.12,234.06571
2021-12-29T03:00:00.000000000,302.95,240.04817
2021-12-29T04:00:00.000000000,312.57,247.8967
2021-12-29T05:00:00.000000000,329.55,255.84487
2021-12-29T06:00:00.000000000,340.91,262.28873
2021-12-29T07:00:00.000000000,353.66,267.71236
2021-12-29T08:00:00.000000000,359.97,271.80285
2021-12-29T09:00:00.000000000,359.05,275.59255
2021-12-29T10:00:00.000000000,358.98,278.36788
2021-12-29T11:00:00.000000000,360.32,278.45976
2021-12-29T12:00:00.000000000,358.97,275.49113
2021-12-29T13:00:00.000000000,364.12,269.65297
2021-12-29T14:00:00.000000000,368.77,263.23909
2021-12-29T15:00:00.000000000,367.38,257.08821
2021-12-29T16:00:00.000000000,353.18,250.8865
2021-12-29T17:00:00.000000000,339.64,242.80413
2021-12-29T18:00:00.000000000,324.7,231.13413
2021-12-29T19:00:00.000000000,310.55,216.2771
2021-12-29T20:00:00.000000000,290.85,200.7857
2021-12-29T21:00:00.000000000,269.56,187.42808
2021-12-29T22:00:00.000000000,246.83,178.27715
2021-12-29T23:00:00.000000000,203.37,173.85143
2021-12-27T00:00:00.000000000,225.77,238.35544
2021-12-27T01:00:00.000000000,272.84,242.98388
2021-12-27T02:00:00.000000000,272.89,251.91165
2021-12-27T03:00:00.000000000,273.42,262.9974
2021-12-27T04:00:00.000000000,282.01,274.1036
2021-12-27T05:00:00.000000000,300.08,282.80717
2021-12-27T06:00:00.000000000,307.95,287.17451
2021-12-27T07:00:00.000000000,316.64,289.1573
2021-12-27T08:00:00.000000000,315.0,290.48022
2021-12-27T09:00:00.000000000,312.87,293.26693
2021-12-27T10:00:00.000000000,308.51,297.45011
2021-12-27T11:00:00.000000000,308.42,302.15442
2021-12-27T12:00:00.000000000,312.91,307.10289
2021-12-27T13:00:00.000000000,322.8,310.79085
2021-12-27T14:00:00.000000000,329.47,312.99759
2021-12-27T15:00:00.000000000,330.37,313.46565
2021-12-27T16:00:00.000000000,324.34,312.27586
2021-12-27T17:00:00.000000000,317.86,308.08276
2021-12-27T18:00:00.000000000,312.98,299.77606
2021-12-27T19:00:00.000000000,306.49,288.6599
2021-12-27T20:00:00.000000000,286.54,276.91161
2021-12-27T21:00:00.000000000,269.22,266.20131
2021-12-27T22:00:00.000000000,255.67,258.03062
2021-12-27T23:00:00.000000000,231.54,253.45503
2021-12-28T00:00:00.000000000,287.12,237.87164
2021-12-28T01:00:00.000000000,197.24,229.74495
2021-12-28T02:00:00.000000000,196.87,223.87967
2021-12-28T03:00:00.000000000,198.33,221.99143
2021-12-28T04:00:00.000000000,201.84,224.40143
2021-12-28T05:00:00.000000000,209.69,229.24582
2021-12-28T06:00:00.000000000,252.95,233.5339
2021-12-28T07:00:00.000000000,284.77,237.02352
2021-12-28T08:00:00.000000000,288.33,238.68966
2021-12-28T09:00:00.000000000,277.09,238.57142
2021-12-28T10:00:00.000000000,265.26,235.56532
2021-12-28T11:00:00.000000000,261.25,229.2185
2021-12-28T12:00:00.000000000,260.32,220.26665
2021-12-28T13:00:00.000000000,261.8,209.39231
2021-12-28T14:00:00.000000000,261.41,199.49762
2021-12-28T15:00:00.000000000,260.98,193.00752
2021-12-28T16:00:00.000000000,266.88,191.52984
2021-12-28T17:00:00.000000000,277.31,194.06388
2021-12-28T18:00:00.000000000,288.78,198.38165
2021-12-28T19:00:00.000000000,295.66,202.61146
2021-12-28T20:00:00.000000000,302.74,205.55432
2021-12-28T21:00:00.000000000,308.01,206.14834
2021-12-28T22:00:00.000000000,313.13,203.60635
2021-12-28T23:00:00.000000000,315.79,198.85789
2021-12-29T00:00:00.000000000,198.21,202.37802
2021-12-29T01:00:00.000000000,312.09,196.44047
2021-12-29T02:00:00.000000000,306.12,195.54576
2021-12-29T03:00:00.000000000,302.95,200.01939
2021-12-29T04:00:00.000000000,312.57,209.36553
2021-12-29T05:00:00.000000000,329.55,221.25886
2021-12-29T06:00:00.000000000,340.91,232.7534
2021-12-29T07:00:00.000000000,353.66,243.38226
2021-12-29T08:00:00.000000000,359.97,252.1966
2021-12-29T09:00:00.000000000,359.05,260.06078
2021-12-29T10:00:00.000000000,358.98,266.49737
2021-12-29T11:00:00.000000000,360.32,270.22983
2021-12-29T12:00:00.000000000,358.97,271.2334
2021-12-29T13:00:00.000000000,364.12,269.61732
2021-12-29T14:00:00.000000000,368.77,267.43418
2021-12-29T15:00:00.000000000,367.38,266.04197
2021-12-29T16:00:00.000000000,353.18,265.82548
2021-12-29T17:00:00.000000000,339.64,264.73632
2021-12-29T18:00:00.000000000,324.7,259.86461
2021-12-29T19:00:00.000000000,310.55,250.20551
2021-12-29T20:00:00.000000000,290.85,236.89705
2021-12-29T21:00:00.000000000,269.56,222.16786
2021-12-29T22:00:00.000000000,246.83,208.47184
2021-12-29T23:00:00.000000000,203.37,197.3601
2021-12-30T00:00:00.000000000,116.68,177.69185
2021-12-30T01:00:00.000000000,144.35,173.6949
2021-12-30T02:00:00.000000000,140.53,172.6305
2021-12-30T03:00:00.000000000,144.21,174.24722
2021-12-30T04:00:00.000000000,144.48,178.189
2021-12-30T05:00:00.000000000,140.8,182.97478
2021-12-30T06:00:00.000000000,147.15,186.87652
2021-12-30T07:00:00.000000000,168.85,190.30855
2021-12-30T08:00:00.000000000,164.1,192.97687
2021-12-30T09:00:00.000000000,156.89,196.20576
2021-12-30T10:00:00.000000000,147.73,199.92086
2021-12-30T11:00:00.000000000,143.5,203.68888
2021-12-30T12:00:00.000000000,133.61,207.52473
2021-12-30T13:00:00.000000000,128.74,210.95897
2021-12-30T14:00:00.000000000,128.15,214.50721
2021-12-30T15:00:00.000000000,131.73,217.97783
2021-12-30T16:00:00.000000000,135.89,221.34826
2021-12-30T17:00:00.000000000,138.67,223.87731
2021-12-30T18:00:00.000000000,141.41,224.5956
2021-12-30T19:00:00.000000000,133.59,223.08527
2021-12-30T20:00:00.000000000,123.46,219.55412
2021-12-30T21:00:00.000000000,116.67,214.84443
2021-12-30T22:00:00.000000000,116.49,209.7468
2021-12-30T23:00:00.000000000,115.72,205.01535
2021-12-28T00:00:00.000000000,287.12,218.27868
2021-12-28T01:00:00.000000000,197.24,212.51693
2021-12-28T02:00:00.000000000,196.87,210.31837
2021-12-28T03:00:00.000000000,198.33,212.64577
2021-12-28T04:00:00.000000000,201.84,219.17216
2021-12-28T05:00:00.000000000,209.69,227.46538
2021-12-28T06:00:00.000000000,252.95,234.22985
2021-12-28T07:00:00.000000000,284.77,238.8496
2021-12-28T08:00:00.000000000,288.33,240.28352
2021-12-28T09:00:00.000000000,277.09,239.09576
2021-12-28T10:00:00.000000000,265.26,235.02867
2021-12-28T11:00:00.000000000,261.25,228.48698
2021-12-28T12:00:00.000000000,260.32,221.00905
2021-12-28T13:00:00.000000000,261.8,213.7435
2021-12-28T14:00:00.000000000,261.41,208.99926
2021-12-28T15:00:00.000000000,260.98,208.34412
2021-12-28T16:00:00.000000000,266.88,212.93207
2021-12-28T17:00:00.000000000,277.31,221.55255
2021-12-28T18:00:00.000000000,288.78,231.79748
2021-12-28T19:00:00.000000000,295.66,241.6627
2021-12-28T20:00:00.000000000,302.74,249.51632
2021-12-28T21:00:00.000000000,308.01,253.97959
2021-12-28T22:00:00.000000000,313.13,254.0871
2021-12-28T23:00:00.000000000,315.79,250.64245
2021-12-29T00:00:00.000000000,198.21,271.2436
2021-12-29T01:00:00.000000000,312.09,267.73644
2021-12-29T02:00:00.000000000,306.12,269.4066
2021-12-29T03:00:00.000000000,302.95,276.62382
2021-12-29T04:00:00.000000000,312.57,288.33215
2021-12-29T05:00:00.000000000,329.55,301.45586
2021-12-29T06:00:00.000000000,340.91,312.35484
2021-12-29T07:00:00.000000000,353.66,320.87533
2021-12-29T08:00:00.000000000,359.97,326.71521
2021-12-29T09:00:00.000000000,359.05,331.17393
2021-12-29T10:00:00.000000000,358.98,334.27124
2021-12-29T11:00:00.000000000,360.32,335.0542
2021-12-29T12:00:00.000000000,358.97,333.9484
2021-12-29T13:00:00.000000000,364.12,330.90092
2021-12-29T14:00:00.000000000,368.77,327.65271
2021-12-29T15:00:00.000000000,367.38,325.1832
2021-12-29T16:00:00.000000000,353.18,323.24066
2021-12-29T17:00:00.000000000,339.64,319.06846
2021-12-29T18:00:00.000000000,324.7,309.70782
2021-12-29T19:00:00.000000000,310.55,295.32356
2021-12-29T20:00:00.000000000,290.85,278.62566
2021-12-29T21:00:00.000000000,269.56,262.21245
2021-12-29T22:00:00.000000000,246.83,248.24677
2021-12-29T23:00:00.000000000,203.37,237.75083
2021-12-30T00:00:00.000000000,116.68,224.79519
2021-12-30T01:00:00.000000000,144.35,220.49458
2021-12-30T02:00:00.000000000,140.53,217.27963
2021-12-30T03:00:00.000000000,144.21,215.10812
2021-12-30T04:00:00.000000000,144.48,213.88408
2021-12-30T05:00:00.000000000,140.8,212.95751
2021-12-30T06:00:00.000000000,147.15,211.50952
2021-12-30T07:00:00.000000000,168.85,210.78815
2021-12-30T08:00:00.000000000,164.1,210.78106
2021-12-30T09:00:00.000000000,156.89,212.54589
2021-12-30T10:00:00.000000000,147.73,215.43063
2021-12-30T11:00:00.000000000,143.5,218.58733
2021-12-30T12:00:00.000000000,133.61,221.92044
2021-12-30T13:00:00.000000000,128.74,224.96357
2021-12-30T14:00:00.000000000,128.15,228.17439
2021-12-30T15:00:00.000000000,131.73,231.26347
2021-12-30T16:00:00.000000000,135.89,234.45883
2021-12-30T17:00:00.000000000,138.67,237.39212
2021-12-30T18:00:00.000000000,141.41,239.61982
2021-12-30T19:00:00.000000000,133.59,241.0512
2021-12-30T20:00:00.000000000,123.46,241.86441
2021-12-30T21:00:00.000000000,116.67,242.23099
2021-12-30T22:00:00.000000000,116.49,241.88239
2021-12-30T23:00:00.000000000,115.72,240.68193
2021-12-31T00:00:00.000000000,111.12,237.15607
2021-12-31T01:00:00.000000000,106.64,236.40042
2021-12-31T02:00:00.000000000,105.88,237.9765
2021-12-31T03:00:00.000000000,107.81,241.52097
2021-12-31T04:00:00.000000000,105.83,246.12326
2021-12-31T05:00:00.000000000,105.01,250.22836
2021-12-31T06:00:00.000000000,106.3,251.80335
2021-12-31T07:00:00.000000000,107.82,251.41017
2021-12-31T08:00:00.000000000,105.98,248.7884
2021-12-31T09:00:00.000000000,102.2,244.67126
2021-12-31T10:00:00.000000000,97.66,238.81095
2021-12-31T11:00:00.000000000,94.66,231.53482
2021-12-31T12:00:00.000000000,96.09,223.9233
2021-12-31T13:00:00.000000000,96.69,215.9752
2021-12-31T14:00:00.000000000,96.26,208.91502
2021-12-31T15:00:00.000000000,98.79,203.21539
2021-12-31T16:00:00.000000000,98.99,199.50468
2021-12-31T17:00:00.000000000,102.19,197.33599
2021-12-31T18:00:00.000000000,101.66,195.82917
2021-12-31T19:00:00.000000000,98.74,194.3591
2021-12-31T20:00:00.000000000,102.26,192.63642
2021-12-31T21:00:00.000000000,108.21,190.39143
2021-12-31T22:00:00.000000000,111.05,187.52362
2021-12-31T23:00:00.000000000,112.3,185.23327
