datetime,carbon_intensity_actual,avg_carbon_intensity_forecast
2021-07-01T00:00:00.000000000,368.18,371.99897
2021-07-01T01:00:00.000000000,383.42,365.4049
2021-07-01T02:00:00.000000000,398.95,359.35912
2021-07-01T03:00:00.000000000,395.58,355.48712
2021-07-01T04:00:00.000000000,386.73,355.33584
2021-07-01T05:00:00.000000000,380.36,354.99028
2021-07-01T06:00:00.000000000,365.67,354.66551
2021-07-01T07:00:00.000000000,357.2,354.04429
2021-07-01T08:00:00.000000000,357.62,353.71537
2021-07-01T09:00:00.000000000,360.02,355.81852
2021-07-01T10:00:00.000000000,363.76,358.44055
2021-07-01T11:00:00.000000000,368.47,362.6116
2021-07-01T12:00:00.000000000,378.09,364.45485
2021-07-01T13:00:00.000000000,375.3,365.51986
2021-07-01T14:00:00.000000000,365.85,372.10007
2021-07-01T15:00:00.000000000,361.68,381.60011
2021-07-01T16:00:00.000000000,363.2,386.12504
2021-07-01T17:00:00.000000000,365.92,388.546
2021-07-01T18:00:00.000000000,367.98,388.3132
2021-07-01T19:00:00.000000000,372.24,385.16658
2021-07-01T20:00:00.000000000,373.12,379.99111
2021-07-01T21:00:00.000000000,369.5,374.11624
2021-07-01T22:00:00.000000000,366.83,368.7552
2021-07-01T23:00:00.000000000,366.12,360.81982
2021-07-02T00:00:00.000000000,361.2,370.70682
2021-07-02T01:00:00.000000000,362.17,363.51179
2021-07-02T02:00:00.000000000,376.78,356.97898
2021-07-02T03:00:00.000000000,379.6,352.82593
2021-07-02T04:00:00.000000000,377.7,352.14545
2021-07-02T05:00:00.000000000,375.49,350.8731
2021-07-02T06:00:00.000000000,362.97,349.46519
2021-07-02T07:00:00.000000000,362.06,347.98157
2021-07-02T08:00:00.000000000,366.66,347.56266
2021-07-02T09:00:00.000000000,367.18,350.27732
2021-07-02T10:00:00.000000000,368.59,353.85664
2021-07-02T11:00:00.000000000,372.03,359.25793
2021-07-02T12:00:00.000000000,375.59,362.41729
2021-07-02T13:00:00.000000000,376.63,364.92034
2021-07-02T14:00:00.000000000,370.27,372.59017
2021-07-02T15:00:00.000000000,372.31,382.76848
2021-07-02T16:00:00.000000000,376.43,387.34391
2021-07-02T17:00:00.000000000,378.08,389.26268
2021-07-02T18:00:00.000000000,377.77,388.4055
2021-07-02T19:00:00.000000000,369.55,384.66924
2021-07-02T20:00:00.000000000,365.71,379.37283
2021-07-02T21:00:00.000000000,360.6,373.21828
2021-07-02T22:00:00.000000000,362.27,367.6097
2021-07-02T23:00:00.000000000,361.59,359.38172
2021-07-03T00:00:00.000000000,366.25,369.05942
2021-07-03T01:00:00.000000000,378.75,363.54589
2021-07-03T02:00:00.000000000,382.65,357.69587
2021-07-03T03:00:00.000000000,380.42,353.31708
2021-07-03T04:00:00.000000000,379.83,351.61343
2021-07-03T05:00:00.000000000,381.84,349.55157
2021-07-03T06:00:00.000000000,381.21,347.94882
2021-07-03T07:00:00.000000000,384.42,346.425
2021-07-03T08:00:00.000000000,389.1,345.71088
2021-07-03T09:00:00.000000000,391.21,348.1538
2021-07-03T10:00:00.000000000,397.79,351.50381
2021-07-03T11:00:00.000000000,403.89,355.97143
2021-07-03T12:00:00.000000000,406.98,358.36838
2021-07-03T13:00:00.000000000,412.41,360.44691
2021-07-03T14:00:00.000000000,408.83,367.81542
2021-07-03T15:00:00.000000000,401.14,377.85843
2021-07-03T16:00:00.000000000,395.09,382.45867
2021-07-03T17:00:00.000000000,387.0,384.92536
2021-07-03T18:00:00.000000000,383.21,385.04307
2021-07-03T19:00:00.000000000,380.64,382.88266
2021-07-03T20:00:00.000000000,377.67,379.79233
2021-07-03T21:00:00.000000000,376.41,376.26557
2021-07-03T22:00:00.000000000,377.01,373.73689
2021-07-03T23:00:00.000000000,378.98,368.03455
2021-07-04T00:00:00.000000000,372.43,371.51337
2021-07-04T01:00:00.000000000,382.62,368.62566
2021-07-04T02:00:00.000000000,388.78,364.27491
2021-07-04T03:00:00.000000000,386.98,359.59712
2021-07-04T04:00:00.000000000,386.08,355.78705
2021-07-04T05:00:00.000000000,387.59,351.06661
2021-07-04T06:00:00.000000000,382.82,347.20705
2021-07-04T07:00:00.000000000,385.47,344.24529
2021-07-04T08:00:00.000000000,394.12,343.14342
2021-07-04T09:00:00.000000000,397.17,346.18593
2021-07-04T10:00:00.000000000,401.56,350.67998
2021-07-04T11:00:00.000000000,402.51,355.23151
2021-07-04T12:00:00.000000000,406.51,356.30746
2021-07-04T13:00:00.000000000,401.34,356.8824
2021-07-04T14:00:00.000000000,387.23,362.75732
2021-07-04T15:00:00.000000000,373.98,371.61148
2021-07-04T16:00:00.000000000,369.83,375.85538
2021-07-04T17:00:00.000000000,374.34,378.5614
2021-07-04T18:00:00.000000000,375.69,379.32234
2021-07-04T19:00:00.000000000,374.98,378.39016
2021-07-04T20:00:00.000000000,370.71,377.57322
2021-07-04T21:00:00.000000000,363.41,377.51943
2021-07-04T22:00:00.000000000,355.73,378.72076
2021-07-04T23:00:00.000000000,349.02,376.11228
2021-07-02T00:00:00.000000000,361.2,375.02347
2021-07-02T01:00:00.000000000,362.17,369.06048
2021-07-02T02:00:00.000000000,376.78,363.71129
2021-07-02T03:00:00.000000000,379.6,360.59256
2021-07-02T04:00:00.000000000,377.7,361.24342
2021-07-02T05:00:00.000000000,375.49,361.59642
2021-07-02T06:00:00.000000000,362.97,361.72012
2021-07-02T07:00:00.000000000,362.06,361.22724
2021-07-02T08:00:00.000000000,366.66,360.53918
2021-07-02T09:00:00.000000000,367.18,361.94094
2021-07-02T10:00:00.000000000,368.59,363.7741
2021-07-02T11:00:00.000000000,372.03,367.24832
2021-07-02T12:00:00.000000000,375.59,368.58876
2021-07-02T13:00:00.000000000,376.63,369.27339
2021-07-02T14:00:00.000000000,370.27,375.63814
2021-07-02T15:00:00.000000000,372.31,385.05918
2021-07-02T16:00:00.000000000,376.43,389.42849
2021-07-02T17:00:00.000000000,378.08,391.57176
2021-07-02T18:00:00.000000000,377.77,391.23163
2021-07-02T19:00:00.000000000,369.55,388.09259
2021-07-02T20:00:00.000000000,365.71,383.05393
2021-07-02T21:00:00.000000000,360.6,377.47503
2021-07-02T22:00:00.000000000,362.27,372.3585
2021-07-02T23:00:00.000000000,361.59,364.67873
2021-07-03T00:00:00.000000000,366.25,369.96059
2021-07-03T01:00:00.000000000,378.75,364.62852
2021-07-03T02:00:00.000000000,382.65,360.20365
2021-07-03T03:00:00.000000000,380.42,358.00054
2021-07-03T04:00:00.000000000,379.83,359.47609
2021-07-03T05:00:00.000000000,381.84,360.32681
2021-07-03T06:00:00.000000000,381.21,360.5847
2021-07-03T07:00:00.000000000,384.42,359.80562
2021-07-03T08:00:00.000000000,389.1,358.66941
2021-07-03T09:00:00.000000000,391.21,359.48989
2021-07-03T10:00:00.000000000,397.79,360.7098
2021-07-03T11:00:00.000000000,403.89,363.70831
2021-07-03T12:00:00.000000000,406.98,364.8619
2021-07-03T13:00:00.000000000,412.41,365.62764
2021-07-03T14:00:00.000000000,408.83,372.11962
2021-07-03T15:00:00.000000000,401.14,381.79315
2021-07-03T16:00:00.000000000,395.09,386.50785
2021-07-03T17:00:00.000000000,387.0,388.9626
2021-07-03T18:00:00.000000000,383.21,388.9145
2021-07-03T19:00:00.000000000,380.64,385.73603
2021-07-03T20:00:00.000000000,377.67,380.18514
2021-07-03T21:00:00.000000000,376.41,374.15804
2021-07-03T22:00:00.000000000,377.01,368.6327
2021-07-03T23:00:00.000000000,378.98,360.78668
2021-07-04T00:00:00.000000000,372.43,361.20736
2021-07-04T01:00:00.000000000,382.62,360.39978
2021-07-04T02:00:00.000000000,388.78,357.87032
2021-07-04T03:00:00.000000000,386.98,354.2766
2021-07-04T04:00:00.000000000,386.08,350.78826
2021-07-04T05:00:00.000000000,387.59,345.97147
2021-07-04T06:00:00.000000000,382.82,341.36259
2021-07-04T07:00:00.000000000,385.47,336.71761
2021-07-04T08:00:00.000000000,394.12,333.26654
2021-07-04T09:00:00.000000000,397.17,333.69782
2021-07-04T10:00:00.000000000,401.56,335.97593
2021-07-04T11:00:00.000000000,402.51,339.02157
2021-07-04T12:00:00.000000000,406.51,339.67889
2021-07-04T13:00:00.000000000,401.34,340.83914
2021-07-04T14:00:00.000000000,387.23,347.76432
2021-07-04T15:00:00.000000000,373.98,358.26308
2021-07-04T16:00:00.000000000,369.83,364.68758
2021-07-04T17:00:00.000000000,374.34,369.87197
2021-07-04T18:00:00.000000000,375.69,372.76845
2021-07-04T19:00:00.000000000,374.98,372.82766
2021-07-04T20:00:00.000000000,370.71,372.07785
2021-07-04T21:00:00.000000000,363.41,372.37062
2021-07-04T22:00:00.000000000,355.73,374.13882
2021-07-04T23:00:00.000000000,349.02,371.96173
2021-07-05T00:00:00.000000000,337.18,372.05814
2021-07-05T01:00:00.000000000,327.86,369.12201
2021-07-05T02:00:00.000000000,342.87,365.15729
2021-07-05T03:00:00.000000000,345.82,361.15702
2021-07-05T04:00:00.000000000,342.8,358.07733
2021-07-05T05:00:00.000000000,340.57,353.77363
2021-07-05T06:00:00.000000000,345.59,349.8725
2021-07-05T07:00:00.000000000,351.99,346.64605
2021-07-05T08:00:00.000000000,363.07,345.28253
2021-07-05T09:00:00.000000000,367.62,348.10226
2021-07-05T10:00:00.000000000,376.67,352.4104
2021-07-05T11:00:00.000000000,382.81,356.98745
2021-07-05T12:00:00.000000000,389.1,358.1628
2021-07-05T13:00:00.000000000,390.98,358.87623
2021-07-05T14:00:00.000000000,392.55,364.93039
2021-07-05T15:00:00.000000000,385.62,373.94255
2021-07-05T16:00:00.000000000,376.4,378.13165
2021-07-05T17:00:00.000000000,372.27,380.54448
2021-07-05T18:00:00.000000000,370.72,380.8695
2021-07-05T19:00:00.000000000,370.8,379.36277
2021-07-05T20:00:00.000000000,363.21,377.92231
2021-07-05T21:00:00.000000000,356.01,377.14635
2021-07-05T22:00:00.000000000,352.5,377.5522
2021-07-05T23:00:00.000000000,346.39,374.3856
2021-07-03T00:00:00.000000000,366.25,371.54441
2021-07-03T01:00:00.000000000,378.75,367.11302
2021-07-03T02:00:00.000000000,382.65,363.16526
2021-07-03T03:00:00.000000000,380.42,361.13777
2021-07-03T04:00:00.000000000,379.83,362.89887
2021-07-03T05:00:00.000000000,381.84,364.47335
2021-07-03T06:00:00.000000000,381.21,365.76717
2021-07-03T07:00:00.000000000,384.42,366.03256
2021-07-03T08:00:00.000000000,389.1,365.38975
2021-07-03T09:00:00.000000000,391.21,366.20807
2021-07-03T10:00:00.000000000,397.79,366.98371
2021-07-03T11:00:00.000000000,403.89,368.92445
2021-07-03T12:00:00.000000000,406.98,368.65306
2021-07-03T13:00:00.000000000,412.41,367.70563
2021-07-03T14:00:00.000000000,408.83,372.35345
2021-07-03T15:00:00.000000000,401.14,380.08714
2021-07-03T16:00:00.000000000,395.09,383.35056
2021-07-03T17:00:00.000000000,387.0,384.92654
2021-07-03T18:00:00.000000000,383.21,384.72529
2021-07-03T19:00:00.000000000,380.64,382.19199
2021-07-03T20:00:00.000000000,377.67,377.78347
2021-07-03T21:00:00.000000000,376.41,373.29162
2021-07-03T22:00:00.000000000,377.01,369.31028
2021-07-03T23:00:00.000000000,378.98,363.03825
2021-07-04T00:00:00.000000000,372.43,365.93353
2021-07-04T01:00:00.000000000,382.62,360.15629
2021-07-04T02:00:00.000000000,388.78,354.13301
2021-07-04T03:00:00.000000000,386.98,349.38872
2021-07-04T04:00:00.000000000,386.08,346.70288
2021-07-04T05:00:00.000000000,387.59,343.12648
2021-07-04T06:00:00.000000000,382.82,339.5224
2021-07-04T07:00:00.000000000,385.47,335.83693
2021-07-04T08:00:00.000000000,394.12,333.45639
2021-07-04T09:00:00.000000000,397.17,334.76098
2021-07-04T10:00:00.000000000,401.56,337.69683
2021-07-04T11:00:00.000000000,402.51,342.60682
2021-07-04T12:00:00.000000000,406.51,345.99401
2021-07-04T13:00:00.000000000,401.34,349.5708
2021-07-04T14:00:00.000000000,387.23,358.5737
2021-07-04T15:00:00.000000000,373.98,370.17604
2021-07-04T16:00:00.000000000,369.83,376.38507
2021-07-04T17:00:00.000000000,374.34,380.3311
2021-07-04T18:00:00.000000000,375.69,381.4312
2021-07-04T19:00:00.000000000,374.98,379.40897
2021-07-04T20:00:00.000000000,370.71,376.01701
2021-07-04T21:00:00.000000000,363.41,372.06211
2021-07-04T22:00:00.000000000,355.73,368.94192
2021-07-04T23:00:00.000000000,349.02,362.41889
2021-07-05T00:00:00.000000000,337.18,367.98731
2021-07-05T01:00:00.000000000,327.86,361.29325
2021-07-05T02:00:00.000000000,342.87,354.43472
2021-07-05T03:00:00.000000000,345.82,349.33912
2021-07-05T04:00:00.000000000,342.8,346.87139
2021-07-05T05:00:00.000000000,340.57,343.79003
2021-07-05T06:00:00.000000000,345.59,341.31483
2021-07-05T07:00:00.000000000,351.99,339.35818
2021-07-05T08:00:00.000000000,363.07,339.12808
2021-07-05T09:00:00.000000000,367.62,342.66186
2021-07-05T10:00:00.000000000,376.67,347.38407
2021-07-05T11:00:00.000000000,382.81,353.3666
2021-07-05T12:00:00.000000000,389.1,357.05454
2021-07-05T13:00:00.000000000,390.98,360.26361
2021-07-05T14:00:00.000000000,392.55,368.18665
2021-07-05T15:00:00.000000000,385.62,378.19602
2021-07-05T16:00:00.000000000,376.4,382.42309
2021-07-05T17:00:00.000000000,372.27,384.20561
2021-07-05T18:00:00.000000000,370.72,383.6337
2021-07-05T19:00:00.000000000,370.8,380.84899
2021-07-05T20:00:00.000000000,363.21,377.43251
2021-07-05T21:00:00.000000000,356.01,373.26361
2021-07-05T22:00:00.000000000,352.5,369.87886
2021-07-05T23:00:00.000000000,346.39,363.25981
2021-07-06T00:00:00.000000000,345.77,366.82018
2021-07-06T01:00:00.000000000,355.81,359.33595
2021-07-06T02:00:00.000000000,373.56,352.74882
2021-07-06T03:00:00.000000000,378.38,348.84813
2021-07-06T04:00:00.000000000,377.73,349.16532
2021-07-06T05:00:00.000000000,381.73,349.28472
2021-07-06T06:00:00.000000000,383.32,349.98049
2021-07-06T07:00:00.000000000,385.29,351.06492
2021-07-06T08:00:00.000000000,389.59,353.41438
2021-07-06T09:00:00.000000000,394.17,358.58004
2021-07-06T10:00:00.000000000,401.71,363.9367
2021-07-06T11:00:00.000000000,412.06,370.23817
2021-07-06T12:00:00.000000000,414.9,373.2765
2021-07-06T13:00:00.000000000,412.47,374.85242
2021-07-06T14:00:00.000000000,400.99,380.88615
2021-07-06T15:00:00.000000000,397.22,389.20776
2021-07-06T16:00:00.000000000,387.54,391.90247
2021-07-06T17:00:00.000000000,376.96,392.07345
2021-07-06T18:00:00.000000000,370.65,389.64542
2021-07-06T19:00:00.000000000,363.83,384.72923
2021-07-06T20:00:00.000000000,358.58,378.32074
2021-07-06T21:00:00.000000000,357.65,370.86746
2021-07-06T22:00:00.000000000,358.61,363.97538
2021-07-06T23:00:00.000000000,360.37,354.85929
2021-07-04T00:00:00.000000000,372.43,385.81603
2021-07-04T01:00:00.000000000,382.62,380.4075
2021-07-04T02:00:00.000000000,388.78,373.70702
2021-07-04T03:00:00.000000000,386.98,367.48819
2021-07-04T04:00:00.000000000,386.08,362.87113
2021-07-04T05:00:00.000000000,387.59,357.95565
2021-07-04T06:00:00.000000000,382.82,353.71106
2021-07-04T07:00:00.000000000,385.47,350.44344
2021-07-04T08:00:00.000000000,394.12,348.71032
2021-07-04T09:00:00.000000000,397.17,351.35403
2021-07-04T10:00:00.000000000,401.56,355.79841
2021-07-04T11:00:00.000000000,402.51,361.2765
2021-07-04T12:00:00.000000000,406.51,363.73312
2021-07-04T13:00:00.000000000,401.34,365.03312
2021-07-04T14:00:00.000000000,387.23,371.22119
2021-07-04T15:00:00.000000000,373.98,379.51772
2021-07-04T16:00:00.000000000,369.83,382.57602
2021-07-04T17:00:00.000000000,374.34,383.76666
2021-07-04T18:00:00.000000000,375.69,383.34857
2021-07-04T19:00:00.000000000,374.98,382.15698
2021-07-04T20:00:00.000000000,370.71,381.81708
2021-07-04T21:00:00.000000000,363.41,382.27646
2021-07-04T22:00:00.000000000,355.73,383.52349
2021-07-04T23:00:00.000000000,349.02,380.93527
2021-07-05T00:00:00.000000000,337.18,382.86386
2021-07-05T01:00:00.000000000,327.86,374.22666
2021-07-05T02:00:00.000000000,342.87,365.46255
2021-07-05T03:00:00.000000000,345.82,358.91045
2021-07-05T04:00:00.000000000,342.8,355.79225
2021-07-05T05:00:00.000000000,340.57,352.82004
2021-07-05T06:00:00.000000000,345.59,350.79547
2021-07-05T07:00:00.000000000,351.99,349.80055
2021-07-05T08:00:00.000000000,363.07,350.49076
2021-07-05T09:00:00.000000000,367.62,354.92898
2021-07-05T10:00:00.000000000,376.67,360.43609
2021-07-05T11:00:00.000000000,382.81,367.21613
2021-07-05T12:00:00.000000000,389.1,371.0785
2021-07-05T13:00:00.000000000,390.98,373.62415
2021-07-05T14:00:00.000000000,392.55,380.77994
2021-07-05T15:00:00.000000000,385.62,389.77044
2021-07-05T16:00:00.000000000,376.4,392.7298
2021-07-05T17:00:00.000000000,372.27,393.17104
2021-07-05T18:00:00.000000000,370.72,391.61589
2021-07-05T19:00:00.000000000,370.8,388.72746
2021-07-05T20:00:00.000000000,363.21,385.85735
2021-07-05T21:00:00.000000000,356.01,382.25838
2021-07-05T22:00:00.000000000,352.5,378.93738
2021-07-05T23:00:00.000000000,346.39,372.1183
2021-07-06T00:00:00.000000000,345.77,375.20805
2021-07-06T01:00:00.000000000,355.81,367.76617
2021-07-06T02:00:00.000000000,373.56,359.98228
2021-07-06T03:00:00.000000000,378.38,354.15344
2021-07-06T04:00:00.000000000,377.73,351.40537
2021-07-06T05:00:00.000000000,381.73,348.39697
2021-07-06T06:00:00.000000000,383.32,346.17626
2021-07-06T07:00:00.000000000,385.29,344.89985
2021-07-06T08:00:00.000000000,389.59,345.61556
2021-07-06T09:00:00.000000000,394.17,350.35981
2021-07-06T10:00:00.000000000,401.71,356.30081
2021-07-06T11:00:00.000000000,412.06,363.3284
2021-07-06T12:00:00.000000000,414.9,367.04801
2021-07-06T13:00:00.000000000,412.47,369.46722
2021-07-06T14:00:00.000000000,400.99,376.38425
2021-07-06T15:00:00.000000000,397.22,385.1841
2021-07-06T16:00:00.000000000,387.54,388.14568
2021-07-06T17:00:00.000000000,376.96,388.50014
2021-07-06T18:00:00.000000000,370.65,386.29254
2021-07-06T19:00:00.000000000,363.83,382.1724
2021-07-06T20:00:00.000000000,358.58,378.01247
2021-07-06T21:00:00.000000000,357.65,373.38322
2021-07-06T22:00:00.000000000,358.61,369.74317
2021-07-06T23:00:00.000000000,360.37,363.30622
2021-07-07T00:00:00.000000000,360.77,358.4268
2021-07-07T01:00:00.000000000,374.61,359.11743
2021-07-07T02:00:00.000000000,394.54,359.27166
2021-07-07T03:00:00.000000000,398.38,360.56088
2021-07-07T04:00:00.000000000,400.95,364.78203
2021-07-07T05:00:00.000000000,404.34,367.91424
2021-07-07T06:00:00.000000000,403.93,370.64155
2021-07-07T07:00:00.000000000,407.72,372.57754
2021-07-07T08:00:00.000000000,415.57,374.19264
2021-07-07T09:00:00.000000000,420.45,377.67922
2021-07-07T10:00:00.000000000,423.36,381.02655
2021-07-07T11:00:00.000000000,423.23,384.58398
2021-07-07T12:00:00.000000000,419.85,384.16585
2021-07-07T13:00:00.000000000,413.84,382.94148
2021-07-07T14:00:00.000000000,390.6,385.29781
2021-07-07T15:00:00.000000000,381.7,388.36709
2021-07-07T16:00:00.000000000,380.92,385.14785
2021-07-07T17:00:00.000000000,380.77,378.82512
2021-07-07T18:00:00.000000000,375.36,371.21222
2021-07-07T19:00:00.000000000,375.42,362.55711
2021-07-07T20:00:00.000000000,373.42,355.3079
2021-07-07T21:00:00.000000000,372.16,350.21483
2021-07-07T22:00:00.000000000,371.71,347.33056
2021-07-07T23:00:00.000000000,369.69,344.14195
2021-07-05T00:00:00.000000000,337.18,365.50634
2021-07-05T01:00:00.000000000,327.86,360.87093
2021-07-05T02:00:00.000000000,342.87,354.96521
2021-07-05T03:00:00.000000000,345.82,349.48585
2021-07-05T04:00:00.000000000,342.8,345.48454
2021-07-05T05:00:00.000000000,340.57,340.92399
2021-07-05T06:00:00.000000000,345.59,337.1686
2021-07-05T07:00:00.000000000,351.99,334.34534
2021-07-05T08:00:00.000000000,363.07,333.52642
2021-07-05T09:00:00.000000000,367.62,337.2426
2021-07-05T10:00:00.000000000,376.67,342.36609
2021-07-05T11:00:00.000000000,382.81,348.36722
2021-07-05T12:00:00.000000000,389.1,351.70065
2021-07-05T13:00:00.000000000,390.98,354.21646
2021-07-05T14:00:00.000000000,392.55,360.81589
2021-07-05T15:00:00.000000000,385.62,369.19078
2021-07-05T16:00:00.000000000,376.4,372.20304
2021-07-05T17:00:00.000000000,372.27,373.15148
2021-07-05T18:00:00.000000000,370.72,372.55227
2021-07-05T19:00:00.000000000,370.8,370.91368
2021-07-05T20:00:00.000000000,363.21,369.86196
2021-07-05T21:00:00.000000000,356.01,369.3647
2021-07-05T22:00:00.000000000,352.5,370.12059
2021-07-05T23:00:00.000000000,346.39,367.4895
2021-07-06T00:00:00.000000000,345.77,355.87873
2021-07-06T01:00:00.000000000,355.81,357.42613
2021-07-06T02:00:00.000000000,373.56,358.47468
2021-07-06T03:00:00.000000000,378.38,360.85225
2021-07-06T04:00:00.000000000,377.73,366.75816
2021-07-06T05:00:00.000000000,381.73,371.84478
2021-07-06T06:00:00.000000000,383.32,376.59533
2021-07-06T07:00:00.000000000,385.29,380.22053
2021-07-06T08:00:00.000000000,389.59,382.9544
2021-07-06T09:00:00.000000000,394.17,386.64668
2021-07-06T10:00:00.000000000,401.71,389.69585
2021-07-06T11:00:00.000000000,412.06,392.06851
2021-07-06T12:00:00.000000000,414.9,389.56908
2021-07-06T13:00:00.000000000,412.47,385.86447
2021-07-06T14:00:00.000000000,400.99,385.35804
2021-07-06T15:00:00.000000000,397.22,385.38326
2021-07-06T16:00:00.000000000,387.54,379.78907
2021-07-06T17:00:00.000000000,376.96,372.04629
2021-07-06T18:00:00.000000000,370.65,363.99232
2021-07-06T19:00:00.000000000,363.83,355.34248
2021-07-06T20:00:00.000000000,358.58,348.37304
2021-07-06T21:00:00.000000000,357.65,343.93136
2021-07-06T22:00:00.000000000,358.61,341.40634
2021-07-06T23:00:00.000000000,360.37,338.82788
2021-07-07T00:00:00.000000000,360.77,343.53013
2021-07-07T01:00:00.000000000,374.61,344.7123
2021-07-07T02:00:00.000000000,394.54,345.84496
2021-07-07T03:00:00.000000000,398.38,347.72583
2021-07-07T04:00:00.000000000,400.95,351.87041
2021-07-07T05:00:00.000000000,404.34,354.09454
2021-07-07T06:00:00.000000000,403.93,355.34038
2021-07-07T07:00:00.000000000,407.72,355.98368
2021-07-07T08:00:00.000000000,415.57,357.48857
2021-07-07T09:00:00.000000000,420.45,361.92375
2021-07-07T10:00:00.000000000,423.36,366.31903
2021-07-07T11:00:00.000000000,423.23,371.35259
2021-07-07T12:00:00.000000000,419.85,373.02425
2021-07-07T13:00:00.000000000,413.84,374.34075
2021-07-07T14:00:00.000000000,390.6,379.35521
2021-07-07T15:00:00.000000000,381.7,385.63213
2021-07-07T16:00:00.000000000,380.92,385.12668
2021-07-07T17:00:00.000000000,380.77,380.83805
2021-07-07T18:00:00.000000000,375.36,374.20733
2021-07-07T19:00:00.000000000,375.42,365.58081
2021-07-07T20:00:00.000000000,373.42,357.43881
2021-07-07T21:00:00.000000000,372.16,351.10155
2021-07-07T22:00:00.000000000,371.71,347.45431
2021-07-07T23:00:00.000000000,369.69,343.43427
2021-07-08T00:00:00.000000000,375.9,344.78085
2021-07-08T01:00:00.000000000,389.75,341.92291
2021-07-08T02:00:00.000000000,405.09,339.08866
2021-07-08T03:00:00.000000000,403.12,337.95405
2021-07-08T04:00:00.000000000,401.03,340.51459
2021-07-08T05:00:00.000000000,400.58,342.46945
2021-07-08T06:00:00.000000000,395.47,344.91362
2021-07-08T07:00:00.000000000,388.79,347.61529
2021-07-08T08:00:00.000000000,387.94,351.58922
2021-07-08T09:00:00.000000000,384.26,358.37893
2021-07-08T10:00:00.000000000,386.4,364.69348
2021-07-08T11:00:00.000000000,383.91,370.99607
2021-07-08T12:00:00.000000000,388.14,373.19736
2021-07-08T13:00:00.000000000,387.77,374.07946
2021-07-08T14:00:00.000000000,370.18,378.66529
2021-07-08T15:00:00.000000000,364.07,384.86589
2021-07-08T16:00:00.000000000,362.62,385.07268
2021-07-08T17:00:00.000000000,366.74,382.25393
2021-07-08T18:00:00.000000000,366.81,376.51566
2021-07-08T19:00:00.000000000,363.15,368.30826
2021-07-08T20:00:00.000000000,360.41,359.46599
2021-07-08T21:00:00.000000000,359.64,350.94305
2021-07-08T22:00:00.000000000,356.99,344.93532
2021-07-08T23:00:00.000000000,354.27,338.55199
2021-07-06T00:00:00.000000000,345.77,353.69243
2021-07-06T01:00:00.000000000,355.81,356.2249
2021-07-06T02:00:00.000000000,373.56,358.16669
2021-07-06T03:00:00.000000000,378.38,360.62469
2021-07-06T04:00:00.000000000,377.73,365.1536
2021-07-06T05:00:00.000000000,381.73,368.22423
2021-07-06T06:00:00.000000000,383.32,369.49719
2021-07-06T07:00:00.000000000,385.29,368.86894
2021-07-06T08:00:00.000000000,389.59,366.39489
2021-07-06T09:00:00.000000000,394.17,365.00091
2021-07-06T10:00:00.000000000,401.71,363.17124
2021-07-06T11:00:00.000000000,412.06,362.72064
2021-07-06T12:00:00.000000000,414.9,360.58834
2021-07-06T13:00:00.000000000,412.47,359.6531
2021-07-06T14:00:00.000000000,400.99,364.29918
2021-07-06T15:00:00.000000000,397.22,370.29679
2021-07-06T16:00:00.000000000,387.54,370.29349
2021-07-06T17:00:00.000000000,376.96,366.81532
2021-07-06T18:00:00.000000000,370.65,361.59164
2021-07-06T19:00:00.000000000,363.83,354.28644
2021-07-06T20:00:00.000000000,358.58,346.86149
2021-07-06T21:00:00.000000000,357.65,342.18595
2021-07-06T22:00:00.000000000,358.61,340.26317
2021-07-06T23:00:00.000000000,360.37,338.45825
2021-07-07T00:00:00.000000000,360.77,338.08192
2021-07-07T01:00:00.000000000,374.61,339.54969
2021-07-07T02:00:00.000000000,394.54,341.09779
2021-07-07T03:00:00.000000000,398.38,344.17476
2021-07-07T04:00:00.000000000,400.95,351.22154
2021-07-07T05:00:00.000000000,404.34,357.34053
2021-07-07T06:00:00.000000000,403.93,363.18317
2021-07-07T07:00:00.000000000,407.72,367.78553
2021-07-07T08:00:00.000000000,415.57,371.98421
2021-07-07T09:00:00.000000000,420.45,377.11261
2021-07-07T10:00:00.000000000,423.36,381.04577
2021-07-07T11:00:00.000000000,423.23,384.15157
2021-07-07T12:00:00.000000000,419.85,382.55559
2021-07-07T13:00:00.000000000,413.84,380.02248
2021-07-07T14:00:00.000000000,390.6,380.37364
2021-07-07T15:00:00.000000000,381.7,381.58477
2021-07-07T16:00:00.000000000,380.92,377.05971
2021-07-07T17:00:00.000000000,380.77,370.2197
2021-07-07T18:00:00.000000000,375.36,362.89395
2021-07-07T19:00:00.000000000,375.42,354.20258
2021-07-07T20:00:00.000000000,373.42,346.1237
2021-07-07T21:00:00.000000000,372.16,340.07158
2021-07-07T22:00:00.000000000,371.71,336.0463
2021-07-07T23:00:00.000000000,369.69,332.12345
2021-07-08T00:00:00.000000000,375.9,338.7416
2021-07-08T01:00:00.000000000,389.75,337.46407
2021-07-08T02:00:00.000000000,405.09,336.13545
2021-07-08T03:00:00.000000000,403.12,336.04499
2021-07-08T04:00:00.000000000,401.03,339.24011
2021-07-08T05:00:00.000000000,400.58,341.53926
2021-07-08T06:00:00.000000000,395.47,344.04068
2021-07-08T07:00:00.000000000,388.79,346.58804
2021-07-08T08:00:00.000000000,387.94,350.3769
2021-07-08T09:00:00.000000000,384.26,356.97701
2021-07-08T10:00:00.000000000,386.4,362.98082
2021-07-08T11:00:00.000000000,383.91,368.93614
2021-07-08T12:00:00.000000000,388.14,371.06905
2021-07-08T13:00:00.000000000,387.77,372.17944
2021-07-08T14:00:00.000000000,370.18,376.77596
2021-07-08T15:00:00.000000000,364.07,382.98301
2021-07-08T16:00:00.000000000,362.62,383.00464
2021-07-08T17:00:00.000000000,366.74,379.92894
2021-07-08T18:00:00.000000000,366.81,374.37428
2021-07-08T19:00:00.000000000,363.15,366.61153
2021-07-08T20:00:00.000000000,360.41,358.439
2021-07-08T21:00:00.000000000,359.64,350.99711
2021-07-08T22:00:00.000000000,356.99,346.10707
2021-07-08T23:00:00.000000000,354.27,340.68454
2021-07-09T00:00:00.000000000,352.9,342.84645
2021-07-09T01:00:00.000000000,357.34,341.97851
2021-07-09T02:00:00.000000000,364.83,338.40534
2021-07-09T03:00:00.000000000,354.05,333.33088
2021-07-09T04:00:00.000000000,335.67,326.98815
2021-07-09T05:00:00.000000000,316.38,319.02411
2021-07-09T06:00:00.000000000,303.21,310.98854
2021-07-09T07:00:00.000000000,301.96,302.84525
2021-07-09T08:00:00.000000000,302.92,296.93444
2021-07-09T09:00:00.000000000,305.84,296.19123
2021-07-09T10:00:00.000000000,319.84,297.75134
2021-07-09T11:00:00.000000000,326.8,301.01317
2021-07-09T12:00:00.000000000,340.32,302.59693
2021-07-09T13:00:00.000000000,346.6,305.49832
2021-07-09T14:00:00.000000000,332.86,313.34392
2021-07-09T15:00:00.000000000,324.8,324.21492
2021-07-09T16:00:00.000000000,333.07,331.72702
2021-07-09T17:00:00.000000000,339.39,337.66926
2021-07-09T18:00:00.000000000,341.9,341.80507
2021-07-09T19:00:00.000000000,339.17,342.56344
2021-07-09T20:00:00.000000000,329.56,343.27351
2021-07-09T21:00:00.000000000,322.84,344.91905
2021-07-09T22:00:00.000000000,317.81,348.38225
2021-07-09T23:00:00.000000000,313.3,348.48709
2021-07-07T00:00:00.000000000,360.77,363.21342
2021-07-07T01:00:00.000000000,374.61,367.28818
2021-07-07T02:00:00.000000000,394.54,369.3561
2021-07-07T03:00:00.000000000,398.38,372.06778
2021-07-07T04:00:00.000000000,400.95,377.47695
2021-07-07T05:00:00.000000000,404.34,381.96006
2021-07-07T06:00:00.000000000,403.93,385.66965
2021-07-07T07:00:00.000000000,407.72,387.89013
2021-07-07T08:00:00.000000000,415.57,388.20933
2021-07-07T09:00:00.000000000,420.45,389.6345
2021-07-07T10:00:00.000000000,423.36,391.0535
2021-07-07T11:00:00.000000000,423.23,392.63901
2021-07-07T12:00:00.000000000,419.85,390.36711
2021-07-07T13:00:00.000000000,413.84,387.18424
2021-07-07T14:00:00.000000000,390.6,386.28992
2021-07-07T15:00:00.000000000,381.7,384.23827
2021-07-07T16:00:00.000000000,380.92,375.66758
2021-07-07T17:00:00.000000000,380.77,364.39504
2021-07-07T18:00:00.000000000,375.36,353.75012
2021-07-07T19:00:00.000000000,375.42,344.06918
2021-07-07T20:00:00.000000000,373.42,338.15245
2021-07-07T21:00:00.000000000,372.16,336.38922
2021-07-07T22:00:00.000000000,371.71,337.42548
2021-07-07T23:00:00.000000000,369.69,338.94844
2021-07-08T00:00:00.000000000,375.9,343.72101
2021-07-08T01:00:00.000000000,389.75,348.43899
2021-07-08T02:00:00.000000000,405.09,352.23137
2021-07-08T03:00:00.000000000,403.12,357.0507
2021-07-08T04:00:00.000000000,401.03,365.24243
2021-07-08T05:00:00.000000000,400.58,372.23891
2021-07-08T06:00:00.000000000,395.47,378.04815
2021-07-08T07:00:00.000000000,388.79,381.82688
2021-07-08T08:00:00.000000000,387.94,383.89457
2021-07-08T09:00:00.000000000,384.26,386.293
2021-07-08T10:00:00.000000000,386.4,387.53572
2021-07-08T11:00:00.000000000,383.91,388.70895
2021-07-08T12:00:00.000000000,388.14,385.99046
2021-07-08T13:00:00.000000000,387.77,382.98559
2021-07-08T14:00:00.000000000,370.18,383.14033
2021-07-08T15:00:00.000000000,364.07,383.56992
2021-07-08T16:00:00.000000000,362.62,377.60911
2021-07-08T17:00:00.000000000,366.74,368.39777
2021-07-08T18:00:00.000000000,366.81,358.58553
2021-07-08T19:00:00.000000000,363.15,347.8012
2021-07-08T20:00:00.000000000,360.41,339.11667
2021-07-08T21:00:00.000000000,359.64,333.61565
2021-07-08T22:00:00.000000000,356.99,331.15411
2021-07-08T23:00:00.000000000,354.27,329.75892
2021-07-09T00:00:00.000000000,352.9,343.25906
2021-07-09T01:00:00.000000000,357.34,339.14323
2021-07-09T02:00:00.000000000,364.83,333.55371
2021-07-09T03:00:00.000000000,354.05,328.45338
2021-07-09T04:00:00.000000000,335.67,324.52256
2021-07-09T05:00:00.000000000,316.38,319.99379
2021-07-09T06:00:00.000000000,303.21,316.09527
2021-07-09T07:00:00.000000000,301.96,312.64891
2021-07-09T08:00:00.000000000,302.92,311.20072
2021-07-09T09:00:00.000000000,305.84,314.05262
2021-07-09T10:00:00.000000000,319.84,318.09831
2021-07-09T11:00:00.000000000,326.8,323.25627
2021-07-09T12:00:00.000000000,340.32,326.67568
2021-07-09T13:00:00.000000000,346.6,330.33973
2021-07-09T14:00:00.000000000,332.86,337.80353
2021-07-09T15:00:00.000000000,324.8,346.89478
2021-07-09T16:00:00.000000000,333.07,350.89571
2021-07-09T17:00:00.000000000,339.39,353.00579
2021-07-09T18:00:00.000000000,341.9,353.64403
2021-07-09T19:00:00.000000000,339.17,352.31367
2021-07-09T20:00:00.000000000,329.56,351.2005
2021-07-09T21:00:00.000000000,322.84,350.10866
2021-07-09T22:00:00.000000000,317.81,350.31034
2021-07-09T23:00:00.000000000,313.3,347.40604
2021-07-10T00:00:00.000000000,316.56,342.57281
2021-07-10T01:00:00.000000000,331.42,335.01766
2021-07-10T02:00:00.000000000,353.5,321.78815
2021-07-10T03:00:00.000000000,354.29,307.43672
2021-07-10T04:00:00.000000000,338.67,292.36701
2021-07-10T05:00:00.000000000,320.2,278.48919
2021-07-10T06:00:00.000000000,295.2,266.93454
2021-07-10T07:00:00.000000000,282.53,258.0542
2021-07-10T08:00:00.000000000,295.66,253.37997
2021-07-10T09:00:00.000000000,309.25,255.73566
2021-07-10T10:00:00.000000000,322.08,260.35918
2021-07-10T11:00:00.000000000,328.33,266.91606
2021-07-10T12:00:00.000000000,335.17,271.054
2021-07-10T13:00:00.000000000,336.25,275.1942
2021-07-10T14:00:00.000000000,317.87,282.92658
2021-07-10T15:00:00.000000000,315.91,292.09094
2021-07-10T16:00:00.000000000,318.48,298.79445
2021-07-10T17:00:00.000000000,310.74,303.99216
2021-07-10T18:00:00.000000000,304.57,308.53184
2021-07-10T19:00:00.000000000,304.3,310.85467
2021-07-10T20:00:00.000000000,302.09,314.95434
2021-07-10T21:00:00.000000000,311.03,319.7601
2021-07-10T22:00:00.000000000,316.92,326.4519
2021-07-10T23:00:00.000000000,324.69,330.01282
2021-07-08T00:00:00.000000000,375.9,376.00858
2021-07-08T01:00:00.000000000,389.75,376.70752
2021-07-08T02:00:00.000000000,405.09,376.10385
2021-07-08T03:00:00.000000000,403.12,376.11305
2021-07-08T04:00:00.000000000,401.03,378.5396
2021-07-08T05:00:00.000000000,400.58,380.43044
2021-07-08T06:00:00.000000000,395.47,381.48542
2021-07-08T07:00:00.000000000,388.79,381.22014
2021-07-08T08:00:00.000000000,387.94,378.95734
2021-07-08T09:00:00.000000000,384.26,377.86255
2021-07-08T10:00:00.000000000,386.4,376.82417
2021-07-08T11:00:00.000000000,383.91,376.71986
2021-07-08T12:00:00.000000000,388.14,374.27814
2021-07-08T13:00:00.000000000,387.77,371.84246
2021-07-08T14:00:00.000000000,370.18,374.59649
2021-07-08T15:00:00.000000000,364.07,378.79229
2021-07-08T16:00:00.000000000,362.62,377.6698
2021-07-08T17:00:00.000000000,366.74,374.27436
2021-07-08T18:00:00.000000000,366.81,370.37358
2021-07-08T19:00:00.000000000,363.15,365.93606
2021-07-08T20:00:00.000000000,360.41,362.70533
2021-07-08T21:00:00.000000000,359.64,362.03011
2021-07-08T22:00:00.000000000,356.99,363.03323
2021-07-08T23:00:00.000000000,354.27,362.58948
2021-07-09T00:00:00.000000000,352.9,364.44019
2021-07-09T01:00:00.000000000,357.34,357.03636
2021-07-09T02:00:00.000000000,364.83,348.72136
2021-07-09T03:00:00.000000000,354.05,341.81732
2021-07-09T04:00:00.000000000,335.67,337.25872
2021-07-09T05:00:00.000000000,316.38,332.64322
2021-07-09T06:00:00.000000000,303.21,329.68441
2021-07-09T07:00:00.000000000,301.96,328.19707
2021-07-09T08:00:00.000000000,302.92,329.3818
2021-07-09T09:00:00.000000000,305.84,335.21806
2021-07-09T10:00:00.000000000,319.84,342.30945
2021-07-09T11:00:00.000000000,326.8,349.70828
2021-07-09T12:00:00.000000000,340.32,353.64828
2021-07-09T13:00:00.000000000,346.6,356.19446
2021-07-09T14:00:00.000000000,332.86,362.13578
2021-07-09T15:00:00.000000000,324.8,369.25973
2021-07-09T16:00:00.000000000,333.07,371.01147
2021-07-09T17:00:00.000000000,339.39,370.9171
2021-07-09T18:00:00.000000000,341.9,369.39419
2021-07-09T19:00:00.000000000,339.17,366.89004
2021-07-09T20:00:00.000000000,329.56,364.88742
2021-07-09T21:00:00.000000000,322.84,362.48127
2021-07-09T22:00:00.000000000,317.81,360.95046
2021-07-09T23:00:00.000000000,313.3,356.3522
2021-07-10T00:00:00.000000000,316.56,347.72477
2021-07-10T01:00:00.000000000,331.42,343.23873
2021-07-10T02:00:00.000000000,353.5,333.75486
2021-07-10T03:00:00.000000000,354.29,322.37642
2021-07-10T04:00:00.000000000,338.67,309.81249
2021-07-10T05:00:00.000000000,320.2,297.56334
2021-07-10T06:00:00.000000000,295.2,286.82664
2021-07-10T07:00:00.000000000,282.53,277.91481
2021-07-10T08:00:00.000000000,295.66,272.28811
2021-07-10T09:00:00.000000000,309.25,272.91583
2021-07-10T10:00:00.000000000,322.08,275.60946
2021-07-10T11:00:00.000000000,328.33,280.02173
2021-07-10T12:00:00.000000000,335.17,282.22414
2021-07-10T13:00:00.000000000,336.25,284.78651
2021-07-10T14:00:00.000000000,317.87,291.43449
2021-07-10T15:00:00.000000000,315.91,299.96179
2021-07-10T16:00:00.000000000,318.48,306.42448
2021-07-10T17:00:00.000000000,310.74,311.94985
2021-07-10T18:00:00.000000000,304.57,317.27486
2021-07-10T19:00:00.000000000,304.3,320.9116
2021-07-10T20:00:00.000000000,302.09,326.0982
2021-07-10T21:00:00.000000000,311.03,332.45969
2021-07-10T22:00:00.000000000,316.92,340.45658
2021-07-10T23:00:00.000000000,324.69,344.61772
2021-07-11T00:00:00.000000000,332.52,323.41773
2021-07-11T01:00:00.000000000,341.91,316.51566
2021-07-11T02:00:00.000000000,353.7,306.25523
2021-07-11T03:00:00.000000000,338.79,296.6286
2021-07-11T04:00:00.000000000,325.47,289.07948
2021-07-11T05:00:00.000000000,314.51,282.93962
2021-07-11T06:00:00.000000000,291.19,279.72933
2021-07-11T07:00:00.000000000,280.57,279.28992
2021-07-11T08:00:00.000000000,284.48,282.38631
2021-07-11T09:00:00.000000000,302.0,290.67965
2021-07-11T10:00:00.000000000,319.33,298.85771
2021-07-11T11:00:00.000000000,338.04,306.04121
2021-07-11T12:00:00.000000000,342.78,309.46239
2021-07-11T13:00:00.000000000,319.8,312.32473
2021-07-11T14:00:00.000000000,326.22,318.7801
2021-07-11T15:00:00.000000000,316.41,327.44559
2021-07-11T16:00:00.000000000,313.7,332.02068
2021-07-11T17:00:00.000000000,327.97,335.36432
2021-07-11T18:00:00.000000000,337.8,336.9576
2021-07-11T19:00:00.000000000,342.27,336.43145
2021-07-11T20:00:00.000000000,342.64,336.10397
2021-07-11T21:00:00.000000000,344.39,334.99367
2021-07-11T22:00:00.000000000,350.28,336.69509
2021-07-11T23:00:00.000000000,351.32,335.45292
2021-07-09T00:00:00.000000000,352.9,361.45856
2021-07-09T01:00:00.000000000,357.34,357.00443
2021-07-09T02:00:00.000000000,364.83,350.58373
2021-07-09T03:00:00.000000000,354.05,344.31984
2021-07-09T04:00:00.000000000,335.67,338.83755
2021-07-09T05:00:00.000000000,316.38,332.42648
2021-07-09T06:00:00.000000000,303.21,326.07431
2021-07-09T07:00:00.000000000,301.96,320.20879
2021-07-09T08:00:00.000000000,302.92,316.53152
2021-07-09T09:00:00.000000000,305.84,318.22495
2021-07-09T10:00:00.000000000,319.84,322.57711
2021-07-09T11:00:00.000000000,326.8,329.03313
2021-07-09T12:00:00.000000000,340.32,333.46027
2021-07-09T13:00:00.000000000,346.6,337.3992
2021-07-09T14:00:00.000000000,332.86,345.25851
2021-07-09T15:00:00.000000000,324.8,354.59537
2021-07-09T16:00:00.000000000,333.07,358.84874
2021-07-09T17:00:00.000000000,339.39,361.16051
2021-07-09T18:00:00.000000000,341.9,361.26389
2021-07-09T19:00:00.000000000,339.17,359.32688
2021-07-09T20:00:00.000000000,329.56,357.8692
2021-07-09T21:00:00.000000000,322.84,357.27623
2021-07-09T22:00:00.000000000,317.81,358.47103
2021-07-09T23:00:00.000000000,313.3,356.60013
2021-07-10T00:00:00.000000000,316.56,350.31298
2021-07-10T01:00:00.000000000,331.42,350.45023
2021-07-10T02:00:00.000000000,353.5,346.57009
2021-07-10T03:00:00.000000000,354.29,339.81454
2021-07-10T04:00:00.000000000,338.67,331.46315
2021-07-10T05:00:00.000000000,320.2,322.04299
2021-07-10T06:00:00.000000000,295.2,312.78113
2021-07-10T07:00:00.000000000,282.53,304.33062
2021-07-10T08:00:00.000000000,295.66,298.52462
2021-07-10T09:00:00.000000000,309.25,297.87816
2021-07-10T10:00:00.000000000,322.08,298.49142
2021-07-10T11:00:00.000000000,328.33,299.22709
2021-07-10T12:00:00.000000000,335.17,296.73642
2021-07-10T13:00:00.000000000,336.25,295.09997
2021-07-10T14:00:00.000000000,317.87,298.31783
2021-07-10T15:00:00.000000000,315.91,304.11293
2021-07-10T16:00:00.000000000,318.48,308.83602
2021-07-10T17:00:00.000000000,310.74,314.08418
2021-07-10T18:00:00.000000000,304.57,320.5004
2021-07-10T19:00:00.000000000,304.3,326.28233
2021-07-10T20:00:00.000000000,302.09,333.52772
2021-07-10T21:00:00.000000000,311.03,342.59544
2021-07-10T22:00:00.000000000,316.92,352.54026
2021-07-10T23:00:00.000000000,324.69,357.91665
2021-07-11T00:00:00.000000000,332.52,331.89477
2021-07-11T01:00:00.000000000,341.91,323.04145
2021-07-11T02:00:00.000000000,353.7,310.68764
2021-07-11T03:00:00.000000000,338.79,298.88706
2021-07-11T04:00:00.000000000,325.47,288.77898
2021-07-11T05:00:00.000000000,314.51,280.23786
2021-07-11T06:00:00.000000000,291.19,275.05951
2021-07-11T07:00:00.000000000,280.57,272.87713
2021-07-11T08:00:00.000000000,284.48,274.56932
2021-07-11T09:00:00.000000000,302.0,281.80744
2021-07-11T10:00:00.000000000,319.33,289.51305
2021-07-11T11:00:00.000000000,338.04,297.10766
2021-07-11T12:00:00.000000000,342.78,301.59681
2021-07-11T13:00:00.000000000,319.8,305.77396
2021-07-11T14:00:00.000000000,326.22,313.79219
2021-07-11T15:00:00.000000000,316.41,323.71946
2021-07-11T16:00:00.000000000,313.7,329.6027
2021-07-11T17:00:00.000000000,327.97,333.85702
2021-07-11T18:00:00.000000000,337.8,336.41231
2021-07-11T19:00:00.000000000,342.27,336.80798
2021-07-11T20:00:00.000000000,342.64,337.34987
2021-07-11T21:00:00.000000000,344.39,336.99347
2021-07-11T22:00:00.000000000,350.28,338.96872
2021-07-11T23:00:00.000000000,351.32,337.47903
2021-07-12T00:00:00.000000000,347.36,337.94661
2021-07-12T01:00:00.000000000,353.48,341.52113
2021-07-12T02:00:00.000000000,361.01,341.80735
2021-07-12T03:00:00.000000000,359.63,338.85297
2021-07-12T04:00:00.000000000,371.04,334.12047
2021-07-12T05:00:00.000000000,372.18,327.88474
2021-07-12T06:00:00.000000000,375.37,322.14962
2021-07-12T07:00:00.000000000,382.38,318.59787
2021-07-12T08:00:00.000000000,388.52,318.553
2021-07-12T09:00:00.000000000,394.2,322.78603
2021-07-12T10:00:00.000000000,394.1,325.71696
2021-07-12T11:00:00.000000000,391.68,324.66815
2021-07-12T12:00:00.000000000,388.59,317.40254
2021-07-12T13:00:00.000000000,386.5,311.15111
2021-07-12T14:00:00.000000000,371.34,311.10411
2021-07-12T15:00:00.000000000,357.98,315.02616
2021-07-12T16:00:00.000000000,349.26,317.43567
2021-07-12T17:00:00.000000000,349.94,320.34178
2021-07-12T18:00:00.000000000,344.07,324.19739
2021-07-12T19:00:00.000000000,336.85,328.17854
2021-07-12T20:00:00.000000000,339.12,334.32559
2021-07-12T21:00:00.000000000,335.0,342.72193
2021-07-12T22:00:00.000000000,314.93,352.78934
2021-07-12T23:00:00.000000000,299.36,358.64844
2021-07-10T00:00:00.000000000,316.56,319.00121
2021-07-10T01:00:00.000000000,331.42,311.32294
2021-07-10T02:00:00.000000000,353.5,297.12385
2021-07-10T03:00:00.000000000,354.29,282.81551
2021-07-10T04:00:00.000000000,338.67,270.02489
2021-07-10T05:00:00.000000000,320.2,259.09983
2021-07-10T06:00:00.000000000,295.2,249.48222
2021-07-10T07:00:00.000000000,282.53,242.47564
2021-07-10T08:00:00.000000000,295.66,239.87115
2021-07-10T09:00:00.000000000,309.25,243.10922
2021-07-10T10:00:00.000000000,322.08,246.59359
2021-07-10T11:00:00.000000000,328.33,250.20446
2021-07-10T12:00:00.000000000,335.17,251.28128
2021-07-10T13:00:00.000000000,336.25,253.23169
2021-07-10T14:00:00.000000000,317.87,259.38831
2021-07-10T15:00:00.000000000,315.91,266.96497
2021-07-10T16:00:00.000000000,318.48,272.42158
2021-07-10T17:00:00.000000000,310.74,278.2108
2021-07-10T18:00:00.000000000,304.57,285.09186
2021-07-10T19:00:00.000000000,304.3,290.29326
2021-07-10T20:00:00.000000000,302.09,297.05795
2021-07-10T21:00:00.000000000,311.03,303.82185
2021-07-10T22:00:00.000000000,316.92,311.24787
2021-07-10T23:00:00.000000000,324.69,315.81046
2021-07-11T00:00:00.000000000,332.52,311.35262
2021-07-11T01:00:00.000000000,341.91,306.72591
2021-07-11T02:00:00.000000000,353.7,298.58539
2021-07-11T03:00:00.000000000,338.79,290.5877
2021-07-11T04:00:00.000000000,325.47,283.70331
2021-07-11T05:00:00.000000000,314.51,277.78212
2021-07-11T06:00:00.000000000,291.19,273.93639
2021-07-11T07:00:00.000000000,280.57,272.31228
2021-07-11T08:00:00.000000000,284.48,273.66585
2021-07-11T09:00:00.000000000,302.0,279.77472
2021-07-11T10:00:00.000000000,319.33,284.87151
2021-07-11T11:00:00.000000000,338.04,288.89715
2021-07-11T12:00:00.000000000,342.78,290.25988
2021-07-11T13:00:00.000000000,319.8,292.44644
2021-07-11T14:00:00.000000000,326.22,299.05448
2021-07-11T15:00:00.000000000,316.41,308.0688
2021-07-11T16:00:00.000000000,313.7,313.9343
2021-07-11T17:00:00.000000000,327.97,318.8597
2021-07-11T18:00:00.000000000,337.8,323.39922
2021-07-11T19:00:00.000000000,342.27,326.09924
2021-07-11T20:00:00.000000000,342.64,329.16347
2021-07-11T21:00:00.000000000,344.39,331.19106
2021-07-11T22:00:00.000000000,350.28,335.3808
2021-07-11T23:00:00.000000000,351.32,336.26912
2021-07-12T00:00:00.000000000,347.36,328.23323
2021-07-12T01:00:00.000000000,353.48,323.30298
2021-07-12T02:00:00.000000000,361.01,316.48916
2021-07-12T03:00:00.000000000,359.63,310.08765
2021-07-12T04:00:00.000000000,371.04,304.84047
2021-07-12T05:00:00.000000000,372.18,299.5693
2021-07-12T06:00:00.000000000,375.37,296.14136
2021-07-12T07:00:00.000000000,382.38,293.88397
2021-07-12T08:00:00.000000000,388.52,293.99065
2021-07-12T09:00:00.000000000,394.2,298.22372
2021-07-12T10:00:00.000000000,394.1,302.35327
2021-07-12T11:00:00.000000000,391.68,306.94688
2021-07-12T12:00:00.000000000,388.59,310.29841
2021-07-12T13:00:00.000000000,386.5,314.59773
2021-07-12T14:00:00.000000000,371.34,323.33834
2021-07-12T15:00:00.000000000,357.98,334.41341
2021-07-12T16:00:00.000000000,349.26,340.86239
2021-07-12T17:00:00.000000000,349.94,345.11167
2021-07-12T18:00:00.000000000,344.07,347.68764
2021-07-12T19:00:00.000000000,336.85,347.85886
2021-07-12T20:00:00.000000000,339.12,347.51144
2021-07-12T21:00:00.000000000,335.0,346.11041
2021-07-12T22:00:00.000000000,314.93,346.64198
2021-07-12T23:00:00.000000000,299.36,343.9648
2021-07-13T00:00:00.000000000,304.16,328.7617
2021-07-13T01:00:00.000000000,326.13,322.3959
2021-07-13T02:00:00.000000000,347.53,310.70437
2021-07-13T03:00:00.000000000,343.78,298.24726
2021-07-13T04:00:00.000000000,339.93,285.91685
2021-07-13T05:00:00.000000000,337.43,275.36238
2021-07-13T06:00:00.000000000,318.67,267.60925
2021-07-13T07:00:00.000000000,300.59,263.06268
2021-07-13T08:00:00.000000000,284.78,262.16079
2021-07-13T09:00:00.000000000,285.81,267.28786
2021-07-13T10:00:00.000000000,298.32,272.86583
2021-07-13T11:00:00.000000000,314.95,278.18066
2021-07-13T12:00:00.000000000,327.93,280.25405
2021-07-13T13:00:00.000000000,332.29,282.39135
2021-07-13T14:00:00.000000000,333.22,288.50379
2021-07-13T15:00:00.000000000,319.87,296.69062
2021-07-13T16:00:00.000000000,320.45,302.44704
2021-07-13T17:00:00.000000000,331.2,307.47017
2021-07-13T18:00:00.000000000,335.47,312.25009
2021-07-13T19:00:00.000000000,331.58,315.58373
2021-07-13T20:00:00.000000000,321.66,320.61112
2021-07-13T21:00:00.000000000,315.49,325.73183
2021-07-13T22:00:00.000000000,314.28,332.98017
2021-07-13T23:00:00.000000000,311.26,336.49769
2021-07-11T00:00:00.000000000,332.52,336.70022
2021-07-11T01:00:00.000000000,341.91,333.27782
2021-07-11T02:00:00.000000000,353.7,326.63476
2021-07-11T03:00:00.000000000,338.79,319.06459
2021-07-11T04:00:00.000000000,325.47,310.63115
2021-07-11T05:00:00.000000000,314.51,301.13716
2021-07-11T06:00:00.000000000,291.19,291.61034
2021-07-11T07:00:00.000000000,280.57,282.70048
2021-07-11T08:00:00.000000000,284.48,276.74025
2021-07-11T09:00:00.000000000,302.0,276.73283
2021-07-11T10:00:00.000000000,319.33,278.86452
2021-07-11T11:00:00.000000000,338.04,283.46849
2021-07-11T12:00:00.000000000,342.78,287.17554
2021-07-11T13:00:00.000000000,319.8,292.1455
2021-07-11T14:00:00.000000000,326.22,301.72559
2021-07-11T15:00:00.000000000,316.41,313.59539
2021-07-11T16:00:00.000000000,313.7,321.76973
2021-07-11T17:00:00.000000000,327.97,327.86558
2021-07-11T18:00:00.000000000,337.8,332.08105
2021-07-11T19:00:00.000000000,342.27,333.22015
2021-07-11T20:00:00.000000000,342.64,334.6916
2021-07-11T21:00:00.000000000,344.39,336.72301
2021-07-11T22:00:00.000000000,350.28,340.95839
2021-07-11T23:00:00.000000000,351.32,341.87555
2021-07-12T00:00:00.000000000,347.36,345.79256
2021-07-12T01:00:00.000000000,353.48,341.64013
2021-07-12T02:00:00.000000000,361.01,337.01386
2021-07-12T03:00:00.000000000,359.63,333.24203
2021-07-12T04:00:00.000000000,371.04,331.03782
2021-07-12T05:00:00.000000000,372.18,327.63624
2021-07-12T06:00:00.000000000,375.37,324.99922
2021-07-12T07:00:00.000000000,382.38,323.0029
2021-07-12T08:00:00.000000000,388.52,323.37083
2021-07-12T09:00:00.000000000,394.2,327.7387
2021-07-12T10:00:00.000000000,394.1,332.79139
2021-07-12T11:00:00.000000000,391.68,338.38151
2021-07-12T12:00:00.000000000,388.59,341.89754
2021-07-12T13:00:00.000000000,386.5,345.52654
2021-07-12T14:00:00.000000000,371.34,353.27186
2021-07-12T15:00:00.000000000,357.98,363.10885
2021-07-12T16:00:00.000000000,349.26,367.26932
2021-07-12T17:00:00.000000000,349.94,368.9666
2021-07-12T18:00:00.000000000,344.07,368.70235
2021-07-12T19:00:00.000000000,336.85,366.35647
2021-07-12T20:00:00.000000000,339.12,363.47772
2021-07-12T21:00:00.000000000,335.0,360.18688
2021-07-12T22:00:00.000000000,314.93,358.24527
2021-07-12T23:00:00.000000000,299.36,353.20229
2021-07-13T00:00:00.000000000,304.16,340.92169
2021-07-13T01:00:00.000000000,326.13,336.91861
2021-07-13T02:00:00.000000000,347.53,328.84696
2021-07-13T03:00:00.000000000,343.78,319.38687
2021-07-13T04:00:00.000000000,339.93,309.39921
2021-07-13T05:00:00.000000000,337.43,299.72608
2021-07-13T06:00:00.000000000,318.67,291.91047
2021-07-13T07:00:00.000000000,300.59,286.10879
2021-07-13T08:00:00.000000000,284.78,283.35595
2021-07-13T09:00:00.000000000,285.81,286.00275
2021-07-13T10:00:00.000000000,298.32,289.53244
2021-07-13T11:00:00.000000000,314.95,293.46404
2021-07-13T12:00:00.000000000,327.93,294.87202
2021-07-13T13:00:00.000000000,332.29,296.84692
2021-07-13T14:00:00.000000000,333.22,303.48975
2021-07-13T15:00:00.000000000,319.87,312.69623
2021-07-13T16:00:00.000000000,320.45,319.11894
2021-07-13T17:00:00.000000000,331.2,324.38888
2021-07-13T18:00:00.000000000,335.47,328.84377
2021-07-13T19:00:00.000000000,331.58,331.579
2021-07-13T20:00:00.000000000,321.66,335.36532
2021-07-13T21:00:00.000000000,315.49,339.72378
2021-07-13T22:00:00.000000000,314.28,346.0921
2021-07-13T23:00:00.000000000,311.26,348.56067
2021-07-14T00:00:00.000000000,307.92,329.24142
2021-07-14T01:00:00.000000000,319.39,322.71744
2021-07-14T02:00:00.000000000,336.98,310.69425
2021-07-14T03:00:00.000000000,318.0,297.87351
2021-07-14T04:00:00.000000000,290.39,285.02669
2021-07-14T05:00:00.000000000,266.27,273.80735
2021-07-14T06:00:00.000000000,248.17,265.10702
2021-07-14T07:00:00.000000000,227.53,259.46569
2021-07-14T08:00:00.000000000,226.51,257.82097
2021-07-14T09:00:00.000000000,231.31,262.40982
2021-07-14T10:00:00.000000000,245.98,267.73348
2021-07-14T11:00:00.000000000,270.98,272.79328
2021-07-14T12:00:00.000000000,296.35,274.28327
2021-07-14T13:00:00.000000000,302.42,275.88526
2021-07-14T14:00:00.000000000,296.23,281.27179
2021-07-14T15:00:00.000000000,269.88,288.54287
2021-07-14T16:00:00.000000000,275.96,293.68169
2021-07-14T17:00:00.000000000,287.24,298.34452
2021-07-14T18:00:00.000000000,290.0,303.23145
2021-07-14T19:00:00.000000000,290.01,306.63343
2021-07-14T20:00:00.000000000,288.13,311.95061
2021-07-14T21:00:00.000000000,284.64,317.54661
2021-07-14T22:00:00.000000000,284.77,324.81529
2021-07-14T23:00:00.000000000,284.11,328.6326
2021-07-12T00:00:00.000000000,347.36,367.85188
2021-07-12T01:00:00.000000000,353.48,359.51595
2021-07-12T02:00:00.000000000,361.01,349.55013
2021-07-12T03:00:00.000000000,359.63,341.43623
2021-07-12T04:00:00.000000000,371.04,336.17206
2021-07-12T05:00:00.000000000,372.18,331.16733
2021-07-12T06:00:00.000000000,375.37,327.50709
2021-07-12T07:00:00.000000000,382.38,324.85236
2021-07-12T08:00:00.000000000,388.52,324.12043
2021-07-12T09:00:00.000000000,394.2,328.0482
2021-07-12T10:00:00.000000000,394.1,334.08861
2021-07-12T11:00:00.000000000,391.68,342.22499
2021-07-12T12:00:00.000000000,388.59,348.83497
2021-07-12T13:00:00.000000000,386.5,354.37044
2021-07-12T14:00:00.000000000,371.34,363.38065
2021-07-12T15:00:00.000000000,357.98,373.02649
2021-07-12T16:00:00.000000000,349.26,376.37915
2021-07-12T17:00:00.000000000,349.94,377.38728
2021-07-12T18:00:00.000000000,344.07,375.79883
2021-07-12T19:00:00.000000000,336.85,372.55901
2021-07-12T20:00:00.000000000,339.12,369.60797
2021-07-12T21:00:00.000000000,335.0,365.98285
2021-07-12T22:00:00.000000000,314.93,364.06323
2021-07-12T23:00:00.000000000,299.36,359.06961
2021-07-13T00:00:00.000000000,304.16,354.10257
2021-07-13T01:00:00.000000000,326.13,356.07629
2021-07-13T02:00:00.000000000,347.53,355.14671
2021-07-13T03:00:00.000000000,343.78,351.23117
2021-07-13T04:00:00.000000000,339.93,345.27456
2021-07-13T05:00:00.000000000,337.43,337.61949
2021-07-13T06:00:00.000000000,318.67,330.73216
2021-07-13T07:00:00.000000000,300.59,325.39192
2021-07-13T08:00:00.000000000,284.78,323.10415
2021-07-13T09:00:00.000000000,285.81,325.51666
2021-07-13T10:00:00.000000000,298.32,328.34463
2021-07-13T11:00:00.000000000,314.95,329.0108
2021-07-13T12:00:00.000000000,327.93,324.8541
2021-07-13T13:00:00.000000000,332.29,321.58631
2021-07-13T14:00:00.000000000,333.22,324.7138
2021-07-13T15:00:00.000000000,319.87,331.81405
2021-07-13T16:00:00.000000000,320.45,336.59179
2021-07-13T17:00:00.000000000,331.2,340.95501
2021-07-13T18:00:00.000000000,335.47,344.92397
2021-07-13T19:00:00.000000000,331.58,347.90731
2021-07-13T20:00:00.000000000,321.66,352.12023
2021-07-13T21:00:00.000000000,315.49,358.25744
2021-07-13T22:00:00.000000000,314.28,366.03127
2021-07-13T23:00:00.000000000,311.26,369.57821
2021-07-14T00:00:00.000000000,307.92,346.78955
2021-07-14T01:00:00.000000000,319.39,340.91039
2021-07-14T02:00:00.000000000,336.98,329.90162
2021-07-14T03:00:00.000000000,318.0,317.24485
2021-07-14T04:00:00.000000000,290.39,303.95735
2021-07-14T05:00:00.000000000,266.27,291.82635
2021-07-14T06:00:00.000000000,248.17,282.38197
2021-07-14T07:00:00.000000000,227.53,276.22842
2021-07-14T08:00:00.000000000,226.51,274.47645
2021-07-14T09:00:00.000000000,231.31,279.07183
2021-07-14T10:00:00.000000000,245.98,284.49013
2021-07-14T11:00:00.000000000,270.98,289.0222
2021-07-14T12:00:00.000000000,296.35,288.74944
2021-07-14T13:00:00.000000000,302.42,288.03263
2021-07-14T14:00:00.000000000,296.23,291.49516
2021-07-14T15:00:00.000000000,269.88,297.07979
2021-07-14T16:00:00.000000000,275.96,301.17945
2021-07-14T17:00:00.000000000,287.24,305.10671
2021-07-14T18:00:00.000000000,290.0,309.44714
2021-07-14T19:00:00.000000000,290.01,313.13432
2021-07-14T20:00:00.000000000,288.13,319.1092
2021-07-14T21:00:00.000000000,284.64,326.01417
2021-07-14T22:00:00.000000000,284.77,334.56069
2021-07-14T23:00:00.000000000,284.11,339.36606
2021-07-15T00:00:00.000000000,284.0,330.69116
2021-07-15T01:00:00.000000000,288.25,323.74918
2021-07-15T02:00:00.000000000,295.91,311.35799
2021-07-15T03:00:00.000000000,289.46,298.1712
2021-07-15T04:00:00.000000000,282.23,285.4478
2021-07-15T05:00:00.000000000,260.82,274.88514
2021-07-15T06:00:00.000000000,238.54,267.51974
2021-07-15T07:00:00.000000000,217.15,263.77072
2021-07-15T08:00:00.000000000,212.94,263.75751
2021-07-15T09:00:00.000000000,218.47,269.69056
2021-07-15T10:00:00.000000000,232.81,275.77329
2021-07-15T11:00:00.000000000,254.11,281.30417
2021-07-15T12:00:00.000000000,276.28,283.24976
2021-07-15T13:00:00.000000000,290.69,284.87736
2021-07-15T14:00:00.000000000,281.95,290.44733
2021-07-15T15:00:00.000000000,268.05,298.08804
2021-07-15T16:00:00.000000000,268.49,303.50437
2021-07-15T17:00:00.000000000,280.48,308.40251
2021-07-15T18:00:00.000000000,293.65,313.11391
2021-07-15T19:00:00.000000000,299.69,316.70679
2021-07-15T20:00:00.000000000,302.15,321.949
2021-07-15T21:00:00.000000000,304.55,327.2463
2021-07-15T22:00:00.000000000,307.95,334.73294
2021-07-15T23:00:00.000000000,304.12,338.3569
2021-07-13T00:00:00.000000000,304.16,330.48149
2021-07-13T01:00:00.000000000,326.13,320.26102
2021-07-13T02:00:00.000000000,347.53,303.70871
2021-07-13T03:00:00.000000000,343.78,286.91557
2021-07-13T04:00:00.000000000,339.93,269.99681
2021-07-13T05:00:00.000000000,337.43,255.63605
2021-07-13T06:00:00.000000000,318.67,245.71602
2021-07-13T07:00:00.000000000,300.59,239.78278
2021-07-13T08:00:00.000000000,284.78,238.45179
2021-07-13T09:00:00.000000000,285.81,244.28748
2021-07-13T10:00:00.000000000,298.32,252.21675
2021-07-13T11:00:00.000000000,314.95,261.30895
2021-07-13T12:00:00.000000000,327.93,267.91576
2021-07-13T13:00:00.000000000,332.29,274.59967
2021-07-13T14:00:00.000000000,333.22,284.72117
2021-07-13T15:00:00.000000000,319.87,296.46387
2021-07-13T16:00:00.000000000,320.45,304.48841
2021-07-13T17:00:00.000000000,331.2,310.23917
2021-07-13T18:00:00.000000000,335.47,314.46274
2021-07-13T19:00:00.000000000,331.58,315.7397
2021-07-13T20:00:00.000000000,321.66,318.63993
2021-07-13T21:00:00.000000000,315.49,321.37614
2021-07-13T22:00:00.000000000,314.28,326.50765
2021-07-13T23:00:00.000000000,311.26,328.04355
2021-07-14T00:00:00.000000000,307.92,321.65397
2021-07-14T01:00:00.000000000,319.39,317.10329
2021-07-14T02:00:00.000000000,336.98,307.78735
2021-07-14T03:00:00.000000000,318.0,297.91453
2021-07-14T04:00:00.000000000,290.39,288.79575
2021-07-14T05:00:00.000000000,266.27,280.54262
2021-07-14T06:00:00.000000000,248.17,273.27167
2021-07-14T07:00:00.000000000,227.53,267.90825
2021-07-14T08:00:00.000000000,226.51,265.93278
2021-07-14T09:00:00.000000000,231.31,269.20996
2021-07-14T10:00:00.000000000,245.98,272.30186
2021-07-14T11:00:00.000000000,270.98,274.56113
2021-07-14T12:00:00.000000000,296.35,273.50633
2021-07-14T13:00:00.000000000,302.42,273.22548
2021-07-14T14:00:00.000000000,296.23,277.0256
2021-07-14T15:00:00.000000000,269.88,282.60241
2021-07-14T16:00:00.000000000,275.96,286.66187
2021-07-14T17:00:00.000000000,287.24,291.52727
2021-07-14T18:00:00.000000000,290.0,297.95115
2021-07-14T19:00:00.000000000,290.01,303.54522
2021-07-14T20:00:00.000000000,288.13,310.65945
2021-07-14T21:00:00.000000000,284.64,317.67679
2021-07-14T22:00:00.000000000,284.77,325.49669
2021-07-14T23:00:00.000000000,284.11,329.6451
2021-07-15T00:00:00.000000000,284.0,323.96968
2021-07-15T01:00:00.000000000,288.25,316.91802
2021-07-15T02:00:00.000000000,295.91,304.47417
2021-07-15T03:00:00.000000000,289.46,291.61371
2021-07-15T04:00:00.000000000,282.23,279.32708
2021-07-15T05:00:00.000000000,260.82,269.15714
2021-07-15T06:00:00.000000000,238.54,261.97696
2021-07-15T07:00:00.000000000,217.15,258.11425
2021-07-15T08:00:00.000000000,212.94,257.92083
2021-07-15T09:00:00.000000000,218.47,263.69427
2021-07-15T10:00:00.000000000,232.81,269.69849
2021-07-15T11:00:00.000000000,254.11,275.27904
2021-07-15T12:00:00.000000000,276.28,277.58636
2021-07-15T13:00:00.000000000,290.69,279.88841
2021-07-15T14:00:00.000000000,281.95,285.97006
2021-07-15T15:00:00.000000000,268.05,293.94888
2021-07-15T16:00:00.000000000,268.49,299.52738
2021-07-15T17:00:00.000000000,280.48,304.54722
2021-07-15T18:00:00.000000000,293.65,309.53776
2021-07-15T19:00:00.000000000,299.69,313.08218
2021-07-15T20:00:00.000000000,302.15,318.15476
2021-07-15T21:00:00.000000000,304.55,322.96878
2021-07-15T22:00:00.000000000,307.95,329.77846
2021-07-15T23:00:00.000000000,304.12,332.91176
2021-07-16T00:00:00.000000000,299.8,329.68006
2021-07-16T01:00:00.000000000,307.69,323.15187
2021-07-16T02:00:00.000000000,317.47,311.56123
2021-07-16T03:00:00.000000000,303.57,299.31992
2021-07-16T04:00:00.000000000,292.26,287.82117
2021-07-16T05:00:00.000000000,282.36,278.31302
2021-07-16T06:00:00.000000000,272.99,272.0276
2021-07-16T07:00:00.000000000,264.32,269.23563
2021-07-16T08:00:00.000000000,263.94,270.11283
2021-07-16T09:00:00.000000000,272.13,276.7141
2021-07-16T10:00:00.000000000,285.04,283.30416
2021-07-16T11:00:00.000000000,305.18,288.96727
2021-07-16T12:00:00.000000000,328.04,290.85886
2021-07-16T13:00:00.000000000,334.88,292.45025
2021-07-16T14:00:00.000000000,329.9,298.08043
2021-07-16T15:00:00.000000000,311.45,305.98918
2021-07-16T16:00:00.000000000,305.67,311.23063
2021-07-16T17:00:00.000000000,311.26,315.84509
2021-07-16T18:00:00.000000000,315.73,319.87701
2021-07-16T19:00:00.000000000,320.11,322.69967
2021-07-16T20:00:00.000000000,321.88,327.00854
2021-07-16T21:00:00.000000000,322.65,331.32021
2021-07-16T22:00:00.000000000,322.64,338.12587
2021-07-16T23:00:00.000000000,321.15,341.09612
2021-07-14T00:00:00.000000000,307.92,330.39296
2021-07-14T01:00:00.000000000,319.39,320.49153
2021-07-14T02:00:00.000000000,336.98,304.21448
2021-07-14T03:00:00.000000000,318.0,287.60122
2021-07-14T04:00:00.000000000,290.39,270.89321
2021-07-14T05:00:00.000000000,266.27,256.73912
2021-07-14T06:00:00.000000000,248.17,246.2202
2021-07-14T07:00:00.000000000,227.53,239.43225
2021-07-14T08:00:00.000000000,226.51,237.11784
2021-07-14T09:00:00.000000000,231.31,241.92643
2021-07-14T10:00:00.000000000,245.98,248.50629
2021-07-14T11:00:00.000000000,270.98,256.69832
2021-07-14T12:00:00.000000000,296.35,262.63571
2021-07-14T13:00:00.000000000,302.42,268.43092
2021-07-14T14:00:00.000000000,296.23,277.74333
2021-07-14T15:00:00.000000000,269.88,288.53744
2021-07-14T16:00:00.000000000,275.96,296.1745
2021-07-14T17:00:00.000000000,287.24,301.6149
2021-07-14T18:00:00.000000000,290.0,305.88669
2021-07-14T19:00:00.000000000,290.01,307.25609
2021-07-14T20:00:00.000000000,288.13,310.09808
2021-07-14T21:00:00.000000000,284.64,313.02211
2021-07-14T22:00:00.000000000,284.77,318.03209
2021-07-14T23:00:00.000000000,284.11,320.45251
2021-07-15T00:00:00.000000000,284.0,318.57031
2021-07-15T01:00:00.000000000,288.25,310.99431
2021-07-15T02:00:00.000000000,295.91,298.1899
2021-07-15T03:00:00.000000000,289.46,285.38331
2021-07-15T04:00:00.000000000,282.23,273.51326
2021-07-15T05:00:00.000000000,260.82,263.89632
2021-07-15T06:00:00.000000000,238.54,257.3963
2021-07-15T07:00:00.000000000,217.15,254.14288
2021-07-15T08:00:00.000000000,212.94,254.46531
2021-07-15T09:00:00.000000000,218.47,260.58672
2021-07-15T10:00:00.000000000,232.81,266.74245
2021-07-15T11:00:00.000000000,254.11,272.52783
2021-07-15T12:00:00.000000000,276.28,275.42314
2021-07-15T13:00:00.000000000,290.69,278.4845
2021-07-15T14:00:00.000000000,281.95,285.31964
2021-07-15T15:00:00.000000000,268.05,293.90896
2021-07-15T16:00:00.000000000,268.49,299.9228
2021-07-15T17:00:00.000000000,280.48,305.29441
2021-07-15T18:00:00.000000000,293.65,310.74985
2021-07-15T19:00:00.000000000,299.69,314.52476
2021-07-15T20:00:00.000000000,302.15,319.35968
2021-07-15T21:00:00.000000000,304.55,323.42343
2021-07-15T22:00:00.000000000,307.95,329.25266
2021-07-15T23:00:00.000000000,304.12,331.4518
2021-07-16T00:00:00.000000000,299.8,330.48397
2021-07-16T01:00:00.000000000,307.69,324.64128
2021-07-16T02:00:00.000000000,317.47,314.80221
2021-07-16T03:00:00.000000000,303.57,304.44544
2021-07-16T04:00:00.000000000,292.26,294.5546
2021-07-16T05:00:00.000000000,282.36,285.73406
2021-07-16T06:00:00.000000000,272.99,279.59932
2021-07-16T07:00:00.000000000,264.32,276.12254
2021-07-16T08:00:00.000000000,263.94,276.02793
2021-07-16T09:00:00.000000000,272.13,281.18271
2021-07-16T10:00:00.000000000,285.04,286.35753
2021-07-16T11:00:00.000000000,305.18,291.13445
2021-07-16T12:00:00.000000000,328.04,293.05846
2021-07-16T13:00:00.000000000,334.88,295.39866
2021-07-16T14:00:00.000000000,329.9,302.16718
2021-07-16T15:00:00.000000000,311.45,311.32692
2021-07-16T16:00:00.000000000,305.67,317.45423
2021-07-16T17:00:00.000000000,311.26,322.42401
2021-07-16T18:00:00.000000000,315.73,326.64373
2021-07-16T19:00:00.000000000,320.11,329.19442
2021-07-16T20:00:00.000000000,321.88,332.56794
2021-07-16T21:00:00.000000000,322.65,335.59401
2021-07-16T22:00:00.000000000,322.64,340.71632
2021-07-16T23:00:00.000000000,321.15,342.06514
2021-07-17T00:00:00.000000000,323.48,338.95503
2021-07-17T01:00:00.000000000,332.44,332.6184
2021-07-17T02:00:00.000000000,341.36,324.88828
2021-07-17T03:00:00.000000000,326.98,318.54901
2021-07-17T04:00:00.000000000,308.04,315.11679
2021-07-17T05:00:00.000000000,295.38,311.97313
2021-07-17T06:00:00.000000000,279.61,311.10099
2021-07-17T07:00:00.000000000,272.49,312.22688
2021-07-17T08:00:00.000000000,269.47,316.30324
2021-07-17T09:00:00.000000000,269.7,324.65734
2021-07-17T10:00:00.000000000,270.9,332.91538
2021-07-17T11:00:00.000000000,272.6,340.28877
2021-07-17T12:00:00.000000000,284.76,343.9041
2021-07-17T13:00:00.000000000,299.34,346.30056
2021-07-17T14:00:00.000000000,303.78,352.11024
2021-07-17T15:00:00.000000000,287.25,359.89495
2021-07-17T16:00:00.000000000,309.6,362.52072
2021-07-17T17:00:00.000000000,331.79,363.43435
2021-07-17T18:00:00.000000000,340.31,362.11091
2021-07-17T19:00:00.000000000,341.32,358.91451
2021-07-17T20:00:00.000000000,337.01,355.19498
2021-07-17T21:00:00.000000000,331.87,350.59087
2021-07-17T22:00:00.000000000,325.47,348.35939
2021-07-17T23:00:00.000000000,322.52,343.73889
2021-07-15T00:00:00.000000000,284.0,303.29764
2021-07-15T01:00:00.000000000,288.25,293.65899
2021-07-15T02:00:00.000000000,295.91,277.68244
2021-07-15T03:00:00.000000000,289.46,262.52656
2021-07-15T04:00:00.000000000,282.23,248.7946
2021-07-15T05:00:00.000000000,260.82,238.36989
2021-07-15T06:00:00.000000000,238.54,231.79165
2021-07-15T07:00:00.000000000,217.15,228.93914
2021-07-15T08:00:00.000000000,212.94,230.1714
2021-07-15T09:00:00.000000000,218.47,237.82876
2021-07-15T10:00:00.000000000,232.81,245.9435
2021-07-15T11:00:00.000000000,254.11,253.8212
2021-07-15T12:00:00.000000000,276.28,259.15726
2021-07-15T13:00:00.000000000,290.69,264.91075
2021-07-15T14:00:00.000000000,281.95,274.25198
2021-07-15T15:00:00.000000000,268.05,285.0858
2021-07-15T16:00:00.000000000,268.49,292.40337
2021-07-15T17:00:00.000000000,280.48,298.50821
2021-07-15T18:00:00.000000000,293.65,304.3553
2021-07-15T19:00:00.000000000,299.69,307.36672
2021-07-15T20:00:00.000000000,302.15,311.23067
2021-07-15T21:00:00.000000000,304.55,313.87773
2021-07-15T22:00:00.000000000,307.95,318.3344
2021-07-15T23:00:00.000000000,304.12,319.75514
2021-07-16T00:00:00.000000000,299.8,331.94781
2021-07-16T01:00:00.000000000,307.69,326.33717
2021-07-16T02:00:00.000000000,317.47,315.8216
2021-07-16T03:00:00.000000000,303.57,304.40125
2021-07-16T04:00:00.000000000,292.26,292.72801
2021-07-16T05:00:00.000000000,282.36,282.14028
2021-07-16T06:00:00.000000000,272.99,273.92833
2021-07-16T07:00:00.000000000,264.32,267.908
2021-07-16T08:00:00.000000000,263.94,264.89512
2021-07-16T09:00:00.000000000,272.13,267.54339
2021-07-16T10:00:00.000000000,285.04,271.32933
2021-07-16T11:00:00.000000000,305.18,276.07652
2021-07-16T12:00:00.000000000,328.04,278.99157
2021-07-16T13:00:00.000000000,334.88,282.63443
2021-07-16T14:00:00.000000000,329.9,290.28639
2021-07-16T15:00:00.000000000,311.45,299.91147
2021-07-16T16:00:00.000000000,305.67,306.83597
2021-07-16T17:00:00.000000000,311.26,312.70219
2021-07-16T18:00:00.000000000,315.73,318.29141
2021-07-16T19:00:00.000000000,320.11,321.91923
2021-07-16T20:00:00.000000000,321.88,326.67903
2021-07-16T21:00:00.000000000,322.65,331.4988
2021-07-16T22:00:00.000000000,322.64,337.99359
2021-07-16T23:00:00.000000000,321.15,340.47011
2021-07-17T00:00:00.000000000,323.48,330.87611
2021-07-17T01:00:00.000000000,332.44,326.27453
2021-07-17T02:00:00.000000000,341.36,319.44232
2021-07-17T03:00:00.000000000,326.98,312.83454
2021-07-17T04:00:00.000000000,308.04,307.32402
2021-07-17T05:00:00.000000000,295.38,301.69946
2021-07-17T06:00:00.000000000,279.61,297.53084
2021-07-17T07:00:00.000000000,272.49,294.95401
2021-07-17T08:00:00.000000000,269.47,295.32461
2021-07-17T09:00:00.000000000,269.7,300.43245
2021-07-17T10:00:00.000000000,270.9,305.552
2021-07-17T11:00:00.000000000,272.6,310.57567
2021-07-17T12:00:00.000000000,284.76,313.06571
2021-07-17T13:00:00.000000000,299.34,315.85423
2021-07-17T14:00:00.000000000,303.78,323.07371
2021-07-17T15:00:00.000000000,287.25,332.76089
2021-07-17T16:00:00.000000000,309.6,338.26699
2021-07-17T17:00:00.000000000,331.79,342.0002
2021-07-17T18:00:00.000000000,340.31,343.87282
2021-07-17T19:00:00.000000000,341.32,343.4669
2021-07-17T20:00:00.000000000,337.01,342.94918
2021-07-17T21:00:00.000000000,331.87,341.83648
2021-07-17T22:00:00.000000000,325.47,343.10928
2021-07-17T23:00:00.000000000,322.52,341.59061
2021-07-18T00:00:00.000000000,322.09,337.19393
2021-07-18T01:00:00.000000000,333.17,329.57504
2021-07-18T02:00:00.000000000,347.6,320.7622
2021-07-18T03:00:00.000000000,344.07,314.05961
2021-07-18T04:00:00.000000000,344.22,311.30697
2021-07-18T05:00:00.000000000,334.33,309.31587
2021-07-18T06:00:00.000000000,326.62,309.9186
2021-07-18T07:00:00.000000000,328.14,312.5093
2021-07-18T08:00:00.000000000,339.82,317.83328
2021-07-18T09:00:00.000000000,353.78,327.31291
2021-07-18T10:00:00.000000000,366.43,336.70064
2021-07-18T11:00:00.000000000,370.6,345.47753
2021-07-18T12:00:00.000000000,363.45,350.72257
2021-07-18T13:00:00.000000000,364.13,354.2125
2021-07-18T14:00:00.000000000,363.85,360.35013
2021-07-18T15:00:00.000000000,358.27,367.89692
2021-07-18T16:00:00.000000000,365.0,369.6292
2021-07-18T17:00:00.000000000,371.85,369.48853
2021-07-18T18:00:00.000000000,373.51,367.00221
2021-07-18T19:00:00.000000000,371.39,362.74403
2021-07-18T20:00:00.000000000,368.42,357.67621
2021-07-18T21:00:00.000000000,368.65,351.48055
2021-07-18T22:00:00.000000000,363.34,347.77638
2021-07-18T23:00:00.000000000,367.88,341.96182
2021-07-16T00:00:00.000000000,299.8,335.40856
2021-07-16T01:00:00.000000000,307.69,325.29254
2021-07-16T02:00:00.000000000,317.47,309.01036
2021-07-16T03:00:00.000000000,303.57,292.32678
2021-07-16T04:00:00.000000000,292.26,275.42424
2021-07-16T05:00:00.000000000,282.36,260.73212
2021-07-16T06:00:00.000000000,272.99,250.18063
2021-07-16T07:00:00.000000000,264.32,243.35063
2021-07-16T08:00:00.000000000,263.94,241.22564
2021-07-16T09:00:00.000000000,272.13,246.28563
2021-07-16T10:00:00.000000000,285.04,253.62993
2021-07-16T11:00:00.000000000,305.18,262.44782
2021-07-16T12:00:00.000000000,328.04,268.81254
2021-07-16T13:00:00.000000000,334.88,275.23616
2021-07-16T14:00:00.000000000,329.9,285.09781
2021-07-16T15:00:00.000000000,311.45,296.44446
2021-07-16T16:00:00.000000000,305.67,304.27747
2021-07-16T17:00:00.000000000,311.26,309.89535
2021-07-16T18:00:00.000000000,315.73,314.08874
2021-07-16T19:00:00.000000000,320.11,315.45035
2021-07-16T20:00:00.000000000,321.88,318.47852
2021-07-16T21:00:00.000000000,322.65,321.48064
2021-07-16T22:00:00.000000000,322.64,326.74251
2021-07-16T23:00:00.000000000,321.15,328.455
2021-07-17T00:00:00.000000000,323.48,333.3954
2021-07-17T01:00:00.000000000,332.44,333.43659
2021-07-17T02:00:00.000000000,341.36,330.48367
2021-07-17T03:00:00.000000000,326.98,325.68695
2021-07-17T04:00:00.000000000,308.04,320.08016
2021-07-17T05:00:00.000000000,295.38,313.59136
2021-07-17T06:00:00.000000000,279.61,307.86607
2021-07-17T07:00:00.000000000,272.49,302.83642
2021-07-17T08:00:00.000000000,269.47,299.80434
2021-07-17T09:00:00.000000000,269.7,300.99155
2021-07-17T10:00:00.000000000,270.9,302.5055
2021-07-17T11:00:00.000000000,272.6,304.05689
2021-07-17T12:00:00.000000000,284.76,303.59966
2021-07-17T13:00:00.000000000,299.34,304.5315
2021-07-17T14:00:00.000000000,303.78,310.5537
2021-07-17T15:00:00.000000000,287.25,319.85895
2021-07-17T16:00:00.000000000,309.6,326.26545
2021-07-17T17:00:00.000000000,331.79,331.71597
2021-07-17T18:00:00.000000000,340.31,336.50017
2021-07-17T19:00:00.000000000,341.32,339.32334
2021-07-17T20:00:00.000000000,337.01,342.43745
2021-07-17T21:00:00.000000000,331.87,346.33678
2021-07-17T22:00:00.000000000,325.47,352.0651
2021-07-17T23:00:00.000000000,322.52,353.83819
2021-07-18T00:00:00.000000000,322.09,339.61387
2021-07-18T01:00:00.000000000,333.17,332.76524
2021-07-18T02:00:00.000000000,347.6,324.09033
2021-07-18T03:00:00.000000000,344.07,316.45338
2021-07-18T04:00:00.000000000,344.22,311.17961
2021-07-18T05:00:00.000000000,334.33,306.41542
2021-07-18T06:00:00.000000000,326.62,304.08953
2021-07-18T07:00:00.000000000,328.14,303.68902
2021-07-18T08:00:00.000000000,339.82,306.17092
2021-07-18T09:00:00.000000000,353.78,313.02225
2021-07-18T10:00:00.000000000,366.43,320.02334
2021-07-18T11:00:00.000000000,370.6,326.76347
2021-07-18T12:00:00.000000000,363.45,330.6006
2021-07-18T13:00:00.000000000,364.13,333.85083
2021-07-18T14:00:00.000000000,363.85,340.8276
2021-07-18T15:00:00.000000000,358.27,349.66254
2021-07-18T16:00:00.000000000,365.0,353.60485
2021-07-18T17:00:00.000000000,371.85,355.80695
2021-07-18T18:00:00.000000000,373.51,356.06199
2021-07-18T19:00:00.000000000,371.39,354.42477
2021-07-18T20:00:00.000000000,368.42,352.3915
2021-07-18T21:00:00.000000000,368.65,349.36546
2021-07-18T22:00:00.000000000,363.34,348.41463
2021-07-18T23:00:00.000000000,367.88,344.52932
2021-07-19T00:00:00.000000000,371.8,342.09269
2021-07-19T01:00:00.000000000,371.37,332.26406
2021-07-19T02:00:00.000000000,380.19,323.57055
2021-07-19T03:00:00.000000000,381.16,318.21239
2021-07-19T04:00:00.000000000,372.59,317.7454
2021-07-19T05:00:00.000000000,370.36,317.32949
2021-07-19T06:00:00.000000000,368.31,319.06059
2021-07-19T07:00:00.000000000,363.78,322.23765
2021-07-19T08:00:00.000000000,371.26,328.48466
2021-07-19T09:00:00.000000000,383.42,338.34532
2021-07-19T10:00:00.000000000,390.21,347.78158
2021-07-19T11:00:00.000000000,393.34,357.30375
2021-07-19T12:00:00.000000000,395.14,363.45689
2021-07-19T13:00:00.000000000,392.22,368.24563
2021-07-19T14:00:00.000000000,384.29,376.45037
2021-07-19T15:00:00.000000000,378.19,386.44462
2021-07-19T16:00:00.000000000,377.09,389.67732
2021-07-19T17:00:00.000000000,380.26,389.53901
2021-07-19T18:00:00.000000000,379.13,386.20363
2021-07-19T19:00:00.000000000,378.21,379.85439
2021-07-19T20:00:00.000000000,369.17,371.03058
2021-07-19T21:00:00.000000000,363.38,360.03136
2021-07-19T22:00:00.000000000,357.89,350.50528
2021-07-19T23:00:00.000000000,357.28,339.21799
2021-07-17T00:00:00.000000000,323.48,344.01152
2021-07-17T01:00:00.000000000,332.44,334.05137
2021-07-17T02:00:00.000000000,341.36,319.39202
2021-07-17T03:00:00.000000000,326.98,304.42541
2021-07-17T04:00:00.000000000,308.04,289.54463
2021-07-17T05:00:00.000000000,295.38,275.83729
2021-07-17T06:00:00.000000000,279.61,265.67796
2021-07-17T07:00:00.000000000,272.49,258.48899
2021-07-17T08:00:00.000000000,269.47,256.17268
2021-07-17T09:00:00.000000000,269.7,260.86313
2021-07-17T10:00:00.000000000,270.9,268.32037
2021-07-17T11:00:00.000000000,272.6,277.53697
2021-07-17T12:00:00.000000000,284.76,284.02203
2021-07-17T13:00:00.000000000,299.34,290.40088
2021-07-17T14:00:00.000000000,303.78,300.29275
2021-07-17T15:00:00.000000000,287.25,311.61899
2021-07-17T16:00:00.000000000,309.6,319.1795
2021-07-17T17:00:00.000000000,331.79,324.52469
2021-07-17T18:00:00.000000000,340.31,328.04816
2021-07-17T19:00:00.000000000,341.32,328.62933
2021-07-17T20:00:00.000000000,337.01,330.0711
2021-07-17T21:00:00.000000000,331.87,331.52604
2021-07-17T22:00:00.000000000,325.47,335.00095
2021-07-17T23:00:00.000000000,322.52,334.67981
2021-07-18T00:00:00.000000000,322.09,336.5943
2021-07-18T01:00:00.000000000,333.17,332.32718
2021-07-18T02:00:00.000000000,347.6,326.65816
2021-07-18T03:00:00.000000000,344.07,321.45742
2021-07-18T04:00:00.000000000,344.22,317.69417
2021-07-18T05:00:00.000000000,334.33,313.43683
2021-07-18T06:00:00.000000000,326.62,310.64507
2021-07-18T07:00:00.000000000,328.14,308.93199
2021-07-18T08:00:00.000000000,339.82,309.6639
2021-07-18T09:00:00.000000000,353.78,314.44548
2021-07-18T10:00:00.000000000,366.43,319.41574
2021-07-18T11:00:00.000000000,370.6,324.49865
2021-07-18T12:00:00.000000000,363.45,327.53087
2021-07-18T13:00:00.000000000,364.13,330.89022
2021-07-18T14:00:00.000000000,363.85,338.49928
2021-07-18T15:00:00.000000000,358.27,348.39921
2021-07-18T16:00:00.000000000,365.0,353.3261
2021-07-18T17:00:00.000000000,371.85,356.23914
2021-07-18T18:00:00.000000000,373.51,357.24972
2021-07-18T19:00:00.000000000,371.39,356.09239
2021-07-18T20:00:00.000000000,368.42,354.40892
2021-07-18T21:00:00.000000000,368.65,352.05367
2021-07-18T22:00:00.000000000,363.34,351.6208
2021-07-18T23:00:00.000000000,367.88,348.08561
2021-07-19T00:00:00.000000000,371.8,351.75023
2021-07-19T01:00:00.000000000,371.37,346.4816
2021-07-19T02:00:00.000000000,380.19,341.4488
2021-07-19T03:00:00.000000000,381.16,338.07796
2021-07-19T04:00:00.000000000,372.59,337.06424
2021-07-19T05:00:00.000000000,370.36,334.73449
2021-07-19T06:00:00.000000000,368.31,332.79176
2021-07-19T07:00:00.000000000,363.78,331.3207
2021-07-19T08:00:00.000000000,371.26,332.17343
2021-07-19T09:00:00.000000000,383.42,337.10022
2021-07-19T10:00:00.000000000,390.21,342.88626
2021-07-19T11:00:00.000000000,393.34,349.72864
2021-07-19T12:00:00.000000000,395.14,354.39703
2021-07-19T13:00:00.000000000,392.22,358.57382
2021-07-19T14:00:00.000000000,384.29,366.40675
2021-07-19T15:00:00.000000000,378.19,375.96304
2021-07-19T16:00:00.000000000,377.09,379.2096
2021-07-19T17:00:00.000000000,380.26,379.48179
2021-07-19T18:00:00.000000000,379.13,377.64428
2021-07-19T19:00:00.000000000,378.21,373.79708
2021-07-19T20:00:00.000000000,369.17,369.34336
2021-07-19T21:00:00.000000000,363.38,364.40347
2021-07-19T22:00:00.000000000,357.89,360.61658
2021-07-19T23:00:00.000000000,357.28,354.14546
2021-07-20T00:00:00.000000000,361.8,350.48711
2021-07-20T01:00:00.000000000,376.68,345.33177
2021-07-20T02:00:00.000000000,386.7,340.93705
2021-07-20T03:00:00.000000000,385.39,339.55126
2021-07-20T04:00:00.000000000,383.62,343.69136
2021-07-20T05:00:00.000000000,388.23,348.05065
2021-07-20T06:00:00.000000000,387.75,353.40585
2021-07-20T07:00:00.000000000,388.61,358.63699
2021-07-20T08:00:00.000000000,390.19,364.51535
2021-07-20T09:00:00.000000000,393.58,371.97007
2021-07-20T10:00:00.000000000,397.09,378.45415
2021-07-20T11:00:00.000000000,399.16,384.47198
2021-07-20T12:00:00.000000000,401.85,385.65199
2021-07-20T13:00:00.000000000,402.11,384.41122
2021-07-20T14:00:00.000000000,384.63,385.83572
2021-07-20T15:00:00.000000000,366.19,388.73367
2021-07-20T16:00:00.000000000,362.54,386.51535
2021-07-20T17:00:00.000000000,354.0,382.58125
2021-07-20T18:00:00.000000000,352.74,377.55271
2021-07-20T19:00:00.000000000,351.99,370.76458
2021-07-20T20:00:00.000000000,349.64,363.32494
2021-07-20T21:00:00.000000000,344.79,355.58647
2021-07-20T22:00:00.000000000,342.97,348.7194
2021-07-20T23:00:00.000000000,345.21,340.88396
2021-07-18T00:00:00.000000000,322.09,341.48381
2021-07-18T01:00:00.000000000,333.17,329.60219
2021-07-18T02:00:00.000000000,347.6,315.76779
2021-07-18T03:00:00.000000000,344.07,303.81036
2021-07-18T04:00:00.000000000,344.22,295.13113
2021-07-18T05:00:00.000000000,334.33,288.33663
2021-07-18T06:00:00.000000000,326.62,285.41072
2021-07-18T07:00:00.000000000,328.14,285.26904
2021-07-18T08:00:00.000000000,339.82,288.62566
2021-07-18T09:00:00.000000000,353.78,296.60215
2021-07-18T10:00:00.000000000,366.43,305.00816
2021-07-18T11:00:00.000000000,370.6,313.84376
2021-07-18T12:00:00.000000000,363.45,320.15659
2021-07-18T13:00:00.000000000,364.13,325.71308
2021-07-18T14:00:00.000000000,363.85,334.96663
2021-07-18T15:00:00.000000000,358.27,345.50873
2021-07-18T16:00:00.000000000,365.0,350.91037
2021-07-18T17:00:00.000000000,371.85,354.22685
2021-07-18T18:00:00.000000000,373.51,355.41669
2021-07-18T19:00:00.000000000,371.39,354.39281
2021-07-18T20:00:00.000000000,368.42,352.36032
2021-07-18T21:00:00.000000000,368.65,348.54024
2021-07-18T22:00:00.000000000,363.34,346.11519
2021-07-18T23:00:00.000000000,367.88,340.11857
2021-07-19T00:00:00.000000000,371.8,356.28841
2021-07-19T01:00:00.000000000,371.37,348.06903
2021-07-19T02:00:00.000000000,380.19,340.88952
2021-07-19T03:00:00.000000000,381.16,336.58762
2021-07-19T04:00:00.000000000,372.59,335.77125
2021-07-19T05:00:00.000000000,370.36,333.82901
2021-07-19T06:00:00.000000000,368.31,332.13223
2021-07-19T07:00:00.000000000,363.78,331.02764
2021-07-19T08:00:00.000000000,371.26,332.69498
2021-07-19T09:00:00.000000000,383.42,338.47634
2021-07-19T10:00:00.000000000,390.21,345.13055
2021-07-19T11:00:00.000000000,393.34,353.36012
2021-07-19T12:00:00.000000000,395.14,359.0155
2021-07-19T13:00:00.000000000,392.22,364.00886
2021-07-19T14:00:00.000000000,384.29,373.05084
2021-07-19T15:00:00.000000000,378.19,383.8787
2021-07-19T16:00:00.000000000,377.09,387.97415
2021-07-19T17:00:00.000000000,380.26,388.4759
2021-07-19T18:00:00.000000000,379.13,385.84461
2021-07-19T19:00:00.000000000,378.21,380.15994
2021-07-19T20:00:00.000000000,369.17,373.20429
2021-07-19T21:00:00.000000000,363.38,364.80653
2021-07-19T22:00:00.000000000,357.89,357.29927
2021-07-19T23:00:00.000000000,357.28,347.4811
2021-07-20T00:00:00.000000000,361.8,347.62221
2021-07-20T01:00:00.000000000,376.68,342.42228
2021-07-20T02:00:00.000000000,386.7,338.08587
2021-07-20T03:00:00.000000000,385.39,336.77735
2021-07-20T04:00:00.000000000,383.62,340.93996
2021-07-20T05:00:00.000000000,388.23,345.13205
2021-07-20T06:00:00.000000000,387.75,350.37139
2021-07-20T07:00:00.000000000,388.61,355.48972
2021-07-20T08:00:00.000000000,390.19,361.5709
2021-07-20T09:00:00.000000000,393.58,369.43468
2021-07-20T10:00:00.000000000,397.09,376.57634
2021-07-20T11:00:00.000000000,399.16,383.19882
2021-07-20T12:00:00.000000000,401.85,384.79912
2021-07-20T13:00:00.000000000,402.11,383.9657
2021-07-20T14:00:00.000000000,384.63,385.64337
2021-07-20T15:00:00.000000000,366.19,388.68466
2021-07-20T16:00:00.000000000,362.54,386.41773
2021-07-20T17:00:00.000000000,354.0,382.35913
2021-07-20T18:00:00.000000000,352.74,376.96277
2021-07-20T19:00:00.000000000,351.99,369.5575
2021-07-20T20:00:00.000000000,349.64,361.27103
2021-07-20T21:00:00.000000000,344.79,352.7139
2021-07-20T22:00:00.000000000,342.97,345.1653
2021-07-20T23:00:00.000000000,345.21,336.79258
2021-07-21T00:00:00.000000000,350.35,340.02445
2021-07-21T01:00:00.000000000,367.85,335.32615
2021-07-21T02:00:00.000000000,384.91,331.84956
2021-07-21T03:00:00.000000000,381.72,331.42512
2021-07-21T04:00:00.000000000,380.81,336.54595
2021-07-21T05:00:00.000000000,381.78,341.41743
2021-07-21T06:00:00.000000000,379.97,347.1841
2021-07-21T07:00:00.000000000,379.68,352.52648
2021-07-21T08:00:00.000000000,385.56,358.88238
2021-07-21T09:00:00.000000000,392.54,366.91417
2021-07-21T10:00:00.000000000,398.79,374.12521
2021-07-21T11:00:00.000000000,403.78,380.76268
2021-07-21T12:00:00.000000000,408.39,382.42567
2021-07-21T13:00:00.000000000,405.65,381.84423
2021-07-21T14:00:00.000000000,389.59,383.67282
2021-07-21T15:00:00.000000000,378.57,386.92941
2021-07-21T16:00:00.000000000,371.06,384.81158
2021-07-21T17:00:00.000000000,374.28,380.80136
2021-07-21T18:00:00.000000000,372.57,375.40405
2021-07-21T19:00:00.000000000,368.16,367.60939
2021-07-21T20:00:00.000000000,364.25,358.33091
2021-07-21T21:00:00.000000000,367.75,348.8802
2021-07-21T22:00:00.000000000,366.1,340.54087
2021-07-21T23:00:00.000000000,361.99,331.68665
2021-07-19T00:00:00.000000000,371.8,377.48306
2021-07-19T01:00:00.000000000,371.37,370.22665
2021-07-19T02:00:00.000000000,380.19,361.76998
2021-07-19T03:00:00.000000000,381.16,354.06169
2021-07-19T04:00:00.000000000,372.59,348.0249
2021-07-19T05:00:00.000000000,370.36,341.57228
2021-07-19T06:00:00.000000000,368.31,335.40425
2021-07-19T07:00:00.000000000,363.78,329.74542
2021-07-19T08:00:00.000000000,371.26,325.9209
2021-07-19T09:00:00.000000000,383.42,326.63645
2021-07-19T10:00:00.000000000,390.21,329.91771
2021-07-19T11:00:00.000000000,393.34,335.74951
2021-07-19T12:00:00.000000000,395.14,339.7905
2021-07-19T13:00:00.000000000,392.22,343.67355
2021-07-19T14:00:00.000000000,384.29,353.38534
2021-07-19T15:00:00.000000000,378.19,365.58814
2021-07-19T16:00:00.000000000,377.09,372.86475
2021-07-19T17:00:00.000000000,380.26,378.15806
2021-07-19T18:00:00.000000000,379.13,380.09437
2021-07-19T19:00:00.000000000,378.21,378.7342
2021-07-19T20:00:00.000000000,369.17,376.21003
2021-07-19T21:00:00.000000000,363.38,373.48314
2021-07-19T22:00:00.000000000,357.89,371.75977
2021-07-19T23:00:00.000000000,357.28,366.26675
2021-07-20T00:00:00.000000000,361.8,371.94386
2021-07-20T01:00:00.000000000,376.68,364.69516
2021-07-20T02:00:00.000000000,386.7,357.61433
2021-07-20T03:00:00.000000000,385.39,353.30847
2021-07-20T04:00:00.000000000,383.62,354.02994
2021-07-20T05:00:00.000000000,388.23,355.53011
2021-07-20T06:00:00.000000000,387.75,358.45263
2021-07-20T07:00:00.000000000,388.61,361.9263
2021-07-20T08:00:00.000000000,390.19,366.01577
2021-07-20T09:00:00.000000000,393.58,372.13235
2021-07-20T10:00:00.000000000,397.09,377.86512
2021-07-20T11:00:00.000000000,399.16,383.60007
2021-07-20T12:00:00.000000000,401.85,385.08001
2021-07-20T13:00:00.000000000,402.11,384.31126
2021-07-20T14:00:00.000000000,384.63,387.45038
2021-07-20T15:00:00.000000000,366.19,392.47742
2021-07-20T16:00:00.000000000,362.54,392.31345
2021-07-20T17:00:00.000000000,354.0,390.33654
2021-07-20T18:00:00.000000000,352.74,386.70405
2021-07-20T19:00:00.000000000,351.99,381.68829
2021-07-20T20:00:00.000000000,349.64,376.27275
2021-07-20T21:00:00.000000000,344.79,370.08573
2021-07-20T22:00:00.000000000,342.97,364.47695
2021-07-20T23:00:00.000000000,345.21,356.77859
2021-07-21T00:00:00.000000000,350.35,356.72656
2021-07-21T01:00:00.000000000,367.85,351.57483
2021-07-21T02:00:00.000000000,384.91,346.90714
2021-07-21T03:00:00.000000000,381.72,345.08171
2021-07-21T04:00:00.000000000,380.81,348.5406
2021-07-21T05:00:00.000000000,381.78,352.26745
2021-07-21T06:00:00.000000000,379.97,356.99915
2021-07-21T07:00:00.000000000,379.68,361.59768
2021-07-21T08:00:00.000000000,385.56,366.69599
2021-07-21T09:00:00.000000000,392.54,373.43453
2021-07-21T10:00:00.000000000,398.79,379.58013
2021-07-21T11:00:00.000000000,403.78,385.3318
2021-07-21T12:00:00.000000000,408.39,386.25737
2021-07-21T13:00:00.000000000,405.65,384.73885
2021-07-21T14:00:00.000000000,389.59,386.09572
2021-07-21T15:00:00.000000000,378.57,388.93013
2021-07-21T16:00:00.000000000,371.06,386.72488
2021-07-21T17:00:00.000000000,374.28,383.01288
2021-07-21T18:00:00.000000000,372.57,378.18269
2021-07-21T19:00:00.000000000,368.16,371.7528
2021-07-21T20:00:00.000000000,364.25,364.8859
2021-07-21T21:00:00.000000000,367.75,357.84726
2021-07-21T22:00:00.000000000,366.1,351.63558
2021-07-21T23:00:00.000000000,361.99,344.20697
2021-07-22T00:00:00.000000000,367.41,346.72356
2021-07-22T01:00:00.000000000,381.46,350.81883
2021-07-22T02:00:00.000000000,391.11,353.97362
2021-07-22T03:00:00.000000000,376.21,355.38042
2021-07-22T04:00:00.000000000,361.38,355.22941
2021-07-22T05:00:00.000000000,349.23,351.60738
2021-07-22T06:00:00.000000000,338.61,346.2491
2021-07-22T07:00:00.000000000,337.29,340.20847
2021-07-22T08:00:00.000000000,327.96,335.77167
2021-07-22T09:00:00.000000000,326.08,335.54165
2021-07-22T10:00:00.000000000,336.81,336.53667
2021-07-22T11:00:00.000000000,353.99,337.86921
2021-07-22T12:00:00.000000000,366.82,336.78178
2021-07-22T13:00:00.000000000,366.97,337.22777
2021-07-22T14:00:00.000000000,360.74,343.60857
2021-07-22T15:00:00.000000000,352.37,353.44018
2021-07-22T16:00:00.000000000,340.09,358.73773
2021-07-22T17:00:00.000000000,333.74,361.83735
2021-07-22T18:00:00.000000000,334.32,362.83951
2021-07-22T19:00:00.000000000,336.89,361.21319
2021-07-22T20:00:00.000000000,336.07,359.62557
2021-07-22T21:00:00.000000000,335.7,359.93216
2021-07-22T22:00:00.000000000,339.62,362.3769
2021-07-22T23:00:00.000000000,341.04,362.14087
2021-07-20T00:00:00.000000000,361.8,373.67217
2021-07-20T01:00:00.000000000,376.68,367.90797
2021-07-20T02:00:00.000000000,386.7,360.92519
2021-07-20T03:00:00.000000000,385.39,354.42853
2021-07-20T04:00:00.000000000,383.62,349.31233
2021-07-20T05:00:00.000000000,388.23,343.59786
2021-07-20T06:00:00.000000000,387.75,338.26559
2021-07-20T07:00:00.000000000,388.61,333.49578
2021-07-20T08:00:00.000000000,390.19,330.512
2021-07-20T09:00:00.000000000,393.58,331.95289
2021-07-20T10:00:00.000000000,397.09,335.66911
2021-07-20T11:00:00.000000000,399.16,341.37374
2021-07-20T12:00:00.000000000,401.85,345.02677
2021-07-20T13:00:00.000000000,402.11,348.39126
2021-07-20T14:00:00.000000000,384.63,356.95411
2021-07-20T15:00:00.000000000,366.19,367.87733
2021-07-20T16:00:00.000000000,362.54,373.62734
2021-07-20T17:00:00.000000000,354.0,377.32052
2021-07-20T18:00:00.000000000,352.74,378.37668
2021-07-20T19:00:00.000000000,351.99,376.92559
2021-07-20T20:00:00.000000000,349.64,375.03498
2021-07-20T21:00:00.000000000,344.79,373.40209
2021-07-20T22:00:00.000000000,342.97,372.69385
2021-07-20T23:00:00.000000000,345.21,368.13873
2021-07-21T00:00:00.000000000,350.35,372.60583
2021-07-21T01:00:00.000000000,367.85,364.70775
2021-07-21T02:00:00.000000000,384.91,357.15541
2021-07-21T03:00:00.000000000,381.72,352.43001
2021-07-21T04:00:00.000000000,380.81,352.59605
2021-07-21T05:00:00.000000000,381.78,353.42431
2021-07-21T06:00:00.000000000,379.97,355.63782
2021-07-21T07:00:00.000000000,379.68,358.63513
2021-07-21T08:00:00.000000000,385.56,362.63451
2021-07-21T09:00:00.000000000,392.54,369.00891
2021-07-21T10:00:00.000000000,398.79,375.14876
2021-07-21T11:00:00.000000000,403.78,381.51341
2021-07-21T12:00:00.000000000,408.39,383.75641
2021-07-21T13:00:00.000000000,405.65,383.77817
2021-07-21T14:00:00.000000000,389.59,387.74509
2021-07-21T15:00:00.000000000,378.57,393.53578
2021-07-21T16:00:00.000000000,371.06,393.89062
2021-07-21T17:00:00.000000000,374.28,392.18248
2021-07-21T18:00:00.000000000,372.57,388.53902
2021-07-21T19:00:00.000000000,368.16,383.41374
2021-07-21T20:00:00.000000000,364.25,377.80048
2021-07-21T21:00:00.000000000,367.75,371.21887
2021-07-21T22:00:00.000000000,366.1,365.13068
2021-07-21T23:00:00.000000000,361.99,356.83508
2021-07-22T00:00:00.000000000,367.41,353.25409
2021-07-22T01:00:00.000000000,381.46,357.32342
2021-07-22T02:00:00.000000000,391.11,359.95026
2021-07-22T03:00:00.000000000,376.21,360.59214
2021-07-22T04:00:00.000000000,361.38,359.93754
2021-07-22T05:00:00.000000000,349.23,356.5147
2021-07-22T06:00:00.000000000,338.61,351.74491
2021-07-22T07:00:00.000000000,337.29,346.11218
2021-07-22T08:00:00.000000000,327.96,341.22667
2021-07-22T09:00:00.000000000,326.08,339.93343
2021-07-22T10:00:00.000000000,336.81,339.72957
2021-07-22T11:00:00.000000000,353.99,339.7398
2021-07-22T12:00:00.000000000,366.82,337.4646
2021-07-22T13:00:00.000000000,366.97,336.7558
2021-07-22T14:00:00.000000000,360.74,342.7386
2021-07-22T15:00:00.000000000,352.37,352.88523
2021-07-22T16:00:00.000000000,340.09,359.15852
2021-07-22T17:00:00.000000000,333.74,363.78948
2021-07-22T18:00:00.000000000,334.32,366.32641
2021-07-22T19:00:00.000000000,336.89,366.12295
2021-07-22T20:00:00.000000000,336.07,365.60326
2021-07-22T21:00:00.000000000,335.7,366.99081
2021-07-22T22:00:00.000000000,339.62,370.52219
2021-07-22T23:00:00.000000000,341.04,370.98143
2021-07-23T00:00:00.000000000,342.09,357.89732
2021-07-23T01:00:00.000000000,345.35,358.07093
2021-07-23T02:00:00.000000000,347.28,354.54186
2021-07-23T03:00:00.000000000,327.84,347.88553
2021-07-23T04:00:00.000000000,309.82,338.84007
2021-07-23T05:00:00.000000000,295.79,328.11578
2021-07-23T06:00:00.000000000,270.85,317.6497
2021-07-23T07:00:00.000000000,259.3,308.5736
2021-07-23T08:00:00.000000000,246.83,303.51903
2021-07-23T09:00:00.000000000,237.48,304.07315
2021-07-23T10:00:00.000000000,237.83,305.76961
2021-07-23T11:00:00.000000000,257.83,305.80396
2021-07-23T12:00:00.000000000,282.77,300.42385
2021-07-23T13:00:00.000000000,295.14,295.95106
2021-07-23T14:00:00.000000000,303.9,296.89651
2021-07-23T15:00:00.000000000,280.5,300.43623
2021-07-23T16:00:00.000000000,277.91,303.34462
2021-07-23T17:00:00.000000000,291.62,307.09725
2021-07-23T18:00:00.000000000,298.92,312.90068
2021-07-23T19:00:00.000000000,306.82,318.77775
2021-07-23T20:00:00.000000000,312.25,327.07018
2021-07-23T21:00:00.000000000,314.77,337.51385
2021-07-23T22:00:00.000000000,314.57,348.15253
2021-07-23T23:00:00.000000000,312.07,354.25167
2021-07-21T00:00:00.000000000,350.35,367.80735
2021-07-21T01:00:00.000000000,367.85,359.1781
2021-07-21T02:00:00.000000000,384.91,350.32907
2021-07-21T03:00:00.000000000,381.72,343.39115
2021-07-21T04:00:00.000000000,380.81,339.26609
2021-07-21T05:00:00.000000000,381.78,334.74587
2021-07-21T06:00:00.000000000,379.97,330.76554
2021-07-21T07:00:00.000000000,379.68,327.67794
2021-07-21T08:00:00.000000000,385.56,327.1404
2021-07-21T09:00:00.000000000,392.54,331.03503
2021-07-21T10:00:00.000000000,398.79,336.62575
2021-07-21T11:00:00.000000000,403.78,344.21483
2021-07-21T12:00:00.000000000,408.39,349.26229
2021-07-21T13:00:00.000000000,405.65,353.66442
2021-07-21T14:00:00.000000000,389.59,362.98494
2021-07-21T15:00:00.000000000,378.57,374.39198
2021-07-21T16:00:00.000000000,371.06,379.99284
2021-07-21T17:00:00.000000000,374.28,382.82394
2021-07-21T18:00:00.000000000,372.57,382.205
2021-07-21T19:00:00.000000000,368.16,378.3458
2021-07-21T20:00:00.000000000,364.25,373.34703
2021-07-21T21:00:00.000000000,367.75,367.42558
2021-07-21T22:00:00.000000000,366.1,362.44336
2021-07-21T23:00:00.000000000,361.99,354.41953
2021-07-22T00:00:00.000000000,367.41,356.00569
2021-07-22T01:00:00.000000000,381.46,356.52959
2021-07-22T02:00:00.000000000,391.11,355.15265
2021-07-22T03:00:00.000000000,376.21,352.34477
2021-07-22T04:00:00.000000000,361.38,349.46544
2021-07-22T05:00:00.000000000,349.23,345.30316
2021-07-22T06:00:00.000000000,338.61,341.17601
2021-07-22T07:00:00.000000000,337.29,336.54863
2021-07-22T08:00:00.000000000,327.96,332.59491
2021-07-22T09:00:00.000000000,326.08,332.0257
2021-07-22T10:00:00.000000000,336.81,332.84469
2021-07-22T11:00:00.000000000,353.99,334.12666
2021-07-22T12:00:00.000000000,366.82,333.23238
2021-07-22T13:00:00.000000000,366.97,333.4248
2021-07-22T14:00:00.000000000,360.74,339.98491
2021-07-22T15:00:00.000000000,352.37,350.67244
2021-07-22T16:00:00.000000000,340.09,357.77587
2021-07-22T17:00:00.000000000,333.74,363.93114
2021-07-22T18:00:00.000000000,334.32,367.94629
2021-07-22T19:00:00.000000000,336.89,368.89209
2021-07-22T20:00:00.000000000,336.07,368.72313
2021-07-22T21:00:00.000000000,335.7,369.62981
2021-07-22T22:00:00.000000000,339.62,372.24374
2021-07-22T23:00:00.000000000,341.04,371.00714
2021-07-23T00:00:00.000000000,342.09,357.13488
2021-07-23T01:00:00.000000000,345.35,354.67375
2021-07-23T02:00:00.000000000,347.28,348.00031
2021-07-23T03:00:00.000000000,327.84,338.94446
2021-07-23T04:00:00.000000000,309.82,328.01083
2021-07-23T05:00:00.000000000,295.79,315.63563
2021-07-23T06:00:00.000000000,270.85,302.7646
2021-07-23T07:00:00.000000000,259.3,290.93241
2021-07-23T08:00:00.000000000,246.83,283.23878
2021-07-23T09:00:00.000000000,237.48,282.07382
2021-07-23T10:00:00.000000000,237.83,283.10635
2021-07-23T11:00:00.000000000,257.83,284.95968
2021-07-23T12:00:00.000000000,282.77,283.21377
2021-07-23T13:00:00.000000000,295.14,282.23675
2021-07-23T14:00:00.000000000,303.9,286.05427
2021-07-23T15:00:00.000000000,280.5,291.67209
2021-07-23T16:00:00.000000000,277.91,296.33263
2021-07-23T17:00:00.000000000,291.62,301.2848
2021-07-23T18:00:00.000000000,298.92,307.50103
2021-07-23T19:00:00.000000000,306.82,312.95345
2021-07-23T20:00:00.000000000,312.25,320.53061
2021-07-23T21:00:00.000000000,314.77,329.79945
2021-07-23T22:00:00.000000000,314.57,339.55375
2021-07-23T23:00:00.000000000,312.07,345.31903
2021-07-24T00:00:00.000000000,310.61,341.19705
2021-07-24T01:00:00.000000000,317.95,336.45
2021-07-24T02:00:00.000000000,323.81,327.09737
2021-07-24T03:00:00.000000000,304.98,316.26287
2021-07-24T04:00:00.000000000,291.12,305.17237
2021-07-24T05:00:00.000000000,281.49,294.81996
2021-07-24T06:00:00.000000000,268.72,286.3569
2021-07-24T07:00:00.000000000,261.12,280.20086
2021-07-24T08:00:00.000000000,254.19,277.35898
2021-07-24T09:00:00.000000000,251.69,280.11774
2021-07-24T10:00:00.000000000,256.59,283.51836
2021-07-24T11:00:00.000000000,276.95,287.1685
2021-07-24T12:00:00.000000000,288.69,287.80316
2021-07-24T13:00:00.000000000,289.28,288.58374
2021-07-24T14:00:00.000000000,295.23,293.62446
2021-07-24T15:00:00.000000000,280.3,300.70893
2021-07-24T16:00:00.000000000,287.16,306.09502
2021-07-24T17:00:00.000000000,306.64,311.19609
2021-07-24T18:00:00.000000000,322.53,316.64674
2021-07-24T19:00:00.000000000,333.2,321.11615
2021-07-24T20:00:00.000000000,341.1,326.92706
2021-07-24T21:00:00.000000000,345.66,333.26225
2021-07-24T22:00:00.000000000,350.51,341.1013
2021-07-24T23:00:00.000000000,352.28,344.96039
2021-07-22T00:00:00.000000000,367.41,368.24187
2021-07-22T01:00:00.000000000,381.46,364.72248
2021-07-22T02:00:00.000000000,391.11,358.72926
2021-07-22T03:00:00.000000000,376.21,351.52402
2021-07-22T04:00:00.000000000,361.38,343.37408
2021-07-22T05:00:00.000000000,349.23,333.32985
2021-07-22T06:00:00.000000000,338.61,322.52719
2021-07-22T07:00:00.000000000,337.29,311.8385
2021-07-22T08:00:00.000000000,327.96,303.7518
2021-07-22T09:00:00.000000000,326.08,301.61625
2021-07-22T10:00:00.000000000,336.81,303.54165
2021-07-22T11:00:00.000000000,353.99,308.72667
2021-07-22T12:00:00.000000000,366.82,312.37596
2021-07-22T13:00:00.000000000,366.97,316.73447
2021-07-22T14:00:00.000000000,360.74,326.83305
2021-07-22T15:00:00.000000000,352.37,339.73149
2021-07-22T16:00:00.000000000,340.09,348.88018
2021-07-22T17:00:00.000000000,333.74,356.43009
2021-07-22T18:00:00.000000000,334.32,360.89868
2021-07-22T19:00:00.000000000,336.89,361.43844
2021-07-22T20:00:00.000000000,336.07,361.23848
2021-07-22T21:00:00.000000000,335.7,362.35541
2021-07-22T22:00:00.000000000,339.62,364.93516
2021-07-22T23:00:00.000000000,341.04,363.30451
2021-07-23T00:00:00.000000000,342.09,356.72195
2021-07-23T01:00:00.000000000,345.35,352.86357
2021-07-23T02:00:00.000000000,347.28,344.44911
2021-07-23T03:00:00.000000000,327.84,333.86143
2021-07-23T04:00:00.000000000,309.82,322.15856
2021-07-23T05:00:00.000000000,295.79,309.68741
2021-07-23T06:00:00.000000000,270.85,297.05916
2021-07-23T07:00:00.000000000,259.3,285.74623
2021-07-23T08:00:00.000000000,246.83,278.43282
2021-07-23T09:00:00.000000000,237.48,277.78575
2021-07-23T10:00:00.000000000,237.83,279.22891
2021-07-23T11:00:00.000000000,257.83,282.48462
2021-07-23T12:00:00.000000000,282.77,282.82708
2021-07-23T13:00:00.000000000,295.14,283.30969
2021-07-23T14:00:00.000000000,303.9,288.17533
2021-07-23T15:00:00.000000000,280.5,294.47402
2021-07-23T16:00:00.000000000,277.91,299.74903
2021-07-23T17:00:00.000000000,291.62,304.95389
2021-07-23T18:00:00.000000000,298.92,310.84802
2021-07-23T19:00:00.000000000,306.82,315.78343
2021-07-23T20:00:00.000000000,312.25,322.32188
2021-07-23T21:00:00.000000000,314.77,330.32498
2021-07-23T22:00:00.000000000,314.57,339.38976
2021-07-23T23:00:00.000000000,312.07,344.93546
2021-07-24T00:00:00.000000000,310.61,347.67481
2021-07-24T01:00:00.000000000,317.95,347.43198
2021-07-24T02:00:00.000000000,323.81,343.16822
2021-07-24T03:00:00.000000000,304.98,336.23515
2021-07-24T04:00:00.000000000,291.12,328.15778
2021-07-24T05:00:00.000000000,281.49,319.34291
2021-07-24T06:00:00.000000000,268.72,310.94572
2021-07-24T07:00:00.000000000,261.12,303.29644
2021-07-24T08:00:00.000000000,254.19,297.89522
2021-07-24T09:00:00.000000000,251.69,297.34749
2021-07-24T10:00:00.000000000,256.59,297.84333
2021-07-24T11:00:00.000000000,276.95,298.76206
2021-07-24T12:00:00.000000000,288.69,297.0424
2021-07-24T13:00:00.000000000,289.28,296.13959
2021-07-24T14:00:00.000000000,295.23,299.95926
2021-07-24T15:00:00.000000000,280.3,306.30403
2021-07-24T16:00:00.000000000,287.16,311.44695
2021-07-24T17:00:00.000000000,306.64,317.05041
2021-07-24T18:00:00.000000000,322.53,323.67321
2021-07-24T19:00:00.000000000,333.2,329.57587
2021-07-24T20:00:00.000000000,341.1,336.57839
2021-07-24T21:00:00.000000000,345.66,345.08176
2021-07-24T22:00:00.000000000,350.51,354.58433
2021-07-24T23:00:00.000000000,352.28,359.46743
2021-07-25T00:00:00.000000000,353.18,349.00828
2021-07-25T01:00:00.000000000,355.95,343.92755
2021-07-25T02:00:00.000000000,352.72,334.19745
2021-07-25T03:00:00.000000000,335.57,322.72973
2021-07-25T04:00:00.000000000,319.14,310.81035
2021-07-25T05:00:00.000000000,307.94,299.59833
2021-07-25T06:00:00.000000000,298.76,290.85325
2021-07-25T07:00:00.000000000,285.89,284.2804
2021-07-25T08:00:00.000000000,267.87,280.8745
2021-07-25T09:00:00.000000000,259.73,283.1074
2021-07-25T10:00:00.000000000,260.55,286.66123
2021-07-25T11:00:00.000000000,280.01,291.11924
2021-07-25T12:00:00.000000000,298.28,293.15233
2021-07-25T13:00:00.000000000,309.15,295.44908
2021-07-25T14:00:00.000000000,332.6,302.13507
2021-07-25T15:00:00.000000000,341.37,310.87869
2021-07-25T16:00:00.000000000,344.19,317.35799
2021-07-25T17:00:00.000000000,355.88,323.00355
2021-07-25T18:00:00.000000000,363.5,328.40921
2021-07-25T19:00:00.000000000,365.0,332.51162
2021-07-25T20:00:00.000000000,362.54,337.69431
2021-07-25T21:00:00.000000000,357.65,343.5475
2021-07-25T22:00:00.000000000,350.95,351.13928
2021-07-25T23:00:00.000000000,349.76,354.38153
2021-07-23T00:00:00.000000000,342.09,349.65779
2021-07-23T01:00:00.000000000,345.35,339.64264
2021-07-23T02:00:00.000000000,347.28,323.35697
2021-07-23T03:00:00.000000000,327.84,306.01719
2021-07-23T04:00:00.000000000,309.82,288.02926
2021-07-23T05:00:00.000000000,295.79,271.67866
2021-07-23T06:00:00.000000000,270.85,258.10576
2021-07-23T07:00:00.000000000,259.3,247.98497
2021-07-23T08:00:00.000000000,246.83,243.03328
2021-07-23T09:00:00.000000000,237.48,245.94633
2021-07-23T10:00:00.000000000,237.83,251.59205
2021-07-23T11:00:00.000000000,257.83,260.06307
2021-07-23T12:00:00.000000000,282.77,266.15891
2021-07-23T13:00:00.000000000,295.14,271.68386
2021-07-23T14:00:00.000000000,303.9,280.82383
2021-07-23T15:00:00.000000000,280.5,291.04731
2021-07-23T16:00:00.000000000,277.91,298.57561
2021-07-23T17:00:00.000000000,291.62,303.76684
2021-07-23T18:00:00.000000000,298.92,307.54611
2021-07-23T19:00:00.000000000,306.82,308.68556
2021-07-23T20:00:00.000000000,312.25,311.56035
2021-07-23T21:00:00.000000000,314.77,315.30211
2021-07-23T22:00:00.000000000,314.57,321.22627
2021-07-23T23:00:00.000000000,312.07,324.76311
2021-07-24T00:00:00.000000000,310.61,329.17327
2021-07-24T01:00:00.000000000,317.95,322.936
2021-07-24T02:00:00.000000000,323.81,311.99569
2021-07-24T03:00:00.000000000,304.98,300.51103
2021-07-24T04:00:00.000000000,291.12,289.62013
2021-07-24T05:00:00.000000000,281.49,279.98195
2021-07-24T06:00:00.000000000,268.72,272.3438
2021-07-24T07:00:00.000000000,261.12,266.9321
2021-07-24T08:00:00.000000000,254.19,264.75269
2021-07-24T09:00:00.000000000,251.69,268.11237
2021-07-24T10:00:00.000000000,256.59,271.87426
2021-07-24T11:00:00.000000000,276.95,276.23717
2021-07-24T12:00:00.000000000,288.69,278.31449
2021-07-24T13:00:00.000000000,289.28,280.71306
2021-07-24T14:00:00.000000000,295.23,286.99985
2021-07-24T15:00:00.000000000,280.3,294.85081
2021-07-24T16:00:00.000000000,287.16,300.6528
2021-07-24T17:00:00.000000000,306.64,306.03194
2021-07-24T18:00:00.000000000,322.53,311.85844
2021-07-24T19:00:00.000000000,333.2,316.23647
2021-07-24T20:00:00.000000000,341.1,321.487
2021-07-24T21:00:00.000000000,345.66,326.40515
2021-07-24T22:00:00.000000000,350.51,332.64975
2021-07-24T23:00:00.000000000,352.28,335.35374
2021-07-25T00:00:00.000000000,353.18,336.35994
2021-07-25T01:00:00.000000000,355.95,329.67879
2021-07-25T02:00:00.000000000,352.72,318.23188
2021-07-25T03:00:00.000000000,335.57,305.97573
2021-07-25T04:00:00.000000000,319.14,293.8437
2021-07-25T05:00:00.000000000,307.94,283.0197
2021-07-25T06:00:00.000000000,298.76,275.09853
2021-07-25T07:00:00.000000000,285.89,269.66251
2021-07-25T08:00:00.000000000,267.87,267.49132
2021-07-25T09:00:00.000000000,259.73,270.91013
2021-07-25T10:00:00.000000000,260.55,275.20913
2021-07-25T11:00:00.000000000,280.01,280.26322
2021-07-25T12:00:00.000000000,298.28,283.19051
2021-07-25T13:00:00.000000000,309.15,286.55556
2021-07-25T14:00:00.000000000,332.6,293.90789
2021-07-25T15:00:00.000000000,341.37,303.02337
2021-07-25T16:00:00.000000000,344.19,309.6052
2021-07-25T17:00:00.000000000,355.88,315.19714
2021-07-25T18:00:00.000000000,363.5,320.64978
2021-07-25T19:00:00.000000000,365.0,324.50627
2021-07-25T20:00:00.000000000,362.54,329.4214
2021-07-25T21:00:00.000000000,357.65,334.11893
2021-07-25T22:00:00.000000000,350.95,340.45306
2021-07-25T23:00:00.000000000,349.76,342.67117
2021-07-26T00:00:00.000000000,353.91,341.05645
2021-07-26T01:00:00.000000000,365.75,335.93472
2021-07-26T02:00:00.000000000,370.99,326.95125
2021-07-26T03:00:00.000000000,363.32,316.80593
2021-07-26T04:00:00.000000000,355.68,306.57658
2021-07-26T05:00:00.000000000,347.83,296.90496
2021-07-26T06:00:00.000000000,341.65,289.83971
2021-07-26T07:00:00.000000000,341.88,284.79362
2021-07-26T08:00:00.000000000,341.85,282.88846
2021-07-26T09:00:00.000000000,339.69,286.18302
2021-07-26T10:00:00.000000000,341.67,290.46462
2021-07-26T11:00:00.000000000,350.3,295.10706
2021-07-26T12:00:00.000000000,346.65,297.2206
2021-07-26T13:00:00.000000000,354.84,299.86251
2021-07-26T14:00:00.000000000,351.82,306.89111
2021-07-26T15:00:00.000000000,358.38,316.29433
2021-07-26T16:00:00.000000000,360.33,322.78007
2021-07-26T17:00:00.000000000,365.29,328.16608
2021-07-26T18:00:00.000000000,368.49,332.88939
2021-07-26T19:00:00.000000000,367.42,335.78186
2021-07-26T20:00:00.000000000,364.6,339.23329
2021-07-26T21:00:00.000000000,361.87,342.84983
2021-07-26T22:00:00.000000000,356.96,348.14609
2021-07-26T23:00:00.000000000,351.17,349.21754
2021-07-24T00:00:00.000000000,310.61,334.92636
2021-07-24T01:00:00.000000000,317.95,325.32106
2021-07-24T02:00:00.000000000,323.81,309.69688
2021-07-24T03:00:00.000000000,304.98,293.59227
2021-07-24T04:00:00.000000000,291.12,277.46419
2021-07-24T05:00:00.000000000,281.49,263.579
2021-07-24T06:00:00.000000000,268.72,253.55094
2021-07-24T07:00:00.000000000,261.12,247.19207
2021-07-24T08:00:00.000000000,254.19,245.33505
2021-07-24T09:00:00.000000000,251.69,250.41611
2021-07-24T10:00:00.000000000,256.59,257.2686
2021-07-24T11:00:00.000000000,276.95,265.34271
2021-07-24T12:00:00.000000000,288.69,270.79434
2021-07-24T13:00:00.000000000,289.28,276.11476
2021-07-24T14:00:00.000000000,295.23,284.92397
2021-07-24T15:00:00.000000000,280.3,295.2258
2021-07-24T16:00:00.000000000,287.16,302.44468
2021-07-24T17:00:00.000000000,306.64,307.79853
2021-07-24T18:00:00.000000000,322.53,312.0756
2021-07-24T19:00:00.000000000,333.2,313.91189
2021-07-24T20:00:00.000000000,341.1,317.35545
2021-07-24T21:00:00.000000000,345.66,320.77184
2021-07-24T22:00:00.000000000,350.51,326.38278
2021-07-24T23:00:00.000000000,352.28,328.61805
2021-07-25T00:00:00.000000000,353.18,340.8516
2021-07-25T01:00:00.000000000,355.95,335.26679
2021-07-25T02:00:00.000000000,352.72,325.20175
2021-07-25T03:00:00.000000000,335.57,313.98557
2021-07-25T04:00:00.000000000,319.14,302.50879
2021-07-25T05:00:00.000000000,307.94,291.74769
2021-07-25T06:00:00.000000000,298.76,283.67793
2021-07-25T07:00:00.000000000,285.89,277.27292
2021-07-25T08:00:00.000000000,267.87,273.68424
2021-07-25T09:00:00.000000000,259.73,275.46433
2021-07-25T10:00:00.000000000,260.55,278.8659
2021-07-25T11:00:00.000000000,280.01,283.69257
2021-07-25T12:00:00.000000000,298.28,287.00178
2021-07-25T13:00:00.000000000,309.15,291.12455
2021-07-25T14:00:00.000000000,332.6,299.21826
2021-07-25T15:00:00.000000000,341.37,309.15904
2021-07-25T16:00:00.000000000,344.19,316.29689
2021-07-25T17:00:00.000000000,355.88,322.28053
2021-07-25T18:00:00.000000000,363.5,327.94794
2021-07-25T19:00:00.000000000,365.0,331.63225
2021-07-25T20:00:00.000000000,362.54,336.08506
2021-07-25T21:00:00.000000000,357.65,340.62237
2021-07-25T22:00:00.000000000,350.95,346.65993
2021-07-25T23:00:00.000000000,349.76,348.29232
2021-07-26T00:00:00.000000000,353.91,345.21537
2021-07-26T01:00:00.000000000,365.75,342.13838
2021-07-26T02:00:00.000000000,370.99,336.37236
2021-07-26T03:00:00.000000000,363.32,329.29182
2021-07-26T04:00:00.000000000,355.68,322.35491
2021-07-26T05:00:00.000000000,347.83,315.34153
2021-07-26T06:00:00.000000000,341.65,310.71827
2021-07-26T07:00:00.000000000,341.88,307.40575
2021-07-26T08:00:00.000000000,341.85,306.5447
2021-07-26T09:00:00.000000000,339.69,309.83877
2021-07-26T10:00:00.000000000,341.67,313.94138
2021-07-26T11:00:00.000000000,350.3,317.72392
2021-07-26T12:00:00.000000000,346.65,318.76402
2021-07-26T13:00:00.000000000,354.84,320.50011
2021-07-26T14:00:00.000000000,351.82,327.11135
2021-07-26T15:00:00.000000000,358.38,336.68993
2021-07-26T16:00:00.000000000,360.33,342.76049
2021-07-26T17:00:00.000000000,365.29,347.88435
2021-07-26T18:00:00.000000000,368.49,352.12161
2021-07-26T19:00:00.000000000,367.42,354.4088
2021-07-26T20:00:00.000000000,364.6,356.39124
2021-07-26T21:00:00.000000000,361.87,358.60534
2021-07-26T22:00:00.000000000,356.96,362.10715
2021-07-26T23:00:00.000000000,351.17,361.03112
2021-07-27T00:00:00.000000000,351.96,361.88765
2021-07-27T01:00:00.000000000,365.21,359.9236
2021-07-27T02:00:00.000000000,382.88,356.17619
2021-07-27T03:00:00.000000000,377.17,351.56708
2021-07-27T04:00:00.000000000,367.78,347.18066
2021-07-27T05:00:00.000000000,365.46,341.6366
2021-07-27T06:00:00.000000000,359.17,337.23859
2021-07-27T07:00:00.000000000,360.87,333.85829
2021-07-27T08:00:00.000000000,366.44,332.73516
2021-07-27T09:00:00.000000000,374.08,335.889
2021-07-27T10:00:00.000000000,380.84,340.47765
2021-07-27T11:00:00.000000000,383.89,344.92928
2021-07-27T12:00:00.000000000,384.67,346.11368
2021-07-27T13:00:00.000000000,379.83,347.24911
2021-07-27T14:00:00.000000000,365.23,353.4589
2021-07-27T15:00:00.000000000,365.61,362.62714
2021-07-27T16:00:00.000000000,366.43,367.33835
2021-07-27T17:00:00.000000000,371.26,370.54317
2021-07-27T18:00:00.000000000,373.58,372.00174
2021-07-27T19:00:00.000000000,374.0,371.62326
2021-07-27T20:00:00.000000000,371.73,371.28848
2021-07-27T21:00:00.000000000,369.96,371.77839
2021-07-27T22:00:00.000000000,370.15,373.63752
2021-07-27T23:00:00.000000000,371.09,371.47203
2021-07-25T00:00:00.000000000,353.18,363.61046
2021-07-25T01:00:00.000000000,355.95,354.20241
2021-07-25T02:00:00.000000000,352.72,340.44121
2021-07-25T03:00:00.000000000,335.57,325.63739
2021-07-25T04:00:00.000000000,319.14,311.36564
2021-07-25T05:00:00.000000000,307.94,298.16119
2021-07-25T06:00:00.000000000,298.76,288.25161
2021-07-25T07:00:00.000000000,285.89,281.36647
2021-07-25T08:00:00.000000000,267.87,278.89996
2021-07-25T09:00:00.000000000,259.73,283.06312
2021-07-25T10:00:00.000000000,260.55,289.84446
2021-07-25T11:00:00.000000000,280.01,298.58465
2021-07-25T12:00:00.000000000,298.28,304.63187
2021-07-25T13:00:00.000000000,309.15,309.99421
2021-07-25T14:00:00.000000000,332.6,319.87287
2021-07-25T15:00:00.000000000,341.37,331.3662
2021-07-25T16:00:00.000000000,344.19,339.30756
2021-07-25T17:00:00.000000000,355.88,345.42484
2021-07-25T18:00:00.000000000,363.5,349.46266
2021-07-25T19:00:00.000000000,365.0,351.26793
2021-07-25T20:00:00.000000000,362.54,353.03978
2021-07-25T21:00:00.000000000,357.65,355.37066
2021-07-25T22:00:00.000000000,350.95,359.80557
2021-07-25T23:00:00.000000000,349.76,359.84113
2021-07-26T00:00:00.000000000,353.91,364.49849
2021-07-26T01:00:00.000000000,365.75,363.86605
2021-07-26T02:00:00.000000000,370.99,361.50387
2021-07-26T03:00:00.000000000,363.32,358.13871
2021-07-26T04:00:00.000000000,355.68,355.125
2021-07-26T05:00:00.000000000,347.83,350.98836
2021-07-26T06:00:00.000000000,341.65,347.37319
2021-07-26T07:00:00.000000000,341.88,343.8853
2021-07-26T08:00:00.000000000,341.85,341.41185
2021-07-26T09:00:00.000000000,339.69,342.48717
2021-07-26T10:00:00.000000000,341.67,344.93492
2021-07-26T11:00:00.000000000,350.3,347.48357
2021-07-26T12:00:00.000000000,346.65,347.22183
2021-07-26T13:00:00.000000000,354.84,347.29197
2021-07-26T14:00:00.000000000,351.82,353.34452
2021-07-26T15:00:00.000000000,358.38,363.12784
2021-07-26T16:00:00.000000000,360.33,368.8758
2021-07-26T17:00:00.000000000,365.29,373.46219
2021-07-26T18:00:00.000000000,368.49,375.96084
2021-07-26T19:00:00.000000000,367.42,376.04492
2021-07-26T20:00:00.000000000,364.6,375.5173
2021-07-26T21:00:00.000000000,361.87,376.0074
2021-07-26T22:00:00.000000000,356.96,378.05153
2021-07-26T23:00:00.000000000,351.17,376.23094
2021-07-27T00:00:00.000000000,351.96,375.38434
2021-07-27T01:00:00.000000000,365.21,372.86414
2021-07-27T02:00:00.000000000,382.88,368.22964
2021-07-27T03:00:00.000000000,377.17,362.83142
2021-07-27T04:00:00.000000000,367.78,358.24276
2021-07-27T05:00:00.000000000,365.46,353.22185
2021-07-27T06:00:00.000000000,359.17,349.15022
2021-07-27T07:00:00.000000000,360.87,345.61934
2021-07-27T08:00:00.000000000,366.44,343.0634
2021-07-27T09:00:00.000000000,374.08,344.17246
2021-07-27T10:00:00.000000000,380.84,346.9665
2021-07-27T11:00:00.000000000,383.89,350.28249
2021-07-27T12:00:00.000000000,384.67,350.83491
2021-07-27T13:00:00.000000000,379.83,351.25417
2021-07-27T14:00:00.000000000,365.23,357.62777
2021-07-27T15:00:00.000000000,365.61,367.35696
2021-07-27T16:00:00.000000000,366.43,372.91256
2021-07-27T17:00:00.000000000,371.26,377.32272
2021-07-27T18:00:00.000000000,373.58,379.63047
2021-07-27T19:00:00.000000000,374.0,379.8913
2021-07-27T20:00:00.000000000,371.73,379.82853
2021-07-27T21:00:00.000000000,369.96,380.78838
2021-07-27T22:00:00.000000000,370.15,383.12169
2021-07-27T23:00:00.000000000,371.09,381.27574
2021-07-28T00:00:00.000000000,370.27,382.78551
2021-07-28T01:00:00.000000000,376.2,377.69982
2021-07-28T02:00:00.000000000,385.63,370.2785
2021-07-28T03:00:00.000000000,372.03,362.77519
2021-07-28T04:00:00.000000000,364.89,356.90202
2021-07-28T05:00:00.000000000,358.0,351.31599
2021-07-28T06:00:00.000000000,351.64,347.66322
2021-07-28T07:00:00.000000000,348.79,345.58161
2021-07-28T08:00:00.000000000,353.09,345.1453
2021-07-28T09:00:00.000000000,360.52,348.77876
2021-07-28T10:00:00.000000000,364.47,353.92939
2021-07-28T11:00:00.000000000,370.84,359.39106
2021-07-28T12:00:00.000000000,376.77,361.67895
2021-07-28T13:00:00.000000000,379.65,362.85005
2021-07-28T14:00:00.000000000,382.67,368.92483
2021-07-28T15:00:00.000000000,378.88,377.16707
2021-07-28T16:00:00.000000000,375.51,380.45683
2021-07-28T17:00:00.000000000,373.73,382.24184
2021-07-28T18:00:00.000000000,373.68,382.45017
2021-07-28T19:00:00.000000000,370.15,381.9778
2021-07-28T20:00:00.000000000,370.54,382.25819
2021-07-28T21:00:00.000000000,365.09,383.2897
2021-07-28T22:00:00.000000000,358.29,385.58813
2021-07-28T23:00:00.000000000,352.85,383.67113
2021-07-26T00:00:00.000000000,353.91,368.73982
2021-07-26T01:00:00.000000000,365.75,360.35825
2021-07-26T02:00:00.000000000,370.99,349.72653
2021-07-26T03:00:00.000000000,363.32,339.33532
2021-07-26T04:00:00.000000000,355.68,330.12062
2021-07-26T05:00:00.000000000,347.83,321.02654
2021-07-26T06:00:00.000000000,341.65,313.6304
2021-07-26T07:00:00.000000000,341.88,307.71205
2021-07-26T08:00:00.000000000,341.85,304.71062
2021-07-26T09:00:00.000000000,339.69,306.90717
2021-07-26T10:00:00.000000000,341.67,311.79204
2021-07-26T11:00:00.000000000,350.3,318.9714
2021-07-26T12:00:00.000000000,346.65,324.30821
2021-07-26T13:00:00.000000000,354.84,329.54387
2021-07-26T14:00:00.000000000,351.82,339.82106
2021-07-26T15:00:00.000000000,358.38,351.9304
2021-07-26T16:00:00.000000000,360.33,359.29387
2021-07-26T17:00:00.000000000,365.29,364.70672
2021-07-26T18:00:00.000000000,368.49,367.24754
2021-07-26T19:00:00.000000000,367.42,366.78345
2021-07-26T20:00:00.000000000,364.6,365.55091
2021-07-26T21:00:00.000000000,361.87,364.01986
2021-07-26T22:00:00.000000000,356.96,363.65348
2021-07-26T23:00:00.000000000,351.17,359.11361
2021-07-27T00:00:00.000000000,351.96,370.62854
2021-07-27T01:00:00.000000000,365.21,364.37301
2021-07-27T02:00:00.000000000,382.88,357.97153
2021-07-27T03:00:00.000000000,377.17,353.27642
2021-07-27T04:00:00.000000000,367.78,351.29167
2021-07-27T05:00:00.000000000,365.46,348.77445
2021-07-27T06:00:00.000000000,359.17,346.69977
2021-07-27T07:00:00.000000000,360.87,344.86203
2021-07-27T08:00:00.000000000,366.44,344.22364
2021-07-27T09:00:00.000000000,374.08,346.96838
2021-07-27T10:00:00.000000000,380.84,350.79097
2021-07-27T11:00:00.000000000,383.89,355.92476
2021-07-27T12:00:00.000000000,384.67,358.91379
2021-07-27T13:00:00.000000000,379.83,361.55807
2021-07-27T14:00:00.000000000,365.23,369.36632
2021-07-27T15:00:00.000000000,365.61,379.63761
2021-07-27T16:00:00.000000000,366.43,384.29431
2021-07-27T17:00:00.000000000,371.26,386.6031
2021-07-27T18:00:00.000000000,373.58,386.48066
2021-07-27T19:00:00.000000000,374.0,383.97938
2021-07-27T20:00:00.000000000,371.73,380.60179
2021-07-27T21:00:00.000000000,369.96,376.54524
2021-07-27T22:00:00.000000000,370.15,373.27479
2021-07-27T23:00:00.000000000,371.09,366.75508
2021-07-28T00:00:00.000000000,370.27,376.99231
2021-07-28T01:00:00.000000000,376.2,368.50276
2021-07-28T02:00:00.000000000,385.63,359.22316
2021-07-28T03:00:00.000000000,372.03,351.77668
2021-07-28T04:00:00.000000000,364.89,347.38699
2021-07-28T05:00:00.000000000,358.0,343.32345
2021-07-28T06:00:00.000000000,351.64,340.7862
2021-07-28T07:00:00.000000000,348.79,339.50206
2021-07-28T08:00:00.000000000,353.09,340.08162
2021-07-28T09:00:00.000000000,360.52,344.55473
2021-07-28T10:00:00.000000000,364.47,350.21238
2021-07-28T11:00:00.000000000,370.84,356.92843
2021-07-28T12:00:00.000000000,376.77,361.01347
2021-07-28T13:00:00.000000000,379.65,364.02851
2021-07-28T14:00:00.000000000,382.67,371.52594
2021-07-28T15:00:00.000000000,378.88,380.60502
2021-07-28T16:00:00.000000000,375.51,383.9234
2021-07-28T17:00:00.000000000,373.73,385.06869
2021-07-28T18:00:00.000000000,373.68,384.20868
2021-07-28T19:00:00.000000000,370.15,381.97693
2021-07-28T20:00:00.000000000,370.54,379.7403
2021-07-28T21:00:00.000000000,365.09,376.67699
2021-07-28T22:00:00.000000000,358.29,374.2654
2021-07-28T23:00:00.000000000,352.85,368.25843
2021-07-29T00:00:00.000000000,361.9,377.41258
2021-07-29T01:00:00.000000000,370.32,369.13135
2021-07-29T02:00:00.000000000,381.63,360.25942
2021-07-29T03:00:00.000000000,385.0,353.26723
2021-07-29T04:00:00.000000000,385.24,349.33464
2021-07-29T05:00:00.000000000,385.91,345.56023
2021-07-29T06:00:00.000000000,383.18,343.08765
2021-07-29T07:00:00.000000000,384.81,341.77019
2021-07-29T08:00:00.000000000,392.3,342.2969
2021-07-29T09:00:00.000000000,401.9,346.6781
2021-07-29T10:00:00.000000000,407.71,352.21282
2021-07-29T11:00:00.000000000,410.41,358.86742
2021-07-29T12:00:00.000000000,411.81,362.85764
2021-07-29T13:00:00.000000000,410.09,365.79564
2021-07-29T14:00:00.000000000,391.21,373.27576
2021-07-29T15:00:00.000000000,378.12,382.44532
2021-07-29T16:00:00.000000000,372.22,385.79564
2021-07-29T17:00:00.000000000,372.36,386.85721
2021-07-29T18:00:00.000000000,370.56,385.89102
2021-07-29T19:00:00.000000000,371.43,383.49197
2021-07-29T20:00:00.000000000,370.98,381.05693
2021-07-29T21:00:00.000000000,368.28,377.83318
2021-07-29T22:00:00.000000000,363.81,375.18017
2021-07-29T23:00:00.000000000,367.03,368.95303
2021-07-27T00:00:00.000000000,351.96,372.24047
2021-07-27T01:00:00.000000000,365.21,363.82391
2021-07-27T02:00:00.000000000,382.88,354.56673
2021-07-27T03:00:00.000000000,377.17,346.59821
2021-07-27T04:00:00.000000000,367.78,340.70354
2021-07-27T05:00:00.000000000,365.46,334.2915
2021-07-27T06:00:00.000000000,359.17,328.20765
2021-07-27T07:00:00.000000000,360.87,323.00398
2021-07-27T08:00:00.000000000,366.44,320.50841
2021-07-27T09:00:00.000000000,374.08,322.95803
2021-07-27T10:00:00.000000000,380.84,327.94188
2021-07-27T11:00:00.000000000,383.89,335.53554
2021-07-27T12:00:00.000000000,384.67,340.80682
2021-07-27T13:00:00.000000000,379.83,345.6197
2021-07-27T14:00:00.000000000,365.23,355.71185
2021-07-27T15:00:00.000000000,365.61,367.99699
2021-07-27T16:00:00.000000000,366.43,374.83385
2021-07-27T17:00:00.000000000,371.26,379.08198
2021-07-27T18:00:00.000000000,373.58,379.53851
2021-07-27T19:00:00.000000000,374.0,376.35332
2021-07-27T20:00:00.000000000,371.73,372.06703
2021-07-27T21:00:00.000000000,369.96,367.29629
2021-07-27T22:00:00.000000000,370.15,363.58731
2021-07-27T23:00:00.000000000,371.09,356.50202
2021-07-28T00:00:00.000000000,370.27,370.46505
2021-07-28T01:00:00.000000000,376.2,362.049
2021-07-28T02:00:00.000000000,385.63,354.2613
2021-07-28T03:00:00.000000000,372.03,349.21433
2021-07-28T04:00:00.000000000,364.89,348.16339
2021-07-28T05:00:00.000000000,358.0,346.86854
2021-07-28T06:00:00.000000000,351.64,346.28239
2021-07-28T07:00:00.000000000,348.79,346.61037
2021-07-28T08:00:00.000000000,353.09,348.96422
2021-07-28T09:00:00.000000000,360.52,354.83598
2021-07-28T10:00:00.000000000,364.47,361.24228
2021-07-28T11:00:00.000000000,370.84,368.81708
2021-07-28T12:00:00.000000000,376.77,373.08823
2021-07-28T13:00:00.000000000,379.65,375.93296
2021-07-28T14:00:00.000000000,382.67,383.20243
2021-07-28T15:00:00.000000000,378.88,392.50704
2021-07-28T16:00:00.000000000,375.51,395.56772
2021-07-28T17:00:00.000000000,373.73,395.5477
2021-07-28T18:00:00.000000000,373.68,392.6239
2021-07-28T19:00:00.000000000,370.15,387.33584
2021-07-28T20:00:00.000000000,370.54,381.25484
2021-07-28T21:00:00.000000000,365.09,374.02176
2021-07-28T22:00:00.000000000,358.29,367.47769
2021-07-28T23:00:00.000000000,352.85,358.40542
2021-07-29T00:00:00.000000000,361.9,368.92129
2021-07-29T01:00:00.000000000,370.32,359.85116
2021-07-29T02:00:00.000000000,381.63,351.01654
2021-07-29T03:00:00.000000000,385.0,344.84074
2021-07-29T04:00:00.000000000,385.24,342.44757
2021-07-29T05:00:00.000000000,385.91,339.95817
2021-07-29T06:00:00.000000000,383.18,338.44552
2021-07-29T07:00:00.000000000,384.81,337.9952
2021-07-29T08:00:00.000000000,392.3,339.82924
2021-07-29T09:00:00.000000000,401.9,345.57656
2021-07-29T10:00:00.000000000,407.71,352.16147
2021-07-29T11:00:00.000000000,410.41,360.02234
2021-07-29T12:00:00.000000000,411.81,364.93641
2021-07-29T13:00:00.000000000,410.09,368.65386
2021-07-29T14:00:00.000000000,391.21,376.71098
2021-07-29T15:00:00.000000000,378.12,386.53406
2021-07-29T16:00:00.000000000,372.22,390.07297
2021-07-29T17:00:00.000000000,372.36,390.63668
2021-07-29T18:00:00.000000000,370.56,388.32877
2021-07-29T19:00:00.000000000,371.43,383.69382
2021-07-29T20:00:00.000000000,370.98,378.33426
2021-07-29T21:00:00.000000000,368.28,371.69171
2021-07-29T22:00:00.000000000,363.81,365.89223
2021-07-29T23:00:00.000000000,367.03,357.38183
2021-07-30T00:00:00.000000000,371.58,361.06914
2021-07-30T01:00:00.000000000,379.41,351.55803
2021-07-30T02:00:00.000000000,389.22,341.25585
2021-07-30T03:00:00.000000000,384.3,333.14289
2021-07-30T04:00:00.000000000,377.25,328.50706
2021-07-30T05:00:00.000000000,373.21,324.55273
2021-07-30T06:00:00.000000000,368.45,322.799
2021-07-30T07:00:00.000000000,364.91,322.5176
2021-07-30T08:00:00.000000000,369.75,324.44581
2021-07-30T09:00:00.000000000,376.3,330.29084
2021-07-30T10:00:00.000000000,383.95,336.96462
2021-07-30T11:00:00.000000000,393.68,344.62879
2021-07-30T12:00:00.000000000,401.56,350.14577
2021-07-30T13:00:00.000000000,400.44,354.7517
2021-07-30T14:00:00.000000000,384.7,363.23696
2021-07-30T15:00:00.000000000,377.99,372.93231
2021-07-30T16:00:00.000000000,374.5,376.61075
2021-07-30T17:00:00.000000000,374.32,377.97818
2021-07-30T18:00:00.000000000,375.92,377.03286
2021-07-30T19:00:00.000000000,375.27,374.26929
2021-07-30T20:00:00.000000000,371.26,370.81805
2021-07-30T21:00:00.000000000,367.43,365.87917
2021-07-30T22:00:00.000000000,366.17,362.03894
2021-07-30T23:00:00.000000000,361.32,354.97288
2021-07-28T00:00:00.000000000,370.27,380.17382
2021-07-28T01:00:00.000000000,376.2,373.88335
2021-07-28T02:00:00.000000000,385.63,367.74695
2021-07-28T03:00:00.000000000,372.03,363.39941
2021-07-28T04:00:00.000000000,364.89,362.02181
2021-07-28T05:00:00.000000000,358.0,360.21677
2021-07-28T06:00:00.000000000,351.64,357.69406
2021-07-28T07:00:00.000000000,348.79,354.3589
2021-07-28T08:00:00.000000000,353.09,350.84439
2021-07-28T09:00:00.000000000,360.52,349.89109
2021-07-28T10:00:00.000000000,364.47,350.09761
2021-07-28T11:00:00.000000000,370.84,352.777
2021-07-28T12:00:00.000000000,376.77,354.16377
2021-07-28T13:00:00.000000000,379.65,355.57297
2021-07-28T14:00:00.000000000,382.67,363.39979
2021-07-28T15:00:00.000000000,378.88,374.3902
2021-07-28T16:00:00.000000000,375.51,380.68604
2021-07-28T17:00:00.000000000,373.73,384.92623
2021-07-28T18:00:00.000000000,373.68,386.56247
2021-07-28T19:00:00.000000000,370.15,385.08851
2021-07-28T20:00:00.000000000,370.54,381.70785
2021-07-28T21:00:00.000000000,365.09,377.90087
2021-07-28T22:00:00.000000000,358.29,374.4194
2021-07-28T23:00:00.000000000,352.85,367.84091
2021-07-29T00:00:00.000000000,361.9,368.00617
2021-07-29T01:00:00.000000000,370.32,359.61346
2021-07-29T02:00:00.000000000,381.63,351.88967
2021-07-29T03:00:00.000000000,385.0,347.2433
2021-07-29T04:00:00.000000000,385.24,347.67167
2021-07-29T05:00:00.000000000,385.91,348.74502
2021-07-29T06:00:00.000000000,383.18,351.24575
2021-07-29T07:00:00.000000000,384.81,354.73317
2021-07-29T08:00:00.000000000,392.3,359.5319
2021-07-29T09:00:00.000000000,401.9,366.78366
2021-07-29T10:00:00.000000000,407.71,373.57159
2021-07-29T11:00:00.000000000,410.41,380.65735
2021-07-29T12:00:00.000000000,411.81,383.72189
2021-07-29T13:00:00.000000000,410.09,384.48471
2021-07-29T14:00:00.000000000,391.21,388.78855
2021-07-29T15:00:00.000000000,378.12,394.6164
2021-07-29T16:00:00.000000000,372.22,394.678
2021-07-29T17:00:00.000000000,372.36,392.41012
2021-07-29T18:00:00.000000000,370.56,388.18144
2021-07-29T19:00:00.000000000,371.43,382.50434
2021-07-29T20:00:00.000000000,370.98,376.32389
2021-07-29T21:00:00.000000000,368.28,368.89217
2021-07-29T22:00:00.000000000,363.81,361.82995
2021-07-29T23:00:00.000000000,367.03,352.6702
2021-07-30T00:00:00.000000000,371.58,358.50745
2021-07-30T01:00:00.000000000,379.41,348.51696
2021-07-30T02:00:00.000000000,389.22,338.22423
2021-07-30T03:00:00.000000000,384.3,330.56266
2021-07-30T04:00:00.000000000,377.25,326.91493
2021-07-30T05:00:00.000000000,373.21,323.87306
2021-07-30T06:00:00.000000000,368.45,323.00079
2021-07-30T07:00:00.000000000,364.91,323.67193
2021-07-30T08:00:00.000000000,369.75,326.89841
2021-07-30T09:00:00.000000000,376.3,334.02165
2021-07-30T10:00:00.000000000,383.95,341.69281
2021-07-30T11:00:00.000000000,393.68,350.0626
2021-07-30T12:00:00.000000000,401.56,355.61361
2021-07-30T13:00:00.000000000,400.44,360.00387
2021-07-30T14:00:00.000000000,384.7,368.21918
2021-07-30T15:00:00.000000000,377.99,377.80777
2021-07-30T16:00:00.000000000,374.5,381.20731
2021-07-30T17:00:00.000000000,374.32,382.02088
2021-07-30T18:00:00.000000000,375.92,380.1423
2021-07-30T19:00:00.000000000,375.27,376.05679
2021-07-30T20:00:00.000000000,371.26,370.97752
2021-07-30T21:00:00.000000000,367.43,364.16474
2021-07-30T22:00:00.000000000,366.17,358.51336
2021-07-30T23:00:00.000000000,361.32,350.0884
2021-07-31T00:00:00.000000000,357.02,349.15804
2021-07-31T01:00:00.000000000,363.49,340.15112
2021-07-31T02:00:00.000000000,371.98,328.85378
2021-07-31T03:00:00.000000000,365.64,318.29175
2021-07-31T04:00:00.000000000,357.11,309.57634
2021-07-31T05:00:00.000000000,344.62,301.68959
2021-07-31T06:00:00.000000000,330.48,296.52576
2021-07-31T07:00:00.000000000,321.23,293.46845
2021-07-31T08:00:00.000000000,321.73,293.60888
2021-07-31T09:00:00.000000000,324.53,298.67802
2021-07-31T10:00:00.000000000,330.57,305.00392
2021-07-31T11:00:00.000000000,341.81,312.44136
2021-07-31T12:00:00.000000000,351.61,317.72419
2021-07-31T13:00:00.000000000,351.08,322.74009
2021-07-31T14:00:00.000000000,347.17,331.97783
2021-07-31T15:00:00.000000000,342.89,342.93593
2021-07-31T16:00:00.000000000,342.23,349.20234
2021-07-31T17:00:00.000000000,354.13,353.47144
2021-07-31T18:00:00.000000000,359.44,355.50144
2021-07-31T19:00:00.000000000,364.58,355.07968
2021-07-31T20:00:00.000000000,363.24,353.99936
2021-07-31T21:00:00.000000000,359.39,352.0666
2021-07-31T22:00:00.000000000,356.36,351.67621
2021-07-31T23:00:00.000000000,352.59,347.54707
2021-07-29T00:00:00.000000000,361.9,371.60949
2021-07-29T01:00:00.000000000,370.32,361.70234
2021-07-29T02:00:00.000000000,381.63,351.79351
2021-07-29T03:00:00.000000000,385.0,344.45699
2021-07-29T04:00:00.000000000,385.24,341.35686
2021-07-29T05:00:00.000000000,385.91,338.96105
2021-07-29T06:00:00.000000000,383.18,338.23441
2021-07-29T07:00:00.000000000,384.81,339.01523
2021-07-29T08:00:00.000000000,392.3,341.9442
2021-07-29T09:00:00.000000000,401.9,348.48048
2021-07-29T10:00:00.000000000,407.71,355.48978
2021-07-29T11:00:00.000000000,410.41,363.27401
2021-07-29T12:00:00.000000000,411.81,367.49863
2021-07-29T13:00:00.000000000,410.09,370.04346
2021-07-29T14:00:00.000000000,391.21,377.13154
2021-07-29T15:00:00.000000000,378.12,386.2106
2021-07-29T16:00:00.000000000,372.22,389.55959
2021-07-29T17:00:00.000000000,372.36,390.49228
2021-07-29T18:00:00.000000000,370.56,388.50229
2021-07-29T19:00:00.000000000,371.43,384.258
2021-07-29T20:00:00.000000000,370.98,379.0002
2021-07-29T21:00:00.000000000,368.28,372.33579
2021-07-29T22:00:00.000000000,363.81,366.44804
2021-07-29T23:00:00.000000000,367.03,357.78099
2021-07-30T00:00:00.000000000,371.58,366.65072
2021-07-30T01:00:00.000000000,379.41,357.60324
2021-07-30T02:00:00.000000000,389.22,348.08297
2021-07-30T03:00:00.000000000,384.3,340.80804
2021-07-30T04:00:00.000000000,377.25,336.98929
2021-07-30T05:00:00.000000000,373.21,333.48059
2021-07-30T06:00:00.000000000,368.45,331.6719
2021-07-30T07:00:00.000000000,364.91,331.17663
2021-07-30T08:00:00.000000000,369.75,332.88971
2021-07-30T09:00:00.000000000,376.3,338.52055
2021-07-30T10:00:00.000000000,383.95,345.04622
2021-07-30T11:00:00.000000000,393.68,352.61016
2021-07-30T12:00:00.000000000,401.56,357.67221
2021-07-30T13:00:00.000000000,400.44,361.69423
2021-07-30T14:00:00.000000000,384.7,369.76839
2021-07-30T15:00:00.000000000,377.99,379.22451
2021-07-30T16:00:00.000000000,374.5,382.57021
2021-07-30T17:00:00.000000000,374.32,383.40006
2021-07-30T18:00:00.000000000,375.92,381.90507
2021-07-30T19:00:00.000000000,375.27,378.64636
2021-07-30T20:00:00.000000000,371.26,374.92128
2021-07-30T21:00:00.000000000,367.43,369.94542
2021-07-30T22:00:00.000000000,366.17,365.88805
2021-07-30T23:00:00.000000000,361.32,358.67347
2021-07-31T00:00:00.000000000,357.02,359.26203
2021-07-31T01:00:00.000000000,363.49,350.86742
2021-07-31T02:00:00.000000000,371.98,340.32185
2021-07-31T03:00:00.000000000,365.64,330.97423
2021-07-31T04:00:00.000000000,357.11,324.27935
2021-07-31T05:00:00.000000000,344.62,318.5431
2021-07-31T06:00:00.000000000,330.48,315.45546
2021-07-31T07:00:00.000000000,321.23,314.20415
2021-07-31T08:00:00.000000000,321.73,315.22813
2021-07-31T09:00:00.000000000,324.53,320.67299
2021-07-31T10:00:00.000000000,330.57,327.3146
2021-07-31T11:00:00.000000000,341.81,335.02559
2021-07-31T12:00:00.000000000,351.61,340.76549
2021-07-31T13:00:00.000000000,351.08,345.48604
2021-07-31T14:00:00.000000000,347.17,353.77047
2021-07-31T15:00:00.000000000,342.89,363.06139
2021-07-31T16:00:00.000000000,342.23,366.80861
2021-07-31T17:00:00.000000000,354.13,368.53077
2021-07-31T18:00:00.000000000,359.44,368.22395
2021-07-31T19:00:00.000000000,364.58,366.5767
2021-07-31T20:00:00.000000000,363.24,364.98565
2021-07-31T21:00:00.000000000,359.39,362.70926
2021-07-31T22:00:00.000000000,356.36,362.13641
2021-07-31T23:00:00.000000000,352.59,358.10701
2021-08-01T00:00:00.000000000,352.38,351.40788
2021-08-01T01:00:00.000000000,363.3,340.40998
2021-08-01T02:00:00.000000000,373.18,325.73883
2021-08-01T03:00:00.000000000,365.69,311.2815
2021-08-01T04:00:00.000000000,361.11,298.6803
2021-08-01T05:00:00.000000000,349.88,288.14873
2021-08-01T06:00:00.000000000,334.91,281.96058
2021-08-01T07:00:00.000000000,320.71,279.37126
2021-08-01T08:00:00.000000000,311.98,280.94641
2021-08-01T09:00:00.000000000,316.84,288.11927
2021-08-01T10:00:00.000000000,311.03,296.34711
2021-08-01T11:00:00.000000000,304.53,304.99519
2021-08-01T12:00:00.000000000,308.95,310.49136
2021-08-01T13:00:00.000000000,321.9,315.19755
2021-08-01T14:00:00.000000000,350.31,324.17071
2021-08-01T15:00:00.000000000,355.51,334.89193
2021-08-01T16:00:00.000000000,361.89,341.51655
2021-08-01T17:00:00.000000000,359.34,346.39938
2021-08-01T18:00:00.000000000,356.3,349.24437
2021-08-01T19:00:00.000000000,352.51,350.0919
2021-08-01T20:00:00.000000000,347.92,350.7457
2021-08-01T21:00:00.000000000,348.5,350.66196
2021-08-01T22:00:00.000000000,352.32,352.52834
2021-08-01T23:00:00.000000000,356.34,350.18454
2021-07-30T00:00:00.000000000,371.58,376.87238
2021-07-30T01:00:00.000000000,379.41,367.96243
2021-07-30T02:00:00.000000000,389.22,358.858
2021-07-30T03:00:00.000000000,384.3,351.8033
2021-07-30T04:00:00.000000000,377.25,348.19776
2021-07-30T05:00:00.000000000,373.21,344.77808
2021-07-30T06:00:00.000000000,368.45,342.26278
2021-07-30T07:00:00.000000000,364.91,340.87583
2021-07-30T08:00:00.000000000,369.75,341.53195
2021-07-30T09:00:00.000000000,376.3,346.0797
2021-07-30T10:00:00.000000000,383.95,351.81616
2021-07-30T11:00:00.000000000,393.68,359.06836
2021-07-30T12:00:00.000000000,401.56,363.16767
2021-07-30T13:00:00.000000000,400.44,365.98076
2021-07-30T14:00:00.000000000,384.7,373.8293
2021-07-30T15:00:00.000000000,377.99,383.91607
2021-07-30T16:00:00.000000000,374.5,388.38473
2021-07-30T17:00:00.000000000,374.32,390.36191
2021-07-30T18:00:00.000000000,375.92,389.18745
2021-07-30T19:00:00.000000000,375.27,385.41575
2021-07-30T20:00:00.000000000,371.26,380.76058
2021-07-30T21:00:00.000000000,367.43,375.22132
2021-07-30T22:00:00.000000000,366.17,370.38644
2021-07-30T23:00:00.000000000,361.32,362.44219
2021-07-31T00:00:00.000000000,357.02,368.28057
2021-07-31T01:00:00.000000000,363.49,360.87526
2021-07-31T02:00:00.000000000,371.98,352.51539
2021-07-31T03:00:00.000000000,365.64,345.49088
2021-07-31T04:00:00.000000000,357.11,340.81039
2021-07-31T05:00:00.000000000,344.62,335.99809
2021-07-31T06:00:00.000000000,330.48,332.62783
2021-07-31T07:00:00.000000000,321.23,330.44488
2021-07-31T08:00:00.000000000,321.73,330.46968
2021-07-31T09:00:00.000000000,324.53,334.59039
2021-07-31T10:00:00.000000000,330.57,340.05612
2021-07-31T11:00:00.000000000,341.81,346.60509
2021-07-31T12:00:00.000000000,351.61,350.7428
2021-07-31T13:00:00.000000000,351.08,354.30767
2021-07-31T14:00:00.000000000,347.17,362.39654
2021-07-31T15:00:00.000000000,342.89,372.23304
2021-07-31T16:00:00.000000000,342.23,376.49697
2021-07-31T17:00:00.000000000,354.13,378.55037
2021-07-31T18:00:00.000000000,359.44,378.40877
2021-07-31T19:00:00.000000000,364.58,376.36602
2021-07-31T20:00:00.000000000,363.24,374.04137
2021-07-31T21:00:00.000000000,359.39,371.00627
2021-07-31T22:00:00.000000000,356.36,368.83655
2021-07-31T23:00:00.000000000,352.59,363.02974
2021-08-01T00:00:00.000000000,352.38,359.31305
2021-08-01T01:00:00.000000000,363.3,350.16001
2021-08-01T02:00:00.000000000,373.18,338.31042
2021-08-01T03:00:00.000000000,365.69,326.891
2021-08-01T04:00:00.000000000,361.11,317.35155
2021-08-01T05:00:00.000000000,349.88,308.90235
2021-08-01T06:00:00.000000000,334.91,303.32713
2021-08-01T07:00:00.000000000,320.71,300.04169
2021-08-01T08:00:00.000000000,311.98,299.73557
2021-08-01T09:00:00.000000000,316.84,304.43889
2021-08-01T10:00:00.000000000,311.03,310.58693
2021-08-01T11:00:00.000000000,304.53,318.11413
2021-08-01T12:00:00.000000000,308.95,323.57384
2021-08-01T13:00:00.000000000,321.9,328.43016
2021-08-01T14:00:00.000000000,350.31,337.76223
2021-08-01T15:00:00.000000000,355.51,348.70529
2021-08-01T16:00:00.000000000,361.89,355.05326
2021-08-01T17:00:00.000000000,359.34,359.47799
2021-08-01T18:00:00.000000000,356.3,361.56105
2021-08-01T19:00:00.000000000,352.51,361.54016
2021-08-01T20:00:00.000000000,347.92,361.00693
2021-08-01T21:00:00.000000000,348.5,359.90021
2021-08-01T22:00:00.000000000,352.32,360.50551
2021-08-01T23:00:00.000000000,356.34,357.249
2021-08-02T00:00:00.000000000,361.42,359.70876
2021-08-02T01:00:00.000000000,366.28,349.54037
2021-08-02T02:00:00.000000000,377.31,340.03922
2021-08-02T03:00:00.000000000,375.48,333.6719
2021-08-02T04:00:00.000000000,377.84,332.025
2021-08-02T05:00:00.000000000,383.18,330.81115
2021-08-02T06:00:00.000000000,384.08,331.46002
2021-08-02T07:00:00.000000000,379.45,333.71233
2021-08-02T08:00:00.000000000,377.69,338.62899
2021-08-02T09:00:00.000000000,376.71,347.19657
2021-08-02T10:00:00.000000000,382.35,355.68428
2021-08-02T11:00:00.000000000,384.63,364.39739
2021-08-02T12:00:00.000000000,385.29,369.2092
2021-08-02T13:00:00.000000000,389.51,372.27036
2021-08-02T14:00:00.000000000,390.52,379.28662
2021-08-02T15:00:00.000000000,379.04,388.24093
2021-08-02T16:00:00.000000000,371.04,391.07439
2021-08-02T17:00:00.000000000,365.33,391.10494
2021-08-02T18:00:00.000000000,356.34,388.20574
2021-08-02T19:00:00.000000000,351.93,382.84931
2021-08-02T20:00:00.000000000,350.43,376.01272
2021-08-02T21:00:00.000000000,345.71,367.31586
2021-08-02T22:00:00.000000000,346.31,359.57622
2021-08-02T23:00:00.000000000,348.54,349.59967
2021-07-31T00:00:00.000000000,357.02,374.87012
2021-07-31T01:00:00.000000000,363.49,367.50911
2021-07-31T02:00:00.000000000,371.98,357.77017
2021-07-31T03:00:00.000000000,365.64,347.77793
2021-07-31T04:00:00.000000000,357.11,338.10684
2021-07-31T05:00:00.000000000,344.62,327.78678
2021-07-31T06:00:00.000000000,330.48,318.21921
2021-07-31T07:00:00.000000000,321.23,309.70803
2021-07-31T08:00:00.000000000,321.73,304.17346
2021-07-31T09:00:00.000000000,324.53,304.37583
2021-07-31T10:00:00.000000000,330.57,308.26518
2021-07-31T11:00:00.000000000,341.81,315.34899
2021-07-31T12:00:00.000000000,351.61,320.84258
2021-07-31T13:00:00.000000000,351.08,326.46757
2021-07-31T14:00:00.000000000,347.17,337.5517
2021-07-31T15:00:00.000000000,342.89,350.71534
2021-07-31T16:00:00.000000000,342.23,359.28848
2021-07-31T17:00:00.000000000,354.13,365.77507
2021-07-31T18:00:00.000000000,359.44,368.91507
2021-07-31T19:00:00.000000000,364.58,368.44642
2021-07-31T20:00:00.000000000,363.24,367.19403
2021-07-31T21:00:00.000000000,359.39,366.26398
2021-07-31T22:00:00.000000000,356.36,366.5573
2021-07-31T23:00:00.000000000,352.59,362.57241
2021-08-01T00:00:00.000000000,352.38,366.55745
2021-08-01T01:00:00.000000000,363.3,362.49722
2021-08-01T02:00:00.000000000,373.18,355.6968
2021-08-01T03:00:00.000000000,365.69,347.88319
2021-08-01T04:00:00.000000000,361.11,340.37728
2021-08-01T05:00:00.000000000,349.88,332.54462
2021-08-01T06:00:00.000000000,334.91,326.05739
2021-08-01T07:00:00.000000000,320.71,320.60558
2021-08-01T08:00:00.000000000,311.98,317.21461
2021-08-01T09:00:00.000000000,316.84,318.62175
2021-08-01T10:00:00.000000000,311.03,322.4632
2021-08-01T11:00:00.000000000,304.53,327.7739
2021-08-01T12:00:00.000000000,308.95,330.87317
2021-08-01T13:00:00.000000000,321.9,333.9321
2021-08-01T14:00:00.000000000,350.31,342.19432
2021-08-01T15:00:00.000000000,355.51,353.10696
2021-08-01T16:00:00.000000000,361.89,359.85385
2021-08-01T17:00:00.000000000,359.34,365.21122
2021-08-01T18:00:00.000000000,356.3,368.19186
2021-08-01T19:00:00.000000000,352.51,368.65431
2021-08-01T20:00:00.000000000,347.92,368.73475
2021-08-01T21:00:00.000000000,348.5,369.69118
2021-08-01T22:00:00.000000000,352.32,372.24907
2021-08-01T23:00:00.000000000,356.34,370.51245
2021-08-02T00:00:00.000000000,361.42,372.0336
2021-08-02T01:00:00.000000000,366.28,363.55039
2021-08-02T02:00:00.000000000,377.31,355.55546
2021-08-02T03:00:00.000000000,375.48,350.24396
2021-08-02T04:00:00.000000000,377.84,348.99301
2021-08-02T05:00:00.000000000,383.18,347.73096
2021-08-02T06:00:00.000000000,384.08,347.39971
2021-08-02T07:00:00.000000000,379.45,348.06292
2021-08-02T08:00:00.000000000,377.69,350.61479
2021-08-02T09:00:00.000000000,376.71,356.55543
2021-08-02T10:00:00.000000000,382.35,362.9836
2021-08-02T11:00:00.000000000,384.63,370.42252
2021-08-02T12:00:00.000000000,385.29,374.47762
2021-08-02T13:00:00.000000000,389.51,376.96159
2021-08-02T14:00:00.000000000,390.52,383.7888
2021-08-02T15:00:00.000000000,379.04,392.58242
2021-08-02T16:00:00.000000000,371.04,395.23015
2021-08-02T17:00:00.000000000,365.33,395.02581
2021-08-02T18:00:00.000000000,356.34,392.12244
2021-08-02T19:00:00.000000000,351.93,387.12125
2021-08-02T20:00:00.000000000,350.43,381.4572
2021-08-02T21:00:00.000000000,345.71,374.67482
2021-08-02T22:00:00.000000000,346.31,368.49606
2021-08-02T23:00:00.000000000,348.54,359.66495
2021-08-03T00:00:00.000000000,358.28,364.37358
2021-08-03T01:00:00.000000000,370.54,354.04034
2021-08-03T02:00:00.000000000,377.19,343.55497
2021-08-03T03:00:00.000000000,374.81,335.69134
2021-08-03T04:00:00.000000000,373.11,331.9794
2021-08-03T05:00:00.000000000,380.21,328.97966
2021-08-03T06:00:00.000000000,382.08,327.97595
2021-08-03T07:00:00.000000000,388.42,328.6055
2021-08-03T08:00:00.000000000,398.91,331.77523
2021-08-03T09:00:00.000000000,406.24,338.8411
2021-08-03T10:00:00.000000000,408.13,346.43185
2021-08-03T11:00:00.000000000,412.87,354.701
2021-08-03T12:00:00.000000000,412.63,359.63277
2021-08-03T13:00:00.000000000,407.18,363.14082
2021-08-03T14:00:00.000000000,386.01,370.91649
2021-08-03T15:00:00.000000000,371.57,380.44175
2021-08-03T16:00:00.000000000,366.57,384.09764
2021-08-03T17:00:00.000000000,364.56,385.27316
2021-08-03T18:00:00.000000000,365.1,383.51308
2021-08-03T19:00:00.000000000,364.59,379.35487
2021-08-03T20:00:00.000000000,364.31,374.03651
2021-08-03T21:00:00.000000000,364.01,367.07484
2021-08-03T22:00:00.000000000,361.4,361.12829
2021-08-03T23:00:00.000000000,360.78,352.45933
2021-08-01T00:00:00.000000000,352.38,368.1591
2021-08-01T01:00:00.000000000,363.3,360.38995
2021-08-01T02:00:00.000000000,373.18,348.90942
2021-08-01T03:00:00.000000000,365.69,336.55254
2021-08-01T04:00:00.000000000,361.11,324.56052
2021-08-01T05:00:00.000000000,349.88,312.92506
2021-08-01T06:00:00.000000000,334.91,303.36591
2021-08-01T07:00:00.000000000,320.71,295.91859
2021-08-01T08:00:00.000000000,311.98,292.04456
2021-08-01T09:00:00.000000000,316.84,294.44229
2021-08-01T10:00:00.000000000,311.03,299.99558
2021-08-01T11:00:00.000000000,304.53,307.83998
2021-08-01T12:00:00.000000000,308.95,313.15971
2021-08-01T13:00:00.000000000,321.9,317.95097
2021-08-01T14:00:00.000000000,350.31,327.62799
2021-08-01T15:00:00.000000000,355.51,339.31681
2021-08-01T16:00:00.000000000,361.89,347.25753
2021-08-01T17:00:00.000000000,359.34,353.56946
2021-08-01T18:00:00.000000000,356.3,357.12491
2021-08-01T19:00:00.000000000,352.51,357.78762
2021-08-01T20:00:00.000000000,347.92,358.1797
2021-08-01T21:00:00.000000000,348.5,359.26292
2021-08-01T22:00:00.000000000,352.32,362.29981
2021-08-01T23:00:00.000000000,356.34,361.16855
2021-08-02T00:00:00.000000000,361.42,369.7134
2021-08-02T01:00:00.000000000,366.28,361.32762
2021-08-02T02:00:00.000000000,377.31,353.58677
2021-08-02T03:00:00.000000000,375.48,348.72928
2021-08-02T04:00:00.000000000,377.84,348.37762
2021-08-02T05:00:00.000000000,383.18,348.23408
2021-08-02T06:00:00.000000000,384.08,349.21765
2021-08-02T07:00:00.000000000,379.45,351.15385
2021-08-02T08:00:00.000000000,377.69,354.75717
2021-08-02T09:00:00.000000000,376.71,361.32477
2021-08-02T10:00:00.000000000,382.35,367.98906
2021-08-02T11:00:00.000000000,384.63,375.30415
2021-08-02T12:00:00.000000000,385.29,378.85698
2021-08-02T13:00:00.000000000,389.51,380.49086
2021-08-02T14:00:00.000000000,390.52,386.07785
2021-08-02T15:00:00.000000000,379.04,393.44946
2021-08-02T16:00:00.000000000,371.04,394.86612
2021-08-02T17:00:00.000000000,365.33,393.6882
2021-08-02T18:00:00.000000000,356.34,390.10992
2021-08-02T19:00:00.000000000,351.93,384.65378
2021-08-02T20:00:00.000000000,350.43,378.53994
2021-08-02T21:00:00.000000000,345.71,371.22998
2021-08-02T22:00:00.000000000,346.31,364.39694
2021-08-02T23:00:00.000000000,348.54,355.20574
2021-08-03T00:00:00.000000000,358.28,363.29648
2021-08-03T01:00:00.000000000,370.54,357.125
2021-08-03T02:00:00.000000000,377.19,352.12564
2021-08-03T03:00:00.000000000,374.81,349.64649
2021-08-03T04:00:00.000000000,373.11,350.90813
2021-08-03T05:00:00.000000000,380.21,351.31634
2021-08-03T06:00:00.000000000,382.08,351.34941
2021-08-03T07:00:00.000000000,388.42,350.78721
2021-08-03T08:00:00.000000000,398.91,350.86529
2021-08-03T09:00:00.000000000,406.24,353.5089
2021-08-03T10:00:00.000000000,408.13,356.64789
2021-08-03T11:00:00.000000000,412.87,361.44502
2021-08-03T12:00:00.000000000,412.63,364.04655
2021-08-03T13:00:00.000000000,407.18,366.07532
2021-08-03T14:00:00.000000000,386.01,373.19747
2021-08-03T15:00:00.000000000,371.57,383.08686
2021-08-03T16:00:00.000000000,366.57,387.46066
2021-08-03T17:00:00.000000000,364.56,389.16979
2021-08-03T18:00:00.000000000,365.1,388.07907
2021-08-03T19:00:00.000000000,364.59,383.71349
2021-08-03T20:00:00.000000000,364.31,377.05769
2021-08-03T21:00:00.000000000,364.01,369.58615
2021-08-03T22:00:00.000000000,361.4,362.74206
2021-08-03T23:00:00.000000000,360.78,353.76394
2021-08-04T00:00:00.000000000,368.37,358.82994
2021-08-04T01:00:00.000000000,383.42,347.59279
2021-08-04T02:00:00.000000000,395.25,336.83538
2021-08-04T03:00:00.000000000,390.03,329.33654
2021-08-04T04:00:00.000000000,384.77,327.06872
2021-08-04T05:00:00.000000000,381.63,325.96017
2021-08-04T06:00:00.000000000,382.88,327.47318
2021-08-04T07:00:00.000000000,386.63,330.93718
2021-08-04T08:00:00.000000000,392.5,336.98127
2021-08-04T09:00:00.000000000,394.84,346.39562
2021-08-04T10:00:00.000000000,398.79,355.43371
2021-08-04T11:00:00.000000000,405.44,364.32607
2021-08-04T12:00:00.000000000,411.79,369.09318
2021-08-04T13:00:00.000000000,410.27,371.7806
2021-08-04T14:00:00.000000000,389.32,378.36413
2021-08-04T15:00:00.000000000,375.77,386.79265
2021-08-04T16:00:00.000000000,368.83,389.36976
2021-08-04T17:00:00.000000000,365.92,389.55032
2021-08-04T18:00:00.000000000,368.95,386.73817
2021-08-04T19:00:00.000000000,370.84,381.50486
2021-08-04T20:00:00.000000000,369.9,374.44764
2021-08-04T21:00:00.000000000,367.36,365.20804
2021-08-04T22:00:00.000000000,365.1,356.95355
2021-08-04T23:00:00.000000000,363.56,346.50711
2021-08-02T00:00:00.000000000,361.42,379.77091
2021-08-02T01:00:00.000000000,366.28,375.13004
2021-08-02T02:00:00.000000000,377.31,369.08918
2021-08-02T03:00:00.000000000,375.48,363.35291
2021-08-02T04:00:00.000000000,377.84,358.93308
2021-08-02T05:00:00.000000000,383.18,353.85944
2021-08-02T06:00:00.000000000,384.08,349.42484
2021-08-02T07:00:00.000000000,379.45,345.99496
2021-08-02T08:00:00.000000000,377.69,344.48912
2021-08-02T09:00:00.000000000,376.71,347.5577
2021-08-02T10:00:00.000000000,382.35,352.46041
2021-08-02T11:00:00.000000000,384.63,357.97973
2021-08-02T12:00:00.000000000,385.29,360.06474
2021-08-02T13:00:00.000000000,389.51,361.0391
2021-08-02T14:00:00.000000000,390.52,366.90263
2021-08-02T15:00:00.000000000,379.04,375.04003
2021-08-02T16:00:00.000000000,371.04,378.24788
2021-08-02T17:00:00.000000000,365.33,379.80885
2021-08-02T18:00:00.000000000,356.34,379.42923
2021-08-02T19:00:00.000000000,351.93,377.83694
2021-08-02T20:00:00.000000000,350.43,376.90282
2021-08-02T21:00:00.000000000,345.71,376.65657
2021-08-02T22:00:00.000000000,346.31,377.60155
2021-08-02T23:00:00.000000000,348.54,375.0376
2021-08-03T00:00:00.000000000,358.28,378.26738
2021-08-03T01:00:00.000000000,370.54,372.10115
2021-08-03T02:00:00.000000000,377.19,365.59595
2021-08-03T03:00:00.000000000,374.81,361.54187
2021-08-03T04:00:00.000000000,373.11,362.36031
2021-08-03T05:00:00.000000000,380.21,364.15665
2021-08-03T06:00:00.000000000,382.08,367.30105
2021-08-03T07:00:00.000000000,388.42,370.72622
2021-08-03T08:00:00.000000000,398.91,374.0645
2021-08-03T09:00:00.000000000,406.24,379.03734
2021-08-03T10:00:00.000000000,408.13,383.78865
2021-08-03T11:00:00.000000000,412.87,388.38448
2021-08-03T12:00:00.000000000,412.63,388.66165
2021-08-03T13:00:00.000000000,407.18,386.50518
2021-08-03T14:00:00.000000000,386.01,388.06813
2021-08-03T15:00:00.000000000,371.57,391.3306
2021-08-03T16:00:00.000000000,366.57,389.81055
2021-08-03T17:00:00.000000000,364.56,387.23581
2021-08-03T18:00:00.000000000,365.1,383.88052
2021-08-03T19:00:00.000000000,364.59,379.90676
2021-08-03T20:00:00.000000000,364.31,376.27963
2021-08-03T21:00:00.000000000,364.01,372.39956
2021-08-03T22:00:00.000000000,361.4,368.82519
2021-08-03T23:00:00.000000000,360.78,362.80351
2021-08-04T00:00:00.000000000,368.37,374.14976
2021-08-04T01:00:00.000000000,383.42,365.52373
2021-08-04T02:00:00.000000000,395.25,357.25386
2021-08-04T03:00:00.000000000,390.03,351.67008
2021-08-04T04:00:00.000000000,384.77,350.52292
2021-08-04T05:00:00.000000000,381.63,349.8679
2021-08-04T06:00:00.000000000,382.88,350.60492
2021-08-04T07:00:00.000000000,386.63,352.50585
2021-08-04T08:00:00.000000000,392.5,355.99232
2021-08-04T09:00:00.000000000,394.84,362.48195
2021-08-04T10:00:00.000000000,398.79,369.07552
2021-08-04T11:00:00.000000000,405.44,376.17703
2021-08-04T12:00:00.000000000,411.79,379.46402
2021-08-04T13:00:00.000000000,410.27,380.76388
2021-08-04T14:00:00.000000000,389.32,386.25105
2021-08-04T15:00:00.000000000,375.77,393.67151
2021-08-04T16:00:00.000000000,368.83,395.30761
2021-08-04T17:00:00.000000000,365.92,394.54838
2021-08-04T18:00:00.000000000,368.95,391.50997
2021-08-04T19:00:00.000000000,370.84,386.85091
2021-08-04T20:00:00.000000000,369.9,381.64663
2021-08-04T21:00:00.000000000,367.36,375.32061
2021-08-04T22:00:00.000000000,365.1,369.45038
2021-08-04T23:00:00.000000000,363.56,360.92608
2021-08-05T00:00:00.000000000,367.39,367.69127
2021-08-05T01:00:00.000000000,380.59,356.8205
2021-08-05T02:00:00.000000000,386.02,345.7828
2021-08-05T03:00:00.000000000,379.44,337.56336
2021-08-05T04:00:00.000000000,368.85,334.0234
2021-08-05T05:00:00.000000000,360.25,331.70564
2021-08-05T06:00:00.000000000,354.64,331.89035
2021-08-05T07:00:00.000000000,348.12,333.99818
2021-08-05T08:00:00.000000000,348.03,338.42462
2021-08-05T09:00:00.000000000,353.64,346.45022
2021-08-05T10:00:00.000000000,360.11,354.54879
2021-08-05T11:00:00.000000000,370.0,362.83036
2021-08-05T12:00:00.000000000,378.46,367.39102
2021-08-05T13:00:00.000000000,381.73,370.08934
2021-08-05T14:00:00.000000000,378.34,376.93755
2021-08-05T15:00:00.000000000,374.51,385.50707
2021-08-05T16:00:00.000000000,363.6,388.28041
2021-08-05T17:00:00.000000000,361.18,388.78304
2021-08-05T18:00:00.000000000,361.7,386.64678
2021-08-05T19:00:00.000000000,364.62,382.6306
2021-08-05T20:00:00.000000000,363.1,377.58101
2021-08-05T21:00:00.000000000,354.76,370.74088
2021-08-05T22:00:00.000000000,354.79,364.83212
2021-08-05T23:00:00.000000000,353.44,356.2067
2021-08-03T00:00:00.000000000,358.28,374.57868
2021-08-03T01:00:00.000000000,370.54,374.59976
2021-08-03T02:00:00.000000000,377.19,373.40847
2021-08-03T03:00:00.000000000,374.81,372.28318
2021-08-03T04:00:00.000000000,373.11,372.11133
2021-08-03T05:00:00.000000000,380.21,370.94421
2021-08-03T06:00:00.000000000,382.08,367.78261
2021-08-03T07:00:00.000000000,388.42,362.37189
2021-08-03T08:00:00.000000000,398.91,354.58988
2021-08-03T09:00:00.000000000,406.24,348.24945
2021-08-03T10:00:00.000000000,408.13,342.69468
2021-08-03T11:00:00.000000000,412.87,339.65538
2021-08-03T12:00:00.000000000,412.63,337.0571
2021-08-03T13:00:00.000000000,407.18,336.36852
2021-08-03T14:00:00.000000000,386.01,343.33498
2021-08-03T15:00:00.000000000,371.57,354.36015
2021-08-03T16:00:00.000000000,366.57,361.64051
2021-08-03T17:00:00.000000000,364.56,367.3689
2021-08-03T18:00:00.000000000,365.1,371.56071
2021-08-03T19:00:00.000000000,364.59,373.10207
2021-08-03T20:00:00.000000000,364.31,373.8432
2021-08-03T21:00:00.000000000,364.01,375.52281
2021-08-03T22:00:00.000000000,361.4,378.05584
2021-08-03T23:00:00.000000000,360.78,377.13431
2021-08-04T00:00:00.000000000,368.37,378.40379
2021-08-04T01:00:00.000000000,383.42,372.41103
2021-08-04T02:00:00.000000000,395.25,366.75368
2021-08-04T03:00:00.000000000,390.03,363.32995
2021-08-04T04:00:00.000000000,384.77,364.00713
2021-08-04T05:00:00.000000000,381.63,364.90502
2021-08-04T06:00:00.000000000,382.88,365.99394
2021-08-04T07:00:00.000000000,386.63,366.51104
2021-08-04T08:00:00.000000000,392.5,366.4022
2021-08-04T09:00:00.000000000,394.84,367.95594
2021-08-04T10:00:00.000000000,398.79,369.58604
2021-08-04T11:00:00.000000000,405.44,372.38338
2021-08-04T12:00:00.000000000,411.79,372.76016
2021-08-04T13:00:00.000000000,410.27,372.18282
2021-08-04T14:00:00.000000000,389.32,377.08247
2021-08-04T15:00:00.000000000,375.77,384.87157
2021-08-04T16:00:00.000000000,368.83,387.96929
2021-08-04T17:00:00.000000000,365.92,389.34055
2021-08-04T18:00:00.000000000,368.95,388.97713
2021-08-04T19:00:00.000000000,370.84,386.56543
2021-08-04T20:00:00.000000000,369.9,382.68944
2021-08-04T21:00:00.000000000,367.36,378.3267
2021-08-04T22:00:00.000000000,365.1,374.21527
2021-08-04T23:00:00.000000000,363.56,367.43189
2021-08-05T00:00:00.000000000,367.39,370.07443
2021-08-05T01:00:00.000000000,380.59,363.4305
2021-08-05T02:00:00.000000000,386.02,356.69627
2021-08-05T03:00:00.000000000,379.44,352.43584
2021-08-05T04:00:00.000000000,368.85,352.8754
2021-08-05T05:00:00.000000000,360.25,354.06275
2021-08-05T06:00:00.000000000,354.64,356.80751
2021-08-05T07:00:00.000000000,348.12,360.23887
2021-08-05T08:00:00.000000000,348.03,364.49245
2021-08-05T09:00:00.000000000,353.64,370.97822
2021-08-05T10:00:00.000000000,360.11,377.18311
2021-08-05T11:00:00.000000000,370.0,383.11557
2021-08-05T12:00:00.000000000,378.46,384.67684
2021-08-05T13:00:00.000000000,381.73,383.891
2021-08-05T14:00:00.000000000,378.34,386.41542
2021-08-05T15:00:00.000000000,374.51,390.47358
2021-08-05T16:00:00.000000000,363.6,389.23748
2021-08-05T17:00:00.000000000,361.18,386.44925
2021-08-05T18:00:00.000000000,361.7,382.69506
2021-08-05T19:00:00.000000000,364.62,378.25726
2021-08-05T20:00:00.000000000,363.1,374.10666
2021-08-05T21:00:00.000000000,354.76,369.46905
2021-08-05T22:00:00.000000000,354.79,365.25709
2021-08-05T23:00:00.000000000,353.44,358.59546
2021-08-06T00:00:00.000000000,358.12,361.89854
2021-08-06T01:00:00.000000000,368.74,352.3229
2021-08-06T02:00:00.000000000,372.91,342.54448
2021-08-06T03:00:00.000000000,358.85,335.17895
2021-08-06T04:00:00.000000000,349.0,331.55174
2021-08-06T05:00:00.000000000,336.59,328.3656
2021-08-06T06:00:00.000000000,321.47,327.12771
2021-08-06T07:00:00.000000000,301.34,327.39747
2021-08-06T08:00:00.000000000,286.61,330.15258
2021-08-06T09:00:00.000000000,287.79,336.77078
2021-08-06T10:00:00.000000000,294.72,343.94367
2021-08-06T11:00:00.000000000,301.13,351.77987
2021-08-06T12:00:00.000000000,319.1,356.67588
2021-08-06T13:00:00.000000000,331.57,360.44767
2021-08-06T14:00:00.000000000,333.32,368.30833
2021-08-06T15:00:00.000000000,327.45,377.78449
2021-08-06T16:00:00.000000000,332.85,381.32589
2021-08-06T17:00:00.000000000,338.87,382.4055
2021-08-06T18:00:00.000000000,343.97,380.98525
2021-08-06T19:00:00.000000000,346.73,377.461
2021-08-06T20:00:00.000000000,346.01,372.99258
2021-08-06T21:00:00.000000000,347.54,366.97555
2021-08-06T22:00:00.000000000,343.33,361.8591
2021-08-06T23:00:00.000000000,343.54,353.76493
2021-08-04T00:00:00.000000000,368.37,380.46754
2021-08-04T01:00:00.000000000,383.42,379.88124
2021-08-04T02:00:00.000000000,395.25,377.75225
2021-08-04T03:00:00.000000000,390.03,375.72302
2021-08-04T04:00:00.000000000,384.77,375.35316
2021-08-04T05:00:00.000000000,381.63,374.80882
2021-08-04T06:00:00.000000000,382.88,373.03299
2021-08-04T07:00:00.000000000,386.63,369.32093
2021-08-04T08:00:00.000000000,392.5,362.86947
2021-08-04T09:00:00.000000000,394.84,357.50788
2021-08-04T10:00:00.000000000,398.79,352.49533
2021-08-04T11:00:00.000000000,405.44,349.46494
2021-08-04T12:00:00.000000000,411.79,346.41679
2021-08-04T13:00:00.000000000,410.27,344.67039
2021-08-04T14:00:00.000000000,389.32,350.40854
2021-08-04T15:00:00.000000000,375.77,360.18282
2021-08-04T16:00:00.000000000,368.83,366.33486
2021-08-04T17:00:00.000000000,365.92,371.22609
2021-08-04T18:00:00.000000000,368.95,375.10619
2021-08-04T19:00:00.000000000,370.84,377.14859
2021-08-04T20:00:00.000000000,369.9,378.58411
2021-08-04T21:00:00.000000000,367.36,381.13429
2021-08-04T22:00:00.000000000,365.1,384.56138
2021-08-04T23:00:00.000000000,363.56,384.40932
2021-08-05T00:00:00.000000000,367.39,374.6629
2021-08-05T01:00:00.000000000,380.59,371.04168
2021-08-05T02:00:00.000000000,386.02,367.08921
2021-08-05T03:00:00.000000000,379.44,364.96166
2021-08-05T04:00:00.000000000,368.85,367.15605
2021-08-05T05:00:00.000000000,360.25,369.78633
2021-08-05T06:00:00.000000000,354.64,372.96056
2021-08-05T07:00:00.000000000,348.12,375.4291
2021-08-05T08:00:00.000000000,348.03,376.93364
2021-08-05T09:00:00.000000000,353.64,379.68062
2021-08-05T10:00:00.000000000,360.11,382.1326
2021-08-05T11:00:00.000000000,370.0,384.47333
2021-08-05T12:00:00.000000000,378.46,383.0046
2021-08-05T13:00:00.000000000,381.73,379.61969
2021-08-05T14:00:00.000000000,378.34,380.24702
2021-08-05T15:00:00.000000000,374.51,383.03065
2021-08-05T16:00:00.000000000,363.6,381.8628
2021-08-05T17:00:00.000000000,361.18,380.18968
2021-08-05T18:00:00.000000000,361.7,378.54443
2021-08-05T19:00:00.000000000,364.62,376.37495
2021-08-05T20:00:00.000000000,363.1,374.25515
2021-08-05T21:00:00.000000000,354.76,372.58998
2021-08-05T22:00:00.000000000,354.79,371.18089
2021-08-05T23:00:00.000000000,353.44,367.3234
2021-08-06T00:00:00.000000000,358.12,363.72845
2021-08-06T01:00:00.000000000,368.74,359.90543
2021-08-06T02:00:00.000000000,372.91,355.31051
2021-08-06T03:00:00.000000000,358.85,351.15423
2021-08-06T04:00:00.000000000,349.0,348.37616
2021-08-06T05:00:00.000000000,336.59,344.5804
2021-08-06T06:00:00.000000000,321.47,340.7791
2021-08-06T07:00:00.000000000,301.34,337.00425
2021-08-06T08:00:00.000000000,286.61,334.53881
2021-08-06T09:00:00.000000000,287.79,335.96368
2021-08-06T10:00:00.000000000,294.72,339.05372
2021-08-06T11:00:00.000000000,301.13,343.65435
2021-08-06T12:00:00.000000000,319.1,346.33904
2021-08-06T13:00:00.000000000,331.57,349.04316
2021-08-06T14:00:00.000000000,333.32,356.90086
2021-08-06T15:00:00.000000000,327.45,367.46738
2021-08-06T16:00:00.000000000,332.85,372.90571
2021-08-06T17:00:00.000000000,338.87,376.36335
2021-08-06T18:00:00.000000000,343.97,377.38428
2021-08-06T19:00:00.000000000,346.73,375.83061
2021-08-06T20:00:00.000000000,346.01,373.49856
2021-08-06T21:00:00.000000000,347.54,371.43819
2021-08-06T22:00:00.000000000,343.33,370.47394
2021-08-06T23:00:00.000000000,343.54,366.01184
2021-08-07T00:00:00.000000000,340.75,344.42697
2021-08-07T01:00:00.000000000,346.17,335.64307
2021-08-07T02:00:00.000000000,339.16,320.83553
2021-08-07T03:00:00.000000000,319.53,304.99724
2021-08-07T04:00:00.000000000,299.61,288.13838
2021-08-07T05:00:00.000000000,276.97,272.60148
2021-08-07T06:00:00.000000000,260.56,259.41495
2021-08-07T07:00:00.000000000,248.48,249.41611
2021-08-07T08:00:00.000000000,243.46,244.29858
2021-08-07T09:00:00.000000000,241.29,246.87696
2021-08-07T10:00:00.000000000,247.59,252.16406
2021-08-07T11:00:00.000000000,265.71,259.75088
2021-08-07T12:00:00.000000000,277.7,264.75723
2021-08-07T13:00:00.000000000,281.85,269.56975
2021-08-07T14:00:00.000000000,282.16,277.90619
2021-08-07T15:00:00.000000000,251.93,287.61395
2021-08-07T16:00:00.000000000,258.05,294.61738
2021-08-07T17:00:00.000000000,265.98,299.62974
2021-08-07T18:00:00.000000000,270.17,303.46123
2021-08-07T19:00:00.000000000,272.78,304.71034
2021-08-07T20:00:00.000000000,275.47,308.03511
2021-08-07T21:00:00.000000000,277.58,312.28539
2021-08-07T22:00:00.000000000,277.63,318.59278
2021-08-07T23:00:00.000000000,277.66,322.14512
2021-08-05T00:00:00.000000000,367.39,375.01463
2021-08-05T01:00:00.000000000,380.59,377.15695
2021-08-05T02:00:00.000000000,386.02,377.33358
2021-08-05T03:00:00.000000000,379.44,377.48952
2021-08-05T04:00:00.000000000,368.85,380.15149
2021-08-05T05:00:00.000000000,360.25,382.85337
2021-08-05T06:00:00.000000000,354.64,385.04643
2021-08-05T07:00:00.000000000,348.12,386.2648
2021-08-05T08:00:00.000000000,348.03,385.3089
2021-08-05T09:00:00.000000000,353.64,385.12526
2021-08-05T10:00:00.000000000,360.11,384.36409
2021-08-05T11:00:00.000000000,370.0,383.31729
2021-08-05T12:00:00.000000000,378.46,378.90631
2021-08-05T13:00:00.000000000,381.73,373.46221
2021-08-05T14:00:00.000000000,378.34,372.22412
2021-08-05T15:00:00.000000000,374.51,372.08727
2021-08-05T16:00:00.000000000,363.6,367.86426
2021-08-05T17:00:00.000000000,361.18,363.16239
2021-08-05T18:00:00.000000000,361.7,359.74417
2021-08-05T19:00:00.000000000,364.62,357.65757
2021-08-05T20:00:00.000000000,363.1,358.13301
2021-08-05T21:00:00.000000000,354.76,361.56095
2021-08-05T22:00:00.000000000,354.79,366.07147
2021-08-05T23:00:00.000000000,353.44,368.42265
2021-08-06T00:00:00.000000000,358.12,373.89971
2021-08-06T01:00:00.000000000,368.74,367.46221
2021-08-06T02:00:00.000000000,372.91,361.70208
2021-08-06T03:00:00.000000000,358.85,358.23711
2021-08-06T04:00:00.000000000,349.0,358.11603
2021-08-06T05:00:00.000000000,336.59,357.25041
2021-08-06T06:00:00.000000000,321.47,355.94415
2021-08-06T07:00:00.000000000,301.34,354.2112
2021-08-06T08:00:00.000000000,286.61,353.04284
2021-08-06T09:00:00.000000000,287.79,354.70226
2021-08-06T10:00:00.000000000,294.72,357.15396
2021-08-06T11:00:00.000000000,301.13,361.53562
2021-08-06T12:00:00.000000000,319.1,363.98023
2021-08-06T13:00:00.000000000,331.57,366.06617
2021-08-06T14:00:00.000000000,333.32,373.68719
2021-08-06T15:00:00.000000000,327.45,384.12065
2021-08-06T16:00:00.000000000,332.85,389.01761
2021-08-06T17:00:00.000000000,338.87,391.19123
2021-08-06T18:00:00.000000000,343.97,390.81563
2021-08-06T19:00:00.000000000,346.73,387.62573
2021-08-06T20:00:00.000000000,346.01,382.92284
2021-08-06T21:00:00.000000000,347.54,377.54443
2021-08-06T22:00:00.000000000,343.33,372.62188
2021-08-06T23:00:00.000000000,343.54,364.94644
2021-08-07T00:00:00.000000000,340.75,356.83516
2021-08-07T01:00:00.000000000,346.17,351.12848
2021-08-07T02:00:00.000000000,339.16,340.1542
2021-08-07T03:00:00.000000000,319.53,327.13484
2021-08-07T04:00:00.000000000,299.61,312.44223
2021-08-07T05:00:00.000000000,276.97,297.81346
2021-08-07T06:00:00.000000000,260.56,284.53729
2021-08-07T07:00:00.000000000,248.48,273.21782
2021-08-07T08:00:00.000000000,243.46,265.9654
2021-08-07T09:00:00.000000000,241.29,265.97702
2021-08-07T10:00:00.000000000,247.59,269.09424
2021-08-07T11:00:00.000000000,265.71,274.93251
2021-08-07T12:00:00.000000000,277.7,278.52703
2021-08-07T13:00:00.000000000,281.85,282.1789
2021-08-07T14:00:00.000000000,282.16,289.79484
2021-08-07T15:00:00.000000000,251.93,298.88866
2021-08-07T16:00:00.000000000,258.05,305.8472
2021-08-07T17:00:00.000000000,265.98,311.31673
2021-08-07T18:00:00.000000000,270.17,316.14375
2021-08-07T19:00:00.000000000,272.78,318.92322
2021-08-07T20:00:00.000000000,275.47,323.4336
2021-08-07T21:00:00.000000000,277.58,329.4765
2021-08-07T22:00:00.000000000,277.63,337.29017
2021-08-07T23:00:00.000000000,277.66,341.69865
2021-08-08T00:00:00.000000000,277.55,303.93219
2021-08-08T01:00:00.000000000,287.41,296.68544
2021-08-08T02:00:00.000000000,291.66,282.4937
2021-08-08T03:00:00.000000000,282.15,268.65699
2021-08-08T04:00:00.000000000,268.82,256.32675
2021-08-08T05:00:00.000000000,255.68,246.21109
2021-08-08T06:00:00.000000000,242.38,237.70982
2021-08-08T07:00:00.000000000,228.93,231.74873
2021-08-08T08:00:00.000000000,213.61,230.16409
2021-08-08T09:00:00.000000000,204.0,234.73396
2021-08-08T10:00:00.000000000,207.59,239.74376
2021-08-08T11:00:00.000000000,218.71,243.82899
2021-08-08T12:00:00.000000000,234.52,244.48883
2021-08-08T13:00:00.000000000,241.32,246.24716
2021-08-08T14:00:00.000000000,235.03,251.32725
2021-08-08T15:00:00.000000000,231.71,257.78775
2021-08-08T16:00:00.000000000,244.03,262.04783
2021-08-08T17:00:00.000000000,257.03,267.20396
2021-08-08T18:00:00.000000000,273.6,273.83996
2021-08-08T19:00:00.000000000,287.65,278.70836
2021-08-08T20:00:00.000000000,295.85,286.05207
2021-08-08T21:00:00.000000000,298.45,293.06872
2021-08-08T22:00:00.000000000,302.14,301.03546
2021-08-08T23:00:00.000000000,304.45,305.92649
2021-08-06T00:00:00.000000000,358.12,367.98051
2021-08-06T01:00:00.000000000,368.74,362.56736
2021-08-06T02:00:00.000000000,372.91,355.97719
2021-08-06T03:00:00.000000000,358.85,349.58096
2021-08-06T04:00:00.000000000,349.0,343.72868
2021-08-06T05:00:00.000000000,336.59,336.49755
2021-08-06T06:00:00.000000000,321.47,328.77298
2021-08-06T07:00:00.000000000,301.34,321.02113
2021-08-06T08:00:00.000000000,286.61,315.2646
2021-08-06T09:00:00.000000000,287.79,314.39628
2021-08-06T10:00:00.000000000,294.72,316.59931
2021-08-06T11:00:00.000000000,301.13,321.83905
2021-08-06T12:00:00.000000000,319.1,325.9088
2021-08-06T13:00:00.000000000,331.57,330.56073
2021-08-06T14:00:00.000000000,333.32,340.98312
2021-08-06T15:00:00.000000000,327.45,354.05684
2021-08-06T16:00:00.000000000,332.85,362.43788
2021-08-06T17:00:00.000000000,338.87,368.76475
2021-08-06T18:00:00.000000000,343.97,371.77346
2021-08-06T19:00:00.000000000,346.73,370.90208
2021-08-06T20:00:00.000000000,346.01,368.67998
2021-08-06T21:00:00.000000000,347.54,366.62009
2021-08-06T22:00:00.000000000,343.33,365.58514
2021-08-06T23:00:00.000000000,343.54,360.71356
2021-08-07T00:00:00.000000000,340.75,357.32887
2021-08-07T01:00:00.000000000,346.17,352.44006
2021-08-07T02:00:00.000000000,339.16,342.52306
2021-08-07T03:00:00.000000000,319.53,330.41666
2021-08-07T04:00:00.000000000,299.61,316.79022
2021-08-07T05:00:00.000000000,276.97,302.99179
2021-08-07T06:00:00.000000000,260.56,290.21255
2021-08-07T07:00:00.000000000,248.48,279.17991
2021-08-07T08:00:00.000000000,243.46,272.12555
2021-08-07T09:00:00.000000000,241.29,272.03776
2021-08-07T10:00:00.000000000,247.59,274.65109
2021-08-07T11:00:00.000000000,265.71,279.51163
2021-08-07T12:00:00.000000000,277.7,281.77662
2021-08-07T13:00:00.000000000,281.85,284.09524
2021-08-07T14:00:00.000000000,282.16,290.5251
2021-08-07T15:00:00.000000000,251.93,298.48819
2021-08-07T16:00:00.000000000,258.05,304.75536
2021-08-07T17:00:00.000000000,265.98,310.05089
2021-08-07T18:00:00.000000000,270.17,315.22769
2021-08-07T19:00:00.000000000,272.78,318.77201
2021-08-07T20:00:00.000000000,275.47,323.98356
2021-08-07T21:00:00.000000000,277.58,330.74602
2021-08-07T22:00:00.000000000,277.63,339.02417
2021-08-07T23:00:00.000000000,277.66,343.84977
2021-08-08T00:00:00.000000000,277.55,319.64486
2021-08-08T01:00:00.000000000,287.41,313.43898
2021-08-08T02:00:00.000000000,291.66,301.32083
2021-08-08T03:00:00.000000000,282.15,288.89978
2021-08-08T04:00:00.000000000,268.82,277.83289
2021-08-08T05:00:00.000000000,255.68,268.3826
2021-08-08T06:00:00.000000000,242.38,259.76956
2021-08-08T07:00:00.000000000,228.93,253.46824
2021-08-08T08:00:00.000000000,213.61,250.93712
2021-08-08T09:00:00.000000000,204.0,253.85625
2021-08-08T10:00:00.000000000,207.59,256.43436
2021-08-08T11:00:00.000000000,218.71,258.68425
2021-08-08T12:00:00.000000000,234.52,258.04596
2021-08-08T13:00:00.000000000,241.32,258.08285
2021-08-08T14:00:00.000000000,235.03,262.16094
2021-08-08T15:00:00.000000000,231.71,267.73739
2021-08-08T16:00:00.000000000,244.03,271.90802
2021-08-08T17:00:00.000000000,257.03,276.99092
2021-08-08T18:00:00.000000000,273.6,283.67973
2021-08-08T19:00:00.000000000,287.65,289.4969
2021-08-08T20:00:00.000000000,295.85,297.21897
2021-08-08T21:00:00.000000000,298.45,304.91574
2021-08-08T22:00:00.000000000,302.14,313.32958
2021-08-08T23:00:00.000000000,304.45,318.69418
2021-08-09T00:00:00.000000000,303.28,269.03734
2021-08-09T01:00:00.000000000,305.12,261.84043
2021-08-09T02:00:00.000000000,308.88,247.94223
2021-08-09T03:00:00.000000000,297.22,235.97428
2021-08-09T04:00:00.000000000,289.1,226.75594
2021-08-09T05:00:00.000000000,274.53,220.48589
2021-08-09T06:00:00.000000000,262.09,215.81723
2021-08-09T07:00:00.000000000,252.91,213.27422
2021-08-09T08:00:00.000000000,242.03,214.53631
2021-08-09T09:00:00.000000000,237.26,221.10129
2021-08-09T10:00:00.000000000,237.94,226.98767
2021-08-09T11:00:00.000000000,252.38,230.65444
2021-08-09T12:00:00.000000000,266.62,231.3278
2021-08-09T13:00:00.000000000,275.01,234.09857
2021-08-09T14:00:00.000000000,268.73,240.08912
2021-08-09T15:00:00.000000000,255.27,247.48139
2021-08-09T16:00:00.000000000,259.83,251.91987
2021-08-09T17:00:00.000000000,272.31,257.66367
2021-08-09T18:00:00.000000000,282.54,265.60367
2021-08-09T19:00:00.000000000,289.44,271.0139
2021-08-09T20:00:00.000000000,294.98,278.15897
2021-08-09T21:00:00.000000000,295.4,283.45487
2021-08-09T22:00:00.000000000,295.15,289.07331
2021-08-09T23:00:00.000000000,293.18,291.79831
2021-08-07T00:00:00.000000000,340.75,354.38472
2021-08-07T01:00:00.000000000,346.17,344.44476
2021-08-07T02:00:00.000000000,339.16,328.30582
2021-08-07T03:00:00.000000000,319.53,310.91885
2021-08-07T04:00:00.000000000,299.61,292.48445
2021-08-07T05:00:00.000000000,276.97,275.3535
2021-08-07T06:00:00.000000000,260.56,260.7608
2021-08-07T07:00:00.000000000,248.48,249.50334
2021-08-07T08:00:00.000000000,243.46,243.55903
2021-08-07T09:00:00.000000000,241.29,245.83397
2021-08-07T10:00:00.000000000,247.59,251.36309
2021-08-07T11:00:00.000000000,265.71,260.22987
2021-08-07T12:00:00.000000000,277.7,266.82487
2021-08-07T13:00:00.000000000,281.85,272.80736
2021-08-07T14:00:00.000000000,282.16,282.40065
2021-08-07T15:00:00.000000000,251.93,292.99284
2021-08-07T16:00:00.000000000,258.05,300.83948
2021-08-07T17:00:00.000000000,265.98,306.10326
2021-08-07T18:00:00.000000000,270.17,309.70921
2021-08-07T19:00:00.000000000,272.78,310.53558
2021-08-07T20:00:00.000000000,275.47,313.15044
2021-08-07T21:00:00.000000000,277.58,316.86479
2021-08-07T22:00:00.000000000,277.63,322.85794
2021-08-07T23:00:00.000000000,277.66,326.46067
2021-08-08T00:00:00.000000000,277.55,301.1583
2021-08-08T01:00:00.000000000,287.41,295.8481
2021-08-08T02:00:00.000000000,291.66,284.17969
2021-08-08T03:00:00.000000000,282.15,272.91653
2021-08-08T04:00:00.000000000,268.82,264.6567
2021-08-08T05:00:00.000000000,255.68,257.92891
2021-08-08T06:00:00.000000000,242.38,251.3452
2021-08-08T07:00:00.000000000,228.93,246.18117
2021-08-08T08:00:00.000000000,213.61,245.02553
2021-08-08T09:00:00.000000000,204.0,248.76348
2021-08-08T10:00:00.000000000,207.59,251.38753
2021-08-08T11:00:00.000000000,218.71,251.81263
2021-08-08T12:00:00.000000000,234.52,248.33089
2021-08-08T13:00:00.000000000,241.32,246.29116
2021-08-08T14:00:00.000000000,235.03,247.94011
2021-08-08T15:00:00.000000000,231.71,250.69663
2021-08-08T16:00:00.000000000,244.03,252.59832
2021-08-08T17:00:00.000000000,257.03,257.52047
2021-08-08T18:00:00.000000000,273.6,266.00347
2021-08-08T19:00:00.000000000,287.65,274.22245
2021-08-08T20:00:00.000000000,295.85,284.62274
2021-08-08T21:00:00.000000000,298.45,294.30801
2021-08-08T22:00:00.000000000,302.14,303.9298
2021-08-08T23:00:00.000000000,304.45,310.30246
2021-08-09T00:00:00.000000000,303.28,264.52869
2021-08-09T01:00:00.000000000,305.12,257.97565
2021-08-09T02:00:00.000000000,308.88,245.25185
2021-08-09T03:00:00.000000000,297.22,234.74431
2021-08-09T04:00:00.000000000,289.1,227.45934
2021-08-09T05:00:00.000000000,274.53,222.78046
2021-08-09T06:00:00.000000000,262.09,218.99888
2021-08-09T07:00:00.000000000,252.91,216.80319
2021-08-09T08:00:00.000000000,242.03,218.13318
2021-08-09T09:00:00.000000000,237.26,224.27599
2021-08-09T10:00:00.000000000,237.94,229.17877
2021-08-09T11:00:00.000000000,252.38,231.60203
2021-08-09T12:00:00.000000000,266.62,231.20441
2021-08-09T13:00:00.000000000,275.01,233.18612
2021-08-09T14:00:00.000000000,268.73,238.53222
2021-08-09T15:00:00.000000000,255.27,245.188
2021-08-09T16:00:00.000000000,259.83,249.15825
2021-08-09T17:00:00.000000000,272.31,254.93719
2021-08-09T18:00:00.000000000,282.54,263.53276
2021-08-09T19:00:00.000000000,289.44,269.84894
2021-08-09T20:00:00.000000000,294.98,277.55117
2021-08-09T21:00:00.000000000,295.4,283.04989
2021-08-09T22:00:00.000000000,295.15,288.39954
2021-08-09T23:00:00.000000000,293.18,290.92041
2021-08-10T00:00:00.000000000,293.27,262.92646
2021-08-10T01:00:00.000000000,293.88,255.7918
2021-08-10T02:00:00.000000000,294.51,241.41498
2021-08-10T03:00:00.000000000,284.2,229.04451
2021-08-10T04:00:00.000000000,274.25,220.06257
2021-08-10T05:00:00.000000000,267.13,214.57434
2021-08-10T06:00:00.000000000,255.19,211.34834
2021-08-10T07:00:00.000000000,248.45,210.55152
2021-08-10T08:00:00.000000000,239.8,213.69329
2021-08-10T09:00:00.000000000,232.22,222.52458
2021-08-10T10:00:00.000000000,233.15,230.72785
2021-08-10T11:00:00.000000000,250.4,235.82684
2021-08-10T12:00:00.000000000,269.1,237.18195
2021-08-10T13:00:00.000000000,278.12,240.40595
2021-08-10T14:00:00.000000000,270.15,246.84735
2021-08-10T15:00:00.000000000,261.27,254.54439
2021-08-10T16:00:00.000000000,266.44,259.06152
2021-08-10T17:00:00.000000000,273.56,265.3311
2021-08-10T18:00:00.000000000,280.22,273.98008
2021-08-10T19:00:00.000000000,282.35,280.23511
2021-08-10T20:00:00.000000000,282.34,287.97641
2021-08-10T21:00:00.000000000,281.4,293.69974
2021-08-10T22:00:00.000000000,283.06,300.21677
2021-08-10T23:00:00.000000000,286.88,303.3844
2021-08-08T00:00:00.000000000,277.55,270.21162
2021-08-08T01:00:00.000000000,287.41,260.44925
2021-08-08T02:00:00.000000000,291.66,242.13684
2021-08-08T03:00:00.000000000,282.15,225.86169
2021-08-08T04:00:00.000000000,268.82,213.44576
2021-08-08T05:00:00.000000000,255.68,204.97883
2021-08-08T06:00:00.000000000,242.38,199.28526
2021-08-08T07:00:00.000000000,228.93,196.84597
2021-08-08T08:00:00.000000000,213.61,199.52785
2021-08-08T09:00:00.000000000,204.0,208.17894
2021-08-08T10:00:00.000000000,207.59,216.38084
2021-08-08T11:00:00.000000000,218.71,221.83804
2021-08-08T12:00:00.000000000,234.52,223.6936
2021-08-08T13:00:00.000000000,241.32,227.47838
2021-08-08T14:00:00.000000000,235.03,234.76104
2021-08-08T15:00:00.000000000,231.71,243.26925
2021-08-08T16:00:00.000000000,244.03,248.38315
2021-08-08T17:00:00.000000000,257.03,255.00719
2021-08-08T18:00:00.000000000,273.6,263.73855
2021-08-08T19:00:00.000000000,287.65,269.7615
2021-08-08T20:00:00.000000000,295.85,277.49701
2021-08-08T21:00:00.000000000,298.45,283.57618
2021-08-08T22:00:00.000000000,302.14,290.11759
2021-08-08T23:00:00.000000000,304.45,293.74007
2021-08-09T00:00:00.000000000,303.28,262.27286
2021-08-09T01:00:00.000000000,305.12,255.23379
2021-08-09T02:00:00.000000000,308.88,241.61837
2021-08-09T03:00:00.000000000,297.22,230.36463
2021-08-09T04:00:00.000000000,289.1,222.864
2021-08-09T05:00:00.000000000,274.53,218.20282
2021-08-09T06:00:00.000000000,262.09,214.30879
2021-08-09T07:00:00.000000000,252.91,212.14934
2021-08-09T08:00:00.000000000,242.03,213.74594
2021-08-09T09:00:00.000000000,237.26,219.8982
2021-08-09T10:00:00.000000000,237.94,224.40345
2021-08-09T11:00:00.000000000,252.38,226.1751
2021-08-09T12:00:00.000000000,266.62,225.16953
2021-08-09T13:00:00.000000000,275.01,226.70069
2021-08-09T14:00:00.000000000,268.73,231.84589
2021-08-09T15:00:00.000000000,255.27,238.34636
2021-08-09T16:00:00.000000000,259.83,242.20332
2021-08-09T17:00:00.000000000,272.31,248.17287
2021-08-09T18:00:00.000000000,282.54,257.21987
2021-08-09T19:00:00.000000000,289.44,264.05266
2021-08-09T20:00:00.000000000,294.98,272.24104
2021-08-09T21:00:00.000000000,295.4,278.23572
2021-08-09T22:00:00.000000000,295.15,283.74985
2021-08-09T23:00:00.000000000,293.18,286.5951
2021-08-10T00:00:00.000000000,293.27,260.67942
2021-08-10T01:00:00.000000000,293.88,252.92479
2021-08-10T02:00:00.000000000,294.51,237.71591
2021-08-10T03:00:00.000000000,284.2,224.71199
2021-08-10T04:00:00.000000000,274.25,215.26507
2021-08-10T05:00:00.000000000,267.13,209.46241
2021-08-10T06:00:00.000000000,255.19,205.82198
2021-08-10T07:00:00.000000000,248.45,204.69458
2021-08-10T08:00:00.000000000,239.8,207.68082
2021-08-10T09:00:00.000000000,232.22,216.30244
2021-08-10T10:00:00.000000000,233.15,224.22067
2021-08-10T11:00:00.000000000,250.4,229.20741
2021-08-10T12:00:00.000000000,269.1,230.79797
2021-08-10T13:00:00.000000000,278.12,234.45814
2021-08-10T14:00:00.000000000,270.15,241.55022
2021-08-10T15:00:00.000000000,261.27,249.91132
2021-08-10T16:00:00.000000000,266.44,254.90258
2021-08-10T17:00:00.000000000,273.56,261.50017
2021-08-10T18:00:00.000000000,280.22,270.42149
2021-08-10T19:00:00.000000000,282.35,276.68397
2021-08-10T20:00:00.000000000,282.34,284.31581
2021-08-10T21:00:00.000000000,281.4,289.85771
2021-08-10T22:00:00.000000000,283.06,295.95298
2021-08-10T23:00:00.000000000,286.88,298.91321
2021-08-11T00:00:00.000000000,287.86,273.55649
2021-08-11T01:00:00.000000000,293.7,269.47978
2021-08-11T02:00:00.000000000,304.21,260.33015
2021-08-11T03:00:00.000000000,294.66,252.32032
2021-08-11T04:00:00.000000000,282.03,247.06936
2021-08-11T05:00:00.000000000,271.06,244.40886
2021-08-11T06:00:00.000000000,261.39,243.63705
2021-08-11T07:00:00.000000000,247.93,244.95161
2021-08-11T08:00:00.000000000,243.1,249.13826
2021-08-11T09:00:00.000000000,244.49,258.21559
2021-08-11T10:00:00.000000000,253.27,265.77727
2021-08-11T11:00:00.000000000,268.47,270.07457
2021-08-11T12:00:00.000000000,285.4,270.31077
2021-08-11T13:00:00.000000000,293.19,271.62006
2021-08-11T14:00:00.000000000,294.48,276.60014
2021-08-11T15:00:00.000000000,279.1,283.41628
2021-08-11T16:00:00.000000000,283.43,287.37914
2021-08-11T17:00:00.000000000,293.65,292.63848
2021-08-11T18:00:00.000000000,301.05,299.52491
2021-08-11T19:00:00.000000000,305.54,304.73747
2021-08-11T20:00:00.000000000,302.69,310.68755
2021-08-11T21:00:00.000000000,301.94,314.97781
2021-08-11T22:00:00.000000000,299.77,320.98213
2021-08-11T23:00:00.000000000,305.73,323.5013
2021-08-09T00:00:00.000000000,303.28,283.57353
2021-08-09T01:00:00.000000000,305.12,274.11974
2021-08-09T02:00:00.000000000,308.88,255.98803
2021-08-09T03:00:00.000000000,297.22,239.21336
2021-08-09T04:00:00.000000000,289.1,225.14313
2021-08-09T05:00:00.000000000,274.53,214.41099
2021-08-09T06:00:00.000000000,262.09,205.90812
2021-08-09T07:00:00.000000000,252.91,200.57157
2021-08-09T08:00:00.000000000,242.03,200.59786
2021-08-09T09:00:00.000000000,237.26,207.04682
2021-08-09T10:00:00.000000000,237.94,213.92887
2021-08-09T11:00:00.000000000,252.38,219.07546
2021-08-09T12:00:00.000000000,266.62,220.7498
2021-08-09T13:00:00.000000000,275.01,224.26773
2021-08-09T14:00:00.000000000,268.73,231.16117
2021-08-09T15:00:00.000000000,255.27,239.36393
2021-08-09T16:00:00.000000000,259.83,244.39734
2021-08-09T17:00:00.000000000,272.31,250.55793
2021-08-09T18:00:00.000000000,282.54,258.36293
2021-08-09T19:00:00.000000000,289.44,263.44034
2021-08-09T20:00:00.000000000,294.98,271.06221
2021-08-09T21:00:00.000000000,295.4,277.913
2021-08-09T22:00:00.000000000,295.15,285.34052
2021-08-09T23:00:00.000000000,293.18,289.93406
2021-08-10T00:00:00.000000000,293.27,257.60497
2021-08-10T01:00:00.000000000,293.88,250.59297
2021-08-10T02:00:00.000000000,294.51,236.82954
2021-08-10T03:00:00.000000000,284.2,225.48873
2021-08-10T04:00:00.000000000,274.25,217.76483
2021-08-10T05:00:00.000000000,267.13,213.23347
2021-08-10T06:00:00.000000000,255.19,210.16432
2021-08-10T07:00:00.000000000,248.45,209.06644
2021-08-10T08:00:00.000000000,239.8,211.6661
2021-08-10T09:00:00.000000000,232.22,219.34962
2021-08-10T10:00:00.000000000,233.15,225.83467
2021-08-10T11:00:00.000000000,250.4,229.38706
2021-08-10T12:00:00.000000000,269.1,229.87779
2021-08-10T13:00:00.000000000,278.12,232.71539
2021-08-10T14:00:00.000000000,270.15,238.95513
2021-08-10T15:00:00.000000000,261.27,246.48191
2021-08-10T16:00:00.000000000,266.44,250.95901
2021-08-10T17:00:00.000000000,273.56,257.30696
2021-08-10T18:00:00.000000000,280.22,266.4084
2021-08-10T19:00:00.000000000,282.35,273.01352
2021-08-10T20:00:00.000000000,282.34,280.84284
2021-08-10T21:00:00.000000000,281.4,286.27199
2021-08-10T22:00:00.000000000,283.06,291.79736
2021-08-10T23:00:00.000000000,286.88,294.31091
2021-08-11T00:00:00.000000000,287.86,274.84054
2021-08-11T01:00:00.000000000,293.7,270.87964
2021-08-11T02:00:00.000000000,304.21,261.80376
2021-08-11T03:00:00.000000000,294.66,253.93222
2021-08-11T04:00:00.000000000,282.03,248.98437
2021-08-11T05:00:00.000000000,271.06,246.44046
2021-08-11T06:00:00.000000000,261.39,245.27281
2021-08-11T07:00:00.000000000,247.93,245.92269
2021-08-11T08:00:00.000000000,243.1,249.32622
2021-08-11T09:00:00.000000000,244.49,257.37372
2021-08-11T10:00:00.000000000,253.27,263.76105
2021-08-11T11:00:00.000000000,268.47,266.82349
2021-08-11T12:00:00.000000000,285.4,265.9333
2021-08-11T13:00:00.000000000,293.19,266.37753
2021-08-11T14:00:00.000000000,294.48,270.47839
2021-08-11T15:00:00.000000000,279.1,276.16182
2021-08-11T16:00:00.000000000,283.43,279.38993
2021-08-11T17:00:00.000000000,293.65,284.51338
2021-08-11T18:00:00.000000000,301.05,292.08714
2021-08-11T19:00:00.000000000,305.54,298.46566
2021-08-11T20:00:00.000000000,302.69,305.81389
2021-08-11T21:00:00.000000000,301.94,311.54655
2021-08-11T22:00:00.000000000,299.77,318.33424
2021-08-11T23:00:00.000000000,305.73,321.45518
2021-08-12T00:00:00.000000000,307.99,312.06295
2021-08-12T01:00:00.000000000,318.65,308.60922
2021-08-12T02:00:00.000000000,324.03,300.6304
2021-08-12T03:00:00.000000000,310.29,292.17697
2021-08-12T04:00:00.000000000,292.93,284.79389
2021-08-12T05:00:00.000000000,279.97,278.82957
2021-08-12T06:00:00.000000000,269.36,274.89775
2021-08-12T07:00:00.000000000,261.29,273.75528
2021-08-12T08:00:00.000000000,247.71,275.6572
2021-08-12T09:00:00.000000000,245.35,282.59826
2021-08-12T10:00:00.000000000,255.87,288.34926
2021-08-12T11:00:00.000000000,275.29,292.14382
2021-08-12T12:00:00.000000000,294.2,292.0603
2021-08-12T13:00:00.000000000,302.96,292.15116
2021-08-12T14:00:00.000000000,304.17,296.4598
2021-08-12T15:00:00.000000000,283.52,303.33142
2021-08-12T16:00:00.000000000,289.28,307.77301
2021-08-12T17:00:00.000000000,303.13,312.25343
2021-08-12T18:00:00.000000000,321.32,316.82465
2021-08-12T19:00:00.000000000,328.44,320.34917
2021-08-12T20:00:00.000000000,325.04,325.1322
2021-08-12T21:00:00.000000000,322.46,329.65895
2021-08-12T22:00:00.000000000,324.71,336.7175
2021-08-12T23:00:00.000000000,324.84,340.24532
2021-08-10T00:00:00.000000000,293.27,285.72646
2021-08-10T01:00:00.000000000,293.88,274.24195
2021-08-10T02:00:00.000000000,294.51,253.20568
2021-08-10T03:00:00.000000000,284.2,233.44299
2021-08-10T04:00:00.000000000,274.25,216.15237
2021-08-10T05:00:00.000000000,267.13,203.32744
2021-08-10T06:00:00.000000000,255.19,194.94998
2021-08-10T07:00:00.000000000,248.45,191.0495
2021-08-10T08:00:00.000000000,239.8,193.1111
2021-08-10T09:00:00.000000000,232.22,202.67991
2021-08-10T10:00:00.000000000,233.15,213.62693
2021-08-10T11:00:00.000000000,250.4,222.81159
2021-08-10T12:00:00.000000000,269.1,227.86163
2021-08-10T13:00:00.000000000,278.12,233.95544
2021-08-10T14:00:00.000000000,270.15,243.04682
2021-08-10T15:00:00.000000000,261.27,253.50676
2021-08-10T16:00:00.000000000,266.44,259.86293
2021-08-10T17:00:00.000000000,273.56,266.24465
2021-08-10T18:00:00.000000000,280.22,272.92706
2021-08-10T19:00:00.000000000,282.35,276.13485
2021-08-10T20:00:00.000000000,282.34,281.78067
2021-08-10T21:00:00.000000000,281.4,286.75665
2021-08-10T22:00:00.000000000,283.06,293.48857
2021-08-10T23:00:00.000000000,286.88,297.2181
2021-08-11T00:00:00.000000000,287.86,276.12664
2021-08-11T01:00:00.000000000,293.7,272.15275
2021-08-11T02:00:00.000000000,304.21,263.54788
2021-08-11T03:00:00.000000000,294.66,256.3292
2021-08-11T04:00:00.000000000,282.03,252.49985
2021-08-11T05:00:00.000000000,271.06,250.71433
2021-08-11T06:00:00.000000000,261.39,249.85011
2021-08-11T07:00:00.000000000,247.93,250.58648
2021-08-11T08:00:00.000000000,243.1,254.00679
2021-08-11T09:00:00.000000000,244.49,261.62692
2021-08-11T10:00:00.000000000,253.27,267.01285
2021-08-11T11:00:00.000000000,268.47,268.95363
2021-08-11T12:00:00.000000000,285.4,267.19432
2021-08-11T13:00:00.000000000,293.19,266.93323
2021-08-11T14:00:00.000000000,294.48,270.64766
2021-08-11T15:00:00.000000000,279.1,275.94701
2021-08-11T16:00:00.000000000,283.43,279.16168
2021-08-11T17:00:00.000000000,293.65,284.6999
2021-08-11T18:00:00.000000000,301.05,293.15705
2021-08-11T19:00:00.000000000,305.54,300.76483
2021-08-11T20:00:00.000000000,302.69,308.82763
2021-08-11T21:00:00.000000000,301.94,314.83515
2021-08-11T22:00:00.000000000,299.77,321.36498
2021-08-11T23:00:00.000000000,305.73,324.05226
2021-08-12T00:00:00.000000000,307.99,310.60126
2021-08-12T01:00:00.000000000,318.65,306.17265
2021-08-12T02:00:00.000000000,324.03,297.1009
2021-08-12T03:00:00.000000000,310.29,287.82545
2021-08-12T04:00:00.000000000,292.93,279.86091
2021-08-12T05:00:00.000000000,279.97,273.49133
2021-08-12T06:00:00.000000000,269.36,269.0436
2021-08-12T07:00:00.000000000,261.29,267.14831
2021-08-12T08:00:00.000000000,247.71,268.44229
2021-08-12T09:00:00.000000000,245.35,274.74657
2021-08-12T10:00:00.000000000,255.87,279.96815
2021-08-12T11:00:00.000000000,275.29,283.03238
2021-08-12T12:00:00.000000000,294.2,282.02534
2021-08-12T13:00:00.000000000,302.96,281.46466
2021-08-12T14:00:00.000000000,304.17,284.89836
2021-08-12T15:00:00.000000000,283.52,290.43131
2021-08-12T16:00:00.000000000,289.28,294.14975
2021-08-12T17:00:00.000000000,303.13,298.72784
2021-08-12T18:00:00.000000000,321.32,304.59974
2021-08-12T19:00:00.000000000,328.44,309.78497
2021-08-12T20:00:00.000000000,325.04,316.35056
2021-08-12T21:00:00.000000000,322.46,322.31273
2021-08-12T22:00:00.000000000,324.71,329.78258
2021-08-12T23:00:00.000000000,324.84,333.39521
2021-08-13T00:00:00.000000000,325.47,327.63629
2021-08-13T01:00:00.000000000,336.74,319.30794
2021-08-13T02:00:00.000000000,334.75,308.35295
2021-08-13T03:00:00.000000000,326.51,299.54581
2021-08-13T04:00:00.000000000,327.96,294.69599
2021-08-13T05:00:00.000000000,328.17,291.6443
2021-08-13T06:00:00.000000000,327.2,292.00216
2021-08-13T07:00:00.000000000,328.5,294.7411
2021-08-13T08:00:00.000000000,328.68,300.06488
2021-08-13T09:00:00.000000000,332.75,309.87186
2021-08-13T10:00:00.000000000,342.15,319.86936
2021-08-13T11:00:00.000000000,350.46,329.21066
2021-08-13T12:00:00.000000000,363.56,335.28551
2021-08-13T13:00:00.000000000,369.92,339.79825
2021-08-13T14:00:00.000000000,360.23,346.34635
2021-08-13T15:00:00.000000000,352.02,353.95402
2021-08-13T16:00:00.000000000,348.5,355.89194
2021-08-13T17:00:00.000000000,351.87,356.48411
2021-08-13T18:00:00.000000000,357.49,355.16612
2021-08-13T19:00:00.000000000,358.74,352.16394
2021-08-13T20:00:00.000000000,352.65,349.11217
2021-08-13T21:00:00.000000000,344.63,344.70892
2021-08-13T22:00:00.000000000,338.48,343.06585
2021-08-13T23:00:00.000000000,331.78,338.71923
2021-08-11T00:00:00.000000000,287.86,299.46667
2021-08-11T01:00:00.000000000,293.7,290.97529
2021-08-11T02:00:00.000000000,304.21,276.78835
2021-08-11T03:00:00.000000000,294.66,263.48991
2021-08-11T04:00:00.000000000,282.03,252.19015
2021-08-11T05:00:00.000000000,271.06,244.09936
2021-08-11T06:00:00.000000000,261.39,239.32756
2021-08-11T07:00:00.000000000,247.93,238.05346
2021-08-11T08:00:00.000000000,243.1,240.35645
2021-08-11T09:00:00.000000000,244.49,248.42394
2021-08-11T10:00:00.000000000,253.27,255.96308
2021-08-11T11:00:00.000000000,268.47,262.59347
2021-08-11T12:00:00.000000000,285.4,266.40977
2021-08-11T13:00:00.000000000,293.19,270.44681
2021-08-11T14:00:00.000000000,294.48,278.20714
2021-08-11T15:00:00.000000000,279.1,287.56746
2021-08-11T16:00:00.000000000,283.43,293.93424
2021-08-11T17:00:00.000000000,293.65,299.80612
2021-08-11T18:00:00.000000000,301.05,305.97613
2021-08-11T19:00:00.000000000,305.54,309.93468
2021-08-11T20:00:00.000000000,302.69,314.3256
2021-08-11T21:00:00.000000000,301.94,317.27535
2021-08-11T22:00:00.000000000,299.77,321.84938
2021-08-11T23:00:00.000000000,305.73,323.32907
2021-08-12T00:00:00.000000000,307.99,321.56011
2021-08-12T01:00:00.000000000,318.65,316.64705
2021-08-12T02:00:00.000000000,324.03,307.37825
2021-08-12T03:00:00.000000000,310.29,297.61481
2021-08-12T04:00:00.000000000,292.93,288.88744
2021-08-12T05:00:00.000000000,279.97,281.51387
2021-08-12T06:00:00.000000000,269.36,276.20074
2021-08-12T07:00:00.000000000,261.29,273.56919
2021-08-12T08:00:00.000000000,247.71,274.23999
2021-08-12T09:00:00.000000000,245.35,279.92887
2021-08-12T10:00:00.000000000,255.87,284.64845
2021-08-12T11:00:00.000000000,275.29,287.69654
2021-08-12T12:00:00.000000000,294.2,286.8657
2021-08-12T13:00:00.000000000,302.96,286.27447
2021-08-12T14:00:00.000000000,304.17,289.89694
2021-08-12T15:00:00.000000000,283.52,295.63321
2021-08-12T16:00:00.000000000,289.28,299.73435
2021-08-12T17:00:00.000000000,303.13,304.38671
2021-08-12T18:00:00.000000000,321.32,310.1094
2021-08-12T19:00:00.000000000,328.44,315.30985
2021-08-12T20:00:00.000000000,325.04,321.73707
2021-08-12T21:00:00.000000000,322.46,327.66045
2021-08-12T22:00:00.000000000,324.71,335.01961
2021-08-12T23:00:00.000000000,324.84,338.42131
2021-08-13T00:00:00.000000000,325.47,342.24367
2021-08-13T01:00:00.000000000,336.74,335.1137
2021-08-13T02:00:00.000000000,334.75,326.24914
2021-08-13T03:00:00.000000000,326.51,318.87197
2021-08-13T04:00:00.000000000,327.96,314.30696
2021-08-13T05:00:00.000000000,328.17,310.21391
2021-08-13T06:00:00.000000000,327.2,308.4579
2021-08-13T07:00:00.000000000,328.5,308.49134
2021-08-13T08:00:00.000000000,328.68,311.1177
2021-08-13T09:00:00.000000000,332.75,318.1571
2021-08-13T10:00:00.000000000,342.15,325.63937
2021-08-13T11:00:00.000000000,350.46,333.28111
2021-08-13T12:00:00.000000000,363.56,338.35204
2021-08-13T13:00:00.000000000,369.92,342.42236
2021-08-13T14:00:00.000000000,360.23,349.66184
2021-08-13T15:00:00.000000000,352.02,358.29514
2021-08-13T16:00:00.000000000,348.5,361.46555
2021-08-13T17:00:00.000000000,351.87,362.6478
2021-08-13T18:00:00.000000000,357.49,361.70006
2021-08-13T19:00:00.000000000,358.74,359.0334
2021-08-13T20:00:00.000000000,352.65,356.03856
2021-08-13T21:00:00.000000000,344.63,352.09843
2021-08-13T22:00:00.000000000,338.48,350.47221
2021-08-13T23:00:00.000000000,331.78,346.17349
2021-08-14T00:00:00.000000000,335.04,347.17185
2021-08-14T01:00:00.000000000,349.17,338.36689
2021-08-14T02:00:00.000000000,361.4,330.97269
2021-08-14T03:00:00.000000000,347.81,326.93948
2021-08-14T04:00:00.000000000,343.03,328.83553
2021-08-14T05:00:00.000000000,347.09,331.57126
2021-08-14T06:00:00.000000000,341.34,336.53969
2021-08-14T07:00:00.000000000,345.34,343.07468
2021-08-14T08:00:00.000000000,365.18,351.62582
2021-08-14T09:00:00.000000000,374.88,362.29848
2021-08-14T10:00:00.000000000,373.13,370.97883
2021-08-14T11:00:00.000000000,383.98,379.12708
2021-08-14T12:00:00.000000000,388.02,382.99678
2021-08-14T13:00:00.000000000,395.55,384.44791
2021-08-14T14:00:00.000000000,392.23,389.15467
2021-08-14T15:00:00.000000000,385.24,395.7318
2021-08-14T16:00:00.000000000,383.51,396.30864
2021-08-14T17:00:00.000000000,382.7,393.8948
2021-08-14T18:00:00.000000000,385.62,389.11743
2021-08-14T19:00:00.000000000,385.81,382.2907
2021-08-14T20:00:00.000000000,378.97,373.55165
2021-08-14T21:00:00.000000000,375.13,363.08671
2021-08-14T22:00:00.000000000,371.82,353.57105
2021-08-14T23:00:00.000000000,366.91,342.73795
2021-08-12T00:00:00.000000000,307.99,322.96242
2021-08-12T01:00:00.000000000,318.65,313.52889
2021-08-12T02:00:00.000000000,324.03,297.98866
2021-08-12T03:00:00.000000000,310.29,282.33612
2021-08-12T04:00:00.000000000,292.93,267.38813
2021-08-12T05:00:00.000000000,279.97,255.36516
2021-08-12T06:00:00.000000000,269.36,247.31081
2021-08-12T07:00:00.000000000,261.29,243.34527
2021-08-12T08:00:00.000000000,247.71,243.67693
2021-08-12T09:00:00.000000000,245.35,250.59795
2021-08-12T10:00:00.000000000,255.87,258.31381
2021-08-12T11:00:00.000000000,275.29,266.2135
2021-08-12T12:00:00.000000000,294.2,270.98021
2021-08-12T13:00:00.000000000,302.96,275.35961
2021-08-12T14:00:00.000000000,304.17,283.23347
2021-08-12T15:00:00.000000000,283.52,292.82827
2021-08-12T16:00:00.000000000,289.28,299.42147
2021-08-12T17:00:00.000000000,303.13,304.6292
2021-08-12T18:00:00.000000000,321.32,308.99912
2021-08-12T19:00:00.000000000,328.44,311.10134
2021-08-12T20:00:00.000000000,325.04,314.53471
2021-08-12T21:00:00.000000000,322.46,317.66155
2021-08-12T22:00:00.000000000,324.71,323.04671
2021-08-12T23:00:00.000000000,324.84,325.2245
2021-08-13T00:00:00.000000000,325.47,340.84663
2021-08-13T01:00:00.000000000,336.74,334.61166
2021-08-13T02:00:00.000000000,334.75,326.82887
2021-08-13T03:00:00.000000000,326.51,320.26006
2021-08-13T04:00:00.000000000,327.96,316.01491
2021-08-13T05:00:00.000000000,328.17,311.86398
2021-08-13T06:00:00.000000000,327.2,309.76891
2021-08-13T07:00:00.000000000,328.5,309.21633
2021-08-13T08:00:00.000000000,328.68,311.21979
2021-08-13T09:00:00.000000000,332.75,317.47958
2021-08-13T10:00:00.000000000,342.15,324.13471
2021-08-13T11:00:00.000000000,350.46,330.95976
2021-08-13T12:00:00.000000000,363.56,335.45459
2021-08-13T13:00:00.000000000,369.92,339.44498
2021-08-13T14:00:00.000000000,360.23,346.93096
2021-08-13T15:00:00.000000000,352.02,356.05415
2021-08-13T16:00:00.000000000,348.5,359.73362
2021-08-13T17:00:00.000000000,351.87,361.3152
2021-08-13T18:00:00.000000000,357.49,360.872
2021-08-13T19:00:00.000000000,358.74,358.5986
2021-08-13T20:00:00.000000000,352.65,356.02263
2021-08-13T21:00:00.000000000,344.63,352.57906
2021-08-13T22:00:00.000000000,338.48,351.21721
2021-08-13T23:00:00.000000000,331.78,346.97072
2021-08-14T00:00:00.000000000,335.04,347.69541
2021-08-14T01:00:00.000000000,349.17,338.91322
2021-08-14T02:00:00.000000000,361.4,331.4055
2021-08-14T03:00:00.000000000,347.81,327.21392
2021-08-14T04:00:00.000000000,343.03,328.77638
2021-08-14T05:00:00.000000000,347.09,331.12578
2021-08-14T06:00:00.000000000,341.34,335.71487
2021-08-14T07:00:00.000000000,345.34,341.84722
2021-08-14T08:00:00.000000000,365.18,349.97491
2021-08-14T09:00:00.000000000,374.88,360.41866
2021-08-14T10:00:00.000000000,373.13,368.94788
2021-08-14T11:00:00.000000000,383.98,377.03952
2021-08-14T12:00:00.000000000,388.02,381.15628
2021-08-14T13:00:00.000000000,395.55,383.15296
2021-08-14T14:00:00.000000000,392.23,388.64155
2021-08-14T15:00:00.000000000,385.24,396.15295
2021-08-14T16:00:00.000000000,383.51,397.44334
2021-08-14T17:00:00.000000000,382.7,395.46341
2021-08-14T18:00:00.000000000,385.62,390.97046
2021-08-14T19:00:00.000000000,385.81,384.40727
2021-08-14T20:00:00.000000000,378.97,375.98066
2021-08-14T21:00:00.000000000,375.13,365.75745
2021-08-14T22:00:00.000000000,371.82,356.69679
2021-08-14T23:00:00.000000000,366.91,346.21728
2021-08-15T00:00:00.000000000,360.68,350.17689
2021-08-15T01:00:00.000000000,369.35,340.82297
2021-08-15T02:00:00.000000000,378.67,332.77663
2021-08-15T03:00:00.000000000,384.6,328.32291
2021-08-15T04:00:00.000000000,393.5,329.57921
2021-08-15T05:00:00.000000000,394.95,331.46868
2021-08-15T06:00:00.000000000,393.38,335.35741
2021-08-15T07:00:00.000000000,394.82,340.59064
2021-08-15T08:00:00.000000000,401.79,348.0347
2021-08-15T09:00:00.000000000,410.6,358.07669
2021-08-15T10:00:00.000000000,414.8,366.9752
2021-08-15T11:00:00.000000000,420.92,375.41354
2021-08-15T12:00:00.000000000,422.88,379.25588
2021-08-15T13:00:00.000000000,419.65,380.70239
2021-08-15T14:00:00.000000000,400.58,385.13078
2021-08-15T15:00:00.000000000,395.26,391.16231
2021-08-15T16:00:00.000000000,388.71,391.3412
2021-08-15T17:00:00.000000000,383.19,389.03026
2021-08-15T18:00:00.000000000,378.24,384.50918
2021-08-15T19:00:00.000000000,376.56,377.87944
2021-08-15T20:00:00.000000000,373.05,369.68444
2021-08-15T21:00:00.000000000,374.96,359.5491
2021-08-15T22:00:00.000000000,371.85,350.02984
2021-08-15T23:00:00.000000000,365.01,339.00159
2021-08-13T00:00:00.000000000,325.47,355.08114
2021-08-13T01:00:00.000000000,336.74,344.77435
2021-08-13T02:00:00.000000000,334.75,332.45568
2021-08-13T03:00:00.000000000,326.51,322.07754
2021-08-13T04:00:00.000000000,327.96,315.19767
2021-08-13T05:00:00.000000000,328.17,309.85212
2021-08-13T06:00:00.000000000,327.2,307.77208
2021-08-13T07:00:00.000000000,328.5,307.80679
2021-08-13T08:00:00.000000000,328.68,310.15955
2021-08-13T09:00:00.000000000,332.75,316.76075
2021-08-13T10:00:00.000000000,342.15,324.2059
2021-08-13T11:00:00.000000000,350.46,332.82243
2021-08-13T12:00:00.000000000,363.56,339.80444
2021-08-13T13:00:00.000000000,369.92,345.57466
2021-08-13T14:00:00.000000000,360.23,354.42669
2021-08-13T15:00:00.000000000,352.02,363.80653
2021-08-13T16:00:00.000000000,348.5,367.28263
2021-08-13T17:00:00.000000000,351.87,368.54053
2021-08-13T18:00:00.000000000,357.49,367.77769
2021-08-13T19:00:00.000000000,358.74,365.73455
2021-08-13T20:00:00.000000000,352.65,363.46595
2021-08-13T21:00:00.000000000,344.63,359.83031
2021-08-13T22:00:00.000000000,338.48,357.89614
2021-08-13T23:00:00.000000000,331.78,352.63957
2021-08-14T00:00:00.000000000,335.04,365.1645
2021-08-14T01:00:00.000000000,349.17,359.30375
2021-08-14T02:00:00.000000000,361.4,353.57918
2021-08-14T03:00:00.000000000,347.81,350.57873
2021-08-14T04:00:00.000000000,343.03,352.67034
2021-08-14T05:00:00.000000000,347.09,355.33952
2021-08-14T06:00:00.000000000,341.34,359.26078
2021-08-14T07:00:00.000000000,345.34,363.44839
2021-08-14T08:00:00.000000000,365.18,368.14264
2021-08-14T09:00:00.000000000,374.88,374.65786
2021-08-14T10:00:00.000000000,373.13,380.76627
2021-08-14T11:00:00.000000000,383.98,386.55669
2021-08-14T12:00:00.000000000,388.02,387.62064
2021-08-14T13:00:00.000000000,395.55,386.13649
2021-08-14T14:00:00.000000000,392.23,387.71763
2021-08-14T15:00:00.000000000,385.24,390.73132
2021-08-14T16:00:00.000000000,383.51,388.66267
2021-08-14T17:00:00.000000000,382.7,385.18562
2021-08-14T18:00:00.000000000,385.62,380.60181
2021-08-14T19:00:00.000000000,385.81,374.86133
2021-08-14T20:00:00.000000000,378.97,369.1476
2021-08-14T21:00:00.000000000,375.13,363.11832
2021-08-14T22:00:00.000000000,371.82,357.72296
2021-08-14T23:00:00.000000000,366.91,350.597
2021-08-15T00:00:00.000000000,360.68,357.96646
2021-08-15T01:00:00.000000000,369.35,358.59043
2021-08-15T02:00:00.000000000,378.67,358.25729
2021-08-15T03:00:00.000000000,384.6,358.68069
2021-08-15T04:00:00.000000000,393.5,361.81563
2021-08-15T05:00:00.000000000,394.95,364.35873
2021-08-15T06:00:00.000000000,393.38,367.20438
2021-08-15T07:00:00.000000000,394.82,369.7151
2021-08-15T08:00:00.000000000,401.79,372.15855
2021-08-15T09:00:00.000000000,410.6,376.45552
2021-08-15T10:00:00.000000000,414.8,380.40565
2021-08-15T11:00:00.000000000,420.92,383.47448
2021-08-15T12:00:00.000000000,422.88,381.93393
2021-08-15T13:00:00.000000000,419.65,379.1583
2021-08-15T14:00:00.000000000,400.58,379.22825
2021-08-15T15:00:00.000000000,395.26,379.87718
2021-08-15T16:00:00.000000000,388.71,375.01026
2021-08-15T17:00:00.000000000,383.19,368.37791
2021-08-15T18:00:00.000000000,378.24,362.15656
2021-08-15T19:00:00.000000000,376.56,356.29037
2021-08-15T20:00:00.000000000,373.05,352.76505
2021-08-15T21:00:00.000000000,374.96,351.4568
2021-08-15T22:00:00.000000000,371.85,351.5018
2021-08-15T23:00:00.000000000,365.01,350.10337
2021-08-16T00:00:00.000000000,368.26,360.83807
2021-08-16T01:00:00.000000000,380.01,353.78401
2021-08-16T02:00:00.000000000,386.01,347.40925
2021-08-16T03:00:00.000000000,380.41,343.67551
2021-08-16T04:00:00.000000000,377.18,344.26038
2021-08-16T05:00:00.000000000,372.42,344.8159
2021-08-16T06:00:00.000000000,367.87,346.45097
2021-08-16T07:00:00.000000000,368.95,348.80261
2021-08-16T08:00:00.000000000,371.51,352.83482
2021-08-16T09:00:00.000000000,365.58,359.73827
2021-08-16T10:00:00.000000000,363.34,366.53326
2021-08-16T11:00:00.000000000,373.14,373.57246
2021-08-16T12:00:00.000000000,386.97,376.74208
2021-08-16T13:00:00.000000000,390.5,377.98456
2021-08-16T14:00:00.000000000,380.99,382.48279
2021-08-16T15:00:00.000000000,372.89,388.48216
2021-08-16T16:00:00.000000000,374.18,388.63153
2021-08-16T17:00:00.000000000,375.13,386.45074
2021-08-16T18:00:00.000000000,377.09,382.60158
2021-08-16T19:00:00.000000000,371.95,377.30905
2021-08-16T20:00:00.000000000,371.51,371.57827
2021-08-16T21:00:00.000000000,366.11,365.00069
2021-08-16T22:00:00.000000000,357.67,358.89949
2021-08-16T23:00:00.000000000,349.68,350.60118
2021-08-14T00:00:00.000000000,335.04,361.89523
2021-08-14T01:00:00.000000000,349.17,354.45441
2021-08-14T02:00:00.000000000,361.4,346.96814
2021-08-14T03:00:00.000000000,347.81,341.69254
2021-08-14T04:00:00.000000000,343.03,340.47826
2021-08-14T05:00:00.000000000,347.09,339.56788
2021-08-14T06:00:00.000000000,341.34,340.21798
2021-08-14T07:00:00.000000000,345.34,342.17524
2021-08-14T08:00:00.000000000,365.18,346.1384
2021-08-14T09:00:00.000000000,374.88,353.5011
2021-08-14T10:00:00.000000000,373.13,360.90042
2021-08-14T11:00:00.000000000,383.98,368.50449
2021-08-14T12:00:00.000000000,388.02,372.31969
2021-08-14T13:00:00.000000000,395.55,374.27638
2021-08-14T14:00:00.000000000,392.23,380.13915
2021-08-14T15:00:00.000000000,385.24,387.92197
2021-08-14T16:00:00.000000000,383.51,389.79023
2021-08-14T17:00:00.000000000,382.7,389.08741
2021-08-14T18:00:00.000000000,385.62,385.77477
2021-08-14T19:00:00.000000000,385.81,380.63836
2021-08-14T20:00:00.000000000,378.97,374.79405
2021-08-14T21:00:00.000000000,375.13,368.20336
2021-08-14T22:00:00.000000000,371.82,362.96428
2021-08-14T23:00:00.000000000,366.91,355.47852
2021-08-15T00:00:00.000000000,360.68,363.23676
2021-08-15T01:00:00.000000000,369.35,360.69149
2021-08-15T02:00:00.000000000,378.67,357.62591
2021-08-15T03:00:00.000000000,384.6,356.11174
2021-08-15T04:00:00.000000000,393.5,358.31587
2021-08-15T05:00:00.000000000,394.95,360.49127
2021-08-15T06:00:00.000000000,393.38,363.48543
2021-08-15T07:00:00.000000000,394.82,366.58504
2021-08-15T08:00:00.000000000,401.79,370.05512
2021-08-15T09:00:00.000000000,410.6,375.54483
2021-08-15T10:00:00.000000000,414.8,380.80459
2021-08-15T11:00:00.000000000,420.92,385.49469
2021-08-15T12:00:00.000000000,422.88,385.51956
2021-08-15T13:00:00.000000000,419.65,383.60666
2021-08-15T14:00:00.000000000,400.58,384.73938
2021-08-15T15:00:00.000000000,395.26,386.94232
2021-08-15T16:00:00.000000000,388.71,383.67804
2021-08-15T17:00:00.000000000,383.19,378.70086
2021-08-15T18:00:00.000000000,378.24,373.16906
2021-08-15T19:00:00.000000000,376.56,367.30006
2021-08-15T20:00:00.000000000,373.05,362.68745
2021-08-15T21:00:00.000000000,374.96,359.16106
2021-08-15T22:00:00.000000000,371.85,356.74227
2021-08-15T23:00:00.000000000,365.01,352.61603
2021-08-16T00:00:00.000000000,368.26,364.1452
2021-08-16T01:00:00.000000000,380.01,356.54892
2021-08-16T02:00:00.000000000,386.01,349.45047
2021-08-16T03:00:00.000000000,380.41,344.84446
2021-08-16T04:00:00.000000000,377.18,344.34942
2021-08-16T05:00:00.000000000,372.42,343.87421
2021-08-16T06:00:00.000000000,367.87,344.61724
2021-08-16T07:00:00.000000000,368.95,346.38985
2021-08-16T08:00:00.000000000,371.51,350.09756
2021-08-16T09:00:00.000000000,365.58,357.02938
2021-08-16T10:00:00.000000000,363.34,364.0232
2021-08-16T11:00:00.000000000,373.14,371.35225
2021-08-16T12:00:00.000000000,386.97,374.86701
2021-08-16T13:00:00.000000000,390.5,376.59233
2021-08-16T14:00:00.000000000,380.99,382.15958
2021-08-16T15:00:00.000000000,372.89,389.65423
2021-08-16T16:00:00.000000000,374.18,391.24888
2021-08-16T17:00:00.000000000,375.13,390.28846
2021-08-16T18:00:00.000000000,377.09,387.07811
2021-08-16T19:00:00.000000000,371.95,382.07453
2021-08-16T20:00:00.000000000,371.51,376.37375
2021-08-16T21:00:00.000000000,366.11,369.73819
2021-08-16T22:00:00.000000000,357.67,363.83356
2021-08-16T23:00:00.000000000,349.68,355.52305
2021-08-17T00:00:00.000000000,336.69,363.9416
2021-08-17T01:00:00.000000000,341.72,363.07387
2021-08-17T02:00:00.000000000,353.19,360.60547
2021-08-17T03:00:00.000000000,345.27,357.0935
2021-08-17T04:00:00.000000000,345.94,353.69406
2021-08-17T05:00:00.000000000,350.05,348.93018
2021-08-17T06:00:00.000000000,357.24,344.67181
2021-08-17T07:00:00.000000000,359.72,340.90665
2021-08-17T08:00:00.000000000,370.26,338.88962
2021-08-17T09:00:00.000000000,382.31,340.92239
2021-08-17T10:00:00.000000000,392.12,344.30115
2021-08-17T11:00:00.000000000,398.66,347.52381
2021-08-17T12:00:00.000000000,399.38,347.46065
2021-08-17T13:00:00.000000000,392.3,347.55877
2021-08-17T14:00:00.000000000,391.08,353.4158
2021-08-17T15:00:00.000000000,386.8,362.76868
2021-08-17T16:00:00.000000000,380.72,367.95415
2021-08-17T17:00:00.000000000,374.92,371.81835
2021-08-17T18:00:00.000000000,365.39,373.72441
2021-08-17T19:00:00.000000000,358.42,373.52131
2021-08-17T20:00:00.000000000,348.72,373.08479
2021-08-17T21:00:00.000000000,346.33,373.65757
2021-08-17T22:00:00.000000000,348.78,375.76545
2021-08-17T23:00:00.000000000,352.32,374.10261
2021-08-15T00:00:00.000000000,360.68,382.19845
2021-08-15T01:00:00.000000000,369.35,374.47331
2021-08-15T02:00:00.000000000,378.67,365.56779
2021-08-15T03:00:00.000000000,384.6,358.40043
2021-08-15T04:00:00.000000000,393.5,354.96597
2021-08-15T05:00:00.000000000,394.95,352.41634
2021-08-15T06:00:00.000000000,393.38,351.46226
2021-08-15T07:00:00.000000000,394.82,351.9668
2021-08-15T08:00:00.000000000,401.79,353.86378
2021-08-15T09:00:00.000000000,410.6,359.4533
2021-08-15T10:00:00.000000000,414.8,366.03313
2021-08-15T11:00:00.000000000,420.92,373.33022
2021-08-15T12:00:00.000000000,422.88,377.05602
2021-08-15T13:00:00.000000000,419.65,378.53637
2021-08-15T14:00:00.000000000,400.58,384.2374
2021-08-15T15:00:00.000000000,395.26,391.6375
2021-08-15T16:00:00.000000000,388.71,393.27271
2021-08-15T17:00:00.000000000,383.19,392.96638
2021-08-15T18:00:00.000000000,378.24,390.21457
2021-08-15T19:00:00.000000000,376.56,386.47671
2021-08-15T20:00:00.000000000,373.05,383.13695
2021-08-15T21:00:00.000000000,374.96,379.64555
2021-08-15T22:00:00.000000000,371.85,377.47995
2021-08-15T23:00:00.000000000,365.01,372.26933
2021-08-16T00:00:00.000000000,368.26,383.37834
2021-08-16T01:00:00.000000000,380.01,374.24569
2021-08-16T02:00:00.000000000,386.01,365.02626
2021-08-16T03:00:00.000000000,380.41,358.51941
2021-08-16T04:00:00.000000000,377.18,356.8325
2021-08-16T05:00:00.000000000,372.42,356.37253
2021-08-16T06:00:00.000000000,367.87,357.72131
2021-08-16T07:00:00.000000000,368.95,360.48299
2021-08-16T08:00:00.000000000,371.51,364.35907
2021-08-16T09:00:00.000000000,365.58,370.88231
2021-08-16T10:00:00.000000000,363.34,377.42815
2021-08-16T11:00:00.000000000,373.14,384.1375
2021-08-16T12:00:00.000000000,386.97,386.67987
2021-08-16T13:00:00.000000000,390.5,386.61066
2021-08-16T14:00:00.000000000,380.99,390.48042
2021-08-16T15:00:00.000000000,372.89,395.90667
2021-08-16T16:00:00.000000000,374.18,395.84226
2021-08-16T17:00:00.000000000,375.13,394.13288
2021-08-16T18:00:00.000000000,377.09,390.80247
2021-08-16T19:00:00.000000000,371.95,386.83085
2021-08-16T20:00:00.000000000,371.51,383.01742
2021-08-16T21:00:00.000000000,366.11,378.19116
2021-08-16T22:00:00.000000000,357.67,373.48206
2021-08-16T23:00:00.000000000,349.68,365.81578
2021-08-17T00:00:00.000000000,336.69,378.70799
2021-08-17T01:00:00.000000000,341.72,370.83678
2021-08-17T02:00:00.000000000,353.19,362.02124
2021-08-17T03:00:00.000000000,345.27,354.74984
2021-08-17T04:00:00.000000000,345.94,351.09567
2021-08-17T05:00:00.000000000,350.05,348.44194
2021-08-17T06:00:00.000000000,357.24,347.99247
2021-08-17T07:00:00.000000000,359.72,349.27048
2021-08-17T08:00:00.000000000,370.26,352.13443
2021-08-17T09:00:00.000000000,382.31,358.59922
2021-08-17T10:00:00.000000000,392.12,365.53034
2021-08-17T11:00:00.000000000,398.66,372.53932
2021-08-17T12:00:00.000000000,399.38,375.99297
2021-08-17T13:00:00.000000000,392.3,377.54956
2021-08-17T14:00:00.000000000,391.08,383.13447
2021-08-17T15:00:00.000000000,386.8,390.50208
2021-08-17T16:00:00.000000000,380.72,392.10204
2021-08-17T17:00:00.000000000,374.92,391.85511
2021-08-17T18:00:00.000000000,365.39,390.29459
2021-08-17T19:00:00.000000000,358.42,388.43089
2021-08-17T20:00:00.000000000,348.72,386.94427
2021-08-17T21:00:00.000000000,346.33,385.17168
2021-08-17T22:00:00.000000000,348.78,384.08047
2021-08-17T23:00:00.000000000,352.32,379.18824
2021-08-18T00:00:00.000000000,350.07,391.83871
2021-08-18T01:00:00.000000000,351.77,390.83302
2021-08-18T02:00:00.000000000,359.31,384.67486
2021-08-18T03:00:00.000000000,352.67,373.87389
2021-08-18T04:00:00.000000000,350.13,360.47703
2021-08-18T05:00:00.000000000,349.89,347.16646
2021-08-18T06:00:00.000000000,345.61,336.77517
2021-08-18T07:00:00.000000000,341.56,330.45919
2021-08-18T08:00:00.000000000,344.48,329.05841
2021-08-18T09:00:00.000000000,349.68,333.33409
2021-08-18T10:00:00.000000000,357.03,338.45741
2021-08-18T11:00:00.000000000,359.5,338.90279
2021-08-18T12:00:00.000000000,357.49,330.51607
2021-08-18T13:00:00.000000000,353.49,321.31901
2021-08-18T14:00:00.000000000,346.86,319.84297
2021-08-18T15:00:00.000000000,332.53,322.83099
2021-08-18T16:00:00.000000000,317.68,325.69778
2021-08-18T17:00:00.000000000,313.7,330.28271
2021-08-18T18:00:00.000000000,315.12,336.02684
2021-08-18T19:00:00.000000000,317.21,343.09568
2021-08-18T20:00:00.000000000,320.68,353.07812
2021-08-18T21:00:00.000000000,325.61,366.5205
2021-08-18T22:00:00.000000000,328.5,380.92365
2021-08-18T23:00:00.000000000,325.98,389.21555
2021-08-16T00:00:00.000000000,368.26,380.99866
2021-08-16T01:00:00.000000000,380.01,374.82219
2021-08-16T02:00:00.000000000,386.01,367.19851
2021-08-16T03:00:00.000000000,380.41,360.39513
2021-08-16T04:00:00.000000000,377.18,356.534
2021-08-16T05:00:00.000000000,372.42,353.4687
2021-08-16T06:00:00.000000000,367.87,352.49224
2021-08-16T07:00:00.000000000,368.95,353.22773
2021-08-16T08:00:00.000000000,371.51,355.4696
2021-08-16T09:00:00.000000000,365.58,361.56274
2021-08-16T10:00:00.000000000,363.34,368.41127
2021-08-16T11:00:00.000000000,373.14,375.05917
2021-08-16T12:00:00.000000000,386.97,377.70728
2021-08-16T13:00:00.000000000,390.5,378.18819
2021-08-16T14:00:00.000000000,380.99,382.62369
2021-08-16T15:00:00.000000000,372.89,388.93163
2021-08-16T16:00:00.000000000,374.18,389.86013
2021-08-16T17:00:00.000000000,375.13,389.24903
2021-08-16T18:00:00.000000000,377.09,387.49026
2021-08-16T19:00:00.000000000,371.95,385.78377
2021-08-16T20:00:00.000000000,371.51,385.00371
2021-08-16T21:00:00.000000000,366.11,384.78146
2021-08-16T22:00:00.000000000,357.67,385.57089
2021-08-16T23:00:00.000000000,349.68,382.65608
2021-08-17T00:00:00.000000000,336.69,389.65036
2021-08-17T01:00:00.000000000,341.72,381.02424
2021-08-17T02:00:00.000000000,353.19,371.96711
2021-08-17T03:00:00.000000000,345.27,365.09128
2021-08-17T04:00:00.000000000,345.94,362.39297
2021-08-17T05:00:00.000000000,350.05,360.59049
2021-08-17T06:00:00.000000000,357.24,360.2683
2021-08-17T07:00:00.000000000,359.72,361.28504
2021-08-17T08:00:00.000000000,370.26,363.43073
2021-08-17T09:00:00.000000000,382.31,368.6488
2021-08-17T10:00:00.000000000,392.12,374.40018
2021-08-17T11:00:00.000000000,398.66,380.91465
2021-08-17T12:00:00.000000000,399.38,383.72219
2021-08-17T13:00:00.000000000,392.3,384.57259
2021-08-17T14:00:00.000000000,391.08,390.49897
2021-08-17T15:00:00.000000000,386.8,398.74112
2021-08-17T16:00:00.000000000,380.72,401.3199
2021-08-17T17:00:00.000000000,374.92,401.64128
2021-08-17T18:00:00.000000000,365.39,399.49596
2021-08-17T19:00:00.000000000,358.42,395.96609
2021-08-17T20:00:00.000000000,348.72,392.31575
2021-08-17T21:00:00.000000000,346.33,388.02168
2021-08-17T22:00:00.000000000,348.78,384.29153
2021-08-17T23:00:00.000000000,352.32,377.26684
2021-08-18T00:00:00.000000000,350.07,377.30369
2021-08-18T01:00:00.000000000,351.77,375.98385
2021-08-18T02:00:00.000000000,359.31,372.62408
2021-08-18T03:00:00.000000000,352.67,368.38387
2021-08-18T04:00:00.000000000,350.13,364.02301
2021-08-18T05:00:00.000000000,349.89,358.21519
2021-08-18T06:00:00.000000000,345.61,352.41509
2021-08-18T07:00:00.000000000,341.56,347.04322
2021-08-18T08:00:00.000000000,344.48,343.27832
2021-08-18T09:00:00.000000000,349.68,344.23433
2021-08-18T10:00:00.000000000,357.03,347.37321
2021-08-18T11:00:00.000000000,359.5,350.96593
2021-08-18T12:00:00.000000000,357.49,351.03496
2021-08-18T13:00:00.000000000,353.49,350.70294
2021-08-18T14:00:00.000000000,346.86,356.16191
2021-08-18T15:00:00.000000000,332.53,364.64394
2021-08-18T16:00:00.000000000,317.68,369.07674
2021-08-18T17:00:00.000000000,313.7,372.10193
2021-08-18T18:00:00.000000000,315.12,372.81857
2021-08-18T19:00:00.000000000,317.21,371.61407
2021-08-18T20:00:00.000000000,320.68,371.05086
2021-08-18T21:00:00.000000000,325.61,372.01224
2021-08-18T22:00:00.000000000,328.5,374.95451
2021-08-18T23:00:00.000000000,325.98,374.81431
2021-08-19T00:00:00.000000000,323.02,369.66699
2021-08-19T01:00:00.000000000,322.79,364.64747
2021-08-19T02:00:00.000000000,320.56,354.29842
2021-08-19T03:00:00.000000000,307.23,340.95855
2021-08-19T04:00:00.000000000,297.55,327.06714
2021-08-19T05:00:00.000000000,289.89,314.16745
2021-08-19T06:00:00.000000000,275.93,304.21628
2021-08-19T07:00:00.000000000,272.59,297.94504
2021-08-19T08:00:00.000000000,272.18,296.55513
2021-08-19T09:00:00.000000000,272.79,301.74212
2021-08-19T10:00:00.000000000,273.13,307.85138
2021-08-19T11:00:00.000000000,281.25,312.41012
2021-08-19T12:00:00.000000000,291.4,310.60666
2021-08-19T13:00:00.000000000,298.8,307.22085
2021-08-19T14:00:00.000000000,290.4,308.73853
2021-08-19T15:00:00.000000000,263.72,312.52483
2021-08-19T16:00:00.000000000,261.64,315.75702
2021-08-19T17:00:00.000000000,274.82,319.65353
2021-08-19T18:00:00.000000000,289.36,324.2472
2021-08-19T19:00:00.000000000,298.71,329.39024
2021-08-19T20:00:00.000000000,305.11,336.59736
2021-08-19T21:00:00.000000000,313.57,345.80165
2021-08-19T22:00:00.000000000,317.13,356.8332
2021-08-19T23:00:00.000000000,315.53,363.67411
2021-08-17T00:00:00.000000000,336.69,369.02581
2021-08-17T01:00:00.000000000,341.72,360.43562
2021-08-17T02:00:00.000000000,353.19,349.84711
2021-08-17T03:00:00.000000000,345.27,340.92947
2021-08-17T04:00:00.000000000,345.94,336.27434
2021-08-17T05:00:00.000000000,350.05,333.42597
2021-08-17T06:00:00.000000000,357.24,333.45966
2021-08-17T07:00:00.000000000,359.72,335.6452
2021-08-17T08:00:00.000000000,370.26,339.6688
2021-08-17T09:00:00.000000000,382.31,347.78019
2021-08-17T10:00:00.000000000,392.12,356.61048
2021-08-17T11:00:00.000000000,398.66,365.56623
2021-08-17T12:00:00.000000000,399.38,370.81023
2021-08-17T13:00:00.000000000,392.3,373.34767
2021-08-17T14:00:00.000000000,391.08,378.7514
2021-08-17T15:00:00.000000000,386.8,385.06254
2021-08-17T16:00:00.000000000,380.72,385.51588
2021-08-17T17:00:00.000000000,374.92,384.45231
2021-08-17T18:00:00.000000000,365.39,381.57888
2021-08-17T19:00:00.000000000,358.42,378.37875
2021-08-17T20:00:00.000000000,348.72,375.77046
2021-08-17T21:00:00.000000000,346.33,372.97765
2021-08-17T22:00:00.000000000,348.78,371.98454
2021-08-17T23:00:00.000000000,352.32,367.93384
2021-08-18T00:00:00.000000000,350.07,377.5845
2021-08-18T01:00:00.000000000,351.77,372.96881
2021-08-18T02:00:00.000000000,359.31,365.5267
2021-08-18T03:00:00.000000000,352.67,357.66102
2021-08-18T04:00:00.000000000,350.13,350.60997
2021-08-18T05:00:00.000000000,349.89,343.35334
2021-08-18T06:00:00.000000000,345.61,337.46367
2021-08-18T07:00:00.000000000,341.56,333.01821
2021-08-18T08:00:00.000000000,344.48,330.93262
2021-08-18T09:00:00.000000000,349.68,334.25282
2021-08-18T10:00:00.000000000,357.03,340.07116
2021-08-18T11:00:00.000000000,359.5,346.42323
2021-08-18T12:00:00.000000000,357.49,348.92904
2021-08-18T13:00:00.000000000,353.49,349.9927
2021-08-18T14:00:00.000000000,346.86,355.67562
2021-08-18T15:00:00.000000000,332.53,363.43166
2021-08-18T16:00:00.000000000,317.68,367.01115
2021-08-18T17:00:00.000000000,313.7,369.54455
2021-08-18T18:00:00.000000000,315.12,369.76888
2021-08-18T19:00:00.000000000,317.21,368.53512
2021-08-18T20:00:00.000000000,320.68,368.21899
2021-08-18T21:00:00.000000000,325.61,368.89236
2021-08-18T22:00:00.000000000,328.5,371.70217
2021-08-18T23:00:00.000000000,325.98,371.24697
2021-08-19T00:00:00.000000000,323.02,366.3853
2021-08-19T01:00:00.000000000,322.79,360.64214
2021-08-19T02:00:00.000000000,320.56,349.39689
2021-08-19T03:00:00.000000000,307.23,335.53235
2021-08-19T04:00:00.000000000,297.55,321.5716
2021-08-19T05:00:00.000000000,289.89,308.90983
2021-08-19T06:00:00.000000000,275.93,298.9037
2021-08-19T07:00:00.000000000,272.59,292.484
2021-08-19T08:00:00.000000000,272.18,290.72249
2021-08-19T09:00:00.000000000,272.79,295.67718
2021-08-19T10:00:00.000000000,273.13,301.66681
2021-08-19T11:00:00.000000000,281.25,306.75084
2021-08-19T12:00:00.000000000,291.4,306.02077
2021-08-19T13:00:00.000000000,298.8,303.52773
2021-08-19T14:00:00.000000000,290.4,305.55523
2021-08-19T15:00:00.000000000,263.72,309.54913
2021-08-19T16:00:00.000000000,261.64,312.82869
2021-08-19T17:00:00.000000000,274.82,316.77585
2021-08-19T18:00:00.000000000,289.36,321.16955
2021-08-19T19:00:00.000000000,298.71,326.01981
2021-08-19T20:00:00.000000000,305.11,332.90148
2021-08-19T21:00:00.000000000,313.57,341.66292
2021-08-19T22:00:00.000000000,317.13,352.51766
2021-08-19T23:00:00.000000000,315.53,359.38097
2021-08-20T00:00:00.000000000,315.28,343.03264
2021-08-20T01:00:00.000000000,316.78,337.81439
2021-08-20T02:00:00.000000000,314.13,327.88324
2021-08-20T03:00:00.000000000,306.79,316.50839
2021-08-20T04:00:00.000000000,294.08,306.56108
2021-08-20T05:00:00.000000000,289.66,297.73907
2021-08-20T06:00:00.000000000,287.83,290.21831
2021-08-20T07:00:00.000000000,282.68,285.34794
2021-08-20T08:00:00.000000000,276.91,284.54668
2021-08-20T09:00:00.000000000,267.31,289.32464
2021-08-20T10:00:00.000000000,268.47,293.45577
2021-08-20T11:00:00.000000000,275.61,296.42642
2021-08-20T12:00:00.000000000,287.13,294.1769
2021-08-20T13:00:00.000000000,291.69,290.64772
2021-08-20T14:00:00.000000000,294.35,290.9724
2021-08-20T15:00:00.000000000,285.9,292.88732
2021-08-20T16:00:00.000000000,279.53,294.72634
2021-08-20T17:00:00.000000000,290.98,298.09886
2021-08-20T18:00:00.000000000,296.31,303.04235
2021-08-20T19:00:00.000000000,300.41,308.49103
2021-08-20T20:00:00.000000000,300.77,315.3717
2021-08-20T21:00:00.000000000,299.08,322.91181
2021-08-20T22:00:00.000000000,296.85,331.86179
2021-08-20T23:00:00.000000000,297.85,337.72474
2021-08-18T00:00:00.000000000,350.07,374.40292
2021-08-18T01:00:00.000000000,351.77,368.42916
2021-08-18T02:00:00.000000000,359.31,361.34015
2021-08-18T03:00:00.000000000,352.67,355.28088
2021-08-18T04:00:00.000000000,350.13,350.92602
2021-08-18T05:00:00.000000000,349.89,345.82296
2021-08-18T06:00:00.000000000,345.61,341.27395
2021-08-18T07:00:00.000000000,341.56,337.86625
2021-08-18T08:00:00.000000000,344.48,336.96994
2021-08-18T09:00:00.000000000,349.68,341.42484
2021-08-18T10:00:00.000000000,357.03,348.22723
2021-08-18T11:00:00.000000000,359.5,356.1749
2021-08-18T12:00:00.000000000,357.49,360.73057
2021-08-18T13:00:00.000000000,353.49,363.54548
2021-08-18T14:00:00.000000000,346.86,369.60121
2021-08-18T15:00:00.000000000,332.53,376.6154
2021-08-18T16:00:00.000000000,317.68,377.91521
2021-08-18T17:00:00.000000000,313.7,377.3084
2021-08-18T18:00:00.000000000,315.12,374.93951
2021-08-18T19:00:00.000000000,317.21,371.75804
2021-08-18T20:00:00.000000000,320.68,369.82754
2021-08-18T21:00:00.000000000,325.61,368.39952
2021-08-18T22:00:00.000000000,328.5,368.11818
2021-08-18T23:00:00.000000000,325.98,364.7709
2021-08-19T00:00:00.000000000,323.02,363.78891
2021-08-19T01:00:00.000000000,322.79,357.84366
2021-08-19T02:00:00.000000000,320.56,346.40688
2021-08-19T03:00:00.000000000,307.23,332.55805
2021-08-19T04:00:00.000000000,297.55,318.61798
2021-08-19T05:00:00.000000000,289.89,306.00258
2021-08-19T06:00:00.000000000,275.93,296.09932
2021-08-19T07:00:00.000000000,272.59,289.56789
2021-08-19T08:00:00.000000000,272.18,287.40994
2021-08-19T09:00:00.000000000,272.79,291.92615
2021-08-19T10:00:00.000000000,273.13,297.63346
2021-08-19T11:00:00.000000000,281.25,302.96754
2021-08-19T12:00:00.000000000,291.4,303.22797
2021-08-19T13:00:00.000000000,298.8,302.03454
2021-08-19T14:00:00.000000000,290.4,305.30471
2021-08-19T15:00:00.000000000,263.72,310.50022
2021-08-19T16:00:00.000000000,261.64,314.59912
2021-08-19T17:00:00.000000000,274.82,318.91238
2021-08-19T18:00:00.000000000,289.36,323.35334
2021-08-19T19:00:00.000000000,298.71,327.85415
2021-08-19T20:00:00.000000000,305.11,334.24707
2021-08-19T21:00:00.000000000,313.57,342.34479
2021-08-19T22:00:00.000000000,317.13,352.68386
2021-08-19T23:00:00.000000000,315.53,359.09345
2021-08-20T00:00:00.000000000,315.28,346.31748
2021-08-20T01:00:00.000000000,316.78,338.90177
2021-08-20T02:00:00.000000000,314.13,325.97266
2021-08-20T03:00:00.000000000,306.79,311.66756
2021-08-20T04:00:00.000000000,294.08,297.9056
2021-08-20T05:00:00.000000000,289.66,285.91818
2021-08-20T06:00:00.000000000,287.83,276.44953
2021-08-20T07:00:00.000000000,282.68,270.37527
2021-08-20T08:00:00.000000000,276.91,268.75203
2021-08-20T09:00:00.000000000,267.31,273.80946
2021-08-20T10:00:00.000000000,268.47,279.70795
2021-08-20T11:00:00.000000000,275.61,285.83941
2021-08-20T12:00:00.000000000,287.13,287.46868
2021-08-20T13:00:00.000000000,291.69,287.65033
2021-08-20T14:00:00.000000000,294.35,291.28422
2021-08-20T15:00:00.000000000,285.9,296.46549
2021-08-20T16:00:00.000000000,279.53,300.35765
2021-08-20T17:00:00.000000000,290.98,304.08241
2021-08-20T18:00:00.000000000,296.31,307.72499
2021-08-20T19:00:00.000000000,300.41,310.59063
2021-08-20T20:00:00.000000000,300.77,315.14049
2021-08-20T21:00:00.000000000,299.08,320.64843
2021-08-20T22:00:00.000000000,296.85,328.39805
2021-08-20T23:00:00.000000000,297.85,333.282
2021-08-21T00:00:00.000000000,293.96,336.4594
2021-08-21T01:00:00.000000000,303.73,328.46732
2021-08-21T02:00:00.000000000,311.4,313.86615
2021-08-21T03:00:00.000000000,299.62,298.02717
2021-08-21T04:00:00.000000000,285.0,282.84988
2021-08-21T05:00:00.000000000,280.86,270.63436
2021-08-21T06:00:00.000000000,276.0,262.53082
2021-08-21T07:00:00.000000000,269.76,258.864
2021-08-21T08:00:00.000000000,256.86,259.80572
2021-08-21T09:00:00.000000000,257.27,267.59114
2021-08-21T10:00:00.000000000,261.38,276.1827
2021-08-21T11:00:00.000000000,269.96,283.68644
2021-08-21T12:00:00.000000000,291.03,285.8091
2021-08-21T13:00:00.000000000,297.19,286.4305
2021-08-21T14:00:00.000000000,307.52,290.25126
2021-08-21T15:00:00.000000000,291.91,296.06135
2021-08-21T16:00:00.000000000,285.73,299.998
2021-08-21T17:00:00.000000000,296.52,303.83725
2021-08-21T18:00:00.000000000,310.14,307.26897
2021-08-21T19:00:00.000000000,318.8,309.75491
2021-08-21T20:00:00.000000000,322.23,314.55993
2021-08-21T21:00:00.000000000,318.03,320.27946
2021-08-21T22:00:00.000000000,312.9,328.82142
2021-08-21T23:00:00.000000000,305.77,333.84775
2021-08-19T00:00:00.000000000,323.02,348.70943
2021-08-19T01:00:00.000000000,322.79,342.78599
2021-08-19T02:00:00.000000000,320.56,331.42968
2021-08-19T03:00:00.000000000,307.23,318.4072
2021-08-19T04:00:00.000000000,297.55,304.32057
2021-08-19T05:00:00.000000000,289.89,290.87083
2021-08-19T06:00:00.000000000,275.93,279.016
2021-08-19T07:00:00.000000000,272.59,269.46185
2021-08-19T08:00:00.000000000,272.18,263.80887
2021-08-19T09:00:00.000000000,272.79,265.19688
2021-08-19T10:00:00.000000000,273.13,269.07637
2021-08-19T11:00:00.000000000,281.25,274.96474
2021-08-19T12:00:00.000000000,291.4,278.2694
2021-08-19T13:00:00.000000000,298.8,281.48201
2021-08-19T14:00:00.000000000,290.4,288.47024
2021-08-19T15:00:00.000000000,263.72,297.04522
2021-08-19T16:00:00.000000000,261.64,303.38315
2021-08-19T17:00:00.000000000,274.82,308.53197
2021-08-19T18:00:00.000000000,289.36,313.01518
2021-08-19T19:00:00.000000000,298.71,315.68012
2021-08-19T20:00:00.000000000,305.11,320.26921
2021-08-19T21:00:00.000000000,313.57,326.19156
2021-08-19T22:00:00.000000000,317.13,334.19208
2021-08-19T23:00:00.000000000,315.53,338.73865
2021-08-20T00:00:00.000000000,315.28,331.41272
2021-08-20T01:00:00.000000000,316.78,324.36199
2021-08-20T02:00:00.000000000,314.13,311.58855
2021-08-20T03:00:00.000000000,306.79,298.16739
2021-08-20T04:00:00.000000000,294.08,285.74268
2021-08-20T05:00:00.000000000,289.66,274.7288
2021-08-20T06:00:00.000000000,287.83,264.88138
2021-08-20T07:00:00.000000000,282.68,257.64301
2021-08-20T08:00:00.000000000,276.91,254.74447
2021-08-20T09:00:00.000000000,267.31,257.98229
2021-08-20T10:00:00.000000000,268.47,261.66467
2021-08-20T11:00:00.000000000,275.61,265.63987
2021-08-20T12:00:00.000000000,287.13,266.20359
2021-08-20T13:00:00.000000000,291.69,266.66843
2021-08-20T14:00:00.000000000,294.35,270.86561
2021-08-20T15:00:00.000000000,285.9,276.47766
2021-08-20T16:00:00.000000000,279.53,280.62717
2021-08-20T17:00:00.000000000,290.98,285.12064
2021-08-20T18:00:00.000000000,296.31,290.38991
2021-08-20T19:00:00.000000000,300.41,294.56354
2021-08-20T20:00:00.000000000,300.77,300.53577
2021-08-20T21:00:00.000000000,299.08,306.97428
2021-08-20T22:00:00.000000000,296.85,314.63545
2021-08-20T23:00:00.000000000,297.85,319.53988
2021-08-21T00:00:00.000000000,293.96,328.12881
2021-08-21T01:00:00.000000000,303.73,319.91951
2021-08-21T02:00:00.000000000,311.4,306.04939
2021-08-21T03:00:00.000000000,299.62,291.71962
2021-08-21T04:00:00.000000000,285.0,278.18438
2021-08-21T05:00:00.000000000,280.86,267.06925
2021-08-21T06:00:00.000000000,276.0,259.16234
2021-08-21T07:00:00.000000000,269.76,254.9605
2021-08-21T08:00:00.000000000,256.86,254.84202
2021-08-21T09:00:00.000000000,257.27,260.97209
2021-08-21T10:00:00.000000000,261.38,267.53845
2021-08-21T11:00:00.000000000,269.96,274.08224
2021-08-21T12:00:00.000000000,291.03,277.12285
2021-08-21T13:00:00.000000000,297.19,279.56734
2021-08-21T14:00:00.000000000,307.52,285.54656
2021-08-21T15:00:00.000000000,291.91,293.28642
2021-08-21T16:00:00.000000000,285.73,298.72095
2021-08-21T17:00:00.000000000,296.52,303.4557
2021-08-21T18:00:00.000000000,310.14,307.81813
2021-08-21T19:00:00.000000000,318.8,310.61488
2021-08-21T20:00:00.000000000,322.23,314.83392
2021-08-21T21:00:00.000000000,318.03,319.03425
2021-08-21T22:00:00.000000000,312.9,325.34086
2021-08-21T23:00:00.000000000,305.77,328.35079
2021-08-22T00:00:00.000000000,309.5,319.0066
2021-08-22T01:00:00.000000000,331.86,313.67582
2021-08-22T02:00:00.000000000,342.77,303.12
2021-08-22T03:00:00.000000000,341.43,292.04409
2021-08-22T04:00:00.000000000,332.32,282.70045
2021-08-22T05:00:00.000000000,325.37,275.27449
2021-08-22T06:00:00.000000000,311.6,269.88615
2021-08-22T07:00:00.000000000,303.85,267.4156
2021-08-22T08:00:00.000000000,300.49,268.71115
2021-08-22T09:00:00.000000000,289.22,275.18782
2021-08-22T10:00:00.000000000,286.33,280.57346
2021-08-22T11:00:00.000000000,291.1,283.53802
2021-08-22T12:00:00.000000000,296.72,281.4012
2021-08-22T13:00:00.000000000,309.43,278.9538
2021-08-22T14:00:00.000000000,312.65,280.14694
2021-08-22T15:00:00.000000000,283.7,283.28443
2021-08-22T16:00:00.000000000,291.78,285.44635
2021-08-22T17:00:00.000000000,303.1,289.22953
2021-08-22T18:00:00.000000000,303.06,294.75784
2021-08-22T19:00:00.000000000,300.65,300.18495
2021-08-22T20:00:00.000000000,299.14,307.35349
2021-08-22T21:00:00.000000000,297.31,314.41749
2021-08-22T22:00:00.000000000,297.36,322.77488
2021-08-22T23:00:00.000000000,295.91,327.57014
2021-08-20T00:00:00.000000000,315.28,335.09207
2021-08-20T01:00:00.000000000,316.78,327.83408
2021-08-20T02:00:00.000000000,314.13,315.41215
2021-08-20T03:00:00.000000000,306.79,302.36073
2021-08-20T04:00:00.000000000,294.08,289.93494
2021-08-20T05:00:00.000000000,289.66,278.6574
2021-08-20T06:00:00.000000000,287.83,268.69371
2021-08-20T07:00:00.000000000,282.68,261.10405
2021-08-20T08:00:00.000000000,276.91,257.58757
2021-08-20T09:00:00.000000000,267.31,260.22447
2021-08-20T10:00:00.000000000,268.47,263.56993
2021-08-20T11:00:00.000000000,275.61,268.0617
2021-08-20T12:00:00.000000000,287.13,269.9639
2021-08-20T13:00:00.000000000,291.69,271.85049
2021-08-20T14:00:00.000000000,294.35,277.60316
2021-08-20T15:00:00.000000000,285.9,284.61788
2021-08-20T16:00:00.000000000,279.53,289.92605
2021-08-20T17:00:00.000000000,290.98,294.81848
2021-08-20T18:00:00.000000000,296.31,300.14374
2021-08-20T19:00:00.000000000,300.41,304.0132
2021-08-20T20:00:00.000000000,300.77,309.12481
2021-08-20T21:00:00.000000000,299.08,314.40393
2021-08-20T22:00:00.000000000,296.85,320.88804
2021-08-20T23:00:00.000000000,297.85,324.69129
2021-08-21T00:00:00.000000000,293.96,330.76235
2021-08-21T01:00:00.000000000,303.73,322.66628
2021-08-21T02:00:00.000000000,311.4,309.37601
2021-08-21T03:00:00.000000000,299.62,295.62486
2021-08-21T04:00:00.000000000,285.0,282.60531
2021-08-21T05:00:00.000000000,280.86,271.78189
2021-08-21T06:00:00.000000000,276.0,264.07094
2021-08-21T07:00:00.000000000,269.76,259.89887
2021-08-21T08:00:00.000000000,256.86,259.59182
2021-08-21T09:00:00.000000000,257.27,265.27412
2021-08-21T10:00:00.000000000,261.38,271.18125
2021-08-21T11:00:00.000000000,269.96,277.26093
2021-08-21T12:00:00.000000000,291.03,280.21521
2021-08-21T13:00:00.000000000,297.19,282.68011
2021-08-21T14:00:00.000000000,307.52,288.88709
2021-08-21T15:00:00.000000000,291.91,296.82724
2021-08-21T16:00:00.000000000,285.73,302.51101
2021-08-21T17:00:00.000000000,296.52,307.3424
2021-08-21T18:00:00.000000000,310.14,311.85487
2021-08-21T19:00:00.000000000,318.8,314.92392
2021-08-21T20:00:00.000000000,322.23,319.1587
2021-08-21T21:00:00.000000000,318.03,323.17526
2021-08-21T22:00:00.000000000,312.9,329.15701
2021-08-21T23:00:00.000000000,305.77,331.7722
2021-08-22T00:00:00.000000000,309.5,329.4446
2021-08-22T01:00:00.000000000,331.86,322.24595
2021-08-22T02:00:00.000000000,342.77,310.01384
2021-08-22T03:00:00.000000000,341.43,297.24343
2021-08-22T04:00:00.000000000,332.32,285.46214
2021-08-22T05:00:00.000000000,325.37,275.77903
2021-08-22T06:00:00.000000000,311.6,269.0342
2021-08-22T07:00:00.000000000,303.85,265.63243
2021-08-22T08:00:00.000000000,300.49,265.86842
2021-08-22T09:00:00.000000000,289.22,271.75284
2021-08-22T10:00:00.000000000,286.33,277.39628
2021-08-22T11:00:00.000000000,291.1,282.52105
2021-08-22T12:00:00.000000000,296.72,284.11524
2021-08-22T13:00:00.000000000,309.43,285.2589
2021-08-22T14:00:00.000000000,312.65,290.20824
2021-08-22T15:00:00.000000000,283.7,296.96094
2021-08-22T16:00:00.000000000,291.78,301.83313
2021-08-22T17:00:00.000000000,303.1,306.48743
2021-08-22T18:00:00.000000000,303.06,311.37979
2021-08-22T19:00:00.000000000,300.65,315.354
2021-08-22T20:00:00.000000000,299.14,320.57117
2021-08-22T21:00:00.000000000,297.31,325.51163
2021-08-22T22:00:00.000000000,297.36,332.30649
2021-08-22T23:00:00.000000000,295.91,335.49633
2021-08-23T00:00:00.000000000,296.09,328.92246
2021-08-23T01:00:00.000000000,312.48,319.30199
2021-08-23T02:00:00.000000000,321.2,304.11429
2021-08-23T03:00:00.000000000,305.71,288.6945
2021-08-23T04:00:00.000000000,289.01,274.54495
2021-08-23T05:00:00.000000000,268.38,263.29892
2021-08-23T06:00:00.000000000,250.75,256.93084
2021-08-23T07:00:00.000000000,232.55,255.07418
2021-08-23T08:00:00.000000000,220.39,257.77401
2021-08-23T09:00:00.000000000,218.17,266.65225
2021-08-23T10:00:00.000000000,221.5,276.03505
2021-08-23T11:00:00.000000000,233.81,284.41967
2021-08-23T12:00:00.000000000,256.94,288.528
2021-08-23T13:00:00.000000000,274.1,291.87579
2021-08-23T14:00:00.000000000,280.39,298.71779
2021-08-23T15:00:00.000000000,284.73,307.59349
2021-08-23T16:00:00.000000000,292.98,313.31356
2021-08-23T17:00:00.000000000,307.46,318.09899
2021-08-23T18:00:00.000000000,317.9,321.80776
2021-08-23T19:00:00.000000000,319.92,323.8368
2021-08-23T20:00:00.000000000,318.59,327.05083
2021-08-23T21:00:00.000000000,315.2,329.90816
2021-08-23T22:00:00.000000000,309.06,335.34318
2021-08-23T23:00:00.000000000,300.79,336.50038
2021-08-21T00:00:00.000000000,293.96,321.88892
2021-08-21T01:00:00.000000000,303.73,313.16554
2021-08-21T02:00:00.000000000,311.4,298.63354
2021-08-21T03:00:00.000000000,299.62,283.99719
2021-08-21T04:00:00.000000000,285.0,270.08607
2021-08-21T05:00:00.000000000,280.86,258.78359
2021-08-21T06:00:00.000000000,276.0,250.81097
2021-08-21T07:00:00.000000000,269.76,246.60108
2021-08-21T08:00:00.000000000,256.86,246.45962
2021-08-21T09:00:00.000000000,257.27,252.69896
2021-08-21T10:00:00.000000000,261.38,259.52125
2021-08-21T11:00:00.000000000,269.96,266.57715
2021-08-21T12:00:00.000000000,291.03,270.72083
2021-08-21T13:00:00.000000000,297.19,274.64696
2021-08-21T14:00:00.000000000,307.52,282.23072
2021-08-21T15:00:00.000000000,291.91,291.52892
2021-08-21T16:00:00.000000000,285.73,298.00691
2021-08-21T17:00:00.000000000,296.52,303.34166
2021-08-21T18:00:00.000000000,310.14,308.10772
2021-08-21T19:00:00.000000000,318.8,310.77568
2021-08-21T20:00:00.000000000,322.23,314.66957
2021-08-21T21:00:00.000000000,318.03,318.21803
2021-08-21T22:00:00.000000000,312.9,323.80438
2021-08-21T23:00:00.000000000,305.77,326.13982
2021-08-22T00:00:00.000000000,309.5,326.8734
2021-08-22T01:00:00.000000000,331.86,320.21993
2021-08-22T02:00:00.000000000,342.77,308.6708
2021-08-22T03:00:00.000000000,341.43,296.60288
2021-08-22T04:00:00.000000000,332.32,285.68213
2021-08-22T05:00:00.000000000,325.37,276.82261
2021-08-22T06:00:00.000000000,311.6,270.85221
2021-08-22T07:00:00.000000000,303.85,268.18663
2021-08-22T08:00:00.000000000,300.49,269.03678
2021-08-22T09:00:00.000000000,289.22,275.28652
2021-08-22T10:00:00.000000000,286.33,280.92158
2021-08-22T11:00:00.000000000,291.1,285.50631
2021-08-22T12:00:00.000000000,296.72,286.33674
2021-08-22T13:00:00.000000000,309.43,286.81406
2021-08-22T14:00:00.000000000,312.65,291.22316
2021-08-22T15:00:00.000000000,283.7,297.5508
2021-08-22T16:00:00.000000000,291.78,302.11426
2021-08-22T17:00:00.000000000,303.1,306.77378
2021-08-22T18:00:00.000000000,303.06,311.95724
2021-08-22T19:00:00.000000000,300.65,316.4563
2021-08-22T20:00:00.000000000,299.14,322.15784
2021-08-22T21:00:00.000000000,297.31,327.46065
2021-08-22T22:00:00.000000000,297.36,334.53517
2021-08-22T23:00:00.000000000,295.91,337.81889
2021-08-23T00:00:00.000000000,296.09,330.68854
2021-08-23T01:00:00.000000000,312.48,320.85726
2021-08-23T02:00:00.000000000,321.2,305.41249
2021-08-23T03:00:00.000000000,305.71,289.68644
2021-08-23T04:00:00.000000000,289.01,275.11099
2021-08-23T05:00:00.000000000,268.38,263.3365
2021-08-23T06:00:00.000000000,250.75,256.42145
2021-08-23T07:00:00.000000000,232.55,254.07805
2021-08-23T08:00:00.000000000,220.39,256.51192
2021-08-23T09:00:00.000000000,218.17,265.34651
2021-08-23T10:00:00.000000000,221.5,274.97984
2021-08-23T11:00:00.000000000,233.81,283.79823
2021-08-23T12:00:00.000000000,256.94,288.2828
2021-08-23T13:00:00.000000000,274.1,291.95605
2021-08-23T14:00:00.000000000,280.39,299.09822
2021-08-23T15:00:00.000000000,284.73,308.25214
2021-08-23T16:00:00.000000000,292.98,314.13932
2021-08-23T17:00:00.000000000,307.46,318.95662
2021-08-23T18:00:00.000000000,317.9,322.491
2021-08-23T19:00:00.000000000,319.92,324.19992
2021-08-23T20:00:00.000000000,318.59,327.10922
2021-08-23T21:00:00.000000000,315.2,329.79398
2021-08-23T22:00:00.000000000,309.06,335.12225
2021-08-23T23:00:00.000000000,300.79,336.16037
2021-08-24T00:00:00.000000000,297.0,332.06649
2021-08-24T01:00:00.000000000,312.22,320.32602
2021-08-24T02:00:00.000000000,318.73,304.13942
2021-08-24T03:00:00.000000000,304.4,288.55998
2021-08-24T04:00:00.000000000,290.74,274.82519
2021-08-24T05:00:00.000000000,272.01,263.84628
2021-08-24T06:00:00.000000000,248.39,258.39637
2021-08-24T07:00:00.000000000,233.98,257.23437
2021-08-24T08:00:00.000000000,221.76,260.81718
2021-08-24T09:00:00.000000000,217.84,270.2266
2021-08-24T10:00:00.000000000,225.26,280.34617
2021-08-24T11:00:00.000000000,258.23,289.74588
2021-08-24T12:00:00.000000000,289.22,295.3647
2021-08-24T13:00:00.000000000,297.41,300.5481
2021-08-24T14:00:00.000000000,297.72,309.31549
2021-08-24T15:00:00.000000000,287.34,319.88482
2021-08-24T16:00:00.000000000,295.36,326.35041
2021-08-24T17:00:00.000000000,310.72,331.22148
2021-08-24T18:00:00.000000000,325.54,334.5432
2021-08-24T19:00:00.000000000,326.5,335.69104
2021-08-24T20:00:00.000000000,324.05,337.24148
2021-08-24T21:00:00.000000000,319.62,337.50696
2021-08-24T22:00:00.000000000,317.29,339.87104
2021-08-24T23:00:00.000000000,315.2,337.68365
2021-08-22T00:00:00.000000000,309.5,327.1633
2021-08-22T01:00:00.000000000,331.86,319.46619
2021-08-22T02:00:00.000000000,342.77,306.47789
2021-08-22T03:00:00.000000000,341.43,293.14261
2021-08-22T04:00:00.000000000,332.32,280.20707
2021-08-22T05:00:00.000000000,325.37,269.20039
2021-08-22T06:00:00.000000000,311.6,260.73549
2021-08-22T07:00:00.000000000,303.85,255.37842
2021-08-22T08:00:00.000000000,300.49,253.7295
2021-08-22T09:00:00.000000000,289.22,258.26538
2021-08-22T10:00:00.000000000,286.33,263.40748
2021-08-22T11:00:00.000000000,291.1,269.26649
2021-08-22T12:00:00.000000000,296.72,272.65308
2021-08-22T13:00:00.000000000,309.43,276.01824
2021-08-22T14:00:00.000000000,312.65,283.19648
2021-08-22T15:00:00.000000000,283.7,291.99032
2021-08-22T16:00:00.000000000,291.78,298.35231
2021-08-22T17:00:00.000000000,303.1,303.67223
2021-08-22T18:00:00.000000000,303.06,308.76041
2021-08-22T19:00:00.000000000,300.65,312.00522
2021-08-22T20:00:00.000000000,299.14,316.42154
2021-08-22T21:00:00.000000000,297.31,320.59868
2021-08-22T22:00:00.000000000,297.36,326.52098
2021-08-22T23:00:00.000000000,295.91,329.24831
2021-08-23T00:00:00.000000000,296.09,326.08236
2021-08-23T01:00:00.000000000,312.48,317.54976
2021-08-23T02:00:00.000000000,321.2,303.39293
2021-08-23T03:00:00.000000000,305.71,288.91289
2021-08-23T04:00:00.000000000,289.01,275.35118
2021-08-23T05:00:00.000000000,268.38,264.50416
2021-08-23T06:00:00.000000000,250.75,257.75278
2021-08-23T07:00:00.000000000,232.55,255.06002
2021-08-23T08:00:00.000000000,220.39,256.37303
2021-08-23T09:00:00.000000000,218.17,263.70003
2021-08-23T10:00:00.000000000,221.5,271.29206
2021-08-23T11:00:00.000000000,233.81,278.27493
2021-08-23T12:00:00.000000000,256.94,281.72769
2021-08-23T13:00:00.000000000,274.1,284.81387
2021-08-23T14:00:00.000000000,280.39,291.59181
2021-08-23T15:00:00.000000000,284.73,300.32647
2021-08-23T16:00:00.000000000,292.98,306.26748
2021-08-23T17:00:00.000000000,307.46,311.38763
2021-08-23T18:00:00.000000000,317.9,315.93405
2021-08-23T19:00:00.000000000,319.92,318.94914
2021-08-23T20:00:00.000000000,318.59,323.32694
2021-08-23T21:00:00.000000000,315.2,327.30051
2021-08-23T22:00:00.000000000,309.06,333.59053
2021-08-23T23:00:00.000000000,300.79,335.80894
2021-08-24T00:00:00.000000000,297.0,330.11992
2021-08-24T01:00:00.000000000,312.22,319.36264
2021-08-24T02:00:00.000000000,318.73,304.1547
2021-08-24T03:00:00.000000000,304.4,289.42448
2021-08-24T04:00:00.000000000,290.74,276.24048
2021-08-24T05:00:00.000000000,272.01,265.43764
2021-08-24T06:00:00.000000000,248.39,259.42137
2021-08-24T07:00:00.000000000,233.98,257.38488
2021-08-24T08:00:00.000000000,221.76,260.02033
2021-08-24T09:00:00.000000000,217.84,268.70419
2021-08-24T10:00:00.000000000,225.26,278.26667
2021-08-24T11:00:00.000000000,258.23,287.31929
2021-08-24T12:00:00.000000000,289.22,292.64123
2021-08-24T13:00:00.000000000,297.41,297.59509
2021-08-24T14:00:00.000000000,297.72,306.12286
2021-08-24T15:00:00.000000000,287.34,316.52132
2021-08-24T16:00:00.000000000,295.36,322.9274
2021-08-24T17:00:00.000000000,310.72,327.76935
2021-08-24T18:00:00.000000000,325.54,331.02468
2021-08-24T19:00:00.000000000,326.5,331.96848
2021-08-24T20:00:00.000000000,324.05,333.40774
2021-08-24T21:00:00.000000000,319.62,333.86636
2021-08-24T22:00:00.000000000,317.29,336.55097
2021-08-24T23:00:00.000000000,315.2,335.0089
2021-08-25T00:00:00.000000000,313.62,325.18162
2021-08-25T01:00:00.000000000,326.76,313.26137
2021-08-25T02:00:00.000000000,330.69,297.42135
2021-08-25T03:00:00.000000000,313.27,282.80287
2021-08-25T04:00:00.000000000,298.38,270.81872
2021-08-25T05:00:00.000000000,284.62,261.96691
2021-08-25T06:00:00.000000000,270.36,258.85815
2021-08-25T07:00:00.000000000,263.21,259.9454
2021-08-25T08:00:00.000000000,257.91,265.29919
2021-08-25T09:00:00.000000000,254.79,275.7523
2021-08-25T10:00:00.000000000,269.24,286.24475
2021-08-25T11:00:00.000000000,290.83,295.37544
2021-08-25T12:00:00.000000000,311.1,300.78401
2021-08-25T13:00:00.000000000,320.1,305.85472
2021-08-25T14:00:00.000000000,328.46,314.44259
2021-08-25T15:00:00.000000000,328.97,324.90608
2021-08-25T16:00:00.000000000,332.33,330.81444
2021-08-25T17:00:00.000000000,343.31,335.33787
2021-08-25T18:00:00.000000000,348.55,338.40177
2021-08-25T19:00:00.000000000,344.09,339.38435
2021-08-25T20:00:00.000000000,337.94,340.43009
2021-08-25T21:00:00.000000000,335.14,339.57927
2021-08-25T22:00:00.000000000,332.68,340.61667
2021-08-25T23:00:00.000000000,327.33,336.9601
2021-08-23T00:00:00.000000000,296.09,320.07881
2021-08-23T01:00:00.000000000,312.48,310.46923
2021-08-23T02:00:00.000000000,321.2,294.51163
2021-08-23T03:00:00.000000000,305.71,278.51476
2021-08-23T04:00:00.000000000,289.01,263.30939
2021-08-23T05:00:00.000000000,268.38,251.22398
2021-08-23T06:00:00.000000000,250.75,243.52576
2021-08-23T07:00:00.000000000,232.55,240.12532
2021-08-23T08:00:00.000000000,220.39,241.16387
2021-08-23T09:00:00.000000000,218.17,248.85022
2021-08-23T10:00:00.000000000,221.5,257.42707
2021-08-23T11:00:00.000000000,233.81,265.7944
2021-08-23T12:00:00.000000000,256.94,270.81201
2021-08-23T13:00:00.000000000,274.1,275.57168
2021-08-23T14:00:00.000000000,280.39,283.79683
2021-08-23T15:00:00.000000000,284.73,293.80857
2021-08-23T16:00:00.000000000,292.98,300.53738
2021-08-23T17:00:00.000000000,307.46,305.95336
2021-08-23T18:00:00.000000000,317.9,310.46306
2021-08-23T19:00:00.000000000,319.92,312.64236
2021-08-23T20:00:00.000000000,318.59,316.26835
2021-08-23T21:00:00.000000000,315.2,319.47785
2021-08-23T22:00:00.000000000,309.06,325.08898
2021-08-23T23:00:00.000000000,300.79,327.07857
2021-08-24T00:00:00.000000000,297.0,332.37084
2021-08-24T01:00:00.000000000,312.22,322.33905
2021-08-24T02:00:00.000000000,318.73,307.73898
2021-08-24T03:00:00.000000000,304.4,293.31778
2021-08-24T04:00:00.000000000,290.74,280.19264
2021-08-24T05:00:00.000000000,272.01,269.33083
2021-08-24T06:00:00.000000000,248.39,262.9708
2021-08-24T07:00:00.000000000,233.98,260.43947
2021-08-24T08:00:00.000000000,221.76,262.3942
2021-08-24T09:00:00.000000000,217.84,270.39463
2021-08-24T10:00:00.000000000,225.26,279.22273
2021-08-24T11:00:00.000000000,258.23,287.67273
2021-08-24T12:00:00.000000000,289.22,292.47561
2021-08-24T13:00:00.000000000,297.41,296.8909
2021-08-24T14:00:00.000000000,297.72,304.98541
2021-08-24T15:00:00.000000000,287.34,315.00051
2021-08-24T16:00:00.000000000,295.36,321.31213
2021-08-24T17:00:00.000000000,310.72,326.1143
2021-08-24T18:00:00.000000000,325.54,329.47018
2021-08-24T19:00:00.000000000,326.5,330.67043
2021-08-24T20:00:00.000000000,324.05,332.51616
2021-08-24T21:00:00.000000000,319.62,333.64047
2021-08-24T22:00:00.000000000,317.29,337.0322
2021-08-24T23:00:00.000000000,315.2,336.40071
2021-08-25T00:00:00.000000000,313.62,334.24006
2021-08-25T01:00:00.000000000,326.76,322.11548
2021-08-25T02:00:00.000000000,330.69,306.55187
2021-08-25T03:00:00.000000000,313.27,292.50859
2021-08-25T04:00:00.000000000,298.38,281.81429
2021-08-25T05:00:00.000000000,284.62,274.22172
2021-08-25T06:00:00.000000000,270.36,271.99606
2021-08-25T07:00:00.000000000,263.21,273.68031
2021-08-25T08:00:00.000000000,257.91,279.13414
2021-08-25T09:00:00.000000000,254.79,289.39511
2021-08-25T10:00:00.000000000,269.24,299.7489
2021-08-25T11:00:00.000000000,290.83,309.14968
2021-08-25T12:00:00.000000000,311.1,315.07625
2021-08-25T13:00:00.000000000,320.1,320.09854
2021-08-25T14:00:00.000000000,328.46,328.45961
2021-08-25T15:00:00.000000000,328.97,338.35903
2021-08-25T16:00:00.000000000,332.33,343.28012
2021-08-25T17:00:00.000000000,343.31,346.80981
2021-08-25T18:00:00.000000000,348.55,348.67349
2021-08-25T19:00:00.000000000,344.09,348.85605
2021-08-25T20:00:00.000000000,337.94,348.87103
2021-08-25T21:00:00.000000000,335.14,347.12371
2021-08-25T22:00:00.000000000,332.68,347.23764
2021-08-25T23:00:00.000000000,327.33,342.93426
2021-08-26T00:00:00.000000000,328.42,342.89725
2021-08-26T01:00:00.000000000,343.77,331.71698
2021-08-26T02:00:00.000000000,351.36,317.7307
2021-08-26T03:00:00.000000000,343.18,306.21758
2021-08-26T04:00:00.000000000,339.14,299.45126
2021-08-26T05:00:00.000000000,333.08,295.42711
2021-08-26T06:00:00.000000000,323.73,295.64981
2021-08-26T07:00:00.000000000,318.98,298.81141
2021-08-26T08:00:00.000000000,321.76,304.58679
2021-08-26T09:00:00.000000000,327.6,314.82716
2021-08-26T10:00:00.000000000,337.19,325.76614
2021-08-26T11:00:00.000000000,350.52,336.44725
2021-08-26T12:00:00.000000000,359.42,343.69738
2021-08-26T13:00:00.000000000,367.42,348.64413
2021-08-26T14:00:00.000000000,360.25,355.53442
2021-08-26T15:00:00.000000000,356.32,363.01491
2021-08-26T16:00:00.000000000,355.41,364.56901
2021-08-26T17:00:00.000000000,360.39,364.8941
2021-08-26T18:00:00.000000000,364.45,363.12666
2021-08-26T19:00:00.000000000,362.57,360.06835
2021-08-26T20:00:00.000000000,358.67,356.94678
2021-08-26T21:00:00.000000000,357.22,352.45299
2021-08-26T22:00:00.000000000,351.85,350.21768
2021-08-26T23:00:00.000000000,349.29,344.74887
2021-08-24T00:00:00.000000000,297.0,330.15883
2021-08-24T01:00:00.000000000,312.22,319.70254
2021-08-24T02:00:00.000000000,318.73,302.62411
2021-08-24T03:00:00.000000000,304.4,285.21689
2021-08-24T04:00:00.000000000,290.74,267.96534
2021-08-24T05:00:00.000000000,272.01,253.63281
2021-08-24T06:00:00.000000000,248.39,243.9264
2021-08-24T07:00:00.000000000,233.98,238.6608
2021-08-24T08:00:00.000000000,221.76,238.26776
2021-08-24T09:00:00.000000000,217.84,245.12719
2021-08-24T10:00:00.000000000,225.26,253.79077
2021-08-24T11:00:00.000000000,258.23,263.12512
2021-08-24T12:00:00.000000000,289.22,269.29246
2021-08-24T13:00:00.000000000,297.41,275.09743
2021-08-24T14:00:00.000000000,297.72,284.27024
2021-08-24T15:00:00.000000000,287.34,295.11575
2021-08-24T16:00:00.000000000,295.36,302.48361
2021-08-24T17:00:00.000000000,310.72,307.88571
2021-08-24T18:00:00.000000000,325.54,311.80426
2021-08-24T19:00:00.000000000,326.5,313.06374
2021-08-24T20:00:00.000000000,324.05,316.09362
2021-08-24T21:00:00.000000000,319.62,319.11833
2021-08-24T22:00:00.000000000,317.29,324.73223
2021-08-24T23:00:00.000000000,315.2,326.82534
2021-08-25T00:00:00.000000000,313.62,328.62818
2021-08-25T01:00:00.000000000,326.76,316.9889
2021-08-25T02:00:00.000000000,330.69,301.85445
2021-08-25T03:00:00.000000000,313.27,287.92776
2021-08-25T04:00:00.000000000,298.38,276.44732
2021-08-25T05:00:00.000000000,284.62,267.62281
2021-08-25T06:00:00.000000000,270.36,264.08157
2021-08-25T07:00:00.000000000,263.21,264.35995
2021-08-25T08:00:00.000000000,257.91,268.76198
2021-08-25T09:00:00.000000000,254.79,278.19753
2021-08-25T10:00:00.000000000,269.24,287.72352
2021-08-25T11:00:00.000000000,290.83,296.4229
2021-08-25T12:00:00.000000000,311.1,301.94451
2021-08-25T13:00:00.000000000,320.1,307.31464
2021-08-25T14:00:00.000000000,328.46,316.41907
2021-08-25T15:00:00.000000000,328.97,327.35047
2021-08-25T16:00:00.000000000,332.33,333.66721
2021-08-25T17:00:00.000000000,343.31,338.25712
2021-08-25T18:00:00.000000000,348.55,341.27387
2021-08-25T19:00:00.000000000,344.09,342.09429
2021-08-25T20:00:00.000000000,337.94,342.7295
2021-08-25T21:00:00.000000000,335.14,341.46169
2021-08-25T22:00:00.000000000,332.68,341.97414
2021-08-25T23:00:00.000000000,327.33,338.05534
2021-08-26T00:00:00.000000000,328.42,335.06399
2021-08-26T01:00:00.000000000,343.77,323.34591
2021-08-26T02:00:00.000000000,351.36,309.93738
2021-08-26T03:00:00.000000000,343.18,299.96763
2021-08-26T04:00:00.000000000,339.14,295.33318
2021-08-26T05:00:00.000000000,333.08,293.14763
2021-08-26T06:00:00.000000000,323.73,295.17816
2021-08-26T07:00:00.000000000,318.98,299.53007
2021-08-26T08:00:00.000000000,321.76,306.15442
2021-08-26T09:00:00.000000000,327.6,316.6776
2021-08-26T10:00:00.000000000,337.19,327.68849
2021-08-26T11:00:00.000000000,350.52,338.6563
2021-08-26T12:00:00.000000000,359.42,347.01416
2021-08-26T13:00:00.000000000,367.42,353.47413
2021-08-26T14:00:00.000000000,360.25,361.42586
2021-08-26T15:00:00.000000000,356.32,369.6314
2021-08-26T16:00:00.000000000,355.41,370.99
2021-08-26T17:00:00.000000000,360.39,370.60325
2021-08-26T18:00:00.000000000,364.45,368.03034
2021-08-26T19:00:00.000000000,362.57,363.72329
2021-08-26T20:00:00.000000000,358.67,358.60727
2021-08-26T21:00:00.000000000,357.22,351.18989
2021-08-26T22:00:00.000000000,351.85,345.75801
2021-08-26T23:00:00.000000000,349.29,337.38346
2021-08-27T00:00:00.000000000,346.41,338.59096
2021-08-27T01:00:00.000000000,358.84,327.06756
2021-08-27T02:00:00.000000000,357.62,313.60044
2021-08-27T03:00:00.000000000,343.26,303.16183
2021-08-27T04:00:00.000000000,336.78,297.57108
2021-08-27T05:00:00.000000000,334.75,294.33715
2021-08-27T06:00:00.000000000,337.09,295.29944
2021-08-27T07:00:00.000000000,340.28,298.69123
2021-08-27T08:00:00.000000000,345.75,304.44977
2021-08-27T09:00:00.000000000,352.35,314.20558
2021-08-27T10:00:00.000000000,361.01,324.4238
2021-08-27T11:00:00.000000000,369.65,334.76729
2021-08-27T12:00:00.000000000,375.48,342.71237
2021-08-27T13:00:00.000000000,378.41,349.01906
2021-08-27T14:00:00.000000000,368.28,357.24841
2021-08-27T15:00:00.000000000,358.99,365.8526
2021-08-27T16:00:00.000000000,350.06,367.90213
2021-08-27T17:00:00.000000000,353.62,368.08569
2021-08-27T18:00:00.000000000,357.92,366.18819
2021-08-27T19:00:00.000000000,359.05,362.71532
2021-08-27T20:00:00.000000000,356.47,358.67862
2021-08-27T21:00:00.000000000,352.26,352.52877
2021-08-27T22:00:00.000000000,346.65,348.32202
2021-08-27T23:00:00.000000000,339.84,340.94609
2021-08-25T00:00:00.000000000,313.62,340.76325
2021-08-25T01:00:00.000000000,326.76,329.32039
2021-08-25T02:00:00.000000000,330.69,312.72325
2021-08-25T03:00:00.000000000,313.27,296.07234
2021-08-25T04:00:00.000000000,298.38,280.03869
2021-08-25T05:00:00.000000000,284.62,266.08718
2021-08-25T06:00:00.000000000,270.36,256.83449
2021-08-25T07:00:00.000000000,263.21,251.58589
2021-08-25T08:00:00.000000000,257.91,251.70849
2021-08-25T09:00:00.000000000,254.79,259.00556
2021-08-25T10:00:00.000000000,269.24,268.70396
2021-08-25T11:00:00.000000000,290.83,279.28026
2021-08-25T12:00:00.000000000,311.1,286.22661
2021-08-25T13:00:00.000000000,320.1,292.53447
2021-08-25T14:00:00.000000000,328.46,302.18193
2021-08-25T15:00:00.000000000,328.97,313.38241
2021-08-25T16:00:00.000000000,332.33,320.60964
2021-08-25T17:00:00.000000000,343.31,325.61332
2021-08-25T18:00:00.000000000,348.55,328.49603
2021-08-25T19:00:00.000000000,344.09,328.49715
2021-08-25T20:00:00.000000000,337.94,329.43287
2021-08-25T21:00:00.000000000,335.14,330.20809
2021-08-25T22:00:00.000000000,332.68,333.38931
2021-08-25T23:00:00.000000000,327.33,332.71881
2021-08-26T00:00:00.000000000,328.42,340.79325
2021-08-26T01:00:00.000000000,343.77,330.26893
2021-08-26T02:00:00.000000000,351.36,318.86907
2021-08-26T03:00:00.000000000,343.18,310.55427
2021-08-26T04:00:00.000000000,339.14,307.02796
2021-08-26T05:00:00.000000000,333.08,304.93085
2021-08-26T06:00:00.000000000,323.73,306.18795
2021-08-26T07:00:00.000000000,318.98,309.35347
2021-08-26T08:00:00.000000000,321.76,314.91067
2021-08-26T09:00:00.000000000,327.6,324.24329
2021-08-26T10:00:00.000000000,337.19,333.78498
2021-08-26T11:00:00.000000000,350.52,343.51792
2021-08-26T12:00:00.000000000,359.42,350.83801
2021-08-26T13:00:00.000000000,367.42,356.61113
2021-08-26T14:00:00.000000000,360.25,364.63882
2021-08-26T15:00:00.000000000,356.32,373.26695
2021-08-26T16:00:00.000000000,355.41,375.21408
2021-08-26T17:00:00.000000000,360.39,374.92008
2021-08-26T18:00:00.000000000,364.45,372.31147
2021-08-26T19:00:00.000000000,362.57,367.91196
2021-08-26T20:00:00.000000000,358.67,362.40037
2021-08-26T21:00:00.000000000,357.22,354.80016
2021-08-26T22:00:00.000000000,351.85,349.03336
2021-08-26T23:00:00.000000000,349.29,340.65805
2021-08-27T00:00:00.000000000,346.41,338.72529
2021-08-27T01:00:00.000000000,358.84,326.81924
2021-08-27T02:00:00.000000000,357.62,312.9672
2021-08-27T03:00:00.000000000,343.26,302.37155
2021-08-27T04:00:00.000000000,336.78,296.95498
2021-08-27T05:00:00.000000000,334.75,294.0962
2021-08-27T06:00:00.000000000,337.09,295.57984
2021-08-27T07:00:00.000000000,340.28,299.55986
2021-08-27T08:00:00.000000000,345.75,305.8209
2021-08-27T09:00:00.000000000,352.35,316.03101
2021-08-27T10:00:00.000000000,361.01,326.79059
2021-08-27T11:00:00.000000000,369.65,337.60838
2021-08-27T12:00:00.000000000,375.48,345.86606
2021-08-27T13:00:00.000000000,378.41,352.21324
2021-08-27T14:00:00.000000000,368.28,360.19339
2021-08-27T15:00:00.000000000,358.99,368.4386
2021-08-27T16:00:00.000000000,350.06,370.01125
2021-08-27T17:00:00.000000000,353.62,369.88179
2021-08-27T18:00:00.000000000,357.92,367.59937
2021-08-27T19:00:00.000000000,359.05,363.72771
2021-08-27T20:00:00.000000000,356.47,359.22699
2021-08-27T21:00:00.000000000,352.26,352.51835
2021-08-27T22:00:00.000000000,346.65,347.76825
2021-08-27T23:00:00.000000000,339.84,339.87254
2021-08-28T00:00:00.000000000,330.93,326.97613
2021-08-28T01:00:00.000000000,336.49,316.41937
2021-08-28T02:00:00.000000000,338.11,302.30724
2021-08-28T03:00:00.000000000,322.87,289.68681
2021-08-28T04:00:00.000000000,311.55,280.363
2021-08-28T05:00:00.000000000,305.3,273.86853
2021-08-28T06:00:00.000000000,295.6,272.18402
2021-08-28T07:00:00.000000000,293.55,274.02783
2021-08-28T08:00:00.000000000,294.88,279.43807
2021-08-28T09:00:00.000000000,308.85,289.7347
2021-08-28T10:00:00.000000000,324.07,300.08871
2021-08-28T11:00:00.000000000,336.94,309.21109
2021-08-28T12:00:00.000000000,346.78,314.51331
2021-08-28T13:00:00.000000000,345.78,318.8166
2021-08-28T14:00:00.000000000,344.41,326.02313
2021-08-28T15:00:00.000000000,336.99,334.82558
2021-08-28T16:00:00.000000000,331.85,338.84606
2021-08-28T17:00:00.000000000,336.72,341.79386
2021-08-28T18:00:00.000000000,343.46,343.18842
2021-08-28T19:00:00.000000000,345.19,342.82004
2021-08-28T20:00:00.000000000,340.45,342.53363
2021-08-28T21:00:00.000000000,335.6,340.68336
2021-08-28T22:00:00.000000000,328.07,341.089
2021-08-28T23:00:00.000000000,318.48,337.58951
2021-08-26T00:00:00.000000000,328.42,356.58473
2021-08-26T01:00:00.000000000,343.77,346.08781
2021-08-26T02:00:00.000000000,351.36,334.55632
2021-08-26T03:00:00.000000000,343.18,325.39861
2021-08-26T04:00:00.000000000,339.14,319.97067
2021-08-26T05:00:00.000000000,333.08,315.58941
2021-08-26T06:00:00.000000000,323.73,313.96427
2021-08-26T07:00:00.000000000,318.98,314.13425
2021-08-26T08:00:00.000000000,321.76,316.83887
2021-08-26T09:00:00.000000000,327.6,323.63153
2021-08-26T10:00:00.000000000,337.19,331.25885
2021-08-26T11:00:00.000000000,350.52,339.74525
2021-08-26T12:00:00.000000000,359.42,345.92119
2021-08-26T13:00:00.000000000,367.42,350.97091
2021-08-26T14:00:00.000000000,360.25,359.43637
2021-08-26T15:00:00.000000000,356.32,368.7909
2021-08-26T16:00:00.000000000,355.41,372.18065
2021-08-26T17:00:00.000000000,360.39,373.38622
2021-08-26T18:00:00.000000000,364.45,372.28137
2021-08-26T19:00:00.000000000,362.57,369.31968
2021-08-26T20:00:00.000000000,358.67,365.6306
2021-08-26T21:00:00.000000000,357.22,360.20481
2021-08-26T22:00:00.000000000,351.85,355.99874
2021-08-26T23:00:00.000000000,349.29,348.67276
2021-08-27T00:00:00.000000000,346.41,351.56146
2021-08-27T01:00:00.000000000,358.84,340.70018
2021-08-27T02:00:00.000000000,357.62,328.20436
2021-08-27T03:00:00.000000000,343.26,318.48524
2021-08-27T04:00:00.000000000,336.78,313.58301
2021-08-27T05:00:00.000000000,334.75,310.65533
2021-08-27T06:00:00.000000000,337.09,311.25197
2021-08-27T07:00:00.000000000,340.28,314.12315
2021-08-27T08:00:00.000000000,345.75,319.09387
2021-08-27T09:00:00.000000000,352.35,327.97154
2021-08-27T10:00:00.000000000,361.01,337.33961
2021-08-27T11:00:00.000000000,369.65,347.09878
2021-08-27T12:00:00.000000000,375.48,354.31984
2021-08-27T13:00:00.000000000,378.41,359.4552
2021-08-27T14:00:00.000000000,368.28,366.93347
2021-08-27T15:00:00.000000000,358.99,374.88919
2021-08-27T16:00:00.000000000,350.06,376.5204
2021-08-27T17:00:00.000000000,353.62,376.34557
2021-08-27T18:00:00.000000000,357.92,373.84442
2021-08-27T19:00:00.000000000,359.05,370.03085
2021-08-27T20:00:00.000000000,356.47,365.59209
2021-08-27T21:00:00.000000000,352.26,359.4233
2021-08-27T22:00:00.000000000,346.65,355.21742
2021-08-27T23:00:00.000000000,339.84,348.18663
2021-08-28T00:00:00.000000000,330.93,344.95809
2021-08-28T01:00:00.000000000,336.49,333.49984
2021-08-28T02:00:00.000000000,338.11,319.83152
2021-08-28T03:00:00.000000000,322.87,309.21272
2021-08-28T04:00:00.000000000,311.55,303.91871
2021-08-28T05:00:00.000000000,305.3,301.21937
2021-08-28T06:00:00.000000000,295.6,302.54713
2021-08-28T07:00:00.000000000,293.55,306.46331
2021-08-28T08:00:00.000000000,294.88,312.49863
2021-08-28T09:00:00.000000000,308.85,322.65869
2021-08-28T10:00:00.000000000,324.07,333.54779
2021-08-28T11:00:00.000000000,336.94,344.55184
2021-08-28T12:00:00.000000000,346.78,352.58158
2021-08-28T13:00:00.000000000,345.78,358.05698
2021-08-28T14:00:00.000000000,344.41,365.09971
2021-08-28T15:00:00.000000000,336.99,372.44297
2021-08-28T16:00:00.000000000,331.85,373.39013
2021-08-28T17:00:00.000000000,336.72,372.98012
2021-08-28T18:00:00.000000000,343.46,370.18622
2021-08-28T19:00:00.000000000,345.19,365.98277
2021-08-28T20:00:00.000000000,340.45,361.23377
2021-08-28T21:00:00.000000000,335.6,354.75212
2021-08-28T22:00:00.000000000,328.07,350.56367
2021-08-28T23:00:00.000000000,318.48,343.51376
2021-08-29T00:00:00.000000000,313.19,344.06324
2021-08-29T01:00:00.000000000,322.92,333.71924
2021-08-29T02:00:00.000000000,327.24,320.19084
2021-08-29T03:00:00.000000000,315.29,309.10868
2021-08-29T04:00:00.000000000,309.86,303.14668
2021-08-29T05:00:00.000000000,310.36,299.93142
2021-08-29T06:00:00.000000000,312.82,300.3372
2021-08-29T07:00:00.000000000,321.47,303.59449
2021-08-29T08:00:00.000000000,334.99,309.53555
2021-08-29T09:00:00.000000000,350.11,320.44917
2021-08-29T10:00:00.000000000,365.19,332.57863
2021-08-29T11:00:00.000000000,378.93,344.03476
2021-08-29T12:00:00.000000000,384.54,350.46848
2021-08-29T13:00:00.000000000,387.98,353.55451
2021-08-29T14:00:00.000000000,378.57,358.13939
2021-08-29T15:00:00.000000000,370.74,363.43921
2021-08-29T16:00:00.000000000,366.17,363.51802
2021-08-29T17:00:00.000000000,368.47,363.36083
2021-08-29T18:00:00.000000000,369.42,360.76836
2021-08-29T19:00:00.000000000,368.88,356.57383
2021-08-29T20:00:00.000000000,364.65,352.52761
2021-08-29T21:00:00.000000000,357.54,347.67703
2021-08-29T22:00:00.000000000,347.12,345.55793
2021-08-29T23:00:00.000000000,344.26,340.94195
2021-08-27T00:00:00.000000000,346.41,372.90958
2021-08-27T01:00:00.000000000,358.84,365.03887
2021-08-27T02:00:00.000000000,357.62,355.13195
2021-08-27T03:00:00.000000000,343.26,346.07021
2021-08-27T04:00:00.000000000,336.78,339.48161
2021-08-27T05:00:00.000000000,334.75,333.77541
2021-08-27T06:00:00.000000000,337.09,330.30052
2021-08-27T07:00:00.000000000,340.28,328.62548
2021-08-27T08:00:00.000000000,345.75,329.07481
2021-08-27T09:00:00.000000000,352.35,334.03703
2021-08-27T10:00:00.000000000,361.01,340.39017
2021-08-27T11:00:00.000000000,369.65,347.39778
2021-08-27T12:00:00.000000000,375.48,351.35505
2021-08-27T13:00:00.000000000,378.41,353.87089
2021-08-27T14:00:00.000000000,368.28,360.65347
2021-08-27T15:00:00.000000000,358.99,369.04018
2021-08-27T16:00:00.000000000,350.06,372.42838
2021-08-27T17:00:00.000000000,353.62,374.26396
2021-08-27T18:00:00.000000000,357.92,374.09872
2021-08-27T19:00:00.000000000,359.05,372.79168
2021-08-27T20:00:00.000000000,356.47,371.72887
2021-08-27T21:00:00.000000000,352.26,370.51978
2021-08-27T22:00:00.000000000,346.65,370.7485
2021-08-27T23:00:00.000000000,339.84,367.46048
2021-08-28T00:00:00.000000000,330.93,367.47011
2021-08-28T01:00:00.000000000,336.49,356.14803
2021-08-28T02:00:00.000000000,338.11,341.89181
2021-08-28T03:00:00.000000000,322.87,329.95502
2021-08-28T04:00:00.000000000,311.55,322.92996
2021-08-28T05:00:00.000000000,305.3,318.82539
2021-08-28T06:00:00.000000000,295.6,318.36869
2021-08-28T07:00:00.000000000,293.55,320.82868
2021-08-28T08:00:00.000000000,294.88,325.15591
2021-08-28T09:00:00.000000000,308.85,333.86868
2021-08-28T10:00:00.000000000,324.07,343.69545
2021-08-28T11:00:00.000000000,336.94,353.76198
2021-08-28T12:00:00.000000000,346.78,360.25972
2021-08-28T13:00:00.000000000,345.78,363.58193
2021-08-28T14:00:00.000000000,344.41,369.41899
2021-08-28T15:00:00.000000000,336.99,375.78823
2021-08-28T16:00:00.000000000,331.85,376.54403
2021-08-28T17:00:00.000000000,336.72,376.56926
2021-08-28T18:00:00.000000000,343.46,374.04745
2021-08-28T19:00:00.000000000,345.19,370.78091
2021-08-28T20:00:00.000000000,340.45,367.82044
2021-08-28T21:00:00.000000000,335.6,363.83109
2021-08-28T22:00:00.000000000,328.07,362.10922
2021-08-28T23:00:00.000000000,318.48,357.35851
2021-08-29T00:00:00.000000000,313.19,360.35727
2021-08-29T01:00:00.000000000,322.92,350.89142
2021-08-29T02:00:00.000000000,327.24,337.83685
2021-08-29T03:00:00.000000000,315.29,326.94519
2021-08-29T04:00:00.000000000,309.86,320.82533
2021-08-29T05:00:00.000000000,310.36,317.12272
2021-08-29T06:00:00.000000000,312.82,316.4241
2021-08-29T07:00:00.000000000,321.47,318.44155
2021-08-29T08:00:00.000000000,334.99,322.74714
2021-08-29T09:00:00.000000000,350.11,332.33861
2021-08-29T10:00:00.000000000,365.19,343.88535
2021-08-29T11:00:00.000000000,378.93,355.29156
2021-08-29T12:00:00.000000000,384.54,361.53194
2021-08-29T13:00:00.000000000,387.98,363.65204
2021-08-29T14:00:00.000000000,378.57,367.19202
2021-08-29T15:00:00.000000000,370.74,371.17176
2021-08-29T16:00:00.000000000,366.17,370.08197
2021-08-29T17:00:00.000000000,368.47,368.90477
2021-08-29T18:00:00.000000000,369.42,365.00249
2021-08-29T19:00:00.000000000,368.88,360.03015
2021-08-29T20:00:00.000000000,364.65,356.06292
2021-08-29T21:00:00.000000000,357.54,352.06469
2021-08-29T22:00:00.000000000,347.12,351.22513
2021-08-29T23:00:00.000000000,344.26,348.23953
2021-08-30T00:00:00.000000000,349.04,360.34456
2021-08-30T01:00:00.000000000,362.74,353.61822
2021-08-30T02:00:00.000000000,365.45,345.73796
2021-08-30T03:00:00.000000000,366.78,338.99833
2021-08-30T04:00:00.000000000,367.42,334.6383
2021-08-30T05:00:00.000000000,370.42,330.36791
2021-08-30T06:00:00.000000000,372.33,328.02889
2021-08-30T07:00:00.000000000,374.31,327.33671
2021-08-30T08:00:00.000000000,379.91,329.25614
2021-08-30T09:00:00.000000000,385.94,335.55223
2021-08-30T10:00:00.000000000,390.01,342.61415
2021-08-30T11:00:00.000000000,393.82,349.53843
2021-08-30T12:00:00.000000000,396.27,352.87331
2021-08-30T13:00:00.000000000,399.48,354.96343
2021-08-30T14:00:00.000000000,389.06,360.7979
2021-08-30T15:00:00.000000000,382.0,368.32366
2021-08-30T16:00:00.000000000,378.32,370.66857
2021-08-30T17:00:00.000000000,378.14,371.17996
2021-08-30T18:00:00.000000000,374.87,370.14668
2021-08-30T19:00:00.000000000,376.82,367.99354
2021-08-30T20:00:00.000000000,373.88,366.10612
2021-08-30T21:00:00.000000000,368.36,363.87402
2021-08-30T22:00:00.000000000,365.26,362.84114
2021-08-30T23:00:00.000000000,364.05,358.65344
2021-08-28T00:00:00.000000000,330.93,357.88408
2021-08-28T01:00:00.000000000,336.49,348.82633
2021-08-28T02:00:00.000000000,338.11,337.21303
2021-08-28T03:00:00.000000000,322.87,326.61219
2021-08-28T04:00:00.000000000,311.55,318.58518
2021-08-28T05:00:00.000000000,305.3,311.79365
2021-08-28T06:00:00.000000000,295.6,307.73156
2021-08-28T07:00:00.000000000,293.55,305.71898
2021-08-28T08:00:00.000000000,294.88,306.33707
2021-08-28T09:00:00.000000000,308.85,311.85227
2021-08-28T10:00:00.000000000,324.07,318.78044
2021-08-28T11:00:00.000000000,336.94,326.82727
2021-08-28T12:00:00.000000000,346.78,332.47421
2021-08-28T13:00:00.000000000,345.78,336.94476
2021-08-28T14:00:00.000000000,344.41,345.11205
2021-08-28T15:00:00.000000000,336.99,354.46725
2021-08-28T16:00:00.000000000,331.85,358.8805
2021-08-28T17:00:00.000000000,336.72,361.56836
2021-08-28T18:00:00.000000000,343.46,362.03098
2021-08-28T19:00:00.000000000,345.19,360.79088
2021-08-28T20:00:00.000000000,340.45,359.45017
2021-08-28T21:00:00.000000000,335.6,357.5266
2021-08-28T22:00:00.000000000,328.07,357.50341
2021-08-28T23:00:00.000000000,318.48,354.15405
2021-08-29T00:00:00.000000000,313.19,358.13677
2021-08-29T01:00:00.000000000,322.92,347.24196
2021-08-29T02:00:00.000000000,327.24,333.89424
2021-08-29T03:00:00.000000000,315.29,323.21937
2021-08-29T04:00:00.000000000,309.86,317.74362
2021-08-29T05:00:00.000000000,310.36,314.77834
2021-08-29T06:00:00.000000000,312.82,315.13552
2021-08-29T07:00:00.000000000,321.47,318.21078
2021-08-29T08:00:00.000000000,334.99,323.58375
2021-08-29T09:00:00.000000000,350.11,333.47138
2021-08-29T10:00:00.000000000,365.19,344.37475
2021-08-29T11:00:00.000000000,378.93,355.00725
2021-08-29T12:00:00.000000000,384.54,361.07267
2021-08-29T13:00:00.000000000,387.98,363.80684
2021-08-29T14:00:00.000000000,378.57,368.90926
2021-08-29T15:00:00.000000000,370.74,374.90723
2021-08-29T16:00:00.000000000,366.17,375.45866
2021-08-29T17:00:00.000000000,368.47,375.29621
2021-08-29T18:00:00.000000000,369.42,372.06361
2021-08-29T19:00:00.000000000,368.88,367.2123
2021-08-29T20:00:00.000000000,364.65,362.20069
2021-08-29T21:00:00.000000000,357.54,356.00506
2021-08-29T22:00:00.000000000,347.12,352.35092
2021-08-29T23:00:00.000000000,344.26,346.40553
2021-08-30T00:00:00.000000000,349.04,359.36482
2021-08-30T01:00:00.000000000,362.74,351.8003
2021-08-30T02:00:00.000000000,365.45,343.99106
2021-08-30T03:00:00.000000000,366.78,338.07649
2021-08-30T04:00:00.000000000,367.42,335.36642
2021-08-30T05:00:00.000000000,370.42,332.57402
2021-08-30T06:00:00.000000000,372.33,331.3219
2021-08-30T07:00:00.000000000,374.31,331.41323
2021-08-30T08:00:00.000000000,379.91,334.0404
2021-08-30T09:00:00.000000000,385.94,340.76138
2021-08-30T10:00:00.000000000,390.01,348.002
2021-08-30T11:00:00.000000000,393.82,355.50408
2021-08-30T12:00:00.000000000,396.27,359.54265
2021-08-30T13:00:00.000000000,399.48,362.29117
2021-08-30T14:00:00.000000000,389.06,368.98092
2021-08-30T15:00:00.000000000,382.0,377.56073
2021-08-30T16:00:00.000000000,378.32,380.43689
2021-08-30T17:00:00.000000000,378.14,380.86908
2021-08-30T18:00:00.000000000,374.87,379.02435
2021-08-30T19:00:00.000000000,376.82,375.32601
2021-08-30T20:00:00.000000000,373.88,371.02237
2021-08-30T21:00:00.000000000,368.36,365.91236
2021-08-30T22:00:00.000000000,365.26,362.02861
2021-08-30T23:00:00.000000000,364.05,355.49251
2021-08-31T00:00:00.000000000,363.65,359.08294
2021-08-31T01:00:00.000000000,371.12,350.98209
2021-08-31T02:00:00.000000000,373.0,341.1784
2021-08-31T03:00:00.000000000,366.48,332.33119
2021-08-31T04:00:00.000000000,363.18,325.38873
2021-08-31T05:00:00.000000000,361.18,318.65949
2021-08-31T06:00:00.000000000,354.79,313.70045
2021-08-31T07:00:00.000000000,352.45,310.03988
2021-08-31T08:00:00.000000000,359.76,308.89834
2021-08-31T09:00:00.000000000,358.69,312.3843
2021-08-31T10:00:00.000000000,359.96,317.74889
2021-08-31T11:00:00.000000000,367.8,324.90927
2021-08-31T12:00:00.000000000,373.87,330.34577
2021-08-31T13:00:00.000000000,376.42,335.53774
2021-08-31T14:00:00.000000000,366.9,345.13909
2021-08-31T15:00:00.000000000,360.29,356.36243
2021-08-31T16:00:00.000000000,354.28,362.32009
2021-08-31T17:00:00.000000000,356.65,366.11398
2021-08-31T18:00:00.000000000,362.32,367.21875
2021-08-31T19:00:00.000000000,363.8,365.64902
2021-08-31T20:00:00.000000000,358.89,363.37731
2021-08-31T21:00:00.000000000,353.21,360.40933
2021-08-31T22:00:00.000000000,352.22,358.75387
2021-08-31T23:00:00.000000000,347.8,353.45748
2021-08-29T00:00:00.000000000,313.19,346.68025
2021-08-29T01:00:00.000000000,322.92,337.82793
2021-08-29T02:00:00.000000000,327.24,326.12298
2021-08-29T03:00:00.000000000,315.29,315.92813
2021-08-29T04:00:00.000000000,309.86,308.88046
2021-08-29T05:00:00.000000000,310.36,303.42101
2021-08-29T06:00:00.000000000,312.82,301.16297
2021-08-29T07:00:00.000000000,321.47,301.13362
2021-08-29T08:00:00.000000000,334.99,303.65231
2021-08-29T09:00:00.000000000,350.11,311.03759
2021-08-29T10:00:00.000000000,365.19,319.35379
2021-08-29T11:00:00.000000000,378.93,328.11853
2021-08-29T12:00:00.000000000,384.54,334.18733
2021-08-29T13:00:00.000000000,387.98,338.71156
2021-08-29T14:00:00.000000000,378.57,345.87043
2021-08-29T15:00:00.000000000,370.74,353.84067
2021-08-29T16:00:00.000000000,366.17,356.54866
2021-08-29T17:00:00.000000000,368.47,357.51551
2021-08-29T18:00:00.000000000,369.42,356.67797
2021-08-29T19:00:00.000000000,368.88,354.63507
2021-08-29T20:00:00.000000000,364.65,353.04493
2021-08-29T21:00:00.000000000,357.54,350.79361
2021-08-29T22:00:00.000000000,347.12,350.96012
2021-08-29T23:00:00.000000000,344.26,348.25814
2021-08-30T00:00:00.000000000,349.04,360.23509
2021-08-30T01:00:00.000000000,362.74,355.52354
2021-08-30T02:00:00.000000000,365.45,350.83045
2021-08-30T03:00:00.000000000,366.78,348.22484
2021-08-30T04:00:00.000000000,367.42,349.79759
2021-08-30T05:00:00.000000000,370.42,351.4571
2021-08-30T06:00:00.000000000,372.33,354.22784
2021-08-30T07:00:00.000000000,374.31,357.52831
2021-08-30T08:00:00.000000000,379.91,361.92444
2021-08-30T09:00:00.000000000,385.94,368.75655
2021-08-30T10:00:00.000000000,390.01,375.33064
2021-08-30T11:00:00.000000000,393.82,381.55558
2021-08-30T12:00:00.000000000,396.27,383.19403
2021-08-30T13:00:00.000000000,399.48,382.64351
2021-08-30T14:00:00.000000000,389.06,385.0222
2021-08-30T15:00:00.000000000,382.0,388.58428
2021-08-30T16:00:00.000000000,378.32,386.51047
2021-08-30T17:00:00.000000000,378.14,382.48248
2021-08-30T18:00:00.000000000,374.87,377.2657
2021-08-30T19:00:00.000000000,376.82,371.18209
2021-08-30T20:00:00.000000000,373.88,365.53902
2021-08-30T21:00:00.000000000,368.36,360.08111
2021-08-30T22:00:00.000000000,365.26,355.57071
2021-08-30T23:00:00.000000000,364.05,349.30549
2021-08-31T00:00:00.000000000,363.65,363.85651
2021-08-31T01:00:00.000000000,371.12,356.49507
2021-08-31T02:00:00.000000000,373.0,348.80891
2021-08-31T03:00:00.000000000,366.48,342.67457
2021-08-31T04:00:00.000000000,363.18,338.58859
2021-08-31T05:00:00.000000000,361.18,333.67169
2021-08-31T06:00:00.000000000,354.79,329.22727
2021-08-31T07:00:00.000000000,352.45,325.38885
2021-08-31T08:00:00.000000000,359.76,323.90525
2021-08-31T09:00:00.000000000,358.69,326.73563
2021-08-31T10:00:00.000000000,359.96,331.37434
2021-08-31T11:00:00.000000000,367.8,337.98884
2021-08-31T12:00:00.000000000,373.87,342.7795
2021-08-31T13:00:00.000000000,376.42,347.51858
2021-08-31T14:00:00.000000000,366.9,356.97723
2021-08-31T15:00:00.000000000,360.29,368.32489
2021-08-31T16:00:00.000000000,354.28,373.89109
2021-08-31T17:00:00.000000000,356.65,376.83588
2021-08-31T18:00:00.000000000,362.32,377.04104
2021-08-31T19:00:00.000000000,363.8,374.38492
2021-08-31T20:00:00.000000000,358.89,370.88596
2021-08-31T21:00:00.000000000,353.21,366.55447
2021-08-31T22:00:00.000000000,352.22,362.90213
2021-08-31T23:00:00.000000000,347.8,355.77448
2021-09-01T00:00:00.000000000,345.62,355.07759
2021-09-01T01:00:00.000000000,353.99,344.04323
2021-09-01T02:00:00.000000000,352.25,331.91112
2021-09-01T03:00:00.000000000,341.87,322.55683
2021-09-01T04:00:00.000000000,329.46,317.93307
2021-09-01T05:00:00.000000000,318.38,315.03934
2021-09-01T06:00:00.000000000,306.0,315.43753
2021-09-01T07:00:00.000000000,295.07,317.98631
2021-09-01T08:00:00.000000000,298.42,322.81518
2021-09-01T09:00:00.000000000,304.85,331.43856
2021-09-01T10:00:00.000000000,312.77,340.35688
2021-09-01T11:00:00.000000000,323.76,349.53943
2021-09-01T12:00:00.000000000,333.19,355.87675
2021-09-01T13:00:00.000000000,338.61,360.37574
2021-09-01T14:00:00.000000000,338.69,367.92943
2021-09-01T15:00:00.000000000,328.25,376.36773
2021-09-01T16:00:00.000000000,324.14,378.67613
2021-09-01T17:00:00.000000000,334.77,379.0151
2021-09-01T18:00:00.000000000,339.26,376.84952
2021-09-01T19:00:00.000000000,332.76,373.05188
2021-09-01T20:00:00.000000000,326.52,368.32972
2021-09-01T21:00:00.000000000,321.13,361.68825
2021-09-01T22:00:00.000000000,316.75,356.67786
2021-09-01T23:00:00.000000000,312.81,348.90599
2021-08-30T00:00:00.000000000,349.04,369.82019
2021-08-30T01:00:00.000000000,362.74,365.77209
2021-08-30T02:00:00.000000000,365.45,359.69463
2021-08-30T03:00:00.000000000,366.78,353.37366
2021-08-30T04:00:00.000000000,367.42,348.26657
2021-08-30T05:00:00.000000000,370.42,342.99419
2021-08-30T06:00:00.000000000,372.33,339.29347
2021-08-30T07:00:00.000000000,374.31,336.93889
2021-08-30T08:00:00.000000000,379.91,336.49793
2021-08-30T09:00:00.000000000,385.94,340.47211
2021-08-30T10:00:00.000000000,390.01,345.78988
2021-08-30T11:00:00.000000000,393.82,351.31611
2021-08-30T12:00:00.000000000,396.27,353.73641
2021-08-30T13:00:00.000000000,399.48,355.25365
2021-08-30T14:00:00.000000000,389.06,361.25546
2021-08-30T15:00:00.000000000,382.0,369.41392
2021-08-30T16:00:00.000000000,378.32,372.70389
2021-08-30T17:00:00.000000000,378.14,374.39973
2021-08-30T18:00:00.000000000,374.87,374.61533
2021-08-30T19:00:00.000000000,376.82,374.00769
2021-08-30T20:00:00.000000000,373.88,374.09386
2021-08-30T21:00:00.000000000,368.36,375.01341
2021-08-30T22:00:00.000000000,365.26,377.41992
2021-08-30T23:00:00.000000000,364.05,376.01219
2021-08-31T00:00:00.000000000,363.65,388.14583
2021-08-31T01:00:00.000000000,371.12,379.13828
2021-08-31T02:00:00.000000000,373.0,369.90518
2021-08-31T03:00:00.000000000,366.48,363.05412
2021-08-31T04:00:00.000000000,363.18,360.23466
2021-08-31T05:00:00.000000000,361.18,358.00987
2021-08-31T06:00:00.000000000,354.79,356.94081
2021-08-31T07:00:00.000000000,352.45,357.02226
2021-08-31T08:00:00.000000000,359.76,358.43858
2021-08-31T09:00:00.000000000,358.69,363.16991
2021-08-31T10:00:00.000000000,359.96,368.66132
2021-08-31T11:00:00.000000000,367.8,375.3272
2021-08-31T12:00:00.000000000,373.87,378.66819
2021-08-31T13:00:00.000000000,376.42,380.33481
2021-08-31T14:00:00.000000000,366.9,387.02232
2021-08-31T15:00:00.000000000,360.29,395.84528
2021-08-31T16:00:00.000000000,354.28,398.8278
2021-08-31T17:00:00.000000000,356.65,399.28773
2021-08-31T18:00:00.000000000,362.32,397.27525
2021-08-31T19:00:00.000000000,363.8,393.6947
2021-08-31T20:00:00.000000000,358.89,389.95714
2021-08-31T21:00:00.000000000,353.21,385.42334
2021-08-31T22:00:00.000000000,352.22,381.34589
2021-08-31T23:00:00.000000000,347.8,374.02667
2021-09-01T00:00:00.000000000,345.62,379.05466
2021-09-01T01:00:00.000000000,353.99,368.5276
2021-09-01T02:00:00.000000000,352.25,357.3196
2021-09-01T03:00:00.000000000,341.87,348.57041
2021-09-01T04:00:00.000000000,329.46,344.20066
2021-09-01T05:00:00.000000000,318.38,341.19294
2021-09-01T06:00:00.000000000,306.0,340.51736
2021-09-01T07:00:00.000000000,295.07,341.70241
2021-09-01T08:00:00.000000000,298.42,344.78185
2021-09-01T09:00:00.000000000,304.85,351.4612
2021-09-01T10:00:00.000000000,312.77,358.60291
2021-09-01T11:00:00.000000000,323.76,366.25152
2021-09-01T12:00:00.000000000,333.19,370.35161
2021-09-01T13:00:00.000000000,338.61,372.54744
2021-09-01T14:00:00.000000000,338.69,379.24661
2021-09-01T15:00:00.000000000,328.25,387.6566
2021-09-01T16:00:00.000000000,324.14,390.40792
2021-09-01T17:00:00.000000000,334.77,391.07342
2021-09-01T18:00:00.000000000,339.26,389.28429
2021-09-01T19:00:00.000000000,332.76,386.05379
2021-09-01T20:00:00.000000000,326.52,382.39808
2021-09-01T21:00:00.000000000,321.13,377.40057
2021-09-01T22:00:00.000000000,316.75,373.23131
2021-09-01T23:00:00.000000000,312.81,365.94483
2021-09-02T00:00:00.000000000,316.63,364.63128
2021-09-02T01:00:00.000000000,330.39,354.22664
2021-09-02T02:00:00.000000000,335.03,340.7314
2021-09-02T03:00:00.000000000,326.76,329.10113
2021-09-02T04:00:00.000000000,313.05,321.92251
2021-09-02T05:00:00.000000000,302.74,317.42472
2021-09-02T06:00:00.000000000,289.78,316.57797
2021-09-02T07:00:00.000000000,289.0,318.8056
2021-09-02T08:00:00.000000000,295.15,323.28036
2021-09-02T09:00:00.000000000,297.2,332.35591
2021-09-02T10:00:00.000000000,308.4,342.43037
2021-09-02T11:00:00.000000000,320.84,352.30833
2021-09-02T12:00:00.000000000,337.04,358.15868
2021-09-02T13:00:00.000000000,350.89,360.90227
2021-09-02T14:00:00.000000000,357.51,366.26151
2021-09-02T15:00:00.000000000,346.76,372.4206
2021-09-02T16:00:00.000000000,332.81,373.18027
2021-09-02T17:00:00.000000000,332.98,373.18566
2021-09-02T18:00:00.000000000,334.97,370.83788
2021-09-02T19:00:00.000000000,333.28,367.86867
2021-09-02T20:00:00.000000000,328.06,365.41892
2021-09-02T21:00:00.000000000,320.78,362.37402
2021-09-02T22:00:00.000000000,316.86,361.7494
2021-09-02T23:00:00.000000000,316.33,358.04989
2021-08-31T00:00:00.000000000,363.65,380.77239
2021-08-31T01:00:00.000000000,371.12,373.55731
2021-08-31T02:00:00.000000000,373.0,363.67958
2021-08-31T03:00:00.000000000,366.48,353.32722
2021-08-31T04:00:00.000000000,363.18,343.38257
2021-08-31T05:00:00.000000000,361.18,333.00588
2021-08-31T06:00:00.000000000,354.79,323.25889
2021-08-31T07:00:00.000000000,352.45,314.45137
2021-08-31T08:00:00.000000000,359.76,308.19035
2021-08-31T09:00:00.000000000,358.69,307.65429
2021-08-31T10:00:00.000000000,359.96,310.76125
2021-08-31T11:00:00.000000000,367.8,317.09182
2021-08-31T12:00:00.000000000,373.87,321.90225
2021-08-31T13:00:00.000000000,376.42,326.69526
2021-08-31T14:00:00.000000000,366.9,337.40412
2021-08-31T15:00:00.000000000,360.29,350.35073
2021-08-31T16:00:00.000000000,354.28,359.18112
2021-08-31T17:00:00.000000000,356.65,366.29571
2021-08-31T18:00:00.000000000,362.32,370.1275
2021-08-31T19:00:00.000000000,363.8,370.63132
2021-08-31T20:00:00.000000000,358.89,370.28902
2021-08-31T21:00:00.000000000,353.21,370.51309
2021-08-31T22:00:00.000000000,352.22,372.21483
2021-08-31T23:00:00.000000000,347.8,369.69312
2021-09-01T00:00:00.000000000,345.62,383.8231
2021-09-01T01:00:00.000000000,353.99,374.77539
2021-09-01T02:00:00.000000000,352.25,364.9227
2021-09-01T03:00:00.000000000,341.87,357.06908
2021-09-01T04:00:00.000000000,329.46,352.76691
2021-09-01T05:00:00.000000000,318.38,349.21381
2021-09-01T06:00:00.000000000,306.0,347.32152
2021-09-01T07:00:00.000000000,295.07,346.79625
2021-09-01T08:00:00.000000000,298.42,347.84831
2021-09-01T09:00:00.000000000,304.85,352.56506
2021-09-01T10:00:00.000000000,312.77,358.27634
2021-09-01T11:00:00.000000000,323.76,364.95409
2021-09-01T12:00:00.000000000,333.19,368.65264
2021-09-01T13:00:00.000000000,338.61,370.91203
2021-09-01T14:00:00.000000000,338.69,377.88946
2021-09-01T15:00:00.000000000,328.25,386.62921
2021-09-01T16:00:00.000000000,324.14,389.66608
2021-09-01T17:00:00.000000000,334.77,390.57884
2021-09-01T18:00:00.000000000,339.26,389.42374
2021-09-01T19:00:00.000000000,332.76,387.05428
2021-09-01T20:00:00.000000000,326.52,384.70623
2021-09-01T21:00:00.000000000,321.13,381.56566
2021-09-01T22:00:00.000000000,316.75,379.03335
2021-09-01T23:00:00.000000000,312.81,372.94135
2021-09-02T00:00:00.000000000,316.63,374.69594
2021-09-02T01:00:00.000000000,330.39,364.59305
2021-09-02T02:00:00.000000000,335.03,351.81986
2021-09-02T03:00:00.000000000,326.76,340.71215
2021-09-02T04:00:00.000000000,313.05,333.61926
2021-09-02T05:00:00.000000000,302.74,328.81487
2021-09-02T06:00:00.000000000,289.78,327.33703
2021-09-02T07:00:00.000000000,289.0,328.89732
2021-09-02T08:00:00.000000000,295.15,332.83958
2021-09-02T09:00:00.000000000,297.2,341.43934
2021-09-02T10:00:00.000000000,308.4,351.05818
2021-09-02T11:00:00.000000000,320.84,360.16254
2021-09-02T12:00:00.000000000,337.04,364.65568
2021-09-02T13:00:00.000000000,350.89,366.03302
2021-09-02T14:00:00.000000000,357.51,370.72015
2021-09-02T15:00:00.000000000,346.76,376.57657
2021-09-02T16:00:00.000000000,332.81,377.31252
2021-09-02T17:00:00.000000000,332.98,377.33723
2021-09-02T18:00:00.000000000,334.97,375.10528
2021-09-02T19:00:00.000000000,333.28,372.44764
2021-09-02T20:00:00.000000000,328.06,370.53455
2021-09-02T21:00:00.000000000,320.78,368.13941
2021-09-02T22:00:00.000000000,316.86,367.75914
2021-09-02T23:00:00.000000000,316.33,364.2159
2021-09-03T00:00:00.000000000,318.4,357.84556
2021-09-03T01:00:00.000000000,329.36,348.37887
2021-09-03T02:00:00.000000000,333.16,335.63817
2021-09-03T03:00:00.000000000,324.67,324.35071
2021-09-03T04:00:00.000000000,312.48,316.8745
2021-09-03T05:00:00.000000000,303.61,311.69591
2021-09-03T06:00:00.000000000,298.15,309.99419
2021-09-03T07:00:00.000000000,296.67,311.4606
2021-09-03T08:00:00.000000000,296.71,315.53759
2021-09-03T09:00:00.000000000,292.0,324.44339
2021-09-03T10:00:00.000000000,292.31,334.15399
2021-09-03T11:00:00.000000000,299.27,343.42797
2021-09-03T12:00:00.000000000,312.25,348.4765
2021-09-03T13:00:00.000000000,320.14,350.81117
2021-09-03T14:00:00.000000000,321.56,356.13998
2021-09-03T15:00:00.000000000,299.34,362.76619
2021-09-03T16:00:00.000000000,297.11,364.58067
2021-09-03T17:00:00.000000000,308.97,365.65018
2021-09-03T18:00:00.000000000,323.58,364.20914
2021-09-03T19:00:00.000000000,333.52,361.6524
2021-09-03T20:00:00.000000000,331.69,359.45494
2021-09-03T21:00:00.000000000,325.78,356.67246
2021-09-03T22:00:00.000000000,321.04,356.60813
2021-09-03T23:00:00.000000000,317.17,353.60432
2021-09-01T00:00:00.000000000,345.62,362.98327
2021-09-01T01:00:00.000000000,353.99,352.60908
2021-09-01T02:00:00.000000000,352.25,337.06055
2021-09-01T03:00:00.000000000,341.87,320.34497
2021-09-01T04:00:00.000000000,329.46,303.85246
2021-09-01T05:00:00.000000000,318.38,288.6723
2021-09-01T06:00:00.000000000,306.0,277.30043
2021-09-01T07:00:00.000000000,295.07,269.45433
2021-09-01T08:00:00.000000000,298.42,266.87727
2021-09-01T09:00:00.000000000,304.85,271.80755
2021-09-01T10:00:00.000000000,312.77,279.79899
2021-09-01T11:00:00.000000000,323.76,289.834
2021-09-01T12:00:00.000000000,333.19,296.67332
2021-09-01T13:00:00.000000000,338.61,302.5822
2021-09-01T14:00:00.000000000,338.69,312.56266
2021-09-01T15:00:00.000000000,328.25,323.80915
2021-09-01T16:00:00.000000000,324.14,331.65325
2021-09-01T17:00:00.000000000,334.77,337.4496
2021-09-01T18:00:00.000000000,339.26,341.21539
2021-09-01T19:00:00.000000000,332.76,342.7483
2021-09-01T20:00:00.000000000,326.52,344.95574
2021-09-01T21:00:00.000000000,321.13,347.86018
2021-09-01T22:00:00.000000000,316.75,353.24342
2021-09-01T23:00:00.000000000,312.81,354.47435
2021-09-02T00:00:00.000000000,316.63,357.91838
2021-09-02T01:00:00.000000000,330.39,357.55495
2021-09-02T02:00:00.000000000,335.03,354.95276
2021-09-02T03:00:00.000000000,326.76,350.61513
2021-09-02T04:00:00.000000000,313.05,345.49849
2021-09-02T05:00:00.000000000,302.74,338.87488
2021-09-02T06:00:00.000000000,289.78,332.90838
2021-09-02T07:00:00.000000000,289.0,328.00849
2021-09-02T08:00:00.000000000,295.15,325.78027
2021-09-02T09:00:00.000000000,297.2,328.46083
2021-09-02T10:00:00.000000000,308.4,332.52913
2021-09-02T11:00:00.000000000,320.84,336.02672
2021-09-02T12:00:00.000000000,337.04,335.69375
2021-09-02T13:00:00.000000000,350.89,335.51729
2021-09-02T14:00:00.000000000,357.51,340.87123
2021-09-02T15:00:00.000000000,346.76,349.47176
2021-09-02T16:00:00.000000000,332.81,354.44422
2021-09-02T17:00:00.000000000,332.98,358.30425
2021-09-02T18:00:00.000000000,334.97,360.46461
2021-09-02T19:00:00.000000000,333.28,360.79469
2021-09-02T20:00:00.000000000,328.06,361.49183
2021-09-02T21:00:00.000000000,320.78,363.51616
2021-09-02T22:00:00.000000000,316.86,367.435
2021-09-02T23:00:00.000000000,316.33,367.77177
2021-09-03T00:00:00.000000000,318.4,357.0086
2021-09-03T01:00:00.000000000,329.36,355.11754
2021-09-03T02:00:00.000000000,333.16,349.82772
2021-09-03T03:00:00.000000000,324.67,342.4106
2021-09-03T04:00:00.000000000,312.48,334.08834
2021-09-03T05:00:00.000000000,303.61,325.25709
2021-09-03T06:00:00.000000000,298.15,317.9493
2021-09-03T07:00:00.000000000,296.67,313.13893
2021-09-03T08:00:00.000000000,296.71,311.84483
2021-09-03T09:00:00.000000000,292.0,315.77838
2021-09-03T10:00:00.000000000,292.31,319.92578
2021-09-03T11:00:00.000000000,299.27,322.50313
2021-09-03T12:00:00.000000000,312.25,320.49058
2021-09-03T13:00:00.000000000,320.14,318.42892
2021-09-03T14:00:00.000000000,321.56,322.34862
2021-09-03T15:00:00.000000000,299.34,329.6797
2021-09-03T16:00:00.000000000,297.11,334.7355
2021-09-03T17:00:00.000000000,308.97,339.20572
2021-09-03T18:00:00.000000000,323.58,342.88884
2021-09-03T19:00:00.000000000,333.52,345.80898
2021-09-03T20:00:00.000000000,331.69,349.93807
2021-09-03T21:00:00.000000000,325.78,355.28563
2021-09-03T22:00:00.000000000,321.04,362.67093
2021-09-03T23:00:00.000000000,317.17,366.11757
2021-09-04T00:00:00.000000000,316.39,347.81388
2021-09-04T01:00:00.000000000,333.16,339.87903
2021-09-04T02:00:00.000000000,333.66,327.42075
2021-09-04T03:00:00.000000000,319.55,314.26433
2021-09-04T04:00:00.000000000,307.01,302.24608
2021-09-04T05:00:00.000000000,296.2,292.09351
2021-09-04T06:00:00.000000000,277.38,285.49676
2021-09-04T07:00:00.000000000,259.14,282.70546
2021-09-04T08:00:00.000000000,255.99,284.00061
2021-09-04T09:00:00.000000000,255.18,291.20453
2021-09-04T10:00:00.000000000,265.42,298.905
2021-09-04T11:00:00.000000000,278.15,306.03274
2021-09-04T12:00:00.000000000,291.13,308.97439
2021-09-04T13:00:00.000000000,300.23,310.80467
2021-09-04T14:00:00.000000000,304.5,317.043
2021-09-04T15:00:00.000000000,298.29,325.59512
2021-09-04T16:00:00.000000000,303.73,331.00474
2021-09-04T17:00:00.000000000,322.1,335.34789
2021-09-04T18:00:00.000000000,334.24,338.00984
2021-09-04T19:00:00.000000000,339.44,339.34954
2021-09-04T20:00:00.000000000,338.85,341.51659
2021-09-04T21:00:00.000000000,337.11,343.93089
2021-09-04T22:00:00.000000000,336.59,349.12018
2021-09-04T23:00:00.000000000,332.84,350.60591
2021-09-02T00:00:00.000000000,316.63,338.59548
2021-09-02T01:00:00.000000000,330.39,329.63077
2021-09-02T02:00:00.000000000,335.03,316.36252
2021-09-02T03:00:00.000000000,326.76,302.89927
2021-09-02T04:00:00.000000000,313.05,289.95551
2021-09-02T05:00:00.000000000,302.74,278.42436
2021-09-02T06:00:00.000000000,289.78,270.35142
2021-09-02T07:00:00.000000000,289.0,265.30168
2021-09-02T08:00:00.000000000,295.15,264.45378
2021-09-02T09:00:00.000000000,297.2,269.79301
2021-09-02T10:00:00.000000000,308.4,276.56537
2021-09-02T11:00:00.000000000,320.84,284.17143
2021-09-02T12:00:00.000000000,337.04,289.07243
2021-09-02T13:00:00.000000000,350.89,293.96538
2021-09-02T14:00:00.000000000,357.51,302.74527
2021-09-02T15:00:00.000000000,346.76,313.29472
2021-09-02T16:00:00.000000000,332.81,320.2937
2021-09-02T17:00:00.000000000,332.98,325.45529
2021-09-02T18:00:00.000000000,334.97,329.17469
2021-09-02T19:00:00.000000000,333.28,330.53847
2021-09-02T20:00:00.000000000,328.06,332.55397
2021-09-02T21:00:00.000000000,320.78,334.20248
2021-09-02T22:00:00.000000000,316.86,337.90878
2021-09-02T23:00:00.000000000,316.33,337.81992
2021-09-03T00:00:00.000000000,318.4,344.20858
2021-09-03T01:00:00.000000000,329.36,342.8951
2021-09-03T02:00:00.000000000,333.16,338.63004
2021-09-03T03:00:00.000000000,324.67,332.58701
2021-09-03T04:00:00.000000000,312.48,325.7643
2021-09-03T05:00:00.000000000,303.61,318.17356
2021-09-03T06:00:00.000000000,298.15,311.76858
2021-09-03T07:00:00.000000000,296.67,307.07602
2021-09-03T08:00:00.000000000,296.71,305.40409
2021-09-03T09:00:00.000000000,292.0,308.47011
2021-09-03T10:00:00.000000000,292.31,311.56286
2021-09-03T11:00:00.000000000,299.27,313.62624
2021-09-03T12:00:00.000000000,312.25,312.18247
2021-09-03T13:00:00.000000000,320.14,311.44798
2021-09-03T14:00:00.000000000,321.56,316.25637
2021-09-03T15:00:00.000000000,299.34,324.32245
2021-09-03T16:00:00.000000000,297.11,329.79622
2021-09-03T17:00:00.000000000,308.97,334.42505
2021-09-03T18:00:00.000000000,323.58,338.47235
2021-09-03T19:00:00.000000000,333.52,341.26058
2021-09-03T20:00:00.000000000,331.69,344.84211
2021-09-03T21:00:00.000000000,325.78,349.16215
2021-09-03T22:00:00.000000000,321.04,355.29524
2021-09-03T23:00:00.000000000,317.17,357.58516
2021-09-04T00:00:00.000000000,316.39,348.20925
2021-09-04T01:00:00.000000000,333.16,342.05432
2021-09-04T02:00:00.000000000,333.66,331.6651
2021-09-04T03:00:00.000000000,319.55,320.12508
2021-09-04T04:00:00.000000000,307.01,309.03284
2021-09-04T05:00:00.000000000,296.2,299.14931
2021-09-04T06:00:00.000000000,277.38,292.30946
2021-09-04T07:00:00.000000000,259.14,288.90115
2021-09-04T08:00:00.000000000,255.99,289.46361
2021-09-04T09:00:00.000000000,255.18,295.6643
2021-09-04T10:00:00.000000000,265.42,302.06333
2021-09-04T11:00:00.000000000,278.15,307.45381
2021-09-04T12:00:00.000000000,291.13,308.5262
2021-09-04T13:00:00.000000000,300.23,308.95366
2021-09-04T14:00:00.000000000,304.5,314.19794
2021-09-04T15:00:00.000000000,298.29,322.04045
2021-09-04T16:00:00.000000000,303.73,327.23527
2021-09-04T17:00:00.000000000,322.1,331.59854
2021-09-04T18:00:00.000000000,334.24,334.90551
2021-09-04T19:00:00.000000000,339.44,337.18482
2021-09-04T20:00:00.000000000,338.85,340.54201
2021-09-04T21:00:00.000000000,337.11,344.30962
2021-09-04T22:00:00.000000000,336.59,350.46968
2021-09-04T23:00:00.000000000,332.84,352.81412
2021-09-05T00:00:00.000000000,338.69,355.66028
2021-09-05T01:00:00.000000000,350.37,349.27395
2021-09-05T02:00:00.000000000,355.33,339.85
2021-09-05T03:00:00.000000000,347.89,329.95738
2021-09-05T04:00:00.000000000,346.04,321.20278
2021-09-05T05:00:00.000000000,345.09,313.34371
2021-09-05T06:00:00.000000000,340.98,308.72931
2021-09-05T07:00:00.000000000,341.26,307.22552
2021-09-05T08:00:00.000000000,343.23,309.62556
2021-09-05T09:00:00.000000000,344.78,317.10646
2021-09-05T10:00:00.000000000,348.58,325.15568
2021-09-05T11:00:00.000000000,355.09,331.31018
2021-09-05T12:00:00.000000000,361.78,332.05897
2021-09-05T13:00:00.000000000,369.27,331.79745
2021-09-05T14:00:00.000000000,373.82,336.32948
2021-09-05T15:00:00.000000000,364.74,343.5926
2021-09-05T16:00:00.000000000,358.13,347.40923
2021-09-05T17:00:00.000000000,360.57,350.66397
2021-09-05T18:00:00.000000000,359.1,352.40282
2021-09-05T19:00:00.000000000,358.3,352.77908
2021-09-05T20:00:00.000000000,358.31,353.74611
2021-09-05T21:00:00.000000000,351.7,354.68089
2021-09-05T22:00:00.000000000,344.17,357.35805
2021-09-05T23:00:00.000000000,345.85,356.14457
2021-09-03T00:00:00.000000000,318.4,345.44561
2021-09-03T01:00:00.000000000,329.36,337.65525
2021-09-03T02:00:00.000000000,333.16,325.38554
2021-09-03T03:00:00.000000000,324.67,312.2975
2021-09-03T04:00:00.000000000,312.48,299.18226
2021-09-03T05:00:00.000000000,303.61,287.13667
2021-09-03T06:00:00.000000000,298.15,278.17885
2021-09-03T07:00:00.000000000,296.67,271.83053
2021-09-03T08:00:00.000000000,296.71,269.35712
2021-09-03T09:00:00.000000000,292.0,273.0763
2021-09-03T10:00:00.000000000,292.31,278.60604
2021-09-03T11:00:00.000000000,299.27,285.46792
2021-09-03T12:00:00.000000000,312.25,289.94586
2021-09-03T13:00:00.000000000,320.14,294.50961
2021-09-03T14:00:00.000000000,321.56,303.08673
2021-09-03T15:00:00.000000000,299.34,313.44154
2021-09-03T16:00:00.000000000,297.11,320.57402
2021-09-03T17:00:00.000000000,308.97,325.96903
2021-09-03T18:00:00.000000000,323.58,330.12617
2021-09-03T19:00:00.000000000,333.52,332.08965
2021-09-03T20:00:00.000000000,331.69,334.86704
2021-09-03T21:00:00.000000000,325.78,337.77486
2021-09-03T22:00:00.000000000,321.04,342.67818
2021-09-03T23:00:00.000000000,317.17,343.68772
2021-09-04T00:00:00.000000000,316.39,352.74754
2021-09-04T01:00:00.000000000,333.16,346.48417
2021-09-04T02:00:00.000000000,333.66,336.21086
2021-09-04T03:00:00.000000000,319.55,324.71064
2021-09-04T04:00:00.000000000,307.01,313.51419
2021-09-04T05:00:00.000000000,296.2,303.33142
2021-09-04T06:00:00.000000000,277.38,296.42057
2021-09-04T07:00:00.000000000,259.14,292.5353
2021-09-04T08:00:00.000000000,255.99,292.69921
2021-09-04T09:00:00.000000000,255.18,298.648
2021-09-04T10:00:00.000000000,265.42,305.64204
2021-09-04T11:00:00.000000000,278.15,311.7453
2021-09-04T12:00:00.000000000,291.13,313.26644
2021-09-04T13:00:00.000000000,300.23,314.20278
2021-09-04T14:00:00.000000000,304.5,319.83474
2021-09-04T15:00:00.000000000,298.29,328.04353
2021-09-04T16:00:00.000000000,303.73,333.32974
2021-09-04T17:00:00.000000000,322.1,337.8146
2021-09-04T18:00:00.000000000,334.24,341.08966
2021-09-04T19:00:00.000000000,339.44,342.9065
2021-09-04T20:00:00.000000000,338.85,345.59268
2021-09-04T21:00:00.000000000,337.11,348.73023
2021-09-04T22:00:00.000000000,336.59,353.92392
2021-09-04T23:00:00.000000000,332.84,355.13359
2021-09-05T00:00:00.000000000,338.69,366.57091
2021-09-05T01:00:00.000000000,350.37,359.6321
2021-09-05T02:00:00.000000000,355.33,350.46375
2021-09-05T03:00:00.000000000,347.89,342.22616
2021-09-05T04:00:00.000000000,346.04,336.30928
2021-09-05T05:00:00.000000000,345.09,330.80452
2021-09-05T06:00:00.000000000,340.98,327.22116
2021-09-05T07:00:00.000000000,341.26,325.61692
2021-09-05T08:00:00.000000000,343.23,326.69116
2021-09-05T09:00:00.000000000,344.78,332.80272
2021-09-05T10:00:00.000000000,348.58,340.53301
2021-09-05T11:00:00.000000000,355.09,348.51664
2021-09-05T12:00:00.000000000,361.78,352.7604
2021-09-05T13:00:00.000000000,369.27,355.21047
2021-09-05T14:00:00.000000000,373.82,361.32577
2021-09-05T15:00:00.000000000,364.74,368.88734
2021-09-05T16:00:00.000000000,358.13,371.24914
2021-09-05T17:00:00.000000000,360.57,372.09201
2021-09-05T18:00:00.000000000,359.1,370.59957
2021-09-05T19:00:00.000000000,358.3,367.87862
2021-09-05T20:00:00.000000000,358.31,365.91215
2021-09-05T21:00:00.000000000,351.7,363.98446
2021-09-05T22:00:00.000000000,344.17,364.099
2021-09-05T23:00:00.000000000,345.85,361.16181
2021-09-06T00:00:00.000000000,355.78,365.39429
2021-09-06T01:00:00.000000000,365.55,355.53199
2021-09-06T02:00:00.000000000,368.32,345.3403
2021-09-06T03:00:00.000000000,369.33,337.90852
2021-09-06T04:00:00.000000000,375.35,334.95051
2021-09-06T05:00:00.000000000,376.54,332.83895
2021-09-06T06:00:00.000000000,369.92,332.77773
2021-09-06T07:00:00.000000000,366.87,334.66792
2021-09-06T08:00:00.000000000,368.93,339.12963
2021-09-06T09:00:00.000000000,369.95,347.61539
2021-09-06T10:00:00.000000000,377.57,356.47785
2021-09-06T11:00:00.000000000,386.9,365.37213
2021-09-06T12:00:00.000000000,392.75,370.10035
2021-09-06T13:00:00.000000000,394.03,372.6313
2021-09-06T14:00:00.000000000,384.58,378.75061
2021-09-06T15:00:00.000000000,368.49,386.44468
2021-09-06T16:00:00.000000000,360.4,388.12339
2021-09-06T17:00:00.000000000,359.72,387.61606
2021-09-06T18:00:00.000000000,362.07,384.49354
2021-09-06T19:00:00.000000000,364.38,379.7269
2021-09-06T20:00:00.000000000,361.99,374.53451
2021-09-06T21:00:00.000000000,359.76,367.98989
2021-09-06T22:00:00.000000000,358.17,362.67556
2021-09-06T23:00:00.000000000,359.75,354.79821
2021-09-04T00:00:00.000000000,316.39,347.6433
2021-09-04T01:00:00.000000000,333.16,336.26179
2021-09-04T02:00:00.000000000,333.66,319.98062
2021-09-04T03:00:00.000000000,319.55,303.42819
2021-09-04T04:00:00.000000000,307.01,287.61532
2021-09-04T05:00:00.000000000,296.2,273.82265
2021-09-04T06:00:00.000000000,277.38,264.8431
2021-09-04T07:00:00.000000000,259.14,259.7079
2021-09-04T08:00:00.000000000,255.99,259.69847
2021-09-04T09:00:00.000000000,255.18,266.57017
2021-09-04T10:00:00.000000000,265.42,275.65464
2021-09-04T11:00:00.000000000,278.15,285.78646
2021-09-04T12:00:00.000000000,291.13,292.54905
2021-09-04T13:00:00.000000000,300.23,298.61511
2021-09-04T14:00:00.000000000,304.5,308.27916
2021-09-04T15:00:00.000000000,298.29,319.39378
2021-09-04T16:00:00.000000000,303.73,326.71076
2021-09-04T17:00:00.000000000,322.1,331.82721
2021-09-04T18:00:00.000000000,334.24,334.98433
2021-09-04T19:00:00.000000000,339.44,335.61782
2021-09-04T20:00:00.000000000,338.85,336.92868
2021-09-04T21:00:00.000000000,337.11,338.01391
2021-09-04T22:00:00.000000000,336.59,341.42734
2021-09-04T23:00:00.000000000,332.84,340.85114
2021-09-05T00:00:00.000000000,338.69,364.0257
2021-09-05T01:00:00.000000000,350.37,358.58979
2021-09-05T02:00:00.000000000,355.33,352.50477
2021-09-05T03:00:00.000000000,347.89,347.56127
2021-09-05T04:00:00.000000000,346.04,344.69718
2021-09-05T05:00:00.000000000,345.09,341.0574
2021-09-05T06:00:00.000000000,340.98,338.17778
2021-09-05T07:00:00.000000000,341.26,336.19027
2021-09-05T08:00:00.000000000,343.23,336.43952
2021-09-05T09:00:00.000000000,344.78,341.02899
2021-09-05T10:00:00.000000000,348.58,346.94915
2021-09-05T11:00:00.000000000,355.09,353.68595
2021-09-05T12:00:00.000000000,361.78,357.55522
2021-09-05T13:00:00.000000000,369.27,360.50107
2021-09-05T14:00:00.000000000,373.82,367.44404
2021-09-05T15:00:00.000000000,364.74,376.20804
2021-09-05T16:00:00.000000000,358.13,379.20377
2021-09-05T17:00:00.000000000,360.57,379.85992
2021-09-05T18:00:00.000000000,359.1,378.48203
2021-09-05T19:00:00.000000000,358.3,375.53108
2021-09-05T20:00:00.000000000,358.31,372.70042
2021-09-05T21:00:00.000000000,351.7,369.84413
2021-09-05T22:00:00.000000000,344.17,368.13538
2021-09-05T23:00:00.000000000,345.85,363.26585
2021-09-06T00:00:00.000000000,355.78,371.3775
2021-09-06T01:00:00.000000000,365.55,363.70411
2021-09-06T02:00:00.000000000,368.32,356.38847
2021-09-06T03:00:00.000000000,369.33,351.52895
2021-09-06T04:00:00.000000000,375.35,350.65828
2021-09-06T05:00:00.000000000,376.54,349.8271
2021-09-06T06:00:00.000000000,369.92,349.99435
2021-09-06T07:00:00.000000000,366.87,351.0755
2021-09-06T08:00:00.000000000,368.93,353.82265
2021-09-06T09:00:00.000000000,369.95,359.76954
2021-09-06T10:00:00.000000000,377.57,366.05721
2021-09-06T11:00:00.000000000,386.9,373.05065
2021-09-06T12:00:00.000000000,392.75,376.48565
2021-09-06T13:00:00.000000000,394.03,378.2057
2021-09-06T14:00:00.000000000,384.58,384.02894
2021-09-06T15:00:00.000000000,368.49,391.76587
2021-09-06T16:00:00.000000000,360.4,393.55027
2021-09-06T17:00:00.000000000,359.72,392.75995
2021-09-06T18:00:00.000000000,362.07,389.74302
2021-09-06T19:00:00.000000000,364.38,385.06379
2021-09-06T20:00:00.000000000,361.99,379.98621
2021-09-06T21:00:00.000000000,359.76,374.08482
2021-09-06T22:00:00.000000000,358.17,368.74352
2021-09-06T23:00:00.000000000,359.75,360.73232
2021-09-07T00:00:00.000000000,366.13,367.06082
2021-09-07T01:00:00.000000000,368.98,358.79768
2021-09-07T02:00:00.000000000,351.48,351.08754
2021-09-07T03:00:00.000000000,335.08,346.27307
2021-09-07T04:00:00.000000000,325.62,346.11639
2021-09-07T05:00:00.000000000,316.35,346.27789
2021-09-07T06:00:00.000000000,302.5,347.7715
2021-09-07T07:00:00.000000000,297.79,350.27056
2021-09-07T08:00:00.000000000,311.77,354.47971
2021-09-07T09:00:00.000000000,330.05,361.60383
2021-09-07T10:00:00.000000000,336.97,368.65059
2021-09-07T11:00:00.000000000,339.03,376.05749
2021-09-07T12:00:00.000000000,340.38,379.44212
2021-09-07T13:00:00.000000000,340.9,380.80725
2021-09-07T14:00:00.000000000,336.06,385.91688
2021-09-07T15:00:00.000000000,335.14,392.77328
2021-09-07T16:00:00.000000000,330.49,393.74859
2021-09-07T17:00:00.000000000,335.61,392.21947
2021-09-07T18:00:00.000000000,346.75,388.4416
2021-09-07T19:00:00.000000000,354.12,382.88015
2021-09-07T20:00:00.000000000,357.68,376.72423
2021-09-07T21:00:00.000000000,356.52,369.37536
2021-09-07T22:00:00.000000000,355.53,362.61149
2021-09-07T23:00:00.000000000,356.55,353.60688
2021-09-05T00:00:00.000000000,338.69,363.48355
2021-09-05T01:00:00.000000000,350.37,353.8525
2021-09-05T02:00:00.000000000,355.33,340.47471
2021-09-05T03:00:00.000000000,347.89,327.24565
2021-09-05T04:00:00.000000000,346.04,315.96037
2021-09-05T05:00:00.000000000,345.09,306.28903
2021-09-05T06:00:00.000000000,340.98,299.81791
2021-09-05T07:00:00.000000000,341.26,296.25059
2021-09-05T08:00:00.000000000,343.23,296.21444
2021-09-05T09:00:00.000000000,344.78,302.00932
2021-09-05T10:00:00.000000000,348.58,309.74642
2021-09-05T11:00:00.000000000,355.09,318.54014
2021-09-05T12:00:00.000000000,361.78,324.06924
2021-09-05T13:00:00.000000000,369.27,328.23252
2021-09-05T14:00:00.000000000,373.82,336.65755
2021-09-05T15:00:00.000000000,364.74,346.66488
2021-09-05T16:00:00.000000000,358.13,352.43328
2021-09-05T17:00:00.000000000,360.57,356.69485
2021-09-05T18:00:00.000000000,359.1,358.31633
2021-09-05T19:00:00.000000000,358.3,357.94255
2021-09-05T20:00:00.000000000,358.31,357.76273
2021-09-05T21:00:00.000000000,351.7,357.50566
2021-09-05T22:00:00.000000000,344.17,359.57848
2021-09-05T23:00:00.000000000,345.85,357.96509
2021-09-06T00:00:00.000000000,355.78,376.96448
2021-09-06T01:00:00.000000000,365.55,368.87739
2021-09-06T02:00:00.000000000,368.32,361.13744
2021-09-06T03:00:00.000000000,369.33,355.82106
2021-09-06T04:00:00.000000000,375.35,354.14535
2021-09-06T05:00:00.000000000,376.54,352.20351
2021-09-06T06:00:00.000000000,369.92,350.82152
2021-09-06T07:00:00.000000000,366.87,350.30928
2021-09-06T08:00:00.000000000,368.93,351.63451
2021-09-06T09:00:00.000000000,369.95,356.59759
2021-09-06T10:00:00.000000000,377.57,362.33349
2021-09-06T11:00:00.000000000,386.9,369.38645
2021-09-06T12:00:00.000000000,392.75,373.29325
2021-09-06T13:00:00.000000000,394.03,375.90232
2021-09-06T14:00:00.000000000,384.58,383.24504
2021-09-06T15:00:00.000000000,368.49,392.75765
2021-09-06T16:00:00.000000000,360.4,396.13089
2021-09-06T17:00:00.000000000,359.72,396.50083
2021-09-06T18:00:00.000000000,362.07,394.21573
2021-09-06T19:00:00.000000000,364.38,389.86702
2021-09-06T20:00:00.000000000,361.99,385.059
2021-09-06T21:00:00.000000000,359.76,379.42784
2021-09-06T22:00:00.000000000,358.17,374.38518
2021-09-06T23:00:00.000000000,359.75,366.43964
2021-09-07T00:00:00.000000000,366.13,378.88714
2021-09-07T01:00:00.000000000,368.98,370.50001
2021-09-07T02:00:00.000000000,351.48,362.15156
2021-09-07T03:00:00.000000000,335.08,356.12537
2021-09-07T04:00:00.000000000,325.62,353.57745
2021-09-07T05:00:00.000000000,316.35,350.91751
2021-09-07T06:00:00.000000000,302.5,348.98728
2021-09-07T07:00:00.000000000,297.79,347.96665
2021-09-07T08:00:00.000000000,311.77,348.73229
2021-09-07T09:00:00.000000000,330.05,353.23943
2021-09-07T10:00:00.000000000,336.97,358.75079
2021-09-07T11:00:00.000000000,339.03,365.66888
2021-09-07T12:00:00.000000000,340.38,369.71945
2021-09-07T13:00:00.000000000,340.9,372.58903
2021-09-07T14:00:00.000000000,336.06,380.18901
2021-09-07T15:00:00.000000000,335.14,389.76682
2021-09-07T16:00:00.000000000,330.49,393.25605
2021-09-07T17:00:00.000000000,335.61,393.94617
2021-09-07T18:00:00.000000000,346.75,392.15639
2021-09-07T19:00:00.000000000,354.12,388.4927
2021-09-07T20:00:00.000000000,357.68,384.52905
2021-09-07T21:00:00.000000000,356.52,379.7204
2021-09-07T22:00:00.000000000,355.53,375.45881
2021-09-07T23:00:00.000000000,356.55,368.042
2021-09-08T00:00:00.000000000,356.45,369.40373
2021-09-08T01:00:00.000000000,365.35,359.61868
2021-09-08T02:00:00.000000000,356.55,350.29213
2021-09-08T03:00:00.000000000,336.31,343.83283
2021-09-08T04:00:00.000000000,316.82,342.13149
2021-09-08T05:00:00.000000000,305.81,341.18539
2021-09-08T06:00:00.000000000,309.86,342.16434
2021-09-08T07:00:00.000000000,314.42,344.8167
2021-09-08T08:00:00.000000000,320.48,349.59991
2021-09-08T09:00:00.000000000,333.22,357.59923
2021-09-08T10:00:00.000000000,346.72,365.34045
2021-09-08T11:00:00.000000000,361.71,373.19614
2021-09-08T12:00:00.000000000,364.82,376.89095
2021-09-08T13:00:00.000000000,363.89,378.54067
2021-09-08T14:00:00.000000000,350.93,384.56886
2021-09-08T15:00:00.000000000,328.37,392.78439
2021-09-08T16:00:00.000000000,326.06,395.26076
2021-09-08T17:00:00.000000000,337.82,395.20898
2021-09-08T18:00:00.000000000,344.22,392.40647
2021-09-08T19:00:00.000000000,342.56,387.55535
2021-09-08T20:00:00.000000000,342.55,381.53963
2021-09-08T21:00:00.000000000,340.31,373.94814
2021-09-08T22:00:00.000000000,341.13,367.09227
2021-09-08T23:00:00.000000000,340.5,357.76166
2021-09-06T00:00:00.000000000,355.78,371.5863
2021-09-06T01:00:00.000000000,365.55,365.39977
2021-09-06T02:00:00.000000000,368.32,355.6509
2021-09-06T03:00:00.000000000,369.33,345.42744
2021-09-06T04:00:00.000000000,375.35,336.17535
2021-09-06T05:00:00.000000000,376.54,327.38577
2021-09-06T06:00:00.000000000,369.92,320.64699
2021-09-06T07:00:00.000000000,366.87,315.64368
2021-09-06T08:00:00.000000000,368.93,313.08639
2021-09-06T09:00:00.000000000,369.95,316.18378
2021-09-06T10:00:00.000000000,377.57,321.98802
2021-09-06T11:00:00.000000000,386.9,329.52523
2021-09-06T12:00:00.000000000,392.75,334.47275
2021-09-06T13:00:00.000000000,394.03,338.14056
2021-09-06T14:00:00.000000000,384.58,345.9126
2021-09-06T15:00:00.000000000,368.49,355.20413
2021-09-06T16:00:00.000000000,360.4,360.18726
2021-09-06T17:00:00.000000000,359.72,363.5649
2021-09-06T18:00:00.000000000,362.07,364.56146
2021-09-06T19:00:00.000000000,364.38,363.87581
2021-09-06T20:00:00.000000000,361.99,363.889
2021-09-06T21:00:00.000000000,359.76,364.87846
2021-09-06T22:00:00.000000000,358.17,368.19478
2021-09-06T23:00:00.000000000,359.75,368.02664
2021-09-07T00:00:00.000000000,366.13,385.43384
2021-09-07T01:00:00.000000000,368.98,378.11068
2021-09-07T02:00:00.000000000,351.48,370.0359
2021-09-07T03:00:00.000000000,335.08,363.51714
2021-09-07T04:00:00.000000000,325.62,359.82148
2021-09-07T05:00:00.000000000,316.35,356.17767
2021-09-07T06:00:00.000000000,302.5,353.53898
2021-09-07T07:00:00.000000000,297.79,351.80023
2021-09-07T08:00:00.000000000,311.77,351.4091
2021-09-07T09:00:00.000000000,330.05,354.64799
2021-09-07T10:00:00.000000000,336.97,359.19606
2021-09-07T11:00:00.000000000,339.03,364.92399
2021-09-07T12:00:00.000000000,340.38,367.90843
2021-09-07T13:00:00.000000000,340.9,369.89273
2021-09-07T14:00:00.000000000,336.06,376.92741
2021-09-07T15:00:00.000000000,335.14,386.0672
2021-09-07T16:00:00.000000000,330.49,389.61295
2021-09-07T17:00:00.000000000,335.61,390.97946
2021-09-07T18:00:00.000000000,346.75,390.39916
2021-09-07T19:00:00.000000000,354.12,388.45524
2021-09-07T20:00:00.000000000,357.68,386.63172
2021-09-07T21:00:00.000000000,356.52,384.47502
2021-09-07T22:00:00.000000000,355.53,382.8124
2021-09-07T23:00:00.000000000,356.55,377.36514
2021-09-08T00:00:00.000000000,356.45,383.66587
2021-09-08T01:00:00.000000000,365.35,374.13776
2021-09-08T02:00:00.000000000,356.55,364.42551
2021-09-08T03:00:00.000000000,336.31,357.19851
2021-09-08T04:00:00.000000000,316.82,354.19461
2021-09-08T05:00:00.000000000,305.81,351.97443
2021-09-08T06:00:00.000000000,309.86,351.27228
2021-09-08T07:00:00.000000000,314.42,351.98417
2021-09-08T08:00:00.000000000,320.48,354.29956
2021-09-08T09:00:00.000000000,333.22,360.02308
2021-09-08T10:00:00.000000000,346.72,366.25517
2021-09-08T11:00:00.000000000,361.71,373.33569
2021-09-08T12:00:00.000000000,364.82,376.88871
2021-09-08T13:00:00.000000000,363.89,378.65477
2021-09-08T14:00:00.000000000,350.93,385.24587
2021-09-08T15:00:00.000000000,328.37,393.91726
2021-09-08T16:00:00.000000000,326.06,396.80742
2021-09-08T17:00:00.000000000,337.82,397.25319
2021-09-08T18:00:00.000000000,344.22,395.23439
2021-09-08T19:00:00.000000000,342.56,391.64555
2021-09-08T20:00:00.000000000,342.55,387.69785
2021-09-08T21:00:00.000000000,340.31,382.70488
2021-09-08T22:00:00.000000000,341.13,378.26274
2021-09-08T23:00:00.000000000,340.5,370.70304
2021-09-09T00:00:00.000000000,347.07,375.67582
2021-09-09T01:00:00.000000000,357.94,367.92582
2021-09-09T02:00:00.000000000,355.71,359.32329
2021-09-09T03:00:00.000000000,343.29,352.3258
2021-09-09T04:00:00.000000000,338.42,348.75415
2021-09-09T05:00:00.000000000,338.53,345.85005
2021-09-09T06:00:00.000000000,341.67,344.94751
2021-09-09T07:00:00.000000000,341.37,346.00018
2021-09-09T08:00:00.000000000,352.86,349.16942
2021-09-09T09:00:00.000000000,354.16,356.32071
2021-09-09T10:00:00.000000000,356.51,363.9353
2021-09-09T11:00:00.000000000,358.49,371.29285
2021-09-09T12:00:00.000000000,359.66,374.47192
2021-09-09T13:00:00.000000000,357.97,375.51005
2021-09-09T14:00:00.000000000,339.48,380.55143
2021-09-09T15:00:00.000000000,334.45,387.52782
2021-09-09T16:00:00.000000000,323.5,388.96351
2021-09-09T17:00:00.000000000,326.63,388.54931
2021-09-09T18:00:00.000000000,336.13,386.49133
2021-09-09T19:00:00.000000000,341.11,383.87615
2021-09-09T20:00:00.000000000,345.78,381.59476
2021-09-09T21:00:00.000000000,347.52,379.0384
2021-09-09T22:00:00.000000000,346.4,377.46347
2021-09-09T23:00:00.000000000,345.61,372.56056
2021-09-07T00:00:00.000000000,366.13,377.63938
2021-09-07T01:00:00.000000000,368.98,370.74506
2021-09-07T02:00:00.000000000,351.48,360.13303
2021-09-07T03:00:00.000000000,335.08,348.64778
2021-09-07T04:00:00.000000000,325.62,337.87183
2021-09-07T05:00:00.000000000,316.35,327.49564
2021-09-07T06:00:00.000000000,302.5,318.74285
2021-09-07T07:00:00.000000000,297.79,311.75807
2021-09-07T08:00:00.000000000,311.77,307.50058
2021-09-07T09:00:00.000000000,330.05,309.16846
2021-09-07T10:00:00.000000000,336.97,314.06912
2021-09-07T11:00:00.000000000,339.03,321.27345
2021-09-07T12:00:00.000000000,340.38,325.95354
2021-09-07T13:00:00.000000000,340.9,329.73722
2021-09-07T14:00:00.000000000,336.06,338.74084
2021-09-07T15:00:00.000000000,335.14,349.85372
2021-09-07T16:00:00.000000000,330.49,357.1789
2021-09-07T17:00:00.000000000,335.61,363.19642
2021-09-07T18:00:00.000000000,346.75,366.22281
2021-09-07T19:00:00.000000000,354.12,366.70514
2021-09-07T20:00:00.000000000,357.68,367.07402
2021-09-07T21:00:00.000000000,356.52,368.4863
2021-09-07T22:00:00.000000000,355.53,372.05039
2021-09-07T23:00:00.000000000,356.55,371.54223
2021-09-08T00:00:00.000000000,356.45,386.06944
2021-09-08T01:00:00.000000000,365.35,377.28567
2021-09-08T02:00:00.000000000,356.55,368.43852
2021-09-08T03:00:00.000000000,336.31,361.98672
2021-09-08T04:00:00.000000000,316.82,359.45985
2021-09-08T05:00:00.000000000,305.81,357.29116
2021-09-08T06:00:00.000000000,309.86,356.08605
2021-09-08T07:00:00.000000000,314.42,355.94631
2021-09-08T08:00:00.000000000,320.48,357.2513
2021-09-08T09:00:00.000000000,333.22,361.95144
2021-09-08T10:00:00.000000000,346.72,367.42321
2021-09-08T11:00:00.000000000,361.71,374.14207
2021-09-08T12:00:00.000000000,364.82,377.59134
2021-09-08T13:00:00.000000000,363.89,379.4834
2021-09-08T14:00:00.000000000,350.93,386.38344
2021-09-08T15:00:00.000000000,328.37,395.46463
2021-09-08T16:00:00.000000000,326.06,398.63333
2021-09-08T17:00:00.000000000,337.82,399.13056
2021-09-08T18:00:00.000000000,344.22,397.10363
2021-09-08T19:00:00.000000000,342.56,393.36763
2021-09-08T20:00:00.000000000,342.55,389.39837
2021-09-08T21:00:00.000000000,340.31,384.63253
2021-09-08T22:00:00.000000000,341.13,380.32947
2021-09-08T23:00:00.000000000,340.5,372.84747
2021-09-09T00:00:00.000000000,347.07,376.32862
2021-09-09T01:00:00.000000000,357.94,374.28925
2021-09-09T02:00:00.000000000,355.71,371.10338
2021-09-09T03:00:00.000000000,343.29,367.54191
2021-09-09T04:00:00.000000000,338.42,364.53669
2021-09-09T05:00:00.000000000,338.53,360.14419
2021-09-09T06:00:00.000000000,341.67,355.88446
2021-09-09T07:00:00.000000000,341.37,352.11911
2021-09-09T08:00:00.000000000,352.86,349.91857
2021-09-09T09:00:00.000000000,354.16,351.79115
2021-09-09T10:00:00.000000000,356.51,355.18689
2021-09-09T11:00:00.000000000,358.49,358.81644
2021-09-09T12:00:00.000000000,359.66,359.02659
2021-09-09T13:00:00.000000000,357.97,358.94509
2021-09-09T14:00:00.000000000,339.48,364.74025
2021-09-09T15:00:00.000000000,334.45,373.83641
2021-09-09T16:00:00.000000000,323.5,378.37417
2021-09-09T17:00:00.000000000,326.63,381.20127
2021-09-09T18:00:00.000000000,336.13,381.93504
2021-09-09T19:00:00.000000000,341.11,380.83197
2021-09-09T20:00:00.000000000,345.78,379.8575
2021-09-09T21:00:00.000000000,347.52,379.89389
2021-09-09T22:00:00.000000000,346.4,381.17787
2021-09-09T23:00:00.000000000,345.61,378.86948
2021-09-10T00:00:00.000000000,349.91,365.89128
2021-09-10T01:00:00.000000000,356.83,366.86344
2021-09-10T02:00:00.000000000,340.58,364.07601
2021-09-10T03:00:00.000000000,309.62,357.39939
2021-09-10T04:00:00.000000000,283.94,348.97266
2021-09-10T05:00:00.000000000,269.36,339.29161
2021-09-10T06:00:00.000000000,248.01,330.43958
2021-09-10T07:00:00.000000000,226.13,323.24645
2021-09-10T08:00:00.000000000,216.82,319.4791
2021-09-10T09:00:00.000000000,214.7,320.63526
2021-09-10T10:00:00.000000000,220.7,322.21312
2021-09-10T11:00:00.000000000,235.82,321.89095
2021-09-10T12:00:00.000000000,267.77,316.17768
2021-09-10T13:00:00.000000000,282.27,310.67004
2021-09-10T14:00:00.000000000,276.92,311.1381
2021-09-10T15:00:00.000000000,283.74,314.86041
2021-09-10T16:00:00.000000000,283.83,318.57895
2021-09-10T17:00:00.000000000,295.35,323.67197
2021-09-10T18:00:00.000000000,310.04,330.69181
2021-09-10T19:00:00.000000000,322.97,338.28283
2021-09-10T20:00:00.000000000,327.5,347.22152
2021-09-10T21:00:00.000000000,328.89,358.43611
2021-09-10T22:00:00.000000000,327.89,370.10502
2021-09-10T23:00:00.000000000,325.24,376.58466
2021-09-08T00:00:00.000000000,356.45,366.23637
2021-09-08T01:00:00.000000000,365.35,364.1091
2021-09-08T02:00:00.000000000,356.55,358.72033
2021-09-08T03:00:00.000000000,336.31,351.3797
2021-09-08T04:00:00.000000000,316.82,343.50149
2021-09-08T05:00:00.000000000,305.81,334.8836
2021-09-08T06:00:00.000000000,309.86,326.9266
2021-09-08T07:00:00.000000000,314.42,319.37552
2021-09-08T08:00:00.000000000,320.48,313.64066
2021-09-08T09:00:00.000000000,333.22,312.79303
2021-09-08T10:00:00.000000000,346.72,314.65635
2021-09-08T11:00:00.000000000,361.71,318.04955
2021-09-08T12:00:00.000000000,364.82,319.14879
2021-09-08T13:00:00.000000000,363.89,320.82148
2021-09-08T14:00:00.000000000,350.93,328.47307
2021-09-08T15:00:00.000000000,328.37,339.48813
2021-09-08T16:00:00.000000000,326.06,347.50374
2021-09-08T17:00:00.000000000,337.82,354.7577
2021-09-08T18:00:00.000000000,344.22,359.97652
2021-09-08T19:00:00.000000000,342.56,362.30273
2021-09-08T20:00:00.000000000,342.55,364.06782
2021-09-08T21:00:00.000000000,340.31,367.33969
2021-09-08T22:00:00.000000000,341.13,372.30923
2021-09-08T23:00:00.000000000,340.5,372.80252
2021-09-09T00:00:00.000000000,347.07,371.15575
2021-09-09T01:00:00.000000000,357.94,371.61957
2021-09-09T02:00:00.000000000,355.71,370.39931
2021-09-09T03:00:00.000000000,343.29,367.70356
2021-09-09T04:00:00.000000000,338.42,364.52027
2021-09-09T05:00:00.000000000,338.53,359.5089
2021-09-09T06:00:00.000000000,341.67,354.49402
2021-09-09T07:00:00.000000000,341.37,349.75154
2021-09-09T08:00:00.000000000,352.86,346.49078
2021-09-09T09:00:00.000000000,354.16,347.28198
2021-09-09T10:00:00.000000000,356.51,349.60652
2021-09-09T11:00:00.000000000,358.49,351.87766
2021-09-09T12:00:00.000000000,359.66,350.87251
2021-09-09T13:00:00.000000000,357.97,350.19434
2021-09-09T14:00:00.000000000,339.48,355.86715
2021-09-09T15:00:00.000000000,334.45,365.36468
2021-09-09T16:00:00.000000000,323.5,370.85257
2021-09-09T17:00:00.000000000,326.63,374.88072
2021-09-09T18:00:00.000000000,336.13,376.91974
2021-09-09T19:00:00.000000000,341.11,376.91275
2021-09-09T20:00:00.000000000,345.78,376.90956
2021-09-09T21:00:00.000000000,347.52,378.48611
2021-09-09T22:00:00.000000000,346.4,381.68541
2021-09-09T23:00:00.000000000,345.61,381.13175
2021-09-10T00:00:00.000000000,349.91,367.77425
2021-09-10T01:00:00.000000000,356.83,368.4622
2021-09-10T02:00:00.000000000,340.58,365.16536
2021-09-10T03:00:00.000000000,309.62,357.92649
2021-09-10T04:00:00.000000000,283.94,348.72755
2021-09-10T05:00:00.000000000,269.36,338.35472
2021-09-10T06:00:00.000000000,248.01,328.97755
2021-09-10T07:00:00.000000000,226.13,321.26371
2021-09-10T08:00:00.000000000,216.82,316.94344
2021-09-10T09:00:00.000000000,214.7,317.81129
2021-09-10T10:00:00.000000000,220.7,319.59708
2021-09-10T11:00:00.000000000,235.82,319.98128
2021-09-10T12:00:00.000000000,267.77,315.33289
2021-09-10T13:00:00.000000000,282.27,310.90288
2021-09-10T14:00:00.000000000,276.92,312.42514
2021-09-10T15:00:00.000000000,283.74,317.19115
2021-09-10T16:00:00.000000000,283.83,321.5767
2021-09-10T17:00:00.000000000,295.35,326.93074
2021-09-10T18:00:00.000000000,310.04,333.73447
2021-09-10T19:00:00.000000000,322.97,340.77207
2021-09-10T20:00:00.000000000,327.5,349.17069
2021-09-10T21:00:00.000000000,328.89,360.00789
2021-09-10T22:00:00.000000000,327.89,371.5717
2021-09-10T23:00:00.000000000,325.24,377.97408
2021-09-11T00:00:00.000000000,326.74,350.45086
2021-09-11T01:00:00.000000000,327.42,345.24313
2021-09-11T02:00:00.000000000,302.36,335.62729
2021-09-11T03:00:00.000000000,272.17,324.25174
2021-09-11T04:00:00.000000000,253.94,312.55201
2021-09-11T05:00:00.000000000,243.6,301.47687
2021-09-11T06:00:00.000000000,234.42,292.65921
2021-09-11T07:00:00.000000000,221.55,286.9112
2021-09-11T08:00:00.000000000,216.3,285.90538
2021-09-11T09:00:00.000000000,213.63,290.84805
2021-09-11T10:00:00.000000000,221.15,295.827
2021-09-11T11:00:00.000000000,233.17,298.7441
2021-09-11T12:00:00.000000000,250.05,295.69325
2021-09-11T13:00:00.000000000,267.39,292.05672
2021-09-11T14:00:00.000000000,281.33,292.92184
2021-09-11T15:00:00.000000000,302.51,295.90569
2021-09-11T16:00:00.000000000,311.95,298.37554
2021-09-11T17:00:00.000000000,328.73,301.63095
2021-09-11T18:00:00.000000000,337.54,306.42288
2021-09-11T19:00:00.000000000,336.28,311.457
2021-09-11T20:00:00.000000000,331.35,318.69372
2021-09-11T21:00:00.000000000,327.92,326.687
2021-09-11T22:00:00.000000000,326.53,335.60559
2021-09-11T23:00:00.000000000,327.29,340.80132
2021-09-09T00:00:00.000000000,347.07,359.67707
2021-09-09T01:00:00.000000000,357.94,357.74017
2021-09-09T02:00:00.000000000,355.71,351.26296
2021-09-09T03:00:00.000000000,343.29,342.15663
2021-09-09T04:00:00.000000000,338.42,331.62786
2021-09-09T05:00:00.000000000,338.53,320.62671
2021-09-09T06:00:00.000000000,341.67,310.47068
2021-09-09T07:00:00.000000000,341.37,301.24434
2021-09-09T08:00:00.000000000,352.86,294.52569
2021-09-09T09:00:00.000000000,354.16,293.52782
2021-09-09T10:00:00.000000000,356.51,295.06332
2021-09-09T11:00:00.000000000,358.49,298.05926
2021-09-09T12:00:00.000000000,359.66,298.67332
2021-09-09T13:00:00.000000000,357.97,299.96576
2021-09-09T14:00:00.000000000,339.48,306.35849
2021-09-09T15:00:00.000000000,334.45,315.37481
2021-09-09T16:00:00.000000000,323.5,322.32247
2021-09-09T17:00:00.000000000,326.63,328.85363
2021-09-09T18:00:00.000000000,336.13,334.95433
2021-09-09T19:00:00.000000000,341.11,339.39778
2021-09-09T20:00:00.000000000,345.78,344.93618
2021-09-09T21:00:00.000000000,347.52,352.36579
2021-09-09T22:00:00.000000000,346.4,361.42328
2021-09-09T23:00:00.000000000,345.61,365.83225
2021-09-10T00:00:00.000000000,349.91,363.22206
2021-09-10T01:00:00.000000000,356.83,362.6222
2021-09-10T02:00:00.000000000,340.58,357.53634
2021-09-10T03:00:00.000000000,309.62,348.92606
2021-09-10T04:00:00.000000000,283.94,338.87604
2021-09-10T05:00:00.000000000,269.36,328.30276
2021-09-10T06:00:00.000000000,248.01,319.15988
2021-09-10T07:00:00.000000000,226.13,311.84503
2021-09-10T08:00:00.000000000,216.82,307.92566
2021-09-10T09:00:00.000000000,214.7,309.50565
2021-09-10T10:00:00.000000000,220.7,312.21991
2021-09-10T11:00:00.000000000,235.82,313.91909
2021-09-10T12:00:00.000000000,267.77,310.77097
2021-09-10T13:00:00.000000000,282.27,307.56085
2021-09-10T14:00:00.000000000,276.92,309.61629
2021-09-10T15:00:00.000000000,283.74,314.48118
2021-09-10T16:00:00.000000000,283.83,318.6705
2021-09-10T17:00:00.000000000,295.35,323.68124
2021-09-10T18:00:00.000000000,310.04,329.86524
2021-09-10T19:00:00.000000000,322.97,336.1144
2021-09-10T20:00:00.000000000,327.5,343.92096
2021-09-10T21:00:00.000000000,328.89,353.98729
2021-09-10T22:00:00.000000000,327.89,365.23814
2021-09-10T23:00:00.000000000,325.24,371.64152
2021-09-11T00:00:00.000000000,326.74,353.15691
2021-09-11T01:00:00.000000000,327.42,347.06289
2021-09-11T02:00:00.000000000,302.36,336.14235
2021-09-11T03:00:00.000000000,272.17,323.45145
2021-09-11T04:00:00.000000000,253.94,310.67735
2021-09-11T05:00:00.000000000,243.6,298.85717
2021-09-11T06:00:00.000000000,234.42,289.36326
2021-09-11T07:00:00.000000000,221.55,282.81815
2021-09-11T08:00:00.000000000,216.3,280.51694
2021-09-11T09:00:00.000000000,213.63,284.46076
2021-09-11T10:00:00.000000000,221.15,289.14976
2021-09-11T11:00:00.000000000,233.17,293.75949
2021-09-11T12:00:00.000000000,250.05,294.07079
2021-09-11T13:00:00.000000000,267.39,293.59626
2021-09-11T14:00:00.000000000,281.33,297.35893
2021-09-11T15:00:00.000000000,302.51,302.89867
2021-09-11T16:00:00.000000000,311.95,307.29451
2021-09-11T17:00:00.000000000,328.73,311.58992
2021-09-11T18:00:00.000000000,337.54,316.319
2021-09-11T19:00:00.000000000,336.28,320.62202
2021-09-11T20:00:00.000000000,331.35,326.49318
2021-09-11T21:00:00.000000000,327.92,333.22015
2021-09-11T22:00:00.000000000,326.53,341.61613
2021-09-11T23:00:00.000000000,327.29,346.40622
2021-09-12T00:00:00.000000000,335.39,337.46896
2021-09-12T01:00:00.000000000,346.0,329.73393
2021-09-12T02:00:00.000000000,319.95,315.87113
2021-09-12T03:00:00.000000000,292.81,300.77435
2021-09-12T04:00:00.000000000,276.81,286.46713
2021-09-12T05:00:00.000000000,265.26,275.00375
2021-09-12T06:00:00.000000000,253.58,267.50636
2021-09-12T07:00:00.000000000,249.08,264.45378
2021-09-12T08:00:00.000000000,249.39,265.6899
2021-09-12T09:00:00.000000000,256.01,273.27504
2021-09-12T10:00:00.000000000,260.44,281.12241
2021-09-12T11:00:00.000000000,271.66,287.95067
2021-09-12T12:00:00.000000000,285.95,289.86699
2021-09-12T13:00:00.000000000,297.47,290.36643
2021-09-12T14:00:00.000000000,293.98,294.44781
2021-09-12T15:00:00.000000000,306.9,300.66796
2021-09-12T16:00:00.000000000,301.32,305.01387
2021-09-12T17:00:00.000000000,311.14,309.1651
2021-09-12T18:00:00.000000000,320.96,312.8511
2021-09-12T19:00:00.000000000,329.71,315.76367
2021-09-12T20:00:00.000000000,327.45,320.56857
2021-09-12T21:00:00.000000000,327.99,326.08291
2021-09-12T22:00:00.000000000,333.05,334.3066
2021-09-12T23:00:00.000000000,331.1,338.81079
2021-09-10T00:00:00.000000000,349.91,359.01155
2021-09-10T01:00:00.000000000,356.83,350.59956
2021-09-10T02:00:00.000000000,340.58,336.37551
2021-09-10T03:00:00.000000000,309.62,320.53139
2021-09-10T04:00:00.000000000,283.94,303.55927
2021-09-10T05:00:00.000000000,269.36,287.15163
2021-09-10T06:00:00.000000000,248.01,272.83935
2021-09-10T07:00:00.000000000,226.13,261.24536
2021-09-10T08:00:00.000000000,216.82,254.72892
2021-09-10T09:00:00.000000000,214.7,256.30676
2021-09-10T10:00:00.000000000,220.7,261.43831
2021-09-10T11:00:00.000000000,235.82,269.72332
2021-09-10T12:00:00.000000000,267.77,275.56018
2021-09-10T13:00:00.000000000,282.27,281.00742
2021-09-10T14:00:00.000000000,276.92,290.16252
2021-09-10T15:00:00.000000000,283.74,300.2694
2021-09-10T16:00:00.000000000,283.83,307.83053
2021-09-10T17:00:00.000000000,295.35,313.43888
2021-09-10T18:00:00.000000000,310.04,317.77261
2021-09-10T19:00:00.000000000,322.97,319.81862
2021-09-10T20:00:00.000000000,327.5,323.6779
2021-09-10T21:00:00.000000000,328.89,328.7441
2021-09-10T22:00:00.000000000,327.89,336.07228
2021-09-10T23:00:00.000000000,325.24,340.07308
2021-09-11T00:00:00.000000000,326.74,339.17327
2021-09-11T01:00:00.000000000,327.42,333.98622
2021-09-11T02:00:00.000000000,302.36,324.22871
2021-09-11T03:00:00.000000000,272.17,313.26101
2021-09-11T04:00:00.000000000,253.94,302.32123
2021-09-11T05:00:00.000000000,243.6,291.9438
2021-09-11T06:00:00.000000000,234.42,282.96242
2021-09-11T07:00:00.000000000,221.55,276.07361
2021-09-11T08:00:00.000000000,216.3,272.9366
2021-09-11T09:00:00.000000000,213.63,275.63469
2021-09-11T10:00:00.000000000,221.15,278.96359
2021-09-11T11:00:00.000000000,233.17,282.45328
2021-09-11T12:00:00.000000000,250.05,282.49797
2021-09-11T13:00:00.000000000,267.39,282.61079
2021-09-11T14:00:00.000000000,281.33,286.69752
2021-09-11T15:00:00.000000000,302.51,292.45993
2021-09-11T16:00:00.000000000,311.95,296.91331
2021-09-11T17:00:00.000000000,328.73,301.4625
2021-09-11T18:00:00.000000000,337.54,306.88469
2021-09-11T19:00:00.000000000,336.28,311.40609
2021-09-11T20:00:00.000000000,331.35,317.38537
2021-09-11T21:00:00.000000000,327.92,323.75706
2021-09-11T22:00:00.000000000,326.53,331.29364
2021-09-11T23:00:00.000000000,327.29,335.37799
2021-09-12T00:00:00.000000000,335.39,331.47441
2021-09-12T01:00:00.000000000,346.0,323.18286
2021-09-12T02:00:00.000000000,319.95,309.49913
2021-09-12T03:00:00.000000000,292.81,295.2488
2021-09-12T04:00:00.000000000,276.81,281.9717
2021-09-12T05:00:00.000000000,265.26,271.26601
2021-09-12T06:00:00.000000000,253.58,264.41838
2021-09-12T07:00:00.000000000,249.08,261.53344
2021-09-12T08:00:00.000000000,249.39,262.62049
2021-09-12T09:00:00.000000000,256.01,269.58337
2021-09-12T10:00:00.000000000,260.44,276.54045
2021-09-12T11:00:00.000000000,271.66,282.94806
2021-09-12T12:00:00.000000000,285.95,285.60101
2021-09-12T13:00:00.000000000,297.47,287.53195
2021-09-12T14:00:00.000000000,293.98,293.15226
2021-09-12T15:00:00.000000000,306.9,300.66978
2021-09-12T16:00:00.000000000,301.32,305.93449
2021-09-12T17:00:00.000000000,311.14,310.56767
2021-09-12T18:00:00.000000000,320.96,314.86798
2021-09-12T19:00:00.000000000,329.71,318.00492
2021-09-12T20:00:00.000000000,327.45,322.43221
2021-09-12T21:00:00.000000000,327.99,326.63822
2021-09-12T22:00:00.000000000,333.05,333.05615
2021-09-12T23:00:00.000000000,331.1,335.75046
2021-09-13T00:00:00.000000000,334.05,340.43867
2021-09-13T01:00:00.000000000,347.1,331.78553
2021-09-13T02:00:00.000000000,333.23,318.21803
2021-09-13T03:00:00.000000000,316.74,304.22504
2021-09-13T04:00:00.000000000,309.83,291.46236
2021-09-13T05:00:00.000000000,293.73,280.98552
2021-09-13T06:00:00.000000000,279.35,274.73841
2021-09-13T07:00:00.000000000,272.52,272.36725
2021-09-13T08:00:00.000000000,277.33,274.63118
2021-09-13T09:00:00.000000000,282.49,283.18858
2021-09-13T10:00:00.000000000,288.75,292.74664
2021-09-13T11:00:00.000000000,293.54,301.1651
2021-09-13T12:00:00.000000000,309.28,304.24125
2021-09-13T13:00:00.000000000,318.43,305.91522
2021-09-13T14:00:00.000000000,314.36,310.87001
2021-09-13T15:00:00.000000000,312.92,317.79458
2021-09-13T16:00:00.000000000,304.87,321.55832
2021-09-13T17:00:00.000000000,307.9,324.50418
2021-09-13T18:00:00.000000000,312.96,326.20425
2021-09-13T19:00:00.000000000,312.49,326.37764
2021-09-13T20:00:00.000000000,309.0,328.04366
2021-09-13T21:00:00.000000000,306.48,330.0684
2021-09-13T22:00:00.000000000,309.33,334.68038
2021-09-13T23:00:00.000000000,313.18,335.91254
2021-09-11T00:00:00.000000000,326.74,335.96666
2021-09-11T01:00:00.000000000,327.42,326.00107
2021-09-11T02:00:00.000000000,302.36,309.85789
2021-09-11T03:00:00.000000000,272.17,293.19778
2021-09-11T04:00:00.000000000,253.94,276.61348
2021-09-11T05:00:00.000000000,243.6,262.43037
2021-09-11T06:00:00.000000000,234.42,251.57499
2021-09-11T07:00:00.000000000,221.55,244.53106
2021-09-11T08:00:00.000000000,216.3,242.16825
2021-09-11T09:00:00.000000000,213.63,246.89152
2021-09-11T10:00:00.000000000,221.15,253.17825
2021-09-11T11:00:00.000000000,233.17,261.08655
2021-09-11T12:00:00.000000000,250.05,266.39366
2021-09-11T13:00:00.000000000,267.39,271.17443
2021-09-11T14:00:00.000000000,281.33,279.5302
2021-09-11T15:00:00.000000000,302.51,289.33799
2021-09-11T16:00:00.000000000,311.95,296.35037
2021-09-11T17:00:00.000000000,328.73,301.37469
2021-09-11T18:00:00.000000000,337.54,305.24635
2021-09-11T19:00:00.000000000,336.28,306.58338
2021-09-11T20:00:00.000000000,331.35,309.38491
2021-09-11T21:00:00.000000000,327.92,312.49648
2021-09-11T22:00:00.000000000,326.53,317.7033
2021-09-11T23:00:00.000000000,327.29,320.47638
2021-09-12T00:00:00.000000000,335.39,320.73835
2021-09-12T01:00:00.000000000,346.0,312.35259
2021-09-12T02:00:00.000000000,319.95,298.43878
2021-09-12T03:00:00.000000000,292.81,284.40938
2021-09-12T04:00:00.000000000,276.81,271.61641
2021-09-12T05:00:00.000000000,265.26,261.67065
2021-09-12T06:00:00.000000000,253.58,255.78121
2021-09-12T07:00:00.000000000,249.08,253.84179
2021-09-12T08:00:00.000000000,249.39,255.79108
2021-09-12T09:00:00.000000000,256.01,263.55187
2021-09-12T10:00:00.000000000,260.44,271.21702
2021-09-12T11:00:00.000000000,271.66,277.93352
2021-09-12T12:00:00.000000000,285.95,280.95507
2021-09-12T13:00:00.000000000,297.47,283.58091
2021-09-12T14:00:00.000000000,293.98,289.75662
2021-09-12T15:00:00.000000000,306.9,297.84623
2021-09-12T16:00:00.000000000,301.32,303.31099
2021-09-12T17:00:00.000000000,311.14,308.21131
2021-09-12T18:00:00.000000000,320.96,312.86006
2021-09-12T19:00:00.000000000,329.71,316.0162
2021-09-12T20:00:00.000000000,327.45,320.38386
2021-09-12T21:00:00.000000000,327.99,324.11762
2021-09-12T22:00:00.000000000,333.05,330.02868
2021-09-12T23:00:00.000000000,331.1,332.10175
2021-09-13T00:00:00.000000000,334.05,340.47439
2021-09-13T01:00:00.000000000,347.1,332.42932
2021-09-13T02:00:00.000000000,333.23,320.46299
2021-09-13T03:00:00.000000000,316.74,309.03584
2021-09-13T04:00:00.000000000,309.83,299.98999
2021-09-13T05:00:00.000000000,293.73,292.82162
2021-09-13T06:00:00.000000000,279.35,288.88348
2021-09-13T07:00:00.000000000,272.52,287.71373
2021-09-13T08:00:00.000000000,277.33,290.14352
2021-09-13T09:00:00.000000000,282.49,298.13403
2021-09-13T10:00:00.000000000,288.75,307.28011
2021-09-13T11:00:00.000000000,293.54,315.93647
2021-09-13T12:00:00.000000000,309.28,320.20144
2021-09-13T13:00:00.000000000,318.43,322.88578
2021-09-13T14:00:00.000000000,314.36,328.13088
2021-09-13T15:00:00.000000000,312.92,334.55606
2021-09-13T16:00:00.000000000,304.87,336.67873
2021-09-13T17:00:00.000000000,307.9,338.03863
2021-09-13T18:00:00.000000000,312.96,338.1796
2021-09-13T19:00:00.000000000,312.49,337.10994
2021-09-13T20:00:00.000000000,309.0,337.39157
2021-09-13T21:00:00.000000000,306.48,337.80549
2021-09-13T22:00:00.000000000,309.33,340.55894
2021-09-13T23:00:00.000000000,313.18,340.10792
2021-09-14T00:00:00.000000000,325.95,348.4005
2021-09-14T01:00:00.000000000,348.0,339.68536
2021-09-14T02:00:00.000000000,339.85,326.526
2021-09-14T03:00:00.000000000,318.15,313.04991
2021-09-14T04:00:00.000000000,300.26,301.06516
2021-09-14T05:00:00.000000000,291.04,291.21175
2021-09-14T06:00:00.000000000,282.23,285.48816
2021-09-14T07:00:00.000000000,269.95,283.36425
2021-09-14T08:00:00.000000000,268.47,285.67371
2021-09-14T09:00:00.000000000,275.52,293.97475
2021-09-14T10:00:00.000000000,286.69,303.46398
2021-09-14T11:00:00.000000000,296.49,311.64808
2021-09-14T12:00:00.000000000,307.38,314.33371
2021-09-14T13:00:00.000000000,321.08,315.56848
2021-09-14T14:00:00.000000000,318.8,320.22607
2021-09-14T15:00:00.000000000,309.01,326.67346
2021-09-14T16:00:00.000000000,314.87,329.77875
2021-09-14T17:00:00.000000000,334.89,332.42752
2021-09-14T18:00:00.000000000,344.39,334.06905
2021-09-14T19:00:00.000000000,345.01,334.55968
2021-09-14T20:00:00.000000000,347.14,336.52247
2021-09-14T21:00:00.000000000,348.8,338.73423
2021-09-14T22:00:00.000000000,348.32,343.0014
2021-09-14T23:00:00.000000000,346.11,343.48028
2021-09-12T00:00:00.000000000,335.39,341.96683
2021-09-12T01:00:00.000000000,346.0,331.26679
2021-09-12T02:00:00.000000000,319.95,313.34073
2021-09-12T03:00:00.000000000,292.81,294.34598
2021-09-12T04:00:00.000000000,276.81,275.49159
2021-09-12T05:00:00.000000000,265.26,259.9792
2021-09-12T06:00:00.000000000,253.58,249.76988
2021-09-12T07:00:00.000000000,249.08,244.7044
2021-09-12T08:00:00.000000000,249.39,245.06764
2021-09-12T09:00:00.000000000,256.01,253.30126
2021-09-12T10:00:00.000000000,260.44,263.82663
2021-09-12T11:00:00.000000000,271.66,274.65865
2021-09-12T12:00:00.000000000,285.95,280.77077
2021-09-12T13:00:00.000000000,297.47,285.30945
2021-09-12T14:00:00.000000000,293.98,292.92625
2021-09-12T15:00:00.000000000,306.9,302.38601
2021-09-12T16:00:00.000000000,301.32,308.71058
2021-09-12T17:00:00.000000000,311.14,313.28955
2021-09-12T18:00:00.000000000,320.96,315.85749
2021-09-12T19:00:00.000000000,329.71,316.16333
2021-09-12T20:00:00.000000000,327.45,318.71353
2021-09-12T21:00:00.000000000,327.99,322.27827
2021-09-12T22:00:00.000000000,333.05,329.19621
2021-09-12T23:00:00.000000000,331.1,332.63378
2021-09-13T00:00:00.000000000,334.05,338.35172
2021-09-13T01:00:00.000000000,347.1,330.28497
2021-09-13T02:00:00.000000000,333.23,318.14261
2021-09-13T03:00:00.000000000,316.74,306.42681
2021-09-13T04:00:00.000000000,309.83,296.60367
2021-09-13T05:00:00.000000000,293.73,288.41194
2021-09-13T06:00:00.000000000,279.35,283.2162
2021-09-13T07:00:00.000000000,272.52,280.69857
2021-09-13T08:00:00.000000000,277.33,282.00463
2021-09-13T09:00:00.000000000,282.49,289.36439
2021-09-13T10:00:00.000000000,288.75,298.2009
2021-09-13T11:00:00.000000000,293.54,306.96801
2021-09-13T12:00:00.000000000,309.28,311.60608
2021-09-13T13:00:00.000000000,318.43,315.03945
2021-09-13T14:00:00.000000000,314.36,321.42859
2021-09-13T15:00:00.000000000,312.92,329.29592
2021-09-13T16:00:00.000000000,304.87,332.90553
2021-09-13T17:00:00.000000000,307.9,335.3192
2021-09-13T18:00:00.000000000,312.96,335.89437
2021-09-13T19:00:00.000000000,312.49,334.57153
2021-09-13T20:00:00.000000000,309.0,334.41151
2021-09-13T21:00:00.000000000,306.48,334.34186
2021-09-13T22:00:00.000000000,309.33,337.02603
2021-09-13T23:00:00.000000000,313.18,336.79906
2021-09-14T00:00:00.000000000,325.95,354.17626
2021-09-14T01:00:00.000000000,348.0,344.00641
2021-09-14T02:00:00.000000000,339.85,329.17139
2021-09-14T03:00:00.000000000,318.15,315.02568
2021-09-14T04:00:00.000000000,300.26,303.92786
2021-09-14T05:00:00.000000000,291.04,295.90592
2021-09-14T06:00:00.000000000,282.23,291.85928
2021-09-14T07:00:00.000000000,269.95,291.15634
2021-09-14T08:00:00.000000000,268.47,294.21408
2021-09-14T09:00:00.000000000,275.52,303.16457
2021-09-14T10:00:00.000000000,286.69,314.14109
2021-09-14T11:00:00.000000000,296.49,324.40618
2021-09-14T12:00:00.000000000,307.38,329.20591
2021-09-14T13:00:00.000000000,321.08,331.25167
2021-09-14T14:00:00.000000000,318.8,335.08326
2021-09-14T15:00:00.000000000,309.01,339.2794
2021-09-14T16:00:00.000000000,314.87,338.93762
2021-09-14T17:00:00.000000000,334.89,338.76621
2021-09-14T18:00:00.000000000,344.39,337.68802
2021-09-14T19:00:00.000000000,345.01,336.28835
2021-09-14T20:00:00.000000000,347.14,337.1787
2021-09-14T21:00:00.000000000,348.8,338.56732
2021-09-14T22:00:00.000000000,348.32,341.99355
2021-09-14T23:00:00.000000000,346.11,341.70788
2021-09-15T00:00:00.000000000,349.72,353.22105
2021-09-15T01:00:00.000000000,362.14,344.75056
2021-09-15T02:00:00.000000000,349.89,332.69551
2021-09-15T03:00:00.000000000,326.83,320.31474
2021-09-15T04:00:00.000000000,315.15,309.45312
2021-09-15T05:00:00.000000000,311.7,300.39333
2021-09-15T06:00:00.000000000,315.63,295.60906
2021-09-15T07:00:00.000000000,327.09,294.3396
2021-09-15T08:00:00.000000000,340.48,297.09626
2021-09-15T09:00:00.000000000,361.41,304.98949
2021-09-15T10:00:00.000000000,377.37,313.47844
2021-09-15T11:00:00.000000000,391.16,320.57571
2021-09-15T12:00:00.000000000,390.49,322.90163
2021-09-15T13:00:00.000000000,389.18,324.30519
2021-09-15T14:00:00.000000000,379.44,330.10351
2021-09-15T15:00:00.000000000,359.82,338.18306
2021-09-15T16:00:00.000000000,351.98,342.66879
2021-09-15T17:00:00.000000000,347.8,346.38092
2021-09-15T18:00:00.000000000,345.88,348.85751
2021-09-15T19:00:00.000000000,348.34,350.07357
2021-09-15T20:00:00.000000000,352.05,351.84062
2021-09-15T21:00:00.000000000,354.05,353.26611
2021-09-15T22:00:00.000000000,355.04,356.28594
2021-09-15T23:00:00.000000000,358.65,354.9365
2021-09-13T00:00:00.000000000,334.05,340.15714
2021-09-13T01:00:00.000000000,347.1,333.92361
2021-09-13T02:00:00.000000000,333.23,322.2552
2021-09-13T03:00:00.000000000,316.74,310.39649
2021-09-13T04:00:00.000000000,309.83,300.42037
2021-09-13T05:00:00.000000000,293.73,292.41568
2021-09-13T06:00:00.000000000,279.35,287.59121
2021-09-13T07:00:00.000000000,272.52,285.86729
2021-09-13T08:00:00.000000000,277.33,287.76164
2021-09-13T09:00:00.000000000,282.49,296.08243
2021-09-13T10:00:00.000000000,288.75,306.30718
2021-09-13T11:00:00.000000000,293.54,316.51128
2021-09-13T12:00:00.000000000,309.28,321.85744
2021-09-13T13:00:00.000000000,318.43,324.67468
2021-09-13T14:00:00.000000000,314.36,328.74889
2021-09-13T15:00:00.000000000,312.92,333.2336
2021-09-13T16:00:00.000000000,304.87,333.26202
2021-09-13T17:00:00.000000000,307.9,332.22098
2021-09-13T18:00:00.000000000,312.96,329.97982
2021-09-13T19:00:00.000000000,312.49,326.85108
2021-09-13T20:00:00.000000000,309.0,326.32528
2021-09-13T21:00:00.000000000,306.48,327.82062
2021-09-13T22:00:00.000000000,309.33,332.99155
2021-09-13T23:00:00.000000000,313.18,335.87702
2021-09-14T00:00:00.000000000,325.95,349.30859
2021-09-14T01:00:00.000000000,348.0,339.49401
2021-09-14T02:00:00.000000000,339.85,325.80664
2021-09-14T03:00:00.000000000,318.15,313.43524
2021-09-14T04:00:00.000000000,300.26,304.35538
2021-09-14T05:00:00.000000000,291.04,297.52775
2021-09-14T06:00:00.000000000,282.23,293.61677
2021-09-14T07:00:00.000000000,269.95,292.18274
2021-09-14T08:00:00.000000000,268.47,294.00068
2021-09-14T09:00:00.000000000,275.52,301.56945
2021-09-14T10:00:00.000000000,286.69,311.33625
2021-09-14T11:00:00.000000000,296.49,321.80282
2021-09-14T12:00:00.000000000,307.38,328.6402
2021-09-14T13:00:00.000000000,321.08,333.3496
2021-09-14T14:00:00.000000000,318.8,339.9807
2021-09-14T15:00:00.000000000,309.01,346.7953
2021-09-14T16:00:00.000000000,314.87,348.07862
2021-09-14T17:00:00.000000000,334.89,348.4412
2021-09-14T18:00:00.000000000,344.39,347.1957
2021-09-14T19:00:00.000000000,345.01,345.06805
2021-09-14T20:00:00.000000000,347.14,344.5057
2021-09-14T21:00:00.000000000,348.8,344.10665
2021-09-14T22:00:00.000000000,348.32,345.9304
2021-09-14T23:00:00.000000000,346.11,344.30223
2021-09-15T00:00:00.000000000,349.72,353.70236
2021-09-15T01:00:00.000000000,362.14,346.04765
2021-09-15T02:00:00.000000000,349.89,334.38525
2021-09-15T03:00:00.000000000,326.83,321.78756
2021-09-15T04:00:00.000000000,315.15,310.074
2021-09-15T05:00:00.000000000,311.7,299.73708
2021-09-15T06:00:00.000000000,315.63,293.03482
2021-09-15T07:00:00.000000000,327.09,289.00185
2021-09-15T08:00:00.000000000,340.48,288.52768
2021-09-15T09:00:00.000000000,361.41,293.55826
2021-09-15T10:00:00.000000000,377.37,300.23532
2021-09-15T11:00:00.000000000,391.16,307.33518
2021-09-15T12:00:00.000000000,390.49,311.18791
2021-09-15T13:00:00.000000000,389.18,314.61925
2021-09-15T14:00:00.000000000,379.44,322.38455
2021-09-15T15:00:00.000000000,359.82,332.2811
2021-09-15T16:00:00.000000000,351.98,338.70856
2021-09-15T17:00:00.000000000,347.8,344.06763
2021-09-15T18:00:00.000000000,345.88,348.01473
2021-09-15T19:00:00.000000000,348.34,350.07481
2021-09-15T20:00:00.000000000,352.05,352.22808
2021-09-15T21:00:00.000000000,354.05,354.60025
2021-09-15T22:00:00.000000000,355.04,358.74977
2021-09-15T23:00:00.000000000,358.65,358.33651
2021-09-16T00:00:00.000000000,369.85,359.26125
2021-09-16T01:00:00.000000000,387.3,358.3721
2021-09-16T02:00:00.000000000,378.69,354.97171
2021-09-16T03:00:00.000000000,361.24,349.66638
2021-09-16T04:00:00.000000000,346.78,343.9589
2021-09-16T05:00:00.000000000,336.78,337.47219
2021-09-16T06:00:00.000000000,315.53,332.62922
2021-09-16T07:00:00.000000000,296.47,328.98076
2021-09-16T08:00:00.000000000,294.7,327.69956
2021-09-16T09:00:00.000000000,301.05,330.67977
2021-09-16T10:00:00.000000000,309.18,334.87872
2021-09-16T11:00:00.000000000,323.31,338.01516
2021-09-16T12:00:00.000000000,335.97,337.13328
2021-09-16T13:00:00.000000000,345.66,336.51417
2021-09-16T14:00:00.000000000,331.32,341.54948
2021-09-16T15:00:00.000000000,312.88,350.17786
2021-09-16T16:00:00.000000000,308.13,355.41373
2021-09-16T17:00:00.000000000,318.58,360.04948
2021-09-16T18:00:00.000000000,331.89,363.41573
2021-09-16T19:00:00.000000000,338.62,365.00595
2021-09-16T20:00:00.000000000,341.81,366.63371
2021-09-16T21:00:00.000000000,342.71,369.40498
2021-09-16T22:00:00.000000000,341.12,373.56306
2021-09-16T23:00:00.000000000,341.07,373.24891
2021-09-14T00:00:00.000000000,325.95,343.72228
2021-09-14T01:00:00.000000000,348.0,336.18372
2021-09-14T02:00:00.000000000,339.85,325.47099
2021-09-14T03:00:00.000000000,318.15,315.64049
2021-09-14T04:00:00.000000000,300.26,308.11243
2021-09-14T05:00:00.000000000,291.04,301.58002
2021-09-14T06:00:00.000000000,282.23,297.24365
2021-09-14T07:00:00.000000000,269.95,294.73134
2021-09-14T08:00:00.000000000,268.47,295.2238
2021-09-14T09:00:00.000000000,275.52,301.20136
2021-09-14T10:00:00.000000000,286.69,308.77137
2021-09-14T11:00:00.000000000,296.49,317.40292
2021-09-14T12:00:00.000000000,307.38,323.40427
2021-09-14T13:00:00.000000000,321.08,328.19329
2021-09-14T14:00:00.000000000,318.8,335.47307
2021-09-14T15:00:00.000000000,309.01,343.27158
2021-09-14T16:00:00.000000000,314.87,345.81584
2021-09-14T17:00:00.000000000,334.89,346.53348
2021-09-14T18:00:00.000000000,344.39,345.74862
2021-09-14T19:00:00.000000000,345.01,343.82503
2021-09-14T20:00:00.000000000,347.14,343.04215
2021-09-14T21:00:00.000000000,348.8,342.56669
2021-09-14T22:00:00.000000000,348.32,344.50764
2021-09-14T23:00:00.000000000,346.11,343.60629
2021-09-15T00:00:00.000000000,349.72,353.79539
2021-09-15T01:00:00.000000000,362.14,352.01693
2021-09-15T02:00:00.000000000,349.89,347.39163
2021-09-15T03:00:00.000000000,326.83,341.09688
2021-09-15T04:00:00.000000000,315.15,334.65068
2021-09-15T05:00:00.000000000,311.7,327.70078
2021-09-15T06:00:00.000000000,315.63,322.14645
2021-09-15T07:00:00.000000000,327.09,317.18578
2021-09-15T08:00:00.000000000,340.48,314.02294
2021-09-15T09:00:00.000000000,361.41,315.2365
2021-09-15T10:00:00.000000000,377.37,318.44907
2021-09-15T11:00:00.000000000,391.16,322.31607
2021-09-15T12:00:00.000000000,390.49,323.72976
2021-09-15T13:00:00.000000000,389.18,325.67518
2021-09-15T14:00:00.000000000,379.44,332.678
2021-09-15T15:00:00.000000000,359.82,342.83605
2021-09-15T16:00:00.000000000,351.98,349.41717
2021-09-15T17:00:00.000000000,347.8,355.21526
2021-09-15T18:00:00.000000000,345.88,359.47413
2021-09-15T19:00:00.000000000,348.34,361.25561
2021-09-15T20:00:00.000000000,352.05,362.56379
2021-09-15T21:00:00.000000000,354.05,364.98977
2021-09-15T22:00:00.000000000,355.04,368.86484
2021-09-15T23:00:00.000000000,358.65,368.14363
2021-09-16T00:00:00.000000000,369.85,361.57398
2021-09-16T01:00:00.000000000,387.3,360.01906
2021-09-16T02:00:00.000000000,378.69,355.26119
2021-09-16T03:00:00.000000000,361.24,348.42637
2021-09-16T04:00:00.000000000,346.78,341.27661
2021-09-16T05:00:00.000000000,336.78,333.82652
2021-09-16T06:00:00.000000000,315.53,328.10123
2021-09-16T07:00:00.000000000,296.47,323.34115
2021-09-16T08:00:00.000000000,294.7,320.47203
2021-09-16T09:00:00.000000000,301.05,322.05312
2021-09-16T10:00:00.000000000,309.18,325.5536
2021-09-16T11:00:00.000000000,323.31,329.19118
2021-09-16T12:00:00.000000000,335.97,329.78539
2021-09-16T13:00:00.000000000,345.66,330.65043
2021-09-16T14:00:00.000000000,331.32,336.99854
2021-09-16T15:00:00.000000000,312.88,346.715
2021-09-16T16:00:00.000000000,308.13,353.06865
2021-09-16T17:00:00.000000000,318.58,358.83313
2021-09-16T18:00:00.000000000,331.89,363.07729
2021-09-16T19:00:00.000000000,338.62,365.23189
2021-09-16T20:00:00.000000000,341.81,367.2033
2021-09-16T21:00:00.000000000,342.71,370.55312
2021-09-16T22:00:00.000000000,341.12,375.51787
2021-09-16T23:00:00.000000000,341.07,375.77426
2021-09-17T00:00:00.000000000,347.68,359.76106
2021-09-17T01:00:00.000000000,361.01,351.8301
2021-09-17T02:00:00.000000000,346.23,339.78526
2021-09-17T03:00:00.000000000,325.76,326.69974
2021-09-17T04:00:00.000000000,311.21,314.2653
2021-09-17T05:00:00.000000000,301.02,302.98345
2021-09-17T06:00:00.000000000,284.51,295.01185
2021-09-17T07:00:00.000000000,266.96,289.55802
2021-09-17T08:00:00.000000000,260.9,287.61545
2021-09-17T09:00:00.000000000,262.04,291.50405
2021-09-17T10:00:00.000000000,270.11,297.56738
2021-09-17T11:00:00.000000000,282.12,305.06129
2021-09-17T12:00:00.000000000,296.37,309.99017
2021-09-17T13:00:00.000000000,311.5,314.50059
2021-09-17T14:00:00.000000000,308.12,323.55067
2021-09-17T15:00:00.000000000,300.27,334.56428
2021-09-17T16:00:00.000000000,300.36,341.98288
2021-09-17T17:00:00.000000000,313.02,347.88744
2021-09-17T18:00:00.000000000,331.41,351.90357
2021-09-17T19:00:00.000000000,342.51,353.72346
2021-09-17T20:00:00.000000000,347.5,355.45492
2021-09-17T21:00:00.000000000,350.11,357.57842
2021-09-17T22:00:00.000000000,349.55,361.71406
2021-09-17T23:00:00.000000000,350.3,361.44911
2021-09-15T00:00:00.000000000,349.72,357.56084
2021-09-15T01:00:00.000000000,362.14,350.58114
2021-09-15T02:00:00.000000000,349.89,339.10727
2021-09-15T03:00:00.000000000,326.83,326.21762
2021-09-15T04:00:00.000000000,315.15,313.04088
2021-09-15T05:00:00.000000000,311.7,300.27495
2021-09-15T06:00:00.000000000,315.63,289.70522
2021-09-15T07:00:00.000000000,327.09,281.29378
2021-09-15T08:00:00.000000000,340.48,276.99791
2021-09-15T09:00:00.000000000,361.41,279.59399
2021-09-15T10:00:00.000000000,377.37,285.33981
2021-09-15T11:00:00.000000000,391.16,293.18099
2021-09-15T12:00:00.000000000,390.49,298.16121
2021-09-15T13:00:00.000000000,389.18,302.64961
2021-09-15T14:00:00.000000000,379.44,311.17389
2021-09-15T15:00:00.000000000,359.82,321.39692
2021-09-15T16:00:00.000000000,351.98,328.43419
2021-09-15T17:00:00.000000000,347.8,333.92268
2021-09-15T18:00:00.000000000,345.88,337.75703
2021-09-15T19:00:00.000000000,348.34,339.26045
2021-09-15T20:00:00.000000000,352.05,341.43957
2021-09-15T21:00:00.000000000,354.05,344.94953
2021-09-15T22:00:00.000000000,355.04,350.5358
2021-09-15T23:00:00.000000000,358.65,352.20608
2021-09-16T00:00:00.000000000,369.85,356.60182
2021-09-16T01:00:00.000000000,387.3,355.82028
2021-09-16T02:00:00.000000000,378.69,351.94037
2021-09-16T03:00:00.000000000,361.24,345.86401
2021-09-16T04:00:00.000000000,346.78,339.33931
2021-09-16T05:00:00.000000000,336.78,332.36659
2021-09-16T06:00:00.000000000,315.53,327.06304
2021-09-16T07:00:00.000000000,296.47,322.52683
2021-09-16T08:00:00.000000000,294.7,319.77947
2021-09-16T09:00:00.000000000,301.05,321.24239
2021-09-16T10:00:00.000000000,309.18,324.34957
2021-09-16T11:00:00.000000000,323.31,327.31415
2021-09-16T12:00:00.000000000,335.97,327.23371
2021-09-16T13:00:00.000000000,345.66,327.71464
2021-09-16T14:00:00.000000000,331.32,333.6839
2021-09-16T15:00:00.000000000,312.88,343.19021
2021-09-16T16:00:00.000000000,308.13,349.51572
2021-09-16T17:00:00.000000000,318.58,355.37082
2021-09-16T18:00:00.000000000,331.89,360.00983
2021-09-16T19:00:00.000000000,338.62,362.54689
2021-09-16T20:00:00.000000000,341.81,364.83729
2021-09-16T21:00:00.000000000,342.71,368.46435
2021-09-16T22:00:00.000000000,341.12,373.59783
2021-09-16T23:00:00.000000000,341.07,373.9797
2021-09-17T00:00:00.000000000,347.68,367.23847
2021-09-17T01:00:00.000000000,361.01,357.2404
2021-09-17T02:00:00.000000000,346.23,343.46834
2021-09-17T03:00:00.000000000,325.76,330.08082
2021-09-17T04:00:00.000000000,311.21,319.10675
2021-09-17T05:00:00.000000000,301.02,310.14622
2021-09-17T06:00:00.000000000,284.51,304.7794
2021-09-17T07:00:00.000000000,266.96,302.45254
2021-09-17T08:00:00.000000000,260.9,303.2766
2021-09-17T09:00:00.000000000,262.04,309.57587
2021-09-17T10:00:00.000000000,270.11,317.66022
2021-09-17T11:00:00.000000000,282.12,326.61228
2021-09-17T12:00:00.000000000,296.37,332.33242
2021-09-17T13:00:00.000000000,311.5,336.35022
2021-09-17T14:00:00.000000000,308.12,344.33239
2021-09-17T15:00:00.000000000,300.27,353.6066
2021-09-17T16:00:00.000000000,300.36,358.35719
2021-09-17T17:00:00.000000000,313.02,361.72522
2021-09-17T18:00:00.000000000,331.41,362.6875
2021-09-17T19:00:00.000000000,342.51,362.21064
2021-09-17T20:00:00.000000000,347.5,362.16297
2021-09-17T21:00:00.000000000,350.11,361.98493
2021-09-17T22:00:00.000000000,349.55,364.00937
2021-09-17T23:00:00.000000000,350.3,362.17987
2021-09-18T00:00:00.000000000,356.48,359.31824
2021-09-18T01:00:00.000000000,366.47,347.22105
2021-09-18T02:00:00.000000000,345.51,331.86532
2021-09-18T03:00:00.000000000,319.55,318.16625
2021-09-18T04:00:00.000000000,317.44,308.3951
2021-09-18T05:00:00.000000000,318.14,301.55718
2021-09-18T06:00:00.000000000,313.9,299.05225
2021-09-18T07:00:00.000000000,325.38,299.94741
2021-09-18T08:00:00.000000000,354.3,303.78324
2021-09-18T09:00:00.000000000,353.54,312.38135
2021-09-18T10:00:00.000000000,344.93,321.91493
2021-09-18T11:00:00.000000000,347.75,331.68162
2021-09-18T12:00:00.000000000,360.08,338.10847
2021-09-18T13:00:00.000000000,381.39,342.48213
2021-09-18T14:00:00.000000000,371.01,350.17685
2021-09-18T15:00:00.000000000,363.82,358.83453
2021-09-18T16:00:00.000000000,363.3,362.28707
2021-09-18T17:00:00.000000000,365.17,364.45852
2021-09-18T18:00:00.000000000,364.18,364.22465
2021-09-18T19:00:00.000000000,363.35,362.69379
2021-09-18T20:00:00.000000000,360.5,361.26043
2021-09-18T21:00:00.000000000,361.37,358.62875
2021-09-18T22:00:00.000000000,356.35,357.98518
2021-09-18T23:00:00.000000000,357.4,353.6183
2021-09-16T00:00:00.000000000,369.85,367.91001
2021-09-16T01:00:00.000000000,387.3,363.96796
2021-09-16T02:00:00.000000000,378.69,356.29341
2021-09-16T03:00:00.000000000,361.24,346.873
2021-09-16T04:00:00.000000000,346.78,337.2648
2021-09-16T05:00:00.000000000,336.78,327.43699
2021-09-16T06:00:00.000000000,315.53,318.67741
2021-09-16T07:00:00.000000000,296.47,311.08618
2021-09-16T08:00:00.000000000,294.7,305.99305
2021-09-16T09:00:00.000000000,301.05,306.68977
2021-09-16T10:00:00.000000000,309.18,310.17557
2021-09-16T11:00:00.000000000,323.31,315.40085
2021-09-16T12:00:00.000000000,335.97,318.08845
2021-09-16T13:00:00.000000000,345.66,320.44732
2021-09-16T14:00:00.000000000,331.32,327.91814
2021-09-16T15:00:00.000000000,312.88,337.82047
2021-09-16T16:00:00.000000000,308.13,344.64003
2021-09-16T17:00:00.000000000,318.58,350.55262
2021-09-16T18:00:00.000000000,331.89,354.68739
2021-09-16T19:00:00.000000000,338.62,356.84731
2021-09-16T20:00:00.000000000,341.81,359.18961
2021-09-16T21:00:00.000000000,342.71,363.2484
2021-09-16T22:00:00.000000000,341.12,369.34273
2021-09-16T23:00:00.000000000,341.07,371.30174
2021-09-17T00:00:00.000000000,347.68,378.67664
2021-09-17T01:00:00.000000000,361.01,372.60487
2021-09-17T02:00:00.000000000,346.23,364.30311
2021-09-17T03:00:00.000000000,325.76,356.15876
2021-09-17T04:00:00.000000000,311.21,349.74478
2021-09-17T05:00:00.000000000,301.02,343.70293
2021-09-17T06:00:00.000000000,284.51,339.82195
2021-09-17T07:00:00.000000000,266.96,337.75353
2021-09-17T08:00:00.000000000,260.9,337.83427
2021-09-17T09:00:00.000000000,262.04,342.27512
2021-09-17T10:00:00.000000000,270.11,348.26559
2021-09-17T11:00:00.000000000,282.12,354.44167
2021-09-17T12:00:00.000000000,296.37,357.11164
2021-09-17T13:00:00.000000000,311.5,358.58623
2021-09-17T14:00:00.000000000,308.12,364.7913
2021-09-17T15:00:00.000000000,300.27,373.04336
2021-09-17T16:00:00.000000000,300.36,376.4709
2021-09-17T17:00:00.000000000,313.02,378.4597
2021-09-17T18:00:00.000000000,331.41,378.66077
2021-09-17T19:00:00.000000000,342.51,377.85674
2021-09-17T20:00:00.000000000,347.5,377.66746
2021-09-17T21:00:00.000000000,350.11,377.82642
2021-09-17T22:00:00.000000000,349.55,379.21485
2021-09-17T23:00:00.000000000,350.3,376.54547
2021-09-18T00:00:00.000000000,356.48,371.69576
2021-09-18T01:00:00.000000000,366.47,359.70538
2021-09-18T02:00:00.000000000,345.51,345.95102
2021-09-18T03:00:00.000000000,319.55,334.82019
2021-09-18T04:00:00.000000000,317.44,328.7416
2021-09-18T05:00:00.000000000,318.14,325.19313
2021-09-18T06:00:00.000000000,313.9,325.08011
2021-09-18T07:00:00.000000000,325.38,327.61937
2021-09-18T08:00:00.000000000,354.3,332.23551
2021-09-18T09:00:00.000000000,353.54,340.83121
2021-09-18T10:00:00.000000000,344.93,350.00495
2021-09-18T11:00:00.000000000,347.75,359.28557
2021-09-18T12:00:00.000000000,360.08,364.74314
2021-09-18T13:00:00.000000000,381.39,367.44541
2021-09-18T14:00:00.000000000,371.01,373.63797
2021-09-18T15:00:00.000000000,363.82,380.84494
2021-09-18T16:00:00.000000000,363.3,382.53531
2021-09-18T17:00:00.000000000,365.17,382.98945
2021-09-18T18:00:00.000000000,364.18,380.69239
2021-09-18T19:00:00.000000000,363.35,377.16435
2021-09-18T20:00:00.000000000,360.5,373.27494
2021-09-18T21:00:00.000000000,361.37,367.76643
2021-09-18T22:00:00.000000000,356.35,363.8905
2021-09-18T23:00:00.000000000,357.4,357.16986
2021-09-19T00:00:00.000000000,363.49,355.55846
2021-09-19T01:00:00.000000000,371.51,345.0154
2021-09-19T02:00:00.000000000,366.32,330.31716
2021-09-19T03:00:00.000000000,360.65,317.01499
2021-09-19T04:00:00.000000000,359.6,307.64191
2021-09-19T05:00:00.000000000,359.88,301.21567
2021-09-19T06:00:00.000000000,357.06,298.91686
2021-09-19T07:00:00.000000000,355.47,300.07523
2021-09-19T08:00:00.000000000,347.5,304.36164
2021-09-19T09:00:00.000000000,345.91,313.95863
2021-09-19T10:00:00.000000000,345.2,324.95638
2021-09-19T11:00:00.000000000,346.18,335.57462
2021-09-19T12:00:00.000000000,354.3,341.45248
2021-09-19T13:00:00.000000000,361.78,344.36249
2021-09-19T14:00:00.000000000,347.35,349.49046
2021-09-19T15:00:00.000000000,338.48,355.34776
2021-09-19T16:00:00.000000000,330.76,356.4059
2021-09-19T17:00:00.000000000,342.62,356.86463
2021-09-19T18:00:00.000000000,353.45,355.37321
2021-09-19T19:00:00.000000000,356.87,353.08581
2021-09-19T20:00:00.000000000,355.86,352.03975
2021-09-19T21:00:00.000000000,354.88,350.8411
2021-09-19T22:00:00.000000000,352.02,352.13916
2021-09-19T23:00:00.000000000,347.44,350.10771
2021-09-17T00:00:00.000000000,347.68,365.83075
2021-09-17T01:00:00.000000000,361.01,359.75095
2021-09-17T02:00:00.000000000,346.23,349.73724
2021-09-17T03:00:00.000000000,325.76,339.03968
2021-09-17T04:00:00.000000000,311.21,329.36798
2021-09-17T05:00:00.000000000,301.02,320.37938
2021-09-17T06:00:00.000000000,284.51,313.65748
2021-09-17T07:00:00.000000000,266.96,308.96268
2021-09-17T08:00:00.000000000,260.9,307.04004
2021-09-17T09:00:00.000000000,262.04,310.88686
2021-09-17T10:00:00.000000000,270.11,317.32015
2021-09-17T11:00:00.000000000,282.12,325.00288
2021-09-17T12:00:00.000000000,296.37,329.53282
2021-09-17T13:00:00.000000000,311.5,332.81522
2021-09-17T14:00:00.000000000,308.12,340.22808
2021-09-17T15:00:00.000000000,300.27,349.50713
2021-09-17T16:00:00.000000000,300.36,354.77798
2021-09-17T17:00:00.000000000,313.02,358.83013
2021-09-17T18:00:00.000000000,331.41,360.46932
2021-09-17T19:00:00.000000000,342.51,360.1914
2021-09-17T20:00:00.000000000,347.5,360.48432
2021-09-17T21:00:00.000000000,350.11,361.77351
2021-09-17T22:00:00.000000000,349.55,365.5608
2021-09-17T23:00:00.000000000,350.3,365.62384
2021-09-18T00:00:00.000000000,356.48,375.90771
2021-09-18T01:00:00.000000000,366.47,366.27998
2021-09-18T02:00:00.000000000,345.51,356.08865
2021-09-18T03:00:00.000000000,319.55,348.6556
2021-09-18T04:00:00.000000000,317.44,345.75141
2021-09-18T05:00:00.000000000,318.14,343.79045
2021-09-18T06:00:00.000000000,313.9,343.4904
2021-09-18T07:00:00.000000000,325.38,344.78387
2021-09-18T08:00:00.000000000,354.3,347.94724
2021-09-18T09:00:00.000000000,353.54,354.85648
2021-09-18T10:00:00.000000000,344.93,362.58162
2021-09-18T11:00:00.000000000,347.75,371.08997
2021-09-18T12:00:00.000000000,360.08,375.82997
2021-09-18T13:00:00.000000000,381.39,378.09143
2021-09-18T14:00:00.000000000,371.01,384.08074
2021-09-18T15:00:00.000000000,363.82,391.38742
2021-09-18T16:00:00.000000000,363.3,392.69081
2021-09-18T17:00:00.000000000,365.17,391.87255
2021-09-18T18:00:00.000000000,364.18,388.20587
2021-09-18T19:00:00.000000000,363.35,383.02067
2021-09-18T20:00:00.000000000,360.5,377.80251
2021-09-18T21:00:00.000000000,361.37,371.48935
2021-09-18T22:00:00.000000000,356.35,366.3755
2021-09-18T23:00:00.000000000,357.4,358.75554
2021-09-19T00:00:00.000000000,363.49,361.94711
2021-09-19T01:00:00.000000000,371.51,352.43825
2021-09-19T02:00:00.000000000,366.32,338.4614
2021-09-19T03:00:00.000000000,360.65,325.45218
2021-09-19T04:00:00.000000000,359.6,315.74667
2021-09-19T05:00:00.000000000,359.88,308.53944
2021-09-19T06:00:00.000000000,357.06,305.00804
2021-09-19T07:00:00.000000000,355.47,304.76797
2021-09-19T08:00:00.000000000,347.5,307.67246
2021-09-19T09:00:00.000000000,345.91,316.26982
2021-09-19T10:00:00.000000000,345.2,326.79883
2021-09-19T11:00:00.000000000,346.18,337.25863
2021-09-19T12:00:00.000000000,354.3,342.9924
2021-09-19T13:00:00.000000000,361.78,345.68637
2021-09-19T14:00:00.000000000,347.35,350.54514
2021-09-19T15:00:00.000000000,338.48,355.98317
2021-09-19T16:00:00.000000000,330.76,356.65173
2021-09-19T17:00:00.000000000,342.62,356.65076
2021-09-19T18:00:00.000000000,353.45,354.77726
2021-09-19T19:00:00.000000000,356.87,352.39986
2021-09-19T20:00:00.000000000,355.86,351.89707
2021-09-19T21:00:00.000000000,354.88,351.85995
2021-09-19T22:00:00.000000000,352.02,354.51288
2021-09-19T23:00:00.000000000,347.44,353.89191
2021-09-20T00:00:00.000000000,350.63,332.47807
2021-09-20T01:00:00.000000000,358.47,322.88504
2021-09-20T02:00:00.000000000,339.03,306.36603
2021-09-20T03:00:00.000000000,308.99,289.26072
2021-09-20T04:00:00.000000000,285.12,272.62609
2021-09-20T05:00:00.000000000,267.26,258.30969
2021-09-20T06:00:00.000000000,253.04,246.74249
2021-09-20T07:00:00.000000000,249.99,238.99732
2021-09-20T08:00:00.000000000,244.71,236.54751
2021-09-20T09:00:00.000000000,245.06,241.35611
2021-09-20T10:00:00.000000000,248.91,247.83583
2021-09-20T11:00:00.000000000,256.11,255.16038
2021-09-20T12:00:00.000000000,263.68,258.97197
2021-09-20T13:00:00.000000000,269.84,262.40305
2021-09-20T14:00:00.000000000,273.98,269.28709
2021-09-20T15:00:00.000000000,278.78,277.69624
2021-09-20T16:00:00.000000000,279.83,283.49109
2021-09-20T17:00:00.000000000,292.69,288.28492
2021-09-20T18:00:00.000000000,311.1,292.37324
2021-09-20T19:00:00.000000000,319.25,294.16123
2021-09-20T20:00:00.000000000,325.52,298.05717
2021-09-20T21:00:00.000000000,331.82,302.75276
2021-09-20T22:00:00.000000000,333.05,309.41135
2021-09-20T23:00:00.000000000,332.32,313.47724
2021-09-18T00:00:00.000000000,356.48,380.84599
2021-09-18T01:00:00.000000000,366.47,372.08799
2021-09-18T02:00:00.000000000,345.51,361.47375
2021-09-18T03:00:00.000000000,319.55,352.60646
2021-09-18T04:00:00.000000000,317.44,346.86146
2021-09-18T05:00:00.000000000,318.14,341.84363
2021-09-18T06:00:00.000000000,313.9,338.40512
2021-09-18T07:00:00.000000000,325.38,336.39972
2021-09-18T08:00:00.000000000,354.3,336.21859
2021-09-18T09:00:00.000000000,353.54,340.76045
2021-09-18T10:00:00.000000000,344.93,347.3958
2021-09-18T11:00:00.000000000,347.75,355.64095
2021-09-18T12:00:00.000000000,360.08,361.30768
2021-09-18T13:00:00.000000000,381.39,365.02892
2021-09-18T14:00:00.000000000,371.01,372.34979
2021-09-18T15:00:00.000000000,363.82,380.43537
2021-09-18T16:00:00.000000000,363.3,382.61565
2021-09-18T17:00:00.000000000,365.17,382.92234
2021-09-18T18:00:00.000000000,364.18,380.88074
2021-09-18T19:00:00.000000000,363.35,377.88768
2021-09-18T20:00:00.000000000,360.5,375.70202
2021-09-18T21:00:00.000000000,361.37,373.20879
2021-09-18T22:00:00.000000000,356.35,372.25896
2021-09-18T23:00:00.000000000,357.4,368.14522
2021-09-19T00:00:00.000000000,363.49,375.40929
2021-09-19T01:00:00.000000000,371.51,366.89553
2021-09-19T02:00:00.000000000,366.32,354.67778
2021-09-19T03:00:00.000000000,360.65,343.18579
2021-09-19T04:00:00.000000000,359.6,334.28617
2021-09-19T05:00:00.000000000,359.88,326.97457
2021-09-19T06:00:00.000000000,357.06,322.58803
2021-09-19T07:00:00.000000000,355.47,321.09435
2021-09-19T08:00:00.000000000,347.5,322.5172
2021-09-19T09:00:00.000000000,345.91,329.61943
2021-09-19T10:00:00.000000000,345.2,338.90619
2021-09-19T11:00:00.000000000,346.18,348.35774
2021-09-19T12:00:00.000000000,354.3,353.37476
2021-09-19T13:00:00.000000000,361.78,355.5323
2021-09-19T14:00:00.000000000,347.35,360.56738
2021-09-19T15:00:00.000000000,338.48,366.31333
2021-09-19T16:00:00.000000000,330.76,367.12544
2021-09-19T17:00:00.000000000,342.62,367.00864
2021-09-19T18:00:00.000000000,353.45,364.93447
2021-09-19T19:00:00.000000000,356.87,362.61432
2021-09-19T20:00:00.000000000,355.86,362.20724
2021-09-19T21:00:00.000000000,354.88,362.40717
2021-09-19T22:00:00.000000000,352.02,364.96182
2021-09-19T23:00:00.000000000,347.44,364.20245
2021-09-20T00:00:00.000000000,350.63,343.00091
2021-09-20T01:00:00.000000000,358.47,333.75668
2021-09-20T02:00:00.000000000,339.03,318.11369
2021-09-20T03:00:00.000000000,308.99,301.51047
2021-09-20T04:00:00.000000000,285.12,284.759
2021-09-20T05:00:00.000000000,267.26,269.66684
2021-09-20T06:00:00.000000000,253.04,256.92968
2021-09-20T07:00:00.000000000,249.99,247.6439
2021-09-20T08:00:00.000000000,244.71,243.62287
2021-09-20T09:00:00.000000000,245.06,247.23373
2021-09-20T10:00:00.000000000,248.91,253.10214
2021-09-20T11:00:00.000000000,256.11,260.70831
2021-09-20T12:00:00.000000000,263.68,265.05128
2021-09-20T13:00:00.000000000,269.84,268.81311
2021-09-20T14:00:00.000000000,273.98,276.02932
2021-09-20T15:00:00.000000000,278.78,284.53133
2021-09-20T16:00:00.000000000,279.83,290.62313
2021-09-20T17:00:00.000000000,292.69,295.33946
2021-09-20T18:00:00.000000000,311.1,299.14454
2021-09-20T19:00:00.000000000,319.25,300.70612
2021-09-20T20:00:00.000000000,325.52,304.28189
2021-09-20T21:00:00.000000000,331.82,308.86432
2021-09-20T22:00:00.000000000,333.05,315.5351
2021-09-20T23:00:00.000000000,332.32,319.67474
2021-09-21T00:00:00.000000000,333.16,325.00091
2021-09-21T01:00:00.000000000,332.39,315.91545
2021-09-21T02:00:00.000000000,321.8,300.53733
2021-09-21T03:00:00.000000000,312.56,284.88355
2021-09-21T04:00:00.000000000,302.18,269.84947
2021-09-21T05:00:00.000000000,296.58,257.44699
2021-09-21T06:00:00.000000000,293.53,248.511
2021-09-21T07:00:00.000000000,282.53,243.44948
2021-09-21T08:00:00.000000000,272.45,242.8798
2021-09-21T09:00:00.000000000,260.07,249.01207
2021-09-21T10:00:00.000000000,260.43,256.16112
2021-09-21T11:00:00.000000000,273.17,263.56437
2021-09-21T12:00:00.000000000,282.28,267.67525
2021-09-21T13:00:00.000000000,283.32,271.49129
2021-09-21T14:00:00.000000000,284.32,278.75612
2021-09-21T15:00:00.000000000,276.84,287.69753
2021-09-21T16:00:00.000000000,281.09,293.84301
2021-09-21T17:00:00.000000000,288.45,298.91637
2021-09-21T18:00:00.000000000,293.99,303.35016
2021-09-21T19:00:00.000000000,297.94,305.63036
2021-09-21T20:00:00.000000000,300.02,309.57564
2021-09-21T21:00:00.000000000,296.43,313.52445
2021-09-21T22:00:00.000000000,297.41,319.60242
2021-09-21T23:00:00.000000000,299.26,322.49497
2021-09-19T00:00:00.000000000,363.49,369.71567
2021-09-19T01:00:00.000000000,371.51,361.49996
2021-09-19T02:00:00.000000000,366.32,348.42551
2021-09-19T03:00:00.000000000,360.65,335.08199
2021-09-19T04:00:00.000000000,359.6,323.41847
2021-09-19T05:00:00.000000000,359.88,313.60496
2021-09-19T06:00:00.000000000,357.06,307.42675
2021-09-19T07:00:00.000000000,355.47,304.61049
2021-09-19T08:00:00.000000000,347.5,305.02734
2021-09-19T09:00:00.000000000,345.91,311.70319
2021-09-19T10:00:00.000000000,345.2,320.63186
2021-09-19T11:00:00.000000000,346.18,330.17459
2021-09-19T12:00:00.000000000,354.3,335.67009
2021-09-19T13:00:00.000000000,361.78,338.66697
2021-09-19T14:00:00.000000000,347.35,345.06916
2021-09-19T15:00:00.000000000,338.48,352.7987
2021-09-19T16:00:00.000000000,330.76,356.44872
2021-09-19T17:00:00.000000000,342.62,358.74878
2021-09-19T18:00:00.000000000,353.45,358.61874
2021-09-19T19:00:00.000000000,356.87,357.44709
2021-09-19T20:00:00.000000000,355.86,357.79846
2021-09-19T21:00:00.000000000,354.88,359.15506
2021-09-19T22:00:00.000000000,352.02,363.71812
2021-09-19T23:00:00.000000000,347.44,365.05186
2021-09-20T00:00:00.000000000,350.63,359.18311
2021-09-20T01:00:00.000000000,358.47,350.70136
2021-09-20T02:00:00.000000000,339.03,336.43514
2021-09-20T03:00:00.000000000,308.99,320.41592
2021-09-20T04:00:00.000000000,285.12,304.03521
2021-09-20T05:00:00.000000000,267.26,289.15861
2021-09-20T06:00:00.000000000,253.04,276.97564
2021-09-20T07:00:00.000000000,249.99,268.24551
2021-09-20T08:00:00.000000000,244.71,264.23499
2021-09-20T09:00:00.000000000,245.06,267.68591
2021-09-20T10:00:00.000000000,248.91,273.27315
2021-09-20T11:00:00.000000000,256.11,280.98628
2021-09-20T12:00:00.000000000,263.68,285.45254
2021-09-20T13:00:00.000000000,269.84,288.57803
2021-09-20T14:00:00.000000000,273.98,295.52843
2021-09-20T15:00:00.000000000,278.78,303.774
2021-09-20T16:00:00.000000000,279.83,310.10216
2021-09-20T17:00:00.000000000,292.69,314.89176
2021-09-20T18:00:00.000000000,311.1,318.58953
2021-09-20T19:00:00.000000000,319.25,320.7674
2021-09-20T20:00:00.000000000,325.52,324.44324
2021-09-20T21:00:00.000000000,331.82,329.42816
2021-09-20T22:00:00.000000000,333.05,336.89759
2021-09-20T23:00:00.000000000,332.32,341.52043
2021-09-21T00:00:00.000000000,333.16,336.02095
2021-09-21T01:00:00.000000000,332.39,327.36766
2021-09-21T02:00:00.000000000,321.8,312.48264
2021-09-21T03:00:00.000000000,312.56,296.86373
2021-09-21T04:00:00.000000000,302.18,281.35063
2021-09-21T05:00:00.000000000,296.58,267.6808
2021-09-21T06:00:00.000000000,293.53,256.40844
2021-09-21T07:00:00.000000000,282.53,248.42693
2021-09-21T08:00:00.000000000,272.45,245.21688
2021-09-21T09:00:00.000000000,260.07,249.03245
2021-09-21T10:00:00.000000000,260.43,254.42613
2021-09-21T11:00:00.000000000,273.17,260.91289
2021-09-21T12:00:00.000000000,282.28,264.19751
2021-09-21T13:00:00.000000000,283.32,267.18998
2021-09-21T14:00:00.000000000,284.32,273.64956
2021-09-21T15:00:00.000000000,276.84,281.5389
2021-09-21T16:00:00.000000000,281.09,287.15949
2021-09-21T17:00:00.000000000,288.45,291.7916
2021-09-21T18:00:00.000000000,293.99,296.01772
2021-09-21T19:00:00.000000000,297.94,298.25364
2021-09-21T20:00:00.000000000,300.02,302.53222
2021-09-21T21:00:00.000000000,296.43,307.45166
2021-09-21T22:00:00.000000000,297.41,314.2131
2021-09-21T23:00:00.000000000,299.26,318.30086
2021-09-22T00:00:00.000000000,303.95,340.85464
2021-09-22T01:00:00.000000000,329.6,334.93614
2021-09-22T02:00:00.000000000,344.15,323.5193
2021-09-22T03:00:00.000000000,337.59,311.0866
2021-09-22T04:00:00.000000000,334.41,300.13758
2021-09-22T05:00:00.000000000,328.72,291.64891
2021-09-22T06:00:00.000000000,324.94,287.15883
2021-09-22T07:00:00.000000000,336.82,286.74658
2021-09-22T08:00:00.000000000,323.79,290.37474
2021-09-22T09:00:00.000000000,330.28,299.7658
2021-09-22T10:00:00.000000000,328.03,309.56764
2021-09-22T11:00:00.000000000,335.53,317.31192
2021-09-22T12:00:00.000000000,348.49,319.01959
2021-09-22T13:00:00.000000000,353.24,318.68594
2021-09-22T14:00:00.000000000,336.01,320.98049
2021-09-22T15:00:00.000000000,303.51,324.6254
2021-09-22T16:00:00.000000000,289.73,324.96766
2021-09-22T17:00:00.000000000,291.9,325.19923
2021-09-22T18:00:00.000000000,300.28,325.34884
2021-09-22T19:00:00.000000000,307.26,325.60997
2021-09-22T20:00:00.000000000,315.19,328.61116
2021-09-22T21:00:00.000000000,326.52,333.42726
2021-09-22T22:00:00.000000000,344.26,341.07542
2021-09-22T23:00:00.000000000,351.21,345.14052
2021-09-20T00:00:00.000000000,350.63,353.16872
2021-09-20T01:00:00.000000000,358.47,342.45802
2021-09-20T02:00:00.000000000,339.03,324.41326
2021-09-20T03:00:00.000000000,308.99,304.74455
2021-09-20T04:00:00.000000000,285.12,284.84955
2021-09-20T05:00:00.000000000,267.26,268.09203
2021-09-20T06:00:00.000000000,253.04,255.69331
2021-09-20T07:00:00.000000000,249.99,248.60001
2021-09-20T08:00:00.000000000,244.71,247.0134
2021-09-20T09:00:00.000000000,245.06,253.44461
2021-09-20T10:00:00.000000000,248.91,262.12283
2021-09-20T11:00:00.000000000,256.11,272.33634
2021-09-20T12:00:00.000000000,263.68,278.51791
2021-09-20T13:00:00.000000000,269.84,282.72337
2021-09-20T14:00:00.000000000,273.98,290.60008
2021-09-20T15:00:00.000000000,278.78,300.33211
2021-09-20T16:00:00.000000000,279.83,307.31684
2021-09-20T17:00:00.000000000,292.69,312.13382
2021-09-20T18:00:00.000000000,311.1,314.58461
2021-09-20T19:00:00.000000000,319.25,314.85822
2021-09-20T20:00:00.000000000,325.52,317.16282
2021-09-20T21:00:00.000000000,331.82,321.21499
2021-09-20T22:00:00.000000000,333.05,328.5345
2021-09-20T23:00:00.000000000,332.32,333.06726
2021-09-21T00:00:00.000000000,333.16,328.46626
2021-09-21T01:00:00.000000000,332.39,321.58815
2021-09-21T02:00:00.000000000,321.8,308.84415
2021-09-21T03:00:00.000000000,312.56,295.48491
2021-09-21T04:00:00.000000000,302.18,282.78243
2021-09-21T05:00:00.000000000,296.58,271.68489
2021-09-21T06:00:00.000000000,293.53,261.8584
2021-09-21T07:00:00.000000000,282.53,254.74779
2021-09-21T08:00:00.000000000,272.45,251.64789
2021-09-21T09:00:00.000000000,260.07,254.55657
2021-09-21T10:00:00.000000000,260.43,257.81403
2021-09-21T11:00:00.000000000,273.17,261.47562
2021-09-21T12:00:00.000000000,282.28,262.2429
2021-09-21T13:00:00.000000000,283.32,263.21112
2021-09-21T14:00:00.000000000,284.32,268.07584
2021-09-21T15:00:00.000000000,276.84,274.49969
2021-09-21T16:00:00.000000000,281.09,279.28149
2021-09-21T17:00:00.000000000,288.45,284.15235
2021-09-21T18:00:00.000000000,293.99,289.72886
2021-09-21T19:00:00.000000000,297.94,294.09909
2021-09-21T20:00:00.000000000,300.02,300.44096
2021-09-21T21:00:00.000000000,296.43,307.1385
2021-09-21T22:00:00.000000000,297.41,315.0326
2021-09-21T23:00:00.000000000,299.26,319.99512
2021-09-22T00:00:00.000000000,303.95,335.81469
2021-09-22T01:00:00.000000000,329.6,332.86694
2021-09-22T02:00:00.000000000,344.15,324.0034
2021-09-22T03:00:00.000000000,337.59,312.96494
2021-09-22T04:00:00.000000000,334.41,301.76122
2021-09-22T05:00:00.000000000,328.72,292.43405
2021-09-22T06:00:00.000000000,324.94,286.55259
2021-09-22T07:00:00.000000000,336.82,284.8067
2021-09-22T08:00:00.000000000,323.79,287.34506
2021-09-22T09:00:00.000000000,330.28,295.2405
2021-09-22T10:00:00.000000000,328.03,302.40161
2021-09-22T11:00:00.000000000,335.53,305.843
2021-09-22T12:00:00.000000000,348.49,302.2531
2021-09-22T13:00:00.000000000,353.24,298.07632
2021-09-22T14:00:00.000000000,336.01,297.78555
2021-09-22T15:00:00.000000000,303.51,299.10905
2021-09-22T16:00:00.000000000,289.73,298.50961
2021-09-22T17:00:00.000000000,291.9,298.46298
2021-09-22T18:00:00.000000000,300.28,300.13361
2021-09-22T19:00:00.000000000,307.26,302.68183
2021-09-22T20:00:00.000000000,315.19,309.09355
2021-09-22T21:00:00.000000000,326.52,317.85895
2021-09-22T22:00:00.000000000,344.26,328.6559
2021-09-22T23:00:00.000000000,351.21,335.9693
2021-09-23T00:00:00.000000000,374.57,332.30371
2021-09-23T01:00:00.000000000,396.35,325.47204
2021-09-23T02:00:00.000000000,388.61,311.46835
2021-09-23T03:00:00.000000000,376.96,295.97268
2021-09-23T04:00:00.000000000,358.26,281.02784
2021-09-23T05:00:00.000000000,331.14,269.40685
2021-09-23T06:00:00.000000000,302.22,261.95525
2021-09-23T07:00:00.000000000,275.9,259.1881
2021-09-23T08:00:00.000000000,254.49,260.87104
2021-09-23T09:00:00.000000000,235.02,269.00891
2021-09-23T10:00:00.000000000,226.07,277.32862
2021-09-23T11:00:00.000000000,246.11,283.37192
2021-09-23T12:00:00.000000000,267.5,283.42911
2021-09-23T13:00:00.000000000,272.36,282.20563
2021-09-23T14:00:00.000000000,248.83,284.39289
2021-09-23T15:00:00.000000000,257.57,288.64414
2021-09-23T16:00:00.000000000,256.72,291.2191
2021-09-23T17:00:00.000000000,262.74,294.3556
2021-09-23T18:00:00.000000000,285.39,297.9621
2021-09-23T19:00:00.000000000,300.37,301.27763
2021-09-23T20:00:00.000000000,310.57,307.68108
2021-09-23T21:00:00.000000000,317.69,315.38279
2021-09-23T22:00:00.000000000,324.85,325.65239
2021-09-23T23:00:00.000000000,325.61,332.31254
2021-09-21T00:00:00.000000000,333.16,333.65902
2021-09-21T01:00:00.000000000,332.39,325.30182
2021-09-21T02:00:00.000000000,321.8,310.45125
2021-09-21T03:00:00.000000000,312.56,294.85357
2021-09-21T04:00:00.000000000,302.18,280.20858
2021-09-21T05:00:00.000000000,296.58,267.58616
2021-09-21T06:00:00.000000000,293.53,256.61789
2021-09-21T07:00:00.000000000,282.53,249.14668
2021-09-21T08:00:00.000000000,272.45,246.52393
2021-09-21T09:00:00.000000000,260.07,250.33271
2021-09-21T10:00:00.000000000,260.43,254.72834
2021-09-21T11:00:00.000000000,273.17,259.66348
2021-09-21T12:00:00.000000000,282.28,261.23849
2021-09-21T13:00:00.000000000,283.32,262.45713
2021-09-21T14:00:00.000000000,284.32,267.68746
2021-09-21T15:00:00.000000000,276.84,274.58239
2021-09-21T16:00:00.000000000,281.09,279.58873
2021-09-21T17:00:00.000000000,288.45,284.39443
2021-09-21T18:00:00.000000000,293.99,289.22834
2021-09-21T19:00:00.000000000,297.94,292.56809
2021-09-21T20:00:00.000000000,300.02,297.76177
2021-09-21T21:00:00.000000000,296.43,303.84921
2021-09-21T22:00:00.000000000,297.41,311.36059
2021-09-21T23:00:00.000000000,299.26,316.32374
2021-09-22T00:00:00.000000000,303.95,338.20909
2021-09-22T01:00:00.000000000,329.6,338.71691
2021-09-22T02:00:00.000000000,344.15,334.75457
2021-09-22T03:00:00.000000000,337.59,328.09916
2021-09-22T04:00:00.000000000,334.41,321.47103
2021-09-22T05:00:00.000000000,328.72,314.94027
2021-09-22T06:00:00.000000000,324.94,309.50221
2021-09-22T07:00:00.000000000,336.82,307.02302
2021-09-22T08:00:00.000000000,323.79,308.5649
2021-09-22T09:00:00.000000000,330.28,314.42043
2021-09-22T10:00:00.000000000,328.03,318.12651
2021-09-22T11:00:00.000000000,335.53,316.78077
2021-09-22T12:00:00.000000000,348.49,307.7551
2021-09-22T13:00:00.000000000,353.24,298.82562
2021-09-22T14:00:00.000000000,336.01,295.14299
2021-09-22T15:00:00.000000000,303.51,293.81884
2021-09-22T16:00:00.000000000,289.73,292.46589
2021-09-22T17:00:00.000000000,291.9,293.60915
2021-09-22T18:00:00.000000000,300.28,298.19976
2021-09-22T19:00:00.000000000,307.26,304.90423
2021-09-22T20:00:00.000000000,315.19,314.60468
2021-09-22T21:00:00.000000000,326.52,326.30333
2021-09-22T22:00:00.000000000,344.26,338.65987
2021-09-22T23:00:00.000000000,351.21,346.86049
2021-09-23T00:00:00.000000000,374.57,338.03198
2021-09-23T01:00:00.000000000,396.35,331.45235
2021-09-23T02:00:00.000000000,388.61,318.71239
2021-09-23T03:00:00.000000000,376.96,304.49456
2021-09-23T04:00:00.000000000,358.26,290.54479
2021-09-23T05:00:00.000000000,331.14,278.90092
2021-09-23T06:00:00.000000000,302.22,270.70379
2021-09-23T07:00:00.000000000,275.9,266.66291
2021-09-23T08:00:00.000000000,254.49,267.37844
2021-09-23T09:00:00.000000000,235.02,274.53998
2021-09-23T10:00:00.000000000,226.07,281.96547
2021-09-23T11:00:00.000000000,246.11,287.21215
2021-09-23T12:00:00.000000000,267.5,286.35006
2021-09-23T13:00:00.000000000,272.36,284.41247
2021-09-23T14:00:00.000000000,248.83,286.17363
2021-09-23T15:00:00.000000000,257.57,290.07986
2021-09-23T16:00:00.000000000,256.72,292.73121
2021-09-23T17:00:00.000000000,262.74,296.03808
2021-09-23T18:00:00.000000000,285.39,300.04372
2021-09-23T19:00:00.000000000,300.37,303.79424
2021-09-23T20:00:00.000000000,310.57,310.26923
2021-09-23T21:00:00.000000000,317.69,317.73067
2021-09-23T22:00:00.000000000,324.85,327.19919
2021-09-23T23:00:00.000000000,325.61,332.99631
2021-09-24T00:00:00.000000000,337.76,330.01943
2021-09-24T01:00:00.000000000,351.16,322.51679
2021-09-24T02:00:00.000000000,310.54,307.61073
2021-09-24T03:00:00.000000000,276.96,291.41796
2021-09-24T04:00:00.000000000,247.27,276.29332
2021-09-24T05:00:00.000000000,215.41,264.82384
2021-09-24T06:00:00.000000000,198.37,257.86978
2021-09-24T07:00:00.000000000,188.96,255.81964
2021-09-24T08:00:00.000000000,183.77,258.14696
2021-09-24T09:00:00.000000000,186.5,267.32146
2021-09-24T10:00:00.000000000,199.61,277.16695
2021-09-24T11:00:00.000000000,207.87,285.21238
2021-09-24T12:00:00.000000000,239.27,287.49838
2021-09-24T13:00:00.000000000,261.63,288.13691
2021-09-24T14:00:00.000000000,267.41,291.91959
2021-09-24T15:00:00.000000000,292.9,297.90631
2021-09-24T16:00:00.000000000,295.98,301.75038
2021-09-24T17:00:00.000000000,308.87,305.98321
2021-09-24T18:00:00.000000000,322.24,309.72808
2021-09-24T19:00:00.000000000,330.28,312.72995
2021-09-24T20:00:00.000000000,331.1,318.33709
2021-09-24T21:00:00.000000000,334.71,325.04316
2021-09-24T22:00:00.000000000,342.63,335.04263
2021-09-24T23:00:00.000000000,350.87,340.90226
2021-09-22T00:00:00.000000000,303.95,329.98736
2021-09-22T01:00:00.000000000,329.6,323.81802
2021-09-22T02:00:00.000000000,344.15,311.88763
2021-09-22T03:00:00.000000000,337.59,298.87714
2021-09-22T04:00:00.000000000,334.41,287.16061
2021-09-22T05:00:00.000000000,328.72,278.19227
2021-09-22T06:00:00.000000000,324.94,271.77038
2021-09-22T07:00:00.000000000,336.82,269.10061
2021-09-22T08:00:00.000000000,323.79,269.80373
2021-09-22T09:00:00.000000000,330.28,275.31063
2021-09-22T10:00:00.000000000,328.03,279.28958
2021-09-22T11:00:00.000000000,335.53,281.94388
2021-09-22T12:00:00.000000000,348.49,280.54388
2021-09-22T13:00:00.000000000,353.24,278.39041
2021-09-22T14:00:00.000000000,336.01,280.36995
2021-09-22T15:00:00.000000000,303.51,284.40389
2021-09-22T16:00:00.000000000,289.73,287.19115
2021-09-22T17:00:00.000000000,291.9,290.36693
2021-09-22T18:00:00.000000000,300.28,294.46153
2021-09-22T19:00:00.000000000,307.26,298.47269
2021-09-22T20:00:00.000000000,315.19,304.30747
2021-09-22T21:00:00.000000000,326.52,310.9353
2021-09-22T22:00:00.000000000,344.26,319.12807
2021-09-22T23:00:00.000000000,351.21,324.67764
2021-09-23T00:00:00.000000000,374.57,340.2378
2021-09-23T01:00:00.000000000,396.35,334.46461
2021-09-23T02:00:00.000000000,388.61,322.57751
2021-09-23T03:00:00.000000000,376.96,308.93258
2021-09-23T04:00:00.000000000,358.26,295.65038
2021-09-23T05:00:00.000000000,331.14,284.66793
2021-09-23T06:00:00.000000000,302.22,277.20354
2021-09-23T07:00:00.000000000,275.9,274.0862
2021-09-23T08:00:00.000000000,254.49,275.66318
2021-09-23T09:00:00.000000000,235.02,283.58598
2021-09-23T10:00:00.000000000,226.07,291.5747
2021-09-23T11:00:00.000000000,246.11,296.68425
2021-09-23T12:00:00.000000000,267.5,294.99558
2021-09-23T13:00:00.000000000,272.36,291.97748
2021-09-23T14:00:00.000000000,248.83,292.77677
2021-09-23T15:00:00.000000000,257.57,295.98636
2021-09-23T16:00:00.000000000,256.72,298.05966
2021-09-23T17:00:00.000000000,262.74,301.22645
2021-09-23T18:00:00.000000000,285.39,305.09771
2021-09-23T19:00:00.000000000,300.37,309.1602
2021-09-23T20:00:00.000000000,310.57,316.07856
2021-09-23T21:00:00.000000000,317.69,324.24135
2021-09-23T22:00:00.000000000,324.85,334.67069
2021-09-23T23:00:00.000000000,325.61,340.95987
2021-09-24T00:00:00.000000000,337.76,340.75126
2021-09-24T01:00:00.000000000,351.16,333.41152
2021-09-24T02:00:00.000000000,310.54,318.37976
2021-09-24T03:00:00.000000000,276.96,301.66847
2021-09-24T04:00:00.000000000,247.27,285.22838
2021-09-24T05:00:00.000000000,215.41,272.31076
2021-09-24T06:00:00.000000000,198.37,263.93393
2021-09-24T07:00:00.000000000,188.96,260.44166
2021-09-24T08:00:00.000000000,183.77,261.69848
2021-09-24T09:00:00.000000000,186.5,270.20847
2021-09-24T10:00:00.000000000,199.61,280.08127
2021-09-24T11:00:00.000000000,207.87,287.60906
2021-09-24T12:00:00.000000000,239.27,288.22074
2021-09-24T13:00:00.000000000,261.63,286.88679
2021-09-24T14:00:00.000000000,267.41,288.39117
2021-09-24T15:00:00.000000000,292.9,291.93384
2021-09-24T16:00:00.000000000,295.98,293.64421
2021-09-24T17:00:00.000000000,308.87,296.20791
2021-09-24T18:00:00.000000000,322.24,298.75343
2021-09-24T19:00:00.000000000,330.28,301.05493
2021-09-24T20:00:00.000000000,331.1,307.20144
2021-09-24T21:00:00.000000000,334.71,315.22144
2021-09-24T22:00:00.000000000,342.63,326.34537
2021-09-24T23:00:00.000000000,350.87,333.60732
2021-09-25T00:00:00.000000000,364.2,346.07446
2021-09-25T01:00:00.000000000,373.77,335.51475
2021-09-25T02:00:00.000000000,349.13,320.61454
2021-09-25T03:00:00.000000000,317.35,307.28805
2021-09-25T04:00:00.000000000,305.91,298.42045
2021-09-25T05:00:00.000000000,301.82,292.88036
2021-09-25T06:00:00.000000000,284.23,291.76783
2021-09-25T07:00:00.000000000,274.8,294.32864
2021-09-25T08:00:00.000000000,273.53,300.23229
2021-09-25T09:00:00.000000000,285.19,311.43943
2021-09-25T10:00:00.000000000,303.0,323.99171
2021-09-25T11:00:00.000000000,318.49,335.61246
2021-09-25T12:00:00.000000000,339.13,341.8901
2021-09-25T13:00:00.000000000,356.38,344.93584
2021-09-25T14:00:00.000000000,344.11,349.55913
2021-09-25T15:00:00.000000000,332.44,354.89513
2021-09-25T16:00:00.000000000,339.22,355.17591
2021-09-25T17:00:00.000000000,348.39,355.33227
2021-09-25T18:00:00.000000000,344.48,353.60305
2021-09-25T19:00:00.000000000,340.17,350.93417
2021-09-25T20:00:00.000000000,343.51,349.46073
2021-09-25T21:00:00.000000000,346.0,347.80347
2021-09-25T22:00:00.000000000,346.72,348.75275
2021-09-25T23:00:00.000000000,344.93,346.19535
2021-09-23T00:00:00.000000000,374.57,361.05797
2021-09-23T01:00:00.000000000,396.35,349.4736
2021-09-23T02:00:00.000000000,388.61,331.01826
2021-09-23T03:00:00.000000000,376.96,311.03041
2021-09-23T04:00:00.000000000,358.26,290.85938
2021-09-23T05:00:00.000000000,331.14,273.64247
2021-09-23T06:00:00.000000000,302.22,261.16282
2021-09-23T07:00:00.000000000,275.9,253.61672
2021-09-23T08:00:00.000000000,254.49,251.57224
2021-09-23T09:00:00.000000000,235.02,257.64029
2021-09-23T10:00:00.000000000,226.07,266.34676
2021-09-23T11:00:00.000000000,246.11,277.2835
2021-09-23T12:00:00.000000000,267.5,284.57162
2021-09-23T13:00:00.000000000,272.36,289.7831
2021-09-23T14:00:00.000000000,248.83,298.74529
2021-09-23T15:00:00.000000000,257.57,309.16189
2021-09-23T16:00:00.000000000,256.72,316.78889
2021-09-23T17:00:00.000000000,262.74,321.7331
2021-09-23T18:00:00.000000000,285.39,324.20524
2021-09-23T19:00:00.000000000,300.37,324.44375
2021-09-23T20:00:00.000000000,310.57,326.42129
2021-09-23T21:00:00.000000000,317.69,329.87081
2021-09-23T22:00:00.000000000,324.85,336.50562
2021-09-23T23:00:00.000000000,325.61,340.48831
2021-09-24T00:00:00.000000000,337.76,342.74202
2021-09-24T01:00:00.000000000,351.16,335.21833
2021-09-24T02:00:00.000000000,310.54,321.25989
2021-09-24T03:00:00.000000000,276.96,305.70427
2021-09-24T04:00:00.000000000,247.27,290.4609
2021-09-24T05:00:00.000000000,215.41,278.0247
2021-09-24T06:00:00.000000000,198.37,269.84573
2021-09-24T07:00:00.000000000,188.96,266.3275
2021-09-24T08:00:00.000000000,183.77,267.47886
2021-09-24T09:00:00.000000000,186.5,275.32866
2021-09-24T10:00:00.000000000,199.61,283.78784
2021-09-24T11:00:00.000000000,207.87,290.75874
2021-09-24T12:00:00.000000000,239.27,292.00957
2021-09-24T13:00:00.000000000,261.63,291.72216
2021-09-24T14:00:00.000000000,267.41,295.07769
2021-09-24T15:00:00.000000000,292.9,300.66599
2021-09-24T16:00:00.000000000,295.98,304.48222
2021-09-24T17:00:00.000000000,308.87,308.15649
2021-09-24T18:00:00.000000000,322.24,311.46102
2021-09-24T19:00:00.000000000,330.28,314.17007
2021-09-24T20:00:00.000000000,331.1,319.36918
2021-09-24T21:00:00.000000000,334.71,325.74702
2021-09-24T22:00:00.000000000,342.63,334.88682
2021-09-24T23:00:00.000000000,350.87,340.2871
2021-09-25T00:00:00.000000000,364.2,349.31011
2021-09-25T01:00:00.000000000,373.77,339.61294
2021-09-25T02:00:00.000000000,349.13,326.0734
2021-09-25T03:00:00.000000000,317.35,313.58126
2021-09-25T04:00:00.000000000,305.91,304.64651
2021-09-25T05:00:00.000000000,301.82,298.41031
2021-09-25T06:00:00.000000000,284.23,296.36488
2021-09-25T07:00:00.000000000,274.8,297.84344
2021-09-25T08:00:00.000000000,273.53,302.89882
2021-09-25T09:00:00.000000000,285.19,313.05045
2021-09-25T10:00:00.000000000,303.0,324.16061
2021-09-25T11:00:00.000000000,318.49,334.08903
2021-09-25T12:00:00.000000000,339.13,338.86977
2021-09-25T13:00:00.000000000,356.38,341.16207
2021-09-25T14:00:00.000000000,344.11,345.83748
2021-09-25T15:00:00.000000000,332.44,351.57491
2021-09-25T16:00:00.000000000,339.22,352.44311
2021-09-25T17:00:00.000000000,348.39,352.86489
2021-09-25T18:00:00.000000000,344.48,351.76776
2021-09-25T19:00:00.000000000,340.17,349.96093
2021-09-25T20:00:00.000000000,343.51,349.40779
2021-09-25T21:00:00.000000000,346.0,348.71169
2021-09-25T22:00:00.000000000,346.72,350.21018
2021-09-25T23:00:00.000000000,344.93,347.99331
2021-09-26T00:00:00.000000000,354.74,342.36169
2021-09-26T01:00:00.000000000,359.09,334.19941
2021-09-26T02:00:00.000000000,324.97,319.69945
2021-09-26T03:00:00.000000000,298.31,304.25753
2021-09-26T04:00:00.000000000,281.49,290.94332
2021-09-26T05:00:00.000000000,271.82,281.06407
2021-09-26T06:00:00.000000000,262.51,276.16678
2021-09-26T07:00:00.000000000,252.54,276.18871
2021-09-26T08:00:00.000000000,246.44,281.00015
2021-09-26T09:00:00.000000000,232.58,292.43195
2021-09-26T10:00:00.000000000,224.51,305.01682
2021-09-26T11:00:00.000000000,232.33,315.73059
2021-09-26T12:00:00.000000000,247.22,319.56127
2021-09-26T13:00:00.000000000,258.91,320.17123
2021-09-26T14:00:00.000000000,250.74,322.65576
2021-09-26T15:00:00.000000000,275.21,326.42065
2021-09-26T16:00:00.000000000,280.14,326.75967
2021-09-26T17:00:00.000000000,284.8,327.04183
2021-09-26T18:00:00.000000000,286.02,326.4481
2021-09-26T19:00:00.000000000,295.08,325.53787
2021-09-26T20:00:00.000000000,309.82,327.08535
2021-09-26T21:00:00.000000000,315.53,330.69329
2021-09-26T22:00:00.000000000,318.18,337.76424
2021-09-26T23:00:00.000000000,318.67,341.37406
2021-09-24T00:00:00.000000000,337.76,343.70074
2021-09-24T01:00:00.000000000,351.16,332.71497
2021-09-24T02:00:00.000000000,310.54,314.16883
2021-09-24T03:00:00.000000000,276.96,294.43431
2021-09-24T04:00:00.000000000,247.27,274.48589
2021-09-24T05:00:00.000000000,215.41,257.93524
2021-09-24T06:00:00.000000000,198.37,246.42154
2021-09-24T07:00:00.000000000,188.96,240.09799
2021-09-24T08:00:00.000000000,183.77,239.27562
2021-09-24T09:00:00.000000000,186.5,246.63841
2021-09-24T10:00:00.000000000,199.61,256.55525
2021-09-24T11:00:00.000000000,207.87,267.51731
2021-09-24T12:00:00.000000000,239.27,274.21268
2021-09-24T13:00:00.000000000,261.63,279.28105
2021-09-24T14:00:00.000000000,267.41,287.45487
2021-09-24T15:00:00.000000000,292.9,297.38332
2021-09-24T16:00:00.000000000,295.98,304.20062
2021-09-24T17:00:00.000000000,308.87,308.8499
2021-09-24T18:00:00.000000000,322.24,311.27843
2021-09-24T19:00:00.000000000,330.28,311.14279
2021-09-24T20:00:00.000000000,331.1,313.32077
2021-09-24T21:00:00.000000000,334.71,316.78743
2021-09-24T22:00:00.000000000,342.63,323.62315
2021-09-24T23:00:00.000000000,350.87,327.55227
2021-09-25T00:00:00.000000000,364.2,341.96311
2021-09-25T01:00:00.000000000,373.77,332.90405
2021-09-25T02:00:00.000000000,349.13,320.50404
2021-09-25T03:00:00.000000000,317.35,308.67834
2021-09-25T04:00:00.000000000,305.91,299.16149
2021-09-25T05:00:00.000000000,301.82,291.65267
2021-09-25T06:00:00.000000000,284.23,288.23975
2021-09-25T07:00:00.000000000,274.8,288.39292
2021-09-25T08:00:00.000000000,273.53,292.64894
2021-09-25T09:00:00.000000000,285.19,301.95699
2021-09-25T10:00:00.000000000,303.0,311.49188
2021-09-25T11:00:00.000000000,318.49,319.28933
2021-09-25T12:00:00.000000000,339.13,321.91355
2021-09-25T13:00:00.000000000,356.38,323.32634
2021-09-25T14:00:00.000000000,344.11,328.54033
2021-09-25T15:00:00.000000000,332.44,335.98761
2021-09-25T16:00:00.000000000,339.22,339.54232
2021-09-25T17:00:00.000000000,348.39,342.34589
2021-09-25T18:00:00.000000000,344.48,343.52341
2021-09-25T19:00:00.000000000,340.17,343.06105
2021-09-25T20:00:00.000000000,343.51,343.17272
2021-09-25T21:00:00.000000000,346.0,342.52304
2021-09-25T22:00:00.000000000,346.72,343.7771
2021-09-25T23:00:00.000000000,344.93,341.33407
2021-09-26T00:00:00.000000000,354.74,331.97547
2021-09-26T01:00:00.000000000,359.09,327.17012
2021-09-26T02:00:00.000000000,324.97,315.35843
2021-09-26T03:00:00.000000000,298.31,301.57066
2021-09-26T04:00:00.000000000,281.49,288.01356
2021-09-26T05:00:00.000000000,271.82,277.41277
2021-09-26T06:00:00.000000000,262.51,270.68721
2021-09-26T07:00:00.000000000,252.54,268.64175
2021-09-26T08:00:00.000000000,246.44,270.95675
2021-09-26T09:00:00.000000000,232.58,279.27531
2021-09-26T10:00:00.000000000,224.51,287.22467
2021-09-26T11:00:00.000000000,232.33,292.02189
2021-09-26T12:00:00.000000000,247.22,290.1145
2021-09-26T13:00:00.000000000,258.91,287.05828
2021-09-26T14:00:00.000000000,250.74,287.63322
2021-09-26T15:00:00.000000000,275.21,290.26426
2021-09-26T16:00:00.000000000,280.14,291.35808
2021-09-26T17:00:00.000000000,284.8,293.27638
2021-09-26T18:00:00.000000000,286.02,296.27735
2021-09-26T19:00:00.000000000,295.08,299.57902
2021-09-26T20:00:00.000000000,309.82,306.51549
2021-09-26T21:00:00.000000000,315.53,315.45783
2021-09-26T22:00:00.000000000,318.18,326.84543
2021-09-26T23:00:00.000000000,318.67,334.6401
2021-09-27T00:00:00.000000000,327.75,326.44317
2021-09-27T01:00:00.000000000,340.96,318.89375
2021-09-27T02:00:00.000000000,303.93,304.83589
2021-09-27T03:00:00.000000000,267.39,289.95801
2021-09-27T04:00:00.000000000,245.37,276.48013
2021-09-27T05:00:00.000000000,230.53,266.40218
2021-09-27T06:00:00.000000000,218.58,260.71591
2021-09-27T07:00:00.000000000,209.92,259.62083
2021-09-27T08:00:00.000000000,208.21,262.52661
2021-09-27T09:00:00.000000000,216.38,271.6079
2021-09-27T10:00:00.000000000,240.07,280.74739
2021-09-27T11:00:00.000000000,263.49,288.10373
2021-09-27T12:00:00.000000000,286.64,290.43458
2021-09-27T13:00:00.000000000,306.84,291.54136
2021-09-27T14:00:00.000000000,325.82,296.1151
2021-09-27T15:00:00.000000000,343.18,302.86215
2021-09-27T16:00:00.000000000,337.16,307.20427
2021-09-27T17:00:00.000000000,341.37,311.70923
2021-09-27T18:00:00.000000000,346.91,315.86719
2021-09-27T19:00:00.000000000,351.9,319.24267
2021-09-27T20:00:00.000000000,350.94,324.55408
2021-09-27T21:00:00.000000000,350.54,330.27479
2021-09-27T22:00:00.000000000,353.67,338.87348
2021-09-27T23:00:00.000000000,349.47,343.2095
2021-09-25T00:00:00.000000000,364.2,353.85554
2021-09-25T01:00:00.000000000,373.77,343.94739
2021-09-25T02:00:00.000000000,349.13,327.23857
2021-09-25T03:00:00.000000000,317.35,309.03119
2021-09-25T04:00:00.000000000,305.91,291.42745
2021-09-25T05:00:00.000000000,301.82,276.94844
2021-09-25T06:00:00.000000000,284.23,267.46575
2021-09-25T07:00:00.000000000,274.8,263.1773
2021-09-25T08:00:00.000000000,273.53,264.31305
2021-09-25T09:00:00.000000000,285.19,273.08983
2021-09-25T10:00:00.000000000,303.0,283.86224
2021-09-25T11:00:00.000000000,318.49,294.09686
2021-09-25T12:00:00.000000000,339.13,298.50671
2021-09-25T13:00:00.000000000,356.38,300.74731
2021-09-25T14:00:00.000000000,344.11,306.5825
2021-09-25T15:00:00.000000000,332.44,314.5417
2021-09-25T16:00:00.000000000,339.22,319.73505
2021-09-25T17:00:00.000000000,348.39,324.00576
2021-09-25T18:00:00.000000000,344.48,326.2841
2021-09-25T19:00:00.000000000,340.17,327.13132
2021-09-25T20:00:00.000000000,343.51,330.06802
2021-09-25T21:00:00.000000000,346.0,334.46314
2021-09-25T22:00:00.000000000,346.72,342.34617
2021-09-25T23:00:00.000000000,344.93,346.36575
2021-09-26T00:00:00.000000000,354.74,334.3922
2021-09-26T01:00:00.000000000,359.09,329.01429
2021-09-26T02:00:00.000000000,324.97,317.75964
2021-09-26T03:00:00.000000000,298.31,305.13139
2021-09-26T04:00:00.000000000,281.49,292.78796
2021-09-26T05:00:00.000000000,271.82,282.39566
2021-09-26T06:00:00.000000000,262.51,274.64525
2021-09-26T07:00:00.000000000,252.54,270.46413
2021-09-26T08:00:00.000000000,246.44,270.59319
2021-09-26T09:00:00.000000000,232.58,276.80526
2021-09-26T10:00:00.000000000,224.51,283.08812
2021-09-26T11:00:00.000000000,232.33,287.10181
2021-09-26T12:00:00.000000000,247.22,285.17842
2021-09-26T13:00:00.000000000,258.91,282.54599
2021-09-26T14:00:00.000000000,250.74,283.55772
2021-09-26T15:00:00.000000000,275.21,286.46783
2021-09-26T16:00:00.000000000,280.14,288.02038
2021-09-26T17:00:00.000000000,284.8,290.43737
2021-09-26T18:00:00.000000000,286.02,293.9888
2021-09-26T19:00:00.000000000,295.08,297.55849
2021-09-26T20:00:00.000000000,309.82,304.13613
2021-09-26T21:00:00.000000000,315.53,311.98698
2021-09-26T22:00:00.000000000,318.18,321.65304
2021-09-26T23:00:00.000000000,318.67,327.92996
2021-09-27T00:00:00.000000000,327.75,325.05009
2021-09-27T01:00:00.000000000,340.96,317.96356
2021-09-27T02:00:00.000000000,303.93,304.13368
2021-09-27T03:00:00.000000000,267.39,289.35085
2021-09-27T04:00:00.000000000,245.37,275.61993
2021-09-27T05:00:00.000000000,230.53,265.10759
2021-09-27T06:00:00.000000000,218.58,258.63878
2021-09-27T07:00:00.000000000,209.92,256.56312
2021-09-27T08:00:00.000000000,208.21,258.61296
2021-09-27T09:00:00.000000000,216.38,267.13274
2021-09-27T10:00:00.000000000,240.07,275.9229
2021-09-27T11:00:00.000000000,263.49,282.9459
2021-09-27T12:00:00.000000000,286.64,284.71733
2021-09-27T13:00:00.000000000,306.84,285.35128
2021-09-27T14:00:00.000000000,325.82,289.28457
2021-09-27T15:00:00.000000000,343.18,295.35166
2021-09-27T16:00:00.000000000,337.16,299.33708
2021-09-27T17:00:00.000000000,341.37,303.62854
2021-09-27T18:00:00.000000000,346.91,307.82566
2021-09-27T19:00:00.000000000,351.9,311.16421
2021-09-27T20:00:00.000000000,350.94,316.76877
2021-09-27T21:00:00.000000000,350.54,322.96997
2021-09-27T22:00:00.000000000,353.67,332.00855
2021-09-27T23:00:00.000000000,349.47,337.13769
2021-09-28T00:00:00.000000000,355.64,338.80183
2021-09-28T01:00:00.000000000,358.23,341.25411
2021-09-28T02:00:00.000000000,342.18,340.10052
2021-09-28T03:00:00.000000000,318.98,335.88343
2021-09-28T04:00:00.000000000,312.0,329.73879
2021-09-28T05:00:00.000000000,305.23,322.50216
2021-09-28T06:00:00.000000000,306.52,316.47442
2021-09-28T07:00:00.000000000,298.17,313.40373
2021-09-28T08:00:00.000000000,297.07,314.9323
2021-09-28T09:00:00.000000000,296.09,321.04469
2021-09-28T10:00:00.000000000,296.62,325.64508
2021-09-28T11:00:00.000000000,309.87,324.32215
2021-09-28T12:00:00.000000000,327.61,314.34482
2021-09-28T13:00:00.000000000,334.08,305.02133
2021-09-28T14:00:00.000000000,327.21,301.35692
2021-09-28T15:00:00.000000000,324.24,300.97179
2021-09-28T16:00:00.000000000,311.87,299.95172
2021-09-28T17:00:00.000000000,334.29,300.4835
2021-09-28T18:00:00.000000000,336.58,303.8648
2021-09-28T19:00:00.000000000,334.74,308.4504
2021-09-28T20:00:00.000000000,328.77,316.74252
2021-09-28T21:00:00.000000000,311.63,327.59036
2021-09-28T22:00:00.000000000,309.73,339.02529
2021-09-28T23:00:00.000000000,311.05,346.26044
2021-09-26T00:00:00.000000000,354.74,345.49887
2021-09-26T01:00:00.000000000,359.09,335.51881
2021-09-26T02:00:00.000000000,324.97,318.10399
2021-09-26T03:00:00.000000000,298.31,299.15333
2021-09-26T04:00:00.000000000,281.49,280.26801
2021-09-26T05:00:00.000000000,271.82,264.8934
2021-09-26T06:00:00.000000000,262.51,254.33931
2021-09-26T07:00:00.000000000,252.54,249.16069
2021-09-26T08:00:00.000000000,246.44,249.16643
2021-09-26T09:00:00.000000000,232.58,256.89577
2021-09-26T10:00:00.000000000,224.51,266.43307
2021-09-26T11:00:00.000000000,232.33,276.39886
2021-09-26T12:00:00.000000000,247.22,281.61289
2021-09-26T13:00:00.000000000,258.91,284.78866
2021-09-26T14:00:00.000000000,250.74,291.25164
2021-09-26T15:00:00.000000000,275.21,299.75661
2021-09-26T16:00:00.000000000,280.14,305.67768
2021-09-26T17:00:00.000000000,284.8,310.0556
2021-09-26T18:00:00.000000000,286.02,312.46701
2021-09-26T19:00:00.000000000,295.08,313.01619
2021-09-26T20:00:00.000000000,309.82,315.83119
2021-09-26T21:00:00.000000000,315.53,320.2078
2021-09-26T22:00:00.000000000,318.18,328.03335
2021-09-26T23:00:00.000000000,318.67,332.76467
2021-09-27T00:00:00.000000000,327.75,331.99019
2021-09-27T01:00:00.000000000,340.96,324.33313
2021-09-27T02:00:00.000000000,303.93,310.10376
2021-09-27T03:00:00.000000000,267.39,294.77849
2021-09-27T04:00:00.000000000,245.37,280.20795
2021-09-27T05:00:00.000000000,230.53,268.65371
2021-09-27T06:00:00.000000000,218.58,261.23446
2021-09-27T07:00:00.000000000,209.92,258.25744
2021-09-27T08:00:00.000000000,208.21,259.65412
2021-09-27T09:00:00.000000000,216.38,267.71347
2021-09-27T10:00:00.000000000,240.07,276.37536
2021-09-27T11:00:00.000000000,263.49,283.77715
2021-09-27T12:00:00.000000000,286.64,286.048
2021-09-27T13:00:00.000000000,306.84,287.06363
2021-09-27T14:00:00.000000000,325.82,291.44483
2021-09-27T15:00:00.000000000,343.18,297.95085
2021-09-27T16:00:00.000000000,337.16,302.3339
2021-09-27T17:00:00.000000000,341.37,306.5856
2021-09-27T18:00:00.000000000,346.91,310.35754
2021-09-27T19:00:00.000000000,351.9,313.113
2021-09-27T20:00:00.000000000,350.94,318.0865
2021-09-27T21:00:00.000000000,350.54,323.77466
2021-09-27T22:00:00.000000000,353.67,332.34891
2021-09-27T23:00:00.000000000,349.47,337.13913
2021-09-28T00:00:00.000000000,355.64,341.4902
2021-09-28T01:00:00.000000000,358.23,346.75436
2021-09-28T02:00:00.000000000,342.18,348.61986
2021-09-28T03:00:00.000000000,318.98,346.76516
2021-09-28T04:00:00.000000000,312.0,342.20275
2021-09-28T05:00:00.000000000,305.23,335.58182
2021-09-28T06:00:00.000000000,306.52,329.10066
2021-09-28T07:00:00.000000000,298.17,324.45513
2021-09-28T08:00:00.000000000,297.07,323.52306
2021-09-28T09:00:00.000000000,296.09,326.7588
2021-09-28T10:00:00.000000000,296.62,328.93578
2021-09-28T11:00:00.000000000,309.87,326.06624
2021-09-28T12:00:00.000000000,327.61,315.54406
2021-09-28T13:00:00.000000000,334.08,306.58763
2021-09-28T14:00:00.000000000,327.21,303.43495
2021-09-28T15:00:00.000000000,324.24,303.05149
2021-09-28T16:00:00.000000000,311.87,301.55488
2021-09-28T17:00:00.000000000,334.29,301.17736
2021-09-28T18:00:00.000000000,336.58,303.98997
2021-09-28T19:00:00.000000000,334.74,308.15091
2021-09-28T20:00:00.000000000,328.77,316.1815
2021-09-28T21:00:00.000000000,311.63,327.76352
2021-09-28T22:00:00.000000000,309.73,339.82026
2021-09-28T23:00:00.000000000,311.05,347.85492
2021-09-29T00:00:00.000000000,324.29,353.7662
2021-09-29T01:00:00.000000000,337.74,358.00744
2021-09-29T02:00:00.000000000,325.8,358.4979
2021-09-29T03:00:00.000000000,311.76,354.64554
2021-09-29T04:00:00.000000000,294.01,347.86264
2021-09-29T05:00:00.000000000,290.75,339.24792
2021-09-29T06:00:00.000000000,282.46,331.85759
2021-09-29T07:00:00.000000000,269.15,327.95153
2021-09-29T08:00:00.000000000,261.63,329.37085
2021-09-29T09:00:00.000000000,270.52,335.33549
2021-09-29T10:00:00.000000000,284.48,339.5912
2021-09-29T11:00:00.000000000,281.71,336.71503
2021-09-29T12:00:00.000000000,288.42,323.8153
2021-09-29T13:00:00.000000000,297.21,311.94184
2021-09-29T14:00:00.000000000,293.35,306.81534
2021-09-29T15:00:00.000000000,278.54,304.78435
2021-09-29T16:00:00.000000000,276.1,302.47658
2021-09-29T17:00:00.000000000,284.58,301.96303
2021-09-29T18:00:00.000000000,296.79,305.3941
2021-09-29T19:00:00.000000000,314.07,311.33742
2021-09-29T20:00:00.000000000,319.28,321.63316
2021-09-29T21:00:00.000000000,321.29,335.5535
2021-09-29T22:00:00.000000000,325.71,349.46215
2021-09-29T23:00:00.000000000,328.25,358.49311
2021-09-27T00:00:00.000000000,327.75,337.36415
2021-09-27T01:00:00.000000000,340.96,327.29267
2021-09-27T02:00:00.000000000,303.93,309.40423
2021-09-27T03:00:00.000000000,267.39,290.32721
2021-09-27T04:00:00.000000000,245.37,271.09221
2021-09-27T05:00:00.000000000,230.53,255.18338
2021-09-27T06:00:00.000000000,218.58,243.93095
2021-09-27T07:00:00.000000000,209.92,237.85731
2021-09-27T08:00:00.000000000,208.21,237.29246
2021-09-27T09:00:00.000000000,216.38,245.03158
2021-09-27T10:00:00.000000000,240.07,255.3732
2021-09-27T11:00:00.000000000,263.49,266.21659
2021-09-27T12:00:00.000000000,286.64,272.38205
2021-09-27T13:00:00.000000000,306.84,277.06171
2021-09-27T14:00:00.000000000,325.82,284.76468
2021-09-27T15:00:00.000000000,343.18,294.36352
2021-09-27T16:00:00.000000000,337.16,300.82901
2021-09-27T17:00:00.000000000,341.37,305.68925
2021-09-27T18:00:00.000000000,346.91,308.5093
2021-09-27T19:00:00.000000000,351.9,308.84085
2021-09-27T20:00:00.000000000,350.94,311.715
2021-09-27T21:00:00.000000000,350.54,315.99208
2021-09-27T22:00:00.000000000,353.67,323.72867
2021-09-27T23:00:00.000000000,349.47,328.13017
2021-09-28T00:00:00.000000000,355.64,343.78017
2021-09-28T01:00:00.000000000,358.23,349.51365
2021-09-28T02:00:00.000000000,342.18,351.87354
2021-09-28T03:00:00.000000000,318.98,350.36368
2021-09-28T04:00:00.000000000,312.0,346.22212
2021-09-28T05:00:00.000000000,305.23,340.02895
2021-09-28T06:00:00.000000000,306.52,333.87396
2021-09-28T07:00:00.000000000,298.17,329.19055
2021-09-28T08:00:00.000000000,297.07,327.76084
2021-09-28T09:00:00.000000000,296.09,330.29638
2021-09-28T10:00:00.000000000,296.62,331.87242
2021-09-28T11:00:00.000000000,309.87,328.45661
2021-09-28T12:00:00.000000000,327.61,317.61954
2021-09-28T13:00:00.000000000,334.08,308.40739
2021-09-28T14:00:00.000000000,327.21,305.14396
2021-09-28T15:00:00.000000000,324.24,304.81791
2021-09-28T16:00:00.000000000,311.87,303.54799
2021-09-28T17:00:00.000000000,334.29,303.7498
2021-09-28T18:00:00.000000000,336.58,307.24221
2021-09-28T19:00:00.000000000,334.74,312.20485
2021-09-28T20:00:00.000000000,328.77,320.75658
2021-09-28T21:00:00.000000000,311.63,332.79484
2021-09-28T22:00:00.000000000,309.73,345.25642
2021-09-28T23:00:00.000000000,311.05,353.38037
2021-09-29T00:00:00.000000000,324.29,354.14512
2021-09-29T01:00:00.000000000,337.74,350.52365
2021-09-29T02:00:00.000000000,325.8,342.16681
2021-09-29T03:00:00.000000000,311.76,331.54332
2021-09-29T04:00:00.000000000,294.01,320.79841
2021-09-29T05:00:00.000000000,290.75,310.87548
2021-09-29T06:00:00.000000000,282.46,303.50132
2021-09-29T07:00:00.000000000,269.15,299.62148
2021-09-29T08:00:00.000000000,261.63,299.94256
2021-09-29T09:00:00.000000000,270.52,305.55564
2021-09-29T10:00:00.000000000,284.48,310.57453
2021-09-29T11:00:00.000000000,281.71,313.0347
2021-09-29T12:00:00.000000000,288.42,309.68893
2021-09-29T13:00:00.000000000,297.21,306.03194
2021-09-29T14:00:00.000000000,293.35,307.39881
2021-09-29T15:00:00.000000000,278.54,310.51948
2021-09-29T16:00:00.000000000,276.1,312.2092
2021-09-29T17:00:00.000000000,284.58,314.44751
2021-09-29T18:00:00.000000000,296.79,318.26006
2021-09-29T19:00:00.000000000,314.07,323.37145
2021-09-29T20:00:00.000000000,319.28,331.31352
2021-09-29T21:00:00.000000000,321.29,340.76463
2021-09-29T22:00:00.000000000,325.71,351.71204
2021-09-29T23:00:00.000000000,328.25,358.1759
2021-09-30T00:00:00.000000000,347.84,346.17524
2021-09-30T01:00:00.000000000,355.55,342.98257
2021-09-30T02:00:00.000000000,336.13,335.20821
2021-09-30T03:00:00.000000000,319.02,325.43321
2021-09-30T04:00:00.000000000,301.27,315.57693
2021-09-30T05:00:00.000000000,281.92,306.06039
2021-09-30T06:00:00.000000000,259.48,297.79192
2021-09-30T07:00:00.000000000,258.08,292.17555
2021-09-30T08:00:00.000000000,257.99,290.96634
2021-09-30T09:00:00.000000000,266.18,295.35233
2021-09-30T10:00:00.000000000,279.94,299.3832
2021-09-30T11:00:00.000000000,296.28,300.73486
2021-09-30T12:00:00.000000000,312.97,295.70285
2021-09-30T13:00:00.000000000,324.61,290.27727
2021-09-30T14:00:00.000000000,323.77,289.36306
2021-09-30T15:00:00.000000000,333.88,290.43527
2021-09-30T16:00:00.000000000,337.77,291.27245
2021-09-30T17:00:00.000000000,327.23,293.81006
2021-09-30T18:00:00.000000000,324.52,298.63405
2021-09-30T19:00:00.000000000,319.84,304.38234
2021-09-30T20:00:00.000000000,312.42,312.77511
2021-09-30T21:00:00.000000000,308.08,322.48369
2021-09-30T22:00:00.000000000,320.34,333.01976
2021-09-30T23:00:00.000000000,327.77,339.791
2021-09-28T00:00:00.000000000,355.64,355.07299
2021-09-28T01:00:00.000000000,358.23,347.68316
2021-09-28T02:00:00.000000000,342.18,334.30273
2021-09-28T03:00:00.000000000,318.98,319.07132
2021-09-28T04:00:00.000000000,312.0,302.84935
2021-09-28T05:00:00.000000000,305.23,287.91626
2021-09-28T06:00:00.000000000,306.52,275.29465
2021-09-28T07:00:00.000000000,298.17,266.16371
2021-09-28T08:00:00.000000000,297.07,261.7056
2021-09-28T09:00:00.000000000,296.09,264.88642
2021-09-28T10:00:00.000000000,296.62,270.61052
2021-09-28T11:00:00.000000000,309.87,277.95556
2021-09-28T12:00:00.000000000,327.61,281.75236
2021-09-28T13:00:00.000000000,334.08,284.62732
2021-09-28T14:00:00.000000000,327.21,291.39813
2021-09-28T15:00:00.000000000,324.24,299.92054
2021-09-28T16:00:00.000000000,311.87,306.18936
2021-09-28T17:00:00.000000000,334.29,311.16242
2021-09-28T18:00:00.000000000,336.58,314.88737
2021-09-28T19:00:00.000000000,334.74,316.99468
2021-09-28T20:00:00.000000000,328.77,321.27417
2021-09-28T21:00:00.000000000,311.63,327.25783
2021-09-28T22:00:00.000000000,309.73,335.79975
2021-09-28T23:00:00.000000000,311.05,340.82308
2021-09-29T00:00:00.000000000,324.29,353.77704
2021-09-29T01:00:00.000000000,337.74,348.80149
2021-09-29T02:00:00.000000000,325.8,338.5106
2021-09-29T03:00:00.000000000,311.76,326.12036
2021-09-29T04:00:00.000000000,294.01,313.51385
2021-09-29T05:00:00.000000000,290.75,302.05621
2021-09-29T06:00:00.000000000,282.46,293.17542
2021-09-29T07:00:00.000000000,269.15,287.72535
2021-09-29T08:00:00.000000000,261.63,286.69936
2021-09-29T09:00:00.000000000,270.52,291.95875
2021-09-29T10:00:00.000000000,284.48,297.7448
2021-09-29T11:00:00.000000000,281.71,302.10615
2021-09-29T12:00:00.000000000,288.42,300.87689
2021-09-29T13:00:00.000000000,297.21,298.80706
2021-09-29T14:00:00.000000000,293.35,301.11305
2021-09-29T15:00:00.000000000,278.54,305.17376
2021-09-29T16:00:00.000000000,276.1,307.79971
2021-09-29T17:00:00.000000000,284.58,310.65956
2021-09-29T18:00:00.000000000,296.79,314.13277
2021-09-29T19:00:00.000000000,314.07,317.93104
2021-09-29T20:00:00.000000000,319.28,324.42368
2021-09-29T21:00:00.000000000,321.29,332.49326
2021-09-29T22:00:00.000000000,325.71,342.70442
2021-09-29T23:00:00.000000000,328.25,349.11971
2021-09-30T00:00:00.000000000,347.84,348.78218
2021-09-30T01:00:00.000000000,355.55,345.74622
2021-09-30T02:00:00.000000000,336.13,338.02919
2021-09-30T03:00:00.000000000,319.02,328.09687
2021-09-30T04:00:00.000000000,301.27,317.28099
2021-09-30T05:00:00.000000000,281.92,306.93049
2021-09-30T06:00:00.000000000,259.48,298.61158
2021-09-30T07:00:00.000000000,258.08,293.41612
2021-09-30T08:00:00.000000000,257.99,292.90672
2021-09-30T09:00:00.000000000,266.18,298.10974
2021-09-30T10:00:00.000000000,279.94,303.17116
2021-09-30T11:00:00.000000000,296.28,304.78363
2021-09-30T12:00:00.000000000,312.97,299.19011
2021-09-30T13:00:00.000000000,324.61,293.2588
2021-09-30T14:00:00.000000000,323.77,291.88081
2021-09-30T15:00:00.000000000,333.88,292.48631
2021-09-30T16:00:00.000000000,337.77,292.38275
2021-09-30T17:00:00.000000000,327.23,293.52944
2021-09-30T18:00:00.000000000,324.52,296.93341
2021-09-30T19:00:00.000000000,319.84,301.3633
2021-09-30T20:00:00.000000000,312.42,309.22416
2021-09-30T21:00:00.000000000,308.08,318.88671
2021-09-30T22:00:00.000000000,320.34,329.41686
2021-09-30T23:00:00.000000000,327.77,336.27854
2021-10-01T00:00:00.000000000,318.3,353.12364
2021-10-01T01:00:00.000000000,323.39,354.07399
2021-10-01T02:00:00.000000000,330.2,353.74592
2021-10-01T03:00:00.000000000,334.36,354.01212
2021-10-01T04:00:00.000000000,349.77,356.7919
2021-10-01T05:00:00.000000000,352.42,358.64134
2021-10-01T06:00:00.000000000,350.22,360.74641
2021-10-01T07:00:00.000000000,364.05,362.59846
2021-10-01T08:00:00.000000000,379.78,365.015
2021-10-01T09:00:00.000000000,385.79,370.11117
2021-10-01T10:00:00.000000000,387.89,375.00999
2021-10-01T11:00:00.000000000,386.91,379.23334
2021-10-01T12:00:00.000000000,401.74,378.92694
2021-10-01T13:00:00.000000000,409.08,377.26587
2021-10-01T14:00:00.000000000,403.33,378.27209
2021-10-01T15:00:00.000000000,393.75,380.56801
2021-10-01T16:00:00.000000000,387.25,377.58186
2021-10-01T17:00:00.000000000,365.18,372.60329
2021-10-01T18:00:00.000000000,364.78,367.69203
2021-10-01T19:00:00.000000000,371.23,362.53705
2021-10-01T20:00:00.000000000,367.64,359.68618
2021-10-01T21:00:00.000000000,365.65,358.76013
2021-10-01T22:00:00.000000000,367.59,359.73647
2021-10-01T23:00:00.000000000,367.69,359.21968
2021-09-29T00:00:00.000000000,324.29,341.1773
2021-09-29T01:00:00.000000000,337.74,332.93441
2021-09-29T02:00:00.000000000,325.8,320.82475
2021-09-29T03:00:00.000000000,311.76,309.21994
2021-09-29T04:00:00.000000000,294.01,299.89999
2021-09-29T05:00:00.000000000,290.75,292.33815
2021-09-29T06:00:00.000000000,282.46,287.91305
2021-09-29T07:00:00.000000000,269.15,286.198
2021-09-29T08:00:00.000000000,261.63,288.07114
2021-09-29T09:00:00.000000000,270.52,295.50553
2021-09-29T10:00:00.000000000,284.48,304.15155
2021-09-29T11:00:00.000000000,281.71,313.14765
2021-09-29T12:00:00.000000000,288.42,318.57715
2021-09-29T13:00:00.000000000,297.21,322.58427
2021-09-29T14:00:00.000000000,293.35,329.16966
2021-09-29T15:00:00.000000000,278.54,336.35711
2021-09-29T16:00:00.000000000,276.1,338.72901
2021-09-29T17:00:00.000000000,284.58,339.46232
2021-09-29T18:00:00.000000000,296.79,338.98127
2021-09-29T19:00:00.000000000,314.07,337.50474
2021-09-29T20:00:00.000000000,319.28,337.48454
2021-09-29T21:00:00.000000000,321.29,338.06692
2021-09-29T22:00:00.000000000,325.71,341.03188
2021-09-29T23:00:00.000000000,328.25,340.91426
2021-09-30T00:00:00.000000000,347.84,350.69887
2021-09-30T01:00:00.000000000,355.55,349.29176
2021-09-30T02:00:00.000000000,336.13,343.45377
2021-09-30T03:00:00.000000000,319.02,335.02529
2021-09-30T04:00:00.000000000,301.27,326.45002
2021-09-30T05:00:00.000000000,281.92,317.7536
2021-09-30T06:00:00.000000000,259.48,309.71479
2021-09-30T07:00:00.000000000,258.08,303.22896
2021-09-30T08:00:00.000000000,257.99,299.75206
2021-09-30T09:00:00.000000000,266.18,301.52176
2021-09-30T10:00:00.000000000,279.94,303.69567
2021-09-30T11:00:00.000000000,296.28,305.14683
2021-09-30T12:00:00.000000000,312.97,302.2953
2021-09-30T13:00:00.000000000,324.61,299.27009
2021-09-30T14:00:00.000000000,323.77,300.81044
2021-09-30T15:00:00.000000000,333.88,304.51188
2021-09-30T16:00:00.000000000,337.77,307.69436
2021-09-30T17:00:00.000000000,327.23,312.25497
2021-09-30T18:00:00.000000000,324.52,318.3674
2021-09-30T19:00:00.000000000,319.84,324.84349
2021-09-30T20:00:00.000000000,312.42,332.81459
2021-09-30T21:00:00.000000000,308.08,342.40037
2021-09-30T22:00:00.000000000,320.34,353.26374
2021-09-30T23:00:00.000000000,327.77,359.71539
2021-10-01T00:00:00.000000000,318.3,376.58033
2021-10-01T01:00:00.000000000,323.39,375.93312
2021-10-01T02:00:00.000000000,330.2,373.4501
2021-10-01T03:00:00.000000000,334.36,372.73239
2021-10-01T04:00:00.000000000,349.77,375.97214
2021-10-01T05:00:00.000000000,352.42,379.57962
2021-10-01T06:00:00.000000000,350.22,383.71516
2021-10-01T07:00:00.000000000,364.05,386.0691
2021-10-01T08:00:00.000000000,379.78,386.2986
2021-10-01T09:00:00.000000000,385.79,386.6617
2021-10-01T10:00:00.000000000,387.89,386.46156
2021-10-01T11:00:00.000000000,386.91,386.01147
2021-10-01T12:00:00.000000000,401.74,382.03044
2021-10-01T13:00:00.000000000,409.08,377.61112
2021-10-01T14:00:00.000000000,403.33,377.76529
2021-10-01T15:00:00.000000000,393.75,380.47931
2021-10-01T16:00:00.000000000,387.25,378.99171
2021-10-01T17:00:00.000000000,365.18,375.92938
2021-10-01T18:00:00.000000000,364.78,373.72361
2021-10-01T19:00:00.000000000,371.23,370.75482
2021-10-01T20:00:00.000000000,367.64,369.60816
2021-10-01T21:00:00.000000000,365.65,369.42053
2021-10-01T22:00:00.000000000,367.59,370.10364
2021-10-01T23:00:00.000000000,367.69,368.80102
2021-10-02T00:00:00.000000000,376.42,385.75451
2021-10-02T01:00:00.000000000,380.61,384.31026
2021-10-02T02:00:00.000000000,388.31,381.21961
2021-10-02T03:00:00.000000000,395.11,379.78413
2021-10-02T04:00:00.000000000,395.28,381.41318
2021-10-02T05:00:00.000000000,398.71,382.89614
2021-10-02T06:00:00.000000000,400.81,384.27659
2021-10-02T07:00:00.000000000,394.71,384.21241
2021-10-02T08:00:00.000000000,387.71,382.44933
2021-10-02T09:00:00.000000000,401.4,381.70933
2021-10-02T10:00:00.000000000,407.36,381.29025
2021-10-02T11:00:00.000000000,404.25,381.07465
2021-10-02T12:00:00.000000000,409.13,377.16392
2021-10-02T13:00:00.000000000,410.4,372.59148
2021-10-02T14:00:00.000000000,400.31,372.47671
2021-10-02T15:00:00.000000000,385.33,374.59543
2021-10-02T16:00:00.000000000,379.69,372.93187
2021-10-02T17:00:00.000000000,372.16,370.1742
2021-10-02T18:00:00.000000000,366.84,368.55684
2021-10-02T19:00:00.000000000,365.53,366.52855
2021-10-02T20:00:00.000000000,364.1,366.76684
2021-10-02T21:00:00.000000000,362.63,368.23697
2021-10-02T22:00:00.000000000,359.81,369.9537
2021-10-02T23:00:00.000000000,360.69,369.17066
2021-09-30T00:00:00.000000000,347.84,347.02017
2021-09-30T01:00:00.000000000,355.55,337.68221
2021-09-30T02:00:00.000000000,336.13,323.16658
2021-09-30T03:00:00.000000000,319.02,307.94624
2021-09-30T04:00:00.000000000,301.27,293.0845
2021-09-30T05:00:00.000000000,281.92,280.0591
2021-09-30T06:00:00.000000000,259.48,270.95716
2021-09-30T07:00:00.000000000,258.08,265.49352
2021-09-30T08:00:00.000000000,257.99,264.77291
2021-09-30T09:00:00.000000000,266.18,271.15427
2021-09-30T10:00:00.000000000,279.94,280.07064
2021-09-30T11:00:00.000000000,296.28,290.06616
2021-09-30T12:00:00.000000000,312.97,296.31445
2021-09-30T13:00:00.000000000,324.61,301.47604
2021-09-30T14:00:00.000000000,323.77,310.24069
2021-09-30T15:00:00.000000000,333.88,320.96188
2021-09-30T16:00:00.000000000,337.77,327.78188
2021-09-30T17:00:00.000000000,327.23,332.40018
2021-09-30T18:00:00.000000000,324.52,334.43595
2021-09-30T19:00:00.000000000,319.84,333.74085
2021-09-30T20:00:00.000000000,312.42,334.05777
2021-09-30T21:00:00.000000000,308.08,335.29797
2021-09-30T22:00:00.000000000,320.34,339.46287
2021-09-30T23:00:00.000000000,327.77,340.2247
2021-10-01T00:00:00.000000000,318.3,356.90415
2021-10-01T01:00:00.000000000,323.39,356.83533
2021-10-01T02:00:00.000000000,330.2,355.41979
2021-10-01T03:00:00.000000000,334.36,354.69891
2021-10-01T04:00:00.000000000,349.77,356.82935
2021-10-01T05:00:00.000000000,352.42,358.23874
2021-10-01T06:00:00.000000000,350.22,359.92677
2021-10-01T07:00:00.000000000,364.05,361.2326
2021-10-01T08:00:00.000000000,379.78,362.87331
2021-10-01T09:00:00.000000000,385.79,367.54814
2021-10-01T10:00:00.000000000,387.89,372.63686
2021-10-01T11:00:00.000000000,386.91,378.01414
2021-10-01T12:00:00.000000000,401.74,379.77224
2021-10-01T13:00:00.000000000,409.08,379.88192
2021-10-01T14:00:00.000000000,403.33,382.60515
2021-10-01T15:00:00.000000000,393.75,386.58195
2021-10-01T16:00:00.000000000,387.25,385.06888
2021-10-01T17:00:00.000000000,365.18,381.49523
2021-10-01T18:00:00.000000000,364.78,377.30373
2021-10-01T19:00:00.000000000,371.23,372.46963
2021-10-01T20:00:00.000000000,367.64,369.12955
2021-10-01T21:00:00.000000000,365.65,367.42334
2021-10-01T22:00:00.000000000,367.59,367.73191
2021-10-01T23:00:00.000000000,367.69,366.45354
2021-10-02T00:00:00.000000000,376.42,387.95591
2021-10-02T01:00:00.000000000,380.61,386.58529
2021-10-02T02:00:00.000000000,388.31,383.45984
2021-10-02T03:00:00.000000000,395.11,382.37801
2021-10-02T04:00:00.000000000,395.28,385.47834
2021-10-02T05:00:00.000000000,398.71,388.91454
2021-10-02T06:00:00.000000000,400.81,392.70748
2021-10-02T07:00:00.000000000,394.71,394.68533
2021-10-02T08:00:00.000000000,387.71,394.47531
2021-10-02T09:00:00.000000000,401.4,394.37228
2021-10-02T10:00:00.000000000,407.36,393.92347
2021-10-02T11:00:00.000000000,404.25,393.73759
2021-10-02T12:00:00.000000000,409.13,389.92463
2021-10-02T13:00:00.000000000,410.4,385.31121
2021-10-02T14:00:00.000000000,400.31,385.36133
2021-10-02T15:00:00.000000000,385.33,387.49294
2021-10-02T16:00:00.000000000,379.69,385.24624
2021-10-02T17:00:00.000000000,372.16,381.0253
2021-10-02T18:00:00.000000000,366.84,377.30628
2021-10-02T19:00:00.000000000,365.53,372.95745
2021-10-02T20:00:00.000000000,364.1,370.78558
2021-10-02T21:00:00.000000000,362.63,369.56411
2021-10-02T22:00:00.000000000,359.81,369.25717
2021-10-02T23:00:00.000000000,360.69,367.45959
2021-10-03T00:00:00.000000000,378.29,385.96109
2021-10-03T01:00:00.000000000,394.35,383.75121
2021-10-03T02:00:00.000000000,394.38,379.63845
2021-10-03T03:00:00.000000000,396.86,376.63965
2021-10-03T04:00:00.000000000,402.16,376.48797
2021-10-03T05:00:00.000000000,406.47,376.4037
2021-10-03T06:00:00.000000000,410.03,376.92749
2021-10-03T07:00:00.000000000,412.86,377.11901
2021-10-03T08:00:00.000000000,415.02,376.75746
2021-10-03T09:00:00.000000000,419.98,378.38792
2021-10-03T10:00:00.000000000,423.44,380.57249
2021-10-03T11:00:00.000000000,422.56,382.67177
2021-10-03T12:00:00.000000000,418.02,380.62526
2021-10-03T13:00:00.000000000,411.88,377.60395
2021-10-03T14:00:00.000000000,387.61,379.20296
2021-10-03T15:00:00.000000000,370.39,382.73059
2021-10-03T16:00:00.000000000,371.04,381.47835
2021-10-03T17:00:00.000000000,371.61,378.52899
2021-10-03T18:00:00.000000000,374.14,375.57822
2021-10-03T19:00:00.000000000,373.01,372.32275
2021-10-03T20:00:00.000000000,369.78,371.28358
2021-10-03T21:00:00.000000000,369.99,371.90178
2021-10-03T22:00:00.000000000,367.55,373.60843
2021-10-03T23:00:00.000000000,373.34,372.77444
2021-10-01T00:00:00.000000000,318.3,349.63132
2021-10-01T01:00:00.000000000,323.39,348.11842
2021-10-01T02:00:00.000000000,330.2,344.66754
2021-10-01T03:00:00.000000000,334.36,343.55702
2021-10-01T04:00:00.000000000,349.77,346.90338
2021-10-01T05:00:00.000000000,352.42,349.86781
2021-10-01T06:00:00.000000000,350.22,352.1328
2021-10-01T07:00:00.000000000,364.05,353.13081
2021-10-01T08:00:00.000000000,379.78,353.69374
2021-10-01T09:00:00.000000000,385.79,357.46141
2021-10-01T10:00:00.000000000,387.89,362.44336
2021-10-01T11:00:00.000000000,386.91,369.84518
2021-10-01T12:00:00.000000000,401.74,375.27707
2021-10-01T13:00:00.000000000,409.08,378.2515
2021-10-01T14:00:00.000000000,403.33,382.25897
2021-10-01T15:00:00.000000000,393.75,385.57148
2021-10-01T16:00:00.000000000,387.25,382.58385
2021-10-01T17:00:00.000000000,365.18,377.31566
2021-10-01T18:00:00.000000000,364.78,369.77735
2021-10-01T19:00:00.000000000,371.23,360.8251
2021-10-01T20:00:00.000000000,367.64,353.61266
2021-10-01T21:00:00.000000000,365.65,347.05057
2021-10-01T22:00:00.000000000,367.59,343.95134
2021-10-01T23:00:00.000000000,367.69,341.43148
2021-10-02T00:00:00.000000000,376.42,379.49748
2021-10-02T01:00:00.000000000,380.61,378.57162
2021-10-02T02:00:00.000000000,388.31,375.87463
2021-10-02T03:00:00.000000000,395.11,375.08052
2021-10-02T04:00:00.000000000,395.28,378.24575
2021-10-02T05:00:00.000000000,398.71,381.64407
2021-10-02T06:00:00.000000000,400.81,385.46689
2021-10-02T07:00:00.000000000,394.71,387.59347
2021-10-02T08:00:00.000000000,387.71,387.82587
2021-10-02T09:00:00.000000000,401.4,388.43473
2021-10-02T10:00:00.000000000,407.36,388.73122
2021-10-02T11:00:00.000000000,404.25,388.94972
2021-10-02T12:00:00.000000000,409.13,385.3054
2021-10-02T13:00:00.000000000,410.4,380.85463
2021-10-02T14:00:00.000000000,400.31,380.49279
2021-10-02T15:00:00.000000000,385.33,382.12303
2021-10-02T16:00:00.000000000,379.69,379.45842
2021-10-02T17:00:00.000000000,372.16,375.15313
2021-10-02T18:00:00.000000000,366.84,371.74224
2021-10-02T19:00:00.000000000,365.53,367.79379
2021-10-02T20:00:00.000000000,364.1,366.11303
2021-10-02T21:00:00.000000000,362.63,365.4861
2021-10-02T22:00:00.000000000,359.81,365.69581
2021-10-02T23:00:00.000000000,360.69,364.22482
2021-10-03T00:00:00.000000000,378.29,387.15241
2021-10-03T01:00:00.000000000,394.35,385.19464
2021-10-03T02:00:00.000000000,394.38,380.9546
2021-10-03T03:00:00.000000000,396.86,377.83052
2021-10-03T04:00:00.000000000,402.16,377.85969
2021-10-03T05:00:00.000000000,406.47,378.37816
2021-10-03T06:00:00.000000000,410.03,380.0314
2021-10-03T07:00:00.000000000,412.86,381.48893
2021-10-03T08:00:00.000000000,415.02,382.26235
2021-10-03T09:00:00.000000000,419.98,384.60075
2021-10-03T10:00:00.000000000,423.44,386.9896
2021-10-03T11:00:00.000000000,422.56,388.47597
2021-10-03T12:00:00.000000000,418.02,385.14022
2021-10-03T13:00:00.000000000,411.88,380.49348
2021-10-03T14:00:00.000000000,387.61,380.15282
2021-10-03T15:00:00.000000000,370.39,381.82456
2021-10-03T16:00:00.000000000,371.04,379.2322
2021-10-03T17:00:00.000000000,371.61,375.47328
2021-10-03T18:00:00.000000000,374.14,372.66293
2021-10-03T19:00:00.000000000,373.01,370.24341
2021-10-03T20:00:00.000000000,369.78,370.69115
2021-10-03T21:00:00.000000000,369.99,372.75176
2021-10-03T22:00:00.000000000,367.55,375.6537
2021-10-03T23:00:00.000000000,373.34,375.81766
2021-10-04T00:00:00.000000000,390.43,390.14845
2021-10-04T01:00:00.000000000,408.28,387.3236
2021-10-04T02:00:00.000000000,409.39,383.47993
2021-10-04T03:00:00.000000000,409.78,380.2494
2021-10-04T04:00:00.000000000,409.86,378.60073
2021-10-04T05:00:00.000000000,408.27,376.0439
2021-10-04T06:00:00.000000000,403.28,373.33415
2021-10-04T07:00:00.000000000,399.52,370.56146
2021-10-04T08:00:00.000000000,393.71,368.02688
2021-10-04T09:00:00.000000000,395.18,368.76065
2021-10-04T10:00:00.000000000,395.59,370.88915
2021-10-04T11:00:00.000000000,398.41,373.9187
2021-10-04T12:00:00.000000000,413.48,373.91132
2021-10-04T13:00:00.000000000,419.67,373.34672
2021-10-04T14:00:00.000000000,398.21,378.46034
2021-10-04T15:00:00.000000000,360.22,386.25771
2021-10-04T16:00:00.000000000,363.37,388.8457
2021-10-04T17:00:00.000000000,367.87,389.12338
2021-10-04T18:00:00.000000000,373.63,387.93175
2021-10-04T19:00:00.000000000,373.22,385.69544
2021-10-04T20:00:00.000000000,371.95,384.4893
2021-10-04T21:00:00.000000000,370.31,384.63134
2021-10-04T22:00:00.000000000,372.49,385.75043
2021-10-04T23:00:00.000000000,379.98,383.66203
2021-10-02T00:00:00.000000000,376.42,395.29384
2021-10-02T01:00:00.000000000,380.61,391.97873
2021-10-02T02:00:00.000000000,388.31,386.58145
2021-10-02T03:00:00.000000000,395.11,382.34595
2021-10-02T04:00:00.000000000,395.28,381.81267
2021-10-02T05:00:00.000000000,398.71,382.47779
2021-10-02T06:00:00.000000000,400.81,384.71859
2021-10-02T07:00:00.000000000,394.71,386.81221
2021-10-02T08:00:00.000000000,387.71,387.6484
2021-10-02T09:00:00.000000000,401.4,389.38409
2021-10-02T10:00:00.000000000,407.36,390.77793
2021-10-02T11:00:00.000000000,404.25,391.26817
2021-10-02T12:00:00.000000000,409.13,387.28951
2021-10-02T13:00:00.000000000,410.4,382.06762
2021-10-02T14:00:00.000000000,400.31,382.21839
2021-10-02T15:00:00.000000000,385.33,385.24401
2021-10-02T16:00:00.000000000,379.69,384.4664
2021-10-02T17:00:00.000000000,372.16,382.83803
2021-10-02T18:00:00.000000000,366.84,382.00264
2021-10-02T19:00:00.000000000,365.53,381.30276
2021-10-02T20:00:00.000000000,364.1,382.32754
2021-10-02T21:00:00.000000000,362.63,384.48336
2021-10-02T22:00:00.000000000,359.81,386.98316
2021-10-02T23:00:00.000000000,360.69,386.16879
2021-10-03T00:00:00.000000000,378.29,398.97437
2021-10-03T01:00:00.000000000,394.35,395.86915
2021-10-03T02:00:00.000000000,394.38,390.48127
2021-10-03T03:00:00.000000000,396.86,385.86569
2021-10-03T04:00:00.000000000,402.16,384.14781
2021-10-03T05:00:00.000000000,406.47,383.18135
2021-10-03T06:00:00.000000000,410.03,383.40519
2021-10-03T07:00:00.000000000,412.86,383.74158
2021-10-03T08:00:00.000000000,415.02,383.2423
2021-10-03T09:00:00.000000000,419.98,384.51015
2021-10-03T10:00:00.000000000,423.44,386.12622
2021-10-03T11:00:00.000000000,422.56,387.20514
2021-10-03T12:00:00.000000000,418.02,384.04686
2021-10-03T13:00:00.000000000,411.88,379.76915
2021-10-03T14:00:00.000000000,387.61,381.24699
2021-10-03T15:00:00.000000000,370.39,385.64823
2021-10-03T16:00:00.000000000,371.04,385.92412
2021-10-03T17:00:00.000000000,371.61,385.10334
2021-10-03T18:00:00.000000000,374.14,384.35215
2021-10-03T19:00:00.000000000,373.01,383.63551
2021-10-03T20:00:00.000000000,369.78,384.86194
2021-10-03T21:00:00.000000000,369.99,387.56075
2021-10-03T22:00:00.000000000,367.55,391.05242
2021-10-03T23:00:00.000000000,373.34,391.00684
2021-10-04T00:00:00.000000000,390.43,400.73149
2021-10-04T01:00:00.000000000,408.28,396.3128
2021-10-04T02:00:00.000000000,409.39,390.40093
2021-10-04T03:00:00.000000000,409.78,385.17366
2021-10-04T04:00:00.000000000,409.86,382.1434
2021-10-04T05:00:00.000000000,408.27,379.20377
2021-10-04T06:00:00.000000000,403.28,376.86133
2021-10-04T07:00:00.000000000,399.52,374.77531
2021-10-04T08:00:00.000000000,393.71,372.54608
2021-10-04T09:00:00.000000000,395.18,373.21684
2021-10-04T10:00:00.000000000,395.59,375.21627
2021-10-04T11:00:00.000000000,398.41,377.99079
2021-10-04T12:00:00.000000000,413.48,377.69346
2021-10-04T13:00:00.000000000,419.67,376.54729
2021-10-04T14:00:00.000000000,398.21,381.65615
2021-10-04T15:00:00.000000000,360.22,389.88498
2021-10-04T16:00:00.000000000,363.37,393.17757
2021-10-04T17:00:00.000000000,367.87,394.58355
2021-10-04T18:00:00.000000000,373.63,394.47371
2021-10-04T19:00:00.000000000,373.22,393.47934
2021-10-04T20:00:00.000000000,371.95,393.28543
2021-10-04T21:00:00.000000000,370.31,394.20441
2021-10-04T22:00:00.000000000,372.49,395.93086
2021-10-04T23:00:00.000000000,379.98,393.82194
2021-10-05T00:00:00.000000000,393.64,397.82278
2021-10-05T01:00:00.000000000,406.86,389.56455
2021-10-05T02:00:00.000000000,401.39,377.80426
2021-10-05T03:00:00.000000000,389.6,365.37068
2021-10-05T04:00:00.000000000,366.83,354.7229
2021-10-05T05:00:00.000000000,348.5,346.14444
2021-10-05T06:00:00.000000000,330.8,341.18772
2021-10-05T07:00:00.000000000,329.63,339.44848
2021-10-05T08:00:00.000000000,336.25,340.52036
2021-10-05T09:00:00.000000000,337.29,346.47549
2021-10-05T10:00:00.000000000,336.8,354.12391
2021-10-05T11:00:00.000000000,347.29,360.56546
2021-10-05T12:00:00.000000000,366.98,361.66604
2021-10-05T13:00:00.000000000,388.76,360.52298
2021-10-05T14:00:00.000000000,379.83,364.59522
2021-10-05T15:00:00.000000000,359.65,370.7473
2021-10-05T16:00:00.000000000,355.54,372.70936
2021-10-05T17:00:00.000000000,352.58,374.60217
2021-10-05T18:00:00.000000000,356.0,375.51024
2021-10-05T19:00:00.000000000,364.11,377.04769
2021-10-05T20:00:00.000000000,366.51,380.22699
2021-10-05T21:00:00.000000000,365.7,384.37431
2021-10-05T22:00:00.000000000,367.29,389.47668
2021-10-05T23:00:00.000000000,369.96,389.41436
2021-10-03T00:00:00.000000000,378.29,384.12297
2021-10-03T01:00:00.000000000,394.35,384.63863
2021-10-03T02:00:00.000000000,394.38,381.92835
2021-10-03T03:00:00.000000000,396.86,379.19897
2021-10-03T04:00:00.000000000,402.16,378.2144
2021-10-03T05:00:00.000000000,406.47,376.86475
2021-10-03T06:00:00.000000000,410.03,375.9579
2021-10-03T07:00:00.000000000,412.86,374.6222
2021-10-03T08:00:00.000000000,415.02,372.84747
2021-10-03T09:00:00.000000000,419.98,373.74967
2021-10-03T10:00:00.000000000,423.44,376.10189
2021-10-03T11:00:00.000000000,422.56,378.67596
2021-10-03T12:00:00.000000000,418.02,377.22216
2021-10-03T13:00:00.000000000,411.88,374.61899
2021-10-03T14:00:00.000000000,387.61,375.49292
2021-10-03T15:00:00.000000000,370.39,376.88647
2021-10-03T16:00:00.000000000,371.04,373.24883
2021-10-03T17:00:00.000000000,371.61,367.94153
2021-10-03T18:00:00.000000000,374.14,363.06303
2021-10-03T19:00:00.000000000,373.01,358.78649
2021-10-03T20:00:00.000000000,369.78,358.25038
2021-10-03T21:00:00.000000000,369.99,360.97184
2021-10-03T22:00:00.000000000,367.55,365.73128
2021-10-03T23:00:00.000000000,373.34,368.44929
2021-10-04T00:00:00.000000000,390.43,386.72661
2021-10-04T01:00:00.000000000,408.28,384.02172
2021-10-04T02:00:00.000000000,409.39,380.61337
2021-10-04T03:00:00.000000000,409.78,377.91494
2021-10-04T04:00:00.000000000,409.86,376.64296
2021-10-04T05:00:00.000000000,408.27,374.08816
2021-10-04T06:00:00.000000000,403.28,371.07355
2021-10-04T07:00:00.000000000,399.52,367.87588
2021-10-04T08:00:00.000000000,393.71,365.14164
2021-10-04T09:00:00.000000000,395.18,365.86916
2021-10-04T10:00:00.000000000,395.59,368.123
2021-10-04T11:00:00.000000000,398.41,371.4955
2021-10-04T12:00:00.000000000,413.48,371.94181
2021-10-04T13:00:00.000000000,419.67,371.93695
2021-10-04T14:00:00.000000000,398.21,377.40705
2021-10-04T15:00:00.000000000,360.22,385.37743
2021-10-04T16:00:00.000000000,363.37,387.95423
2021-10-04T17:00:00.000000000,367.87,388.00765
2021-10-04T18:00:00.000000000,373.63,386.47797
2021-10-04T19:00:00.000000000,373.22,383.69956
2021-10-04T20:00:00.000000000,371.95,381.85722
2021-10-04T21:00:00.000000000,370.31,381.31501
2021-10-04T22:00:00.000000000,372.49,381.71055
2021-10-04T23:00:00.000000000,379.98,379.09472
2021-10-05T00:00:00.000000000,393.64,389.00284
2021-10-05T01:00:00.000000000,406.86,382.60823
2021-10-05T02:00:00.000000000,401.39,373.89244
2021-10-05T03:00:00.000000000,389.6,365.37589
2021-10-05T04:00:00.000000000,366.83,359.40348
2021-10-05T05:00:00.000000000,348.5,355.12409
2021-10-05T06:00:00.000000000,330.8,352.94959
2021-10-05T07:00:00.000000000,329.63,351.80327
2021-10-05T08:00:00.000000000,336.25,351.00296
2021-10-05T09:00:00.000000000,337.29,352.94264
2021-10-05T10:00:00.000000000,336.8,355.70787
2021-10-05T11:00:00.000000000,347.29,358.32387
2021-10-05T12:00:00.000000000,366.98,357.81996
2021-10-05T13:00:00.000000000,388.76,356.65306
2021-10-05T14:00:00.000000000,379.83,361.90801
2021-10-05T15:00:00.000000000,359.65,370.24524
2021-10-05T16:00:00.000000000,355.54,374.26388
2021-10-05T17:00:00.000000000,352.58,377.76193
2021-10-05T18:00:00.000000000,356.0,379.9463
2021-10-05T19:00:00.000000000,364.11,381.32933
2021-10-05T20:00:00.000000000,366.51,382.77476
2021-10-05T21:00:00.000000000,365.7,384.59473
2021-10-05T22:00:00.000000000,367.29,387.19468
2021-10-05T23:00:00.000000000,369.96,385.18169
2021-10-06T00:00:00.000000000,377.62,393.09357
2021-10-06T01:00:00.000000000,373.98,384.71421
2021-10-06T02:00:00.000000000,347.89,374.41484
2021-10-06T03:00:00.000000000,333.75,365.11278
2021-10-06T04:00:00.000000000,323.17,358.67134
2021-10-06T05:00:00.000000000,313.13,353.36715
2021-10-06T06:00:00.000000000,306.66,350.4088
2021-10-06T07:00:00.000000000,303.52,350.05196
2021-10-06T08:00:00.000000000,306.97,352.12915
2021-10-06T09:00:00.000000000,317.72,358.99681
2021-10-06T10:00:00.000000000,327.02,367.36459
2021-10-06T11:00:00.000000000,341.18,375.4308
2021-10-06T12:00:00.000000000,356.21,378.66328
2021-10-06T13:00:00.000000000,367.7,379.08559
2021-10-06T14:00:00.000000000,356.41,383.38711
2021-10-06T15:00:00.000000000,340.34,389.14757
2021-10-06T16:00:00.000000000,329.45,389.44459
2021-10-06T17:00:00.000000000,329.49,388.51667
2021-10-06T18:00:00.000000000,349.66,386.3275
2021-10-06T19:00:00.000000000,361.66,384.68181
2021-10-06T20:00:00.000000000,365.62,384.77501
2021-10-06T21:00:00.000000000,368.31,385.36816
2021-10-06T22:00:00.000000000,369.08,386.78164
2021-10-06T23:00:00.000000000,372.55,384.06674
2021-10-04T00:00:00.000000000,390.43,391.62235
2021-10-04T01:00:00.000000000,408.28,387.44856
2021-10-04T02:00:00.000000000,409.39,381.89846
2021-10-04T03:00:00.000000000,409.78,376.86372
2021-10-04T04:00:00.000000000,409.86,373.8272
2021-10-04T05:00:00.000000000,408.27,370.50979
2021-10-04T06:00:00.000000000,403.28,367.6701
2021-10-04T07:00:00.000000000,399.52,365.45913
2021-10-04T08:00:00.000000000,393.71,363.97933
2021-10-04T09:00:00.000000000,395.18,366.13252
2021-10-04T10:00:00.000000000,395.59,369.72984
2021-10-04T11:00:00.000000000,398.41,374.18204
2021-10-04T12:00:00.000000000,413.48,375.39176
2021-10-04T13:00:00.000000000,419.67,375.4271
2021-10-04T14:00:00.000000000,398.21,380.6877
2021-10-04T15:00:00.000000000,360.22,388.35427
2021-10-04T16:00:00.000000000,363.37,390.70914
2021-10-04T17:00:00.000000000,367.87,391.01452
2021-10-04T18:00:00.000000000,373.63,389.90215
2021-10-04T19:00:00.000000000,373.22,388.20407
2021-10-04T20:00:00.000000000,371.95,387.56405
2021-10-04T21:00:00.000000000,370.31,388.22878
2021-10-04T22:00:00.000000000,372.49,389.83322
2021-10-04T23:00:00.000000000,379.98,387.76826
2021-10-05T00:00:00.000000000,393.64,389.76511
2021-10-05T01:00:00.000000000,406.86,386.80505
2021-10-05T02:00:00.000000000,401.39,381.18737
2021-10-05T03:00:00.000000000,389.6,374.76158
2021-10-05T04:00:00.000000000,366.83,369.76994
2021-10-05T05:00:00.000000000,348.5,365.4763
2021-10-05T06:00:00.000000000,330.8,362.44133
2021-10-05T07:00:00.000000000,329.63,359.54551
2021-10-05T08:00:00.000000000,336.25,355.96122
2021-10-05T09:00:00.000000000,337.29,354.62112
2021-10-05T10:00:00.000000000,336.8,354.38446
2021-10-05T11:00:00.000000000,347.29,354.44325
2021-10-05T12:00:00.000000000,366.98,352.01579
2021-10-05T13:00:00.000000000,388.76,349.87491
2021-10-05T14:00:00.000000000,379.83,355.69571
2021-10-05T15:00:00.000000000,359.65,366.06074
2021-10-05T16:00:00.000000000,355.54,373.26418
2021-10-05T17:00:00.000000000,352.58,379.98268
2021-10-05T18:00:00.000000000,356.0,384.46701
2021-10-05T19:00:00.000000000,364.11,386.58518
2021-10-05T20:00:00.000000000,366.51,387.62183
2021-10-05T21:00:00.000000000,365.7,389.66862
2021-10-05T22:00:00.000000000,367.29,393.10674
2021-10-05T23:00:00.000000000,369.96,392.11462
2021-10-06T00:00:00.000000000,377.62,396.65948
2021-10-06T01:00:00.000000000,373.98,388.81187
2021-10-06T02:00:00.000000000,347.89,380.12154
2021-10-06T03:00:00.000000000,333.75,373.11589
2021-10-06T04:00:00.000000000,323.17,369.38434
2021-10-06T05:00:00.000000000,313.13,366.22148
2021-10-06T06:00:00.000000000,306.66,364.1865
2021-10-06T07:00:00.000000000,303.52,363.01778
2021-10-06T08:00:00.000000000,306.97,362.56212
2021-10-06T09:00:00.000000000,317.72,365.2732
2021-10-06T10:00:00.000000000,327.02,369.14195
2021-10-06T11:00:00.000000000,341.18,374.20213
2021-10-06T12:00:00.000000000,356.21,376.4269
2021-10-06T13:00:00.000000000,367.7,377.44376
2021-10-06T14:00:00.000000000,356.41,383.96297
2021-10-06T15:00:00.000000000,340.34,392.82939
2021-10-06T16:00:00.000000000,329.45,396.17411
2021-10-06T17:00:00.000000000,329.49,397.44068
2021-10-06T18:00:00.000000000,349.66,396.99249
2021-10-06T19:00:00.000000000,361.66,395.55308
2021-10-06T20:00:00.000000000,365.62,394.38185
2021-10-06T21:00:00.000000000,368.31,393.0042
2021-10-06T22:00:00.000000000,369.08,391.84921
2021-10-06T23:00:00.000000000,372.55,386.65264
2021-10-07T00:00:00.000000000,382.92,376.38486
2021-10-07T01:00:00.000000000,372.3,376.18453
2021-10-07T02:00:00.000000000,333.86,371.7752
2021-10-07T03:00:00.000000000,302.92,364.04583
2021-10-07T04:00:00.000000000,277.95,354.50291
2021-10-07T05:00:00.000000000,259.03,344.20064
2021-10-07T06:00:00.000000000,248.24,334.86123
2021-10-07T07:00:00.000000000,242.72,326.33799
2021-10-07T08:00:00.000000000,239.45,319.84456
2021-10-07T09:00:00.000000000,242.3,318.32655
2021-10-07T10:00:00.000000000,253.84,319.23078
2021-10-07T11:00:00.000000000,265.48,320.47022
2021-10-07T12:00:00.000000000,280.65,318.32711
2021-10-07T13:00:00.000000000,295.21,316.93112
2021-10-07T14:00:00.000000000,290.13,322.48433
2021-10-07T15:00:00.000000000,296.58,332.02648
2021-10-07T16:00:00.000000000,303.09,339.64938
2021-10-07T17:00:00.000000000,310.71,346.99369
2021-10-07T18:00:00.000000000,323.21,353.27315
2021-10-07T19:00:00.000000000,330.45,357.64234
2021-10-07T20:00:00.000000000,328.08,362.51922
2021-10-07T21:00:00.000000000,327.23,369.88393
2021-10-07T22:00:00.000000000,325.2,378.95284
2021-10-07T23:00:00.000000000,318.37,383.16179
2021-10-05T00:00:00.000000000,393.64,381.08941
2021-10-05T01:00:00.000000000,406.86,380.16892
2021-10-05T02:00:00.000000000,401.39,375.47176
2021-10-05T03:00:00.000000000,389.6,368.26082
2021-10-05T04:00:00.000000000,366.83,360.33733
2021-10-05T05:00:00.000000000,348.5,351.8668
2021-10-05T06:00:00.000000000,330.8,343.95998
2021-10-05T07:00:00.000000000,329.63,336.01176
2021-10-05T08:00:00.000000000,336.25,328.69566
2021-10-05T09:00:00.000000000,337.29,325.51554
2021-10-05T10:00:00.000000000,336.8,325.04737
2021-10-05T11:00:00.000000000,347.29,326.30909
2021-10-05T12:00:00.000000000,366.98,325.60359
2021-10-05T13:00:00.000000000,388.76,325.66827
2021-10-05T14:00:00.000000000,379.83,332.97835
2021-10-05T15:00:00.000000000,359.65,344.37103
2021-10-05T16:00:00.000000000,355.54,353.3024
2021-10-05T17:00:00.000000000,352.58,361.51912
2021-10-05T18:00:00.000000000,356.0,367.66207
2021-10-05T19:00:00.000000000,364.11,370.94391
2021-10-05T20:00:00.000000000,366.51,373.52936
2021-10-05T21:00:00.000000000,365.7,378.37913
2021-10-05T22:00:00.000000000,367.29,385.10771
2021-10-05T23:00:00.000000000,369.96,387.24189
2021-10-06T00:00:00.000000000,377.62,395.48498
2021-10-06T01:00:00.000000000,373.98,388.042
2021-10-06T02:00:00.000000000,347.89,379.60829
2021-10-06T03:00:00.000000000,333.75,372.66396
2021-10-06T04:00:00.000000000,323.17,368.7624
2021-10-06T05:00:00.000000000,313.13,365.32781
2021-10-06T06:00:00.000000000,306.66,363.02868
2021-10-06T07:00:00.000000000,303.52,361.57755
2021-10-06T08:00:00.000000000,306.97,360.88425
2021-10-06T09:00:00.000000000,317.72,363.4211
2021-10-06T10:00:00.000000000,327.02,367.21779
2021-10-06T11:00:00.000000000,341.18,372.14691
2021-10-06T12:00:00.000000000,356.21,374.23314
2021-10-06T13:00:00.000000000,367.7,375.2093
2021-10-06T14:00:00.000000000,356.41,381.73368
2021-10-06T15:00:00.000000000,340.34,390.65217
2021-10-06T16:00:00.000000000,329.45,394.1732
2021-10-06T17:00:00.000000000,329.49,395.71388
2021-10-06T18:00:00.000000000,349.66,395.48576
2021-10-06T19:00:00.000000000,361.66,394.16192
2021-10-06T20:00:00.000000000,365.62,393.09119
2021-10-06T21:00:00.000000000,368.31,391.88747
2021-10-06T22:00:00.000000000,369.08,391.01292
2021-10-06T23:00:00.000000000,372.55,386.08643
2021-10-07T00:00:00.000000000,382.92,376.05373
2021-10-07T01:00:00.000000000,372.3,374.21303
2021-10-07T02:00:00.000000000,333.86,367.22608
2021-10-07T03:00:00.000000000,302.92,356.64928
2021-10-07T04:00:00.000000000,277.95,344.0865
2021-10-07T05:00:00.000000000,259.03,331.11795
2021-10-07T06:00:00.000000000,248.24,319.37219
2021-10-07T07:00:00.000000000,242.72,309.15397
2021-10-07T08:00:00.000000000,239.45,301.93191
2021-10-07T09:00:00.000000000,242.3,300.95098
2021-10-07T10:00:00.000000000,253.84,302.92007
2021-10-07T11:00:00.000000000,265.48,306.13862
2021-10-07T12:00:00.000000000,280.65,306.1318
2021-10-07T13:00:00.000000000,295.21,306.21454
2021-10-07T14:00:00.000000000,290.13,312.00245
2021-10-07T15:00:00.000000000,296.58,320.59238
2021-10-07T16:00:00.000000000,303.09,327.58016
2021-10-07T17:00:00.000000000,310.71,334.28805
2021-10-07T18:00:00.000000000,323.21,340.589
2021-10-07T19:00:00.000000000,330.45,345.77252
2021-10-07T20:00:00.000000000,328.08,352.3002
2021-10-07T21:00:00.000000000,327.23,361.63077
2021-10-07T22:00:00.000000000,325.2,372.7409
2021-10-07T23:00:00.000000000,318.37,378.9416
2021-10-08T00:00:00.000000000,325.69,365.04347
2021-10-08T01:00:00.000000000,325.09,358.65192
2021-10-08T02:00:00.000000000,294.38,346.74162
2021-10-08T03:00:00.000000000,275.33,332.51067
2021-10-08T04:00:00.000000000,265.26,316.65791
2021-10-08T05:00:00.000000000,254.06,301.19201
2021-10-08T06:00:00.000000000,240.07,287.7824
2021-10-08T07:00:00.000000000,226.43,276.95778
2021-10-08T08:00:00.000000000,219.1,270.8267
2021-10-08T09:00:00.000000000,220.49,272.34391
2021-10-08T10:00:00.000000000,225.08,277.01641
2021-10-08T11:00:00.000000000,232.14,283.47577
2021-10-08T12:00:00.000000000,244.26,286.31547
2021-10-08T13:00:00.000000000,251.91,288.57889
2021-10-08T14:00:00.000000000,250.95,294.92628
2021-10-08T15:00:00.000000000,256.59,302.81033
2021-10-08T16:00:00.000000000,262.26,308.82374
2021-10-08T17:00:00.000000000,273.9,313.68532
2021-10-08T18:00:00.000000000,282.66,318.0094
2021-10-08T19:00:00.000000000,291.63,320.82887
2021-10-08T20:00:00.000000000,301.29,325.72442
2021-10-08T21:00:00.000000000,297.86,332.465
2021-10-08T22:00:00.000000000,296.65,341.14194
2021-10-08T23:00:00.000000000,295.0,346.32162
2021-10-06T00:00:00.000000000,377.62,373.54584
2021-10-06T01:00:00.000000000,373.98,366.31572
2021-10-06T02:00:00.000000000,347.89,355.22891
2021-10-06T03:00:00.000000000,333.75,343.02385
2021-10-06T04:00:00.000000000,323.17,331.02977
2021-10-06T05:00:00.000000000,313.13,319.01872
2021-10-06T06:00:00.000000000,306.66,308.3043
2021-10-06T07:00:00.000000000,303.52,299.38219
2021-10-06T08:00:00.000000000,306.97,293.93709
2021-10-06T09:00:00.000000000,317.72,295.09045
2021-10-06T10:00:00.000000000,327.02,299.84141
2021-10-06T11:00:00.000000000,341.18,307.39872
2021-10-06T12:00:00.000000000,356.21,312.63311
2021-10-06T13:00:00.000000000,367.7,317.35924
2021-10-06T14:00:00.000000000,356.41,327.32079
2021-10-06T15:00:00.000000000,340.34,339.28548
2021-10-06T16:00:00.000000000,329.45,347.69942
2021-10-06T17:00:00.000000000,329.49,354.62577
2021-10-06T18:00:00.000000000,349.66,358.688
2021-10-06T19:00:00.000000000,361.66,359.91631
2021-10-06T20:00:00.000000000,365.62,360.91848
2021-10-06T21:00:00.000000000,368.31,363.08663
2021-10-06T22:00:00.000000000,369.08,367.38384
2021-10-06T23:00:00.000000000,372.55,367.44643
2021-10-07T00:00:00.000000000,382.92,365.60478
2021-10-07T01:00:00.000000000,372.3,365.43297
2021-10-07T02:00:00.000000000,333.86,361.19969
2021-10-07T03:00:00.000000000,302.92,354.14102
2021-10-07T04:00:00.000000000,277.95,345.23865
2021-10-07T05:00:00.000000000,259.03,335.15181
2021-10-07T06:00:00.000000000,248.24,324.9876
2021-10-07T07:00:00.000000000,242.72,314.97048
2021-10-07T08:00:00.000000000,239.45,306.72399
2021-10-07T09:00:00.000000000,242.3,303.71705
2021-10-07T10:00:00.000000000,253.84,303.51022
2021-10-07T11:00:00.000000000,265.48,305.01066
2021-10-07T12:00:00.000000000,280.65,304.52172
2021-10-07T13:00:00.000000000,295.21,305.24745
2021-10-07T14:00:00.000000000,290.13,312.14709
2021-10-07T15:00:00.000000000,296.58,322.4321
2021-10-07T16:00:00.000000000,303.09,330.51373
2021-10-07T17:00:00.000000000,310.71,338.0264
2021-10-07T18:00:00.000000000,323.21,344.44851
2021-10-07T19:00:00.000000000,330.45,348.54125
2021-10-07T20:00:00.000000000,328.08,353.21621
2021-10-07T21:00:00.000000000,327.23,360.08939
2021-10-07T22:00:00.000000000,325.2,368.64392
2021-10-07T23:00:00.000000000,318.37,372.56598
2021-10-08T00:00:00.000000000,325.69,363.31184
2021-10-08T01:00:00.000000000,325.09,356.5527
2021-10-08T02:00:00.000000000,294.38,344.20032
2021-10-08T03:00:00.000000000,275.33,329.69485
2021-10-08T04:00:00.000000000,265.26,313.63488
2021-10-08T05:00:00.000000000,254.06,297.829
2021-10-08T06:00:00.000000000,240.07,283.63005
2021-10-08T07:00:00.000000000,226.43,271.67939
2021-10-08T08:00:00.000000000,219.1,264.17649
2021-10-08T09:00:00.000000000,220.49,264.45441
2021-10-08T10:00:00.000000000,225.08,268.25982
2021-10-08T11:00:00.000000000,232.14,275.32176
2021-10-08T12:00:00.000000000,244.26,280.10967
2021-10-08T13:00:00.000000000,251.91,284.52423
2021-10-08T14:00:00.000000000,250.95,292.87143
2021-10-08T15:00:00.000000000,256.59,302.42993
2021-10-08T16:00:00.000000000,262.26,309.78919
2021-10-08T17:00:00.000000000,273.9,315.38786
2021-10-08T18:00:00.000000000,282.66,319.95781
2021-10-08T19:00:00.000000000,291.63,322.44877
2021-10-08T20:00:00.000000000,301.29,326.62588
2021-10-08T21:00:00.000000000,297.86,332.511
2021-10-08T22:00:00.000000000,296.65,340.5046
2021-10-08T23:00:00.000000000,295.0,345.22492
2021-10-09T00:00:00.000000000,299.3,338.65907
2021-10-09T01:00:00.000000000,293.13,331.09502
2021-10-09T02:00:00.000000000,262.8,317.46421
2021-10-09T03:00:00.000000000,253.21,302.89779
2021-10-09T04:00:00.000000000,249.44,287.7705
2021-10-09T05:00:00.000000000,244.8,273.77662
2021-10-09T06:00:00.000000000,234.21,261.21555
2021-10-09T07:00:00.000000000,226.04,251.27686
2021-10-09T08:00:00.000000000,223.76,245.76361
2021-10-09T09:00:00.000000000,221.79,247.27213
2021-10-09T10:00:00.000000000,221.05,250.73937
2021-10-09T11:00:00.000000000,225.15,256.03436
2021-10-09T12:00:00.000000000,231.05,259.05023
2021-10-09T13:00:00.000000000,236.06,262.45191
2021-10-09T14:00:00.000000000,240.66,269.68123
2021-10-09T15:00:00.000000000,250.1,278.25416
2021-10-09T16:00:00.000000000,254.71,284.59391
2021-10-09T17:00:00.000000000,259.72,289.8855
2021-10-09T18:00:00.000000000,265.77,295.03491
2021-10-09T19:00:00.000000000,269.35,298.19099
2021-10-09T20:00:00.000000000,275.07,303.58675
2021-10-09T21:00:00.000000000,279.48,309.73725
2021-10-09T22:00:00.000000000,277.31,317.36443
2021-10-09T23:00:00.000000000,270.67,322.04543
2021-10-07T00:00:00.000000000,382.92,369.0642
2021-10-07T01:00:00.000000000,372.3,364.1279
2021-10-07T02:00:00.000000000,333.86,354.13265
2021-10-07T03:00:00.000000000,302.92,341.76982
2021-10-07T04:00:00.000000000,277.95,327.6539
2021-10-07T05:00:00.000000000,259.03,312.5387
2021-10-07T06:00:00.000000000,248.24,297.61691
2021-10-07T07:00:00.000000000,242.72,283.85473
2021-10-07T08:00:00.000000000,239.45,274.1475
2021-10-07T09:00:00.000000000,242.3,272.18033
2021-10-07T10:00:00.000000000,253.84,274.71838
2021-10-07T11:00:00.000000000,265.48,281.08162
2021-10-07T12:00:00.000000000,280.65,285.79497
2021-10-07T13:00:00.000000000,295.21,290.91936
2021-10-07T14:00:00.000000000,290.13,300.63193
2021-10-07T15:00:00.000000000,296.58,311.70564
2021-10-07T16:00:00.000000000,303.09,320.12748
2021-10-07T17:00:00.000000000,310.71,327.18747
2021-10-07T18:00:00.000000000,323.21,332.99193
2021-10-07T19:00:00.000000000,330.45,336.54185
2021-10-07T20:00:00.000000000,328.08,341.45362
2021-10-07T21:00:00.000000000,327.23,348.41579
2021-10-07T22:00:00.000000000,325.2,357.32689
2021-10-07T23:00:00.000000000,318.37,361.75728
2021-10-08T00:00:00.000000000,325.69,358.14604
2021-10-08T01:00:00.000000000,325.09,352.13922
2021-10-08T02:00:00.000000000,294.38,340.73526
2021-10-08T03:00:00.000000000,275.33,327.30465
2021-10-08T04:00:00.000000000,265.26,312.41838
2021-10-08T05:00:00.000000000,254.06,297.61938
2021-10-08T06:00:00.000000000,240.07,284.03371
2021-10-08T07:00:00.000000000,226.43,272.37609
2021-10-08T08:00:00.000000000,219.1,264.92952
2021-10-08T09:00:00.000000000,220.49,264.89047
2021-10-08T10:00:00.000000000,225.08,267.97302
2021-10-08T11:00:00.000000000,232.14,273.91713
2021-10-08T12:00:00.000000000,244.26,277.56224
2021-10-08T13:00:00.000000000,251.91,281.12465
2021-10-08T14:00:00.000000000,250.95,288.58749
2021-10-08T15:00:00.000000000,256.59,297.32353
2021-10-08T16:00:00.000000000,262.26,304.09933
2021-10-08T17:00:00.000000000,273.9,309.52256
2021-10-08T18:00:00.000000000,282.66,314.42585
2021-10-08T19:00:00.000000000,291.63,317.40231
2021-10-08T20:00:00.000000000,301.29,322.12303
2021-10-08T21:00:00.000000000,297.86,328.37562
2021-10-08T22:00:00.000000000,296.65,336.4174
2021-10-08T23:00:00.000000000,295.0,341.21856
2021-10-09T00:00:00.000000000,299.3,333.26195
2021-10-09T01:00:00.000000000,293.13,326.02338
2021-10-09T02:00:00.000000000,262.8,312.41658
2021-10-09T03:00:00.000000000,253.21,297.9662
2021-10-09T04:00:00.000000000,249.44,283.24699
2021-10-09T05:00:00.000000000,244.8,269.94266
2021-10-09T06:00:00.000000000,234.21,257.93214
2021-10-09T07:00:00.000000000,226.04,248.61487
2021-10-09T08:00:00.000000000,223.76,243.54114
2021-10-09T09:00:00.000000000,221.79,245.15294
2021-10-09T10:00:00.000000000,221.05,248.19402
2021-10-09T11:00:00.000000000,225.15,252.59558
2021-10-09T12:00:00.000000000,231.05,254.72507
2021-10-09T13:00:00.000000000,236.06,257.42727
2021-10-09T14:00:00.000000000,240.66,264.09121
2021-10-09T15:00:00.000000000,250.1,272.21719
2021-10-09T16:00:00.000000000,254.71,278.25736
2021-10-09T17:00:00.000000000,259.72,283.66804
2021-10-09T18:00:00.000000000,265.77,289.32117
2021-10-09T19:00:00.000000000,269.35,293.21635
2021-10-09T20:00:00.000000000,275.07,299.53017
2021-10-09T21:00:00.000000000,279.48,306.52871
2021-10-09T22:00:00.000000000,277.31,314.8334
2021-10-09T23:00:00.000000000,270.67,320.12858
2021-10-10T00:00:00.000000000,267.84,284.04329
2021-10-10T01:00:00.000000000,271.37,278.50551
2021-10-10T02:00:00.000000000,254.24,267.22087
2021-10-10T03:00:00.000000000,246.32,257.21141
2021-10-10T04:00:00.000000000,239.44,248.8323
2021-10-10T05:00:00.000000000,237.71,241.98504
2021-10-10T06:00:00.000000000,227.87,234.90452
2021-10-10T07:00:00.000000000,217.82,229.08821
2021-10-10T08:00:00.000000000,209.29,226.55981
2021-10-10T09:00:00.000000000,204.12,228.64004
2021-10-10T10:00:00.000000000,201.24,229.81948
2021-10-10T11:00:00.000000000,202.7,229.92944
2021-10-10T12:00:00.000000000,207.47,227.9497
2021-10-10T13:00:00.000000000,214.74,228.41499
2021-10-10T14:00:00.000000000,218.02,232.25147
2021-10-10T15:00:00.000000000,223.79,237.67805
2021-10-10T16:00:00.000000000,229.03,241.1746
2021-10-10T17:00:00.000000000,236.09,246.10641
2021-10-10T18:00:00.000000000,242.57,253.5864
2021-10-10T19:00:00.000000000,247.36,259.18572
2021-10-10T20:00:00.000000000,252.26,267.18483
2021-10-10T21:00:00.000000000,262.6,273.94074
2021-10-10T22:00:00.000000000,268.77,280.28804
2021-10-10T23:00:00.000000000,270.25,283.94213
2021-10-08T00:00:00.000000000,325.69,340.56255
2021-10-08T01:00:00.000000000,325.09,330.27288
2021-10-08T02:00:00.000000000,294.38,313.30245
2021-10-08T03:00:00.000000000,275.33,295.59919
2021-10-08T04:00:00.000000000,265.26,277.56667
2021-10-08T05:00:00.000000000,254.06,261.83418
2021-10-08T06:00:00.000000000,240.07,249.35285
2021-10-08T07:00:00.000000000,226.43,240.59924
2021-10-08T08:00:00.000000000,219.1,236.72473
2021-10-08T09:00:00.000000000,220.49,240.30242
2021-10-08T10:00:00.000000000,225.08,246.08483
2021-10-08T11:00:00.000000000,232.14,254.22193
2021-10-08T12:00:00.000000000,244.26,260.26711
2021-10-08T13:00:00.000000000,251.91,266.03091
2021-10-08T14:00:00.000000000,250.95,275.4942
2021-10-08T15:00:00.000000000,256.59,286.26557
2021-10-08T16:00:00.000000000,262.26,294.07272
2021-10-08T17:00:00.000000000,273.9,299.54932
2021-10-08T18:00:00.000000000,282.66,303.71919
2021-10-08T19:00:00.000000000,291.63,305.07224
2021-10-08T20:00:00.000000000,301.29,308.12292
2021-10-08T21:00:00.000000000,297.86,311.76112
2021-10-08T22:00:00.000000000,296.65,317.45552
2021-10-08T23:00:00.000000000,295.0,320.77763
2021-10-09T00:00:00.000000000,299.3,314.6261
2021-10-09T01:00:00.000000000,293.13,306.61579
2021-10-09T02:00:00.000000000,262.8,291.12637
2021-10-09T03:00:00.000000000,253.21,275.54453
2021-10-09T04:00:00.000000000,249.44,260.72925
2021-10-09T05:00:00.000000000,244.8,248.15346
2021-10-09T06:00:00.000000000,234.21,237.29493
2021-10-09T07:00:00.000000000,226.04,229.28851
2021-10-09T08:00:00.000000000,223.76,225.87958
2021-10-09T09:00:00.000000000,221.79,229.04553
2021-10-09T10:00:00.000000000,221.05,233.30767
2021-10-09T11:00:00.000000000,225.15,237.7969
2021-10-09T12:00:00.000000000,231.05,239.68958
2021-10-09T13:00:00.000000000,236.06,242.76156
2021-10-09T14:00:00.000000000,240.66,249.59222
2021-10-09T15:00:00.000000000,250.1,257.80323
2021-10-09T16:00:00.000000000,254.71,263.5422
2021-10-09T17:00:00.000000000,259.72,269.35236
2021-10-09T18:00:00.000000000,265.77,276.03029
2021-10-09T19:00:00.000000000,269.35,280.65278
2021-10-09T20:00:00.000000000,275.07,287.9707
2021-10-09T21:00:00.000000000,279.48,295.44345
2021-10-09T22:00:00.000000000,277.31,303.96704
2021-10-09T23:00:00.000000000,270.67,309.44175
2021-10-10T00:00:00.000000000,267.84,282.31977
2021-10-10T01:00:00.000000000,271.37,277.93279
2021-10-10T02:00:00.000000000,254.24,268.20311
2021-10-10T03:00:00.000000000,246.32,259.64642
2021-10-10T04:00:00.000000000,239.44,252.37754
2021-10-10T05:00:00.000000000,237.71,246.18551
2021-10-10T06:00:00.000000000,227.87,238.73885
2021-10-10T07:00:00.000000000,217.82,232.10972
2021-10-10T08:00:00.000000000,209.29,228.30911
2021-10-10T09:00:00.000000000,204.12,228.4848
2021-10-10T10:00:00.000000000,201.24,227.16299
2021-10-10T11:00:00.000000000,202.7,224.91124
2021-10-10T12:00:00.000000000,207.47,221.16439
2021-10-10T13:00:00.000000000,214.74,220.33622
2021-10-10T14:00:00.000000000,218.02,222.95376
2021-10-10T15:00:00.000000000,223.79,227.34948
2021-10-10T16:00:00.000000000,229.03,230.18641
2021-10-10T17:00:00.000000000,236.09,234.67903
2021-10-10T18:00:00.000000000,242.57,242.17184
2021-10-10T19:00:00.000000000,247.36,247.96064
2021-10-10T20:00:00.000000000,252.26,256.24202
2021-10-10T21:00:00.000000000,262.6,263.34727
2021-10-10T22:00:00.000000000,268.77,269.57285
2021-10-10T23:00:00.000000000,270.25,273.41914
2021-10-11T00:00:00.000000000,269.1,269.23131
2021-10-11T01:00:00.000000000,269.47,260.75438
2021-10-11T02:00:00.000000000,269.47,246.66446
2021-10-11T03:00:00.000000000,259.8,234.63155
2021-10-11T04:00:00.000000000,248.09,225.44207
2021-10-11T05:00:00.000000000,246.3,220.25655
2021-10-11T06:00:00.000000000,245.8,219.74943
2021-10-11T07:00:00.000000000,252.45,222.66052
2021-10-11T08:00:00.000000000,267.93,229.03488
2021-10-11T09:00:00.000000000,298.8,240.78529
2021-10-11T10:00:00.000000000,320.75,251.78149
2021-10-11T11:00:00.000000000,336.15,259.85124
2021-10-11T12:00:00.000000000,360.65,264.64813
2021-10-11T13:00:00.000000000,386.2,270.71699
2021-10-11T14:00:00.000000000,383.22,280.32716
2021-10-11T15:00:00.000000000,358.68,291.61706
2021-10-11T16:00:00.000000000,364.9,298.51067
2021-10-11T17:00:00.000000000,362.38,305.22493
2021-10-11T18:00:00.000000000,359.33,312.48971
2021-10-11T19:00:00.000000000,348.89,316.86419
2021-10-11T20:00:00.000000000,338.62,321.34683
2021-10-11T21:00:00.000000000,328.58,322.84284
2021-10-11T22:00:00.000000000,321.17,326.16071
2021-10-11T23:00:00.000000000,313.96,325.11537
2021-10-09T00:00:00.000000000,299.3,294.96038
2021-10-09T01:00:00.000000000,293.13,285.06068
2021-10-09T02:00:00.000000000,262.8,266.45445
2021-10-09T03:00:00.000000000,253.21,248.77805
2021-10-09T04:00:00.000000000,249.44,232.75687
2021-10-09T05:00:00.000000000,244.8,219.82959
2021-10-09T06:00:00.000000000,234.21,209.27435
2021-10-09T07:00:00.000000000,226.04,201.91643
2021-10-09T08:00:00.000000000,223.76,199.9909
2021-10-09T09:00:00.000000000,221.79,205.11927
2021-10-09T10:00:00.000000000,221.05,211.67529
2021-10-09T11:00:00.000000000,225.15,217.81409
2021-10-09T12:00:00.000000000,231.05,221.227
2021-10-09T13:00:00.000000000,236.06,226.47183
2021-10-09T14:00:00.000000000,240.66,235.29448
2021-10-09T15:00:00.000000000,250.1,245.29811
2021-10-09T16:00:00.000000000,254.71,251.80171
2021-10-09T17:00:00.000000000,259.72,258.37044
2021-10-09T18:00:00.000000000,265.77,265.84503
2021-10-09T19:00:00.000000000,269.35,270.19858
2021-10-09T20:00:00.000000000,275.07,277.22022
2021-10-09T21:00:00.000000000,279.48,283.82844
2021-10-09T22:00:00.000000000,277.31,291.30702
2021-10-09T23:00:00.000000000,270.67,295.96714
2021-10-10T00:00:00.000000000,267.84,276.27162
2021-10-10T01:00:00.000000000,271.37,271.49432
2021-10-10T02:00:00.000000000,254.24,261.1933
2021-10-10T03:00:00.000000000,246.32,252.39678
2021-10-10T04:00:00.000000000,239.44,245.36525
2021-10-10T05:00:00.000000000,237.71,239.71749
2021-10-10T06:00:00.000000000,227.87,232.88622
2021-10-10T07:00:00.000000000,217.82,226.88033
2021-10-10T08:00:00.000000000,209.29,223.78621
2021-10-10T09:00:00.000000000,204.12,224.48687
2021-10-10T10:00:00.000000000,201.24,223.47818
2021-10-10T11:00:00.000000000,202.7,221.21851
2021-10-10T12:00:00.000000000,207.47,217.44681
2021-10-10T13:00:00.000000000,214.74,216.7602
2021-10-10T14:00:00.000000000,218.02,219.66228
2021-10-10T15:00:00.000000000,223.79,224.34477
2021-10-10T16:00:00.000000000,229.03,227.27642
2021-10-10T17:00:00.000000000,236.09,232.00534
2021-10-10T18:00:00.000000000,242.57,239.8633
2021-10-10T19:00:00.000000000,247.36,245.89248
2021-10-10T20:00:00.000000000,252.26,254.34791
2021-10-10T21:00:00.000000000,262.6,261.43282
2021-10-10T22:00:00.000000000,268.77,267.43644
2021-10-10T23:00:00.000000000,270.25,271.10755
2021-10-11T00:00:00.000000000,269.1,270.36453
2021-10-11T01:00:00.000000000,269.47,261.62418
2021-10-11T02:00:00.000000000,269.47,248.25014
2021-10-11T03:00:00.000000000,259.8,237.13932
2021-10-11T04:00:00.000000000,248.09,228.82959
2021-10-11T05:00:00.000000000,246.3,224.30445
2021-10-11T06:00:00.000000000,245.8,224.51742
2021-10-11T07:00:00.000000000,252.45,227.91674
2021-10-11T08:00:00.000000000,267.93,234.59943
2021-10-11T09:00:00.000000000,298.8,246.18763
2021-10-11T10:00:00.000000000,320.75,256.77468
2021-10-11T11:00:00.000000000,336.15,264.65264
2021-10-11T12:00:00.000000000,360.65,269.68581
2021-10-11T13:00:00.000000000,386.2,276.11907
2021-10-11T14:00:00.000000000,383.22,286.33029
2021-10-11T15:00:00.000000000,358.68,298.33114
2021-10-11T16:00:00.000000000,364.9,305.59518
2021-10-11T17:00:00.000000000,362.38,312.09609
2021-10-11T18:00:00.000000000,359.33,318.75923
2021-10-11T19:00:00.000000000,348.89,322.30231
2021-10-11T20:00:00.000000000,338.62,325.44027
2021-10-11T21:00:00.000000000,328.58,325.26591
2021-10-11T22:00:00.000000000,321.17,326.81916
2021-10-11T23:00:00.000000000,313.96,324.1481
2021-10-12T00:00:00.000000000,319.8,291.63555
2021-10-12T01:00:00.000000000,322.17,288.45751
2021-10-12T02:00:00.000000000,285.43,280.37915
2021-10-12T03:00:00.000000000,264.85,272.73687
2021-10-12T04:00:00.000000000,255.03,264.6123
2021-10-12T05:00:00.000000000,243.36,256.0779
2021-10-12T06:00:00.000000000,228.8,244.69495
2021-10-12T07:00:00.000000000,220.33,233.80144
2021-10-12T08:00:00.000000000,212.87,225.73533
2021-10-12T09:00:00.000000000,208.79,221.87329
2021-10-12T10:00:00.000000000,211.26,216.74012
2021-10-12T11:00:00.000000000,221.99,212.10728
2021-10-12T12:00:00.000000000,239.27,207.57072
2021-10-12T13:00:00.000000000,251.96,206.94072
2021-10-12T14:00:00.000000000,258.17,209.7233
2021-10-12T15:00:00.000000000,256.44,214.34587
2021-10-12T16:00:00.000000000,253.59,217.40192
2021-10-12T17:00:00.000000000,252.09,221.38953
2021-10-12T18:00:00.000000000,251.22,228.37832
2021-10-12T19:00:00.000000000,255.43,233.23075
2021-10-12T20:00:00.000000000,261.67,240.18342
2021-10-12T21:00:00.000000000,264.66,246.41134
2021-10-12T22:00:00.000000000,268.19,251.57693
2021-10-12T23:00:00.000000000,267.97,255.01369
2021-10-10T00:00:00.000000000,267.84,252.53966
2021-10-10T01:00:00.000000000,271.37,245.66846
2021-10-10T02:00:00.000000000,254.24,232.43223
2021-10-10T03:00:00.000000000,246.32,222.06059
2021-10-10T04:00:00.000000000,239.44,214.51105
2021-10-10T05:00:00.000000000,237.71,208.78473
2021-10-10T06:00:00.000000000,227.87,201.70919
2021-10-10T07:00:00.000000000,217.82,194.97847
2021-10-10T08:00:00.000000000,209.29,192.42171
2021-10-10T09:00:00.000000000,204.12,193.49378
2021-10-10T10:00:00.000000000,201.24,193.15475
2021-10-10T11:00:00.000000000,202.7,190.94142
2021-10-10T12:00:00.000000000,207.47,187.05806
2021-10-10T13:00:00.000000000,214.74,187.56256
2021-10-10T14:00:00.000000000,218.02,191.25848
2021-10-10T15:00:00.000000000,223.79,196.46219
2021-10-10T16:00:00.000000000,229.03,198.63863
2021-10-10T17:00:00.000000000,236.09,202.55974
2021-10-10T18:00:00.000000000,242.57,209.89101
2021-10-10T19:00:00.000000000,247.36,213.94911
2021-10-10T20:00:00.000000000,252.26,220.894
2021-10-10T21:00:00.000000000,262.6,226.17311
2021-10-10T22:00:00.000000000,268.77,229.44678
2021-10-10T23:00:00.000000000,270.25,231.52996
2021-10-11T00:00:00.000000000,269.1,247.9329
2021-10-11T01:00:00.000000000,269.47,240.5315
2021-10-11T02:00:00.000000000,269.47,229.72658
2021-10-11T03:00:00.000000000,259.8,221.90714
2021-10-11T04:00:00.000000000,248.09,217.17051
2021-10-11T05:00:00.000000000,246.3,216.36056
2021-10-11T06:00:00.000000000,245.8,219.24317
2021-10-11T07:00:00.000000000,252.45,224.04562
2021-10-11T08:00:00.000000000,267.93,231.46382
2021-10-11T09:00:00.000000000,298.8,243.04687
2021-10-11T10:00:00.000000000,320.75,253.07774
2021-10-11T11:00:00.000000000,336.15,260.25577
2021-10-11T12:00:00.000000000,360.65,265.13879
2021-10-11T13:00:00.000000000,386.2,271.99053
2021-10-11T14:00:00.000000000,383.22,283.06231
2021-10-11T15:00:00.000000000,358.68,295.97021
2021-10-11T16:00:00.000000000,364.9,303.50743
2021-10-11T17:00:00.000000000,362.38,309.89116
2021-10-11T18:00:00.000000000,359.33,316.42714
2021-10-11T19:00:00.000000000,348.89,318.95391
2021-10-11T20:00:00.000000000,338.62,320.27895
2021-10-11T21:00:00.000000000,328.58,317.61462
2021-10-11T22:00:00.000000000,321.17,316.47036
2021-10-11T23:00:00.000000000,313.96,312.18305
2021-10-12T00:00:00.000000000,319.8,285.60454
2021-10-12T01:00:00.000000000,322.17,281.55972
2021-10-12T02:00:00.000000000,285.43,272.30277
2021-10-12T03:00:00.000000000,264.85,263.92668
2021-10-12T04:00:00.000000000,255.03,255.5941
2021-10-12T05:00:00.000000000,243.36,247.28269
2021-10-12T06:00:00.000000000,228.8,236.35233
2021-10-12T07:00:00.000000000,220.33,225.94238
2021-10-12T08:00:00.000000000,212.87,218.6209
2021-10-12T09:00:00.000000000,208.79,215.43375
2021-10-12T10:00:00.000000000,211.26,211.04249
2021-10-12T11:00:00.000000000,221.99,206.93833
2021-10-12T12:00:00.000000000,239.27,202.82018
2021-10-12T13:00:00.000000000,251.96,202.72741
2021-10-12T14:00:00.000000000,258.17,206.19255
2021-10-12T15:00:00.000000000,256.44,211.47496
2021-10-12T16:00:00.000000000,253.59,214.829
2021-10-12T17:00:00.000000000,252.09,219.10472
2021-10-12T18:00:00.000000000,251.22,226.29528
2021-10-12T19:00:00.000000000,255.43,231.061
2021-10-12T20:00:00.000000000,261.67,238.0783
2021-10-12T21:00:00.000000000,264.66,244.24613
2021-10-12T22:00:00.000000000,268.19,249.1371
2021-10-12T23:00:00.000000000,267.97,252.34162
2021-10-13T00:00:00.000000000,267.94,262.66632
2021-10-13T01:00:00.000000000,269.06,253.89282
2021-10-13T02:00:00.000000000,267.67,237.32027
2021-10-13T03:00:00.000000000,262.61,222.74412
2021-10-13T04:00:00.000000000,254.22,211.81373
2021-10-13T05:00:00.000000000,244.49,205.46383
2021-10-13T06:00:00.000000000,236.97,203.30131
2021-10-13T07:00:00.000000000,230.36,204.90641
2021-10-13T08:00:00.000000000,225.47,210.86444
2021-10-13T09:00:00.000000000,219.94,222.91779
2021-10-13T10:00:00.000000000,227.48,234.47745
2021-10-13T11:00:00.000000000,238.54,242.47564
2021-10-13T12:00:00.000000000,273.0,246.31576
2021-10-13T13:00:00.000000000,303.0,251.45158
2021-10-13T14:00:00.000000000,316.86,259.98384
2021-10-13T15:00:00.000000000,325.01,270.01846
2021-10-13T16:00:00.000000000,332.97,276.02867
2021-10-13T17:00:00.000000000,331.12,283.11462
2021-10-13T18:00:00.000000000,334.02,291.54147
2021-10-13T19:00:00.000000000,334.63,297.19519
2021-10-13T20:00:00.000000000,338.19,303.79695
2021-10-13T21:00:00.000000000,344.9,308.14944
2021-10-13T22:00:00.000000000,345.3,314.14232
2021-10-13T23:00:00.000000000,332.26,316.13106
2021-10-11T00:00:00.000000000,269.1,292.82134
2021-10-11T01:00:00.000000000,269.47,284.44437
2021-10-11T02:00:00.000000000,269.47,271.21437
2021-10-11T03:00:00.000000000,259.8,259.28322
2021-10-11T04:00:00.000000000,248.09,249.44418
2021-10-11T05:00:00.000000000,246.3,242.73744
2021-10-11T06:00:00.000000000,245.8,240.26899
2021-10-11T07:00:00.000000000,252.45,241.1176
2021-10-11T08:00:00.000000000,267.93,245.30241
2021-10-11T09:00:00.000000000,298.8,254.64377
2021-10-11T10:00:00.000000000,320.75,263.2279
2021-10-11T11:00:00.000000000,336.15,270.0194
2021-10-11T12:00:00.000000000,360.65,273.98698
2021-10-11T13:00:00.000000000,386.2,278.81608
2021-10-11T14:00:00.000000000,383.22,287.39544
2021-10-11T15:00:00.000000000,358.68,297.77122
2021-10-11T16:00:00.000000000,364.9,304.40268
2021-10-11T17:00:00.000000000,362.38,310.35185
2021-10-11T18:00:00.000000000,359.33,316.45104
2021-10-11T19:00:00.000000000,348.89,320.23412
2021-10-11T20:00:00.000000000,338.62,324.26908
2021-10-11T21:00:00.000000000,328.58,325.98432
2021-10-11T22:00:00.000000000,321.17,329.48873
2021-10-11T23:00:00.000000000,313.96,328.90215
2021-10-12T00:00:00.000000000,319.8,311.66652
2021-10-12T01:00:00.000000000,322.17,308.20633
2021-10-12T02:00:00.000000000,285.43,300.26728
2021-10-12T03:00:00.000000000,264.85,292.03313
2021-10-12T04:00:00.000000000,255.03,281.76785
2021-10-12T05:00:00.000000000,243.36,270.76768
2021-10-12T06:00:00.000000000,228.8,257.32229
2021-10-12T07:00:00.000000000,220.33,244.37212
2021-10-12T08:00:00.000000000,212.87,234.02448
2021-10-12T09:00:00.000000000,208.79,228.8385
2021-10-12T10:00:00.000000000,211.26,223.76537
2021-10-12T11:00:00.000000000,221.99,221.18312
2021-10-12T12:00:00.000000000,239.27,219.40914
2021-10-12T13:00:00.000000000,251.96,220.84891
2021-10-12T14:00:00.000000000,258.17,225.84921
2021-10-12T15:00:00.000000000,256.44,232.40723
2021-10-12T16:00:00.000000000,253.59,237.37385
2021-10-12T17:00:00.000000000,252.09,241.74919
2021-10-12T18:00:00.000000000,251.22,247.98443
2021-10-12T19:00:00.000000000,255.43,251.86261
2021-10-12T20:00:00.000000000,261.67,257.98573
2021-10-12T21:00:00.000000000,264.66,263.79811
2021-10-12T22:00:00.000000000,268.19,269.21199
2021-10-12T23:00:00.000000000,267.97,272.87862
2021-10-13T00:00:00.000000000,267.94,282.63796
2021-10-13T01:00:00.000000000,269.06,273.32691
2021-10-13T02:00:00.000000000,267.67,256.63419
2021-10-13T03:00:00.000000000,262.61,241.22959
2021-10-13T04:00:00.000000000,254.22,228.19426
2021-10-13T05:00:00.000000000,244.49,219.27362
2021-10-13T06:00:00.000000000,236.97,215.02917
2021-10-13T07:00:00.000000000,230.36,214.82062
2021-10-13T08:00:00.000000000,225.47,219.11411
2021-10-13T09:00:00.000000000,219.94,229.93968
2021-10-13T10:00:00.000000000,227.48,241.14701
2021-10-13T11:00:00.000000000,238.54,249.97428
2021-10-13T12:00:00.000000000,273.0,254.79407
2021-10-13T13:00:00.000000000,303.0,260.3988
2021-10-13T14:00:00.000000000,316.86,269.17619
2021-10-13T15:00:00.000000000,325.01,279.5467
2021-10-13T16:00:00.000000000,332.97,285.92349
2021-10-13T17:00:00.000000000,331.12,292.30716
2021-10-13T18:00:00.000000000,334.02,299.01515
2021-10-13T19:00:00.000000000,334.63,302.89077
2021-10-13T20:00:00.000000000,338.19,308.10478
2021-10-13T21:00:00.000000000,344.9,311.68156
2021-10-13T22:00:00.000000000,345.3,317.38262
2021-10-13T23:00:00.000000000,332.26,319.0712
2021-10-14T00:00:00.000000000,326.18,337.69628
2021-10-14T01:00:00.000000000,341.45,334.51639
2021-10-14T02:00:00.000000000,346.42,329.70743
2021-10-14T03:00:00.000000000,346.02,325.688
2021-10-14T04:00:00.000000000,347.58,323.28709
2021-10-14T05:00:00.000000000,340.25,320.09744
2021-10-14T06:00:00.000000000,332.72,317.06309
2021-10-14T07:00:00.000000000,324.23,314.75238
2021-10-14T08:00:00.000000000,328.82,315.05195
2021-10-14T09:00:00.000000000,345.01,320.15681
2021-10-14T10:00:00.000000000,359.07,326.33789
2021-10-14T11:00:00.000000000,369.84,332.68716
2021-10-14T12:00:00.000000000,374.74,335.64017
2021-10-14T13:00:00.000000000,382.26,337.84679
2021-10-14T14:00:00.000000000,372.08,342.95735
2021-10-14T15:00:00.000000000,349.38,349.3462
2021-10-14T16:00:00.000000000,344.94,350.55156
2021-10-14T17:00:00.000000000,344.84,350.31184
2021-10-14T18:00:00.000000000,334.14,348.33556
2021-10-14T19:00:00.000000000,322.92,344.54607
2021-10-14T20:00:00.000000000,316.59,341.77567
2021-10-14T21:00:00.000000000,314.53,339.32144
2021-10-14T22:00:00.000000000,314.31,339.04794
2021-10-14T23:00:00.000000000,313.17,336.7908
2021-10-12T00:00:00.000000000,319.8,303.93722
2021-10-12T01:00:00.000000000,322.17,296.9062
2021-10-12T02:00:00.000000000,285.43,283.66013
2021-10-12T03:00:00.000000000,264.85,271.14054
2021-10-12T04:00:00.000000000,255.03,258.21936
2021-10-12T05:00:00.000000000,243.36,245.80857
2021-10-12T06:00:00.000000000,228.8,231.68726
2021-10-12T07:00:00.000000000,220.33,218.77572
2021-10-12T08:00:00.000000000,212.87,209.82216
2021-10-12T09:00:00.000000000,208.79,206.34465
2021-10-12T10:00:00.000000000,211.26,203.54045
2021-10-12T11:00:00.000000000,221.99,203.06784
2021-10-12T12:00:00.000000000,239.27,203.30919
2021-10-12T13:00:00.000000000,251.96,207.02806
2021-10-12T14:00:00.000000000,258.17,215.20656
2021-10-12T15:00:00.000000000,256.44,224.85522
2021-10-12T16:00:00.000000000,253.59,231.78965
2021-10-12T17:00:00.000000000,252.09,238.05919
2021-10-12T18:00:00.000000000,251.22,245.64379
2021-10-12T19:00:00.000000000,255.43,250.13459
2021-10-12T20:00:00.000000000,261.67,257.32942
2021-10-12T21:00:00.000000000,264.66,264.24592
2021-10-12T22:00:00.000000000,268.19,270.18517
2021-10-12T23:00:00.000000000,267.97,274.11613
2021-10-13T00:00:00.000000000,267.94,273.33219
2021-10-13T01:00:00.000000000,269.06,265.20464
2021-10-13T02:00:00.000000000,267.67,250.01668
2021-10-13T03:00:00.000000000,262.61,236.47587
2021-10-13T04:00:00.000000000,254.22,225.48962
2021-10-13T05:00:00.000000000,244.49,218.18962
2021-10-13T06:00:00.000000000,236.97,214.14156
2021-10-13T07:00:00.000000000,230.36,213.14319
2021-10-13T08:00:00.000000000,225.47,216.1916
2021-10-13T09:00:00.000000000,219.94,225.33765
2021-10-13T10:00:00.000000000,227.48,234.50015
2021-10-13T11:00:00.000000000,238.54,241.37098
2021-10-13T12:00:00.000000000,273.0,244.86748
2021-10-13T13:00:00.000000000,303.0,249.8623
2021-10-13T14:00:00.000000000,316.86,258.25201
2021-10-13T15:00:00.000000000,325.01,268.06161
2021-10-13T16:00:00.000000000,332.97,274.10764
2021-10-13T17:00:00.000000000,331.12,280.65581
2021-10-13T18:00:00.000000000,334.02,288.36638
2021-10-13T19:00:00.000000000,334.63,293.27328
2021-10-13T20:00:00.000000000,338.19,299.51054
2021-10-13T21:00:00.000000000,344.9,303.88497
2021-10-13T22:00:00.000000000,345.3,309.6781
2021-10-13T23:00:00.000000000,332.26,311.84116
2021-10-14T00:00:00.000000000,326.18,324.05179
2021-10-14T01:00:00.000000000,341.45,321.75905
2021-10-14T02:00:00.000000000,346.42,316.16862
2021-10-14T03:00:00.000000000,346.02,309.95992
2021-10-14T04:00:00.000000000,347.58,304.27031
2021-10-14T05:00:00.000000000,340.25,298.54468
2021-10-14T06:00:00.000000000,332.72,293.3551
2021-10-14T07:00:00.000000000,324.23,289.7445
2021-10-14T08:00:00.000000000,328.82,288.82808
2021-10-14T09:00:00.000000000,345.01,292.71581
2021-10-14T10:00:00.000000000,359.07,295.97189
2021-10-14T11:00:00.000000000,369.84,298.89895
2021-10-14T12:00:00.000000000,374.74,299.16202
2021-10-14T13:00:00.000000000,382.26,300.02646
2021-10-14T14:00:00.000000000,372.08,305.38734
2021-10-14T15:00:00.000000000,349.38,313.05103
2021-10-14T16:00:00.000000000,344.94,317.56077
2021-10-14T17:00:00.000000000,344.84,321.0164
2021-10-14T18:00:00.000000000,334.14,323.73031
2021-10-14T19:00:00.000000000,322.92,325.08651
2021-10-14T20:00:00.000000000,316.59,327.60847
2021-10-14T21:00:00.000000000,314.53,330.46666
2021-10-14T22:00:00.000000000,314.31,335.92132
2021-10-14T23:00:00.000000000,313.17,338.67574
2021-10-15T00:00:00.000000000,340.59,344.72734
2021-10-15T01:00:00.000000000,353.96,338.99776
2021-10-15T02:00:00.000000000,341.22,327.64172
2021-10-15T03:00:00.000000000,338.75,314.60721
2021-10-15T04:00:00.000000000,341.33,299.96121
2021-10-15T05:00:00.000000000,342.44,286.06136
2021-10-15T06:00:00.000000000,330.66,274.39025
2021-10-15T07:00:00.000000000,321.55,265.366
2021-10-15T08:00:00.000000000,319.33,260.54591
2021-10-15T09:00:00.000000000,321.23,262.63126
2021-10-15T10:00:00.000000000,314.28,267.09032
2021-10-15T11:00:00.000000000,306.95,272.46604
2021-10-15T12:00:00.000000000,291.19,274.63839
2021-10-15T13:00:00.000000000,278.55,277.20443
2021-10-15T14:00:00.000000000,269.38,283.73232
2021-10-15T15:00:00.000000000,270.79,292.23815
2021-10-15T16:00:00.000000000,277.96,298.30523
2021-10-15T17:00:00.000000000,281.97,303.17262
2021-10-15T18:00:00.000000000,285.15,307.68558
2021-10-15T19:00:00.000000000,289.03,310.22183
2021-10-15T20:00:00.000000000,287.64,315.14966
2021-10-15T21:00:00.000000000,284.37,321.36289
2021-10-15T22:00:00.000000000,280.36,329.26265
2021-10-15T23:00:00.000000000,277.77,333.5186
2021-10-13T00:00:00.000000000,267.94,264.56582
2021-10-13T01:00:00.000000000,269.06,258.32883
2021-10-13T02:00:00.000000000,267.67,245.18395
2021-10-13T03:00:00.000000000,262.61,233.77216
2021-10-13T04:00:00.000000000,254.22,225.55868
2021-10-13T05:00:00.000000000,244.49,220.88647
2021-10-13T06:00:00.000000000,236.97,218.81998
2021-10-13T07:00:00.000000000,230.36,219.18467
2021-10-13T08:00:00.000000000,225.47,223.01809
2021-10-13T09:00:00.000000000,219.94,232.35038
2021-10-13T10:00:00.000000000,227.48,240.833
2021-10-13T11:00:00.000000000,238.54,245.8562
2021-10-13T12:00:00.000000000,273.0,246.7586
2021-10-13T13:00:00.000000000,303.0,249.19693
2021-10-13T14:00:00.000000000,316.86,254.6055
2021-10-13T15:00:00.000000000,325.01,261.362
2021-10-13T16:00:00.000000000,332.97,265.24955
2021-10-13T17:00:00.000000000,331.12,271.06874
2021-10-13T18:00:00.000000000,334.02,279.3395
2021-10-13T19:00:00.000000000,334.63,285.66121
2021-10-13T20:00:00.000000000,338.19,293.58762
2021-10-13T21:00:00.000000000,344.9,299.46803
2021-10-13T22:00:00.000000000,345.3,306.49701
2021-10-13T23:00:00.000000000,332.26,309.85673
2021-10-14T00:00:00.000000000,326.18,326.87495
2021-10-14T01:00:00.000000000,341.45,327.80231
2021-10-14T02:00:00.000000000,346.42,327.32928
2021-10-14T03:00:00.000000000,346.02,326.69403
2021-10-14T04:00:00.000000000,347.58,326.14276
2021-10-14T05:00:00.000000000,340.25,323.27943
2021-10-14T06:00:00.000000000,332.72,318.55165
2021-10-14T07:00:00.000000000,324.23,313.45681
2021-10-14T08:00:00.000000000,328.82,310.05528
2021-10-14T09:00:00.000000000,345.01,311.20008
2021-10-14T10:00:00.000000000,359.07,312.50784
2021-10-14T11:00:00.000000000,369.84,315.06066
2021-10-14T12:00:00.000000000,374.74,316.6206
2021-10-14T13:00:00.000000000,382.26,319.35807
2021-10-14T14:00:00.000000000,372.08,327.00007
2021-10-14T15:00:00.000000000,349.38,337.12605
2021-10-14T16:00:00.000000000,344.94,342.43804
2021-10-14T17:00:00.000000000,344.84,345.21672
2021-10-14T18:00:00.000000000,334.14,345.3796
2021-10-14T19:00:00.000000000,322.92,342.92961
2021-10-14T20:00:00.000000000,316.59,340.69593
2021-10-14T21:00:00.000000000,314.53,338.91635
2021-10-14T22:00:00.000000000,314.31,340.45424
2021-10-14T23:00:00.000000000,313.17,340.67145
2021-10-15T00:00:00.000000000,340.59,352.69276
2021-10-15T01:00:00.000000000,353.96,348.22493
2021-10-15T02:00:00.000000000,341.22,338.50991
2021-10-15T03:00:00.000000000,338.75,326.61511
2021-10-15T04:00:00.000000000,341.33,312.37361
2021-10-15T05:00:00.000000000,342.44,298.09241
2021-10-15T06:00:00.000000000,330.66,285.56153
2021-10-15T07:00:00.000000000,321.55,275.3773
2021-10-15T08:00:00.000000000,319.33,269.63096
2021-10-15T09:00:00.000000000,321.23,270.819
2021-10-15T10:00:00.000000000,314.28,274.67094
2021-10-15T11:00:00.000000000,306.95,279.04506
2021-10-15T12:00:00.000000000,291.19,279.56411
2021-10-15T13:00:00.000000000,278.55,280.65278
2021-10-15T14:00:00.000000000,269.38,286.07257
2021-10-15T15:00:00.000000000,270.79,293.52983
2021-10-15T16:00:00.000000000,277.96,298.80936
2021-10-15T17:00:00.000000000,281.97,303.1167
2021-10-15T18:00:00.000000000,285.15,307.51136
2021-10-15T19:00:00.000000000,289.03,310.2761
2021-10-15T20:00:00.000000000,287.64,315.78951
2021-10-15T21:00:00.000000000,284.37,323.11814
2021-10-15T22:00:00.000000000,280.36,331.70072
2021-10-15T23:00:00.000000000,277.77,336.49955
2021-10-16T00:00:00.000000000,303.29,340.48876
2021-10-16T01:00:00.000000000,332.84,331.4969
2021-10-16T02:00:00.000000000,324.05,314.84685
2021-10-16T03:00:00.000000000,311.25,296.83657
2021-10-16T04:00:00.000000000,306.16,278.28399
2021-10-16T05:00:00.000000000,311.37,262.54488
2021-10-16T06:00:00.000000000,315.81,250.63923
2021-10-16T07:00:00.000000000,311.82,243.19159
2021-10-16T08:00:00.000000000,312.73,240.94573
2021-10-16T09:00:00.000000000,319.25,246.74549
2021-10-16T10:00:00.000000000,322.89,255.11042
2021-10-16T11:00:00.000000000,331.46,263.82702
2021-10-16T12:00:00.000000000,339.1,267.96222
2021-10-16T13:00:00.000000000,345.13,271.11003
2021-10-16T14:00:00.000000000,331.47,277.30556
2021-10-16T15:00:00.000000000,297.93,285.23507
2021-10-16T16:00:00.000000000,290.1,290.49076
2021-10-16T17:00:00.000000000,286.28,294.74113
2021-10-16T18:00:00.000000000,293.36,297.87332
2021-10-16T19:00:00.000000000,300.88,299.0891
2021-10-16T20:00:00.000000000,308.44,303.4761
2021-10-16T21:00:00.000000000,316.07,309.43784
2021-10-16T22:00:00.000000000,323.68,318.34127
2021-10-16T23:00:00.000000000,341.29,323.95637
2021-10-14T00:00:00.000000000,326.18,350.06461
2021-10-14T01:00:00.000000000,341.45,350.38157
2021-10-14T02:00:00.000000000,346.42,349.32009
2021-10-14T03:00:00.000000000,346.02,347.78112
2021-10-14T04:00:00.000000000,347.58,345.9742
2021-10-14T05:00:00.000000000,340.25,341.75574
2021-10-14T06:00:00.000000000,332.72,336.07606
2021-10-14T07:00:00.000000000,324.23,330.11504
2021-10-14T08:00:00.000000000,328.82,325.89167
2021-10-14T09:00:00.000000000,345.01,326.51411
2021-10-14T10:00:00.000000000,359.07,328.79524
2021-10-14T11:00:00.000000000,369.84,332.4354
2021-10-14T12:00:00.000000000,374.74,334.12826
2021-10-14T13:00:00.000000000,382.26,336.27662
2021-10-14T14:00:00.000000000,372.08,343.02546
2021-10-14T15:00:00.000000000,349.38,351.77174
2021-10-14T16:00:00.000000000,344.94,355.5536
2021-10-14T17:00:00.000000000,344.84,357.18332
2021-10-14T18:00:00.000000000,334.14,356.72199
2021-10-14T19:00:00.000000000,322.92,354.27134
2021-10-14T20:00:00.000000000,316.59,352.55154
2021-10-14T21:00:00.000000000,314.53,352.13565
2021-10-14T22:00:00.000000000,314.31,354.04851
2021-10-14T23:00:00.000000000,313.17,353.71909
2021-10-15T00:00:00.000000000,340.59,363.84504
2021-10-15T01:00:00.000000000,353.96,362.54085
2021-10-15T02:00:00.000000000,341.22,356.91332
2021-10-15T03:00:00.000000000,338.75,348.18995
2021-10-15T04:00:00.000000000,341.33,336.08905
2021-10-15T05:00:00.000000000,342.44,322.38523
2021-10-15T06:00:00.000000000,330.66,309.00098
2021-10-15T07:00:00.000000000,321.55,297.58397
2021-10-15T08:00:00.000000000,319.33,290.93215
2021-10-15T09:00:00.000000000,321.23,290.94478
2021-10-15T10:00:00.000000000,314.28,293.26302
2021-10-15T11:00:00.000000000,306.95,294.64164
2021-10-15T12:00:00.000000000,291.19,290.70534
2021-10-15T13:00:00.000000000,278.55,287.75689
2021-10-15T14:00:00.000000000,269.38,290.30628
2021-10-15T15:00:00.000000000,270.79,295.20624
2021-10-15T16:00:00.000000000,277.96,298.76223
2021-10-15T17:00:00.000000000,281.97,302.31013
2021-10-15T18:00:00.000000000,285.15,307.18781
2021-10-15T19:00:00.000000000,289.03,311.7003
2021-10-15T20:00:00.000000000,287.64,319.54374
2021-10-15T21:00:00.000000000,284.37,330.04512
2021-10-15T22:00:00.000000000,280.36,340.91445
2021-10-15T23:00:00.000000000,277.77,347.36257
2021-10-16T00:00:00.000000000,303.29,349.03393
2021-10-16T01:00:00.000000000,332.84,343.30895
2021-10-16T02:00:00.000000000,324.05,331.03579
2021-10-16T03:00:00.000000000,311.25,316.82792
2021-10-16T04:00:00.000000000,306.16,301.66393
2021-10-16T05:00:00.000000000,311.37,288.11546
2021-10-16T06:00:00.000000000,315.81,277.17234
2021-10-16T07:00:00.000000000,311.82,269.5747
2021-10-16T08:00:00.000000000,312.73,266.30862
2021-10-16T09:00:00.000000000,319.25,270.09126
2021-10-16T10:00:00.000000000,322.89,275.67216
2021-10-16T11:00:00.000000000,331.46,281.06403
2021-10-16T12:00:00.000000000,339.1,281.80694
2021-10-16T13:00:00.000000000,345.13,282.16795
2021-10-16T14:00:00.000000000,331.47,286.1742
2021-10-16T15:00:00.000000000,297.93,291.20103
2021-10-16T16:00:00.000000000,290.1,293.87981
2021-10-16T17:00:00.000000000,286.28,295.96174
2021-10-16T18:00:00.000000000,293.36,298.40216
2021-10-16T19:00:00.000000000,300.88,300.49965
2021-10-16T20:00:00.000000000,308.44,306.32217
2021-10-16T21:00:00.000000000,316.07,314.39845
2021-10-16T22:00:00.000000000,323.68,324.85771
2021-10-16T23:00:00.000000000,341.29,332.19686
2021-10-17T00:00:00.000000000,384.56,348.32658
2021-10-17T01:00:00.000000000,393.78,340.67994
2021-10-17T02:00:00.000000000,375.39,328.02313
2021-10-17T03:00:00.000000000,362.58,315.82897
2021-10-17T04:00:00.000000000,352.84,306.8376
2021-10-17T05:00:00.000000000,345.09,300.33277
2021-10-17T06:00:00.000000000,335.97,297.26068
2021-10-17T07:00:00.000000000,330.8,297.43949
2021-10-17T08:00:00.000000000,321.82,301.06003
2021-10-17T09:00:00.000000000,318.01,310.74068
2021-10-17T10:00:00.000000000,316.59,322.41337
2021-10-17T11:00:00.000000000,321.9,333.63504
2021-10-17T12:00:00.000000000,328.33,339.59929
2021-10-17T13:00:00.000000000,334.16,342.3198
2021-10-17T14:00:00.000000000,328.09,346.32711
2021-10-17T15:00:00.000000000,327.2,350.70131
2021-10-17T16:00:00.000000000,322.05,350.00352
2021-10-17T17:00:00.000000000,307.67,348.88491
2021-10-17T18:00:00.000000000,310.36,346.27506
2021-10-17T19:00:00.000000000,307.37,343.33661
2021-10-17T20:00:00.000000000,306.17,342.72698
2021-10-17T21:00:00.000000000,309.49,343.6329
2021-10-17T22:00:00.000000000,314.17,347.89874
2021-10-17T23:00:00.000000000,322.37,349.07233
2021-10-15T00:00:00.000000000,340.59,349.33035
2021-10-15T01:00:00.000000000,353.96,348.56996
2021-10-15T02:00:00.000000000,341.22,342.85521
2021-10-15T03:00:00.000000000,338.75,334.40623
2021-10-15T04:00:00.000000000,341.33,324.0331
2021-10-15T05:00:00.000000000,342.44,312.9337
2021-10-15T06:00:00.000000000,330.66,301.19056
2021-10-15T07:00:00.000000000,321.55,290.57907
2021-10-15T08:00:00.000000000,319.33,282.49434
2021-10-15T09:00:00.000000000,321.23,280.23761
2021-10-15T10:00:00.000000000,314.28,279.82512
2021-10-15T11:00:00.000000000,306.95,281.05904
2021-10-15T12:00:00.000000000,291.19,280.43372
2021-10-15T13:00:00.000000000,278.55,280.80575
2021-10-15T14:00:00.000000000,269.38,286.03591
2021-10-15T15:00:00.000000000,270.79,293.58876
2021-10-15T16:00:00.000000000,277.96,299.70919
2021-10-15T17:00:00.000000000,281.97,305.93863
2021-10-15T18:00:00.000000000,285.15,312.72963
2021-10-15T19:00:00.000000000,289.03,318.60556
2021-10-15T20:00:00.000000000,287.64,326.49554
2021-10-15T21:00:00.000000000,284.37,336.48724
2021-10-15T22:00:00.000000000,280.36,347.66867
2021-10-15T23:00:00.000000000,277.77,354.20818
2021-10-16T00:00:00.000000000,303.29,353.76956
2021-10-16T01:00:00.000000000,332.84,347.05643
2021-10-16T02:00:00.000000000,324.05,334.21737
2021-10-16T03:00:00.000000000,311.25,319.57615
2021-10-16T04:00:00.000000000,306.16,303.30469
2021-10-16T05:00:00.000000000,311.37,287.40565
2021-10-16T06:00:00.000000000,315.81,272.89631
2021-10-16T07:00:00.000000000,311.82,260.93063
2021-10-16T08:00:00.000000000,312.73,253.95609
2021-10-16T09:00:00.000000000,319.25,254.867
2021-10-16T10:00:00.000000000,322.89,259.02485
2021-10-16T11:00:00.000000000,331.46,265.32897
2021-10-16T12:00:00.000000000,339.1,268.56466
2021-10-16T13:00:00.000000000,345.13,271.95917
2021-10-16T14:00:00.000000000,331.47,279.21189
2021-10-16T15:00:00.000000000,297.93,287.49396
2021-10-16T16:00:00.000000000,290.1,293.33513
2021-10-16T17:00:00.000000000,286.28,297.73142
2021-10-16T18:00:00.000000000,293.36,301.70701
2021-10-16T19:00:00.000000000,300.88,303.81197
2021-10-16T20:00:00.000000000,308.44,308.68094
2021-10-16T21:00:00.000000000,316.07,315.39984
2021-10-16T22:00:00.000000000,323.68,323.95857
2021-10-16T23:00:00.000000000,341.29,329.5254
2021-10-17T00:00:00.000000000,384.56,341.71426
2021-10-17T01:00:00.000000000,393.78,334.25364
2021-10-17T02:00:00.000000000,375.39,322.33102
2021-10-17T03:00:00.000000000,362.58,310.56752
2021-10-17T04:00:00.000000000,352.84,301.51887
2021-10-17T05:00:00.000000000,345.09,294.8946
2021-10-17T06:00:00.000000000,335.97,291.82754
2021-10-17T07:00:00.000000000,330.8,292.05478
2021-10-17T08:00:00.000000000,321.82,295.85153
2021-10-17T09:00:00.000000000,318.01,305.0144
2021-10-17T10:00:00.000000000,316.59,314.98845
2021-10-17T11:00:00.000000000,321.9,323.87109
2021-10-17T12:00:00.000000000,328.33,327.77427
2021-10-17T13:00:00.000000000,334.16,329.62213
2021-10-17T14:00:00.000000000,328.09,333.84498
2021-10-17T15:00:00.000000000,327.2,338.88965
2021-10-17T16:00:00.000000000,322.05,339.38578
2021-10-17T17:00:00.000000000,307.67,339.41836
2021-10-17T18:00:00.000000000,310.36,338.68702
2021-10-17T19:00:00.000000000,307.37,337.72279
2021-10-17T20:00:00.000000000,306.17,338.76165
2021-10-17T21:00:00.000000000,309.49,340.78096
2021-10-17T22:00:00.000000000,314.17,345.33394
2021-10-17T23:00:00.000000000,322.37,346.31116
2021-10-18T00:00:00.000000000,348.44,337.94612
2021-10-18T01:00:00.000000000,343.07,333.11704
2021-10-18T02:00:00.000000000,303.34,321.81796
2021-10-18T03:00:00.000000000,272.49,308.61556
2021-10-18T04:00:00.000000000,250.11,294.96919
2021-10-18T05:00:00.000000000,227.46,283.53036
2021-10-18T06:00:00.000000000,202.75,275.61263
2021-10-18T07:00:00.000000000,189.02,271.91051
2021-10-18T08:00:00.000000000,185.35,272.77163
2021-10-18T09:00:00.000000000,191.77,279.95043
2021-10-18T10:00:00.000000000,211.73,287.52075
2021-10-18T11:00:00.000000000,246.0,292.18574
2021-10-18T12:00:00.000000000,269.61,290.1693
2021-10-18T13:00:00.000000000,281.69,287.33294
2021-10-18T14:00:00.000000000,270.91,288.22278
2021-10-18T15:00:00.000000000,273.18,291.2414
2021-10-18T16:00:00.000000000,257.97,292.63247
2021-10-18T17:00:00.000000000,253.5,294.69729
2021-10-18T18:00:00.000000000,257.13,297.76279
2021-10-18T19:00:00.000000000,259.0,300.86287
2021-10-18T20:00:00.000000000,259.68,307.74663
2021-10-18T21:00:00.000000000,260.72,316.52525
2021-10-18T22:00:00.000000000,258.61,327.39631
2021-10-18T23:00:00.000000000,260.54,334.49328
2021-10-16T00:00:00.000000000,303.29,315.53094
2021-10-16T01:00:00.000000000,332.84,307.03185
2021-10-16T02:00:00.000000000,324.05,291.18101
2021-10-16T03:00:00.000000000,311.25,275.336
2021-10-16T04:00:00.000000000,306.16,261.10786
2021-10-16T05:00:00.000000000,311.37,249.29218
2021-10-16T06:00:00.000000000,315.81,239.24574
2021-10-16T07:00:00.000000000,311.82,232.23582
2021-10-16T08:00:00.000000000,312.73,229.88026
2021-10-16T09:00:00.000000000,319.25,233.56246
2021-10-16T10:00:00.000000000,322.89,237.6357
2021-10-16T11:00:00.000000000,331.46,241.75851
2021-10-16T12:00:00.000000000,339.1,243.47157
2021-10-16T13:00:00.000000000,345.13,246.24777
2021-10-16T14:00:00.000000000,331.47,253.29768
2021-10-16T15:00:00.000000000,297.93,261.80342
2021-10-16T16:00:00.000000000,290.1,267.81762
2021-10-16T17:00:00.000000000,286.28,274.03303
2021-10-16T18:00:00.000000000,293.36,281.18919
2021-10-16T19:00:00.000000000,300.88,286.40232
2021-10-16T20:00:00.000000000,308.44,293.45086
2021-10-16T21:00:00.000000000,316.07,300.53357
2021-10-16T22:00:00.000000000,323.68,308.36007
2021-10-16T23:00:00.000000000,341.29,313.25858
2021-10-17T00:00:00.000000000,384.56,337.65078
2021-10-17T01:00:00.000000000,393.78,331.82744
2021-10-17T02:00:00.000000000,375.39,320.89136
2021-10-17T03:00:00.000000000,362.58,308.8732
2021-10-17T04:00:00.000000000,352.84,297.46881
2021-10-17T05:00:00.000000000,345.09,287.90227
2021-10-17T06:00:00.000000000,335.97,281.39588
2021-10-17T07:00:00.000000000,330.8,278.39289
2021-10-17T08:00:00.000000000,321.82,279.22428
2021-10-17T09:00:00.000000000,318.01,285.68321
2021-10-17T10:00:00.000000000,316.59,292.43882
2021-10-17T11:00:00.000000000,321.9,297.72975
2021-10-17T12:00:00.000000000,328.33,298.34273
2021-10-17T13:00:00.000000000,334.16,298.50517
2021-10-17T14:00:00.000000000,328.09,302.76018
2021-10-17T15:00:00.000000000,327.2,309.30317
2021-10-17T16:00:00.000000000,322.05,313.23331
2021-10-17T17:00:00.000000000,307.67,317.16212
2021-10-17T18:00:00.000000000,310.36,320.85642
2021-10-17T19:00:00.000000000,307.37,323.85106
2021-10-17T20:00:00.000000000,306.17,328.92148
2021-10-17T21:00:00.000000000,309.49,334.66177
2021-10-17T22:00:00.000000000,314.17,342.51088
2021-10-17T23:00:00.000000000,322.37,345.99021
2021-10-18T00:00:00.000000000,348.44,335.89834
2021-10-18T01:00:00.000000000,343.07,331.71838
2021-10-18T02:00:00.000000000,303.34,321.41612
2021-10-18T03:00:00.000000000,272.49,309.25822
2021-10-18T04:00:00.000000000,250.11,296.28276
2021-10-18T05:00:00.000000000,227.46,284.93234
2021-10-18T06:00:00.000000000,202.75,276.34557
2021-10-18T07:00:00.000000000,189.02,271.47364
2021-10-18T08:00:00.000000000,185.35,271.02822
2021-10-18T09:00:00.000000000,191.77,276.77532
2021-10-18T10:00:00.000000000,211.73,282.95052
2021-10-18T11:00:00.000000000,246.0,286.63556
2021-10-18T12:00:00.000000000,269.61,284.24603
2021-10-18T13:00:00.000000000,281.69,281.62396
2021-10-18T14:00:00.000000000,270.91,282.94955
2021-10-18T15:00:00.000000000,273.18,286.42914
2021-10-18T16:00:00.000000000,257.97,288.29004
2021-10-18T17:00:00.000000000,253.5,290.64011
2021-10-18T18:00:00.000000000,257.13,294.14401
2021-10-18T19:00:00.000000000,259.0,297.4562
2021-10-18T20:00:00.000000000,259.68,304.47975
2021-10-18T21:00:00.000000000,260.72,313.34048
2021-10-18T22:00:00.000000000,258.61,323.9137
2021-10-18T23:00:00.000000000,260.54,330.82319
2021-10-19T00:00:00.000000000,268.46,317.91951
2021-10-19T01:00:00.000000000,262.53,312.16135
2021-10-19T02:00:00.000000000,246.3,299.87162
2021-10-19T03:00:00.000000000,238.18,286.87639
2021-10-19T04:00:00.000000000,228.51,273.82921
2021-10-19T05:00:00.000000000,210.56,263.03828
2021-10-19T06:00:00.000000000,195.67,254.67841
2021-10-19T07:00:00.000000000,182.71,249.43204
2021-10-19T08:00:00.000000000,178.02,247.78748
2021-10-19T09:00:00.000000000,179.94,252.56098
2021-10-19T10:00:00.000000000,193.65,258.26538
2021-10-19T11:00:00.000000000,210.94,263.49291
2021-10-19T12:00:00.000000000,231.47,265.38057
2021-10-19T13:00:00.000000000,240.99,267.74481
2021-10-19T14:00:00.000000000,244.44,273.70973
2021-10-19T15:00:00.000000000,253.08,281.54907
2021-10-19T16:00:00.000000000,253.58,286.71328
2021-10-19T17:00:00.000000000,250.02,291.5913
2021-10-19T18:00:00.000000000,256.03,296.65728
2021-10-19T19:00:00.000000000,259.63,300.13121
2021-10-19T20:00:00.000000000,255.94,306.37023
2021-10-19T21:00:00.000000000,255.7,313.18018
2021-10-19T22:00:00.000000000,255.93,322.17808
2021-10-19T23:00:00.000000000,258.42,327.4844
2021-10-17T00:00:00.000000000,384.56,350.02796
2021-10-17T01:00:00.000000000,393.78,342.03424
2021-10-17T02:00:00.000000000,375.39,329.47521
2021-10-17T03:00:00.000000000,362.58,315.9854
2021-10-17T04:00:00.000000000,352.84,302.31784
2021-10-17T05:00:00.000000000,345.09,289.05903
2021-10-17T06:00:00.000000000,335.97,277.70812
2021-10-17T07:00:00.000000000,330.8,268.62078
2021-10-17T08:00:00.000000000,321.82,264.14005
2021-10-17T09:00:00.000000000,318.01,266.80577
2021-10-17T10:00:00.000000000,316.59,272.49248
2021-10-17T11:00:00.000000000,321.9,280.56834
2021-10-17T12:00:00.000000000,328.33,285.91639
2021-10-17T13:00:00.000000000,334.16,290.85445
2021-10-17T14:00:00.000000000,328.09,299.52636
2021-10-17T15:00:00.000000000,327.2,309.62205
2021-10-17T16:00:00.000000000,322.05,316.68185
2021-10-17T17:00:00.000000000,307.67,322.02197
2021-10-17T18:00:00.000000000,310.36,325.82823
2021-10-17T19:00:00.000000000,307.37,327.0495
2021-10-17T20:00:00.000000000,306.17,329.1193
2021-10-17T21:00:00.000000000,309.49,332.18877
2021-10-17T22:00:00.000000000,314.17,337.14448
2021-10-17T23:00:00.000000000,322.37,338.67206
2021-10-18T00:00:00.000000000,348.44,336.7479
2021-10-18T01:00:00.000000000,343.07,333.93934
2021-10-18T02:00:00.000000000,303.34,325.53949
2021-10-18T03:00:00.000000000,272.49,315.15054
2021-10-18T04:00:00.000000000,250.11,303.17395
2021-10-18T05:00:00.000000000,227.46,291.54045
2021-10-18T06:00:00.000000000,202.75,281.36726
2021-10-18T07:00:00.000000000,189.02,273.78876
2021-10-18T08:00:00.000000000,185.35,270.28472
2021-10-18T09:00:00.000000000,191.77,273.00482
2021-10-18T10:00:00.000000000,211.73,277.03509
2021-10-18T11:00:00.000000000,246.0,280.32179
2021-10-18T12:00:00.000000000,269.61,279.20228
2021-10-18T13:00:00.000000000,281.69,278.89642
2021-10-18T14:00:00.000000000,270.91,282.74379
2021-10-18T15:00:00.000000000,273.18,288.3462
2021-10-18T16:00:00.000000000,257.97,291.4411
2021-10-18T17:00:00.000000000,253.5,293.91563
2021-10-18T18:00:00.000000000,257.13,297.02923
2021-10-18T19:00:00.000000000,259.0,299.14793
2021-10-18T20:00:00.000000000,259.68,304.55647
2021-10-18T21:00:00.000000000,260.72,312.18583
2021-10-18T22:00:00.000000000,258.61,321.4494
2021-10-18T23:00:00.000000000,260.54,327.42191
2021-10-19T00:00:00.000000000,268.46,314.37389
2021-10-19T01:00:00.000000000,262.53,308.48448
2021-10-19T02:00:00.000000000,246.3,296.1506
2021-10-19T03:00:00.000000000,238.18,283.29868
2021-10-19T04:00:00.000000000,228.51,270.42835
2021-10-19T05:00:00.000000000,210.56,259.73819
2021-10-19T06:00:00.000000000,195.67,251.22646
2021-10-19T07:00:00.000000000,182.71,245.67718
2021-10-19T08:00:00.000000000,178.02,243.77717
2021-10-19T09:00:00.000000000,179.94,248.11447
2021-10-19T10:00:00.000000000,193.65,253.20138
2021-10-19T11:00:00.000000000,210.94,257.8899
2021-10-19T12:00:00.000000000,231.47,259.54299
2021-10-19T13:00:00.000000000,240.99,261.99794
2021-10-19T14:00:00.000000000,244.44,268.26329
2021-10-19T15:00:00.000000000,253.08,276.34877
2021-10-19T16:00:00.000000000,253.58,281.79511
2021-10-19T17:00:00.000000000,250.02,286.89752
2021-10-19T18:00:00.000000000,256.03,292.48477
2021-10-19T19:00:00.000000000,259.63,296.28196
2021-10-19T20:00:00.000000000,255.94,302.63478
2021-10-19T21:00:00.000000000,255.7,309.38577
2021-10-19T22:00:00.000000000,255.93,317.82846
2021-10-19T23:00:00.000000000,258.42,322.8099
2021-10-20T00:00:00.000000000,263.03,326.26306
2021-10-20T01:00:00.000000000,266.85,316.40167
2021-10-20T02:00:00.000000000,255.07,303.74145
2021-10-20T03:00:00.000000000,241.59,293.32636
2021-10-20T04:00:00.000000000,235.86,286.7987
2021-10-20T05:00:00.000000000,229.41,282.67516
2021-10-20T06:00:00.000000000,218.95,282.73995
2021-10-20T07:00:00.000000000,216.2,285.54571
2021-10-20T08:00:00.000000000,216.08,291.06408
2021-10-20T09:00:00.000000000,226.19,300.90486
2021-10-20T10:00:00.000000000,253.22,310.73736
2021-10-20T11:00:00.000000000,276.77,319.85295
2021-10-20T12:00:00.000000000,299.15,326.15446
2021-10-20T13:00:00.000000000,316.39,331.51049
2021-10-20T14:00:00.000000000,319.18,339.35304
2021-10-20T15:00:00.000000000,318.2,348.28382
2021-10-20T16:00:00.000000000,328.12,351.44282
2021-10-20T17:00:00.000000000,335.88,353.0999
2021-10-20T18:00:00.000000000,354.78,353.15235
2021-10-20T19:00:00.000000000,373.35,351.55774
2021-10-20T20:00:00.000000000,375.17,349.94183
2021-10-20T21:00:00.000000000,372.64,346.47606
2021-10-20T22:00:00.000000000,368.0,345.17711
2021-10-20T23:00:00.000000000,373.09,340.38673
2021-10-18T00:00:00.000000000,348.44,337.11446
2021-10-18T01:00:00.000000000,343.07,327.38551
2021-10-18T02:00:00.000000000,303.34,310.36865
2021-10-18T03:00:00.000000000,272.49,292.46748
2021-10-18T04:00:00.000000000,250.11,273.29922
2021-10-18T05:00:00.000000000,227.46,256.29877
2021-10-18T06:00:00.000000000,202.75,242.41282
2021-10-18T07:00:00.000000000,189.02,232.36767
2021-10-18T08:00:00.000000000,185.35,227.30532
2021-10-18T09:00:00.000000000,191.77,230.19766
2021-10-18T10:00:00.000000000,211.73,236.15207
2021-10-18T11:00:00.000000000,246.0,244.62058
2021-10-18T12:00:00.000000000,269.61,251.17906
2021-10-18T13:00:00.000000000,281.69,258.01274
2021-10-18T14:00:00.000000000,270.91,268.52481
2021-10-18T15:00:00.000000000,273.18,280.63344
2021-10-18T16:00:00.000000000,257.97,289.1783
2021-10-18T17:00:00.000000000,253.5,295.06381
2021-10-18T18:00:00.000000000,257.13,299.23234
2021-10-18T19:00:00.000000000,259.0,300.00936
2021-10-18T20:00:00.000000000,259.68,303.15042
2021-10-18T21:00:00.000000000,260.72,307.35189
2021-10-18T22:00:00.000000000,258.61,313.74918
2021-10-18T23:00:00.000000000,260.54,317.38321
2021-10-19T00:00:00.000000000,268.46,299.66418
2021-10-19T01:00:00.000000000,262.53,294.13664
2021-10-19T02:00:00.000000000,246.3,282.54215
2021-10-19T03:00:00.000000000,238.18,271.08611
2021-10-19T04:00:00.000000000,228.51,260.0731
2021-10-19T05:00:00.000000000,210.56,251.31763
2021-10-19T06:00:00.000000000,195.67,244.2281
2021-10-19T07:00:00.000000000,182.71,239.49924
2021-10-19T08:00:00.000000000,178.02,238.03157
2021-10-19T09:00:00.000000000,179.94,242.3378
2021-10-19T10:00:00.000000000,193.65,246.96457
2021-10-19T11:00:00.000000000,210.94,251.04076
2021-10-19T12:00:00.000000000,231.47,252.51875
2021-10-19T13:00:00.000000000,240.99,255.26617
2021-10-19T14:00:00.000000000,244.44,261.68651
2021-10-19T15:00:00.000000000,253.08,269.75908
2021-10-19T16:00:00.000000000,253.58,275.03224
2021-10-19T17:00:00.000000000,250.02,280.1611
2021-10-19T18:00:00.000000000,256.03,286.217
2021-10-19T19:00:00.000000000,259.63,290.15998
2021-10-19T20:00:00.000000000,255.94,296.36538
2021-10-19T21:00:00.000000000,255.7,302.35528
2021-10-19T22:00:00.000000000,255.93,309.64533
2021-10-19T23:00:00.000000000,258.42,313.79352
2021-10-20T00:00:00.000000000,263.03,318.77425
2021-10-20T01:00:00.000000000,266.85,309.39971
2021-10-20T02:00:00.000000000,255.07,297.1582
2021-10-20T03:00:00.000000000,241.59,287.45394
2021-10-20T04:00:00.000000000,235.86,281.99632
2021-10-20T05:00:00.000000000,229.41,279.1951
2021-10-20T06:00:00.000000000,218.95,280.51417
2021-10-20T07:00:00.000000000,216.2,284.28247
2021-10-20T08:00:00.000000000,216.08,290.41565
2021-10-20T09:00:00.000000000,226.19,300.72399
2021-10-20T10:00:00.000000000,253.22,311.03757
2021-10-20T11:00:00.000000000,276.77,320.54935
2021-10-20T12:00:00.000000000,299.15,327.37592
2021-10-20T13:00:00.000000000,316.39,333.22125
2021-10-20T14:00:00.000000000,319.18,341.09656
2021-10-20T15:00:00.000000000,318.2,349.76022
2021-10-20T16:00:00.000000000,328.12,352.25655
2021-10-20T17:00:00.000000000,335.88,353.37888
2021-10-20T18:00:00.000000000,354.78,353.12519
2021-10-20T19:00:00.000000000,373.35,351.22661
2021-10-20T20:00:00.000000000,375.17,349.43088
2021-10-20T21:00:00.000000000,372.64,345.70693
2021-10-20T22:00:00.000000000,368.0,344.22702
2021-10-20T23:00:00.000000000,373.09,339.35463
2021-10-21T00:00:00.000000000,396.29,341.99891
2021-10-21T01:00:00.000000000,391.81,330.63972
2021-10-21T02:00:00.000000000,372.36,321.11182
2021-10-21T03:00:00.000000000,365.21,315.34935
2021-10-21T04:00:00.000000000,352.99,315.60015
2021-10-21T05:00:00.000000000,343.24,316.55636
2021-10-21T06:00:00.000000000,344.2,320.47771
2021-10-21T07:00:00.000000000,342.82,326.60736
2021-10-21T08:00:00.000000000,345.98,336.21149
2021-10-21T09:00:00.000000000,349.77,348.82935
2021-10-21T10:00:00.000000000,353.26,359.93425
2021-10-21T11:00:00.000000000,363.1,369.88669
2021-10-21T12:00:00.000000000,379.06,374.63386
2021-10-21T13:00:00.000000000,393.94,377.03986
2021-10-21T14:00:00.000000000,390.36,383.16796
2021-10-21T15:00:00.000000000,390.57,391.71845
2021-10-21T16:00:00.000000000,385.71,394.32222
2021-10-21T17:00:00.000000000,380.06,393.97552
2021-10-21T18:00:00.000000000,380.76,390.08144
2021-10-21T19:00:00.000000000,386.28,382.80404
2021-10-21T20:00:00.000000000,377.2,372.07956
2021-10-21T21:00:00.000000000,369.01,358.66304
2021-10-21T22:00:00.000000000,367.05,346.39329
2021-10-21T23:00:00.000000000,371.76,332.82084
2021-10-19T00:00:00.000000000,268.46,260.16512
2021-10-19T01:00:00.000000000,262.53,252.45971
2021-10-19T02:00:00.000000000,246.3,238.4414
2021-10-19T03:00:00.000000000,238.18,226.79664
2021-10-19T04:00:00.000000000,228.51,218.37661
2021-10-19T05:00:00.000000000,210.56,213.33225
2021-10-19T06:00:00.000000000,195.67,210.26017
2021-10-19T07:00:00.000000000,182.71,209.26941
2021-10-19T08:00:00.000000000,178.02,212.1289
2021-10-19T09:00:00.000000000,179.94,220.21341
2021-10-19T10:00:00.000000000,193.65,227.53611
2021-10-19T11:00:00.000000000,210.94,232.49842
2021-10-19T12:00:00.000000000,231.47,234.64823
2021-10-19T13:00:00.000000000,240.99,238.9921
2021-10-19T14:00:00.000000000,244.44,246.97522
2021-10-19T15:00:00.000000000,253.08,256.18105
2021-10-19T16:00:00.000000000,253.58,261.56845
2021-10-19T17:00:00.000000000,250.02,267.67468
2021-10-19T18:00:00.000000000,256.03,275.65396
2021-10-19T19:00:00.000000000,259.63,280.52009
2021-10-19T20:00:00.000000000,255.94,286.22547
2021-10-19T21:00:00.000000000,255.7,289.6499
2021-10-19T22:00:00.000000000,255.93,293.50021
2021-10-19T23:00:00.000000000,258.42,294.69355
2021-10-20T00:00:00.000000000,263.03,301.07086
2021-10-20T01:00:00.000000000,266.85,290.84734
2021-10-20T02:00:00.000000000,255.07,277.68153
2021-10-20T03:00:00.000000000,241.59,266.92326
2021-10-20T04:00:00.000000000,235.86,259.67007
2021-10-20T05:00:00.000000000,229.41,255.8226
2021-10-20T06:00:00.000000000,218.95,256.95233
2021-10-20T07:00:00.000000000,216.2,261.03877
2021-10-20T08:00:00.000000000,216.08,267.94544
2021-10-20T09:00:00.000000000,226.19,278.85619
2021-10-20T10:00:00.000000000,253.22,288.98176
2021-10-20T11:00:00.000000000,276.77,297.40627
2021-10-20T12:00:00.000000000,299.15,303.34014
2021-10-20T13:00:00.000000000,316.39,309.66671
2021-10-20T14:00:00.000000000,319.18,319.38152
2021-10-20T15:00:00.000000000,318.2,330.74334
2021-10-20T16:00:00.000000000,328.12,336.24065
2021-10-20T17:00:00.000000000,335.88,340.16616
2021-10-20T18:00:00.000000000,354.78,342.90067
2021-10-20T19:00:00.000000000,373.35,343.15493
2021-10-20T20:00:00.000000000,375.17,342.88369
2021-10-20T21:00:00.000000000,372.64,339.66273
2021-10-20T22:00:00.000000000,368.0,338.25989
2021-10-20T23:00:00.000000000,373.09,332.75703
2021-10-21T00:00:00.000000000,396.29,342.72838
2021-10-21T01:00:00.000000000,391.81,330.89138
2021-10-21T02:00:00.000000000,372.36,320.22143
2021-10-21T03:00:00.000000000,365.21,313.18829
2021-10-21T04:00:00.000000000,352.99,311.94621
2021-10-21T05:00:00.000000000,343.24,311.7702
2021-10-21T06:00:00.000000000,344.2,314.88025
2021-10-21T07:00:00.000000000,342.82,320.31579
2021-10-21T08:00:00.000000000,345.98,329.16571
2021-10-21T09:00:00.000000000,349.77,341.38707
2021-10-21T10:00:00.000000000,353.26,352.46328
2021-10-21T11:00:00.000000000,363.1,362.49167
2021-10-21T12:00:00.000000000,379.06,367.8144
2021-10-21T13:00:00.000000000,393.94,371.03434
2021-10-21T14:00:00.000000000,390.36,377.75521
2021-10-21T15:00:00.000000000,390.57,386.51955
2021-10-21T16:00:00.000000000,385.71,389.17924
2021-10-21T17:00:00.000000000,380.06,389.12737
2021-10-21T18:00:00.000000000,380.76,385.90107
2021-10-21T19:00:00.000000000,386.28,379.73588
2021-10-21T20:00:00.000000000,377.2,370.60671
2021-10-21T21:00:00.000000000,369.01,358.79017
2021-10-21T22:00:00.000000000,367.05,348.23255
2021-10-21T23:00:00.000000000,371.76,335.95058
2021-10-22T00:00:00.000000000,388.42,343.95687
2021-10-22T01:00:00.000000000,381.03,332.37376
2021-10-22T02:00:00.000000000,365.53,322.35261
2021-10-22T03:00:00.000000000,349.06,315.97076
2021-10-22T04:00:00.000000000,336.45,315.5951
2021-10-22T05:00:00.000000000,324.27,316.23189
2021-10-22T06:00:00.000000000,312.12,320.10313
2021-10-22T07:00:00.000000000,312.74,326.62939
2021-10-22T08:00:00.000000000,318.93,336.79562
2021-10-22T09:00:00.000000000,325.36,350.06676
2021-10-22T10:00:00.000000000,326.38,361.69015
2021-10-22T11:00:00.000000000,336.17,371.62411
2021-10-22T12:00:00.000000000,340.21,375.79323
2021-10-22T13:00:00.000000000,350.02,377.27479
2021-10-22T14:00:00.000000000,347.91,382.45225
2021-10-22T15:00:00.000000000,346.34,390.08224
2021-10-22T16:00:00.000000000,333.31,392.04654
2021-10-22T17:00:00.000000000,324.1,391.51035
2021-10-22T18:00:00.000000000,325.79,387.65854
2021-10-22T19:00:00.000000000,328.86,380.83797
2021-10-22T20:00:00.000000000,324.44,370.86617
2021-10-22T21:00:00.000000000,317.12,358.30609
2021-10-22T22:00:00.000000000,308.56,346.87388
2021-10-22T23:00:00.000000000,305.62,333.98295
2021-10-20T00:00:00.000000000,263.03,286.83794
2021-10-20T01:00:00.000000000,266.85,276.52926
2021-10-20T02:00:00.000000000,255.07,262.70845
2021-10-20T03:00:00.000000000,241.59,251.04751
2021-10-20T04:00:00.000000000,235.86,241.9876
2021-10-20T05:00:00.000000000,229.41,236.76041
2021-10-20T06:00:00.000000000,218.95,236.9111
2021-10-20T07:00:00.000000000,216.2,240.39587
2021-10-20T08:00:00.000000000,216.08,247.20214
2021-10-20T09:00:00.000000000,226.19,258.39039
2021-10-20T10:00:00.000000000,253.22,268.7298
2021-10-20T11:00:00.000000000,276.77,276.98037
2021-10-20T12:00:00.000000000,299.15,282.69038
2021-10-20T13:00:00.000000000,316.39,289.52722
2021-10-20T14:00:00.000000000,319.18,300.47191
2021-10-20T15:00:00.000000000,318.2,313.49646
2021-10-20T16:00:00.000000000,328.12,321.05668
2021-10-20T17:00:00.000000000,335.88,326.84212
2021-10-20T18:00:00.000000000,354.78,331.57171
2021-10-20T19:00:00.000000000,373.35,332.98912
2021-10-20T20:00:00.000000000,375.17,333.71734
2021-10-20T21:00:00.000000000,372.64,331.17063
2021-10-20T22:00:00.000000000,368.0,330.38947
2021-10-20T23:00:00.000000000,373.09,325.38621
2021-10-21T00:00:00.000000000,396.29,347.32875
2021-10-21T01:00:00.000000000,391.81,338.47587
2021-10-21T02:00:00.000000000,372.36,331.11463
2021-10-21T03:00:00.000000000,365.21,327.28338
2021-10-21T04:00:00.000000000,352.99,328.86033
2021-10-21T05:00:00.000000000,343.24,330.50741
2021-10-21T06:00:00.000000000,344.2,333.79489
2021-10-21T07:00:00.000000000,342.82,338.18617
2021-10-21T08:00:00.000000000,345.98,345.07461
2021-10-21T09:00:00.000000000,349.77,354.77753
2021-10-21T10:00:00.000000000,353.26,363.74201
2021-10-21T11:00:00.000000000,363.1,372.55223
2021-10-21T12:00:00.000000000,379.06,376.85749
2021-10-21T13:00:00.000000000,393.94,379.0144
2021-10-21T14:00:00.000000000,390.36,384.17665
2021-10-21T15:00:00.000000000,390.57,390.9393
2021-10-21T16:00:00.000000000,385.71,391.58475
2021-10-21T17:00:00.000000000,380.06,389.41132
2021-10-21T18:00:00.000000000,380.76,384.59393
2021-10-21T19:00:00.000000000,386.28,377.13059
2021-10-21T20:00:00.000000000,377.2,367.81706
2021-10-21T21:00:00.000000000,369.01,356.69288
2021-10-21T22:00:00.000000000,367.05,346.34722
2021-10-21T23:00:00.000000000,371.76,334.66143
2021-10-22T00:00:00.000000000,388.42,349.74225
2021-10-22T01:00:00.000000000,381.03,343.73631
2021-10-22T02:00:00.000000000,365.53,338.08086
2021-10-22T03:00:00.000000000,349.06,334.94679
2021-10-22T04:00:00.000000000,336.45,336.46098
2021-10-22T05:00:00.000000000,324.27,338.17996
2021-10-22T06:00:00.000000000,312.12,341.6084
2021-10-22T07:00:00.000000000,312.74,345.80551
2021-10-22T08:00:00.000000000,318.93,351.81094
2021-10-22T09:00:00.000000000,325.36,360.44201
2021-10-22T10:00:00.000000000,326.38,368.52462
2021-10-22T11:00:00.000000000,336.17,375.81026
2021-10-22T12:00:00.000000000,340.21,378.36828
2021-10-22T13:00:00.000000000,350.02,378.63132
2021-10-22T14:00:00.000000000,347.91,381.09258
2021-10-22T15:00:00.000000000,346.34,384.75478
2021-10-22T16:00:00.000000000,333.31,382.84961
2021-10-22T17:00:00.000000000,324.1,379.22559
2021-10-22T18:00:00.000000000,325.79,374.86731
2021-10-22T19:00:00.000000000,328.86,369.57409
2021-10-22T20:00:00.000000000,324.44,364.2857
2021-10-22T21:00:00.000000000,317.12,358.40664
2021-10-22T22:00:00.000000000,308.56,353.13814
2021-10-22T23:00:00.000000000,305.62,345.81975
2021-10-23T00:00:00.000000000,324.59,349.22997
2021-10-23T01:00:00.000000000,317.84,353.82034
2021-10-23T02:00:00.000000000,289.54,355.52988
2021-10-23T03:00:00.000000000,271.22,354.69965
2021-10-23T04:00:00.000000000,263.8,351.19648
2021-10-23T05:00:00.000000000,256.25,345.80347
2021-10-23T06:00:00.000000000,240.73,340.13597
2021-10-23T07:00:00.000000000,241.5,334.83464
2021-10-23T08:00:00.000000000,247.58,331.28637
2021-10-23T09:00:00.000000000,256.17,331.56905
2021-10-23T10:00:00.000000000,268.78,332.46183
2021-10-23T11:00:00.000000000,273.18,331.34189
2021-10-23T12:00:00.000000000,273.56,324.90629
2021-10-23T13:00:00.000000000,273.5,319.83281
2021-10-23T14:00:00.000000000,276.58,319.14401
2021-10-23T15:00:00.000000000,274.94,319.67201
2021-10-23T16:00:00.000000000,272.89,317.00727
2021-10-23T17:00:00.000000000,273.92,313.59463
2021-10-23T18:00:00.000000000,274.18,312.12577
2021-10-23T19:00:00.000000000,272.11,311.1006
2021-10-23T20:00:00.000000000,270.64,314.44571
2021-10-23T21:00:00.000000000,270.95,321.58286
2021-10-23T22:00:00.000000000,268.97,329.89435
2021-10-23T23:00:00.000000000,265.05,335.56148
2021-10-21T00:00:00.000000000,396.29,378.42481
2021-10-21T01:00:00.000000000,391.81,374.43123
2021-10-21T02:00:00.000000000,372.36,370.83205
2021-10-21T03:00:00.000000000,365.21,368.93937
2021-10-21T04:00:00.000000000,352.99,370.34914
2021-10-21T05:00:00.000000000,343.24,371.30462
2021-10-21T06:00:00.000000000,344.2,371.25521
2021-10-21T07:00:00.000000000,342.82,369.58328
2021-10-21T08:00:00.000000000,345.98,366.33866
2021-10-21T09:00:00.000000000,349.77,364.52105
2021-10-21T10:00:00.000000000,353.26,362.85686
2021-10-21T11:00:00.000000000,363.1,363.13292
2021-10-21T12:00:00.000000000,379.06,362.291
2021-10-21T13:00:00.000000000,393.94,361.56391
2021-10-21T14:00:00.000000000,390.36,367.31294
2021-10-21T15:00:00.000000000,390.57,376.62708
2021-10-21T16:00:00.000000000,385.71,381.77914
2021-10-21T17:00:00.000000000,380.06,385.12999
2021-10-21T18:00:00.000000000,380.76,386.93573
2021-10-21T19:00:00.000000000,386.28,386.3358
2021-10-21T20:00:00.000000000,377.2,383.84216
2021-10-21T21:00:00.000000000,369.01,381.32963
2021-10-21T22:00:00.000000000,367.05,379.08162
2021-10-21T23:00:00.000000000,371.76,374.08319
2021-10-22T00:00:00.000000000,388.42,369.46884
2021-10-22T01:00:00.000000000,381.03,363.77532
2021-10-22T02:00:00.000000000,365.53,358.02147
2021-10-22T03:00:00.000000000,349.06,354.67476
2021-10-22T04:00:00.000000000,336.45,356.00649
2021-10-22T05:00:00.000000000,324.27,357.96864
2021-10-22T06:00:00.000000000,312.12,361.04413
2021-10-22T07:00:00.000000000,312.74,363.9608
2021-10-22T08:00:00.000000000,318.93,366.73936
2021-10-22T09:00:00.000000000,325.36,371.09476
2021-10-22T10:00:00.000000000,326.38,374.9359
2021-10-22T11:00:00.000000000,336.17,378.73629
2021-10-22T12:00:00.000000000,340.21,378.91395
2021-10-22T13:00:00.000000000,350.02,377.56984
2021-10-22T14:00:00.000000000,347.91,380.51247
2021-10-22T15:00:00.000000000,346.34,385.80035
2021-10-22T16:00:00.000000000,333.31,386.24566
2021-10-22T17:00:00.000000000,324.1,385.1195
2021-10-22T18:00:00.000000000,325.79,383.03876
2021-10-22T19:00:00.000000000,328.86,379.67548
2021-10-22T20:00:00.000000000,324.44,375.82714
2021-10-22T21:00:00.000000000,317.12,371.55581
2021-10-22T22:00:00.000000000,308.56,367.84347
2021-10-22T23:00:00.000000000,305.62,361.76596
2021-10-23T00:00:00.000000000,324.59,339.98742
2021-10-23T01:00:00.000000000,317.84,336.25619
2021-10-23T02:00:00.000000000,289.54,328.51954
2021-10-23T03:00:00.000000000,271.22,319.58897
2021-10-23T04:00:00.000000000,263.8,308.38166
2021-10-23T05:00:00.000000000,256.25,296.58142
2021-10-23T06:00:00.000000000,240.73,283.91735
2021-10-23T07:00:00.000000000,241.5,272.45201
2021-10-23T08:00:00.000000000,247.58,264.1817
2021-10-23T09:00:00.000000000,256.17,261.52414
2021-10-23T10:00:00.000000000,268.78,259.83422
2021-10-23T11:00:00.000000000,273.18,259.53646
2021-10-23T12:00:00.000000000,273.56,257.50728
2021-10-23T13:00:00.000000000,273.5,256.93969
2021-10-23T14:00:00.000000000,276.58,260.88014
2021-10-23T15:00:00.000000000,274.94,266.53146
2021-10-23T16:00:00.000000000,272.89,271.06147
2021-10-23T17:00:00.000000000,273.92,275.30165
2021-10-23T18:00:00.000000000,274.18,281.03279
2021-10-23T19:00:00.000000000,272.11,285.75497
2021-10-23T20:00:00.000000000,270.64,293.3919
2021-10-23T21:00:00.000000000,270.95,301.62171
2021-10-23T22:00:00.000000000,268.97,309.5917
2021-10-23T23:00:00.000000000,265.05,314.46098
2021-10-24T00:00:00.000000000,270.08,289.17217
2021-10-24T01:00:00.000000000,267.01,282.90575
2021-10-24T02:00:00.000000000,257.27,270.40238
2021-10-24T03:00:00.000000000,254.2,258.84615
2021-10-24T04:00:00.000000000,248.05,249.00056
2021-10-24T05:00:00.000000000,245.17,241.44654
2021-10-24T06:00:00.000000000,239.28,235.24368
2021-10-24T07:00:00.000000000,233.96,231.08693
2021-10-24T08:00:00.000000000,231.5,230.44725
2021-10-24T09:00:00.000000000,233.12,235.26903
2021-10-24T10:00:00.000000000,232.03,239.78583
2021-10-24T11:00:00.000000000,230.78,242.93704
2021-10-24T12:00:00.000000000,248.79,243.18865
2021-10-24T13:00:00.000000000,274.09,245.04016
2021-10-24T14:00:00.000000000,277.74,250.22446
2021-10-24T15:00:00.000000000,269.77,256.85647
2021-10-24T16:00:00.000000000,273.43,261.14657
2021-10-24T17:00:00.000000000,287.03,266.43845
2021-10-24T18:00:00.000000000,297.27,273.64585
2021-10-24T19:00:00.000000000,315.25,278.96925
2021-10-24T20:00:00.000000000,324.75,286.36582
2021-10-24T21:00:00.000000000,331.66,292.64923
2021-10-24T22:00:00.000000000,344.65,299.57963
2021-10-24T23:00:00.000000000,360.05,303.41832
2021-10-22T00:00:00.000000000,388.42,375.34518
2021-10-22T01:00:00.000000000,381.03,368.73236
2021-10-22T02:00:00.000000000,365.53,362.31281
2021-10-22T03:00:00.000000000,349.06,357.97394
2021-10-22T04:00:00.000000000,336.45,357.09563
2021-10-22T05:00:00.000000000,324.27,355.95573
2021-10-22T06:00:00.000000000,312.12,355.03114
2021-10-22T07:00:00.000000000,312.74,354.23931
2021-10-22T08:00:00.000000000,318.93,354.24662
2021-10-22T09:00:00.000000000,325.36,357.23339
2021-10-22T10:00:00.000000000,326.38,360.91229
2021-10-22T11:00:00.000000000,336.17,365.9808
2021-10-22T12:00:00.000000000,340.21,368.48358
2021-10-22T13:00:00.000000000,350.02,370.06777
2021-10-22T14:00:00.000000000,347.91,376.81783
2021-10-22T15:00:00.000000000,346.34,386.14581
2021-10-22T16:00:00.000000000,333.31,389.95239
2021-10-22T17:00:00.000000000,324.1,391.28475
2021-10-22T18:00:00.000000000,325.79,390.19547
2021-10-22T19:00:00.000000000,328.86,386.86758
2021-10-22T20:00:00.000000000,324.44,382.55388
2021-10-22T21:00:00.000000000,317.12,377.75479
2021-10-22T22:00:00.000000000,308.56,373.62888
2021-10-22T23:00:00.000000000,305.62,366.69349
2021-10-23T00:00:00.000000000,324.59,338.13268
2021-10-23T01:00:00.000000000,317.84,334.05686
2021-10-23T02:00:00.000000000,289.54,326.17381
2021-10-23T03:00:00.000000000,271.22,317.4499
2021-10-23T04:00:00.000000000,263.8,306.36595
2021-10-23T05:00:00.000000000,256.25,294.42611
2021-10-23T06:00:00.000000000,240.73,280.80953
2021-10-23T07:00:00.000000000,241.5,267.86386
2021-10-23T08:00:00.000000000,247.58,257.82084
2021-10-23T09:00:00.000000000,256.17,253.5343
2021-10-23T10:00:00.000000000,268.78,250.58483
2021-10-23T11:00:00.000000000,273.18,250.16459
2021-10-23T12:00:00.000000000,273.56,249.1065
2021-10-23T13:00:00.000000000,273.5,249.76519
2021-10-23T14:00:00.000000000,276.58,254.68532
2021-10-23T15:00:00.000000000,274.94,261.02345
2021-10-23T16:00:00.000000000,272.89,266.08094
2021-10-23T17:00:00.000000000,273.92,270.60915
2021-10-23T18:00:00.000000000,274.18,276.4371
2021-10-23T19:00:00.000000000,272.11,280.89674
2021-10-23T20:00:00.000000000,270.64,288.13927
2021-10-23T21:00:00.000000000,270.95,295.73402
2021-10-23T22:00:00.000000000,268.97,302.98695
2021-10-23T23:00:00.000000000,265.05,307.41837
2021-10-24T00:00:00.000000000,270.08,267.18408
2021-10-24T01:00:00.000000000,267.01,261.64683
2021-10-24T02:00:00.000000000,257.27,251.0398
2021-10-24T03:00:00.000000000,254.2,242.51517
2021-10-24T04:00:00.000000000,248.05,236.43287
2021-10-24T05:00:00.000000000,245.17,232.38219
2021-10-24T06:00:00.000000000,239.28,228.42201
2021-10-24T07:00:00.000000000,233.96,225.47627
2021-10-24T08:00:00.000000000,231.5,225.40763
2021-10-24T09:00:00.000000000,233.12,229.68844
2021-10-24T10:00:00.000000000,232.03,232.57411
2021-10-24T11:00:00.000000000,230.78,233.76253
2021-10-24T12:00:00.000000000,248.79,232.90087
2021-10-24T13:00:00.000000000,274.09,234.5426
2021-10-24T14:00:00.000000000,277.74,239.64991
2021-10-24T15:00:00.000000000,269.77,246.19597
2021-10-24T16:00:00.000000000,273.43,250.21295
2021-10-24T17:00:00.000000000,287.03,255.53018
2021-10-24T18:00:00.000000000,297.27,263.4716
2021-10-24T19:00:00.000000000,315.25,269.06682
2021-10-24T20:00:00.000000000,324.75,275.94175
2021-10-24T21:00:00.000000000,331.66,280.63429
2021-10-24T22:00:00.000000000,344.65,284.96501
2021-10-24T23:00:00.000000000,360.05,286.78293
2021-10-25T00:00:00.000000000,390.77,262.49634
2021-10-25T01:00:00.000000000,388.6,266.40185
2021-10-25T02:00:00.000000000,366.82,267.5946
2021-10-25T03:00:00.000000000,359.94,268.29821
2021-10-25T04:00:00.000000000,352.3,271.61488
2021-10-25T05:00:00.000000000,339.94,276.47883
2021-10-25T06:00:00.000000000,332.82,281.73094
2021-10-25T07:00:00.000000000,329.94,287.8466
2021-10-25T08:00:00.000000000,333.63,296.05844
2021-10-25T09:00:00.000000000,344.55,306.48416
2021-10-25T10:00:00.000000000,357.3,312.99547
2021-10-25T11:00:00.000000000,363.68,313.7988
2021-10-25T12:00:00.000000000,372.26,307.72647
2021-10-25T13:00:00.000000000,376.43,301.69499
2021-10-25T14:00:00.000000000,366.16,299.24481
2021-10-25T15:00:00.000000000,348.84,299.04681
2021-10-25T16:00:00.000000000,342.16,297.02714
2021-10-25T17:00:00.000000000,339.56,297.53193
2021-10-25T18:00:00.000000000,348.7,301.14264
2021-10-25T19:00:00.000000000,354.4,303.85468
2021-10-25T20:00:00.000000000,348.89,307.87462
2021-10-25T21:00:00.000000000,345.68,312.77887
2021-10-25T22:00:00.000000000,343.58,319.01872
2021-10-25T23:00:00.000000000,342.66,323.24679
2021-10-23T00:00:00.000000000,324.59,305.51349
2021-10-23T01:00:00.000000000,317.84,294.52179
2021-10-23T02:00:00.000000000,289.54,275.31385
2021-10-23T03:00:00.000000000,271.22,256.88574
2021-10-23T04:00:00.000000000,263.8,238.50924
2021-10-23T05:00:00.000000000,256.25,222.73425
2021-10-23T06:00:00.000000000,240.73,209.39321
2021-10-23T07:00:00.000000000,241.5,199.11097
2021-10-23T08:00:00.000000000,247.58,194.29395
2021-10-23T09:00:00.000000000,256.17,196.94083
2021-10-23T10:00:00.000000000,268.78,202.26078
2021-10-23T11:00:00.000000000,273.18,209.31657
2021-10-23T12:00:00.000000000,273.56,215.21578
2021-10-23T13:00:00.000000000,273.5,223.27397
2021-10-23T14:00:00.000000000,276.58,234.99237
2021-10-23T15:00:00.000000000,274.94,247.93244
2021-10-23T16:00:00.000000000,272.89,256.54673
2021-10-23T17:00:00.000000000,273.92,263.21272
2021-10-23T18:00:00.000000000,274.18,269.40566
2021-10-23T19:00:00.000000000,272.11,271.24492
2021-10-23T20:00:00.000000000,270.64,275.73502
2021-10-23T21:00:00.000000000,270.95,280.10021
2021-10-23T22:00:00.000000000,268.97,285.33105
2021-10-23T23:00:00.000000000,265.05,288.27761
2021-10-24T00:00:00.000000000,270.08,260.67533
2021-10-24T01:00:00.000000000,267.01,254.42089
2021-10-24T02:00:00.000000000,257.27,241.59469
2021-10-24T03:00:00.000000000,254.2,230.9739
2021-10-24T04:00:00.000000000,248.05,223.6462
2021-10-24T05:00:00.000000000,245.17,219.13621
2021-10-24T06:00:00.000000000,239.28,215.2184
2021-10-24T07:00:00.000000000,233.96,212.95885
2021-10-24T08:00:00.000000000,231.5,214.08915
2021-10-24T09:00:00.000000000,233.12,219.83621
2021-10-24T10:00:00.000000000,232.03,224.0485
2021-10-24T11:00:00.000000000,230.78,225.71157
2021-10-24T12:00:00.000000000,248.79,224.91016
2021-10-24T13:00:00.000000000,274.09,226.77445
2021-10-24T14:00:00.000000000,277.74,232.35488
2021-10-24T15:00:00.000000000,269.77,239.35507
2021-10-24T16:00:00.000000000,273.43,243.68087
2021-10-24T17:00:00.000000000,287.03,250.0223
2021-10-24T18:00:00.000000000,297.27,259.39167
2021-10-24T19:00:00.000000000,315.25,266.55421
2021-10-24T20:00:00.000000000,324.75,275.2241
2021-10-24T21:00:00.000000000,331.66,281.70151
2021-10-24T22:00:00.000000000,344.65,287.84142
2021-10-24T23:00:00.000000000,360.05,291.02503
2021-10-25T00:00:00.000000000,390.77,303.35045
2021-10-25T01:00:00.000000000,388.6,301.70447
2021-10-25T02:00:00.000000000,366.82,298.00701
2021-10-25T03:00:00.000000000,359.94,294.66285
2021-10-25T04:00:00.000000000,352.3,292.63574
2021-10-25T05:00:00.000000000,339.94,290.23952
2021-10-25T06:00:00.000000000,332.82,288.59663
2021-10-25T07:00:00.000000000,329.94,288.16835
2021-10-25T08:00:00.000000000,333.63,290.11312
2021-10-25T09:00:00.000000000,344.55,295.97656
2021-10-25T10:00:00.000000000,357.3,300.02881
2021-10-25T11:00:00.000000000,363.68,302.76419
2021-10-25T12:00:00.000000000,372.26,303.41604
2021-10-25T13:00:00.000000000,376.43,305.4581
2021-10-25T14:00:00.000000000,366.16,312.42909
2021-10-25T15:00:00.000000000,348.84,322.45274
2021-10-25T16:00:00.000000000,342.16,328.4933
2021-10-25T17:00:00.000000000,339.56,333.14091
2021-10-25T18:00:00.000000000,348.7,336.62392
2021-10-25T19:00:00.000000000,354.4,337.75615
2021-10-25T20:00:00.000000000,348.89,338.3798
2021-10-25T21:00:00.000000000,345.68,337.78534
2021-10-25T22:00:00.000000000,343.58,339.81255
2021-10-25T23:00:00.000000000,342.66,339.17158
2021-10-26T00:00:00.000000000,359.26,317.18449
2021-10-26T01:00:00.000000000,346.9,315.77295
2021-10-26T02:00:00.000000000,311.61,311.90868
2021-10-26T03:00:00.000000000,284.98,307.82597
2021-10-26T04:00:00.000000000,263.9,300.92941
2021-10-26T05:00:00.000000000,256.19,292.62722
2021-10-26T06:00:00.000000000,248.43,281.18048
2021-10-26T07:00:00.000000000,244.63,269.22992
2021-10-26T08:00:00.000000000,238.8,258.44334
2021-10-26T09:00:00.000000000,239.01,251.79188
2021-10-26T10:00:00.000000000,242.45,244.61023
2021-10-26T11:00:00.000000000,250.12,238.75096
2021-10-26T12:00:00.000000000,256.65,232.99084
2021-10-26T13:00:00.000000000,259.03,230.28594
2021-10-26T14:00:00.000000000,258.07,230.18801
2021-10-26T15:00:00.000000000,255.75,231.34935
2021-10-26T16:00:00.000000000,251.86,231.39373
2021-10-26T17:00:00.000000000,253.99,231.8956
2021-10-26T18:00:00.000000000,254.88,235.42711
2021-10-26T19:00:00.000000000,256.76,237.73769
2021-10-26T20:00:00.000000000,257.06,242.22971
2021-10-26T21:00:00.000000000,257.73,246.15163
2021-10-26T22:00:00.000000000,258.68,249.49286
2021-10-26T23:00:00.000000000,255.78,251.58189
2021-10-24T00:00:00.000000000,270.08,265.91945
2021-10-24T01:00:00.000000000,267.01,256.77761
2021-10-24T02:00:00.000000000,257.27,240.08272
2021-10-24T03:00:00.000000000,254.2,225.65476
2021-10-24T04:00:00.000000000,248.05,214.79089
2021-10-24T05:00:00.000000000,245.17,207.76836
2021-10-24T06:00:00.000000000,239.28,203.90536
2021-10-24T07:00:00.000000000,233.96,203.04634
2021-10-24T08:00:00.000000000,231.5,206.646
2021-10-24T09:00:00.000000000,233.12,216.23653
2021-10-24T10:00:00.000000000,232.03,225.42329
2021-10-24T11:00:00.000000000,230.78,231.90719
2021-10-24T12:00:00.000000000,248.79,234.95611
2021-10-24T13:00:00.000000000,274.09,239.78951
2021-10-24T14:00:00.000000000,277.74,247.87738
2021-10-24T15:00:00.000000000,269.77,257.1206
2021-10-24T16:00:00.000000000,273.43,262.73365
2021-10-24T17:00:00.000000000,287.03,269.39696
2021-10-24T18:00:00.000000000,297.27,277.91449
2021-10-24T19:00:00.000000000,315.25,283.53781
2021-10-24T20:00:00.000000000,324.75,290.28626
2021-10-24T21:00:00.000000000,331.66,294.7452
2021-10-24T22:00:00.000000000,344.65,300.03923
2021-10-24T23:00:00.000000000,360.05,302.17031
2021-10-25T00:00:00.000000000,390.77,329.73109
2021-10-25T01:00:00.000000000,388.6,334.22388
2021-10-25T02:00:00.000000000,366.82,336.72202
2021-10-25T03:00:00.000000000,359.94,336.87066
2021-10-25T04:00:00.000000000,352.3,335.44933
2021-10-25T05:00:00.000000000,339.94,331.47466
2021-10-25T06:00:00.000000000,332.82,326.37781
2021-10-25T07:00:00.000000000,329.94,320.65316
2021-10-25T08:00:00.000000000,333.63,316.03948
2021-10-25T09:00:00.000000000,344.55,315.08459
2021-10-25T10:00:00.000000000,357.3,314.62101
2021-10-25T11:00:00.000000000,363.68,314.64784
2021-10-25T12:00:00.000000000,372.26,313.41858
2021-10-25T13:00:00.000000000,376.43,314.33141
2021-10-25T14:00:00.000000000,366.16,320.93355
2021-10-25T15:00:00.000000000,348.84,331.49914
2021-10-25T16:00:00.000000000,342.16,338.37338
2021-10-25T17:00:00.000000000,339.56,343.74358
2021-10-25T18:00:00.000000000,348.7,347.51395
2021-10-25T19:00:00.000000000,354.4,348.51248
2021-10-25T20:00:00.000000000,348.89,349.198
2021-10-25T21:00:00.000000000,345.68,351.46878
2021-10-25T22:00:00.000000000,343.58,355.96065
2021-10-25T23:00:00.000000000,342.66,357.03743
2021-10-26T00:00:00.000000000,359.26,329.47143
2021-10-26T01:00:00.000000000,346.9,326.55296
2021-10-26T02:00:00.000000000,311.61,321.56693
2021-10-26T03:00:00.000000000,284.98,316.31541
2021-10-26T04:00:00.000000000,263.9,307.54763
2021-10-26T05:00:00.000000000,256.19,296.76582
2021-10-26T06:00:00.000000000,248.43,282.4588
2021-10-26T07:00:00.000000000,244.63,267.70539
2021-10-26T08:00:00.000000000,238.8,254.85442
2021-10-26T09:00:00.000000000,239.01,247.13548
2021-10-26T10:00:00.000000000,242.45,239.99799
2021-10-26T11:00:00.000000000,250.12,235.29565
2021-10-26T12:00:00.000000000,256.65,231.17415
2021-10-26T13:00:00.000000000,259.03,229.84574
2021-10-26T14:00:00.000000000,258.07,231.25063
2021-10-26T15:00:00.000000000,255.75,233.71482
2021-10-26T16:00:00.000000000,251.86,235.01438
2021-10-26T17:00:00.000000000,253.99,236.45837
2021-10-26T18:00:00.000000000,254.88,240.51708
2021-10-26T19:00:00.000000000,256.76,243.22929
2021-10-26T20:00:00.000000000,257.06,247.99308
2021-10-26T21:00:00.000000000,257.73,252.04357
2021-10-26T22:00:00.000000000,258.68,255.14885
2021-10-26T23:00:00.000000000,255.78,256.68776
2021-10-27T00:00:00.000000000,256.77,241.84234
2021-10-27T01:00:00.000000000,258.82,239.43357
2021-10-27T02:00:00.000000000,256.99,230.19335
2021-10-27T03:00:00.000000000,258.71,222.14736
2021-10-27T04:00:00.000000000,257.96,215.97941
2021-10-27T05:00:00.000000000,253.94,212.25823
2021-10-27T06:00:00.000000000,255.5,208.4966
2021-10-27T07:00:00.000000000,251.33,205.42875
2021-10-27T08:00:00.000000000,241.49,204.87802
2021-10-27T09:00:00.000000000,241.12,206.68249
2021-10-27T10:00:00.000000000,228.65,203.86962
2021-10-27T11:00:00.000000000,224.49,195.9175
2021-10-27T12:00:00.000000000,238.42,184.96792
2021-10-27T13:00:00.000000000,254.73,178.50876
2021-10-27T14:00:00.000000000,252.99,172.65499
2021-10-27T15:00:00.000000000,242.66,168.70329
2021-10-27T16:00:00.000000000,240.71,164.17681
2021-10-27T17:00:00.000000000,229.31,163.45941
2021-10-27T18:00:00.000000000,214.34,169.23649
2021-10-27T19:00:00.000000000,213.24,173.45785
2021-10-27T20:00:00.000000000,215.88,180.30143
2021-10-27T21:00:00.000000000,222.87,184.94453
2021-10-27T22:00:00.000000000,223.59,188.74626
2021-10-27T23:00:00.000000000,225.98,192.89939
2021-10-25T00:00:00.000000000,390.77,358.65721
2021-10-25T01:00:00.000000000,388.6,358.91106
2021-10-25T02:00:00.000000000,366.82,357.95833
2021-10-25T03:00:00.000000000,359.94,356.57087
2021-10-25T04:00:00.000000000,352.3,355.54901
2021-10-25T05:00:00.000000000,339.94,353.05871
2021-10-25T06:00:00.000000000,332.82,348.6729
2021-10-25T07:00:00.000000000,329.94,342.12452
2021-10-25T08:00:00.000000000,333.63,334.26568
2021-10-25T09:00:00.000000000,344.55,328.56384
2021-10-25T10:00:00.000000000,357.3,324.11868
2021-10-25T11:00:00.000000000,363.68,322.19802
2021-10-25T12:00:00.000000000,372.26,320.64762
2021-10-25T13:00:00.000000000,376.43,321.27951
2021-10-25T14:00:00.000000000,366.16,329.34852
2021-10-25T15:00:00.000000000,348.84,341.73363
2021-10-25T16:00:00.000000000,342.16,350.80109
2021-10-25T17:00:00.000000000,339.56,358.64537
2021-10-25T18:00:00.000000000,348.7,364.21047
2021-10-25T19:00:00.000000000,354.4,365.90233
2021-10-25T20:00:00.000000000,348.89,365.71824
2021-10-25T21:00:00.000000000,345.68,366.15002
2021-10-25T22:00:00.000000000,343.58,367.71197
2021-10-25T23:00:00.000000000,342.66,365.7955
2021-10-26T00:00:00.000000000,359.26,320.73387
2021-10-26T01:00:00.000000000,346.9,318.21684
2021-10-26T02:00:00.000000000,311.61,312.98414
2021-10-26T03:00:00.000000000,284.98,307.65023
2021-10-26T04:00:00.000000000,263.9,299.44934
2021-10-26T05:00:00.000000000,256.19,289.19826
2021-10-26T06:00:00.000000000,248.43,275.09157
2021-10-26T07:00:00.000000000,244.63,260.35846
2021-10-26T08:00:00.000000000,238.8,247.82426
2021-10-26T09:00:00.000000000,239.01,240.39121
2021-10-26T10:00:00.000000000,242.45,233.53087
2021-10-26T11:00:00.000000000,250.12,229.14412
2021-10-26T12:00:00.000000000,256.65,225.3906
2021-10-26T13:00:00.000000000,259.03,224.85774
2021-10-26T14:00:00.000000000,258.07,227.50586
2021-10-26T15:00:00.000000000,255.75,231.29708
2021-10-26T16:00:00.000000000,251.86,233.955
2021-10-26T17:00:00.000000000,253.99,236.89076
2021-10-26T18:00:00.000000000,254.88,242.49717
2021-10-26T19:00:00.000000000,256.76,246.53609
2021-10-26T20:00:00.000000000,257.06,253.01436
2021-10-26T21:00:00.000000000,257.73,258.84705
2021-10-26T22:00:00.000000000,258.68,263.51629
2021-10-26T23:00:00.000000000,255.78,266.2013
2021-10-27T00:00:00.000000000,256.77,248.03062
2021-10-27T01:00:00.000000000,258.82,243.35857
2021-10-27T02:00:00.000000000,256.99,232.97254
2021-10-27T03:00:00.000000000,258.71,225.01375
2021-10-27T04:00:00.000000000,257.96,219.86336
2021-10-27T05:00:00.000000000,253.94,216.55811
2021-10-27T06:00:00.000000000,255.5,212.41174
2021-10-27T07:00:00.000000000,251.33,208.42678
2021-10-27T08:00:00.000000000,241.49,207.6435
2021-10-27T09:00:00.000000000,241.12,209.78438
2021-10-27T10:00:00.000000000,228.65,209.12084
2021-10-27T11:00:00.000000000,224.49,205.04466
2021-10-27T12:00:00.000000000,238.42,198.24907
2021-10-27T13:00:00.000000000,254.73,195.40116
2021-10-27T14:00:00.000000000,252.99,194.53709
2021-10-27T15:00:00.000000000,242.66,195.36362
2021-10-27T16:00:00.000000000,240.71,194.48544
2021-10-27T17:00:00.000000000,229.31,196.45072
2021-10-27T18:00:00.000000000,214.34,203.03634
2021-10-27T19:00:00.000000000,213.24,207.287
2021-10-27T20:00:00.000000000,215.88,214.12745
2021-10-27T21:00:00.000000000,222.87,218.8314
2021-10-27T22:00:00.000000000,223.59,221.99694
2021-10-27T23:00:00.000000000,225.98,224.34237
2021-10-28T00:00:00.000000000,240.75,267.26215
2021-10-28T01:00:00.000000000,277.82,261.71606
2021-10-28T02:00:00.000000000,278.81,249.99866
2021-10-28T03:00:00.000000000,273.16,240.13511
2021-10-28T04:00:00.000000000,268.84,233.774
2021-10-28T05:00:00.000000000,248.59,230.10037
2021-10-28T06:00:00.000000000,250.83,226.50317
2021-10-28T07:00:00.000000000,243.41,224.25834
2021-10-28T08:00:00.000000000,232.42,225.00712
2021-10-28T09:00:00.000000000,216.17,229.18547
2021-10-28T10:00:00.000000000,214.55,230.66838
2021-10-28T11:00:00.000000000,210.27,229.28092
2021-10-28T12:00:00.000000000,217.86,225.33748
2021-10-28T13:00:00.000000000,228.03,223.97131
2021-10-28T14:00:00.000000000,223.33,226.40063
2021-10-28T15:00:00.000000000,226.83,230.49015
2021-10-28T16:00:00.000000000,232.09,232.91585
2021-10-28T17:00:00.000000000,213.89,238.00943
2021-10-28T18:00:00.000000000,191.52,246.84552
2021-10-28T19:00:00.000000000,195.74,254.39479
2021-10-28T20:00:00.000000000,200.31,263.86189
2021-10-28T21:00:00.000000000,196.69,271.42406
2021-10-28T22:00:00.000000000,195.28,278.08342
2021-10-28T23:00:00.000000000,203.22,282.22762
2021-10-26T00:00:00.000000000,359.26,321.62095
2021-10-26T01:00:00.000000000,346.9,317.74827
2021-10-26T02:00:00.000000000,311.61,310.45868
2021-10-26T03:00:00.000000000,284.98,302.94316
2021-10-26T04:00:00.000000000,263.9,291.39898
2021-10-26T05:00:00.000000000,256.19,277.23343
2021-10-26T06:00:00.000000000,248.43,258.87409
2021-10-26T07:00:00.000000000,244.63,240.40491
2021-10-26T08:00:00.000000000,238.8,225.04335
2021-10-26T09:00:00.000000000,239.01,215.9007
2021-10-26T10:00:00.000000000,242.45,208.69048
2021-10-26T11:00:00.000000000,250.12,206.41437
2021-10-26T12:00:00.000000000,256.65,206.86951
2021-10-26T13:00:00.000000000,259.03,211.57018
2021-10-26T14:00:00.000000000,258.07,220.04776
2021-10-26T15:00:00.000000000,255.75,229.87069
2021-10-26T16:00:00.000000000,251.86,236.96592
2021-10-26T17:00:00.000000000,253.99,241.86569
2021-10-26T18:00:00.000000000,254.88,247.51403
2021-10-26T19:00:00.000000000,256.76,249.42095
2021-10-26T20:00:00.000000000,257.06,253.11162
2021-10-26T21:00:00.000000000,257.73,256.6951
2021-10-26T22:00:00.000000000,258.68,259.50662
2021-10-26T23:00:00.000000000,255.78,260.73596
2021-10-27T00:00:00.000000000,256.77,234.3335
2021-10-27T01:00:00.000000000,258.82,228.07135
2021-10-27T02:00:00.000000000,256.99,216.05871
2021-10-27T03:00:00.000000000,258.71,207.62416
2021-10-27T04:00:00.000000000,257.96,203.21193
2021-10-27T05:00:00.000000000,253.94,201.30194
2021-10-27T06:00:00.000000000,255.5,198.68944
2021-10-27T07:00:00.000000000,251.33,195.87987
2021-10-27T08:00:00.000000000,241.49,196.80054
2021-10-27T09:00:00.000000000,241.12,200.69157
2021-10-27T10:00:00.000000000,228.65,202.34585
2021-10-27T11:00:00.000000000,224.49,200.32248
2021-10-27T12:00:00.000000000,238.42,195.15455
2021-10-27T13:00:00.000000000,254.73,193.96124
2021-10-27T14:00:00.000000000,252.99,195.14191
2021-10-27T15:00:00.000000000,242.66,197.78356
2021-10-27T16:00:00.000000000,240.71,197.78217
2021-10-27T17:00:00.000000000,229.31,200.56061
2021-10-27T18:00:00.000000000,214.34,207.5752
2021-10-27T19:00:00.000000000,213.24,211.55768
2021-10-27T20:00:00.000000000,215.88,218.25155
2021-10-27T21:00:00.000000000,222.87,222.41203
2021-10-27T22:00:00.000000000,223.59,224.58452
2021-10-27T23:00:00.000000000,225.98,225.81728
2021-10-28T00:00:00.000000000,240.75,248.09529
2021-10-28T01:00:00.000000000,277.82,242.9009
2021-10-28T02:00:00.000000000,278.81,230.71072
2021-10-28T03:00:00.000000000,273.16,220.87522
2021-10-28T04:00:00.000000000,268.84,215.19318
2021-10-28T05:00:00.000000000,248.59,212.79596
2021-10-28T06:00:00.000000000,250.83,209.69114
2021-10-28T07:00:00.000000000,243.41,207.42884
2021-10-28T08:00:00.000000000,232.42,208.22047
2021-10-28T09:00:00.000000000,216.17,211.38528
2021-10-28T10:00:00.000000000,214.55,210.9621
2021-10-28T11:00:00.000000000,210.27,206.56187
2021-10-28T12:00:00.000000000,217.86,199.46754
2021-10-28T13:00:00.000000000,228.03,195.94538
2021-10-28T14:00:00.000000000,223.33,196.1755
2021-10-28T15:00:00.000000000,226.83,198.33765
2021-10-28T16:00:00.000000000,232.09,198.96771
2021-10-28T17:00:00.000000000,213.89,203.27928
2021-10-28T18:00:00.000000000,191.52,212.41161
2021-10-28T19:00:00.000000000,195.74,220.15398
2021-10-28T20:00:00.000000000,200.31,230.82194
2021-10-28T21:00:00.000000000,196.69,239.63686
2021-10-28T22:00:00.000000000,195.28,246.58151
2021-10-28T23:00:00.000000000,203.22,251.74377
2021-10-29T00:00:00.000000000,239.9,269.13435
2021-10-29T01:00:00.000000000,277.52,263.2419
2021-10-29T02:00:00.000000000,276.48,250.79555
2021-10-29T03:00:00.000000000,265.5,240.11888
2021-10-29T04:00:00.000000000,255.03,232.82515
2021-10-29T05:00:00.000000000,230.36,228.24551
2021-10-29T06:00:00.000000000,206.85,223.623
2021-10-29T07:00:00.000000000,193.77,220.53751
2021-10-29T08:00:00.000000000,182.81,220.6886
2021-10-29T09:00:00.000000000,179.74,224.38002
2021-10-29T10:00:00.000000000,193.27,225.52503
2021-10-29T11:00:00.000000000,209.63,224.01311
2021-10-29T12:00:00.000000000,228.79,220.08698
2021-10-29T13:00:00.000000000,246.77,218.83958
2021-10-29T14:00:00.000000000,247.92,221.51106
2021-10-29T15:00:00.000000000,241.31,225.91713
2021-10-29T16:00:00.000000000,220.24,228.57227
2021-10-29T17:00:00.000000000,203.68,233.80135
2021-10-29T18:00:00.000000000,194.77,242.62825
2021-10-29T19:00:00.000000000,189.33,250.05426
2021-10-29T20:00:00.000000000,190.15,259.61884
2021-10-29T21:00:00.000000000,193.16,267.54742
2021-10-29T22:00:00.000000000,198.62,274.49451
2021-10-29T23:00:00.000000000,240.35,278.98692
2021-10-27T00:00:00.000000000,256.77,214.54606
2021-10-27T01:00:00.000000000,258.82,208.31202
2021-10-27T02:00:00.000000000,256.99,196.20401
2021-10-27T03:00:00.000000000,258.71,188.26551
2021-10-27T04:00:00.000000000,257.96,185.26491
2021-10-27T05:00:00.000000000,253.94,185.72065
2021-10-27T06:00:00.000000000,255.5,186.33419
2021-10-27T07:00:00.000000000,251.33,186.3211
2021-10-27T08:00:00.000000000,241.49,190.07822
2021-10-27T09:00:00.000000000,241.12,196.12975
2021-10-27T10:00:00.000000000,228.65,199.33917
2021-10-27T11:00:00.000000000,224.49,197.07449
2021-10-27T12:00:00.000000000,238.42,190.1089
2021-10-27T13:00:00.000000000,254.73,187.08091
2021-10-27T14:00:00.000000000,252.99,185.36874
2021-10-27T15:00:00.000000000,242.66,185.15079
2021-10-27T16:00:00.000000000,240.71,182.43782
2021-10-27T17:00:00.000000000,229.31,183.28297
2021-10-27T18:00:00.000000000,214.34,189.1006
2021-10-27T19:00:00.000000000,213.24,191.71372
2021-10-27T20:00:00.000000000,215.88,197.58567
2021-10-27T21:00:00.000000000,222.87,200.5044
2021-10-27T22:00:00.000000000,223.59,201.41079
2021-10-27T23:00:00.000000000,225.98,202.21249
2021-10-28T00:00:00.000000000,240.75,203.05369
2021-10-28T01:00:00.000000000,277.82,197.43331
2021-10-28T02:00:00.000000000,278.81,184.55313
2021-10-28T03:00:00.000000000,273.16,175.55899
2021-10-28T04:00:00.000000000,268.84,172.14733
2021-10-28T05:00:00.000000000,248.59,173.44367
2021-10-28T06:00:00.000000000,250.83,173.74138
2021-10-28T07:00:00.000000000,243.41,173.49623
2021-10-28T08:00:00.000000000,232.42,177.07215
2021-10-28T09:00:00.000000000,216.17,182.18482
2021-10-28T10:00:00.000000000,214.55,183.6161
2021-10-28T11:00:00.000000000,210.27,179.03061
2021-10-28T12:00:00.000000000,217.86,170.4015
2021-10-28T13:00:00.000000000,228.03,166.45712
2021-10-28T14:00:00.000000000,223.33,165.88425
2021-10-28T15:00:00.000000000,226.83,167.17242
2021-10-28T16:00:00.000000000,232.09,165.67726
2021-10-28T17:00:00.000000000,213.89,168.50739
2021-10-28T18:00:00.000000000,191.52,176.86308
2021-10-28T19:00:00.000000000,195.74,182.20253
2021-10-28T20:00:00.000000000,200.31,190.99149
2021-10-28T21:00:00.000000000,196.69,197.3375
2021-10-28T22:00:00.000000000,195.28,201.05257
2021-10-28T23:00:00.000000000,203.22,204.56309
2021-10-29T00:00:00.000000000,239.9,247.75754
2021-10-29T01:00:00.000000000,277.52,242.3968
2021-10-29T02:00:00.000000000,276.48,230.60376
2021-10-29T03:00:00.000000000,265.5,221.31318
2021-10-29T04:00:00.000000000,255.03,215.89898
2021-10-29T05:00:00.000000000,230.36,213.68612
2021-10-29T06:00:00.000000000,206.85,211.10811
2021-10-29T07:00:00.000000000,193.77,209.48003
2021-10-29T08:00:00.000000000,182.81,210.74721
2021-10-29T09:00:00.000000000,179.74,214.95483
2021-10-29T10:00:00.000000000,193.27,216.12906
2021-10-29T11:00:00.000000000,209.63,213.88802
2021-10-29T12:00:00.000000000,228.79,209.38914
2021-10-29T13:00:00.000000000,246.77,208.28584
2021-10-29T14:00:00.000000000,247.92,211.1885
2021-10-29T15:00:00.000000000,241.31,215.86406
2021-10-29T16:00:00.000000000,220.24,218.34576
2021-10-29T17:00:00.000000000,203.68,223.69073
2021-10-29T18:00:00.000000000,194.77,233.13047
2021-10-29T19:00:00.000000000,189.33,240.70238
2021-10-29T20:00:00.000000000,190.15,250.34719
2021-10-29T21:00:00.000000000,193.16,257.72566
2021-10-29T22:00:00.000000000,198.62,263.70911
2021-10-29T23:00:00.000000000,240.35,267.47984
2021-10-30T00:00:00.000000000,345.34,305.0809
2021-10-30T01:00:00.000000000,378.79,297.69798
2021-10-30T02:00:00.000000000,385.15,285.97592
2021-10-30T03:00:00.000000000,391.5,275.0311
2021-10-30T04:00:00.000000000,398.12,265.46796
2021-10-30T05:00:00.000000000,406.99,257.91995
2021-10-30T06:00:00.000000000,412.16,254.01066
2021-10-30T07:00:00.000000000,409.74,252.99538
2021-10-30T08:00:00.000000000,409.13,255.2769
2021-10-30T09:00:00.000000000,404.19,262.68
2021-10-30T10:00:00.000000000,388.69,269.74434
2021-10-30T11:00:00.000000000,373.14,275.78955
2021-10-30T12:00:00.000000000,364.6,279.56154
2021-10-30T13:00:00.000000000,358.79,284.48716
2021-10-30T14:00:00.000000000,340.88,293.55186
2021-10-30T15:00:00.000000000,305.6,304.79421
2021-10-30T16:00:00.000000000,314.2,312.15326
2021-10-30T17:00:00.000000000,307.53,318.29327
2021-10-30T18:00:00.000000000,303.74,323.96734
2021-10-30T19:00:00.000000000,306.03,327.07595
2021-10-30T20:00:00.000000000,311.95,330.24872
2021-10-30T21:00:00.000000000,317.68,331.64275
2021-10-30T22:00:00.000000000,322.92,334.85418
2021-10-30T23:00:00.000000000,337.19,334.02522
2021-10-28T00:00:00.000000000,240.75,206.1672
2021-10-28T01:00:00.000000000,277.82,199.71443
2021-10-28T02:00:00.000000000,278.81,186.08021
2021-10-28T03:00:00.000000000,273.16,176.71698
2021-10-28T04:00:00.000000000,268.84,173.05314
2021-10-28T05:00:00.000000000,248.59,173.32986
2021-10-28T06:00:00.000000000,250.83,172.63
2021-10-28T07:00:00.000000000,243.41,171.33827
2021-10-28T08:00:00.000000000,232.42,174.34799
2021-10-28T09:00:00.000000000,216.17,179.14129
2021-10-28T10:00:00.000000000,214.55,180.57585
2021-10-28T11:00:00.000000000,210.27,176.02197
2021-10-28T12:00:00.000000000,217.86,167.27291
2021-10-28T13:00:00.000000000,228.03,163.48101
2021-10-28T14:00:00.000000000,223.33,162.37141
2021-10-28T15:00:00.000000000,226.83,162.98332
2021-10-28T16:00:00.000000000,232.09,160.89167
2021-10-28T17:00:00.000000000,213.89,163.29866
2021-10-28T18:00:00.000000000,191.52,171.38448
2021-10-28T19:00:00.000000000,195.74,176.33841
2021-10-28T20:00:00.000000000,200.31,184.88325
2021-10-28T21:00:00.000000000,196.69,190.79167
2021-10-28T22:00:00.000000000,195.28,193.7578
2021-10-28T23:00:00.000000000,203.22,196.43776
2021-10-29T00:00:00.000000000,239.9,223.41346
2021-10-29T01:00:00.000000000,277.52,217.90117
2021-10-29T02:00:00.000000000,276.48,205.50045
2021-10-29T03:00:00.000000000,265.5,196.52574
2021-10-29T04:00:00.000000000,255.03,192.40656
2021-10-29T05:00:00.000000000,230.36,192.02964
2021-10-29T06:00:00.000000000,206.85,190.93239
2021-10-29T07:00:00.000000000,193.77,189.92948
2021-10-29T08:00:00.000000000,182.81,192.25769
2021-10-29T09:00:00.000000000,179.74,196.98155
2021-10-29T10:00:00.000000000,193.27,198.40251
2021-10-29T11:00:00.000000000,209.63,195.0621
2021-10-29T12:00:00.000000000,228.79,188.59497
2021-10-29T13:00:00.000000000,246.77,186.29596
2021-10-29T14:00:00.000000000,247.92,187.3937
2021-10-29T15:00:00.000000000,241.31,190.15278
2021-10-29T16:00:00.000000000,220.24,190.52948
2021-10-29T17:00:00.000000000,203.68,194.69394
2021-10-29T18:00:00.000000000,194.77,203.93816
2021-10-29T19:00:00.000000000,189.33,210.74796
2021-10-29T20:00:00.000000000,190.15,220.30353
2021-10-29T21:00:00.000000000,193.16,227.25391
2021-10-29T22:00:00.000000000,198.62,232.09393
2021-10-29T23:00:00.000000000,240.35,235.67045
2021-10-30T00:00:00.000000000,345.34,278.68324
2021-10-30T01:00:00.000000000,378.79,269.68732
2021-10-30T02:00:00.000000000,385.15,256.19273
2021-10-30T03:00:00.000000000,391.5,244.63144
2021-10-30T04:00:00.000000000,398.12,235.12863
2021-10-30T05:00:00.000000000,406.99,229.09473
2021-10-30T06:00:00.000000000,412.16,227.21801
2021-10-30T07:00:00.000000000,409.74,228.2472
2021-10-30T08:00:00.000000000,409.13,232.81294
2021-10-30T09:00:00.000000000,404.19,242.63309
2021-10-30T10:00:00.000000000,388.69,252.18094
2021-10-30T11:00:00.000000000,373.14,260.24377
2021-10-30T12:00:00.000000000,364.6,265.88853
2021-10-30T13:00:00.000000000,358.79,272.81203
2021-10-30T14:00:00.000000000,340.88,283.67688
2021-10-30T15:00:00.000000000,305.6,296.40294
2021-10-30T16:00:00.000000000,314.2,304.18444
2021-10-30T17:00:00.000000000,307.53,310.30308
2021-10-30T18:00:00.000000000,303.74,315.78205
2021-10-30T19:00:00.000000000,306.03,317.50686
2021-10-30T20:00:00.000000000,311.95,318.93378
2021-10-30T21:00:00.000000000,317.68,317.7609
2021-10-30T22:00:00.000000000,322.92,318.38221
2021-10-30T23:00:00.000000000,337.19,315.73691
2021-10-31T00:00:00.000000000,359.41,328.45672
2021-10-31T01:00:00.000000000,329.64,320.63281
2021-10-31T02:00:00.000000000,280.08,306.32953
2021-10-31T03:00:00.000000000,252.66,291.4132
2021-10-31T04:00:00.000000000,238.97,276.32353
2021-10-31T05:00:00.000000000,238.35,263.03679
2021-10-31T06:00:00.000000000,241.98,252.02699
2021-10-31T07:00:00.000000000,248.77,243.9236
2021-10-31T08:00:00.000000000,258.64,240.07742
2021-10-31T09:00:00.000000000,264.07,242.912
2021-10-31T10:00:00.000000000,273.85,247.36223
2021-10-31T11:00:00.000000000,282.01,252.90768
2021-10-31T12:00:00.000000000,285.62,256.16768
2021-10-31T13:00:00.000000000,286.6,260.11085
2021-10-31T14:00:00.000000000,277.85,267.85122
2021-10-31T15:00:00.000000000,255.22,277.15906
2021-10-31T16:00:00.000000000,251.51,283.79272
2021-10-31T17:00:00.000000000,251.9,289.40817
2021-10-31T18:00:00.000000000,262.62,294.93214
2021-10-31T19:00:00.000000000,273.16,298.17754
2021-10-31T20:00:00.000000000,281.06,303.54096
2021-10-31T21:00:00.000000000,287.81,309.29563
2021-10-31T22:00:00.000000000,294.89,316.53123
2021-10-31T23:00:00.000000000,310.12,320.60123
2021-10-29T00:00:00.000000000,239.9,231.57418
2021-10-29T01:00:00.000000000,277.52,224.75869
2021-10-29T02:00:00.000000000,276.48,210.63083
2021-10-29T03:00:00.000000000,265.5,200.0931
2021-10-29T04:00:00.000000000,255.03,194.92014
2021-10-29T05:00:00.000000000,230.36,193.24603
2021-10-29T06:00:00.000000000,206.85,191.5824
2021-10-29T07:00:00.000000000,193.77,190.69018
2021-10-29T08:00:00.000000000,182.81,193.52394
2021-10-29T09:00:00.000000000,179.74,199.01078
2021-10-29T10:00:00.000000000,193.27,201.06593
2021-10-29T11:00:00.000000000,209.63,198.14845
2021-10-29T12:00:00.000000000,228.79,191.88975
2021-10-29T13:00:00.000000000,246.77,189.62997
2021-10-29T14:00:00.000000000,247.92,190.35813
2021-10-29T15:00:00.000000000,241.31,192.66533
2021-10-29T16:00:00.000000000,220.24,192.86459
2021-10-29T17:00:00.000000000,203.68,197.14029
2021-10-29T18:00:00.000000000,194.77,206.64455
2021-10-29T19:00:00.000000000,189.33,214.07715
2021-10-29T20:00:00.000000000,190.15,224.14109
2021-10-29T21:00:00.000000000,193.16,231.42154
2021-10-29T22:00:00.000000000,198.62,236.54309
2021-10-29T23:00:00.000000000,240.35,240.02127
2021-10-30T00:00:00.000000000,345.34,296.36524
2021-10-30T01:00:00.000000000,378.79,287.2962
2021-10-30T02:00:00.000000000,385.15,273.60109
2021-10-30T03:00:00.000000000,391.5,261.28069
2021-10-30T04:00:00.000000000,398.12,250.37908
2021-10-30T05:00:00.000000000,406.99,242.14798
2021-10-30T06:00:00.000000000,412.16,238.15385
2021-10-30T07:00:00.000000000,409.74,237.24805
2021-10-30T08:00:00.000000000,409.13,239.90839
2021-10-30T09:00:00.000000000,404.19,247.94543
2021-10-30T10:00:00.000000000,388.69,256.16043
2021-10-30T11:00:00.000000000,373.14,263.72712
2021-10-30T12:00:00.000000000,364.6,269.36215
2021-10-30T13:00:00.000000000,358.79,276.30103
2021-10-30T14:00:00.000000000,340.88,287.0597
2021-10-30T15:00:00.000000000,305.6,299.88007
2021-10-30T16:00:00.000000000,314.2,308.00678
2021-10-30T17:00:00.000000000,307.53,314.21319
2021-10-30T18:00:00.000000000,303.74,319.41988
2021-10-30T19:00:00.000000000,306.03,321.04335
2021-10-30T20:00:00.000000000,311.95,322.5939
2021-10-30T21:00:00.000000000,317.68,322.07011
2021-10-30T22:00:00.000000000,322.92,323.30714
2021-10-30T23:00:00.000000000,337.19,320.92816
2021-10-31T00:00:00.000000000,359.41,342.10845
2021-10-31T01:00:00.000000000,329.64,334.34746
2021-10-31T02:00:00.000000000,280.08,320.42587
2021-10-31T03:00:00.000000000,252.66,305.31805
2021-10-31T04:00:00.000000000,238.97,289.26431
2021-10-31T05:00:00.000000000,238.35,274.52016
2021-10-31T06:00:00.000000000,241.98,262.30744
2021-10-31T07:00:00.000000000,248.77,252.73351
2021-10-31T08:00:00.000000000,258.64,247.38317
2021-10-31T09:00:00.000000000,264.07,249.17534
2021-10-31T10:00:00.000000000,273.85,253.66432
2021-10-31T11:00:00.000000000,282.01,260.46858
2021-10-31T12:00:00.000000000,285.62,265.30169
2021-10-31T13:00:00.000000000,286.6,270.4393
2021-10-31T14:00:00.000000000,277.85,279.18408
2021-10-31T15:00:00.000000000,255.22,289.37357
2021-10-31T16:00:00.000000000,251.51,296.7851
2021-10-31T17:00:00.000000000,251.9,302.4007
2021-10-31T18:00:00.000000000,262.62,307.1971
2021-10-31T19:00:00.000000000,273.16,309.35987
2021-10-31T20:00:00.000000000,281.06,313.39143
2021-10-31T21:00:00.000000000,287.81,318.26049
2021-10-31T22:00:00.000000000,294.89,324.97256
2021-10-31T23:00:00.000000000,310.12,328.5617
2021-11-01T00:00:00.000000000,331.01,336.33928
2021-11-01T01:00:00.000000000,319.04,325.69525
2021-11-01T02:00:00.000000000,302.4,309.94228
2021-11-01T03:00:00.000000000,297.63,294.24892
2021-11-01T04:00:00.000000000,295.77,279.94619
2021-11-01T05:00:00.000000000,299.36,268.20802
2021-11-01T06:00:00.000000000,312.95,261.11698
2021-11-01T07:00:00.000000000,321.32,258.2081
2021-11-01T08:00:00.000000000,329.42,260.28469
2021-11-01T09:00:00.000000000,337.98,269.05149
2021-11-01T10:00:00.000000000,346.8,279.38507
2021-11-01T11:00:00.000000000,355.31,289.29695
2021-11-01T12:00:00.000000000,364.05,294.63217
2021-11-01T13:00:00.000000000,375.11,298.96089
2021-11-01T14:00:00.000000000,379.54,306.69435
2021-11-01T15:00:00.000000000,375.49,316.37617
2021-11-01T16:00:00.000000000,366.81,322.26123
2021-11-01T17:00:00.000000000,365.46,326.80521
2021-11-01T18:00:00.000000000,366.45,329.4105
2021-11-01T19:00:00.000000000,360.07,329.68291
2021-11-01T20:00:00.000000000,351.34,330.9526
2021-11-01T21:00:00.000000000,341.94,332.06871
2021-11-01T22:00:00.000000000,338.89,335.75625
2021-11-01T23:00:00.000000000,353.87,335.48592
2021-10-30T00:00:00.000000000,345.34,343.11604
2021-10-30T01:00:00.000000000,378.79,336.61792
2021-10-30T02:00:00.000000000,385.15,324.94933
2021-10-30T03:00:00.000000000,391.5,312.00386
2021-10-30T04:00:00.000000000,398.12,298.27812
2021-10-30T05:00:00.000000000,406.99,285.29147
2021-10-30T06:00:00.000000000,412.16,275.23064
2021-10-30T07:00:00.000000000,409.74,268.24344
2021-10-30T08:00:00.000000000,409.13,264.66969
2021-10-30T09:00:00.000000000,404.19,266.17183
2021-10-30T10:00:00.000000000,388.69,268.70331
2021-10-30T11:00:00.000000000,373.14,272.68555
2021-10-30T12:00:00.000000000,364.6,275.27811
2021-10-30T13:00:00.000000000,358.79,278.69714
2021-10-30T14:00:00.000000000,340.88,286.10455
2021-10-30T15:00:00.000000000,305.6,296.48192
2021-10-30T16:00:00.000000000,314.2,303.73171
2021-10-30T17:00:00.000000000,307.53,308.98353
2021-10-30T18:00:00.000000000,303.74,312.72296
2021-10-30T19:00:00.000000000,306.03,313.76767
2021-10-30T20:00:00.000000000,311.95,315.89799
2021-10-30T21:00:00.000000000,317.68,319.03133
2021-10-30T22:00:00.000000000,322.92,323.59022
2021-10-30T23:00:00.000000000,337.19,324.54225
2021-10-31T00:00:00.000000000,359.41,344.84328
2021-10-31T01:00:00.000000000,329.64,338.05082
2021-10-31T02:00:00.000000000,280.08,325.32894
2021-10-31T03:00:00.000000000,252.66,311.14875
2021-10-31T04:00:00.000000000,238.97,296.18417
2021-10-31T05:00:00.000000000,238.35,282.28022
2021-10-31T06:00:00.000000000,241.98,270.32932
2021-10-31T07:00:00.000000000,248.77,260.8328
2021-10-31T08:00:00.000000000,258.64,255.31607
2021-10-31T09:00:00.000000000,264.07,256.71813
2021-10-31T10:00:00.000000000,273.85,260.51946
2021-10-31T11:00:00.000000000,282.01,266.57335
2021-10-31T12:00:00.000000000,285.62,270.52181
2021-10-31T13:00:00.000000000,286.6,274.54745
2021-10-31T14:00:00.000000000,277.85,282.30669
2021-10-31T15:00:00.000000000,255.22,291.54658
2021-10-31T16:00:00.000000000,251.51,298.44778
2021-10-31T17:00:00.000000000,251.9,304.04555
2021-10-31T18:00:00.000000000,262.62,309.05759
2021-10-31T19:00:00.000000000,273.16,311.93274
2021-10-31T20:00:00.000000000,281.06,316.58332
2021-10-31T21:00:00.000000000,287.81,322.27868
2021-10-31T22:00:00.000000000,294.89,329.81532
2021-10-31T23:00:00.000000000,310.12,334.06111
2021-11-01T00:00:00.000000000,331.01,343.70857
2021-11-01T01:00:00.000000000,319.04,333.29721
2021-11-01T02:00:00.000000000,302.4,317.89311
2021-11-01T03:00:00.000000000,297.63,302.23018
2021-11-01T04:00:00.000000000,295.77,287.47076
2021-11-01T05:00:00.000000000,299.36,274.70458
2021-11-01T06:00:00.000000000,312.95,266.05793
2021-11-01T07:00:00.000000000,321.32,261.19549
2021-11-01T08:00:00.000000000,329.42,261.40777
2021-11-01T09:00:00.000000000,337.98,268.54597
2021-11-01T10:00:00.000000000,346.8,278.03606
2021-11-01T11:00:00.000000000,355.31,288.04638
2021-11-01T12:00:00.000000000,364.05,293.9844
2021-11-01T13:00:00.000000000,375.11,299.07213
2021-11-01T14:00:00.000000000,379.54,307.71758
2021-11-01T15:00:00.000000000,375.49,318.16648
2021-11-01T16:00:00.000000000,366.81,324.72143
2021-11-01T17:00:00.000000000,365.46,329.67604
2021-11-01T18:00:00.000000000,366.45,332.53095
2021-11-01T19:00:00.000000000,360.07,332.87632
2021-11-01T20:00:00.000000000,351.34,334.19762
2021-11-01T21:00:00.000000000,341.94,335.79141
2021-11-01T22:00:00.000000000,338.89,339.72564
2021-11-01T23:00:00.000000000,353.87,339.48885
2021-11-02T00:00:00.000000000,374.29,347.4612
2021-11-02T01:00:00.000000000,358.2,344.1894
2021-11-02T02:00:00.000000000,337.86,336.90513
2021-11-02T03:00:00.000000000,330.47,327.95143
2021-11-02T04:00:00.000000000,323.96,317.7626
2021-11-02T05:00:00.000000000,318.88,306.99843
2021-11-02T06:00:00.000000000,306.58,297.07695
2021-11-02T07:00:00.000000000,294.11,288.37932
2021-11-02T08:00:00.000000000,279.5,282.78125
2021-11-02T09:00:00.000000000,277.42,283.25461
2021-11-02T10:00:00.000000000,291.01,286.34302
2021-11-02T11:00:00.000000000,304.36,291.16975
2021-11-02T12:00:00.000000000,322.28,293.85429
2021-11-02T13:00:00.000000000,339.89,297.27817
2021-11-02T14:00:00.000000000,344.86,305.29295
2021-11-02T15:00:00.000000000,358.01,315.8622
2021-11-02T16:00:00.000000000,360.18,323.21977
2021-11-02T17:00:00.000000000,362.12,329.16047
2021-11-02T18:00:00.000000000,374.61,333.48683
2021-11-02T19:00:00.000000000,381.39,335.12134
2021-11-02T20:00:00.000000000,389.11,337.64188
2021-11-02T21:00:00.000000000,382.09,341.43613
2021-11-02T22:00:00.000000000,372.27,347.2414
2021-11-02T23:00:00.000000000,366.09,349.08646
2021-10-31T00:00:00.000000000,359.41,350.48495
2021-10-31T01:00:00.000000000,329.64,343.98596
2021-10-31T02:00:00.000000000,280.08,331.46287
2021-10-31T03:00:00.000000000,252.66,317.14138
2021-10-31T04:00:00.000000000,238.97,301.87803
2021-10-31T05:00:00.000000000,238.35,287.50839
2021-10-31T06:00:00.000000000,241.98,274.57882
2021-10-31T07:00:00.000000000,248.77,264.23511
2021-10-31T08:00:00.000000000,258.64,257.97015
2021-10-31T09:00:00.000000000,264.07,258.73276
2021-10-31T10:00:00.000000000,273.85,261.83927
2021-10-31T11:00:00.000000000,282.01,267.45654
2021-10-31T12:00:00.000000000,285.62,271.0
2021-10-31T13:00:00.000000000,286.6,274.44643
2021-10-31T14:00:00.000000000,277.85,281.94114
2021-10-31T15:00:00.000000000,255.22,290.93746
2021-10-31T16:00:00.000000000,251.51,297.87625
2021-10-31T17:00:00.000000000,251.9,303.62279
2021-10-31T18:00:00.000000000,262.62,308.77336
2021-10-31T19:00:00.000000000,273.16,312.1045
2021-10-31T20:00:00.000000000,281.06,317.31978
2021-10-31T21:00:00.000000000,287.81,323.93768
2021-10-31T22:00:00.000000000,294.89,332.40903
2021-10-31T23:00:00.000000000,310.12,337.55593
2021-11-01T00:00:00.000000000,331.01,342.89879
2021-11-01T01:00:00.000000000,319.04,332.50201
2021-11-01T02:00:00.000000000,302.4,316.72665
2021-11-01T03:00:00.000000000,297.63,300.56001
2021-11-01T04:00:00.000000000,295.77,284.95451
2021-11-01T05:00:00.000000000,299.36,271.37392
2021-11-01T06:00:00.000000000,312.95,261.97872
2021-11-01T07:00:00.000000000,321.32,256.50242
2021-11-01T08:00:00.000000000,329.42,256.25763
2021-11-01T09:00:00.000000000,337.98,263.28914
2021-11-01T10:00:00.000000000,346.8,272.85332
2021-11-01T11:00:00.000000000,355.31,283.06414
2021-11-01T12:00:00.000000000,364.05,289.19854
2021-11-01T13:00:00.000000000,375.11,294.509
2021-11-01T14:00:00.000000000,379.54,303.2623
2021-11-01T15:00:00.000000000,375.49,313.79373
2021-11-01T16:00:00.000000000,366.81,320.51963
2021-11-01T17:00:00.000000000,365.46,325.4926
2021-11-01T18:00:00.000000000,366.45,328.31756
2021-11-01T19:00:00.000000000,360.07,328.50537
2021-11-01T20:00:00.000000000,351.34,329.92686
2021-11-01T21:00:00.000000000,341.94,331.72638
2021-11-01T22:00:00.000000000,338.89,336.10707
2021-11-01T23:00:00.000000000,353.87,336.51428
2021-11-02T00:00:00.000000000,374.29,349.19623
2021-11-02T01:00:00.000000000,358.2,344.84678
2021-11-02T02:00:00.000000000,337.86,336.58942
2021-11-02T03:00:00.000000000,330.47,326.85429
2021-11-02T04:00:00.000000000,323.96,316.1938
2021-11-02T05:00:00.000000000,318.88,305.05096
2021-11-02T06:00:00.000000000,306.58,295.05455
2021-11-02T07:00:00.000000000,294.11,286.12145
2021-11-02T08:00:00.000000000,279.5,280.36163
2021-11-02T09:00:00.000000000,277.42,280.72648
2021-11-02T10:00:00.000000000,291.01,284.10872
2021-11-02T11:00:00.000000000,304.36,289.74479
2021-11-02T12:00:00.000000000,322.28,293.58156
2021-11-02T13:00:00.000000000,339.89,298.12818
2021-11-02T14:00:00.000000000,344.86,306.98417
2021-11-02T15:00:00.000000000,358.01,318.0342
2021-11-02T16:00:00.000000000,360.18,325.70727
2021-11-02T17:00:00.000000000,362.12,331.88932
2021-11-02T18:00:00.000000000,374.61,336.53
2021-11-02T19:00:00.000000000,381.39,338.33184
2021-11-02T20:00:00.000000000,389.11,340.64065
2021-11-02T21:00:00.000000000,382.09,344.01353
2021-11-02T22:00:00.000000000,372.27,349.13427
2021-11-02T23:00:00.000000000,366.09,350.08396
2021-11-03T00:00:00.000000000,365.92,354.61832
2021-11-03T01:00:00.000000000,371.59,346.15105
2021-11-03T02:00:00.000000000,367.51,334.58249
2021-11-03T03:00:00.000000000,369.1,324.32321
2021-11-03T04:00:00.000000000,365.01,316.75464
2021-11-03T05:00:00.000000000,366.42,310.35646
2021-11-03T06:00:00.000000000,374.11,306.00634
2021-11-03T07:00:00.000000000,372.39,303.73285
2021-11-03T08:00:00.000000000,366.34,304.5641
2021-11-03T09:00:00.000000000,363.13,311.10718
2021-11-03T10:00:00.000000000,350.16,319.98071
2021-11-03T11:00:00.000000000,339.32,329.44855
2021-11-03T12:00:00.000000000,339.47,334.91618
2021-11-03T13:00:00.000000000,339.19,338.37329
2021-11-03T14:00:00.000000000,339.24,344.32793
2021-11-03T15:00:00.000000000,341.54,351.02919
2021-11-03T16:00:00.000000000,342.55,352.61941
2021-11-03T17:00:00.000000000,354.23,353.2746
2021-11-03T18:00:00.000000000,363.49,351.76217
2021-11-03T19:00:00.000000000,365.08,348.62377
2021-11-03T20:00:00.000000000,366.39,346.6271
2021-11-03T21:00:00.000000000,362.18,344.75903
2021-11-03T22:00:00.000000000,359.24,345.10732
2021-11-03T23:00:00.000000000,360.12,342.594
2021-11-01T00:00:00.000000000,331.01,337.35697
2021-11-01T01:00:00.000000000,319.04,327.17279
2021-11-01T02:00:00.000000000,302.4,312.27692
2021-11-01T03:00:00.000000000,297.63,297.53467
2021-11-01T04:00:00.000000000,295.77,283.72938
2021-11-01T05:00:00.000000000,299.36,271.58076
2021-11-01T06:00:00.000000000,312.95,263.04306
2021-11-01T07:00:00.000000000,321.32,257.96662
2021-11-01T08:00:00.000000000,329.42,257.9377
2021-11-01T09:00:00.000000000,337.98,264.80364
2021-11-01T10:00:00.000000000,346.8,274.15717
2021-11-01T11:00:00.000000000,355.31,284.16516
2021-11-01T12:00:00.000000000,364.05,290.28321
2021-11-01T13:00:00.000000000,375.11,295.80274
2021-11-01T14:00:00.000000000,379.54,304.71111
2021-11-01T15:00:00.000000000,375.49,315.48432
2021-11-01T16:00:00.000000000,366.81,322.06793
2021-11-01T17:00:00.000000000,365.46,326.92837
2021-11-01T18:00:00.000000000,366.45,329.50521
2021-11-01T19:00:00.000000000,360.07,329.11797
2021-11-01T20:00:00.000000000,351.34,329.67533
2021-11-01T21:00:00.000000000,341.94,330.43958
2021-11-01T22:00:00.000000000,338.89,333.38435
2021-11-01T23:00:00.000000000,353.87,332.38538
2021-11-02T00:00:00.000000000,374.29,349.01977
2021-11-02T01:00:00.000000000,358.2,345.50831
2021-11-02T02:00:00.000000000,337.86,338.26479
2021-11-02T03:00:00.000000000,330.47,329.43188
2021-11-02T04:00:00.000000000,323.96,319.48504
2021-11-02T05:00:00.000000000,318.88,308.72372
2021-11-02T06:00:00.000000000,306.58,298.667
2021-11-02T07:00:00.000000000,294.11,289.37662
2021-11-02T08:00:00.000000000,279.5,283.07249
2021-11-02T09:00:00.000000000,277.42,282.7817
2021-11-02T10:00:00.000000000,291.01,285.54081
2021-11-02T11:00:00.000000000,304.36,290.60585
2021-11-02T12:00:00.000000000,322.28,293.98937
2021-11-02T13:00:00.000000000,339.89,298.26402
2021-11-02T14:00:00.000000000,344.86,306.98567
2021-11-02T15:00:00.000000000,358.01,318.02275
2021-11-02T16:00:00.000000000,360.18,325.73944
2021-11-02T17:00:00.000000000,362.12,332.05076
2021-11-02T18:00:00.000000000,374.61,336.86204
2021-11-02T19:00:00.000000000,381.39,338.78827
2021-11-02T20:00:00.000000000,389.11,341.17798
2021-11-02T21:00:00.000000000,382.09,344.74335
2021-11-02T22:00:00.000000000,372.27,349.97472
2021-11-02T23:00:00.000000000,366.09,351.00811
2021-11-03T00:00:00.000000000,365.92,353.75479
2021-11-03T01:00:00.000000000,371.59,350.82291
2021-11-03T02:00:00.000000000,367.51,346.54138
2021-11-03T03:00:00.000000000,369.1,342.71315
2021-11-03T04:00:00.000000000,365.01,341.23102
2021-11-03T05:00:00.000000000,366.42,339.30803
2021-11-03T06:00:00.000000000,374.11,338.8846
2021-11-03T07:00:00.000000000,372.39,339.89538
2021-11-03T08:00:00.000000000,366.34,343.35133
2021-11-03T09:00:00.000000000,363.13,351.58807
2021-11-03T10:00:00.000000000,350.16,360.75822
2021-11-03T11:00:00.000000000,339.32,369.27198
2021-11-03T12:00:00.000000000,339.47,372.96531
2021-11-03T13:00:00.000000000,339.19,374.3106
2021-11-03T14:00:00.000000000,339.24,377.51941
2021-11-03T15:00:00.000000000,341.54,381.61507
2021-11-03T16:00:00.000000000,342.55,380.15996
2021-11-03T17:00:00.000000000,354.23,377.20079
2021-11-03T18:00:00.000000000,363.49,373.68943
2021-11-03T19:00:00.000000000,365.08,370.06002
2021-11-03T20:00:00.000000000,366.39,367.95241
2021-11-03T21:00:00.000000000,362.18,367.2123
2021-11-03T22:00:00.000000000,359.24,368.09462
2021-11-03T23:00:00.000000000,360.12,366.40125
2021-11-04T00:00:00.000000000,359.2,377.75692
2021-11-04T01:00:00.000000000,357.02,377.43481
2021-11-04T02:00:00.000000000,358.63,376.20052
2021-11-04T03:00:00.000000000,361.76,376.73691
2021-11-04T04:00:00.000000000,366.86,381.3137
2021-11-04T05:00:00.000000000,370.41,385.95965
2021-11-04T06:00:00.000000000,374.19,390.47907
2021-11-04T07:00:00.000000000,377.4,392.76514
2021-11-04T08:00:00.000000000,379.49,392.2166
2021-11-04T09:00:00.000000000,381.47,391.45675
2021-11-04T10:00:00.000000000,384.35,390.13286
2021-11-04T11:00:00.000000000,385.65,389.22117
2021-11-04T12:00:00.000000000,386.02,385.29861
2021-11-04T13:00:00.000000000,387.89,381.27403
2021-11-04T14:00:00.000000000,388.9,383.51675
2021-11-04T15:00:00.000000000,380.18,389.387
2021-11-04T16:00:00.000000000,375.44,391.05052
2021-11-04T17:00:00.000000000,370.19,390.71375
2021-11-04T18:00:00.000000000,365.73,388.92012
2021-11-04T19:00:00.000000000,359.01,384.39244
2021-11-04T20:00:00.000000000,354.01,379.65945
2021-11-04T21:00:00.000000000,350.61,375.68755
2021-11-04T22:00:00.000000000,351.27,373.36514
2021-11-04T23:00:00.000000000,364.51,369.81343
2021-11-02T00:00:00.000000000,374.29,360.42867
2021-11-02T01:00:00.000000000,358.2,358.44989
2021-11-02T02:00:00.000000000,337.86,353.62559
2021-11-02T03:00:00.000000000,330.47,347.07309
2021-11-02T04:00:00.000000000,323.96,338.99115
2021-11-02T05:00:00.000000000,318.88,328.933
2021-11-02T06:00:00.000000000,306.58,318.21731
2021-11-02T07:00:00.000000000,294.11,307.33923
2021-11-02T08:00:00.000000000,279.5,298.96976
2021-11-02T09:00:00.000000000,277.42,296.5811
2021-11-02T10:00:00.000000000,291.01,298.11322
2021-11-02T11:00:00.000000000,304.36,302.65572
2021-11-02T12:00:00.000000000,322.28,305.69138
2021-11-02T13:00:00.000000000,339.89,309.68095
2021-11-02T14:00:00.000000000,344.86,318.67939
2021-11-02T15:00:00.000000000,358.01,330.21817
2021-11-02T16:00:00.000000000,360.18,338.21456
2021-11-02T17:00:00.000000000,362.12,344.67164
2021-11-02T18:00:00.000000000,374.61,349.12572
2021-11-02T19:00:00.000000000,381.39,350.24755
2021-11-02T20:00:00.000000000,389.11,351.32156
2021-11-02T21:00:00.000000000,382.09,354.21493
2021-11-02T22:00:00.000000000,372.27,358.5197
2021-11-02T23:00:00.000000000,366.09,358.71745
2021-11-03T00:00:00.000000000,365.92,358.82963
2021-11-03T01:00:00.000000000,371.59,357.72156
2021-11-03T02:00:00.000000000,367.51,355.64558
2021-11-03T03:00:00.000000000,369.1,353.59133
2021-11-03T04:00:00.000000000,365.01,353.76166
2021-11-03T05:00:00.000000000,366.42,353.23335
2021-11-03T06:00:00.000000000,374.11,353.9413
2021-11-03T07:00:00.000000000,372.39,355.73255
2021-11-03T08:00:00.000000000,366.34,359.402
2021-11-03T09:00:00.000000000,363.13,367.18997
2021-11-03T10:00:00.000000000,350.16,375.4616
2021-11-03T11:00:00.000000000,339.32,382.72366
2021-11-03T12:00:00.000000000,339.47,384.76658
2021-11-03T13:00:00.000000000,339.19,384.38243
2021-11-03T14:00:00.000000000,339.24,386.30008
2021-11-03T15:00:00.000000000,341.54,389.73053
2021-11-03T16:00:00.000000000,342.55,388.03218
2021-11-03T17:00:00.000000000,354.23,384.97228
2021-11-03T18:00:00.000000000,363.49,381.8148
2021-11-03T19:00:00.000000000,365.08,378.72736
2021-11-03T20:00:00.000000000,366.39,377.12689
2021-11-03T21:00:00.000000000,362.18,377.29587
2021-11-03T22:00:00.000000000,359.24,378.68479
2021-11-03T23:00:00.000000000,360.12,377.32321
2021-11-04T00:00:00.000000000,359.2,392.462
2021-11-04T01:00:00.000000000,357.02,391.18879
2021-11-04T02:00:00.000000000,358.63,388.35431
2021-11-04T03:00:00.000000000,361.76,387.82792
2021-11-04T04:00:00.000000000,366.86,391.69359
2021-11-04T05:00:00.000000000,370.41,395.77878
2021-11-04T06:00:00.000000000,374.19,399.95325
2021-11-04T07:00:00.000000000,377.4,402.01358
2021-11-04T08:00:00.000000000,379.49,401.49024
2021-11-04T09:00:00.000000000,381.47,400.79324
2021-11-04T10:00:00.000000000,384.35,399.74293
2021-11-04T11:00:00.000000000,385.65,399.26885
2021-11-04T12:00:00.000000000,386.02,395.36349
2021-11-04T13:00:00.000000000,387.89,390.66546
2021-11-04T14:00:00.000000000,388.9,390.94226
2021-11-04T15:00:00.000000000,380.18,393.2743
2021-11-04T16:00:00.000000000,375.44,391.08681
2021-11-04T17:00:00.000000000,370.19,386.62091
2021-11-04T18:00:00.000000000,365.73,382.22448
2021-11-04T19:00:00.000000000,359.01,376.94416
2021-11-04T20:00:00.000000000,354.01,373.78347
2021-11-04T21:00:00.000000000,350.61,371.46829
2021-11-04T22:00:00.000000000,351.27,370.21726
2021-11-04T23:00:00.000000000,364.51,367.90767
2021-11-05T00:00:00.000000000,386.74,376.70141
2021-11-05T01:00:00.000000000,382.03,377.00456
2021-11-05T02:00:00.000000000,372.13,375.85887
2021-11-05T03:00:00.000000000,366.53,374.28403
2021-11-05T04:00:00.000000000,364.48,372.33401
2021-11-05T05:00:00.000000000,362.37,367.89345
2021-11-05T06:00:00.000000000,361.72,362.62167
2021-11-05T07:00:00.000000000,356.61,357.09891
2021-11-05T08:00:00.000000000,350.31,352.87046
2021-11-05T09:00:00.000000000,342.19,353.37881
2021-11-05T10:00:00.000000000,346.37,356.60989
2021-11-05T11:00:00.000000000,350.92,360.96117
2021-11-05T12:00:00.000000000,352.82,362.12371
2021-11-05T13:00:00.000000000,350.34,363.12765
2021-11-05T14:00:00.000000000,345.43,368.40863
2021-11-05T15:00:00.000000000,334.65,374.87263
2021-11-05T16:00:00.000000000,314.92,375.55814
2021-11-05T17:00:00.000000000,307.51,373.5699
2021-11-05T18:00:00.000000000,308.92,370.17866
2021-11-05T19:00:00.000000000,315.38,365.85718
2021-11-05T20:00:00.000000000,317.1,363.70411
2021-11-05T21:00:00.000000000,314.07,364.28802
2021-11-05T22:00:00.000000000,311.36,366.69751
2021-11-05T23:00:00.000000000,328.62,366.67679
2021-11-03T00:00:00.000000000,365.92,386.39893
2021-11-03T01:00:00.000000000,371.59,383.95545
2021-11-03T02:00:00.000000000,367.51,379.90801
2021-11-03T03:00:00.000000000,369.1,377.91821
2021-11-03T04:00:00.000000000,365.01,380.7447
2021-11-03T05:00:00.000000000,366.42,384.65035
2021-11-03T06:00:00.000000000,374.11,389.07179
2021-11-03T07:00:00.000000000,372.39,391.85606
2021-11-03T08:00:00.000000000,366.34,391.61259
2021-11-03T09:00:00.000000000,363.13,391.09913
2021-11-03T10:00:00.000000000,350.16,389.90371
2021-11-03T11:00:00.000000000,339.32,389.64428
2021-11-03T12:00:00.000000000,339.47,387.4505
2021-11-03T13:00:00.000000000,339.19,384.54646
2021-11-03T14:00:00.000000000,339.24,386.72778
2021-11-03T15:00:00.000000000,341.54,391.28387
2021-11-03T16:00:00.000000000,342.55,391.2815
2021-11-03T17:00:00.000000000,354.23,389.60786
2021-11-03T18:00:00.000000000,363.49,388.04709
2021-11-03T19:00:00.000000000,365.08,385.7224
2021-11-03T20:00:00.000000000,366.39,384.08818
2021-11-03T21:00:00.000000000,362.18,383.00494
2021-11-03T22:00:00.000000000,359.24,382.61195
2021-11-03T23:00:00.000000000,360.12,380.06194
2021-11-04T00:00:00.000000000,359.2,405.35945
2021-11-04T01:00:00.000000000,357.02,404.49967
2021-11-04T02:00:00.000000000,358.63,401.10451
2021-11-04T03:00:00.000000000,361.76,400.27832
2021-11-04T04:00:00.000000000,366.86,403.41154
2021-11-04T05:00:00.000000000,370.41,406.23413
2021-11-04T06:00:00.000000000,374.19,409.51081
2021-11-04T07:00:00.000000000,377.4,410.68294
2021-11-04T08:00:00.000000000,379.49,409.65355
2021-11-04T09:00:00.000000000,381.47,409.20374
2021-11-04T10:00:00.000000000,384.35,409.5941
2021-11-04T11:00:00.000000000,385.65,410.12757
2021-11-04T12:00:00.000000000,386.02,406.25817
2021-11-04T13:00:00.000000000,387.89,400.84385
2021-11-04T14:00:00.000000000,388.9,398.15345
2021-11-04T15:00:00.000000000,380.18,396.22483
2021-11-04T16:00:00.000000000,375.44,389.74579
2021-11-04T17:00:00.000000000,370.19,381.46297
2021-11-04T18:00:00.000000000,365.73,375.85071
2021-11-04T19:00:00.000000000,359.01,371.46276
2021-11-04T20:00:00.000000000,354.01,371.87873
2021-11-04T21:00:00.000000000,350.61,373.67614
2021-11-04T22:00:00.000000000,351.27,375.74019
2021-11-04T23:00:00.000000000,364.51,376.03737
2021-11-05T00:00:00.000000000,386.74,384.65078
2021-11-05T01:00:00.000000000,382.03,383.61802
2021-11-05T02:00:00.000000000,372.13,381.1387
2021-11-05T03:00:00.000000000,366.53,378.49982
2021-11-05T04:00:00.000000000,364.48,376.16425
2021-11-05T05:00:00.000000000,362.37,372.03961
2021-11-05T06:00:00.000000000,361.72,367.47622
2021-11-05T07:00:00.000000000,356.61,362.85447
2021-11-05T08:00:00.000000000,350.31,359.17307
2021-11-05T09:00:00.000000000,342.19,359.78857
2021-11-05T10:00:00.000000000,346.37,362.75218
2021-11-05T11:00:00.000000000,350.92,366.68904
2021-11-05T12:00:00.000000000,352.82,367.38297
2021-11-05T13:00:00.000000000,350.34,367.61824
2021-11-05T14:00:00.000000000,345.43,372.77238
2021-11-05T15:00:00.000000000,334.65,379.80699
2021-11-05T16:00:00.000000000,314.92,381.42051
2021-11-05T17:00:00.000000000,307.51,380.65412
2021-11-05T18:00:00.000000000,308.92,378.39654
2021-11-05T19:00:00.000000000,315.38,375.22548
2021-11-05T20:00:00.000000000,317.1,373.82296
2021-11-05T21:00:00.000000000,314.07,374.67714
2021-11-05T22:00:00.000000000,311.36,377.05969
2021-11-05T23:00:00.000000000,328.62,376.55553
2021-11-06T00:00:00.000000000,359.72,385.59719
2021-11-06T01:00:00.000000000,341.15,380.42747
2021-11-06T02:00:00.000000000,316.2,374.45275
2021-11-06T03:00:00.000000000,306.72,369.38045
2021-11-06T04:00:00.000000000,297.72,366.52498
2021-11-06T05:00:00.000000000,291.48,363.32184
2021-11-06T06:00:00.000000000,273.99,360.73104
2021-11-06T07:00:00.000000000,264.99,358.94968
2021-11-06T08:00:00.000000000,271.58,358.40806
2021-11-06T09:00:00.000000000,280.32,361.69273
2021-11-06T10:00:00.000000000,298.2,366.23253
2021-11-06T11:00:00.000000000,324.08,371.55408
2021-11-06T12:00:00.000000000,337.71,373.65208
2021-11-06T13:00:00.000000000,340.8,374.47863
2021-11-06T14:00:00.000000000,336.56,380.23098
2021-11-06T15:00:00.000000000,330.51,388.39413
2021-11-06T16:00:00.000000000,340.85,391.06322
2021-11-06T17:00:00.000000000,336.92,391.56234
2021-11-06T18:00:00.000000000,333.72,390.46824
2021-11-06T19:00:00.000000000,329.51,388.58043
2021-11-06T20:00:00.000000000,321.57,387.34735
2021-11-06T21:00:00.000000000,316.33,386.74833
2021-11-06T22:00:00.000000000,307.03,386.87962
2021-11-06T23:00:00.000000000,317.89,383.34612
2021-11-04T00:00:00.000000000,359.2,390.368
2021-11-04T01:00:00.000000000,357.02,388.83782
2021-11-04T02:00:00.000000000,358.63,385.27612
2021-11-04T03:00:00.000000000,361.76,383.72791
2021-11-04T04:00:00.000000000,366.86,385.86466
2021-11-04T05:00:00.000000000,370.41,388.15109
2021-11-04T06:00:00.000000000,374.19,391.32637
2021-11-04T07:00:00.000000000,377.4,393.33812
2021-11-04T08:00:00.000000000,379.49,394.03974
2021-11-04T09:00:00.000000000,381.47,395.49923
2021-11-04T10:00:00.000000000,384.35,396.94525
2021-11-04T11:00:00.000000000,385.65,397.54991
2021-11-04T12:00:00.000000000,386.02,393.1422
2021-11-04T13:00:00.000000000,387.89,387.39691
2021-11-04T14:00:00.000000000,388.9,384.91188
2021-11-04T15:00:00.000000000,380.18,383.8632
2021-11-04T16:00:00.000000000,375.44,378.71701
2021-11-04T17:00:00.000000000,370.19,372.33519
2021-11-04T18:00:00.000000000,365.73,368.35212
2021-11-04T19:00:00.000000000,359.01,365.20425
2021-11-04T20:00:00.000000000,354.01,365.81388
2021-11-04T21:00:00.000000000,350.61,367.60776
2021-11-04T22:00:00.000000000,351.27,369.36525
2021-11-04T23:00:00.000000000,364.51,368.84291
2021-11-05T00:00:00.000000000,386.74,382.78845
2021-11-05T01:00:00.000000000,382.03,381.74657
2021-11-05T02:00:00.000000000,372.13,379.38096
2021-11-05T03:00:00.000000000,366.53,376.91412
2021-11-05T04:00:00.000000000,364.48,374.74616
2021-11-05T05:00:00.000000000,362.37,370.6917
2021-11-05T06:00:00.000000000,361.72,366.09277
2021-11-05T07:00:00.000000000,356.61,361.3986
2021-11-05T08:00:00.000000000,350.31,357.71727
2021-11-05T09:00:00.000000000,342.19,358.36902
2021-11-05T10:00:00.000000000,346.37,361.3498
2021-11-05T11:00:00.000000000,350.92,365.39283
2021-11-05T12:00:00.000000000,352.82,366.28891
2021-11-05T13:00:00.000000000,350.34,366.7725
2021-11-05T14:00:00.000000000,345.43,372.08516
2021-11-05T15:00:00.000000000,334.65,379.21849
2021-11-05T16:00:00.000000000,314.92,380.85598
2021-11-05T17:00:00.000000000,307.51,380.03049
2021-11-05T18:00:00.000000000,308.92,377.70238
2021-11-05T19:00:00.000000000,315.38,374.40877
2021-11-05T20:00:00.000000000,317.1,372.82684
2021-11-05T21:00:00.000000000,314.07,373.44186
2021-11-05T22:00:00.000000000,311.36,375.5553
2021-11-05T23:00:00.000000000,328.62,374.83286
2021-11-06T00:00:00.000000000,359.72,385.53728
2021-11-06T01:00:00.000000000,341.15,380.68857
2021-11-06T02:00:00.000000000,316.2,375.03308
2021-11-06T03:00:00.000000000,306.72,370.20304
2021-11-06T04:00:00.000000000,297.72,367.46234
2021-11-06T05:00:00.000000000,291.48,364.25995
2021-11-06T06:00:00.000000000,273.99,361.54901
2021-11-06T07:00:00.000000000,264.99,359.56617
2021-11-06T08:00:00.000000000,271.58,358.76997
2021-11-06T09:00:00.000000000,280.32,361.80194
2021-11-06T10:00:00.000000000,298.2,366.11818
2021-11-06T11:00:00.000000000,324.08,371.24971
2021-11-06T12:00:00.000000000,337.71,373.20584
2021-11-06T13:00:00.000000000,340.8,373.96766
2021-11-06T14:00:00.000000000,336.56,379.7223
2021-11-06T15:00:00.000000000,330.51,387.93509
2021-11-06T16:00:00.000000000,340.85,390.68768
2021-11-06T17:00:00.000000000,336.92,391.25001
2021-11-06T18:00:00.000000000,333.72,390.21364
2021-11-06T19:00:00.000000000,329.51,388.34894
2021-11-06T20:00:00.000000000,321.57,387.15218
2021-11-06T21:00:00.000000000,316.33,386.67587
2021-11-06T22:00:00.000000000,307.03,386.96313
2021-11-06T23:00:00.000000000,317.89,383.61574
2021-11-07T00:00:00.000000000,342.38,375.03244
2021-11-07T01:00:00.000000000,311.55,363.97626
2021-11-07T02:00:00.000000000,269.71,347.98598
2021-11-07T03:00:00.000000000,251.67,331.8747
2021-11-07T04:00:00.000000000,241.34,316.66645
2021-11-07T05:00:00.000000000,233.65,304.81339
2021-11-07T06:00:00.000000000,231.31,297.88938
2021-11-07T07:00:00.000000000,232.39,294.9746
2021-11-07T08:00:00.000000000,233.19,296.80889
2021-11-07T09:00:00.000000000,237.46,305.40043
2021-11-07T10:00:00.000000000,238.0,316.90218
2021-11-07T11:00:00.000000000,242.58,326.85122
2021-11-07T12:00:00.000000000,258.3,329.35465
2021-11-07T13:00:00.000000000,251.67,328.05048
2021-11-07T14:00:00.000000000,241.02,328.13955
2021-11-07T15:00:00.000000000,241.19,327.7323
2021-11-07T16:00:00.000000000,245.79,323.01703
2021-11-07T17:00:00.000000000,247.7,318.14113
2021-11-07T18:00:00.000000000,251.19,313.01065
2021-11-07T19:00:00.000000000,247.09,309.07183
2021-11-07T20:00:00.000000000,237.52,309.83193
2021-11-07T21:00:00.000000000,233.8,312.4929
2021-11-07T22:00:00.000000000,237.18,317.1286
2021-11-07T23:00:00.000000000,250.72,318.96866
2021-11-05T00:00:00.000000000,386.74,374.47713
2021-11-05T01:00:00.000000000,382.03,374.13476
2021-11-05T02:00:00.000000000,372.13,372.58914
2021-11-05T03:00:00.000000000,366.53,370.52403
2021-11-05T04:00:00.000000000,364.48,367.40728
2021-11-05T05:00:00.000000000,362.37,361.32971
2021-11-05T06:00:00.000000000,361.72,353.2674
2021-11-05T07:00:00.000000000,356.61,344.25991
2021-11-05T08:00:00.000000000,350.31,336.49624
2021-11-05T09:00:00.000000000,342.19,333.68145
2021-11-05T10:00:00.000000000,346.37,334.33974
2021-11-05T11:00:00.000000000,350.92,337.81726
2021-11-05T12:00:00.000000000,352.82,339.75528
2021-11-05T13:00:00.000000000,350.34,342.50997
2021-11-05T14:00:00.000000000,345.43,350.54351
2021-11-05T15:00:00.000000000,334.65,360.61626
2021-11-05T16:00:00.000000000,314.92,365.40486
2021-11-05T17:00:00.000000000,307.51,367.47362
2021-11-05T18:00:00.000000000,308.92,367.26509
2021-11-05T19:00:00.000000000,315.38,364.51505
2021-11-05T20:00:00.000000000,317.1,362.71228
2021-11-05T21:00:00.000000000,314.07,363.07867
2021-11-05T22:00:00.000000000,311.36,364.8191
2021-11-05T23:00:00.000000000,328.62,363.54365
2021-11-06T00:00:00.000000000,359.72,375.48247
2021-11-06T01:00:00.000000000,341.15,370.74263
2021-11-06T02:00:00.000000000,316.2,365.71784
2021-11-06T03:00:00.000000000,306.72,361.74879
2021-11-06T04:00:00.000000000,297.72,359.81635
2021-11-06T05:00:00.000000000,291.48,356.93618
2021-11-06T06:00:00.000000000,273.99,354.26642
2021-11-06T07:00:00.000000000,264.99,352.24624
2021-11-06T08:00:00.000000000,271.58,351.90222
2021-11-06T09:00:00.000000000,280.32,355.63225
2021-11-06T10:00:00.000000000,298.2,360.5564
2021-11-06T11:00:00.000000000,324.08,366.38674
2021-11-06T12:00:00.000000000,337.71,369.15368
2021-11-06T13:00:00.000000000,340.8,370.84204
2021-11-06T14:00:00.000000000,336.56,377.03948
2021-11-06T15:00:00.000000000,330.51,385.46802
2021-11-06T16:00:00.000000000,340.85,388.17405
2021-11-06T17:00:00.000000000,336.92,388.39356
2021-11-06T18:00:00.000000000,333.72,386.88258
2021-11-06T19:00:00.000000000,329.51,384.23455
2021-11-06T20:00:00.000000000,321.57,381.99814
2021-11-06T21:00:00.000000000,316.33,380.19873
2021-11-06T22:00:00.000000000,307.03,379.18439
2021-11-06T23:00:00.000000000,317.89,374.87418
2021-11-07T00:00:00.000000000,342.38,363.16483
2021-11-07T01:00:00.000000000,311.55,357.6848
2021-11-07T02:00:00.000000000,269.71,345.73236
2021-11-07T03:00:00.000000000,251.67,331.5066
2021-11-07T04:00:00.000000000,241.34,315.88003
2021-11-07T05:00:00.000000000,233.65,302.07539
2021-11-07T06:00:00.000000000,231.31,291.83093
2021-11-07T07:00:00.000000000,232.39,285.60775
2021-11-07T08:00:00.000000000,233.19,284.05475
2021-11-07T09:00:00.000000000,237.46,289.53371
2021-11-07T10:00:00.000000000,238.0,297.23811
2021-11-07T11:00:00.000000000,242.58,303.37783
2021-11-07T12:00:00.000000000,258.3,302.93004
2021-11-07T13:00:00.000000000,251.67,301.20572
2021-11-07T14:00:00.000000000,241.02,303.07644
2021-11-07T15:00:00.000000000,241.19,305.7578
2021-11-07T16:00:00.000000000,245.79,305.59208
2021-11-07T17:00:00.000000000,247.7,305.02314
2021-11-07T18:00:00.000000000,251.19,304.76633
2021-11-07T19:00:00.000000000,247.09,304.94386
2021-11-07T20:00:00.000000000,237.52,309.94059
2021-11-07T21:00:00.000000000,233.8,318.13023
2021-11-07T22:00:00.000000000,237.18,328.76425
2021-11-07T23:00:00.000000000,250.72,336.14073
2021-11-08T00:00:00.000000000,284.97,311.63825
2021-11-08T01:00:00.000000000,261.86,303.95929
2021-11-08T02:00:00.000000000,238.21,288.49532
2021-11-08T03:00:00.000000000,230.68,272.62459
2021-11-08T04:00:00.000000000,223.15,256.61335
2021-11-08T05:00:00.000000000,218.34,243.43393
2021-11-08T06:00:00.000000000,204.46,233.10269
2021-11-08T07:00:00.000000000,190.94,226.29807
2021-11-08T08:00:00.000000000,181.4,224.09895
2021-11-08T09:00:00.000000000,176.38,229.21379
2021-11-08T10:00:00.000000000,176.13,236.19259
2021-11-08T11:00:00.000000000,188.4,242.89519
2021-11-08T12:00:00.000000000,204.96,245.77888
2021-11-08T13:00:00.000000000,223.8,249.11676
2021-11-08T14:00:00.000000000,233.38,255.11074
2021-11-08T15:00:00.000000000,242.64,262.71643
2021-11-08T16:00:00.000000000,242.53,267.36579
2021-11-08T17:00:00.000000000,235.34,271.62426
2021-11-08T18:00:00.000000000,246.38,275.85869
2021-11-08T19:00:00.000000000,256.11,277.65822
2021-11-08T20:00:00.000000000,258.5,282.82745
2021-11-08T21:00:00.000000000,259.82,288.7076
2021-11-08T22:00:00.000000000,261.79,296.8358
2021-11-08T23:00:00.000000000,273.35,301.98553
2021-11-06T00:00:00.000000000,359.72,346.57032
2021-11-06T01:00:00.000000000,341.15,346.04913
2021-11-06T02:00:00.000000000,316.2,345.73682
2021-11-06T03:00:00.000000000,306.72,345.66474
2021-11-06T04:00:00.000000000,297.72,345.84048
2021-11-06T05:00:00.000000000,291.48,343.1142
2021-11-06T06:00:00.000000000,273.99,338.31184
2021-11-06T07:00:00.000000000,264.99,332.44904
2021-11-06T08:00:00.000000000,271.58,327.99072
2021-11-06T09:00:00.000000000,280.32,327.59611
2021-11-06T10:00:00.000000000,298.2,328.84398
2021-11-06T11:00:00.000000000,324.08,332.66336
2021-11-06T12:00:00.000000000,337.71,335.71652
2021-11-06T13:00:00.000000000,340.8,340.01066
2021-11-06T14:00:00.000000000,336.56,349.10241
2021-11-06T15:00:00.000000000,330.51,360.63346
2021-11-06T16:00:00.000000000,340.85,366.27757
2021-11-06T17:00:00.000000000,336.92,368.73724
2021-11-06T18:00:00.000000000,333.72,368.86106
2021-11-06T19:00:00.000000000,329.51,365.87414
2021-11-06T20:00:00.000000000,321.57,362.22248
2021-11-06T21:00:00.000000000,316.33,359.41502
2021-11-06T22:00:00.000000000,307.03,357.70519
2021-11-06T23:00:00.000000000,317.89,353.19699
2021-11-07T00:00:00.000000000,342.38,354.66236
2021-11-07T01:00:00.000000000,311.55,354.01427
2021-11-07T02:00:00.000000000,269.71,348.25129
2021-11-07T03:00:00.000000000,251.67,339.48452
2021-11-07T04:00:00.000000000,241.34,327.82504
2021-11-07T05:00:00.000000000,233.65,315.01927
2021-11-07T06:00:00.000000000,231.31,302.47421
2021-11-07T07:00:00.000000000,232.39,291.54212
2021-11-07T08:00:00.000000000,233.19,284.413
2021-11-07T09:00:00.000000000,237.46,283.78076
2021-11-07T10:00:00.000000000,238.0,285.84908
2021-11-07T11:00:00.000000000,242.58,288.38389
2021-11-07T12:00:00.000000000,258.3,287.20938
2021-11-07T13:00:00.000000000,251.67,287.33446
2021-11-07T14:00:00.000000000,241.02,292.21637
2021-11-07T15:00:00.000000000,241.19,298.73498
2021-11-07T16:00:00.000000000,245.79,302.6471
2021-11-07T17:00:00.000000000,247.7,305.83277
2021-11-07T18:00:00.000000000,251.19,309.60803
2021-11-07T19:00:00.000000000,247.09,312.53063
2021-11-07T20:00:00.000000000,237.52,318.77262
2021-11-07T21:00:00.000000000,233.8,328.11732
2021-11-07T22:00:00.000000000,237.18,338.8223
2021-11-07T23:00:00.000000000,250.72,345.35376
2021-11-08T00:00:00.000000000,284.97,333.47559
2021-11-08T01:00:00.000000000,261.86,324.8849
2021-11-08T02:00:00.000000000,238.21,308.33597
2021-11-08T03:00:00.000000000,230.68,290.53523
2021-11-08T04:00:00.000000000,223.15,272.35755
2021-11-08T05:00:00.000000000,218.34,257.05466
2021-11-08T06:00:00.000000000,204.46,245.44063
2021-11-08T07:00:00.000000000,190.94,238.42838
2021-11-08T08:00:00.000000000,181.4,236.57965
2021-11-08T09:00:00.000000000,176.38,242.90096
2021-11-08T10:00:00.000000000,176.13,251.87042
2021-11-08T11:00:00.000000000,188.4,261.14781
2021-11-08T12:00:00.000000000,204.96,266.10144
2021-11-08T13:00:00.000000000,223.8,270.34749
2021-11-08T14:00:00.000000000,233.38,277.86574
2021-11-08T15:00:00.000000000,242.64,287.25698
2021-11-08T16:00:00.000000000,242.53,293.59193
2021-11-08T17:00:00.000000000,235.34,298.99023
2021-11-08T18:00:00.000000000,246.38,303.04137
2021-11-08T19:00:00.000000000,256.11,304.93672
2021-11-08T20:00:00.000000000,258.5,309.84752
2021-11-08T21:00:00.000000000,259.82,316.19109
2021-11-08T22:00:00.000000000,261.79,325.66705
2021-11-08T23:00:00.000000000,273.35,331.19034
2021-11-09T00:00:00.000000000,284.56,331.90538
2021-11-09T01:00:00.000000000,257.74,319.62647
2021-11-09T02:00:00.000000000,233.91,304.16948
2021-11-09T03:00:00.000000000,221.54,290.43159
2021-11-09T04:00:00.000000000,210.03,280.14141
2021-11-09T05:00:00.000000000,197.14,272.66994
2021-11-09T06:00:00.000000000,189.07,270.20688
2021-11-09T07:00:00.000000000,184.46,271.53819
2021-11-09T08:00:00.000000000,188.22,277.00439
2021-11-09T09:00:00.000000000,194.16,287.57992
2021-11-09T10:00:00.000000000,212.37,298.56474
2021-11-09T11:00:00.000000000,230.77,308.67029
2021-11-09T12:00:00.000000000,258.78,314.86172
2021-11-09T13:00:00.000000000,281.42,319.98563
2021-11-09T14:00:00.000000000,301.02,328.36752
2021-11-09T15:00:00.000000000,307.34,338.35707
2021-11-09T16:00:00.000000000,304.0,343.31487
2021-11-09T17:00:00.000000000,306.86,346.7986
2021-11-09T18:00:00.000000000,321.06,348.23921
2021-11-09T19:00:00.000000000,329.81,347.48792
2021-11-09T20:00:00.000000000,331.55,346.30292
2021-11-09T21:00:00.000000000,329.86,343.49284
2021-11-09T22:00:00.000000000,331.84,342.5481
2021-11-09T23:00:00.000000000,347.28,337.5337
2021-11-07T00:00:00.000000000,342.38,340.16576
2021-11-07T01:00:00.000000000,311.55,330.43553
2021-11-07T02:00:00.000000000,269.71,313.66679
2021-11-07T03:00:00.000000000,251.67,295.84978
2021-11-07T04:00:00.000000000,241.34,277.11791
2021-11-07T05:00:00.000000000,233.65,261.00426
2021-11-07T06:00:00.000000000,231.31,249.00319
2021-11-07T07:00:00.000000000,232.39,241.23138
2021-11-07T08:00:00.000000000,233.19,238.11158
2021-11-07T09:00:00.000000000,237.46,242.50771
2021-11-07T10:00:00.000000000,238.0,249.40109
2021-11-07T11:00:00.000000000,242.58,258.15799
2021-11-07T12:00:00.000000000,258.3,264.46302
2021-11-07T13:00:00.000000000,251.67,270.4679
2021-11-07T14:00:00.000000000,241.02,280.03494
2021-11-07T15:00:00.000000000,241.19,291.40224
2021-11-07T16:00:00.000000000,245.79,299.41504
2021-11-07T17:00:00.000000000,247.7,304.89174
2021-11-07T18:00:00.000000000,251.19,308.57878
2021-11-07T19:00:00.000000000,247.09,309.34249
2021-11-07T20:00:00.000000000,237.52,312.24549
2021-11-07T21:00:00.000000000,233.8,316.09945
2021-11-07T22:00:00.000000000,237.18,322.48038
2021-11-07T23:00:00.000000000,250.72,325.81344
2021-11-08T00:00:00.000000000,284.97,315.10747
2021-11-08T01:00:00.000000000,261.86,306.7032
2021-11-08T02:00:00.000000000,238.21,290.61132
2021-11-08T03:00:00.000000000,230.68,274.17202
2021-11-08T04:00:00.000000000,223.15,257.84845
2021-11-08T05:00:00.000000000,218.34,244.54971
2021-11-08T06:00:00.000000000,204.46,234.59713
2021-11-08T07:00:00.000000000,190.94,228.53904
2021-11-08T08:00:00.000000000,181.4,227.08575
2021-11-08T09:00:00.000000000,176.38,233.02491
2021-11-08T10:00:00.000000000,176.13,240.82243
2021-11-08T11:00:00.000000000,188.4,248.59783
2021-11-08T12:00:00.000000000,204.96,253.012
2021-11-08T13:00:00.000000000,223.8,257.79146
2021-11-08T14:00:00.000000000,233.38,265.97092
2021-11-08T15:00:00.000000000,242.64,275.88451
2021-11-08T16:00:00.000000000,242.53,282.47082
2021-11-08T17:00:00.000000000,235.34,288.1934
2021-11-08T18:00:00.000000000,246.38,293.37399
2021-11-08T19:00:00.000000000,256.11,296.00644
2021-11-08T20:00:00.000000000,258.5,301.34618
2021-11-08T21:00:00.000000000,259.82,307.12623
2021-11-08T22:00:00.000000000,261.79,315.29504
2021-11-08T23:00:00.000000000,273.35,319.92205
2021-11-09T00:00:00.000000000,284.56,320.95488
2021-11-09T01:00:00.000000000,257.74,308.77594
2021-11-09T02:00:00.000000000,233.91,292.18276
2021-11-09T03:00:00.000000000,221.54,276.80374
2021-11-09T04:00:00.000000000,210.03,263.66612
2021-11-09T05:00:00.000000000,197.14,253.62373
2021-11-09T06:00:00.000000000,189.07,249.36569
2021-11-09T07:00:00.000000000,184.46,249.49923
2021-11-09T08:00:00.000000000,188.22,254.3967
2021-11-09T09:00:00.000000000,194.16,265.12566
2021-11-09T10:00:00.000000000,212.37,276.5543
2021-11-09T11:00:00.000000000,230.77,286.80602
2021-11-09T12:00:00.000000000,258.78,293.11474
2021-11-09T13:00:00.000000000,281.42,299.12889
2021-11-09T14:00:00.000000000,301.02,308.4924
2021-11-09T15:00:00.000000000,307.34,319.76581
2021-11-09T16:00:00.000000000,304.0,326.33246
2021-11-09T17:00:00.000000000,306.86,331.25429
2021-11-09T18:00:00.000000000,321.06,334.38952
2021-11-09T19:00:00.000000000,329.81,334.81457
2021-11-09T20:00:00.000000000,331.55,335.39994
2021-11-09T21:00:00.000000000,329.86,334.32259
2021-11-09T22:00:00.000000000,331.84,335.35873
2021-11-09T23:00:00.000000000,347.28,331.85748
2021-11-10T00:00:00.000000000,368.5,310.66807
2021-11-10T01:00:00.000000000,347.32,305.90741
2021-11-10T02:00:00.000000000,310.08,296.89768
2021-11-10T03:00:00.000000000,278.77,287.93199
2021-11-10T04:00:00.000000000,254.58,277.02704
2021-11-10T05:00:00.000000000,231.45,265.75496
2021-11-10T06:00:00.000000000,208.8,253.10627
2021-11-10T07:00:00.000000000,192.99,241.15418
2021-11-10T08:00:00.000000000,183.64,232.29453
2021-11-10T09:00:00.000000000,179.03,228.96234
2021-11-10T10:00:00.000000000,181.17,226.49491
2021-11-10T11:00:00.000000000,184.35,226.57329
2021-11-10T12:00:00.000000000,193.43,226.81199
2021-11-10T13:00:00.000000000,217.15,229.78103
2021-11-10T14:00:00.000000000,222.78,236.21283
2021-11-10T15:00:00.000000000,214.78,244.19394
2021-11-10T16:00:00.000000000,209.68,249.87909
2021-11-10T17:00:00.000000000,203.97,254.09538
2021-11-10T18:00:00.000000000,207.43,259.25668
2021-11-10T19:00:00.000000000,214.38,261.25988
2021-11-10T20:00:00.000000000,219.95,265.39096
2021-11-10T21:00:00.000000000,232.18,269.25827
2021-11-10T22:00:00.000000000,241.43,272.93404
2021-11-10T23:00:00.000000000,252.55,275.08587
2021-11-08T00:00:00.000000000,284.97,270.20184
2021-11-08T01:00:00.000000000,261.86,258.88577
2021-11-08T02:00:00.000000000,238.21,238.88147
2021-11-08T03:00:00.000000000,230.68,221.00414
2021-11-08T04:00:00.000000000,223.15,205.84278
2021-11-08T05:00:00.000000000,218.34,195.30938
2021-11-08T06:00:00.000000000,204.46,188.61821
2021-11-08T07:00:00.000000000,190.94,185.65495
2021-11-08T08:00:00.000000000,181.4,187.82533
2021-11-08T09:00:00.000000000,176.38,196.85958
2021-11-08T10:00:00.000000000,176.13,206.63482
2021-11-08T11:00:00.000000000,188.4,215.06776
2021-11-08T12:00:00.000000000,204.96,220.84117
2021-11-08T13:00:00.000000000,223.8,228.40034
2021-11-08T14:00:00.000000000,233.38,239.5047
2021-11-08T15:00:00.000000000,242.64,251.80551
2021-11-08T16:00:00.000000000,242.53,259.486
2021-11-08T17:00:00.000000000,235.34,266.60835
2021-11-08T18:00:00.000000000,246.38,274.27175
2021-11-08T19:00:00.000000000,256.11,277.82708
2021-11-08T20:00:00.000000000,258.5,282.87334
2021-11-08T21:00:00.000000000,259.82,286.27439
2021-11-08T22:00:00.000000000,261.79,290.83049
2021-11-08T23:00:00.000000000,273.35,292.98955
2021-11-09T00:00:00.000000000,284.56,304.66799
2021-11-09T01:00:00.000000000,257.74,294.58838
2021-11-09T02:00:00.000000000,233.91,280.20486
2021-11-09T03:00:00.000000000,221.54,267.25512
2021-11-09T04:00:00.000000000,210.03,256.09494
2021-11-09T05:00:00.000000000,197.14,247.53904
2021-11-09T06:00:00.000000000,189.07,243.54503
2021-11-09T07:00:00.000000000,184.46,243.05064
2021-11-09T08:00:00.000000000,188.22,246.67288
2021-11-09T09:00:00.000000000,194.16,256.06818
2021-11-09T10:00:00.000000000,212.37,265.87354
2021-11-09T11:00:00.000000000,230.77,274.75868
2021-11-09T12:00:00.000000000,258.78,280.83947
2021-11-09T13:00:00.000000000,281.42,287.63588
2021-11-09T14:00:00.000000000,301.02,298.11599
2021-11-09T15:00:00.000000000,307.34,310.58433
2021-11-09T16:00:00.000000000,304.0,318.18131
2021-11-09T17:00:00.000000000,306.86,323.92583
2021-11-09T18:00:00.000000000,321.06,328.17045
2021-11-09T19:00:00.000000000,329.81,329.10631
2021-11-09T20:00:00.000000000,331.55,329.94733
2021-11-09T21:00:00.000000000,329.86,328.7262
2021-11-09T22:00:00.000000000,331.84,329.67457
2021-11-09T23:00:00.000000000,347.28,326.69876
2021-11-10T00:00:00.000000000,368.5,304.7936
2021-11-10T01:00:00.000000000,347.32,300.6016
2021-11-10T02:00:00.000000000,310.08,291.94497
2021-11-10T03:00:00.000000000,278.77,283.43505
2021-11-10T04:00:00.000000000,254.58,273.65879
2021-11-10T05:00:00.000000000,231.45,263.87586
2021-11-10T06:00:00.000000000,208.8,252.50506
2021-11-10T07:00:00.000000000,192.99,241.79626
2021-11-10T08:00:00.000000000,183.64,233.80868
2021-11-10T09:00:00.000000000,179.03,230.89978
2021-11-10T10:00:00.000000000,181.17,228.11455
2021-11-10T11:00:00.000000000,184.35,227.18315
2021-11-10T12:00:00.000000000,193.43,226.2176
2021-11-10T13:00:00.000000000,217.15,227.95272
2021-11-10T14:00:00.000000000,222.78,233.14036
2021-11-10T15:00:00.000000000,214.78,239.91858
2021-11-10T16:00:00.000000000,209.68,244.78237
2021-11-10T17:00:00.000000000,203.97,249.03399
2021-11-10T18:00:00.000000000,207.43,254.80624
2021-11-10T19:00:00.000000000,214.38,258.01798
2021-11-10T20:00:00.000000000,219.95,263.45961
2021-11-10T21:00:00.000000000,232.18,268.44958
2021-11-10T22:00:00.000000000,241.43,273.22321
2021-11-10T23:00:00.000000000,252.55,276.24848
2021-11-11T00:00:00.000000000,278.42,295.69515
2021-11-11T01:00:00.000000000,274.63,292.2093
2021-11-11T02:00:00.000000000,263.54,284.60588
2021-11-11T03:00:00.000000000,264.57,277.48894
2021-11-11T04:00:00.000000000,276.52,272.79053
2021-11-11T05:00:00.000000000,281.35,269.36396
2021-11-11T06:00:00.000000000,269.71,267.20395
2021-11-11T07:00:00.000000000,255.34,266.9955
2021-11-11T08:00:00.000000000,248.12,269.60028
2021-11-11T09:00:00.000000000,248.46,276.83654
2021-11-11T10:00:00.000000000,261.85,282.31629
2021-11-11T11:00:00.000000000,286.38,285.21103
2021-11-11T12:00:00.000000000,317.77,284.55337
2021-11-11T13:00:00.000000000,343.73,284.90726
2021-11-11T14:00:00.000000000,359.82,289.60797
2021-11-11T15:00:00.000000000,336.79,296.32771
2021-11-11T16:00:00.000000000,317.36,300.69864
2021-11-11T17:00:00.000000000,321.48,306.20324
2021-11-11T18:00:00.000000000,326.58,313.07325
2021-11-11T19:00:00.000000000,326.74,319.06983
2021-11-11T20:00:00.000000000,330.9,325.38207
2021-11-11T21:00:00.000000000,333.25,330.26855
2021-11-11T22:00:00.000000000,333.96,336.87038
2021-11-11T23:00:00.000000000,349.38,339.50223
2021-11-09T00:00:00.000000000,284.56,299.82705
2021-11-09T01:00:00.000000000,257.74,291.02733
2021-11-09T02:00:00.000000000,233.91,277.01063
2021-11-09T03:00:00.000000000,221.54,264.00518
2021-11-09T04:00:00.000000000,210.03,252.46374
2021-11-09T05:00:00.000000000,197.14,243.82375
2021-11-09T06:00:00.000000000,189.07,239.33204
2021-11-09T07:00:00.000000000,184.46,238.25168
2021-11-09T08:00:00.000000000,188.22,240.92033
2021-11-09T09:00:00.000000000,194.16,249.43426
2021-11-09T10:00:00.000000000,212.37,258.12796
2021-11-09T11:00:00.000000000,230.77,265.88967
2021-11-09T12:00:00.000000000,258.78,271.04033
2021-11-09T13:00:00.000000000,281.42,277.00883
2021-11-09T14:00:00.000000000,301.02,286.76579
2021-11-09T15:00:00.000000000,307.34,298.35658
2021-11-09T16:00:00.000000000,304.0,305.84401
2021-11-09T17:00:00.000000000,306.86,311.9805
2021-11-09T18:00:00.000000000,321.06,317.53208
2021-11-09T19:00:00.000000000,329.81,320.21289
2021-11-09T20:00:00.000000000,331.55,323.33264
2021-11-09T21:00:00.000000000,329.86,324.705
2021-11-09T22:00:00.000000000,331.84,328.13135
2021-11-09T23:00:00.000000000,347.28,327.74345
2021-11-10T00:00:00.000000000,368.5,319.89693
2021-11-10T01:00:00.000000000,347.32,315.77136
2021-11-10T02:00:00.000000000,310.08,307.7055
2021-11-10T03:00:00.000000000,278.77,299.2565
2021-11-10T04:00:00.000000000,254.58,288.52981
2021-11-10T05:00:00.000000000,231.45,277.22009
2021-11-10T06:00:00.000000000,208.8,264.65178
2021-11-10T07:00:00.000000000,192.99,252.82282
2021-11-10T08:00:00.000000000,183.64,243.98529
2021-11-10T09:00:00.000000000,179.03,240.66923
2021-11-10T10:00:00.000000000,181.17,238.33738
2021-11-10T11:00:00.000000000,184.35,238.34038
2021-11-10T12:00:00.000000000,193.43,237.96809
2021-11-10T13:00:00.000000000,217.15,239.89964
2021-11-10T14:00:00.000000000,222.78,245.50635
2021-11-10T15:00:00.000000000,214.78,252.73959
2021-11-10T16:00:00.000000000,209.68,258.02954
2021-11-10T17:00:00.000000000,203.97,262.05782
2021-11-10T18:00:00.000000000,207.43,267.11033
2021-11-10T19:00:00.000000000,214.38,269.54299
2021-11-10T20:00:00.000000000,219.95,274.31439
2021-11-10T21:00:00.000000000,232.18,279.14887
2021-11-10T22:00:00.000000000,241.43,283.77205
2021-11-10T23:00:00.000000000,252.55,286.47218
2021-11-11T00:00:00.000000000,278.42,316.77146
2021-11-11T01:00:00.000000000,274.63,308.85581
2021-11-11T02:00:00.000000000,263.54,296.87311
2021-11-11T03:00:00.000000000,264.57,285.90974
2021-11-11T04:00:00.000000000,276.52,277.67201
2021-11-11T05:00:00.000000000,281.35,271.83483
2021-11-11T06:00:00.000000000,269.71,269.3832
2021-11-11T07:00:00.000000000,255.34,269.79732
2021-11-11T08:00:00.000000000,248.12,273.59198
2021-11-11T09:00:00.000000000,248.46,282.65343
2021-11-11T10:00:00.000000000,261.85,291.93599
2021-11-11T11:00:00.000000000,286.38,300.2284
2021-11-11T12:00:00.000000000,317.77,304.93896
2021-11-11T13:00:00.000000000,343.73,309.15397
2021-11-11T14:00:00.000000000,359.82,316.50727
2021-11-11T15:00:00.000000000,336.79,325.30228
2021-11-11T16:00:00.000000000,317.36,329.418
2021-11-11T17:00:00.000000000,321.48,332.64185
2021-11-11T18:00:00.000000000,326.58,334.85562
2021-11-11T19:00:00.000000000,326.74,335.34658
2021-11-11T20:00:00.000000000,330.9,336.56698
2021-11-11T21:00:00.000000000,333.25,337.04618
2021-11-11T22:00:00.000000000,333.96,339.87293
2021-11-11T23:00:00.000000000,349.38,339.04658
2021-11-12T00:00:00.000000000,380.41,357.03663
2021-11-12T01:00:00.000000000,369.89,354.86077
2021-11-12T02:00:00.000000000,351.12,349.04681
2021-11-12T03:00:00.000000000,329.76,341.48704
2021-11-12T04:00:00.000000000,309.2,332.50589
2021-11-12T05:00:00.000000000,280.77,322.62136
2021-11-12T06:00:00.000000000,243.64,313.68496
2021-11-12T07:00:00.000000000,201.8,306.34205
2021-11-12T08:00:00.000000000,185.91,302.41088
2021-11-12T09:00:00.000000000,185.82,304.19046
2021-11-12T10:00:00.000000000,186.0,308.31734
2021-11-12T11:00:00.000000000,192.75,312.87998
2021-11-12T12:00:00.000000000,219.92,313.84484
2021-11-12T13:00:00.000000000,254.73,315.39658
2021-11-12T14:00:00.000000000,275.53,321.04673
2021-11-12T15:00:00.000000000,262.53,327.61658
2021-11-12T16:00:00.000000000,256.69,329.7046
2021-11-12T17:00:00.000000000,251.35,329.9119
2021-11-12T18:00:00.000000000,240.12,329.79633
2021-11-12T19:00:00.000000000,238.93,328.9447
2021-11-12T20:00:00.000000000,243.18,330.77885
2021-11-12T21:00:00.000000000,253.0,335.31103
2021-11-12T22:00:00.000000000,269.49,341.43473
2021-11-12T23:00:00.000000000,307.88,343.98841
2021-11-10T00:00:00.000000000,368.5,309.17702
2021-11-10T01:00:00.000000000,347.32,305.34361
2021-11-10T02:00:00.000000000,310.08,297.27578
2021-11-10T03:00:00.000000000,278.77,289.55248
2021-11-10T04:00:00.000000000,254.58,280.1219
2021-11-10T05:00:00.000000000,231.45,269.23681
2021-11-10T06:00:00.000000000,208.8,254.8059
2021-11-10T07:00:00.000000000,192.99,240.08305
2021-11-10T08:00:00.000000000,183.64,228.38415
2021-11-10T09:00:00.000000000,179.03,221.99284
2021-11-10T10:00:00.000000000,181.17,216.4746
2021-11-10T11:00:00.000000000,184.35,213.97036
2021-11-10T12:00:00.000000000,193.43,212.57864
2021-11-10T13:00:00.000000000,217.15,214.97672
2021-11-10T14:00:00.000000000,222.78,221.37797
2021-11-10T15:00:00.000000000,214.78,229.08683
2021-11-10T16:00:00.000000000,209.68,234.91626
2021-11-10T17:00:00.000000000,203.97,240.33734
2021-11-10T18:00:00.000000000,207.43,247.66107
2021-11-10T19:00:00.000000000,214.38,252.3255
2021-11-10T20:00:00.000000000,219.95,259.59056
2021-11-10T21:00:00.000000000,232.18,266.42659
2021-11-10T22:00:00.000000000,241.43,272.05396
2021-11-10T23:00:00.000000000,252.55,275.50605
2021-11-11T00:00:00.000000000,278.42,304.67813
2021-11-11T01:00:00.000000000,274.63,298.6779
2021-11-11T02:00:00.000000000,263.54,289.21627
2021-11-11T03:00:00.000000000,264.57,280.55442
2021-11-11T04:00:00.000000000,276.52,273.17259
2021-11-11T05:00:00.000000000,281.35,266.92808
2021-11-11T06:00:00.000000000,269.71,262.94415
2021-11-11T07:00:00.000000000,255.34,261.10738
2021-11-11T08:00:00.000000000,248.12,262.38343
2021-11-11T09:00:00.000000000,248.46,268.7839
2021-11-11T10:00:00.000000000,261.85,274.77203
2021-11-11T11:00:00.000000000,286.38,280.36373
2021-11-11T12:00:00.000000000,317.77,284.15604
2021-11-11T13:00:00.000000000,343.73,289.19713
2021-11-11T14:00:00.000000000,359.82,298.73422
2021-11-11T15:00:00.000000000,336.79,310.56841
2021-11-11T16:00:00.000000000,317.36,318.18129
2021-11-11T17:00:00.000000000,321.48,324.06027
2021-11-11T18:00:00.000000000,326.58,328.74349
2021-11-11T19:00:00.000000000,326.74,330.58479
2021-11-11T20:00:00.000000000,330.9,332.19624
2021-11-11T21:00:00.000000000,333.25,332.21431
2021-11-11T22:00:00.000000000,333.96,334.56035
2021-11-11T23:00:00.000000000,349.38,333.63527
2021-11-12T00:00:00.000000000,380.41,352.02642
2021-11-12T01:00:00.000000000,369.89,347.0379
2021-11-12T02:00:00.000000000,351.12,337.41542
2021-11-12T03:00:00.000000000,329.76,326.2701
2021-11-12T04:00:00.000000000,309.2,314.73081
2021-11-12T05:00:00.000000000,280.77,304.02174
2021-11-12T06:00:00.000000000,243.64,295.46244
2021-11-12T07:00:00.000000000,201.8,289.71135
2021-11-12T08:00:00.000000000,185.91,287.67896
2021-11-12T09:00:00.000000000,185.82,291.4921
2021-11-12T10:00:00.000000000,186.0,296.85746
2021-11-12T11:00:00.000000000,192.75,301.86163
2021-11-12T12:00:00.000000000,219.92,302.73487
2021-11-12T13:00:00.000000000,254.73,303.41123
2021-11-12T14:00:00.000000000,275.53,308.46192
2021-11-12T15:00:00.000000000,262.53,315.61736
2021-11-12T16:00:00.000000000,256.69,319.80634
2021-11-12T17:00:00.000000000,251.35,323.60665
2021-11-12T18:00:00.000000000,240.12,326.95357
2021-11-12T19:00:00.000000000,238.93,329.43137
2021-11-12T20:00:00.000000000,243.18,334.08872
2021-11-12T21:00:00.000000000,253.0,340.14256
2021-11-12T22:00:00.000000000,269.49,347.8203
2021-11-12T23:00:00.000000000,307.88,350.91115
2021-11-13T00:00:00.000000000,361.75,360.86231
2021-11-13T01:00:00.000000000,368.03,362.02208
2021-11-13T02:00:00.000000000,366.04,359.76058
2021-11-13T03:00:00.000000000,367.61,354.94003
2021-11-13T04:00:00.000000000,367.47,346.32058
2021-11-13T05:00:00.000000000,371.58,335.10852
2021-11-13T06:00:00.000000000,371.81,323.82132
2021-11-13T07:00:00.000000000,366.97,313.56451
2021-11-13T08:00:00.000000000,357.27,306.77427
2021-11-13T09:00:00.000000000,350.68,305.40857
2021-11-13T10:00:00.000000000,347.01,306.08169
2021-11-13T11:00:00.000000000,343.86,306.79296
2021-11-13T12:00:00.000000000,331.91,304.26081
2021-11-13T13:00:00.000000000,321.99,304.666
2021-11-13T14:00:00.000000000,305.29,310.37283
2021-11-13T15:00:00.000000000,261.9,316.15638
2021-11-13T16:00:00.000000000,245.49,316.64678
2021-11-13T17:00:00.000000000,228.21,313.6026
2021-11-13T18:00:00.000000000,222.6,311.36431
2021-11-13T19:00:00.000000000,219.26,309.41889
2021-11-13T20:00:00.000000000,216.6,311.78761
2021-11-13T21:00:00.000000000,220.17,317.7536
2021-11-13T22:00:00.000000000,221.55,324.82423
2021-11-13T23:00:00.000000000,240.12,329.05706
2021-11-11T00:00:00.000000000,278.42,294.82431
2021-11-11T01:00:00.000000000,274.63,286.65746
2021-11-11T02:00:00.000000000,263.54,272.09553
2021-11-11T03:00:00.000000000,264.57,258.37745
2021-11-11T04:00:00.000000000,276.52,246.53396
2021-11-11T05:00:00.000000000,281.35,238.01443
2021-11-11T06:00:00.000000000,269.71,233.46274
2021-11-11T07:00:00.000000000,255.34,232.54926
2021-11-11T08:00:00.000000000,248.12,235.56784
2021-11-11T09:00:00.000000000,248.46,245.13712
2021-11-11T10:00:00.000000000,261.85,254.98311
2021-11-11T11:00:00.000000000,286.38,263.32572
2021-11-11T12:00:00.000000000,317.77,268.03619
2021-11-11T13:00:00.000000000,343.73,273.03706
2021-11-11T14:00:00.000000000,359.82,281.36153
2021-11-11T15:00:00.000000000,336.79,291.28509
2021-11-11T16:00:00.000000000,317.36,297.64717
2021-11-11T17:00:00.000000000,321.48,303.50528
2021-11-11T18:00:00.000000000,326.58,309.31317
2021-11-11T19:00:00.000000000,326.74,312.59751
2021-11-11T20:00:00.000000000,330.9,316.80841
2021-11-11T21:00:00.000000000,333.25,319.78725
2021-11-11T22:00:00.000000000,333.96,325.2158
2021-11-11T23:00:00.000000000,349.38,327.2204
2021-11-12T00:00:00.000000000,380.41,349.24292
2021-11-12T01:00:00.000000000,369.89,347.86895
2021-11-12T02:00:00.000000000,351.12,343.95687
2021-11-12T03:00:00.000000000,329.76,338.85874
2021-11-12T04:00:00.000000000,309.2,332.82798
2021-11-12T05:00:00.000000000,280.77,325.30676
2021-11-12T06:00:00.000000000,243.64,317.1114
2021-11-12T07:00:00.000000000,201.8,308.92952
2021-11-12T08:00:00.000000000,185.91,302.756
2021-11-12T09:00:00.000000000,185.82,301.56819
2021-11-12T10:00:00.000000000,186.0,302.93499
2021-11-12T11:00:00.000000000,192.75,306.48171
2021-11-12T12:00:00.000000000,219.92,308.84597
2021-11-12T13:00:00.000000000,254.73,312.55138
2021-11-12T14:00:00.000000000,275.53,320.83669
2021-11-12T15:00:00.000000000,262.53,330.81542
2021-11-12T16:00:00.000000000,256.69,336.12007
2021-11-12T17:00:00.000000000,251.35,339.70363
2021-11-12T18:00:00.000000000,240.12,341.95352
2021-11-12T19:00:00.000000000,238.93,342.0363
2021-11-12T20:00:00.000000000,243.18,343.04215
2021-11-12T21:00:00.000000000,253.0,345.67997
2021-11-12T22:00:00.000000000,269.49,349.63351
2021-11-12T23:00:00.000000000,307.88,349.70431
2021-11-13T00:00:00.000000000,361.75,361.69596
2021-11-13T01:00:00.000000000,368.03,360.74325
2021-11-13T02:00:00.000000000,366.04,355.12607
2021-11-13T03:00:00.000000000,367.61,346.54514
2021-11-13T04:00:00.000000000,367.47,335.37639
2021-11-13T05:00:00.000000000,371.58,323.52652
2021-11-13T06:00:00.000000000,371.81,313.6981
2021-11-13T07:00:00.000000000,366.97,306.46489
2021-11-13T08:00:00.000000000,357.27,303.4632
2021-11-13T09:00:00.000000000,350.68,305.87069
2021-11-13T10:00:00.000000000,347.01,309.00575
2021-11-13T11:00:00.000000000,343.86,310.04033
2021-11-13T12:00:00.000000000,331.91,305.71486
2021-11-13T13:00:00.000000000,321.99,302.9532
2021-11-13T14:00:00.000000000,305.29,305.63673
2021-11-13T15:00:00.000000000,261.9,309.28175
2021-11-13T16:00:00.000000000,245.49,309.64707
2021-11-13T17:00:00.000000000,228.21,308.39759
2021-11-13T18:00:00.000000000,222.6,308.79337
2021-11-13T19:00:00.000000000,219.26,310.29636
2021-11-13T20:00:00.000000000,216.6,316.02209
2021-11-13T21:00:00.000000000,220.17,324.69008
2021-11-13T22:00:00.000000000,221.55,334.48225
2021-11-13T23:00:00.000000000,240.12,340.73243
2021-11-14T00:00:00.000000000,285.36,347.05296
2021-11-14T01:00:00.000000000,267.08,341.85719
2021-11-14T02:00:00.000000000,240.31,331.55278
2021-11-14T03:00:00.000000000,225.83,319.91178
2021-11-14T04:00:00.000000000,218.69,309.80599
2021-11-14T05:00:00.000000000,214.62,301.87549
2021-11-14T06:00:00.000000000,215.16,297.62513
2021-11-14T07:00:00.000000000,212.49,297.23089
2021-11-14T08:00:00.000000000,216.68,300.77801
2021-11-14T09:00:00.000000000,228.73,309.42623
2021-11-14T10:00:00.000000000,254.01,317.8765
2021-11-14T11:00:00.000000000,272.13,324.04265
2021-11-14T12:00:00.000000000,287.13,324.18881
2021-11-14T13:00:00.000000000,286.19,322.88316
2021-11-14T14:00:00.000000000,273.2,324.99418
2021-11-14T15:00:00.000000000,222.06,327.84301
2021-11-14T16:00:00.000000000,210.12,327.19321
2021-11-14T17:00:00.000000000,214.11,326.26099
2021-11-14T18:00:00.000000000,245.66,325.86135
2021-11-14T19:00:00.000000000,296.6,326.58351
2021-11-14T20:00:00.000000000,319.29,330.39093
2021-11-14T21:00:00.000000000,320.77,336.28805
2021-11-14T22:00:00.000000000,316.47,344.60414
2021-11-14T23:00:00.000000000,334.26,349.12037
2021-11-12T00:00:00.000000000,380.41,361.09631
2021-11-12T01:00:00.000000000,369.89,353.1111
2021-11-12T02:00:00.000000000,351.12,339.82882
2021-11-12T03:00:00.000000000,329.76,324.95653
2021-11-12T04:00:00.000000000,309.2,308.2907
2021-11-12T05:00:00.000000000,280.77,291.41223
2021-11-12T06:00:00.000000000,243.64,275.87081
2021-11-12T07:00:00.000000000,201.8,262.5608
2021-11-12T08:00:00.000000000,185.91,254.30486
2021-11-12T09:00:00.000000000,185.82,254.50582
2021-11-12T10:00:00.000000000,186.0,259.4766
2021-11-12T11:00:00.000000000,192.75,268.59029
2021-11-12T12:00:00.000000000,219.92,275.88532
2021-11-12T13:00:00.000000000,254.73,283.13517
2021-11-12T14:00:00.000000000,275.53,294.28155
2021-11-12T15:00:00.000000000,262.53,306.65648
2021-11-12T16:00:00.000000000,256.69,315.55597
2021-11-12T17:00:00.000000000,251.35,321.76416
2021-11-12T18:00:00.000000000,240.12,325.66588
2021-11-12T19:00:00.000000000,238.93,326.2994
2021-11-12T20:00:00.000000000,243.18,328.38724
2021-11-12T21:00:00.000000000,253.0,332.24158
2021-11-12T22:00:00.000000000,269.49,338.33991
2021-11-12T23:00:00.000000000,307.88,340.92167
2021-11-13T00:00:00.000000000,361.75,353.24904
2021-11-13T01:00:00.000000000,368.03,351.30471
2021-11-13T02:00:00.000000000,366.04,343.61269
2021-11-13T03:00:00.000000000,367.61,333.07149
2021-11-13T04:00:00.000000000,367.47,320.46542
2021-11-13T05:00:00.000000000,371.58,307.61001
2021-11-13T06:00:00.000000000,371.81,295.85792
2021-11-13T07:00:00.000000000,366.97,286.51078
2021-11-13T08:00:00.000000000,357.27,281.34636
2021-11-13T09:00:00.000000000,350.68,282.53501
2021-11-13T10:00:00.000000000,347.01,285.32498
2021-11-13T11:00:00.000000000,343.86,287.47483
2021-11-13T12:00:00.000000000,331.91,285.17214
2021-11-13T13:00:00.000000000,321.99,283.86351
2021-11-13T14:00:00.000000000,305.29,287.48466
2021-11-13T15:00:00.000000000,261.9,292.66864
2021-11-13T16:00:00.000000000,245.49,295.8728
2021-11-13T17:00:00.000000000,228.21,298.85764
2021-11-13T18:00:00.000000000,222.6,303.13189
2021-11-13T19:00:00.000000000,219.26,307.35656
2021-11-13T20:00:00.000000000,216.6,315.13897
2021-11-13T21:00:00.000000000,220.17,325.60118
2021-11-13T22:00:00.000000000,221.55,337.40862
2021-11-13T23:00:00.000000000,240.12,345.18918
2021-11-14T00:00:00.000000000,285.36,342.7427
2021-11-14T01:00:00.000000000,267.08,336.07866
2021-11-14T02:00:00.000000000,240.31,321.72098
2021-11-14T03:00:00.000000000,225.83,305.30484
2021-11-14T04:00:00.000000000,218.69,288.75069
2021-11-14T05:00:00.000000000,214.62,275.10292
2021-11-14T06:00:00.000000000,215.16,265.42977
2021-11-14T07:00:00.000000000,212.49,260.36138
2021-11-14T08:00:00.000000000,216.68,260.0112
2021-11-14T09:00:00.000000000,228.73,266.47076
2021-11-14T10:00:00.000000000,254.01,273.70132
2021-11-14T11:00:00.000000000,272.13,279.70061
2021-11-14T12:00:00.000000000,287.13,280.35454
2021-11-14T13:00:00.000000000,286.19,280.16245
2021-11-14T14:00:00.000000000,273.2,283.72747
2021-11-14T15:00:00.000000000,222.06,288.71329
2021-11-14T16:00:00.000000000,210.12,291.60938
2021-11-14T17:00:00.000000000,214.11,294.16345
2021-11-14T18:00:00.000000000,245.66,297.05674
2021-11-14T19:00:00.000000000,296.6,299.72247
2021-11-14T20:00:00.000000000,319.29,306.00479
2021-11-14T21:00:00.000000000,320.77,314.35181
2021-11-14T22:00:00.000000000,316.47,325.43645
2021-11-14T23:00:00.000000000,334.26,333.3529
2021-11-15T00:00:00.000000000,368.07,340.61067
2021-11-15T01:00:00.000000000,366.31,339.8589
2021-11-15T02:00:00.000000000,360.6,336.12514
2021-11-15T03:00:00.000000000,357.76,331.48998
2021-11-15T04:00:00.000000000,354.6,327.72719
2021-11-15T05:00:00.000000000,350.74,323.76468
2021-11-15T06:00:00.000000000,344.03,321.27934
2021-11-15T07:00:00.000000000,329.47,320.73622
2021-11-15T08:00:00.000000000,316.08,322.91369
2021-11-15T09:00:00.000000000,305.42,329.30405
2021-11-15T10:00:00.000000000,294.93,335.4333
2021-11-15T11:00:00.000000000,286.19,339.81464
2021-11-15T12:00:00.000000000,290.1,339.61987
2021-11-15T13:00:00.000000000,295.56,339.09817
2021-11-15T14:00:00.000000000,293.9,341.87937
2021-11-15T15:00:00.000000000,272.78,345.23861
2021-11-15T16:00:00.000000000,284.13,343.6227
2021-11-15T17:00:00.000000000,290.88,340.66331
2021-11-15T18:00:00.000000000,306.25,338.03597
2021-11-15T19:00:00.000000000,314.76,336.10722
2021-11-15T20:00:00.000000000,311.84,336.95851
2021-11-15T21:00:00.000000000,301.73,340.06635
2021-11-15T22:00:00.000000000,300.11,345.4427
2021-11-15T23:00:00.000000000,322.4,348.02906
2021-11-13T00:00:00.000000000,361.75,328.44379
2021-11-13T01:00:00.000000000,368.03,316.16661
2021-11-13T02:00:00.000000000,366.04,294.33519
2021-11-13T03:00:00.000000000,367.61,271.93201
2021-11-13T04:00:00.000000000,367.47,249.10775
2021-11-13T05:00:00.000000000,371.58,230.48349
2021-11-13T06:00:00.000000000,371.81,217.26016
2021-11-13T07:00:00.000000000,366.97,209.05334
2021-11-13T08:00:00.000000000,357.27,206.37179
2021-11-13T09:00:00.000000000,350.68,211.97917
2021-11-13T10:00:00.000000000,347.01,220.61583
2021-11-13T11:00:00.000000000,343.86,231.02111
2021-11-13T12:00:00.000000000,331.91,239.30534
2021-11-13T13:00:00.000000000,321.99,248.0115
2021-11-13T14:00:00.000000000,305.29,260.27722
2021-11-13T15:00:00.000000000,261.9,273.71171
2021-11-13T16:00:00.000000000,245.49,282.63214
2021-11-13T17:00:00.000000000,228.21,288.47174
2021-11-13T18:00:00.000000000,222.6,292.56338
2021-11-13T19:00:00.000000000,219.26,293.02224
2021-11-13T20:00:00.000000000,216.6,296.54099
2021-11-13T21:00:00.000000000,220.17,301.04587
2021-11-13T22:00:00.000000000,221.55,308.36328
2021-11-13T23:00:00.000000000,240.12,313.22507
2021-11-14T00:00:00.000000000,285.36,328.75939
2021-11-14T01:00:00.000000000,267.08,318.69853
2021-11-14T02:00:00.000000000,240.31,300.8563
2021-11-14T03:00:00.000000000,225.83,282.2918
2021-11-14T04:00:00.000000000,218.69,263.90351
2021-11-14T05:00:00.000000000,214.62,249.04699
2021-11-14T06:00:00.000000000,215.16,238.90347
2021-11-14T07:00:00.000000000,212.49,233.6162
2021-11-14T08:00:00.000000000,216.68,233.42742
2021-11-14T09:00:00.000000000,228.73,241.04358
2021-11-14T10:00:00.000000000,254.01,250.66935
2021-11-14T11:00:00.000000000,272.13,260.45073
2021-11-14T12:00:00.000000000,287.13,266.0707
2021-11-14T13:00:00.000000000,286.19,270.80306
2021-11-14T14:00:00.000000000,273.2,278.61823
2021-11-14T15:00:00.000000000,222.06,288.20096
2021-11-14T16:00:00.000000000,210.12,294.61533
2021-11-14T17:00:00.000000000,214.11,299.55969
2021-11-14T18:00:00.000000000,245.66,303.13115
2021-11-14T19:00:00.000000000,296.6,304.22092
2021-11-14T20:00:00.000000000,319.29,307.7465
2021-11-14T21:00:00.000000000,320.77,312.06614
2021-11-14T22:00:00.000000000,316.47,319.41133
2021-11-14T23:00:00.000000000,334.26,323.62097
2021-11-15T00:00:00.000000000,368.07,330.6041
2021-11-15T01:00:00.000000000,366.31,331.32028
2021-11-15T02:00:00.000000000,360.6,327.872
2021-11-15T03:00:00.000000000,357.76,322.47814
2021-11-15T04:00:00.000000000,354.6,316.61458
2021-11-15T05:00:00.000000000,350.74,310.60286
2021-11-15T06:00:00.000000000,344.03,305.35634
2021-11-15T07:00:00.000000000,329.47,302.14496
2021-11-15T08:00:00.000000000,316.08,301.86286
2021-11-15T09:00:00.000000000,305.42,306.27927
2021-11-15T10:00:00.000000000,294.93,310.06899
2021-11-15T11:00:00.000000000,286.19,311.51567
2021-11-15T12:00:00.000000000,290.1,307.97015
2021-11-15T13:00:00.000000000,295.56,304.97327
2021-11-15T14:00:00.000000000,293.9,306.43131
2021-11-15T15:00:00.000000000,272.78,309.93808
2021-11-15T16:00:00.000000000,284.13,310.81352
2021-11-15T17:00:00.000000000,290.88,311.74724
2021-11-15T18:00:00.000000000,306.25,313.52936
2021-11-15T19:00:00.000000000,314.76,315.38649
2021-11-15T20:00:00.000000000,311.84,320.20161
2021-11-15T21:00:00.000000000,301.73,327.16144
2021-11-15T22:00:00.000000000,300.11,336.37741
2021-11-15T23:00:00.000000000,322.4,342.39575
2021-11-16T00:00:00.000000000,347.21,293.72062
2021-11-16T01:00:00.000000000,322.13,292.2843
2021-11-16T02:00:00.000000000,279.4,287.10036
2021-11-16T03:00:00.000000000,239.2,282.01207
2021-11-16T04:00:00.000000000,213.74,274.7514
2021-11-16T05:00:00.000000000,191.34,266.0576
2021-11-16T06:00:00.000000000,173.07,254.09844
2021-11-16T07:00:00.000000000,154.3,241.91581
2021-11-16T08:00:00.000000000,147.8,231.92604
2021-11-16T09:00:00.000000000,143.28,226.31494
2021-11-16T10:00:00.000000000,141.23,219.69369
2021-11-16T11:00:00.000000000,146.06,213.68407
2021-11-16T12:00:00.000000000,166.89,207.92533
2021-11-16T13:00:00.000000000,183.84,206.41586
2021-11-16T14:00:00.000000000,187.69,206.91608
2021-11-16T15:00:00.000000000,192.76,208.82133
2021-11-16T16:00:00.000000000,195.71,209.25908
2021-11-16T17:00:00.000000000,195.4,210.42573
2021-11-16T18:00:00.000000000,203.34,215.17819
2021-11-16T19:00:00.000000000,212.73,217.84455
2021-11-16T20:00:00.000000000,217.37,222.58713
2021-11-16T21:00:00.000000000,221.24,226.44041
2021-11-16T22:00:00.000000000,221.37,229.52346
2021-11-16T23:00:00.000000000,225.18,231.68574
2021-11-14T00:00:00.000000000,285.36,289.30533
2021-11-14T01:00:00.000000000,267.08,279.09074
2021-11-14T02:00:00.000000000,240.31,263.43445
2021-11-14T03:00:00.000000000,225.83,249.19845
2021-11-14T04:00:00.000000000,218.69,237.3744
2021-11-14T05:00:00.000000000,214.62,229.9691
2021-11-14T06:00:00.000000000,215.16,227.61949
2021-11-14T07:00:00.000000000,212.49,229.34371
2021-11-14T08:00:00.000000000,216.68,234.92117
2021-11-14T09:00:00.000000000,228.73,245.91989
2021-11-14T10:00:00.000000000,254.01,256.37027
2021-11-14T11:00:00.000000000,272.13,265.24433
2021-11-14T12:00:00.000000000,287.13,271.0993
2021-11-14T13:00:00.000000000,286.19,277.20375
2021-11-14T14:00:00.000000000,273.2,287.33152
2021-11-14T15:00:00.000000000,222.06,299.25311
2021-11-14T16:00:00.000000000,210.12,306.64452
2021-11-14T17:00:00.000000000,214.11,312.47911
2021-11-14T18:00:00.000000000,245.66,317.60126
2021-11-14T19:00:00.000000000,296.6,319.62317
2021-11-14T20:00:00.000000000,319.29,321.57184
2021-11-14T21:00:00.000000000,320.77,321.62672
2021-11-14T22:00:00.000000000,316.47,323.71925
2021-11-14T23:00:00.000000000,334.26,322.56143
2021-11-15T00:00:00.000000000,368.07,334.91762
2021-11-15T01:00:00.000000000,366.31,330.54252
2021-11-15T02:00:00.000000000,360.6,320.08555
2021-11-15T03:00:00.000000000,357.76,308.13955
2021-11-15T04:00:00.000000000,354.6,294.92256
2021-11-15T05:00:00.000000000,350.74,282.27915
2021-11-15T06:00:00.000000000,344.03,270.43053
2021-11-15T07:00:00.000000000,329.47,260.49778
2021-11-15T08:00:00.000000000,316.08,254.06112
2021-11-15T09:00:00.000000000,305.42,254.04688
2021-11-15T10:00:00.000000000,294.93,256.02696
2021-11-15T11:00:00.000000000,286.19,259.31995
2021-11-15T12:00:00.000000000,290.1,260.57339
2021-11-15T13:00:00.000000000,295.56,263.0994
2021-11-15T14:00:00.000000000,293.9,269.74468
2021-11-15T15:00:00.000000000,272.78,278.11461
2021-11-15T16:00:00.000000000,284.13,284.06237
2021-11-15T17:00:00.000000000,290.88,289.36078
2021-11-15T18:00:00.000000000,306.25,295.03353
2021-11-15T19:00:00.000000000,314.76,298.92832
2021-11-15T20:00:00.000000000,311.84,305.48827
2021-11-15T21:00:00.000000000,301.73,313.48032
2021-11-15T22:00:00.000000000,300.11,322.76748
2021-11-15T23:00:00.000000000,322.4,328.46423
2021-11-16T00:00:00.000000000,347.21,299.93381
2021-11-16T01:00:00.000000000,322.13,297.63965
2021-11-16T02:00:00.000000000,279.4,291.51055
2021-11-16T03:00:00.000000000,239.2,285.36342
2021-11-16T04:00:00.000000000,213.74,277.33861
2021-11-16T05:00:00.000000000,191.34,268.62317
2021-11-16T06:00:00.000000000,173.07,257.50797
2021-11-16T07:00:00.000000000,154.3,246.63893
2021-11-16T08:00:00.000000000,147.8,237.8795
2021-11-16T09:00:00.000000000,143.28,233.58107
2021-11-16T10:00:00.000000000,141.23,228.44099
2021-11-16T11:00:00.000000000,146.06,224.30667
2021-11-16T12:00:00.000000000,166.89,220.20736
2021-11-16T13:00:00.000000000,183.84,219.43895
2021-11-16T14:00:00.000000000,187.69,221.16718
2021-11-16T15:00:00.000000000,192.76,224.44189
2021-11-16T16:00:00.000000000,195.71,226.22692
2021-11-16T17:00:00.000000000,195.4,228.17974
2021-11-16T18:00:00.000000000,203.34,232.85769
2021-11-16T19:00:00.000000000,212.73,235.52643
2021-11-16T20:00:00.000000000,217.37,240.34304
2021-11-16T21:00:00.000000000,221.24,244.47533
2021-11-16T22:00:00.000000000,221.37,248.21299
2021-11-16T23:00:00.000000000,225.18,250.73687
2021-11-17T00:00:00.000000000,238.15,231.54922
2021-11-17T01:00:00.000000000,222.16,226.20774
2021-11-17T02:00:00.000000000,215.48,215.51226
2021-11-17T03:00:00.000000000,209.21,208.04639
2021-11-17T04:00:00.000000000,202.78,204.5182
2021-11-17T05:00:00.000000000,185.4,204.42297
2021-11-17T06:00:00.000000000,167.62,204.26395
2021-11-17T07:00:00.000000000,144.31,204.04441
2021-11-17T08:00:00.000000000,129.88,206.79622
2021-11-17T09:00:00.000000000,127.43,212.18879
2021-11-17T10:00:00.000000000,125.86,214.96416
2021-11-17T11:00:00.000000000,126.64,214.11057
2021-11-17T12:00:00.000000000,149.19,210.22121
2021-11-17T13:00:00.000000000,184.83,209.70856
2021-11-17T14:00:00.000000000,206.36,211.99038
2021-11-17T15:00:00.000000000,204.01,215.69308
2021-11-17T16:00:00.000000000,203.0,216.25359
2021-11-17T17:00:00.000000000,204.16,218.80049
2021-11-17T18:00:00.000000000,207.31,225.04992
2021-11-17T19:00:00.000000000,217.51,228.44987
2021-11-17T20:00:00.000000000,226.08,234.25643
2021-11-17T21:00:00.000000000,228.84,237.52066
2021-11-17T22:00:00.000000000,227.72,239.52729
2021-11-17T23:00:00.000000000,224.09,240.48601
2021-11-15T00:00:00.000000000,368.07,348.30674
2021-11-15T01:00:00.000000000,366.31,341.64738
2021-11-15T02:00:00.000000000,360.6,328.82499
2021-11-15T03:00:00.000000000,357.76,314.24974
2021-11-15T04:00:00.000000000,354.6,298.81532
2021-11-15T05:00:00.000000000,350.74,284.84716
2021-11-15T06:00:00.000000000,344.03,273.22396
2021-11-15T07:00:00.000000000,329.47,264.47341
2021-11-15T08:00:00.000000000,316.08,259.33182
2021-11-15T09:00:00.000000000,305.42,260.7573
2021-11-15T10:00:00.000000000,294.93,264.15058
2021-11-15T11:00:00.000000000,286.19,269.67761
2021-11-15T12:00:00.000000000,290.1,273.34612
2021-11-15T13:00:00.000000000,295.56,277.00199
2021-11-15T14:00:00.000000000,293.9,284.73311
2021-11-15T15:00:00.000000000,272.78,294.22496
2021-11-15T16:00:00.000000000,284.13,301.43573
2021-11-15T17:00:00.000000000,290.88,307.29514
2021-11-15T18:00:00.000000000,306.25,312.4707
2021-11-15T19:00:00.000000000,314.76,315.86945
2021-11-15T20:00:00.000000000,311.84,321.13857
2021-11-15T21:00:00.000000000,301.73,327.61791
2021-11-15T22:00:00.000000000,300.11,336.06742
2021-11-15T23:00:00.000000000,322.4,340.89243
2021-11-16T00:00:00.000000000,347.21,306.38916
2021-11-16T01:00:00.000000000,322.13,304.28254
2021-11-16T02:00:00.000000000,279.4,297.91559
2021-11-16T03:00:00.000000000,239.2,291.22434
2021-11-16T04:00:00.000000000,213.74,282.69854
2021-11-16T05:00:00.000000000,191.34,273.27005
2021-11-16T06:00:00.000000000,173.07,260.88833
2021-11-16T07:00:00.000000000,154.3,248.68507
2021-11-16T08:00:00.000000000,147.8,238.63891
2021-11-16T09:00:00.000000000,143.28,233.21673
2021-11-16T10:00:00.000000000,141.23,227.18521
2021-11-16T11:00:00.000000000,146.06,222.93021
2021-11-16T12:00:00.000000000,166.89,219.27112
2021-11-16T13:00:00.000000000,183.84,219.01764
2021-11-16T14:00:00.000000000,187.69,222.15297
2021-11-16T15:00:00.000000000,192.76,226.9314
2021-11-16T16:00:00.000000000,195.71,230.61945
2021-11-16T17:00:00.000000000,195.4,234.53955
2021-11-16T18:00:00.000000000,203.34,241.08856
2021-11-16T19:00:00.000000000,212.73,245.82522
2021-11-16T20:00:00.000000000,217.37,252.90492
2021-11-16T21:00:00.000000000,221.24,259.52257
2021-11-16T22:00:00.000000000,221.37,265.55604
2021-11-16T23:00:00.000000000,225.18,269.73033
2021-11-17T00:00:00.000000000,238.15,256.14189
2021-11-17T01:00:00.000000000,222.16,251.01886
2021-11-17T02:00:00.000000000,215.48,240.52247
2021-11-17T03:00:00.000000000,209.21,232.45547
2021-11-17T04:00:00.000000000,202.78,227.29341
2021-11-17T05:00:00.000000000,185.4,224.39482
2021-11-17T06:00:00.000000000,167.62,221.21579
2021-11-17T07:00:00.000000000,144.31,218.82268
2021-11-17T08:00:00.000000000,129.88,219.12737
2021-11-17T09:00:00.000000000,127.43,223.18825
2021-11-17T10:00:00.000000000,125.86,225.21514
2021-11-17T11:00:00.000000000,126.64,224.87717
2021-11-17T12:00:00.000000000,149.19,222.60317
2021-11-17T13:00:00.000000000,184.83,223.41447
2021-11-17T14:00:00.000000000,206.36,227.79513
2021-11-17T15:00:00.000000000,204.01,233.73277
2021-11-17T16:00:00.000000000,203.0,237.25036
2021-11-17T17:00:00.000000000,204.16,242.73311
2021-11-17T18:00:00.000000000,207.31,251.53201
2021-11-17T19:00:00.000000000,217.51,258.10021
2021-11-17T20:00:00.000000000,226.08,266.22965
2021-11-17T21:00:00.000000000,228.84,271.87731
2021-11-17T22:00:00.000000000,227.72,276.65368
2021-11-17T23:00:00.000000000,224.09,278.8619
2021-11-18T00:00:00.000000000,219.81,280.3704
2021-11-18T01:00:00.000000000,214.95,275.35479
2021-11-18T02:00:00.000000000,212.2,266.43699
2021-11-18T03:00:00.000000000,209.38,258.72296
2021-11-18T04:00:00.000000000,204.98,252.51942
2021-11-18T05:00:00.000000000,192.09,248.08517
2021-11-18T06:00:00.000000000,176.83,245.09135
2021-11-18T07:00:00.000000000,160.69,243.53348
2021-11-18T08:00:00.000000000,155.41,244.84457
2021-11-18T09:00:00.000000000,162.89,250.03285
2021-11-18T10:00:00.000000000,185.91,253.42169
2021-11-18T11:00:00.000000000,207.54,254.98695
2021-11-18T12:00:00.000000000,222.79,253.28451
2021-11-18T13:00:00.000000000,244.8,252.88096
2021-11-18T14:00:00.000000000,258.14,254.37525
2021-11-18T15:00:00.000000000,251.73,257.43388
2021-11-18T16:00:00.000000000,214.28,258.39179
2021-11-18T17:00:00.000000000,204.36,259.77438
2021-11-18T18:00:00.000000000,231.63,263.24778
2021-11-18T19:00:00.000000000,240.97,264.492
2021-11-18T20:00:00.000000000,247.79,267.16233
2021-11-18T21:00:00.000000000,249.74,268.38782
2021-11-18T22:00:00.000000000,253.79,270.0182
2021-11-18T23:00:00.000000000,282.49,270.23013
2021-11-16T00:00:00.000000000,347.21,297.29026
2021-11-16T01:00:00.000000000,322.13,291.17614
2021-11-16T02:00:00.000000000,279.4,278.90214
2021-11-16T03:00:00.000000000,239.2,267.29426
2021-11-16T04:00:00.000000000,213.74,255.75827
2021-11-16T05:00:00.000000000,191.34,244.78486
2021-11-16T06:00:00.000000000,173.07,232.1065
2021-11-16T07:00:00.000000000,154.3,220.86148
2021-11-16T08:00:00.000000000,147.8,213.60773
2021-11-16T09:00:00.000000000,143.28,211.50264
2021-11-16T10:00:00.000000000,141.23,209.33802
2021-11-16T11:00:00.000000000,146.06,208.15846
2021-11-16T12:00:00.000000000,166.89,206.69368
2021-11-16T13:00:00.000000000,183.84,208.57365
2021-11-16T14:00:00.000000000,187.69,214.4916
2021-11-16T15:00:00.000000000,192.76,222.16396
2021-11-16T16:00:00.000000000,195.71,227.33502
2021-11-16T17:00:00.000000000,195.4,232.71055
2021-11-16T18:00:00.000000000,203.34,239.83742
2021-11-16T19:00:00.000000000,212.73,244.2084
2021-11-16T20:00:00.000000000,217.37,251.03201
2021-11-16T21:00:00.000000000,221.24,257.60856
2021-11-16T22:00:00.000000000,221.37,263.39204
2021-11-16T23:00:00.000000000,225.18,267.1198
2021-11-17T00:00:00.000000000,238.15,253.62141
2021-11-17T01:00:00.000000000,222.16,248.28363
2021-11-17T02:00:00.000000000,215.48,236.76563
2021-11-17T03:00:00.000000000,209.21,227.71686
2021-11-17T04:00:00.000000000,202.78,222.13631
2021-11-17T05:00:00.000000000,185.4,219.09999
2021-11-17T06:00:00.000000000,167.62,215.93466
2021-11-17T07:00:00.000000000,144.31,213.80351
2021-11-17T08:00:00.000000000,129.88,214.67746
2021-11-17T09:00:00.000000000,127.43,219.39528
2021-11-17T10:00:00.000000000,125.86,221.92077
2021-11-17T11:00:00.000000000,126.64,221.45378
2021-11-17T12:00:00.000000000,149.19,218.54804
2021-11-17T13:00:00.000000000,184.83,218.74307
2021-11-17T14:00:00.000000000,206.36,222.41227
2021-11-17T15:00:00.000000000,204.01,227.60447
2021-11-17T16:00:00.000000000,203.0,230.57113
2021-11-17T17:00:00.000000000,204.16,236.18051
2021-11-17T18:00:00.000000000,207.31,245.55291
2021-11-17T19:00:00.000000000,217.51,252.95726
2021-11-17T20:00:00.000000000,226.08,262.20285
2021-11-17T21:00:00.000000000,228.84,269.05527
2021-11-17T22:00:00.000000000,227.72,274.9758
2021-11-17T23:00:00.000000000,224.09,278.20195
2021-11-18T00:00:00.000000000,219.81,279.53352
2021-11-18T01:00:00.000000000,214.95,273.69407
2021-11-18T02:00:00.000000000,212.2,263.71492
2021-11-18T03:00:00.000000000,209.38,255.35641
2021-11-18T04:00:00.000000000,204.98,248.61365
2021-11-18T05:00:00.000000000,192.09,243.42543
2021-11-18T06:00:00.000000000,176.83,239.11175
2021-11-18T07:00:00.000000000,160.69,235.99553
2021-11-18T08:00:00.000000000,155.41,235.88434
2021-11-18T09:00:00.000000000,162.89,239.93197
2021-11-18T10:00:00.000000000,185.91,242.52562
2021-11-18T11:00:00.000000000,207.54,243.51547
2021-11-18T12:00:00.000000000,222.79,241.79204
2021-11-18T13:00:00.000000000,244.8,241.9608
2021-11-18T14:00:00.000000000,258.14,244.36993
2021-11-18T15:00:00.000000000,251.73,248.42532
2021-11-18T16:00:00.000000000,214.28,250.36345
2021-11-18T17:00:00.000000000,204.36,253.02208
2021-11-18T18:00:00.000000000,231.63,257.86101
2021-11-18T19:00:00.000000000,240.97,260.33485
2021-11-18T20:00:00.000000000,247.79,264.15538
2021-11-18T21:00:00.000000000,249.74,266.0672
2021-11-18T22:00:00.000000000,253.79,268.01193
2021-11-18T23:00:00.000000000,282.49,268.24484
2021-11-19T00:00:00.000000000,321.4,277.91691
2021-11-19T01:00:00.000000000,316.83,276.85402
2021-11-19T02:00:00.000000000,309.95,271.90696
2021-11-19T03:00:00.000000000,312.91,267.02628
2021-11-19T04:00:00.000000000,315.94,264.85273
2021-11-19T05:00:00.000000000,304.85,264.71652
2021-11-19T06:00:00.000000000,295.32,265.7407
2021-11-19T07:00:00.000000000,284.59,268.29515
2021-11-19T08:00:00.000000000,275.32,272.99078
2021-11-19T09:00:00.000000000,268.12,280.00604
2021-11-19T10:00:00.000000000,251.69,283.70126
2021-11-19T11:00:00.000000000,235.88,284.35142
2021-11-19T12:00:00.000000000,235.03,280.67796
2021-11-19T13:00:00.000000000,242.96,277.54693
2021-11-19T14:00:00.000000000,244.04,276.88707
2021-11-19T15:00:00.000000000,229.37,277.40593
2021-11-19T16:00:00.000000000,220.19,275.81895
2021-11-19T17:00:00.000000000,221.19,275.62799
2021-11-19T18:00:00.000000000,221.58,278.15299
2021-11-19T19:00:00.000000000,218.44,279.82423
2021-11-19T20:00:00.000000000,216.01,282.83645
2021-11-19T21:00:00.000000000,210.45,286.10749
2021-11-19T22:00:00.000000000,205.3,290.30371
2021-11-19T23:00:00.000000000,217.31,292.84159
2021-11-17T00:00:00.000000000,238.15,217.60123
2021-11-17T01:00:00.000000000,222.16,210.56064
2021-11-17T02:00:00.000000000,215.48,196.47252
2021-11-17T03:00:00.000000000,209.21,186.68937
2021-11-17T04:00:00.000000000,202.78,182.77123
2021-11-17T05:00:00.000000000,185.4,182.68387
2021-11-17T06:00:00.000000000,167.62,183.3029
2021-11-17T07:00:00.000000000,144.31,184.55865
2021-11-17T08:00:00.000000000,129.88,189.38323
2021-11-17T09:00:00.000000000,127.43,197.19624
2021-11-17T10:00:00.000000000,125.86,201.71008
2021-11-17T11:00:00.000000000,126.64,200.72554
2021-11-17T12:00:00.000000000,149.19,196.18093
2021-11-17T13:00:00.000000000,184.83,195.6667
2021-11-17T14:00:00.000000000,206.36,197.76398
2021-11-17T15:00:00.000000000,204.01,201.12708
2021-11-17T16:00:00.000000000,203.0,201.85245
2021-11-17T17:00:00.000000000,204.16,206.55707
2021-11-17T18:00:00.000000000,207.31,216.55438
2021-11-17T19:00:00.000000000,217.51,223.98098
2021-11-17T20:00:00.000000000,226.08,233.32596
2021-11-17T21:00:00.000000000,228.84,238.94781
2021-11-17T22:00:00.000000000,227.72,242.70489
2021-11-17T23:00:00.000000000,224.09,244.70466
2021-11-18T00:00:00.000000000,219.81,264.9063
2021-11-18T01:00:00.000000000,214.95,258.4268
2021-11-18T02:00:00.000000000,212.2,247.56993
2021-11-18T03:00:00.000000000,209.38,239.10914
2021-11-18T04:00:00.000000000,204.98,233.24643
2021-11-18T05:00:00.000000000,192.09,229.68454
2021-11-18T06:00:00.000000000,176.83,227.47732
2021-11-18T07:00:00.000000000,160.69,226.48807
2021-11-18T08:00:00.000000000,155.41,228.52229
2021-11-18T09:00:00.000000000,162.89,234.46728
2021-11-18T10:00:00.000000000,185.91,238.75661
2021-11-18T11:00:00.000000000,207.54,240.64905
2021-11-18T12:00:00.000000000,222.79,239.71748
2021-11-18T13:00:00.000000000,244.8,240.98688
2021-11-18T14:00:00.000000000,258.14,244.90308
2021-11-18T15:00:00.000000000,251.73,250.44403
2021-11-18T16:00:00.000000000,214.28,253.20927
2021-11-18T17:00:00.000000000,204.36,256.91842
2021-11-18T18:00:00.000000000,231.63,262.88531
2021-11-18T19:00:00.000000000,240.97,266.23293
2021-11-18T20:00:00.000000000,247.79,270.76116
2021-11-18T21:00:00.000000000,249.74,272.71989
2021-11-18T22:00:00.000000000,253.79,274.53145
2021-11-18T23:00:00.000000000,282.49,274.10839
2021-11-19T00:00:00.000000000,321.4,290.82294
2021-11-19T01:00:00.000000000,316.83,287.13109
2021-11-19T02:00:00.000000000,309.95,278.74911
2021-11-19T03:00:00.000000000,312.91,270.42124
2021-11-19T04:00:00.000000000,315.94,264.77574
2021-11-19T05:00:00.000000000,304.85,261.63364
2021-11-19T06:00:00.000000000,295.32,260.731
2021-11-19T07:00:00.000000000,284.59,262.50492
2021-11-19T08:00:00.000000000,275.32,267.33362
2021-11-19T09:00:00.000000000,268.12,275.54806
2021-11-19T10:00:00.000000000,251.69,280.99276
2021-11-19T11:00:00.000000000,235.88,283.29611
2021-11-19T12:00:00.000000000,235.03,280.96668
2021-11-19T13:00:00.000000000,242.96,278.91452
2021-11-19T14:00:00.000000000,244.04,279.99175
2021-11-19T15:00:00.000000000,229.37,282.60903
2021-11-19T16:00:00.000000000,220.19,283.05475
2021-11-19T17:00:00.000000000,221.19,284.60866
2021-11-19T18:00:00.000000000,221.58,288.2205
2021-11-19T19:00:00.000000000,218.44,291.16211
2021-11-19T20:00:00.000000000,216.01,295.39235
2021-11-19T21:00:00.000000000,210.45,299.39211
2021-11-19T22:00:00.000000000,205.3,304.58679
2021-11-19T23:00:00.000000000,217.31,307.17203
2021-11-20T00:00:00.000000000,233.42,310.84994
2021-11-20T01:00:00.000000000,225.54,304.59686
2021-11-20T02:00:00.000000000,220.12,293.6896
2021-11-20T03:00:00.000000000,218.62,282.4303
2021-11-20T04:00:00.000000000,215.82,272.57358
2021-11-20T05:00:00.000000000,209.49,265.70148
2021-11-20T06:00:00.000000000,198.98,262.56965
2021-11-20T07:00:00.000000000,186.59,263.01652
2021-11-20T08:00:00.000000000,181.25,267.8994
2021-11-20T09:00:00.000000000,179.51,277.2485
2021-11-20T10:00:00.000000000,178.39,285.30102
2021-11-20T11:00:00.000000000,181.1,290.62038
2021-11-20T12:00:00.000000000,185.04,289.74836
2021-11-20T13:00:00.000000000,198.15,287.92508
2021-11-20T14:00:00.000000000,209.1,288.10486
2021-11-20T15:00:00.000000000,210.36,289.49036
2021-11-20T16:00:00.000000000,210.65,287.7919
2021-11-20T17:00:00.000000000,215.24,285.64112
2021-11-20T18:00:00.000000000,235.32,284.38994
2021-11-20T19:00:00.000000000,238.91,282.15115
2021-11-20T20:00:00.000000000,237.99,282.47958
2021-11-20T21:00:00.000000000,232.99,283.5174
2021-11-20T22:00:00.000000000,235.95,286.03646
2021-11-20T23:00:00.000000000,259.52,286.76988
2021-11-18T00:00:00.000000000,219.81,237.0203
2021-11-18T01:00:00.000000000,214.95,228.13053
2021-11-18T02:00:00.000000000,212.2,212.98537
2021-11-18T03:00:00.000000000,209.38,201.61112
2021-11-18T04:00:00.000000000,204.98,195.00573
2021-11-18T05:00:00.000000000,192.09,192.47154
2021-11-18T06:00:00.000000000,176.83,192.34491
2021-11-18T07:00:00.000000000,160.69,193.85347
2021-11-18T08:00:00.000000000,155.41,199.18845
2021-11-18T09:00:00.000000000,162.89,208.1629
2021-11-18T10:00:00.000000000,185.91,214.7757
2021-11-18T11:00:00.000000000,207.54,217.18722
2021-11-18T12:00:00.000000000,222.79,216.22333
2021-11-18T13:00:00.000000000,244.8,218.19668
2021-11-18T14:00:00.000000000,258.14,222.86612
2021-11-18T15:00:00.000000000,251.73,228.97534
2021-11-18T16:00:00.000000000,214.28,231.57602
2021-11-18T17:00:00.000000000,204.36,235.98346
2021-11-18T18:00:00.000000000,231.63,243.55278
2021-11-18T19:00:00.000000000,240.97,247.88894
2021-11-18T20:00:00.000000000,247.79,253.47011
2021-11-18T21:00:00.000000000,249.74,255.66226
2021-11-18T22:00:00.000000000,253.79,257.09417
2021-11-18T23:00:00.000000000,282.49,256.79249
2021-11-19T00:00:00.000000000,321.4,264.41874
2021-11-19T01:00:00.000000000,316.83,257.38198
2021-11-19T02:00:00.000000000,309.95,244.71078
2021-11-19T03:00:00.000000000,312.91,233.87798
2021-11-19T04:00:00.000000000,315.94,226.31338
2021-11-19T05:00:00.000000000,304.85,222.42292
2021-11-19T06:00:00.000000000,295.32,221.65342
2021-11-19T07:00:00.000000000,284.59,223.37059
2021-11-19T08:00:00.000000000,275.32,228.67474
2021-11-19T09:00:00.000000000,268.12,238.52216
2021-11-19T10:00:00.000000000,251.69,246.90899
2021-11-19T11:00:00.000000000,235.88,252.04196
2021-11-19T12:00:00.000000000,235.03,253.06466
2021-11-19T13:00:00.000000000,242.96,255.1842
2021-11-19T14:00:00.000000000,244.04,260.14906
2021-11-19T15:00:00.000000000,229.37,266.67741
2021-11-19T16:00:00.000000000,220.19,270.01858
2021-11-19T17:00:00.000000000,221.19,274.37132
2021-11-19T18:00:00.000000000,221.58,280.47291
2021-11-19T19:00:00.000000000,218.44,283.90883
2021-11-19T20:00:00.000000000,216.01,288.12981
2021-11-19T21:00:00.000000000,210.45,290.35198
2021-11-19T22:00:00.000000000,205.3,293.5529
2021-11-19T23:00:00.000000000,217.31,294.19781
2021-11-20T00:00:00.000000000,233.42,289.84324
2021-11-20T01:00:00.000000000,225.54,284.7173
2021-11-20T02:00:00.000000000,220.12,274.27755
2021-11-20T03:00:00.000000000,218.62,264.41657
2021-11-20T04:00:00.000000000,215.82,254.93506
2021-11-20T05:00:00.000000000,209.49,247.28334
2021-11-20T06:00:00.000000000,198.98,239.95652
2021-11-20T07:00:00.000000000,186.59,234.31759
2021-11-20T08:00:00.000000000,181.25,231.41257
2021-11-20T09:00:00.000000000,179.51,233.04925
2021-11-20T10:00:00.000000000,178.39,233.55897
2021-11-20T11:00:00.000000000,181.1,233.7097
2021-11-20T12:00:00.000000000,185.04,232.47858
2021-11-20T13:00:00.000000000,198.15,233.40687
2021-11-20T14:00:00.000000000,209.1,237.59682
2021-11-20T15:00:00.000000000,210.36,243.53931
2021-11-20T16:00:00.000000000,210.65,247.28163
2021-11-20T17:00:00.000000000,215.24,251.14048
2021-11-20T18:00:00.000000000,235.32,256.85037
2021-11-20T19:00:00.000000000,238.91,260.38478
2021-11-20T20:00:00.000000000,237.99,265.84177
2021-11-20T21:00:00.000000000,232.99,270.31722
2021-11-20T22:00:00.000000000,235.95,275.09076
2021-11-20T23:00:00.000000000,259.52,277.95485
2021-11-21T00:00:00.000000000,285.41,271.54393
2021-11-21T01:00:00.000000000,258.54,265.00401
2021-11-21T02:00:00.000000000,228.21,253.39628
2021-11-21T03:00:00.000000000,213.47,243.63768
2021-11-21T04:00:00.000000000,204.43,235.8618
2021-11-21T05:00:00.000000000,195.26,230.62123
2021-11-21T06:00:00.000000000,185.26,227.01614
2021-11-21T07:00:00.000000000,181.13,225.13016
2021-11-21T08:00:00.000000000,180.2,226.43637
2021-11-21T09:00:00.000000000,179.59,232.40166
2021-11-21T10:00:00.000000000,183.69,237.5094
2021-11-21T11:00:00.000000000,191.6,240.80207
2021-11-21T12:00:00.000000000,203.74,241.60345
2021-11-21T13:00:00.000000000,218.89,244.52705
2021-11-21T14:00:00.000000000,226.16,250.72941
2021-11-21T15:00:00.000000000,232.59,258.56104
2021-11-21T16:00:00.000000000,214.38,263.17451
2021-11-21T17:00:00.000000000,209.73,268.24438
2021-11-21T18:00:00.000000000,212.57,274.94378
2021-11-21T19:00:00.000000000,215.87,278.92078
2021-11-21T20:00:00.000000000,213.66,284.18457
2021-11-21T21:00:00.000000000,203.68,287.2915
2021-11-21T22:00:00.000000000,200.85,290.81101
2021-11-21T23:00:00.000000000,230.18,291.3919
2021-11-19T00:00:00.000000000,321.4,292.28528
2021-11-19T01:00:00.000000000,316.83,279.70517
2021-11-19T02:00:00.000000000,309.95,259.55673
2021-11-19T03:00:00.000000000,312.91,240.81945
2021-11-19T04:00:00.000000000,315.94,223.08819
2021-11-19T05:00:00.000000000,304.85,209.67332
2021-11-19T06:00:00.000000000,295.32,201.04692
2021-11-19T07:00:00.000000000,284.59,196.27283
2021-11-19T08:00:00.000000000,275.32,196.66672
2021-11-19T09:00:00.000000000,268.12,203.5917
2021-11-19T10:00:00.000000000,251.69,211.47158
2021-11-19T11:00:00.000000000,235.88,219.51976
2021-11-19T12:00:00.000000000,235.03,225.08109
2021-11-19T13:00:00.000000000,242.96,231.68666
2021-11-19T14:00:00.000000000,244.04,240.52275
2021-11-19T15:00:00.000000000,229.37,250.58776
2021-11-19T16:00:00.000000000,220.19,256.1527
2021-11-19T17:00:00.000000000,221.19,259.07187
2021-11-19T18:00:00.000000000,221.58,261.34171
2021-11-19T19:00:00.000000000,218.44,259.05277
2021-11-19T20:00:00.000000000,216.01,258.73676
2021-11-19T21:00:00.000000000,210.45,257.63875
2021-11-19T22:00:00.000000000,205.3,258.11667
2021-11-19T23:00:00.000000000,217.31,258.37889
2021-11-20T00:00:00.000000000,233.42,261.25433
2021-11-20T01:00:00.000000000,225.54,254.48423
2021-11-20T02:00:00.000000000,220.12,241.04139
2021-11-20T03:00:00.000000000,218.62,229.47641
2021-11-20T04:00:00.000000000,215.82,220.49226
2021-11-20T05:00:00.000000000,209.49,215.11553
2021-11-20T06:00:00.000000000,198.98,211.25712
2021-11-20T07:00:00.000000000,186.59,209.48187
2021-11-20T08:00:00.000000000,181.25,211.23642
2021-11-20T09:00:00.000000000,179.51,218.34335
2021-11-20T10:00:00.000000000,178.39,224.83865
2021-11-20T11:00:00.000000000,181.1,229.33657
2021-11-20T12:00:00.000000000,185.04,231.13264
2021-11-20T13:00:00.000000000,198.15,234.92447
2021-11-20T14:00:00.000000000,209.1,242.45206
2021-11-20T15:00:00.000000000,210.36,251.39411
2021-11-20T16:00:00.000000000,210.65,256.78796
2021-11-20T17:00:00.000000000,215.24,262.88164
2021-11-20T18:00:00.000000000,235.32,270.70711
2021-11-20T19:00:00.000000000,238.91,275.5068
2021-11-20T20:00:00.000000000,237.99,281.66759
2021-11-20T21:00:00.000000000,232.99,286.09604
2021-11-20T22:00:00.000000000,235.95,291.1831
2021-11-20T23:00:00.000000000,259.52,293.77593
2021-11-21T00:00:00.000000000,285.41,277.57638
2021-11-21T01:00:00.000000000,258.54,270.27188
2021-11-21T02:00:00.000000000,228.21,257.8169
2021-11-21T03:00:00.000000000,213.47,247.09566
2021-11-21T04:00:00.000000000,204.43,237.99943
2021-11-21T05:00:00.000000000,195.26,231.33361
2021-11-21T06:00:00.000000000,185.26,226.52326
2021-11-21T07:00:00.000000000,181.13,223.65039
2021-11-21T08:00:00.000000000,180.2,224.33751
2021-11-21T09:00:00.000000000,179.59,230.09768
2021-11-21T10:00:00.000000000,183.69,235.57223
2021-11-21T11:00:00.000000000,191.6,239.80327
2021-11-21T12:00:00.000000000,203.74,241.60886
2021-11-21T13:00:00.000000000,218.89,245.37967
2021-11-21T14:00:00.000000000,226.16,252.33947
2021-11-21T15:00:00.000000000,232.59,260.88763
2021-11-21T16:00:00.000000000,214.38,265.9357
2021-11-21T17:00:00.000000000,209.73,270.85426
2021-11-21T18:00:00.000000000,212.57,276.83541
2021-11-21T19:00:00.000000000,215.87,279.74268
2021-11-21T20:00:00.000000000,213.66,283.98953
2021-11-21T21:00:00.000000000,203.68,286.38347
2021-11-21T22:00:00.000000000,200.85,289.36249
2021-11-21T23:00:00.000000000,230.18,289.58702
2021-11-22T00:00:00.000000000,288.54,315.03165
2021-11-22T01:00:00.000000000,317.14,308.60985
2021-11-22T02:00:00.000000000,337.81,298.75925
2021-11-22T03:00:00.000000000,340.98,289.18969
2021-11-22T04:00:00.000000000,347.31,280.32463
2021-11-22T05:00:00.000000000,342.96,272.60087
2021-11-22T06:00:00.000000000,326.92,266.71524
2021-11-22T07:00:00.000000000,314.22,262.93956
2021-11-22T08:00:00.000000000,314.97,262.04774
2021-11-22T09:00:00.000000000,308.0,265.2655
2021-11-22T10:00:00.000000000,308.8,267.54697
2021-11-22T11:00:00.000000000,314.86,270.00383
2021-11-22T12:00:00.000000000,322.77,270.99868
2021-11-22T13:00:00.000000000,329.09,273.30576
2021-11-22T14:00:00.000000000,334.79,279.57864
2021-11-22T15:00:00.000000000,309.96,287.99068
2021-11-22T16:00:00.000000000,296.75,293.46128
2021-11-22T17:00:00.000000000,294.54,297.56371
2021-11-22T18:00:00.000000000,298.6,301.76427
2021-11-22T19:00:00.000000000,307.99,303.86212
2021-11-22T20:00:00.000000000,307.74,306.13693
2021-11-22T21:00:00.000000000,308.02,307.27746
2021-11-22T22:00:00.000000000,319.89,309.11784
2021-11-22T23:00:00.000000000,349.4,308.03035
2021-11-20T00:00:00.000000000,233.42,244.81039
2021-11-20T01:00:00.000000000,225.54,235.65852
2021-11-20T02:00:00.000000000,220.12,219.91701
2021-11-20T03:00:00.000000000,218.62,206.99626
2021-11-20T04:00:00.000000000,215.82,198.02836
2021-11-20T05:00:00.000000000,209.49,194.34337
2021-11-20T06:00:00.000000000,198.98,195.05457
2021-11-20T07:00:00.000000000,186.59,198.83746
2021-11-20T08:00:00.000000000,181.25,206.56165
2021-11-20T09:00:00.000000000,179.51,219.52419
2021-11-20T10:00:00.000000000,178.39,231.52162
2021-11-20T11:00:00.000000000,181.1,239.84205
2021-11-20T12:00:00.000000000,185.04,244.37654
2021-11-20T13:00:00.000000000,198.15,250.46922
2021-11-20T14:00:00.000000000,209.1,260.08134
2021-11-20T15:00:00.000000000,210.36,271.10965
2021-11-20T16:00:00.000000000,210.65,277.13183
2021-11-20T17:00:00.000000000,215.24,283.21668
2021-11-20T18:00:00.000000000,235.32,290.2871
2021-11-20T19:00:00.000000000,238.91,293.56768
2021-11-20T20:00:00.000000000,237.99,297.05846
2021-11-20T21:00:00.000000000,232.99,297.64063
2021-11-20T22:00:00.000000000,235.95,299.67412
2021-11-20T23:00:00.000000000,259.52,298.92942
2021-11-21T00:00:00.000000000,285.41,282.24721
2021-11-21T01:00:00.000000000,258.54,273.69602
2021-11-21T02:00:00.000000000,228.21,259.13049
2021-11-21T03:00:00.000000000,213.47,246.06345
2021-11-21T04:00:00.000000000,204.43,234.99122
2021-11-21T05:00:00.000000000,195.26,227.03617
2021-11-21T06:00:00.000000000,185.26,222.30234
2021-11-21T07:00:00.000000000,181.13,220.46974
2021-11-21T08:00:00.000000000,180.2,222.9796
2021-11-21T09:00:00.000000000,179.59,231.11653
2021-11-21T10:00:00.000000000,183.69,239.34928
2021-11-21T11:00:00.000000000,191.6,245.64042
2021-11-21T12:00:00.000000000,203.74,248.16424
2021-11-21T13:00:00.000000000,218.89,251.88044
2021-11-21T14:00:00.000000000,226.16,258.36299
2021-11-21T15:00:00.000000000,232.59,266.54857
2021-11-21T16:00:00.000000000,214.38,271.0446
2021-11-21T17:00:00.000000000,209.73,275.47306
2021-11-21T18:00:00.000000000,212.57,280.43222
2021-11-21T19:00:00.000000000,215.87,282.36736
2021-11-21T20:00:00.000000000,213.66,285.93876
2021-11-21T21:00:00.000000000,203.68,288.08263
2021-11-21T22:00:00.000000000,200.85,291.50428
2021-11-21T23:00:00.000000000,230.18,291.9538
2021-11-22T00:00:00.000000000,288.54,312.2216
2021-11-22T01:00:00.000000000,317.14,307.18268
2021-11-22T02:00:00.000000000,337.81,296.3556
2021-11-22T03:00:00.000000000,340.98,284.50925
2021-11-22T04:00:00.000000000,347.31,274.46529
2021-11-22T05:00:00.000000000,342.96,267.57643
2021-11-22T06:00:00.000000000,326.92,264.68711
2021-11-22T07:00:00.000000000,314.22,265.88147
2021-11-22T08:00:00.000000000,314.97,271.15666
2021-11-22T09:00:00.000000000,308.0,281.06959
2021-11-22T10:00:00.000000000,308.8,289.53687
2021-11-22T11:00:00.000000000,314.86,295.01082
2021-11-22T12:00:00.000000000,322.77,294.64817
2021-11-22T13:00:00.000000000,329.09,293.40159
2021-11-22T14:00:00.000000000,334.79,295.40764
2021-11-22T15:00:00.000000000,309.96,299.28556
2021-11-22T16:00:00.000000000,296.75,300.76633
2021-11-22T17:00:00.000000000,294.54,302.6775
2021-11-22T18:00:00.000000000,298.6,305.54681
2021-11-22T19:00:00.000000000,307.99,307.83034
2021-11-22T20:00:00.000000000,307.74,312.3324
2021-11-22T21:00:00.000000000,308.02,317.73716
2021-11-22T22:00:00.000000000,319.89,325.14847
2021-11-22T23:00:00.000000000,349.4,328.95545
2021-11-23T00:00:00.000000000,381.56,310.84447
2021-11-23T01:00:00.000000000,375.49,307.19347
2021-11-23T02:00:00.000000000,362.8,299.53107
2021-11-23T03:00:00.000000000,349.49,291.61173
2021-11-23T04:00:00.000000000,332.77,281.88438
2021-11-23T05:00:00.000000000,307.3,272.65103
2021-11-23T06:00:00.000000000,274.71,262.67882
2021-11-23T07:00:00.000000000,250.34,253.76308
2021-11-23T08:00:00.000000000,230.21,246.76025
2021-11-23T09:00:00.000000000,216.59,244.05033
2021-11-23T10:00:00.000000000,218.27,239.85799
2021-11-23T11:00:00.000000000,226.41,235.14877
2021-11-23T12:00:00.000000000,234.47,229.17702
2021-11-23T13:00:00.000000000,251.57,225.39774
2021-11-23T14:00:00.000000000,259.05,223.2808
2021-11-23T15:00:00.000000000,238.39,222.5733
2021-11-23T16:00:00.000000000,243.07,221.06637
2021-11-23T17:00:00.000000000,235.22,220.74008
2021-11-23T18:00:00.000000000,227.27,223.98055
2021-11-23T19:00:00.000000000,222.7,226.5034
2021-11-23T20:00:00.000000000,217.32,231.39536
2021-11-23T21:00:00.000000000,210.57,235.32017
2021-11-23T22:00:00.000000000,207.16,239.03566
2021-11-23T23:00:00.000000000,211.65,241.82964
2021-11-21T00:00:00.000000000,285.41,261.80292
2021-11-21T01:00:00.000000000,258.54,253.35421
2021-11-21T02:00:00.000000000,228.21,237.78627
2021-11-21T03:00:00.000000000,213.47,224.60316
2021-11-21T04:00:00.000000000,204.43,215.33667
2021-11-21T05:00:00.000000000,195.26,209.80059
2021-11-21T06:00:00.000000000,185.26,206.11908
2021-11-21T07:00:00.000000000,181.13,204.82385
2021-11-21T08:00:00.000000000,180.2,207.63204
2021-11-21T09:00:00.000000000,179.59,214.98089
2021-11-21T10:00:00.000000000,183.69,220.65351
2021-11-21T11:00:00.000000000,191.6,223.42267
2021-11-21T12:00:00.000000000,203.74,223.2301
2021-11-21T13:00:00.000000000,218.89,225.34667
2021-11-21T14:00:00.000000000,226.16,231.14283
2021-11-21T15:00:00.000000000,232.59,238.42634
2021-11-21T16:00:00.000000000,214.38,242.60033
2021-11-21T17:00:00.000000000,209.73,248.34642
2021-11-21T18:00:00.000000000,212.57,256.65077
2021-11-21T19:00:00.000000000,215.87,262.39149
2021-11-21T20:00:00.000000000,213.66,269.53797
2021-11-21T21:00:00.000000000,203.68,274.59991
2021-11-21T22:00:00.000000000,200.85,279.43547
2021-11-21T23:00:00.000000000,230.18,281.92047
2021-11-22T00:00:00.000000000,288.54,313.18453
2021-11-22T01:00:00.000000000,317.14,308.1984
2021-11-22T02:00:00.000000000,337.81,297.40601
2021-11-22T03:00:00.000000000,340.98,285.74176
2021-11-22T04:00:00.000000000,347.31,275.73212
2021-11-22T05:00:00.000000000,342.96,268.40179
2021-11-22T06:00:00.000000000,326.92,264.71237
2021-11-22T07:00:00.000000000,314.22,264.6463
2021-11-22T08:00:00.000000000,314.97,268.39513
2021-11-22T09:00:00.000000000,308.0,276.73582
2021-11-22T10:00:00.000000000,308.8,283.92673
2021-11-22T11:00:00.000000000,314.86,288.83192
2021-11-22T12:00:00.000000000,322.77,289.11348
2021-11-22T13:00:00.000000000,329.09,289.46654
2021-11-22T14:00:00.000000000,334.79,293.49163
2021-11-22T15:00:00.000000000,309.96,299.11752
2021-11-22T16:00:00.000000000,296.75,301.76321
2021-11-22T17:00:00.000000000,294.54,304.30806
2021-11-22T18:00:00.000000000,298.6,307.73999
2021-11-22T19:00:00.000000000,307.99,310.42524
2021-11-22T20:00:00.000000000,307.74,315.0355
2021-11-22T21:00:00.000000000,308.02,320.25481
2021-11-22T22:00:00.000000000,319.89,327.35091
2021-11-22T23:00:00.000000000,349.4,330.70411
2021-11-23T00:00:00.000000000,381.56,316.39396
2021-11-23T01:00:00.000000000,375.49,312.39812
2021-11-23T02:00:00.000000000,362.8,303.92691
2021-11-23T03:00:00.000000000,349.49,294.96294
2021-11-23T04:00:00.000000000,332.77,283.96644
2021-11-23T05:00:00.000000000,307.3,272.96506
2021-11-23T06:00:00.000000000,274.71,260.80613
2021-11-23T07:00:00.000000000,250.34,249.72921
2021-11-23T08:00:00.000000000,230.21,241.22512
2021-11-23T09:00:00.000000000,216.59,237.90182
2021-11-23T10:00:00.000000000,218.27,234.4268
2021-11-23T11:00:00.000000000,226.41,232.35589
2021-11-23T12:00:00.000000000,234.47,229.85427
2021-11-23T13:00:00.000000000,251.57,229.68499
2021-11-23T14:00:00.000000000,259.05,232.34275
2021-11-23T15:00:00.000000000,238.39,236.44254
2021-11-23T16:00:00.000000000,243.07,239.13344
2021-11-23T17:00:00.000000000,235.22,241.57074
2021-11-23T18:00:00.000000000,227.27,246.08572
2021-11-23T19:00:00.000000000,222.7,248.86321
2021-11-23T20:00:00.000000000,217.32,254.02927
2021-11-23T21:00:00.000000000,210.57,258.90362
2021-11-23T22:00:00.000000000,207.16,263.85068
2021-11-23T23:00:00.000000000,211.65,267.34876
2021-11-24T00:00:00.000000000,219.42,257.20687
2021-11-24T01:00:00.000000000,220.81,252.08529
2021-11-24T02:00:00.000000000,213.56,241.20344
2021-11-24T03:00:00.000000000,208.52,232.66886
2021-11-24T04:00:00.000000000,202.0,227.15529
2021-11-24T05:00:00.000000000,184.19,223.80653
2021-11-24T06:00:00.000000000,156.87,219.71001
2021-11-24T07:00:00.000000000,140.4,216.18121
2021-11-24T08:00:00.000000000,136.28,215.62777
2021-11-24T09:00:00.000000000,134.94,218.42925
2021-11-24T10:00:00.000000000,135.92,218.93844
2021-11-24T11:00:00.000000000,133.78,216.79589
2021-11-24T12:00:00.000000000,132.11,212.28967
2021-11-24T13:00:00.000000000,145.88,211.01376
2021-11-24T14:00:00.000000000,167.06,212.92546
2021-11-24T15:00:00.000000000,177.55,216.51653
2021-11-24T16:00:00.000000000,185.4,218.23263
2021-11-24T17:00:00.000000000,174.74,222.50305
2021-11-24T18:00:00.000000000,176.79,230.595
2021-11-24T19:00:00.000000000,198.37,236.69511
2021-11-24T20:00:00.000000000,236.75,245.20722
2021-11-24T21:00:00.000000000,257.95,251.7178
2021-11-24T22:00:00.000000000,266.02,256.88126
2021-11-24T23:00:00.000000000,276.51,260.07433
2021-11-22T00:00:00.000000000,288.54,268.97309
2021-11-22T01:00:00.000000000,317.14,263.27686
2021-11-22T02:00:00.000000000,337.81,252.43221
2021-11-22T03:00:00.000000000,340.98,242.86841
2021-11-22T04:00:00.000000000,347.31,235.72109
2021-11-22T05:00:00.000000000,342.96,232.21858
2021-11-22T06:00:00.000000000,326.92,231.68394
2021-11-22T07:00:00.000000000,314.22,233.50666
2021-11-22T08:00:00.000000000,314.97,238.3909
2021-11-22T09:00:00.000000000,308.0,247.63921
2021-11-22T10:00:00.000000000,308.8,255.59133
2021-11-22T11:00:00.000000000,314.86,261.44438
2021-11-22T12:00:00.000000000,322.77,263.58998
2021-11-22T13:00:00.000000000,329.09,266.51672
2021-11-22T14:00:00.000000000,334.79,272.05003
2021-11-22T15:00:00.000000000,309.96,278.45603
2021-11-22T16:00:00.000000000,296.75,280.62311
2021-11-22T17:00:00.000000000,294.54,281.98452
2021-11-22T18:00:00.000000000,298.6,284.1943
2021-11-22T19:00:00.000000000,307.99,283.67184
2021-11-22T20:00:00.000000000,307.74,284.45571
2021-11-22T21:00:00.000000000,308.02,284.5929
2021-11-22T22:00:00.000000000,319.89,286.52978
2021-11-22T23:00:00.000000000,349.4,287.20002
2021-11-23T00:00:00.000000000,381.56,304.5135
2021-11-23T01:00:00.000000000,375.49,301.84553
2021-11-23T02:00:00.000000000,362.8,294.79336
2021-11-23T03:00:00.000000000,349.49,287.27861
2021-11-23T04:00:00.000000000,332.77,277.70376
2021-11-23T05:00:00.000000000,307.3,268.08187
2021-11-23T06:00:00.000000000,274.71,256.7444
2021-11-23T07:00:00.000000000,250.34,246.33525
2021-11-23T08:00:00.000000000,230.21,238.03974
2021-11-23T09:00:00.000000000,216.59,234.20467
2021-11-23T10:00:00.000000000,218.27,229.1747
2021-11-23T11:00:00.000000000,226.41,224.89509
2021-11-23T12:00:00.000000000,234.47,220.59552
2021-11-23T13:00:00.000000000,251.57,219.36208
2021-11-23T14:00:00.000000000,259.05,220.61494
2021-11-23T15:00:00.000000000,238.39,223.40942
2021-11-23T16:00:00.000000000,243.07,224.62328
2021-11-23T17:00:00.000000000,235.22,225.84806
2021-11-23T18:00:00.000000000,227.27,229.80079
2021-11-23T19:00:00.000000000,222.7,232.0203
2021-11-23T20:00:00.000000000,217.32,236.31721
2021-11-23T21:00:00.000000000,210.57,240.20543
2021-11-23T22:00:00.000000000,207.16,244.07965
2021-11-23T23:00:00.000000000,211.65,247.08112
2021-11-24T00:00:00.000000000,219.42,234.75394
2021-11-24T01:00:00.000000000,220.81,228.24635
2021-11-24T02:00:00.000000000,213.56,215.86101
2021-11-24T03:00:00.000000000,208.52,206.97137
2021-11-24T04:00:00.000000000,202.0,202.33173
2021-11-24T05:00:00.000000000,184.19,200.72167
2021-11-24T06:00:00.000000000,156.87,199.1183
2021-11-24T07:00:00.000000000,140.4,197.63433
2021-11-24T08:00:00.000000000,136.28,199.77672
2021-11-24T09:00:00.000000000,134.94,204.80825
2021-11-24T10:00:00.000000000,135.92,207.3453
2021-11-24T11:00:00.000000000,133.78,205.80859
2021-11-24T12:00:00.000000000,132.11,200.67951
2021-11-24T13:00:00.000000000,145.88,199.06894
2021-11-24T14:00:00.000000000,167.06,199.68998
2021-11-24T15:00:00.000000000,177.55,201.82842
2021-11-24T16:00:00.000000000,185.4,201.46285
2021-11-24T17:00:00.000000000,174.74,203.92406
2021-11-24T18:00:00.000000000,176.79,210.57933
2021-11-24T19:00:00.000000000,198.37,214.40272
2021-11-24T20:00:00.000000000,236.75,220.91681
2021-11-24T21:00:00.000000000,257.95,224.87086
2021-11-24T22:00:00.000000000,266.02,227.12176
2021-11-24T23:00:00.000000000,276.51,228.50255
2021-11-25T00:00:00.000000000,295.59,265.60165
2021-11-25T01:00:00.000000000,294.54,257.95566
2021-11-25T02:00:00.000000000,285.31,244.03639
2021-11-25T03:00:00.000000000,265.88,231.60781
2021-11-25T04:00:00.000000000,252.52,222.07404
2021-11-25T05:00:00.000000000,229.22,217.12771
2021-11-25T06:00:00.000000000,195.04,216.12451
2021-11-25T07:00:00.000000000,175.75,218.21719
2021-11-25T08:00:00.000000000,158.8,224.42701
2021-11-25T09:00:00.000000000,158.13,236.30576
2021-11-25T10:00:00.000000000,152.98,247.98544
2021-11-25T11:00:00.000000000,156.31,256.30148
2021-11-25T12:00:00.000000000,165.69,259.49414
2021-11-25T13:00:00.000000000,174.5,263.05845
2021-11-25T14:00:00.000000000,197.84,269.61577
2021-11-25T15:00:00.000000000,215.04,277.92576
2021-11-25T16:00:00.000000000,224.78,282.19672
2021-11-25T17:00:00.000000000,227.67,286.9166
2021-11-25T18:00:00.000000000,228.49,292.15015
2021-11-25T19:00:00.000000000,217.06,294.28092
2021-11-25T20:00:00.000000000,190.38,297.50297
2021-11-25T21:00:00.000000000,192.94,299.27874
2021-11-25T22:00:00.000000000,197.91,303.1316
2021-11-25T23:00:00.000000000,237.2,303.99311
2021-11-23T00:00:00.000000000,381.56,324.01687
2021-11-23T01:00:00.000000000,375.49,315.87999
2021-11-23T02:00:00.000000000,362.8,301.6792
2021-11-23T03:00:00.000000000,349.49,286.79236
2021-11-23T04:00:00.000000000,332.77,268.50383
2021-11-23T05:00:00.000000000,307.3,251.13271
2021-11-23T06:00:00.000000000,274.71,234.99231
2021-11-23T07:00:00.000000000,250.34,221.51936
2021-11-23T08:00:00.000000000,230.21,211.9406
2021-11-23T09:00:00.000000000,216.59,209.31331
2021-11-23T10:00:00.000000000,218.27,208.26477
2021-11-23T11:00:00.000000000,226.41,210.67557
2021-11-23T12:00:00.000000000,234.47,213.86096
2021-11-23T13:00:00.000000000,251.57,219.44678
2021-11-23T14:00:00.000000000,259.05,227.2226
2021-11-23T15:00:00.000000000,238.39,236.24078
2021-11-23T16:00:00.000000000,243.07,241.99692
2021-11-23T17:00:00.000000000,235.22,244.30755
2021-11-23T18:00:00.000000000,227.27,246.46602
2021-11-23T19:00:00.000000000,222.7,244.5893
2021-11-23T20:00:00.000000000,217.32,244.76417
2021-11-23T21:00:00.000000000,210.57,245.03558
2021-11-23T22:00:00.000000000,207.16,246.6276
2021-11-23T23:00:00.000000000,211.65,248.17427
2021-11-24T00:00:00.000000000,219.42,221.4854
2021-11-24T01:00:00.000000000,220.81,215.27532
2021-11-24T02:00:00.000000000,213.56,202.36738
2021-11-24T03:00:00.000000000,208.52,193.33987
2021-11-24T04:00:00.000000000,202.0,189.19684
2021-11-24T05:00:00.000000000,184.19,188.29043
2021-11-24T06:00:00.000000000,156.87,186.64628
2021-11-24T07:00:00.000000000,140.4,184.79151
2021-11-24T08:00:00.000000000,136.28,186.72774
2021-11-24T09:00:00.000000000,134.94,191.211
2021-11-24T10:00:00.000000000,135.92,192.82521
2021-11-24T11:00:00.000000000,133.78,189.64369
2021-11-24T12:00:00.000000000,132.11,183.04788
2021-11-24T13:00:00.000000000,145.88,180.91578
2021-11-24T14:00:00.000000000,167.06,181.46244
2021-11-24T15:00:00.000000000,177.55,183.5401
2021-11-24T16:00:00.000000000,185.4,183.10871
2021-11-24T17:00:00.000000000,174.74,186.4789
2021-11-24T18:00:00.000000000,176.79,194.98146
2021-11-24T19:00:00.000000000,198.37,200.64894
2021-11-24T20:00:00.000000000,236.75,209.3371
2021-11-24T21:00:00.000000000,257.95,215.25913
2021-11-24T22:00:00.000000000,266.02,218.78738
2021-11-24T23:00:00.000000000,276.51,221.30174
2021-11-25T00:00:00.000000000,295.59,261.45441
2021-11-25T01:00:00.000000000,294.54,254.23777
2021-11-25T02:00:00.000000000,285.31,242.38419
2021-11-25T03:00:00.000000000,265.88,233.04362
2021-11-25T04:00:00.000000000,252.52,226.24625
2021-11-25T05:00:00.000000000,229.22,222.0858
2021-11-25T06:00:00.000000000,195.04,220.09085
2021-11-25T07:00:00.000000000,175.75,219.82121
2021-11-25T08:00:00.000000000,158.8,223.13443
2021-11-25T09:00:00.000000000,158.13,231.42476
2021-11-25T10:00:00.000000000,152.98,239.22982
2021-11-25T11:00:00.000000000,156.31,244.64914
2021-11-25T12:00:00.000000000,165.69,246.94216
2021-11-25T13:00:00.000000000,174.5,251.27312
2021-11-25T14:00:00.000000000,197.84,258.62287
2021-11-25T15:00:00.000000000,215.04,267.51849
2021-11-25T16:00:00.000000000,224.78,272.44482
2021-11-25T17:00:00.000000000,227.67,277.69266
2021-11-25T18:00:00.000000000,228.49,284.16896
2021-11-25T19:00:00.000000000,217.06,287.27722
2021-11-25T20:00:00.000000000,190.38,291.02626
2021-11-25T21:00:00.000000000,192.94,292.07127
2021-11-25T22:00:00.000000000,197.91,293.75588
2021-11-25T23:00:00.000000000,237.2,292.2895
2021-11-26T00:00:00.000000000,303.32,320.30523
2021-11-26T01:00:00.000000000,315.28,321.0856
2021-11-26T02:00:00.000000000,323.41,317.23078
2021-11-26T03:00:00.000000000,327.4,311.42339
2021-11-26T04:00:00.000000000,322.21,306.58628
2021-11-26T05:00:00.000000000,306.62,302.8841
2021-11-26T06:00:00.000000000,304.87,301.52323
2021-11-26T07:00:00.000000000,305.0,302.69404
2021-11-26T08:00:00.000000000,308.87,306.46595
2021-11-26T09:00:00.000000000,312.66,313.21705
2021-11-26T10:00:00.000000000,307.1,317.4539
2021-11-26T11:00:00.000000000,303.19,317.9771
2021-11-26T12:00:00.000000000,303.43,313.2188
2021-11-26T13:00:00.000000000,309.74,309.54296
2021-11-26T14:00:00.000000000,318.14,310.16431
2021-11-26T15:00:00.000000000,304.52,311.69857
2021-11-26T16:00:00.000000000,299.67,309.88949
2021-11-26T17:00:00.000000000,300.23,307.87798
2021-11-26T18:00:00.000000000,301.6,308.24042
2021-11-26T19:00:00.000000000,294.36,309.99311
2021-11-26T20:00:00.000000000,289.53,314.94534
2021-11-26T21:00:00.000000000,299.15,322.24033
2021-11-26T22:00:00.000000000,313.45,331.33238
2021-11-26T23:00:00.000000000,326.83,337.11194
2021-11-24T00:00:00.000000000,219.42,174.46824
2021-11-24T01:00:00.000000000,220.81,168.60291
2021-11-24T02:00:00.000000000,213.56,155.77268
2021-11-24T03:00:00.000000000,208.52,147.78939
2021-11-24T04:00:00.000000000,202.0,146.62246
2021-11-24T05:00:00.000000000,184.19,151.59201
2021-11-24T06:00:00.000000000,156.87,156.45818
2021-11-24T07:00:00.000000000,140.4,160.35979
2021-11-24T08:00:00.000000000,136.28,168.06276
2021-11-24T09:00:00.000000000,134.94,177.00342
2021-11-24T10:00:00.000000000,135.92,181.88754
2021-11-24T11:00:00.000000000,133.78,179.1852
2021-11-24T12:00:00.000000000,132.11,171.23456
2021-11-24T13:00:00.000000000,145.88,167.7526
2021-11-24T14:00:00.000000000,167.06,167.27394
2021-11-24T15:00:00.000000000,177.55,168.49537
2021-11-24T16:00:00.000000000,185.4,166.15238
2021-11-24T17:00:00.000000000,174.74,168.25142
2021-11-24T18:00:00.000000000,176.79,176.0214
2021-11-24T19:00:00.000000000,198.37,179.92601
2021-11-24T20:00:00.000000000,236.75,186.59058
2021-11-24T21:00:00.000000000,257.95,189.95593
2021-11-24T22:00:00.000000000,266.02,190.98064
2021-11-24T23:00:00.000000000,276.51,192.6786
2021-11-25T00:00:00.000000000,295.59,239.79874
2021-11-25T01:00:00.000000000,294.54,232.96468
2021-11-25T02:00:00.000000000,285.31,222.18814
2021-11-25T03:00:00.000000000,265.88,214.96023
2021-11-25T04:00:00.000000000,252.52,211.07884
2021-11-25T05:00:00.000000000,229.22,210.1089
2021-11-25T06:00:00.000000000,195.04,210.79185
2021-11-25T07:00:00.000000000,175.75,212.30123
2021-11-25T08:00:00.000000000,158.8,216.7243
2021-11-25T09:00:00.000000000,158.13,224.69587
2021-11-25T10:00:00.000000000,152.98,230.89685
2021-11-25T11:00:00.000000000,156.31,233.96186
2021-11-25T12:00:00.000000000,165.69,234.65975
2021-11-25T13:00:00.000000000,174.5,238.49619
2021-11-25T14:00:00.000000000,197.84,245.54019
2021-11-25T15:00:00.000000000,215.04,254.13278
2021-11-25T16:00:00.000000000,224.78,258.50901
2021-11-25T17:00:00.000000000,227.67,263.52164
2021-11-25T18:00:00.000000000,228.49,270.70926
2021-11-25T19:00:00.000000000,217.06,274.31584
2021-11-25T20:00:00.000000000,190.38,278.31775
2021-11-25T21:00:00.000000000,192.94,278.52477
2021-11-25T22:00:00.000000000,197.91,278.36362
2021-11-25T23:00:00.000000000,237.2,275.47192
2021-11-26T00:00:00.000000000,303.32,302.44048
2021-11-26T01:00:00.000000000,315.28,298.92865
2021-11-26T02:00:00.000000000,323.41,289.74608
2021-11-26T03:00:00.000000000,327.4,279.8181
2021-11-26T04:00:00.000000000,322.21,272.85555
2021-11-26T05:00:00.000000000,306.62,268.98989
2021-11-26T06:00:00.000000000,304.87,268.68961
2021-11-26T07:00:00.000000000,305.0,272.00422
2021-11-26T08:00:00.000000000,308.87,278.91121
2021-11-26T09:00:00.000000000,312.66,289.75127
2021-11-26T10:00:00.000000000,307.1,298.24384
2021-11-26T11:00:00.000000000,303.19,302.45277
2021-11-26T12:00:00.000000000,303.43,300.53229
2021-11-26T13:00:00.000000000,309.74,298.33852
2021-11-26T14:00:00.000000000,318.14,299.76102
2021-11-26T15:00:00.000000000,304.52,302.72291
2021-11-26T16:00:00.000000000,299.67,303.19379
2021-11-26T17:00:00.000000000,300.23,305.19457
2021-11-26T18:00:00.000000000,301.6,309.23338
2021-11-26T19:00:00.000000000,294.36,313.57273
2021-11-26T20:00:00.000000000,289.53,319.92625
2021-11-26T21:00:00.000000000,299.15,326.78018
2021-11-26T22:00:00.000000000,313.45,335.4721
2021-11-26T23:00:00.000000000,326.83,339.84215
2021-11-27T00:00:00.000000000,330.72,357.50002
2021-11-27T01:00:00.000000000,305.09,352.39621
2021-11-27T02:00:00.000000000,277.48,346.00576
2021-11-27T03:00:00.000000000,254.58,340.66107
2021-11-27T04:00:00.000000000,245.36,337.72571
2021-11-27T05:00:00.000000000,247.4,334.68199
2021-11-27T06:00:00.000000000,249.84,333.39168
2021-11-27T07:00:00.000000000,255.02,334.23913
2021-11-27T08:00:00.000000000,258.76,338.26255
2021-11-27T09:00:00.000000000,266.32,347.10998
2021-11-27T10:00:00.000000000,269.5,356.56728
2021-11-27T11:00:00.000000000,277.0,364.49794
2021-11-27T12:00:00.000000000,296.36,366.7341
2021-11-27T13:00:00.000000000,303.51,366.73978
2021-11-27T14:00:00.000000000,314.01,369.48553
2021-11-27T15:00:00.000000000,316.49,373.62814
2021-11-27T16:00:00.000000000,324.18,372.53309
2021-11-27T17:00:00.000000000,329.73,370.16362
2021-11-27T18:00:00.000000000,337.43,366.7555
2021-11-27T19:00:00.000000000,338.76,362.97803
2021-11-27T20:00:00.000000000,334.87,360.79285
2021-11-27T21:00:00.000000000,335.21,359.02558
2021-11-27T22:00:00.000000000,340.65,358.77253
2021-11-27T23:00:00.000000000,349.38,355.86798
2021-11-25T00:00:00.000000000,295.59,289.41826
2021-11-25T01:00:00.000000000,294.54,283.5169
2021-11-25T02:00:00.000000000,285.31,272.5047
2021-11-25T03:00:00.000000000,265.88,262.39116
2021-11-25T04:00:00.000000000,252.52,253.773
2021-11-25T05:00:00.000000000,229.22,246.66226
2021-11-25T06:00:00.000000000,195.04,239.87783
2021-11-25T07:00:00.000000000,175.75,234.76556
2021-11-25T08:00:00.000000000,158.8,233.24024
2021-11-25T09:00:00.000000000,158.13,236.40762
2021-11-25T10:00:00.000000000,152.98,238.35948
2021-11-25T11:00:00.000000000,156.31,239.23929
2021-11-25T12:00:00.000000000,165.69,237.52578
2021-11-25T13:00:00.000000000,174.5,237.56649
2021-11-25T14:00:00.000000000,197.84,240.39454
2021-11-25T15:00:00.000000000,215.04,244.79788
2021-11-25T16:00:00.000000000,224.78,247.13015
2021-11-25T17:00:00.000000000,227.67,250.15443
2021-11-25T18:00:00.000000000,228.49,255.20511
2021-11-25T19:00:00.000000000,217.06,258.03391
2021-11-25T20:00:00.000000000,190.38,262.1673
2021-11-25T21:00:00.000000000,192.94,265.34803
2021-11-25T22:00:00.000000000,197.91,268.76597
2021-11-25T23:00:00.000000000,237.2,270.76808
2021-11-26T00:00:00.000000000,303.32,298.95205
2021-11-26T01:00:00.000000000,315.28,302.17768
2021-11-26T02:00:00.000000000,323.41,300.88372
2021-11-26T03:00:00.000000000,327.4,297.86942
2021-11-26T04:00:00.000000000,322.21,297.05149
2021-11-26T05:00:00.000000000,306.62,297.72909
2021-11-26T06:00:00.000000000,304.87,300.20435
2021-11-26T07:00:00.000000000,305.0,304.58353
2021-11-26T08:00:00.000000000,308.87,310.67179
2021-11-26T09:00:00.000000000,312.66,318.88616
2021-11-26T10:00:00.000000000,307.1,323.77364
2021-11-26T11:00:00.000000000,303.19,324.53982
2021-11-26T12:00:00.000000000,303.43,319.91674
2021-11-26T13:00:00.000000000,309.74,315.9489
2021-11-26T14:00:00.000000000,318.14,315.46845
2021-11-26T15:00:00.000000000,304.52,315.49796
2021-11-26T16:00:00.000000000,299.67,312.06982
2021-11-26T17:00:00.000000000,300.23,309.31249
2021-11-26T18:00:00.000000000,301.6,309.40671
2021-11-26T19:00:00.000000000,294.36,310.70857
2021-11-26T20:00:00.000000000,289.53,314.95721
2021-11-26T21:00:00.000000000,299.15,321.94699
2021-11-26T22:00:00.000000000,313.45,331.12382
2021-11-26T23:00:00.000000000,326.83,337.51921
2021-11-27T00:00:00.000000000,330.72,344.2754
2021-11-27T01:00:00.000000000,305.09,343.90339
2021-11-27T02:00:00.000000000,277.48,342.27518
2021-11-27T03:00:00.000000000,254.58,340.80724
2021-11-27T04:00:00.000000000,245.36,341.64364
2021-11-27T05:00:00.000000000,247.4,341.72672
2021-11-27T06:00:00.000000000,249.84,343.15282
2021-11-27T07:00:00.000000000,255.02,345.90603
2021-11-27T08:00:00.000000000,258.76,351.09916
2021-11-27T09:00:00.000000000,266.32,360.58242
2021-11-27T10:00:00.000000000,269.5,370.22754
2021-11-27T11:00:00.000000000,277.0,377.91031
2021-11-27T12:00:00.000000000,296.36,379.53963
2021-11-27T13:00:00.000000000,303.51,378.898
2021-11-27T14:00:00.000000000,314.01,380.35782
2021-11-27T15:00:00.000000000,316.49,383.21705
2021-11-27T16:00:00.000000000,324.18,380.83775
2021-11-27T17:00:00.000000000,329.73,377.28161
2021-11-27T18:00:00.000000000,337.43,373.37494
2021-11-27T19:00:00.000000000,338.76,369.06732
2021-11-27T20:00:00.000000000,334.87,366.49574
2021-11-27T21:00:00.000000000,335.21,365.63172
2021-11-27T22:00:00.000000000,340.65,366.60164
2021-11-27T23:00:00.000000000,349.38,365.44565
2021-11-28T00:00:00.000000000,363.14,354.58285
2021-11-28T01:00:00.000000000,363.72,357.24471
2021-11-28T02:00:00.000000000,360.55,357.61533
2021-11-28T03:00:00.000000000,360.39,357.15353
2021-11-28T04:00:00.000000000,353.36,356.71333
2021-11-28T05:00:00.000000000,338.32,354.34912
2021-11-28T06:00:00.000000000,326.96,352.09266
2021-11-28T07:00:00.000000000,313.96,350.03271
2021-11-28T08:00:00.000000000,295.94,349.46667
2021-11-28T09:00:00.000000000,280.57,353.36633
2021-11-28T10:00:00.000000000,269.16,358.93134
2021-11-28T11:00:00.000000000,255.43,363.70768
2021-11-28T12:00:00.000000000,259.52,363.43075
2021-11-28T13:00:00.000000000,273.38,362.3664
2021-11-28T14:00:00.000000000,291.18,364.44718
2021-11-28T15:00:00.000000000,290.63,367.31852
2021-11-28T16:00:00.000000000,301.48,364.92707
2021-11-28T17:00:00.000000000,316.47,360.59355
2021-11-28T18:00:00.000000000,321.26,355.05256
2021-11-28T19:00:00.000000000,319.37,348.70434
2021-11-28T20:00:00.000000000,312.81,345.2543
2021-11-28T21:00:00.000000000,306.64,345.06834
2021-11-28T22:00:00.000000000,308.62,347.97285
2021-11-28T23:00:00.000000000,334.58,349.72294
2021-11-26T00:00:00.000000000,303.32,277.28013
2021-11-26T01:00:00.000000000,315.28,275.16967
2021-11-26T02:00:00.000000000,323.41,269.77536
2021-11-26T03:00:00.000000000,327.4,265.47997
2021-11-26T04:00:00.000000000,322.21,263.30457
2021-11-26T05:00:00.000000000,306.62,262.21028
2021-11-26T06:00:00.000000000,304.87,261.2663
2021-11-26T07:00:00.000000000,305.0,261.17938
2021-11-26T08:00:00.000000000,308.87,262.94515
2021-11-26T09:00:00.000000000,312.66,267.93478
2021-11-26T10:00:00.000000000,307.1,270.76107
2021-11-26T11:00:00.000000000,303.19,271.96791
2021-11-26T12:00:00.000000000,303.43,271.63388
2021-11-26T13:00:00.000000000,309.74,274.19482
2021-11-26T14:00:00.000000000,318.14,281.48515
2021-11-26T15:00:00.000000000,304.52,289.42597
2021-11-26T16:00:00.000000000,299.67,292.76496
2021-11-26T17:00:00.000000000,300.23,295.43864
2021-11-26T18:00:00.000000000,301.6,299.6533
2021-11-26T19:00:00.000000000,294.36,302.26208
2021-11-26T20:00:00.000000000,289.53,305.32975
2021-11-26T21:00:00.000000000,299.15,307.72814
2021-11-26T22:00:00.000000000,313.45,311.28239
2021-11-26T23:00:00.000000000,326.83,312.4564
2021-11-27T00:00:00.000000000,330.72,311.85421
2021-11-27T01:00:00.000000000,305.09,313.62138
2021-11-27T02:00:00.000000000,277.48,314.19004
2021-11-27T03:00:00.000000000,254.58,314.77418
2021-11-27T04:00:00.000000000,245.36,317.88358
2021-11-27T05:00:00.000000000,247.4,320.28341
2021-11-27T06:00:00.000000000,249.84,323.53297
2021-11-27T07:00:00.000000000,255.02,328.0054
2021-11-27T08:00:00.000000000,258.76,335.20041
2021-11-27T09:00:00.000000000,266.32,346.8836
2021-11-27T10:00:00.000000000,269.5,357.79356
2021-11-27T11:00:00.000000000,277.0,366.30043
2021-11-27T12:00:00.000000000,296.36,369.49297
2021-11-27T13:00:00.000000000,303.51,370.842
2021-11-27T14:00:00.000000000,314.01,373.37008
2021-11-27T15:00:00.000000000,316.49,376.79912
2021-11-27T16:00:00.000000000,324.18,374.49183
2021-11-27T17:00:00.000000000,329.73,371.30867
2021-11-27T18:00:00.000000000,337.43,369.32786
2021-11-27T19:00:00.000000000,338.76,367.38696
2021-11-27T20:00:00.000000000,334.87,366.96077
2021-11-27T21:00:00.000000000,335.21,367.97115
2021-11-27T22:00:00.000000000,340.65,370.28329
2021-11-27T23:00:00.000000000,349.38,370.03507
2021-11-28T00:00:00.000000000,363.14,362.02701
2021-11-28T01:00:00.000000000,363.72,365.20203
2021-11-28T02:00:00.000000000,360.55,366.92335
2021-11-28T03:00:00.000000000,360.39,368.00533
2021-11-28T04:00:00.000000000,353.36,368.6527
2021-11-28T05:00:00.000000000,338.32,366.65027
2021-11-28T06:00:00.000000000,326.96,364.12152
2021-11-28T07:00:00.000000000,313.96,361.22637
2021-11-28T08:00:00.000000000,295.94,359.42733
2021-11-28T09:00:00.000000000,280.57,361.73994
2021-11-28T10:00:00.000000000,269.16,365.98672
2021-11-28T11:00:00.000000000,255.43,369.83246
2021-11-28T12:00:00.000000000,259.52,368.91913
2021-11-28T13:00:00.000000000,273.38,367.92841
2021-11-28T14:00:00.000000000,291.18,370.52707
2021-11-28T15:00:00.000000000,290.63,373.60793
2021-11-28T16:00:00.000000000,301.48,370.76883
2021-11-28T17:00:00.000000000,316.47,365.26826
2021-11-28T18:00:00.000000000,321.26,358.67415
2021-11-28T19:00:00.000000000,319.37,351.24348
2021-11-28T20:00:00.000000000,312.81,346.72039
2021-11-28T21:00:00.000000000,306.64,345.67655
2021-11-28T22:00:00.000000000,308.62,347.26256
2021-11-28T23:00:00.000000000,334.58,347.82231
2021-11-29T00:00:00.000000000,373.07,355.07484
2021-11-29T01:00:00.000000000,372.38,358.12857
2021-11-29T02:00:00.000000000,363.1,359.84687
2021-11-29T03:00:00.000000000,356.54,360.76004
2021-11-29T04:00:00.000000000,346.55,360.86252
2021-11-29T05:00:00.000000000,324.67,357.81749
2021-11-29T06:00:00.000000000,298.24,353.3482
2021-11-29T07:00:00.000000000,285.96,348.21521
2021-11-29T08:00:00.000000000,280.78,344.34456
2021-11-29T09:00:00.000000000,274.33,345.00875
2021-11-29T10:00:00.000000000,266.83,347.83881
2021-11-29T11:00:00.000000000,267.15,351.72864
2021-11-29T12:00:00.000000000,273.45,352.95938
2021-11-29T13:00:00.000000000,289.78,354.86602
2021-11-29T14:00:00.000000000,301.07,360.39982
2021-11-29T15:00:00.000000000,278.64,366.52317
2021-11-29T16:00:00.000000000,291.35,366.27286
2021-11-29T17:00:00.000000000,308.47,362.85626
2021-11-29T18:00:00.000000000,311.51,358.24451
2021-11-29T19:00:00.000000000,312.85,352.58815
2021-11-29T20:00:00.000000000,314.01,349.17434
2021-11-29T21:00:00.000000000,313.73,348.99497
2021-11-29T22:00:00.000000000,316.0,351.22515
2021-11-29T23:00:00.000000000,339.26,351.755
2021-11-27T00:00:00.000000000,330.72,341.72021
2021-11-27T01:00:00.000000000,305.09,344.05604
2021-11-27T02:00:00.000000000,277.48,346.84245
2021-11-27T03:00:00.000000000,254.58,350.00686
2021-11-27T04:00:00.000000000,245.36,354.53927
2021-11-27T05:00:00.000000000,247.4,356.5929
2021-11-27T06:00:00.000000000,249.84,357.65912
2021-11-27T07:00:00.000000000,255.02,358.28978
2021-11-27T08:00:00.000000000,258.76,360.04726
2021-11-27T09:00:00.000000000,266.32,365.02674
2021-11-27T10:00:00.000000000,269.5,369.79885
2021-11-27T11:00:00.000000000,277.0,374.25181
2021-11-27T12:00:00.000000000,296.36,374.69106
2021-11-27T13:00:00.000000000,303.51,374.92264
2021-11-27T14:00:00.000000000,314.01,378.57428
2021-11-27T15:00:00.000000000,316.49,383.55057
2021-11-27T16:00:00.000000000,324.18,382.13047
2021-11-27T17:00:00.000000000,329.73,377.47288
2021-11-27T18:00:00.000000000,337.43,371.5988
2021-11-27T19:00:00.000000000,338.76,364.42504
2021-11-27T20:00:00.000000000,334.87,358.31802
2021-11-27T21:00:00.000000000,335.21,354.16405
2021-11-27T22:00:00.000000000,340.65,352.11998
2021-11-27T23:00:00.000000000,349.38,349.20996
2021-11-28T00:00:00.000000000,363.14,349.31252
2021-11-28T01:00:00.000000000,363.72,351.81453
2021-11-28T02:00:00.000000000,360.55,354.2679
2021-11-28T03:00:00.000000000,360.39,356.80945
2021-11-28T04:00:00.000000000,353.36,360.0655
2021-11-28T05:00:00.000000000,338.32,360.58555
2021-11-28T06:00:00.000000000,326.96,360.01349
2021-11-28T07:00:00.000000000,313.96,358.95891
2021-11-28T08:00:00.000000000,295.94,359.0289
2021-11-28T09:00:00.000000000,280.57,362.77381
2021-11-28T10:00:00.000000000,269.16,367.2088
2021-11-28T11:00:00.000000000,255.43,371.69587
2021-11-28T12:00:00.000000000,259.52,372.33329
2021-11-28T13:00:00.000000000,273.38,372.90284
2021-11-28T14:00:00.000000000,291.18,376.97697
2021-11-28T15:00:00.000000000,290.63,382.08095
2021-11-28T16:00:00.000000000,301.48,380.71629
2021-11-28T17:00:00.000000000,316.47,376.10895
2021-11-28T18:00:00.000000000,321.26,370.16945
2021-11-28T19:00:00.000000000,319.37,363.00604
2021-11-28T20:00:00.000000000,312.81,357.36595
2021-11-28T21:00:00.000000000,306.64,354.14512
2021-11-28T22:00:00.000000000,308.62,353.1464
2021-11-28T23:00:00.000000000,334.58,351.11891
2021-11-29T00:00:00.000000000,373.07,353.97014
2021-11-29T01:00:00.000000000,372.38,355.59936
2021-11-29T02:00:00.000000000,363.1,354.77371
2021-11-29T03:00:00.000000000,356.54,352.63682
2021-11-29T04:00:00.000000000,346.55,349.90412
2021-11-29T05:00:00.000000000,324.67,345.34664
2021-11-29T06:00:00.000000000,298.24,340.82519
2021-11-29T07:00:00.000000000,285.96,336.76877
2021-11-29T08:00:00.000000000,280.78,334.60998
2021-11-29T09:00:00.000000000,274.33,337.05011
2021-11-29T10:00:00.000000000,266.83,341.03993
2021-11-29T11:00:00.000000000,267.15,344.90707
2021-11-29T12:00:00.000000000,273.45,345.23966
2021-11-29T13:00:00.000000000,289.78,345.93674
2021-11-29T14:00:00.000000000,301.07,350.23551
2021-11-29T15:00:00.000000000,278.64,354.96499
2021-11-29T16:00:00.000000000,291.35,354.06632
2021-11-29T17:00:00.000000000,308.47,350.94643
2021-11-29T18:00:00.000000000,311.51,347.51239
2021-11-29T19:00:00.000000000,312.85,344.0216
2021-11-29T20:00:00.000000000,314.01,343.36671
2021-11-29T21:00:00.000000000,313.73,345.8601
2021-11-29T22:00:00.000000000,316.0,350.63659
2021-11-29T23:00:00.000000000,339.26,352.99064
2021-11-30T00:00:00.000000000,360.0,356.14837
2021-11-30T01:00:00.000000000,328.58,350.69094
2021-11-30T02:00:00.000000000,278.13,340.45633
2021-11-30T03:00:00.000000000,246.19,329.52471
2021-11-30T04:00:00.000000000,220.41,319.11854
2021-11-30T05:00:00.000000000,201.23,309.95973
2021-11-30T06:00:00.000000000,183.09,303.66132
2021-11-30T07:00:00.000000000,168.11,299.89592
2021-11-30T08:00:00.000000000,165.39,299.72129
2021-11-30T09:00:00.000000000,166.99,305.66331
2021-11-30T10:00:00.000000000,186.5,313.7413
2021-11-30T11:00:00.000000000,208.42,321.34736
2021-11-30T12:00:00.000000000,233.53,323.73617
2021-11-30T13:00:00.000000000,263.93,324.60233
2021-11-30T14:00:00.000000000,285.03,327.44589
2021-11-30T15:00:00.000000000,273.85,329.59068
2021-11-30T16:00:00.000000000,285.93,327.05514
2021-11-30T17:00:00.000000000,293.79,323.27786
2021-11-30T18:00:00.000000000,285.3,319.66734
2021-11-30T19:00:00.000000000,282.61,316.54185
2021-11-30T20:00:00.000000000,278.24,317.40782
2021-11-30T21:00:00.000000000,264.62,320.93245
2021-11-30T22:00:00.000000000,267.53,327.05309
2021-11-30T23:00:00.000000000,307.57,330.92039
2021-11-28T00:00:00.000000000,363.14,359.06491
2021-11-28T01:00:00.000000000,363.72,361.7975
2021-11-28T02:00:00.000000000,360.55,360.82396
2021-11-28T03:00:00.000000000,360.39,357.08536
2021-11-28T04:00:00.000000000,353.36,350.31241
2021-11-28T05:00:00.000000000,338.32,341.4074
2021-11-28T06:00:00.000000000,326.96,333.1716
2021-11-28T07:00:00.000000000,313.96,326.26572
2021-11-28T08:00:00.000000000,295.94,322.20892
2021-11-28T09:00:00.000000000,280.57,322.73622
2021-11-28T10:00:00.000000000,269.16,323.96689
2021-11-28T11:00:00.000000000,255.43,323.28196
2021-11-28T12:00:00.000000000,259.52,318.37507
2021-11-28T13:00:00.000000000,273.38,316.37273
2021-11-28T14:00:00.000000000,291.18,319.83182
2021-11-28T15:00:00.000000000,290.63,323.55827
2021-11-28T16:00:00.000000000,301.48,322.1458
2021-11-28T17:00:00.000000000,316.47,317.83647
2021-11-28T18:00:00.000000000,321.26,315.16466
2021-11-28T19:00:00.000000000,319.37,314.1375
2021-11-28T20:00:00.000000000,312.81,317.7417
2021-11-28T21:00:00.000000000,306.64,325.06114
2021-11-28T22:00:00.000000000,308.62,333.81411
2021-11-28T23:00:00.000000000,334.58,339.48997
2021-11-29T00:00:00.000000000,373.07,353.00101
2021-11-29T01:00:00.000000000,372.38,352.2837
2021-11-29T02:00:00.000000000,363.1,348.07306
2021-11-29T03:00:00.000000000,356.54,342.09414
2021-11-29T04:00:00.000000000,346.55,335.86528
2021-11-29T05:00:00.000000000,324.67,329.321
2021-11-29T06:00:00.000000000,298.24,324.473
2021-11-29T07:00:00.000000000,285.96,321.52299
2021-11-29T08:00:00.000000000,280.78,321.50557
2021-11-29T09:00:00.000000000,274.33,326.05838
2021-11-29T10:00:00.000000000,266.83,331.09505
2021-11-29T11:00:00.000000000,267.15,334.56508
2021-11-29T12:00:00.000000000,273.45,333.27383
2021-11-29T13:00:00.000000000,289.78,332.10682
2021-11-29T14:00:00.000000000,301.07,334.80699
2021-11-29T15:00:00.000000000,278.64,337.85394
2021-11-29T16:00:00.000000000,291.35,336.48219
2021-11-29T17:00:00.000000000,308.47,333.92115
2021-11-29T18:00:00.000000000,311.51,332.30022
2021-11-29T19:00:00.000000000,312.85,331.7316
2021-11-29T20:00:00.000000000,314.01,334.51681
2021-11-29T21:00:00.000000000,313.73,340.12032
2021-11-29T22:00:00.000000000,316.0,347.51615
2021-11-29T23:00:00.000000000,339.26,351.60204
2021-11-30T00:00:00.000000000,360.0,347.49572
2021-11-30T01:00:00.000000000,328.58,342.7107
2021-11-30T02:00:00.000000000,278.13,332.24996
2021-11-30T03:00:00.000000000,246.19,320.72021
2021-11-30T04:00:00.000000000,220.41,308.62743
2021-11-30T05:00:00.000000000,201.23,297.81368
2021-11-30T06:00:00.000000000,183.09,289.39797
2021-11-30T07:00:00.000000000,168.11,283.40116
2021-11-30T08:00:00.000000000,165.39,280.51431
2021-11-30T09:00:00.000000000,166.99,283.94521
2021-11-30T10:00:00.000000000,186.5,289.5469
2021-11-30T11:00:00.000000000,208.42,295.77944
2021-11-30T12:00:00.000000000,233.53,298.46218
2021-11-30T13:00:00.000000000,263.93,300.44685
2021-11-30T14:00:00.000000000,285.03,304.53585
2021-11-30T15:00:00.000000000,273.85,308.52442
2021-11-30T16:00:00.000000000,285.93,308.51143
2021-11-30T17:00:00.000000000,293.79,307.01818
2021-11-30T18:00:00.000000000,285.3,305.77124
2021-11-30T19:00:00.000000000,282.61,304.38109
2021-11-30T20:00:00.000000000,278.24,307.1068
2021-11-30T21:00:00.000000000,264.62,312.33197
2021-11-30T22:00:00.000000000,267.53,320.17001
2021-11-30T23:00:00.000000000,307.57,325.65555
2021-12-01T00:00:00.000000000,348.68,349.85484
2021-12-01T01:00:00.000000000,327.78,343.14462
2021-12-01T02:00:00.000000000,297.87,332.41556
2021-12-01T03:00:00.000000000,267.14,323.26147
2021-12-01T04:00:00.000000000,243.61,317.43968
2021-12-01T05:00:00.000000000,236.36,312.6529
2021-12-01T06:00:00.000000000,239.48,309.52517
2021-12-01T07:00:00.000000000,234.02,308.05712
2021-12-01T08:00:00.000000000,208.14,308.98047
2021-12-01T09:00:00.000000000,204.67,315.98392
2021-12-01T10:00:00.000000000,236.55,325.937
2021-12-01T11:00:00.000000000,262.46,337.4942
2021-12-01T12:00:00.000000000,279.52,345.9694
2021-12-01T13:00:00.000000000,302.45,351.67714
2021-12-01T14:00:00.000000000,324.39,358.53398
2021-12-01T15:00:00.000000000,313.42,365.41136
2021-12-01T16:00:00.000000000,312.87,365.92288
2021-12-01T17:00:00.000000000,325.67,364.76014
2021-12-01T18:00:00.000000000,338.12,360.67106
2021-12-01T19:00:00.000000000,344.58,355.22458
2021-12-01T20:00:00.000000000,351.46,351.64763
2021-12-01T21:00:00.000000000,351.61,348.9755
2021-12-01T22:00:00.000000000,356.88,350.24966
2021-12-01T23:00:00.000000000,373.11,349.43276
2021-11-29T00:00:00.000000000,373.07,348.20661
2021-11-29T01:00:00.000000000,372.38,341.86091
2021-11-29T02:00:00.000000000,363.1,329.71396
2021-11-29T03:00:00.000000000,356.54,315.94507
2021-11-29T04:00:00.000000000,346.55,302.41301
2021-11-29T05:00:00.000000000,324.67,290.56182
2021-11-29T06:00:00.000000000,298.24,281.66936
2021-11-29T07:00:00.000000000,285.96,276.13907
2021-11-29T08:00:00.000000000,280.78,274.4625
2021-11-29T09:00:00.000000000,274.33,278.6374
2021-11-29T10:00:00.000000000,266.83,283.27311
2021-11-29T11:00:00.000000000,267.15,288.30749
2021-11-29T12:00:00.000000000,273.45,290.36733
2021-11-29T13:00:00.000000000,289.78,292.53332
2021-11-29T14:00:00.000000000,301.07,299.19476
2021-11-29T15:00:00.000000000,278.64,306.70819
2021-11-29T16:00:00.000000000,291.35,311.49551
2021-11-29T17:00:00.000000000,308.47,315.11824
2021-11-29T18:00:00.000000000,311.51,318.96602
2021-11-29T19:00:00.000000000,312.85,322.75335
2021-11-29T20:00:00.000000000,314.01,328.97227
2021-11-29T21:00:00.000000000,313.73,336.22417
2021-11-29T22:00:00.000000000,316.0,345.71989
2021-11-29T23:00:00.000000000,339.26,351.16186
2021-11-30T00:00:00.000000000,360.0,349.11961
2021-11-30T01:00:00.000000000,328.58,342.19077
2021-11-30T02:00:00.000000000,278.13,328.36845
2021-11-30T03:00:00.000000000,246.19,312.98131
2021-11-30T04:00:00.000000000,220.41,297.01713
2021-11-30T05:00:00.000000000,201.23,283.35337
2021-11-30T06:00:00.000000000,183.09,273.11808
2021-11-30T07:00:00.000000000,168.11,266.60482
2021-11-30T08:00:00.000000000,165.39,264.30898
2021-11-30T09:00:00.000000000,166.99,269.17984
2021-11-30T10:00:00.000000000,186.5,276.33411
2021-11-30T11:00:00.000000000,208.42,283.60132
2021-11-30T12:00:00.000000000,233.53,286.46527
2021-11-30T13:00:00.000000000,263.93,288.55746
2021-11-30T14:00:00.000000000,285.03,293.71602
2021-11-30T15:00:00.000000000,273.85,299.64643
2021-11-30T16:00:00.000000000,285.93,302.22557
2021-11-30T17:00:00.000000000,293.79,303.75187
2021-11-30T18:00:00.000000000,285.3,304.94054
2021-11-30T19:00:00.000000000,282.61,305.5028
2021-11-30T20:00:00.000000000,278.24,309.8989
2021-11-30T21:00:00.000000000,264.62,316.57844
2021-11-30T22:00:00.000000000,267.53,326.10853
2021-11-30T23:00:00.000000000,307.57,332.40056
2021-12-01T00:00:00.000000000,348.68,349.08661
2021-12-01T01:00:00.000000000,327.78,341.94441
2021-12-01T02:00:00.000000000,297.87,331.92758
2021-12-01T03:00:00.000000000,267.14,323.83197
2021-12-01T04:00:00.000000000,243.61,319.18082
2021-12-01T05:00:00.000000000,236.36,315.2042
2021-12-01T06:00:00.000000000,239.48,312.68085
2021-12-01T07:00:00.000000000,234.02,311.57192
2021-12-01T08:00:00.000000000,208.14,312.83823
2021-12-01T09:00:00.000000000,204.67,319.56748
2021-12-01T10:00:00.000000000,236.55,328.62187
2021-12-01T11:00:00.000000000,262.46,339.19953
2021-12-01T12:00:00.000000000,279.52,347.0259
2021-12-01T13:00:00.000000000,302.45,352.56208
2021-12-01T14:00:00.000000000,324.39,359.8244
2021-12-01T15:00:00.000000000,313.42,367.35992
2021-12-01T16:00:00.000000000,312.87,368.487
2021-12-01T17:00:00.000000000,325.67,367.66156
2021-12-01T18:00:00.000000000,338.12,363.86162
2021-12-01T19:00:00.000000000,344.58,358.40071
2021-12-01T20:00:00.000000000,351.46,354.02709
2021-12-01T21:00:00.000000000,351.61,349.86299
2021-12-01T22:00:00.000000000,356.88,348.99161
2021-12-01T23:00:00.000000000,373.11,346.08162
2021-12-02T00:00:00.000000000,390.51,355.21195
2021-12-02T01:00:00.000000000,381.04,354.2736
2021-12-02T02:00:00.000000000,372.51,353.81658
2021-12-02T03:00:00.000000000,364.55,354.15154
2021-12-02T04:00:00.000000000,349.22,355.34799
2021-12-02T05:00:00.000000000,320.67,353.75885
2021-12-02T06:00:00.000000000,300.81,350.6436
2021-12-02T07:00:00.000000000,277.23,347.03803
2021-12-02T08:00:00.000000000,261.87,345.09492
2021-12-02T09:00:00.000000000,265.97,347.34774
2021-12-02T10:00:00.000000000,284.34,350.85103
2021-12-02T11:00:00.000000000,311.98,355.85002
2021-12-02T12:00:00.000000000,335.76,358.54843
2021-12-02T13:00:00.000000000,357.06,361.38557
2021-12-02T14:00:00.000000000,367.2,368.21793
2021-12-02T15:00:00.000000000,346.74,376.62017
2021-12-02T16:00:00.000000000,335.98,378.64818
2021-12-02T17:00:00.000000000,341.34,377.24863
2021-12-02T18:00:00.000000000,340.46,374.09803
2021-12-02T19:00:00.000000000,334.41,369.16143
2021-12-02T20:00:00.000000000,326.12,364.73532
2021-12-02T21:00:00.000000000,315.97,361.42135
2021-12-02T22:00:00.000000000,307.98,359.35999
2021-12-02T23:00:00.000000000,319.44,355.27086
2021-11-30T00:00:00.000000000,360.0,342.82287
2021-11-30T01:00:00.000000000,328.58,331.82284
2021-11-30T02:00:00.000000000,278.13,311.89868
2021-11-30T03:00:00.000000000,246.19,290.56712
2021-11-30T04:00:00.000000000,220.41,267.80933
2021-11-30T05:00:00.000000000,201.23,248.61186
2021-11-30T06:00:00.000000000,183.09,234.42551
2021-11-30T07:00:00.000000000,168.11,225.4614
2021-11-30T08:00:00.000000000,165.39,221.91467
2021-11-30T09:00:00.000000000,166.99,227.04468
2021-11-30T10:00:00.000000000,186.5,235.6354
2021-11-30T11:00:00.000000000,208.42,246.29049
2021-11-30T12:00:00.000000000,233.53,254.0959
2021-11-30T13:00:00.000000000,263.93,261.47861
2021-11-30T14:00:00.000000000,285.03,272.07937
2021-11-30T15:00:00.000000000,273.85,284.04145
2021-11-30T16:00:00.000000000,285.93,291.81873
2021-11-30T17:00:00.000000000,293.79,296.35101
2021-11-30T18:00:00.000000000,285.3,298.50655
2021-11-30T19:00:00.000000000,282.61,297.55962
2021-11-30T20:00:00.000000000,278.24,300.08733
2021-11-30T21:00:00.000000000,264.62,304.58469
2021-11-30T22:00:00.000000000,267.53,312.60043
2021-11-30T23:00:00.000000000,307.57,318.00403
2021-12-01T00:00:00.000000000,348.68,336.11109
2021-12-01T01:00:00.000000000,327.78,324.60349
2021-12-01T02:00:00.000000000,297.87,308.35935
2021-12-01T03:00:00.000000000,267.14,293.25799
2021-12-01T04:00:00.000000000,243.61,281.63413
2021-12-01T05:00:00.000000000,236.36,273.27285
2021-12-01T06:00:00.000000000,239.48,269.88106
2021-12-01T07:00:00.000000000,234.02,270.57016
2021-12-01T08:00:00.000000000,208.14,275.71729
2021-12-01T09:00:00.000000000,204.67,286.89947
2021-12-01T10:00:00.000000000,236.55,299.55406
2021-12-01T11:00:00.000000000,262.46,311.4698
2021-12-01T12:00:00.000000000,279.52,318.58653
2021-12-01T13:00:00.000000000,302.45,323.7683
2021-12-01T14:00:00.000000000,324.39,331.65306
2021-12-01T15:00:00.000000000,313.42,340.8948
2021-12-01T16:00:00.000000000,312.87,344.88248
2021-12-01T17:00:00.000000000,325.67,347.70088
2021-12-01T18:00:00.000000000,338.12,348.1674
2021-12-01T19:00:00.000000000,344.58,346.88751
2021-12-01T20:00:00.000000000,351.46,346.57803
2021-12-01T21:00:00.000000000,351.61,345.96378
2021-12-01T22:00:00.000000000,356.88,348.07866
2021-12-01T23:00:00.000000000,373.11,346.01372
2021-12-02T00:00:00.000000000,390.51,351.94409
2021-12-02T01:00:00.000000000,381.04,345.25359
2021-12-02T02:00:00.000000000,372.51,336.09831
2021-12-02T03:00:00.000000000,364.55,327.70997
2021-12-02T04:00:00.000000000,349.22,321.05664
2021-12-02T05:00:00.000000000,320.67,314.58245
2021-12-02T06:00:00.000000000,300.81,309.30085
2021-12-02T07:00:00.000000000,277.23,305.68156
2021-12-02T08:00:00.000000000,261.87,305.12564
2021-12-02T09:00:00.000000000,265.97,310.01008
2021-12-02T10:00:00.000000000,284.34,316.85146
2021-12-02T11:00:00.000000000,311.98,324.57556
2021-12-02T12:00:00.000000000,335.76,329.08546
2021-12-02T13:00:00.000000000,357.06,332.55036
2021-12-02T14:00:00.000000000,367.2,339.4214
2021-12-02T15:00:00.000000000,346.74,347.67775
2021-12-02T16:00:00.000000000,335.98,350.92237
2021-12-02T17:00:00.000000000,341.34,352.67231
2021-12-02T18:00:00.000000000,340.46,352.241
2021-12-02T19:00:00.000000000,334.41,349.92614
2021-12-02T20:00:00.000000000,326.12,348.33047
2021-12-02T21:00:00.000000000,315.97,347.00974
2021-12-02T22:00:00.000000000,307.98,347.62891
2021-12-02T23:00:00.000000000,319.44,345.16959
2021-12-03T00:00:00.000000000,340.94,340.37923
2021-12-03T01:00:00.000000000,318.57,334.16282
2021-12-03T02:00:00.000000000,279.8,322.27477
2021-12-03T03:00:00.000000000,245.57,310.1735
2021-12-03T04:00:00.000000000,217.97,298.9986
2021-12-03T05:00:00.000000000,188.47,289.4518
2021-12-03T06:00:00.000000000,177.13,282.60425
2021-12-03T07:00:00.000000000,161.7,278.47873
2021-12-03T08:00:00.000000000,154.41,278.00597
2021-12-03T09:00:00.000000000,154.95,284.51577
2021-12-03T10:00:00.000000000,167.26,293.88808
2021-12-03T11:00:00.000000000,188.99,303.742
2021-12-03T12:00:00.000000000,205.75,309.12893
2021-12-03T13:00:00.000000000,241.08,312.6911
2021-12-03T14:00:00.000000000,269.46,317.41553
2021-12-03T15:00:00.000000000,267.73,322.31226
2021-12-03T16:00:00.000000000,280.2,322.48105
2021-12-03T17:00:00.000000000,294.86,321.41232
2021-12-03T18:00:00.000000000,298.71,319.22131
2021-12-03T19:00:00.000000000,304.89,315.76137
2021-12-03T20:00:00.000000000,294.9,315.4426
2021-12-03T21:00:00.000000000,283.43,317.41087
2021-12-03T22:00:00.000000000,276.75,322.89174
2021-12-03T23:00:00.000000000,289.28,326.14233
2021-12-01T00:00:00.000000000,348.68,332.84059
2021-12-01T01:00:00.000000000,327.78,322.06694
2021-12-01T02:00:00.000000000,297.87,303.92608
2021-12-01T03:00:00.000000000,267.14,285.12303
2021-12-01T04:00:00.000000000,243.61,267.49978
2021-12-01T05:00:00.000000000,236.36,253.59076
2021-12-01T06:00:00.000000000,239.48,245.37099
2021-12-01T07:00:00.000000000,234.02,242.60685
2021-12-01T08:00:00.000000000,208.14,245.58467
2021-12-01T09:00:00.000000000,204.67,256.45177
2021-12-01T10:00:00.000000000,236.55,269.43097
2021-12-01T11:00:00.000000000,262.46,281.32937
2021-12-01T12:00:00.000000000,279.52,287.19944
2021-12-01T13:00:00.000000000,302.45,291.18008
2021-12-01T14:00:00.000000000,324.39,297.94761
2021-12-01T15:00:00.000000000,313.42,306.74873
2021-12-01T16:00:00.000000000,312.87,312.11802
2021-12-01T17:00:00.000000000,325.67,316.53435
2021-12-01T18:00:00.000000000,338.12,318.92782
2021-12-01T19:00:00.000000000,344.58,319.12158
2021-12-01T20:00:00.000000000,351.46,321.383
2021-12-01T21:00:00.000000000,351.61,324.5774
2021-12-01T22:00:00.000000000,356.88,331.37537
2021-12-01T23:00:00.000000000,373.11,334.24751
2021-12-02T00:00:00.000000000,390.51,348.0866
2021-12-02T01:00:00.000000000,381.04,343.20289
2021-12-02T02:00:00.000000000,372.51,338.57613
2021-12-02T03:00:00.000000000,364.55,335.53862
2021-12-02T04:00:00.000000000,349.22,334.59781
2021-12-02T05:00:00.000000000,320.67,332.05775
2021-12-02T06:00:00.000000000,300.81,329.15029
2021-12-02T07:00:00.000000000,277.23,326.33561
2021-12-02T08:00:00.000000000,261.87,325.83123
2021-12-02T09:00:00.000000000,265.97,329.58274
2021-12-02T10:00:00.000000000,284.34,334.56056
2021-12-02T11:00:00.000000000,311.98,341.22809
2021-12-02T12:00:00.000000000,335.76,346.06924
2021-12-02T13:00:00.000000000,357.06,350.75373
2021-12-02T14:00:00.000000000,367.2,359.31066
2021-12-02T15:00:00.000000000,346.74,369.70035
2021-12-02T16:00:00.000000000,335.98,373.8399
2021-12-02T17:00:00.000000000,341.34,374.98599
2021-12-02T18:00:00.000000000,340.46,373.58051
2021-12-02T19:00:00.000000000,334.41,369.51593
2021-12-02T20:00:00.000000000,326.12,364.66749
2021-12-02T21:00:00.000000000,315.97,359.44685
2021-12-02T22:00:00.000000000,307.98,355.43604
2021-12-02T23:00:00.000000000,319.44,348.85646
2021-12-03T00:00:00.000000000,340.94,351.62802
2021-12-03T01:00:00.000000000,318.57,345.56321
2021-12-03T02:00:00.000000000,279.8,337.63643
2021-12-03T03:00:00.000000000,245.57,330.7108
2021-12-03T04:00:00.000000000,217.97,324.89421
2021-12-03T05:00:00.000000000,188.47,318.17062
2021-12-03T06:00:00.000000000,177.13,311.21392
2021-12-03T07:00:00.000000000,161.7,304.92181
2021-12-03T08:00:00.000000000,154.41,301.48843
2021-12-03T09:00:00.000000000,154.95,303.83294
2021-12-03T10:00:00.000000000,167.26,309.0208
2021-12-03T11:00:00.000000000,188.99,316.56306
2021-12-03T12:00:00.000000000,205.75,322.16392
2021-12-03T13:00:00.000000000,241.08,327.38536
2021-12-03T14:00:00.000000000,269.46,336.13532
2021-12-03T15:00:00.000000000,267.73,345.99621
2021-12-03T16:00:00.000000000,280.2,350.33735
2021-12-03T17:00:00.000000000,294.86,352.53158
2021-12-03T18:00:00.000000000,298.71,351.97354
2021-12-03T19:00:00.000000000,304.89,348.72468
2021-12-03T20:00:00.000000000,294.9,345.94589
2021-12-03T21:00:00.000000000,283.43,343.46836
2021-12-03T22:00:00.000000000,276.75,342.92433
2021-12-03T23:00:00.000000000,289.28,339.7116
2021-12-04T00:00:00.000000000,319.54,353.8034
2021-12-04T01:00:00.000000000,301.15,348.17877
2021-12-04T02:00:00.000000000,284.64,340.83493
2021-12-04T03:00:00.000000000,274.27,335.20929
2021-12-04T04:00:00.000000000,270.54,332.10302
2021-12-04T05:00:00.000000000,255.18,328.49812
2021-12-04T06:00:00.000000000,233.9,325.25593
2021-12-04T07:00:00.000000000,220.06,322.95226
2021-12-04T08:00:00.000000000,221.16,323.07781
2021-12-04T09:00:00.000000000,235.72,328.54451
2021-12-04T10:00:00.000000000,246.16,336.15832
2021-12-04T11:00:00.000000000,250.29,345.00514
2021-12-04T12:00:00.000000000,259.9,350.66684
2021-12-04T13:00:00.000000000,274.92,354.49338
2021-12-04T14:00:00.000000000,278.31,360.67224
2021-12-04T15:00:00.000000000,288.5,367.46869
2021-12-04T16:00:00.000000000,305.21,368.23663
2021-12-04T17:00:00.000000000,307.42,367.02013
2021-12-04T18:00:00.000000000,310.41,363.23474
2021-12-04T19:00:00.000000000,314.67,357.74552
2021-12-04T20:00:00.000000000,323.94,353.35669
2021-12-04T21:00:00.000000000,331.12,349.29186
2021-12-04T22:00:00.000000000,334.36,347.77653
2021-12-04T23:00:00.000000000,350.9,344.45796
2021-12-02T00:00:00.000000000,390.51,360.6519
2021-12-02T01:00:00.000000000,381.04,353.54561
2021-12-02T02:00:00.000000000,372.51,340.51677
2021-12-02T03:00:00.000000000,364.55,325.55308
2021-12-02T04:00:00.000000000,349.22,309.83653
2021-12-02T05:00:00.000000000,320.67,295.38734
2021-12-02T06:00:00.000000000,300.81,283.40988
2021-12-02T07:00:00.000000000,277.23,274.91976
2021-12-02T08:00:00.000000000,261.87,270.89648
2021-12-02T09:00:00.000000000,265.97,274.35609
2021-12-02T10:00:00.000000000,284.34,280.49366
2021-12-02T11:00:00.000000000,311.98,287.93002
2021-12-02T12:00:00.000000000,335.76,291.60596
2021-12-02T13:00:00.000000000,357.06,294.32032
2021-12-02T14:00:00.000000000,367.2,301.42854
2021-12-02T15:00:00.000000000,346.74,310.60339
2021-12-02T16:00:00.000000000,335.98,317.25856
2021-12-02T17:00:00.000000000,341.34,322.77315
2021-12-02T18:00:00.000000000,340.46,326.57201
2021-12-02T19:00:00.000000000,334.41,328.7501
2021-12-02T20:00:00.000000000,326.12,332.90868
2021-12-02T21:00:00.000000000,315.97,338.87403
2021-12-02T22:00:00.000000000,307.98,347.65018
2021-12-02T23:00:00.000000000,319.44,352.46089
2021-12-03T00:00:00.000000000,340.94,344.82686
2021-12-03T01:00:00.000000000,318.57,338.36811
2021-12-03T02:00:00.000000000,279.8,325.13601
2021-12-03T03:00:00.000000000,245.57,310.59082
2021-12-03T04:00:00.000000000,217.97,295.23965
2021-12-03T05:00:00.000000000,188.47,281.76039
2021-12-03T06:00:00.000000000,177.13,270.72318
2021-12-03T07:00:00.000000000,161.7,262.85459
2021-12-03T08:00:00.000000000,154.41,258.95744
2021-12-03T09:00:00.000000000,154.95,262.62478
2021-12-03T10:00:00.000000000,167.26,269.09102
2021-12-03T11:00:00.000000000,188.99,276.04017
2021-12-03T12:00:00.000000000,205.75,279.06709
2021-12-03T13:00:00.000000000,241.08,281.60788
2021-12-03T14:00:00.000000000,269.46,287.19972
2021-12-03T15:00:00.000000000,267.73,294.10124
2021-12-03T16:00:00.000000000,280.2,297.82844
2021-12-03T17:00:00.000000000,294.86,300.91266
2021-12-03T18:00:00.000000000,298.71,303.37876
2021-12-03T19:00:00.000000000,304.89,304.75796
2021-12-03T20:00:00.000000000,294.9,309.89693
2021-12-03T21:00:00.000000000,283.43,316.99483
2021-12-03T22:00:00.000000000,276.75,326.9868
2021-12-03T23:00:00.000000000,289.28,333.37567
2021-12-04T00:00:00.000000000,319.54,340.86003
2021-12-04T01:00:00.000000000,301.15,332.25444
2021-12-04T02:00:00.000000000,284.64,318.06834
2021-12-04T03:00:00.000000000,274.27,304.30699
2021-12-04T04:00:00.000000000,270.54,293.84803
2021-12-04T05:00:00.000000000,255.18,286.38616
2021-12-04T06:00:00.000000000,233.9,283.01223
2021-12-04T07:00:00.000000000,220.06,283.40932
2021-12-04T08:00:00.000000000,221.16,287.7422
2021-12-04T09:00:00.000000000,235.72,298.50928
2021-12-04T10:00:00.000000000,246.16,311.23416
2021-12-04T11:00:00.000000000,250.29,323.33762
2021-12-04T12:00:00.000000000,259.9,329.98856
2021-12-04T13:00:00.000000000,274.92,333.51919
2021-12-04T14:00:00.000000000,278.31,338.52391
2021-12-04T15:00:00.000000000,288.5,344.26549
2021-12-04T16:00:00.000000000,305.21,345.10079
2021-12-04T17:00:00.000000000,307.42,345.41604
2021-12-04T18:00:00.000000000,310.41,343.96672
2021-12-04T19:00:00.000000000,314.67,341.74233
2021-12-04T20:00:00.000000000,323.94,341.59129
2021-12-04T21:00:00.000000000,331.12,342.75453
2021-12-04T22:00:00.000000000,334.36,347.47871
2021-12-04T23:00:00.000000000,350.9,348.80527
2021-12-05T00:00:00.000000000,374.92,319.78133
2021-12-05T01:00:00.000000000,374.77,313.13498
2021-12-05T02:00:00.000000000,371.85,302.79334
2021-12-05T03:00:00.000000000,368.71,292.28165
2021-12-05T04:00:00.000000000,365.08,280.01601
2021-12-05T05:00:00.000000000,351.02,267.7476
2021-12-05T06:00:00.000000000,324.81,256.165
2021-12-05T07:00:00.000000000,292.62,246.66395
2021-12-05T08:00:00.000000000,242.64,241.36929
2021-12-05T09:00:00.000000000,213.34,242.57546
2021-12-05T10:00:00.000000000,192.98,245.16619
2021-12-05T11:00:00.000000000,183.34,249.6103
2021-12-05T12:00:00.000000000,175.07,252.33854
2021-12-05T13:00:00.000000000,170.22,256.27276
2021-12-05T14:00:00.000000000,176.67,261.94731
2021-12-05T15:00:00.000000000,184.81,268.82024
2021-12-05T16:00:00.000000000,195.54,271.95906
2021-12-05T17:00:00.000000000,197.14,272.52663
2021-12-05T18:00:00.000000000,204.83,272.52318
2021-12-05T19:00:00.000000000,212.37,269.07073
2021-12-05T20:00:00.000000000,213.47,266.68452
2021-12-05T21:00:00.000000000,213.41,264.39526
2021-12-05T22:00:00.000000000,217.3,263.73065
2021-12-05T23:00:00.000000000,223.84,262.05763
2021-12-03T00:00:00.000000000,340.94,332.72358
2021-12-03T01:00:00.000000000,318.57,319.93301
2021-12-03T02:00:00.000000000,279.8,297.77696
2021-12-03T03:00:00.000000000,245.57,274.84158
2021-12-03T04:00:00.000000000,217.97,251.33452
2021-12-03T05:00:00.000000000,188.47,232.23549
2021-12-03T06:00:00.000000000,177.13,219.00661
2021-12-03T07:00:00.000000000,161.7,211.51542
2021-12-03T08:00:00.000000000,154.41,209.92932
2021-12-03T09:00:00.000000000,154.95,216.88316
2021-12-03T10:00:00.000000000,167.26,226.85993
2021-12-03T11:00:00.000000000,188.99,238.19786
2021-12-03T12:00:00.000000000,205.75,246.38315
2021-12-03T13:00:00.000000000,241.08,254.10404
2021-12-03T14:00:00.000000000,269.46,265.00607
2021-12-03T15:00:00.000000000,267.73,277.57032
2021-12-03T16:00:00.000000000,280.2,285.86654
2021-12-03T17:00:00.000000000,294.86,291.11867
2021-12-03T18:00:00.000000000,298.71,293.98283
2021-12-03T19:00:00.000000000,304.89,293.21689
2021-12-03T20:00:00.000000000,294.9,295.49664
2021-12-03T21:00:00.000000000,283.43,299.01645
2021-12-03T22:00:00.000000000,276.75,305.78055
2021-12-03T23:00:00.000000000,289.28,310.06014
2021-12-04T00:00:00.000000000,319.54,331.12912
2021-12-04T01:00:00.000000000,301.15,321.23244
2021-12-04T02:00:00.000000000,284.64,306.63805
2021-12-04T03:00:00.000000000,274.27,292.83397
2021-12-04T04:00:00.000000000,270.54,281.69046
2021-12-04T05:00:00.000000000,255.18,273.29659
2021-12-04T06:00:00.000000000,233.9,269.23271
2021-12-04T07:00:00.000000000,220.06,268.88861
2021-12-04T08:00:00.000000000,221.16,272.80396
2021-12-04T09:00:00.000000000,235.72,282.77894
2021-12-04T10:00:00.000000000,246.16,293.919
2021-12-04T11:00:00.000000000,250.29,304.14673
2021-12-04T12:00:00.000000000,259.9,309.61301
2021-12-04T13:00:00.000000000,274.92,313.61312
2021-12-04T14:00:00.000000000,278.31,320.46958
2021-12-04T15:00:00.000000000,288.5,328.99986
2021-12-04T16:00:00.000000000,305.21,333.06695
2021-12-04T17:00:00.000000000,307.42,336.19692
2021-12-04T18:00:00.000000000,310.41,337.40516
2021-12-04T19:00:00.000000000,314.67,336.6641
2021-12-04T20:00:00.000000000,323.94,336.99233
2021-12-04T21:00:00.000000000,331.12,337.03532
2021-12-04T22:00:00.000000000,334.36,339.80304
2021-12-04T23:00:00.000000000,350.9,338.88781
2021-12-05T00:00:00.000000000,374.92,326.09787
2021-12-05T01:00:00.000000000,374.77,323.41553
2021-12-05T02:00:00.000000000,371.85,317.44718
2021-12-05T03:00:00.000000000,368.71,310.33453
2021-12-05T04:00:00.000000000,365.08,299.58638
2021-12-05T05:00:00.000000000,351.02,287.63727
2021-12-05T06:00:00.000000000,324.81,273.71283
2021-12-05T07:00:00.000000000,292.62,260.66537
2021-12-05T08:00:00.000000000,242.64,249.87931
2021-12-05T09:00:00.000000000,213.34,244.63708
2021-12-05T10:00:00.000000000,192.98,239.63775
2021-12-05T11:00:00.000000000,183.34,237.23683
2021-12-05T12:00:00.000000000,175.07,235.28667
2021-12-05T13:00:00.000000000,170.22,235.76322
2021-12-05T14:00:00.000000000,176.67,238.623
2021-12-05T15:00:00.000000000,184.81,242.76242
2021-12-05T16:00:00.000000000,195.54,245.11422
2021-12-05T17:00:00.000000000,197.14,246.14236
2021-12-05T18:00:00.000000000,204.83,248.70362
2021-12-05T19:00:00.000000000,212.37,249.20512
2021-12-05T20:00:00.000000000,213.47,251.32127
2021-12-05T21:00:00.000000000,213.41,253.52829
2021-12-05T22:00:00.000000000,217.3,256.30862
2021-12-05T23:00:00.000000000,223.84,258.20777
2021-12-06T00:00:00.000000000,241.14,277.52356
2021-12-06T01:00:00.000000000,240.1,267.76395
2021-12-06T02:00:00.000000000,232.98,250.41942
2021-12-06T03:00:00.000000000,227.77,234.48597
2021-12-06T04:00:00.000000000,227.38,220.14928
2021-12-06T05:00:00.000000000,221.04,209.63773
2021-12-06T06:00:00.000000000,212.24,203.27241
2021-12-06T07:00:00.000000000,204.72,200.52027
2021-12-06T08:00:00.000000000,193.85,203.1567
2021-12-06T09:00:00.000000000,184.51,213.24121
2021-12-06T10:00:00.000000000,179.4,225.26897
2021-12-06T11:00:00.000000000,177.79,235.45637
2021-12-06T12:00:00.000000000,188.98,241.25695
2021-12-06T13:00:00.000000000,210.13,248.11144
2021-12-06T14:00:00.000000000,223.18,257.77994
2021-12-06T15:00:00.000000000,225.29,269.03354
2021-12-06T16:00:00.000000000,217.8,275.63161
2021-12-06T17:00:00.000000000,222.8,281.75352
2021-12-06T18:00:00.000000000,230.48,287.49562
2021-12-06T19:00:00.000000000,237.69,289.11497
2021-12-06T20:00:00.000000000,253.54,292.54927
2021-12-06T21:00:00.000000000,245.34,294.86068
2021-12-06T22:00:00.000000000,252.15,299.38262
2021-12-06T23:00:00.000000000,282.41,300.51268
2021-12-04T00:00:00.000000000,319.54,329.95293
2021-12-04T01:00:00.000000000,301.15,319.0453
2021-12-04T02:00:00.000000000,284.64,301.25304
2021-12-04T03:00:00.000000000,274.27,283.13091
2021-12-04T04:00:00.000000000,270.54,265.64344
2021-12-04T05:00:00.000000000,255.18,251.66253
2021-12-04T06:00:00.000000000,233.9,243.21216
2021-12-04T07:00:00.000000000,220.06,239.76369
2021-12-04T08:00:00.000000000,221.16,241.42778
2021-12-04T09:00:00.000000000,235.72,250.48896
2021-12-04T10:00:00.000000000,246.16,261.26822
2021-12-04T11:00:00.000000000,250.29,271.83509
2021-12-04T12:00:00.000000000,259.9,278.03305
2021-12-04T13:00:00.000000000,274.92,283.16071
2021-12-04T14:00:00.000000000,278.31,291.35805
2021-12-04T15:00:00.000000000,288.5,301.4599
2021-12-04T16:00:00.000000000,305.21,308.02488
2021-12-04T17:00:00.000000000,307.42,312.7899
2021-12-04T18:00:00.000000000,310.41,315.75448
2021-12-04T19:00:00.000000000,314.67,316.14625
2021-12-04T20:00:00.000000000,323.94,318.35984
2021-12-04T21:00:00.000000000,331.12,320.82357
2021-12-04T22:00:00.000000000,334.36,326.34366
2021-12-04T23:00:00.000000000,350.9,328.43324
2021-12-05T00:00:00.000000000,374.92,326.01187
2021-12-05T01:00:00.000000000,374.77,323.7931
2021-12-05T02:00:00.000000000,371.85,318.88437
2021-12-05T03:00:00.000000000,368.71,313.05073
2021-12-05T04:00:00.000000000,365.08,304.5453
2021-12-05T05:00:00.000000000,351.02,294.91762
2021-12-05T06:00:00.000000000,324.81,284.3166
2021-12-05T07:00:00.000000000,292.62,274.67511
2021-12-05T08:00:00.000000000,242.64,267.5581
2021-12-05T09:00:00.000000000,213.34,265.17108
2021-12-05T10:00:00.000000000,192.98,262.49944
2021-12-05T11:00:00.000000000,183.34,260.97167
2021-12-05T12:00:00.000000000,175.07,258.33209
2021-12-05T13:00:00.000000000,170.22,258.12886
2021-12-05T14:00:00.000000000,176.67,261.67499
2021-12-05T15:00:00.000000000,184.81,266.68575
2021-12-05T16:00:00.000000000,195.54,269.23069
2021-12-05T17:00:00.000000000,197.14,269.75017
2021-12-05T18:00:00.000000000,204.83,271.37489
2021-12-05T19:00:00.000000000,212.37,271.26252
2021-12-05T20:00:00.000000000,213.47,272.75251
2021-12-05T21:00:00.000000000,213.41,274.57149
2021-12-05T22:00:00.000000000,217.3,276.83159
2021-12-05T23:00:00.000000000,223.84,277.96558
2021-12-06T00:00:00.000000000,241.14,301.59685
2021-12-06T01:00:00.000000000,240.1,292.34917
2021-12-06T02:00:00.000000000,232.98,277.49494
2021-12-06T03:00:00.000000000,227.77,263.53383
2021-12-06T04:00:00.000000000,227.38,250.66375
2021-12-06T05:00:00.000000000,221.04,240.32665
2021-12-06T06:00:00.000000000,212.24,232.91802
2021-12-06T07:00:00.000000000,204.72,229.02476
2021-12-06T08:00:00.000000000,193.85,229.71009
2021-12-06T09:00:00.000000000,184.51,236.79091
2021-12-06T10:00:00.000000000,179.4,244.80147
2021-12-06T11:00:00.000000000,177.79,252.78477
2021-12-06T12:00:00.000000000,188.98,258.15587
2021-12-06T13:00:00.000000000,210.13,264.2478
2021-12-06T14:00:00.000000000,223.18,274.09161
2021-12-06T15:00:00.000000000,225.29,285.74886
2021-12-06T16:00:00.000000000,217.8,293.19956
2021-12-06T17:00:00.000000000,222.8,299.13382
2021-12-06T18:00:00.000000000,230.48,304.07366
2021-12-06T19:00:00.000000000,237.69,305.57138
2021-12-06T20:00:00.000000000,253.54,307.77865
2021-12-06T21:00:00.000000000,245.34,309.14155
2021-12-06T22:00:00.000000000,252.15,312.17854
2021-12-06T23:00:00.000000000,282.41,311.94102
2021-12-07T00:00:00.000000000,328.0,307.86499
2021-12-07T01:00:00.000000000,322.89,310.37934
2021-12-07T02:00:00.000000000,318.01,310.01176
2021-12-07T03:00:00.000000000,316.49,308.35232
2021-12-07T04:00:00.000000000,319.25,306.93026
2021-12-07T05:00:00.000000000,309.51,305.0542
2021-12-07T06:00:00.000000000,302.03,303.14474
2021-12-07T07:00:00.000000000,290.41,302.14242
2021-12-07T08:00:00.000000000,272.4,303.43286
2021-12-07T09:00:00.000000000,248.62,307.97232
2021-12-07T10:00:00.000000000,238.79,311.30252
2021-12-07T11:00:00.000000000,241.58,313.60739
2021-12-07T12:00:00.000000000,248.79,311.78395
2021-12-07T13:00:00.000000000,277.0,310.25855
2021-12-07T14:00:00.000000000,289.49,311.12129
2021-12-07T15:00:00.000000000,277.06,312.60915
2021-12-07T16:00:00.000000000,257.09,310.19175
2021-12-07T17:00:00.000000000,248.03,306.58144
2021-12-07T18:00:00.000000000,256.59,303.91438
2021-12-07T19:00:00.000000000,270.8,300.26649
2021-12-07T20:00:00.000000000,292.81,299.24982
2021-12-07T21:00:00.000000000,308.33,301.0754
2021-12-07T22:00:00.000000000,324.76,304.97882
2021-12-07T23:00:00.000000000,353.02,307.69346
2021-12-05T00:00:00.000000000,374.92,318.89968
2021-12-05T01:00:00.000000000,374.77,314.65582
2021-12-05T02:00:00.000000000,371.85,305.58593
2021-12-05T03:00:00.000000000,368.71,295.73001
2021-12-05T04:00:00.000000000,365.08,282.95371
2021-12-05T05:00:00.000000000,351.02,269.82052
2021-12-05T06:00:00.000000000,324.81,255.39865
2021-12-05T07:00:00.000000000,292.62,242.20292
2021-12-05T08:00:00.000000000,242.64,231.81616
2021-12-05T09:00:00.000000000,213.34,227.22186
2021-12-05T10:00:00.000000000,192.98,223.08432
2021-12-05T11:00:00.000000000,183.34,221.49291
2021-12-05T12:00:00.000000000,175.07,220.47428
2021-12-05T13:00:00.000000000,170.22,222.26583
2021-12-05T14:00:00.000000000,176.67,226.79361
2021-12-05T15:00:00.000000000,184.81,232.72452
2021-12-05T16:00:00.000000000,195.54,236.79831
2021-12-05T17:00:00.000000000,197.14,239.61981
2021-12-05T18:00:00.000000000,204.83,243.95585
2021-12-05T19:00:00.000000000,212.37,245.75584
2021-12-05T20:00:00.000000000,213.47,249.71029
2021-12-05T21:00:00.000000000,213.41,253.57819
2021-12-05T22:00:00.000000000,217.3,257.85146
2021-12-05T23:00:00.000000000,223.84,261.04624
2021-12-06T00:00:00.000000000,241.14,272.48702
2021-12-06T01:00:00.000000000,240.1,264.05422
2021-12-06T02:00:00.000000000,232.98,249.81096
2021-12-06T03:00:00.000000000,227.77,237.84197
2021-12-06T04:00:00.000000000,227.38,227.87946
2021-12-06T05:00:00.000000000,221.04,219.92503
2021-12-06T06:00:00.000000000,212.24,213.48883
2021-12-06T07:00:00.000000000,204.72,208.95083
2021-12-06T08:00:00.000000000,193.85,209.10169
2021-12-06T09:00:00.000000000,184.51,215.39048
2021-12-06T10:00:00.000000000,179.4,222.53682
2021-12-06T11:00:00.000000000,177.79,228.50946
2021-12-06T12:00:00.000000000,188.98,231.66873
2021-12-06T13:00:00.000000000,210.13,237.14498
2021-12-06T14:00:00.000000000,223.18,245.57986
2021-12-06T15:00:00.000000000,225.29,255.29641
2021-12-06T16:00:00.000000000,217.8,260.95664
2021-12-06T17:00:00.000000000,222.8,266.6959
2021-12-06T18:00:00.000000000,230.48,273.37023
2021-12-06T19:00:00.000000000,237.69,276.22234
2021-12-06T20:00:00.000000000,253.54,280.40088
2021-12-06T21:00:00.000000000,245.34,282.67842
2021-12-06T22:00:00.000000000,252.15,285.39537
2021-12-06T23:00:00.000000000,282.41,285.19983
2021-12-07T00:00:00.000000000,328.0,282.10359
2021-12-07T01:00:00.000000000,322.89,284.03233
2021-12-07T02:00:00.000000000,318.01,281.70084
2021-12-07T03:00:00.000000000,316.49,278.0794
2021-12-07T04:00:00.000000000,319.25,276.55902
2021-12-07T05:00:00.000000000,309.51,277.0698
2021-12-07T06:00:00.000000000,302.03,278.97657
2021-12-07T07:00:00.000000000,290.41,282.82557
2021-12-07T08:00:00.000000000,272.4,288.97662
2021-12-07T09:00:00.000000000,248.62,297.78339
2021-12-07T10:00:00.000000000,238.79,303.73816
2021-12-07T11:00:00.000000000,241.58,306.33859
2021-12-07T12:00:00.000000000,248.79,303.03307
2021-12-07T13:00:00.000000000,277.0,299.31716
2021-12-07T14:00:00.000000000,289.49,297.96447
2021-12-07T15:00:00.000000000,277.06,297.48011
2021-12-07T16:00:00.000000000,257.09,294.50503
2021-12-07T17:00:00.000000000,248.03,292.70684
2021-12-07T18:00:00.000000000,256.59,293.27865
2021-12-07T19:00:00.000000000,270.8,293.15084
2021-12-07T20:00:00.000000000,292.81,295.34734
2021-12-07T21:00:00.000000000,308.33,300.07537
2021-12-07T22:00:00.000000000,324.76,306.70272
2021-12-07T23:00:00.000000000,353.02,311.60042
2021-12-08T00:00:00.000000000,371.22,338.2683
2021-12-08T01:00:00.000000000,362.72,337.84361
2021-12-08T02:00:00.000000000,360.8,336.11043
2021-12-08T03:00:00.000000000,351.15,334.16612
2021-12-08T04:00:00.000000000,349.02,333.15466
2021-12-08T05:00:00.000000000,351.23,330.83008
2021-12-08T06:00:00.000000000,353.5,328.76609
2021-12-08T07:00:00.000000000,353.6,327.38547
2021-12-08T08:00:00.000000000,352.48,328.13236
2021-12-08T09:00:00.000000000,352.44,332.77354
2021-12-08T10:00:00.000000000,357.26,337.3902
2021-12-08T11:00:00.000000000,360.02,341.55225
2021-12-08T12:00:00.000000000,360.71,342.70128
2021-12-08T13:00:00.000000000,372.61,343.97156
2021-12-08T14:00:00.000000000,382.2,348.82426
2021-12-08T15:00:00.000000000,362.24,355.15522
2021-12-08T16:00:00.000000000,348.41,356.13232
2021-12-08T17:00:00.000000000,344.76,355.12413
2021-12-08T18:00:00.000000000,334.93,353.5127
2021-12-08T19:00:00.000000000,320.16,351.22033
2021-12-08T20:00:00.000000000,292.47,350.15055
2021-12-08T21:00:00.000000000,265.7,350.23513
2021-12-08T22:00:00.000000000,256.39,352.06871
2021-12-08T23:00:00.000000000,265.29,351.24944
2021-12-06T00:00:00.000000000,241.14,224.45091
2021-12-06T01:00:00.000000000,240.1,216.45214
2021-12-06T02:00:00.000000000,232.98,203.02182
2021-12-06T03:00:00.000000000,227.77,194.19101
2021-12-06T04:00:00.000000000,227.38,189.94101
2021-12-06T05:00:00.000000000,221.04,188.61055
2021-12-06T06:00:00.000000000,212.24,188.45294
2021-12-06T07:00:00.000000000,204.72,188.727
2021-12-06T08:00:00.000000000,193.85,192.57021
2021-12-06T09:00:00.000000000,184.51,199.83651
2021-12-06T10:00:00.000000000,179.4,204.98866
2021-12-06T11:00:00.000000000,177.79,206.1488
2021-12-06T12:00:00.000000000,188.98,204.87653
2021-12-06T13:00:00.000000000,210.13,207.93338
2021-12-06T14:00:00.000000000,223.18,213.52184
2021-12-06T15:00:00.000000000,225.29,220.28244
2021-12-06T16:00:00.000000000,217.8,223.18753
2021-12-06T17:00:00.000000000,222.8,228.09426
2021-12-06T18:00:00.000000000,230.48,236.80968
2021-12-06T19:00:00.000000000,237.69,241.83636
2021-12-06T20:00:00.000000000,253.54,248.10091
2021-12-06T21:00:00.000000000,245.34,250.09364
2021-12-06T22:00:00.000000000,252.15,250.50448
2021-12-06T23:00:00.000000000,282.41,248.77574
2021-12-07T00:00:00.000000000,328.0,256.62875
2021-12-07T01:00:00.000000000,322.89,255.98864
2021-12-07T02:00:00.000000000,318.01,251.0319
2021-12-07T03:00:00.000000000,316.49,246.52198
2021-12-07T04:00:00.000000000,319.25,245.82869
2021-12-07T05:00:00.000000000,309.51,248.38021
2021-12-07T06:00:00.000000000,302.03,252.50695
2021-12-07T07:00:00.000000000,290.41,258.22774
2021-12-07T08:00:00.000000000,272.4,266.22947
2021-12-07T09:00:00.000000000,248.62,276.91822
2021-12-07T10:00:00.000000000,238.79,284.56036
2021-12-07T11:00:00.000000000,241.58,288.24157
2021-12-07T12:00:00.000000000,248.79,286.25852
2021-12-07T13:00:00.000000000,277.0,283.94701
2021-12-07T14:00:00.000000000,289.49,283.58771
2021-12-07T15:00:00.000000000,277.06,284.06931
2021-12-07T16:00:00.000000000,257.09,282.09673
2021-12-07T17:00:00.000000000,248.03,282.39676
2021-12-07T18:00:00.000000000,256.59,285.48558
2021-12-07T19:00:00.000000000,270.8,287.21635
2021-12-07T20:00:00.000000000,292.81,290.21461
2021-12-07T21:00:00.000000000,308.33,293.50128
2021-12-07T22:00:00.000000000,324.76,298.25146
2021-12-07T23:00:00.000000000,353.02,301.06032
2021-12-08T00:00:00.000000000,371.22,322.91208
2021-12-08T01:00:00.000000000,362.72,319.2775
2021-12-08T02:00:00.000000000,360.8,313.23969
2021-12-08T03:00:00.000000000,351.15,307.32318
2021-12-08T04:00:00.000000000,349.02,304.26505
2021-12-08T05:00:00.000000000,351.23,302.76694
2021-12-08T06:00:00.000000000,353.5,304.71592
2021-12-08T07:00:00.000000000,353.6,309.43732
2021-12-08T08:00:00.000000000,352.48,317.89023
2021-12-08T09:00:00.000000000,352.44,329.80188
2021-12-08T10:00:00.000000000,357.26,340.27772
2021-12-08T11:00:00.000000000,360.02,346.67508
2021-12-08T12:00:00.000000000,360.71,345.90193
2021-12-08T13:00:00.000000000,372.61,343.09247
2021-12-08T14:00:00.000000000,382.2,342.20062
2021-12-08T15:00:00.000000000,362.24,342.71
2021-12-08T16:00:00.000000000,348.41,339.58474
2021-12-08T17:00:00.000000000,344.76,337.21729
2021-12-08T18:00:00.000000000,334.93,336.05673
2021-12-08T19:00:00.000000000,320.16,334.8865
2021-12-08T20:00:00.000000000,292.47,335.64547
2021-12-08T21:00:00.000000000,265.7,336.79815
2021-12-08T22:00:00.000000000,256.39,338.82069
2021-12-08T23:00:00.000000000,265.29,337.6463
2021-12-09T00:00:00.000000000,294.85,303.78651
2021-12-09T01:00:00.000000000,272.6,298.91433
2021-12-09T02:00:00.000000000,236.95,289.31967
2021-12-09T03:00:00.000000000,219.25,279.75419
2021-12-09T04:00:00.000000000,213.93,269.46979
2021-12-09T05:00:00.000000000,207.36,259.86282
2021-12-09T06:00:00.000000000,196.6,250.18188
2021-12-09T07:00:00.000000000,188.04,242.2068
2021-12-09T08:00:00.000000000,177.13,237.37588
2021-12-09T09:00:00.000000000,181.86,237.81264
2021-12-09T10:00:00.000000000,181.1,237.92341
2021-12-09T11:00:00.000000000,187.88,238.36936
2021-12-09T12:00:00.000000000,208.11,237.26051
2021-12-09T13:00:00.000000000,242.32,238.07252
2021-12-09T14:00:00.000000000,266.23,241.43879
2021-12-09T15:00:00.000000000,269.9,246.54366
2021-12-09T16:00:00.000000000,265.57,249.56723
2021-12-09T17:00:00.000000000,264.85,252.35268
2021-12-09T18:00:00.000000000,255.61,256.54714
2021-12-09T19:00:00.000000000,239.11,258.44004
2021-12-09T20:00:00.000000000,231.5,262.08427
2021-12-09T21:00:00.000000000,236.55,265.19604
2021-12-09T22:00:00.000000000,253.82,268.95874
2021-12-09T23:00:00.000000000,282.7,270.9502
2021-12-07T00:00:00.000000000,328.0,302.57618
2021-12-07T01:00:00.000000000,322.89,292.76587
2021-12-07T02:00:00.000000000,318.01,275.20969
2021-12-07T03:00:00.000000000,316.49,257.97801
2021-12-07T04:00:00.000000000,319.25,241.56061
2021-12-07T05:00:00.000000000,309.51,229.28588
2021-12-07T06:00:00.000000000,302.03,221.94933
2021-12-07T07:00:00.000000000,290.41,218.91672
2021-12-07T08:00:00.000000000,272.4,220.39153
2021-12-07T09:00:00.000000000,248.62,228.48232
2021-12-07T10:00:00.000000000,238.79,237.74365
2021-12-07T11:00:00.000000000,241.58,247.03043
2021-12-07T12:00:00.000000000,248.79,253.75514
2021-12-07T13:00:00.000000000,277.0,261.34788
2021-12-07T14:00:00.000000000,289.49,272.37103
2021-12-07T15:00:00.000000000,277.06,284.20385
2021-12-07T16:00:00.000000000,257.09,290.5721
2021-12-07T17:00:00.000000000,248.03,293.99315
2021-12-07T18:00:00.000000000,256.59,296.2871
2021-12-07T19:00:00.000000000,270.8,295.23981
2021-12-07T20:00:00.000000000,292.81,296.38849
2021-12-07T21:00:00.000000000,308.33,298.00748
2021-12-07T22:00:00.000000000,324.76,302.42531
2021-12-07T23:00:00.000000000,353.02,304.87825
2021-12-08T00:00:00.000000000,371.22,315.98975
2021-12-08T01:00:00.000000000,362.72,320.30314
2021-12-08T02:00:00.000000000,360.8,321.69083
2021-12-08T03:00:00.000000000,351.15,321.68112
2021-12-08T04:00:00.000000000,349.02,322.7367
2021-12-08T05:00:00.000000000,351.23,323.30317
2021-12-08T06:00:00.000000000,353.5,324.44269
2021-12-08T07:00:00.000000000,353.6,326.6484
2021-12-08T08:00:00.000000000,352.48,330.6187
2021-12-08T09:00:00.000000000,352.44,337.74533
2021-12-08T10:00:00.000000000,357.26,343.27784
2021-12-08T11:00:00.000000000,360.02,345.88053
2021-12-08T12:00:00.000000000,360.71,343.35556
2021-12-08T13:00:00.000000000,372.61,340.7878
2021-12-08T14:00:00.000000000,382.2,341.04179
2021-12-08T15:00:00.000000000,362.24,342.05546
2021-12-08T16:00:00.000000000,348.41,338.32227
2021-12-08T17:00:00.000000000,344.76,333.9944
2021-12-08T18:00:00.000000000,334.93,330.7313
2021-12-08T19:00:00.000000000,320.16,328.00107
2021-12-08T20:00:00.000000000,292.47,328.27977
2021-12-08T21:00:00.000000000,265.7,331.50537
2021-12-08T22:00:00.000000000,256.39,337.53478
2021-12-08T23:00:00.000000000,265.29,341.83646
2021-12-09T00:00:00.000000000,294.85,296.63541
2021-12-09T01:00:00.000000000,272.6,294.50611
2021-12-09T02:00:00.000000000,236.95,288.2136
2021-12-09T03:00:00.000000000,219.25,282.03299
2021-12-09T04:00:00.000000000,213.93,274.57215
2021-12-09T05:00:00.000000000,207.36,266.26382
2021-12-09T06:00:00.000000000,196.6,254.95347
2021-12-09T07:00:00.000000000,188.04,243.83856
2021-12-09T08:00:00.000000000,177.13,235.0285
2021-12-09T09:00:00.000000000,181.86,230.57514
2021-12-09T10:00:00.000000000,181.1,225.13512
2021-12-09T11:00:00.000000000,187.88,220.66961
2021-12-09T12:00:00.000000000,208.11,216.40205
2021-12-09T13:00:00.000000000,242.32,215.75305
2021-12-09T14:00:00.000000000,266.23,218.23904
2021-12-09T15:00:00.000000000,269.9,222.5322
2021-12-09T16:00:00.000000000,265.57,225.49648
2021-12-09T17:00:00.000000000,264.85,229.08976
2021-12-09T18:00:00.000000000,255.61,235.48104
2021-12-09T19:00:00.000000000,239.11,239.86719
2021-12-09T20:00:00.000000000,231.5,246.34562
2021-12-09T21:00:00.000000000,236.55,252.12537
2021-12-09T22:00:00.000000000,253.82,257.17621
2021-12-09T23:00:00.000000000,282.7,260.40311
2021-12-10T00:00:00.000000000,304.28,211.75021
2021-12-10T01:00:00.000000000,282.87,206.33533
2021-12-10T02:00:00.000000000,247.76,194.83501
2021-12-10T03:00:00.000000000,224.78,187.46674
2021-12-10T04:00:00.000000000,217.85,184.45175
2021-12-10T05:00:00.000000000,202.91,183.96752
2021-12-10T06:00:00.000000000,183.83,181.42982
2021-12-10T07:00:00.000000000,179.12,177.53645
2021-12-10T08:00:00.000000000,182.06,177.79592
2021-12-10T09:00:00.000000000,179.33,180.43108
2021-12-10T10:00:00.000000000,177.84,180.78811
2021-12-10T11:00:00.000000000,182.38,176.46927
2021-12-10T12:00:00.000000000,188.22,168.65883
2021-12-10T13:00:00.000000000,201.04,166.13251
2021-12-10T14:00:00.000000000,234.97,165.98622
2021-12-10T15:00:00.000000000,221.47,167.39308
2021-12-10T16:00:00.000000000,203.0,165.92547
2021-12-10T17:00:00.000000000,205.53,168.25132
2021-12-10T18:00:00.000000000,215.6,175.79472
2021-12-10T19:00:00.000000000,226.18,179.6968
2021-12-10T20:00:00.000000000,233.72,187.08936
2021-12-10T21:00:00.000000000,238.7,191.90389
2021-12-10T22:00:00.000000000,240.79,193.82306
2021-12-10T23:00:00.000000000,245.4,195.38234
2021-12-08T00:00:00.000000000,371.22,347.62612
2021-12-08T01:00:00.000000000,362.72,348.35501
2021-12-08T02:00:00.000000000,360.8,346.99373
2021-12-08T03:00:00.000000000,351.15,344.62383
2021-12-08T04:00:00.000000000,349.02,341.69824
2021-12-08T05:00:00.000000000,351.23,336.80052
2021-12-08T06:00:00.000000000,353.5,331.40467
2021-12-08T07:00:00.000000000,353.6,326.22893
2021-12-08T08:00:00.000000000,352.48,323.2282
2021-12-08T09:00:00.000000000,352.44,325.03135
2021-12-08T10:00:00.000000000,357.26,328.47761
2021-12-08T11:00:00.000000000,360.02,332.59576
2021-12-08T12:00:00.000000000,360.71,334.07587
2021-12-08T13:00:00.000000000,372.61,336.13796
2021-12-08T14:00:00.000000000,382.2,341.56695
2021-12-08T15:00:00.000000000,362.24,347.24144
2021-12-08T16:00:00.000000000,348.41,347.15764
2021-12-08T17:00:00.000000000,344.76,344.70032
2021-12-08T18:00:00.000000000,334.93,341.89209
2021-12-08T19:00:00.000000000,320.16,338.83696
2021-12-08T20:00:00.000000000,292.47,338.26475
2021-12-08T21:00:00.000000000,265.7,340.36744
2021-12-08T22:00:00.000000000,256.39,344.47431
2021-12-08T23:00:00.000000000,265.29,346.05481
2021-12-09T00:00:00.000000000,294.85,299.51917
2021-12-09T01:00:00.000000000,272.6,295.15923
2021-12-09T02:00:00.000000000,236.95,285.76884
2021-12-09T03:00:00.000000000,219.25,276.64593
2021-12-09T04:00:00.000000000,213.93,267.03822
2021-12-09T05:00:00.000000000,207.36,257.71382
2021-12-09T06:00:00.000000000,196.6,247.01251
2021-12-09T07:00:00.000000000,188.04,237.49388
2021-12-09T08:00:00.000000000,177.13,231.04278
2021-12-09T09:00:00.000000000,181.86,229.55269
2021-12-09T10:00:00.000000000,181.1,227.61504
2021-12-09T11:00:00.000000000,187.88,226.33204
2021-12-09T12:00:00.000000000,208.11,224.30447
2021-12-09T13:00:00.000000000,242.32,225.01268
2021-12-09T14:00:00.000000000,266.23,229.03866
2021-12-09T15:00:00.000000000,269.9,234.84574
2021-12-09T16:00:00.000000000,265.57,238.77056
2021-12-09T17:00:00.000000000,264.85,242.98103
2021-12-09T18:00:00.000000000,255.61,249.11826
2021-12-09T19:00:00.000000000,239.11,253.02509
2021-12-09T20:00:00.000000000,231.5,259.03178
2021-12-09T21:00:00.000000000,236.55,264.5066
2021-12-09T22:00:00.000000000,253.82,269.81041
2021-12-09T23:00:00.000000000,282.7,273.01584
2021-12-10T00:00:00.000000000,304.28,231.3841
2021-12-10T01:00:00.000000000,282.87,227.55802
2021-12-10T02:00:00.000000000,247.76,216.99678
2021-12-10T03:00:00.000000000,224.78,208.9572
2021-12-10T04:00:00.000000000,217.85,203.35008
2021-12-10T05:00:00.000000000,202.91,199.33124
2021-12-10T06:00:00.000000000,183.83,193.39779
2021-12-10T07:00:00.000000000,179.12,187.04883
2021-12-10T08:00:00.000000000,182.06,184.34905
2021-12-10T09:00:00.000000000,179.33,184.43411
2021-12-10T10:00:00.000000000,177.84,181.53406
2021-12-10T11:00:00.000000000,182.38,174.47618
2021-12-10T12:00:00.000000000,188.22,165.09923
2021-12-10T13:00:00.000000000,201.04,161.42689
2021-12-10T14:00:00.000000000,234.97,159.33964
2021-12-10T15:00:00.000000000,221.47,158.88486
2021-12-10T16:00:00.000000000,203.0,156.56202
2021-12-10T17:00:00.000000000,205.53,157.92423
2021-12-10T18:00:00.000000000,215.6,165.27947
2021-12-10T19:00:00.000000000,226.18,169.81161
2021-12-10T20:00:00.000000000,233.72,177.44499
2021-12-10T21:00:00.000000000,238.7,182.81861
2021-12-10T22:00:00.000000000,240.79,186.00833
2021-12-10T23:00:00.000000000,245.4,189.01461
2021-12-11T00:00:00.000000000,250.04,217.42064
2021-12-11T01:00:00.000000000,246.96,211.75423
2021-12-11T02:00:00.000000000,246.12,202.51511
2021-12-11T03:00:00.000000000,236.6,197.19462
2021-12-11T04:00:00.000000000,235.32,196.54279
2021-12-11T05:00:00.000000000,235.24,200.27952
2021-12-11T06:00:00.000000000,231.74,206.61986
2021-12-11T07:00:00.000000000,229.12,213.55613
2021-12-11T08:00:00.000000000,219.64,222.75204
2021-12-11T09:00:00.000000000,216.07,233.9829
2021-12-11T10:00:00.000000000,217.22,242.00454
2021-12-11T11:00:00.000000000,225.76,245.80873
2021-12-11T12:00:00.000000000,242.45,246.77971
2021-12-11T13:00:00.000000000,234.54,250.61491
2021-12-11T14:00:00.000000000,267.61,257.28377
2021-12-11T15:00:00.000000000,292.69,264.99188
2021-12-11T16:00:00.000000000,289.85,267.36121
2021-12-11T17:00:00.000000000,265.96,269.84946
2021-12-11T18:00:00.000000000,273.34,274.75678
2021-12-11T19:00:00.000000000,283.89,276.15465
2021-12-11T20:00:00.000000000,287.75,278.00828
2021-12-11T21:00:00.000000000,283.87,275.98172
2021-12-11T22:00:00.000000000,281.04,273.8796
2021-12-11T23:00:00.000000000,302.97,269.6604
2021-12-09T00:00:00.000000000,294.85,243.26047
2021-12-09T01:00:00.000000000,272.6,235.75454
2021-12-09T02:00:00.000000000,236.95,221.11438
2021-12-09T03:00:00.000000000,219.25,209.52241
2021-12-09T04:00:00.000000000,213.93,202.04098
2021-12-09T05:00:00.000000000,207.36,198.00297
2021-12-09T06:00:00.000000000,196.6,194.31065
2021-12-09T07:00:00.000000000,188.04,191.74205
2021-12-09T08:00:00.000000000,177.13,193.265
2021-12-09T09:00:00.000000000,181.86,198.42978
2021-12-09T10:00:00.000000000,181.1,201.54338
2021-12-09T11:00:00.000000000,187.88,201.12295
2021-12-09T12:00:00.000000000,208.11,197.64364
2021-12-09T13:00:00.000000000,242.32,197.61718
2021-12-09T14:00:00.000000000,266.23,200.73878
2021-12-09T15:00:00.000000000,269.9,205.4592
2021-12-09T16:00:00.000000000,265.57,207.34893
2021-12-09T17:00:00.000000000,264.85,211.76597
2021-12-09T18:00:00.000000000,255.61,219.85225
2021-12-09T19:00:00.000000000,239.11,225.06268
2021-12-09T20:00:00.000000000,231.5,232.80862
2021-12-09T21:00:00.000000000,236.55,238.42846
2021-12-09T22:00:00.000000000,253.82,242.65878
2021-12-09T23:00:00.000000000,282.7,245.42035
2021-12-10T00:00:00.000000000,304.28,201.93773
2021-12-10T01:00:00.000000000,282.87,196.44198
2021-12-10T02:00:00.000000000,247.76,184.75696
2021-12-10T03:00:00.000000000,224.78,177.38009
2021-12-10T04:00:00.000000000,217.85,174.98998
2021-12-10T05:00:00.000000000,202.91,175.95163
2021-12-10T06:00:00.000000000,183.83,175.23889
2021-12-10T07:00:00.000000000,179.12,173.16666
2021-12-10T08:00:00.000000000,182.06,175.28141
2021-12-10T09:00:00.000000000,179.33,179.33787
2021-12-10T10:00:00.000000000,177.84,180.59353
2021-12-10T11:00:00.000000000,182.38,176.26644
2021-12-10T12:00:00.000000000,188.22,167.7917
2021-12-10T13:00:00.000000000,201.04,164.43504
2021-12-10T14:00:00.000000000,234.97,163.46633
2021-12-10T15:00:00.000000000,221.47,164.14477
2021-12-10T16:00:00.000000000,203.0,161.82416
2021-12-10T17:00:00.000000000,205.53,163.57131
2021-12-10T18:00:00.000000000,215.6,170.72355
2021-12-10T19:00:00.000000000,226.18,174.15381
2021-12-10T20:00:00.000000000,233.72,180.96131
2021-12-10T21:00:00.000000000,238.7,185.09339
2021-12-10T22:00:00.000000000,240.79,186.38054
2021-12-10T23:00:00.000000000,245.4,187.77618
2021-12-11T00:00:00.000000000,250.04,221.56801
2021-12-11T01:00:00.000000000,246.96,214.85226
2021-12-11T02:00:00.000000000,246.12,204.27454
2021-12-11T03:00:00.000000000,236.6,197.71181
2021-12-11T04:00:00.000000000,235.32,195.51087
2021-12-11T05:00:00.000000000,235.24,197.65534
2021-12-11T06:00:00.000000000,231.74,202.60239
2021-12-11T07:00:00.000000000,229.12,208.41612
2021-12-11T08:00:00.000000000,219.64,216.63695
2021-12-11T09:00:00.000000000,216.07,227.47549
2021-12-11T10:00:00.000000000,217.22,235.47248
2021-12-11T11:00:00.000000000,225.76,239.07187
2021-12-11T12:00:00.000000000,242.45,239.94313
2021-12-11T13:00:00.000000000,234.54,243.90873
2021-12-11T14:00:00.000000000,267.61,251.14236
2021-12-11T15:00:00.000000000,292.69,259.85559
2021-12-11T16:00:00.000000000,289.85,263.69218
2021-12-11T17:00:00.000000000,265.96,268.0651
2021-12-11T18:00:00.000000000,273.34,274.84795
2021-12-11T19:00:00.000000000,283.89,278.05372
2021-12-11T20:00:00.000000000,287.75,281.37145
2021-12-11T21:00:00.000000000,283.87,280.21568
2021-12-11T22:00:00.000000000,281.04,278.92521
2021-12-11T23:00:00.000000000,302.97,275.03098
2021-12-12T00:00:00.000000000,349.86,254.25375
2021-12-12T01:00:00.000000000,341.57,249.44578
2021-12-12T02:00:00.000000000,324.63,238.99653
2021-12-12T03:00:00.000000000,309.65,230.7446
2021-12-12T04:00:00.000000000,283.26,225.26024
2021-12-12T05:00:00.000000000,248.69,222.25962
2021-12-12T06:00:00.000000000,230.08,219.06204
2021-12-12T07:00:00.000000000,211.95,216.35317
2021-12-12T08:00:00.000000000,208.99,216.42762
2021-12-12T09:00:00.000000000,208.86,219.53622
2021-12-12T10:00:00.000000000,209.73,220.06304
2021-12-12T11:00:00.000000000,209.82,217.77297
2021-12-12T12:00:00.000000000,212.22,212.88007
2021-12-12T13:00:00.000000000,219.86,211.12501
2021-12-12T14:00:00.000000000,225.7,211.81775
2021-12-12T15:00:00.000000000,225.17,214.11711
2021-12-12T16:00:00.000000000,225.21,214.44332
2021-12-12T17:00:00.000000000,222.39,216.87117
2021-12-12T18:00:00.000000000,220.67,223.13166
2021-12-12T19:00:00.000000000,220.63,227.31251
2021-12-12T20:00:00.000000000,217.94,234.20504
2021-12-12T21:00:00.000000000,212.29,239.16887
2021-12-12T22:00:00.000000000,209.32,243.09726
2021-12-12T23:00:00.000000000,228.16,245.76805
2021-12-10T00:00:00.000000000,304.28,226.80076
2021-12-10T01:00:00.000000000,282.87,220.67047
2021-12-10T02:00:00.000000000,247.76,208.00477
2021-12-10T03:00:00.000000000,224.78,199.37998
2021-12-10T04:00:00.000000000,217.85,194.38066
2021-12-10T05:00:00.000000000,202.91,190.21511
2021-12-10T06:00:00.000000000,183.83,183.28716
2021-12-10T07:00:00.000000000,179.12,175.32117
2021-12-10T08:00:00.000000000,182.06,172.1189
2021-12-10T09:00:00.000000000,179.33,172.11821
2021-12-10T10:00:00.000000000,177.84,170.47569
2021-12-10T11:00:00.000000000,182.38,165.28809
2021-12-10T12:00:00.000000000,188.22,157.84123
2021-12-10T13:00:00.000000000,201.04,156.62429
2021-12-10T14:00:00.000000000,234.97,157.50298
2021-12-10T15:00:00.000000000,221.47,159.71131
2021-12-10T16:00:00.000000000,203.0,159.14151
2021-12-10T17:00:00.000000000,205.53,162.28962
2021-12-10T18:00:00.000000000,215.6,170.86637
2021-12-10T19:00:00.000000000,226.18,175.79885
2021-12-10T20:00:00.000000000,233.72,184.17894
2021-12-10T21:00:00.000000000,238.7,190.00527
2021-12-10T22:00:00.000000000,240.79,192.49297
2021-12-10T23:00:00.000000000,245.4,194.01497
2021-12-11T00:00:00.000000000,250.04,222.80084
2021-12-11T01:00:00.000000000,246.96,218.2798
2021-12-11T02:00:00.000000000,246.12,208.18089
2021-12-11T03:00:00.000000000,236.6,201.46609
2021-12-11T04:00:00.000000000,235.32,198.89689
2021-12-11T05:00:00.000000000,235.24,199.77958
2021-12-11T06:00:00.000000000,231.74,200.16735
2021-12-11T07:00:00.000000000,229.12,200.27494
2021-12-11T08:00:00.000000000,219.64,203.077
2021-12-11T09:00:00.000000000,216.07,208.6636
2021-12-11T10:00:00.000000000,217.22,211.47443
2021-12-11T11:00:00.000000000,225.76,210.01657
2021-12-11T12:00:00.000000000,242.45,205.46138
2021-12-11T13:00:00.000000000,234.54,204.57113
2021-12-11T14:00:00.000000000,267.61,206.79061
2021-12-11T15:00:00.000000000,292.69,210.5204
2021-12-11T16:00:00.000000000,289.85,211.58428
2021-12-11T17:00:00.000000000,265.96,215.63645
2021-12-11T18:00:00.000000000,273.34,224.11494
2021-12-11T19:00:00.000000000,283.89,229.83399
2021-12-11T20:00:00.000000000,287.75,237.6078
2021-12-11T21:00:00.000000000,283.87,242.38614
2021-12-11T22:00:00.000000000,281.04,245.75713
2021-12-11T23:00:00.000000000,302.97,247.72238
2021-12-12T00:00:00.000000000,349.86,248.81459
2021-12-12T01:00:00.000000000,341.57,243.36381
2021-12-12T02:00:00.000000000,324.63,232.74922
2021-12-12T03:00:00.000000000,309.65,224.82635
2021-12-12T04:00:00.000000000,283.26,220.32463
2021-12-12T05:00:00.000000000,248.69,218.46394
2021-12-12T06:00:00.000000000,230.08,216.47352
2021-12-12T07:00:00.000000000,211.95,214.96533
2021-12-12T08:00:00.000000000,208.99,216.40977
2021-12-12T09:00:00.000000000,208.86,220.9821
2021-12-12T10:00:00.000000000,209.73,222.97592
2021-12-12T11:00:00.000000000,209.82,221.82798
2021-12-12T12:00:00.000000000,212.22,217.81084
2021-12-12T13:00:00.000000000,219.86,216.70281
2021-12-12T14:00:00.000000000,225.7,218.39713
2021-12-12T15:00:00.000000000,225.17,221.71752
2021-12-12T16:00:00.000000000,225.21,222.77532
2021-12-12T17:00:00.000000000,222.39,226.02195
2021-12-12T18:00:00.000000000,220.67,232.87651
2021-12-12T19:00:00.000000000,220.63,237.30737
2021-12-12T20:00:00.000000000,217.94,243.54274
2021-12-12T21:00:00.000000000,212.29,247.41884
2021-12-12T22:00:00.000000000,209.32,250.20866
2021-12-12T23:00:00.000000000,228.16,251.70464
2021-12-13T00:00:00.000000000,272.45,232.9208
2021-12-13T01:00:00.000000000,255.43,228.59006
2021-12-13T02:00:00.000000000,240.25,220.73994
2021-12-13T03:00:00.000000000,238.67,215.9427
2021-12-13T04:00:00.000000000,239.56,214.71977
2021-12-13T05:00:00.000000000,235.44,216.80981
2021-12-13T06:00:00.000000000,222.75,219.93209
2021-12-13T07:00:00.000000000,212.13,223.11567
2021-12-13T08:00:00.000000000,204.54,228.58344
2021-12-13T09:00:00.000000000,204.92,236.60946
2021-12-13T10:00:00.000000000,210.58,242.09404
2021-12-13T11:00:00.000000000,220.28,244.51941
2021-12-13T12:00:00.000000000,241.37,243.91535
2021-12-13T13:00:00.000000000,261.87,245.67168
2021-12-13T14:00:00.000000000,275.97,249.78082
2021-12-13T15:00:00.000000000,267.9,254.92512
2021-12-13T16:00:00.000000000,280.74,255.91348
2021-12-13T17:00:00.000000000,293.05,257.26617
2021-12-13T18:00:00.000000000,293.69,261.09787
2021-12-13T19:00:00.000000000,269.06,261.72759
2021-12-13T20:00:00.000000000,253.87,263.58359
2021-12-13T21:00:00.000000000,248.08,262.80952
2021-12-13T22:00:00.000000000,247.36,261.91105
2021-12-13T23:00:00.000000000,271.45,259.80679
2021-12-11T00:00:00.000000000,250.04,246.84385
2021-12-11T01:00:00.000000000,246.96,239.45833
2021-12-11T02:00:00.000000000,246.12,226.311
2021-12-11T03:00:00.000000000,236.6,216.29577
2021-12-11T04:00:00.000000000,235.32,210.22789
2021-12-11T05:00:00.000000000,235.24,207.43727
2021-12-11T06:00:00.000000000,231.74,206.96546
2021-12-11T07:00:00.000000000,229.12,207.98069
2021-12-11T08:00:00.000000000,219.64,212.67096
2021-12-11T09:00:00.000000000,216.07,221.87847
2021-12-11T10:00:00.000000000,217.22,229.63743
2021-12-11T11:00:00.000000000,225.76,233.4082
2021-12-11T12:00:00.000000000,242.45,232.93005
2021-12-11T13:00:00.000000000,234.54,234.62556
2021-12-11T14:00:00.000000000,267.61,238.3309
2021-12-11T15:00:00.000000000,292.69,243.37041
2021-12-11T16:00:00.000000000,289.85,245.40845
2021-12-11T17:00:00.000000000,265.96,249.44061
2021-12-11T18:00:00.000000000,273.34,256.37472
2021-12-11T19:00:00.000000000,283.89,260.45445
2021-12-11T20:00:00.000000000,287.75,265.946
2021-12-11T21:00:00.000000000,283.87,268.41228
2021-12-11T22:00:00.000000000,281.04,270.92466
2021-12-11T23:00:00.000000000,302.97,271.11006
2021-12-12T00:00:00.000000000,349.86,282.93108
2021-12-12T01:00:00.000000000,341.57,275.85486
2021-12-12T02:00:00.000000000,324.63,263.95751
2021-12-12T03:00:00.000000000,309.65,253.46162
2021-12-12T04:00:00.000000000,283.26,244.6876
2021-12-12T05:00:00.000000000,248.69,238.35171
2021-12-12T06:00:00.000000000,230.08,234.20256
2021-12-12T07:00:00.000000000,211.95,232.13517
2021-12-12T08:00:00.000000000,208.99,233.4063
2021-12-12T09:00:00.000000000,208.86,239.0299
2021-12-12T10:00:00.000000000,209.73,243.30148
2021-12-12T11:00:00.000000000,209.82,245.96868
2021-12-12T12:00:00.000000000,212.22,245.86868
2021-12-12T13:00:00.000000000,219.86,247.34055
2021-12-12T14:00:00.000000000,225.7,251.34751
2021-12-12T15:00:00.000000000,225.17,256.96383
2021-12-12T16:00:00.000000000,225.21,259.7875
2021-12-12T17:00:00.000000000,222.39,262.59054
2021-12-12T18:00:00.000000000,220.67,266.91323
2021-12-12T19:00:00.000000000,220.63,268.70264
2021-12-12T20:00:00.000000000,217.94,271.75805
2021-12-12T21:00:00.000000000,212.29,273.12111
2021-12-12T22:00:00.000000000,209.32,275.0598
2021-12-12T23:00:00.000000000,228.16,275.20266
2021-12-13T00:00:00.000000000,272.45,270.75125
2021-12-13T01:00:00.000000000,255.43,265.62086
2021-12-13T02:00:00.000000000,240.25,255.48868
2021-12-13T03:00:00.000000000,238.67,246.63386
2021-12-13T04:00:00.000000000,239.56,239.81156
2021-12-13T05:00:00.000000000,235.44,235.97698
2021-12-13T06:00:00.000000000,222.75,234.04174
2021-12-13T07:00:00.000000000,212.13,233.91953
2021-12-13T08:00:00.000000000,204.54,236.61044
2021-12-13T09:00:00.000000000,204.92,243.58198
2021-12-13T10:00:00.000000000,210.58,249.0033
2021-12-13T11:00:00.000000000,220.28,252.13779
2021-12-13T12:00:00.000000000,241.37,251.85006
2021-12-13T13:00:00.000000000,261.87,252.84177
2021-12-13T14:00:00.000000000,275.97,256.39006
2021-12-13T15:00:00.000000000,267.9,261.30147
2021-12-13T16:00:00.000000000,280.74,263.26913
2021-12-13T17:00:00.000000000,293.05,265.64935
2021-12-13T18:00:00.000000000,293.69,269.87499
2021-12-13T19:00:00.000000000,269.06,271.81882
2021-12-13T20:00:00.000000000,253.87,275.20816
2021-12-13T21:00:00.000000000,248.08,277.25229
2021-12-13T22:00:00.000000000,247.36,280.31266
2021-12-13T23:00:00.000000000,271.45,281.65906
2021-12-14T00:00:00.000000000,298.33,274.94382
2021-12-14T01:00:00.000000000,283.1,272.66165
2021-12-14T02:00:00.000000000,265.4,266.05906
2021-12-14T03:00:00.000000000,254.71,260.26491
2021-12-14T04:00:00.000000000,244.75,254.84543
2021-12-14T05:00:00.000000000,233.43,250.52913
2021-12-14T06:00:00.000000000,223.16,244.78301
2021-12-14T07:00:00.000000000,217.35,239.1959
2021-12-14T08:00:00.000000000,216.78,235.66043
2021-12-14T09:00:00.000000000,214.41,235.56902
2021-12-14T10:00:00.000000000,217.38,233.79662
2021-12-14T11:00:00.000000000,227.39,231.76274
2021-12-14T12:00:00.000000000,234.74,228.67772
2021-12-14T13:00:00.000000000,249.6,228.57666
2021-12-14T14:00:00.000000000,259.84,231.27063
2021-12-14T15:00:00.000000000,255.15,235.27697
2021-12-14T16:00:00.000000000,242.11,236.66731
2021-12-14T17:00:00.000000000,230.82,238.03945
2021-12-14T18:00:00.000000000,231.8,241.88277
2021-12-14T19:00:00.000000000,235.99,243.60872
2021-12-14T20:00:00.000000000,236.14,247.91868
2021-12-14T21:00:00.000000000,236.19,251.52288
2021-12-14T22:00:00.000000000,212.42,254.9685
2021-12-14T23:00:00.000000000,226.16,257.2602
2021-12-12T00:00:00.000000000,349.86,291.38636
2021-12-12T01:00:00.000000000,341.57,283.01848
2021-12-12T02:00:00.000000000,324.63,268.63249
2021-12-12T03:00:00.000000000,309.65,255.44677
2021-12-12T04:00:00.000000000,283.26,243.03783
2021-12-12T05:00:00.000000000,248.69,232.74723
2021-12-12T06:00:00.000000000,230.08,224.19377
2021-12-12T07:00:00.000000000,211.95,217.96287
2021-12-12T08:00:00.000000000,208.99,216.01229
2021-12-12T09:00:00.000000000,208.86,219.89251
2021-12-12T10:00:00.000000000,209.73,224.2592
2021-12-12T11:00:00.000000000,209.82,228.62755
2021-12-12T12:00:00.000000000,212.22,230.95493
2021-12-12T13:00:00.000000000,219.86,235.22885
2021-12-12T14:00:00.000000000,225.7,242.32554
2021-12-12T15:00:00.000000000,225.17,250.72265
2021-12-12T16:00:00.000000000,225.21,255.54649
2021-12-12T17:00:00.000000000,222.39,259.41082
2021-12-12T18:00:00.000000000,220.67,263.90786
2021-12-12T19:00:00.000000000,220.63,265.01192
2021-12-12T20:00:00.000000000,217.94,268.01123
2021-12-12T21:00:00.000000000,212.29,270.11265
2021-12-12T22:00:00.000000000,209.32,272.94508
2021-12-12T23:00:00.000000000,228.16,274.05312
2021-12-13T00:00:00.000000000,272.45,255.72208
2021-12-13T01:00:00.000000000,255.43,249.71149
2021-12-13T02:00:00.000000000,240.25,238.20711
2021-12-13T03:00:00.000000000,238.67,228.76823
2021-12-13T04:00:00.000000000,239.56,222.29107
2021-12-13T05:00:00.000000000,235.44,219.44399
2021-12-13T06:00:00.000000000,222.75,218.5152
2021-12-13T07:00:00.000000000,212.13,219.36916
2021-12-13T08:00:00.000000000,204.54,223.30018
2021-12-13T09:00:00.000000000,204.92,231.88679
2021-12-13T10:00:00.000000000,210.58,239.11357
2021-12-13T11:00:00.000000000,220.28,243.38768
2021-12-13T12:00:00.000000000,241.37,244.10064
2021-12-13T13:00:00.000000000,261.87,246.3577
2021-12-13T14:00:00.000000000,275.97,251.77052
2021-12-13T15:00:00.000000000,267.9,258.69336
2021-12-13T16:00:00.000000000,280.74,262.37248
2021-12-13T17:00:00.000000000,293.05,267.07225
2021-12-13T18:00:00.000000000,293.69,273.73922
2021-12-13T19:00:00.000000000,269.06,277.6122
2021-12-13T20:00:00.000000000,253.87,282.37198
2021-12-13T21:00:00.000000000,248.08,284.96517
2021-12-13T22:00:00.000000000,247.36,288.36265
2021-12-13T23:00:00.000000000,271.45,289.52967
2021-12-14T00:00:00.000000000,298.33,279.2839
2021-12-14T01:00:00.000000000,283.1,275.34515
2021-12-14T02:00:00.000000000,265.4,266.93508
2021-12-14T03:00:00.000000000,254.71,259.61912
2021-12-14T04:00:00.000000000,244.75,252.8277
2021-12-14T05:00:00.000000000,233.43,247.34425
2021-12-14T06:00:00.000000000,223.16,240.80939
2021-12-14T07:00:00.000000000,217.35,234.92979
2021-12-14T08:00:00.000000000,216.78,231.25792
2021-12-14T09:00:00.000000000,214.41,231.36274
2021-12-14T10:00:00.000000000,217.38,230.00737
2021-12-14T11:00:00.000000000,227.39,228.4729
2021-12-14T12:00:00.000000000,234.74,226.38157
2021-12-14T13:00:00.000000000,249.6,227.28498
2021-12-14T14:00:00.000000000,259.84,231.98982
2021-12-14T15:00:00.000000000,255.15,238.46599
2021-12-14T16:00:00.000000000,242.11,242.59069
2021-12-14T17:00:00.000000000,230.82,247.0165
2021-12-14T18:00:00.000000000,231.8,253.67826
2021-12-14T19:00:00.000000000,235.99,258.04148
2021-12-14T20:00:00.000000000,236.14,264.29626
2021-12-14T21:00:00.000000000,236.19,269.16844
2021-12-14T22:00:00.000000000,212.42,273.54704
2021-12-14T23:00:00.000000000,226.16,275.8327
2021-12-15T00:00:00.000000000,252.85,223.07715
2021-12-15T01:00:00.000000000,233.22,217.31896
2021-12-15T02:00:00.000000000,217.89,204.75213
2021-12-15T03:00:00.000000000,215.03,195.93006
2021-12-15T04:00:00.000000000,207.19,191.18325
2021-12-15T05:00:00.000000000,192.16,188.49243
2021-12-15T06:00:00.000000000,183.22,184.02874
2021-12-15T07:00:00.000000000,171.2,178.90473
2021-12-15T08:00:00.000000000,165.16,178.04328
2021-12-15T09:00:00.000000000,160.04,179.81589
2021-12-15T10:00:00.000000000,159.75,179.02931
2021-12-15T11:00:00.000000000,161.55,173.73079
2021-12-15T12:00:00.000000000,165.25,165.43694
2021-12-15T13:00:00.000000000,177.83,162.67758
2021-12-15T14:00:00.000000000,181.14,162.00222
2021-12-15T15:00:00.000000000,180.72,162.85568
2021-12-15T16:00:00.000000000,180.48,161.32389
2021-12-15T17:00:00.000000000,184.4,163.80846
2021-12-15T18:00:00.000000000,194.74,171.94343
2021-12-15T19:00:00.000000000,191.33,176.96263
2021-12-15T20:00:00.000000000,189.85,185.48742
2021-12-15T21:00:00.000000000,192.77,191.47679
2021-12-15T22:00:00.000000000,189.48,194.57631
2021-12-15T23:00:00.000000000,195.0,196.99206
2021-12-13T00:00:00.000000000,272.45,235.67401
2021-12-13T01:00:00.000000000,255.43,228.70386
2021-12-13T02:00:00.000000000,240.25,214.96154
2021-12-13T03:00:00.000000000,238.67,203.98751
2021-12-13T04:00:00.000000000,239.56,197.09401
2021-12-13T05:00:00.000000000,235.44,195.13394
2021-12-13T06:00:00.000000000,222.75,195.32409
2021-12-13T07:00:00.000000000,212.13,197.3654
2021-12-13T08:00:00.000000000,204.54,202.80251
2021-12-13T09:00:00.000000000,204.92,212.46143
2021-12-13T10:00:00.000000000,210.58,220.22802
2021-12-13T11:00:00.000000000,220.28,224.21298
2021-12-13T12:00:00.000000000,241.37,224.73806
2021-12-13T13:00:00.000000000,261.87,227.53802
2021-12-13T14:00:00.000000000,275.97,233.93408
2021-12-13T15:00:00.000000000,267.9,241.68788
2021-12-13T16:00:00.000000000,280.74,245.44257
2021-12-13T17:00:00.000000000,293.05,250.41197
2021-12-13T18:00:00.000000000,293.69,257.83025
2021-12-13T19:00:00.000000000,269.06,261.99579
2021-12-13T20:00:00.000000000,253.87,267.33447
2021-12-13T21:00:00.000000000,248.08,270.281
2021-12-13T22:00:00.000000000,247.36,273.60357
2021-12-13T23:00:00.000000000,271.45,275.28656
2021-12-14T00:00:00.000000000,298.33,258.28011
2021-12-14T01:00:00.000000000,283.1,253.77753
2021-12-14T02:00:00.000000000,265.4,244.43518
2021-12-14T03:00:00.000000000,254.71,237.09
2021-12-14T04:00:00.000000000,244.75,231.76139
2021-12-14T05:00:00.000000000,233.43,228.7908
2021-12-14T06:00:00.000000000,223.16,224.91958
2021-12-14T07:00:00.000000000,217.35,221.39683
2021-12-14T08:00:00.000000000,216.78,220.38355
2021-12-14T09:00:00.000000000,214.41,222.53786
2021-12-14T10:00:00.000000000,217.38,222.76303
2021-12-14T11:00:00.000000000,227.39,221.68068
2021-12-14T12:00:00.000000000,234.74,219.40839
2021-12-14T13:00:00.000000000,249.6,220.4089
2021-12-14T14:00:00.000000000,259.84,225.35642
2021-12-14T15:00:00.000000000,255.15,231.90776
2021-12-14T16:00:00.000000000,242.11,235.31014
2021-12-14T17:00:00.000000000,230.82,239.34682
2021-12-14T18:00:00.000000000,231.8,245.92232
2021-12-14T19:00:00.000000000,235.99,249.86181
2021-12-14T20:00:00.000000000,236.14,255.86621
2021-12-14T21:00:00.000000000,236.19,260.1632
2021-12-14T22:00:00.000000000,212.42,263.59377
2021-12-14T23:00:00.000000000,226.16,265.26395
2021-12-15T00:00:00.000000000,252.85,212.60432
2021-12-15T01:00:00.000000000,233.22,206.1208
2021-12-15T02:00:00.000000000,217.89,192.70426
2021-12-15T03:00:00.000000000,215.03,183.59793
2021-12-15T04:00:00.000000000,207.19,179.63114
2021-12-15T05:00:00.000000000,192.16,178.58421
2021-12-15T06:00:00.000000000,183.22,176.13578
2021-12-15T07:00:00.000000000,171.2,172.92818
2021-12-15T08:00:00.000000000,165.16,174.17215
2021-12-15T09:00:00.000000000,160.04,177.66017
2021-12-15T10:00:00.000000000,159.75,178.36717
2021-12-15T11:00:00.000000000,161.55,173.77212
2021-12-15T12:00:00.000000000,165.25,165.44358
2021-12-15T13:00:00.000000000,177.83,162.41904
2021-12-15T14:00:00.000000000,181.14,161.70883
2021-12-15T15:00:00.000000000,180.72,162.56253
2021-12-15T16:00:00.000000000,180.48,160.75842
2021-12-15T17:00:00.000000000,184.4,163.28148
2021-12-15T18:00:00.000000000,194.74,171.44602
2021-12-15T19:00:00.000000000,191.33,176.35369
2021-12-15T20:00:00.000000000,189.85,184.89279
2021-12-15T21:00:00.000000000,192.77,190.73321
2021-12-15T22:00:00.000000000,189.48,193.48701
2021-12-15T23:00:00.000000000,195.0,195.69078
2021-12-16T00:00:00.000000000,207.42,250.91267
2021-12-16T01:00:00.000000000,217.55,244.85485
2021-12-16T02:00:00.000000000,216.12,232.2896
2021-12-16T03:00:00.000000000,218.51,221.80217
2021-12-16T04:00:00.000000000,213.04,214.59973
2021-12-16T05:00:00.000000000,198.24,211.53861
2021-12-16T06:00:00.000000000,185.49,210.76893
2021-12-16T07:00:00.000000000,186.55,212.2406
2021-12-16T08:00:00.000000000,196.55,216.90076
2021-12-16T09:00:00.000000000,218.48,226.72258
2021-12-16T10:00:00.000000000,243.23,235.4454
2021-12-16T11:00:00.000000000,271.64,240.82057
2021-12-16T12:00:00.000000000,275.5,242.7603
2021-12-16T13:00:00.000000000,282.78,246.52604
2021-12-16T14:00:00.000000000,297.51,254.081
2021-12-16T15:00:00.000000000,282.76,263.14674
2021-12-16T16:00:00.000000000,266.53,268.54573
2021-12-16T17:00:00.000000000,282.43,275.29913
2021-12-16T18:00:00.000000000,298.39,284.08634
2021-12-16T19:00:00.000000000,309.19,290.18494
2021-12-16T20:00:00.000000000,320.87,297.14236
2021-12-16T21:00:00.000000000,331.44,301.66302
2021-12-16T22:00:00.000000000,334.69,307.2575
2021-12-16T23:00:00.000000000,351.63,309.40163
2021-12-14T00:00:00.000000000,298.33,250.4909
2021-12-14T01:00:00.000000000,283.1,244.83834
2021-12-14T02:00:00.000000000,265.4,232.94099
2021-12-14T03:00:00.000000000,254.71,223.31517
2021-12-14T04:00:00.000000000,244.75,216.6442
2021-12-14T05:00:00.000000000,233.43,213.12557
2021-12-14T06:00:00.000000000,223.16,209.01075
2021-12-14T07:00:00.000000000,217.35,205.5294
2021-12-14T08:00:00.000000000,216.78,205.27047
2021-12-14T09:00:00.000000000,214.41,208.03151
2021-12-14T10:00:00.000000000,217.38,208.49268
2021-12-14T11:00:00.000000000,227.39,206.5401
2021-12-14T12:00:00.000000000,234.74,202.53252
2021-12-14T13:00:00.000000000,249.6,201.97591
2021-12-14T14:00:00.000000000,259.84,205.11604
2021-12-14T15:00:00.000000000,255.15,209.95349
2021-12-14T16:00:00.000000000,242.11,211.96364
2021-12-14T17:00:00.000000000,230.82,215.60358
2021-12-14T18:00:00.000000000,231.8,222.51644
2021-12-14T19:00:00.000000000,235.99,226.79387
2021-12-14T20:00:00.000000000,236.14,233.7876
2021-12-14T21:00:00.000000000,236.19,239.27137
2021-12-14T22:00:00.000000000,212.42,243.47729
2021-12-14T23:00:00.000000000,226.16,246.56027
2021-12-15T00:00:00.000000000,252.85,202.8143
2021-12-15T01:00:00.000000000,233.22,196.51344
2021-12-15T02:00:00.000000000,217.89,183.29049
2021-12-15T03:00:00.000000000,215.03,174.48991
2021-12-15T04:00:00.000000000,207.19,171.30249
2021-12-15T05:00:00.000000000,192.16,171.88678
2021-12-15T06:00:00.000000000,183.22,171.24069
2021-12-15T07:00:00.000000000,171.2,169.69394
2021-12-15T08:00:00.000000000,165.16,172.51085
2021-12-15T09:00:00.000000000,160.04,177.14598
2021-12-15T10:00:00.000000000,159.75,178.63761
2021-12-15T11:00:00.000000000,161.55,174.17726
2021-12-15T12:00:00.000000000,165.25,165.47375
2021-12-15T13:00:00.000000000,177.83,161.8705
2021-12-15T14:00:00.000000000,181.14,160.83863
2021-12-15T15:00:00.000000000,180.72,161.48368
2021-12-15T16:00:00.000000000,180.48,159.26364
2021-12-15T17:00:00.000000000,184.4,161.482
2021-12-15T18:00:00.000000000,194.74,169.34296
2021-12-15T19:00:00.000000000,191.33,173.80857
2021-12-15T20:00:00.000000000,189.85,181.86166
2021-12-15T21:00:00.000000000,192.77,187.21911
2021-12-15T22:00:00.000000000,189.48,189.56372
2021-12-15T23:00:00.000000000,195.0,191.75668
2021-12-16T00:00:00.000000000,207.42,251.66858
2021-12-16T01:00:00.000000000,217.55,244.6238
2021-12-16T02:00:00.000000000,216.12,230.32125
2021-12-16T03:00:00.000000000,218.51,218.11714
2021-12-16T04:00:00.000000000,213.04,209.57623
2021-12-16T05:00:00.000000000,198.24,205.55362
2021-12-16T06:00:00.000000000,185.49,204.43389
2021-12-16T07:00:00.000000000,186.55,206.16635
2021-12-16T08:00:00.000000000,196.55,211.59295
2021-12-16T09:00:00.000000000,218.48,222.40086
2021-12-16T10:00:00.000000000,243.23,232.15571
2021-12-16T11:00:00.000000000,271.64,238.23412
2021-12-16T12:00:00.000000000,275.5,240.60831
2021-12-16T13:00:00.000000000,282.78,244.76933
2021-12-16T14:00:00.000000000,297.51,252.79984
2021-12-16T15:00:00.000000000,282.76,262.37925
2021-12-16T16:00:00.000000000,266.53,268.08181
2021-12-16T17:00:00.000000000,282.43,275.24284
2021-12-16T18:00:00.000000000,298.39,284.33467
2021-12-16T19:00:00.000000000,309.19,290.71748
2021-12-16T20:00:00.000000000,320.87,298.00609
2021-12-16T21:00:00.000000000,331.44,302.91403
2021-12-16T22:00:00.000000000,334.69,308.99407
2021-12-16T23:00:00.000000000,351.63,311.35514
2021-12-17T00:00:00.000000000,360.66,298.02052
2021-12-17T01:00:00.000000000,355.23,294.25245
2021-12-17T02:00:00.000000000,344.65,285.31947
2021-12-17T03:00:00.000000000,331.18,276.54685
2021-12-17T04:00:00.000000000,324.88,267.47585
2021-12-17T05:00:00.000000000,318.3,259.07501
2021-12-17T06:00:00.000000000,301.05,249.21704
2021-12-17T07:00:00.000000000,296.14,240.38366
2021-12-17T08:00:00.000000000,277.86,234.02664
2021-12-17T09:00:00.000000000,269.29,232.02403
2021-12-17T10:00:00.000000000,264.33,228.89959
2021-12-17T11:00:00.000000000,261.22,226.32154
2021-12-17T12:00:00.000000000,263.68,223.4524
2021-12-17T13:00:00.000000000,266.27,223.47325
2021-12-17T14:00:00.000000000,271.02,227.30322
2021-12-17T15:00:00.000000000,271.87,232.92976
2021-12-17T16:00:00.000000000,258.95,237.0414
2021-12-17T17:00:00.000000000,234.24,241.71014
2021-12-17T18:00:00.000000000,227.58,248.81283
2021-12-17T19:00:00.000000000,232.22,254.19873
2021-12-17T20:00:00.000000000,238.37,261.87262
2021-12-17T21:00:00.000000000,253.96,268.8466
2021-12-17T22:00:00.000000000,275.11,275.41739
2021-12-17T23:00:00.000000000,300.47,279.7426
2021-12-15T00:00:00.000000000,252.85,190.35082
2021-12-15T01:00:00.000000000,233.22,184.38304
2021-12-15T02:00:00.000000000,217.89,171.49673
2021-12-15T03:00:00.000000000,215.03,163.08452
2021-12-15T04:00:00.000000000,207.19,160.91269
2021-12-15T05:00:00.000000000,192.16,163.72475
2021-12-15T06:00:00.000000000,183.22,165.70801
2021-12-15T07:00:00.000000000,171.2,166.70483
2021-12-15T08:00:00.000000000,165.16,171.87926
2021-12-15T09:00:00.000000000,160.04,178.24713
2021-12-15T10:00:00.000000000,159.75,180.81045
2021-12-15T11:00:00.000000000,161.55,176.40976
2021-12-15T12:00:00.000000000,165.25,166.98724
2021-12-15T13:00:00.000000000,177.83,162.29685
2021-12-15T14:00:00.000000000,181.14,160.40782
2021-12-15T15:00:00.000000000,180.72,160.37356
2021-12-15T16:00:00.000000000,180.48,157.3136
2021-12-15T17:00:00.000000000,184.4,158.88562
2021-12-15T18:00:00.000000000,194.74,166.17494
2021-12-15T19:00:00.000000000,191.33,169.99232
2021-12-15T20:00:00.000000000,189.85,177.27659
2021-12-15T21:00:00.000000000,192.77,181.86251
2021-12-15T22:00:00.000000000,189.48,183.63645
2021-12-15T23:00:00.000000000,195.0,185.86466
2021-12-16T00:00:00.000000000,207.42,250.34121
2021-12-16T01:00:00.000000000,217.55,242.94628
2021-12-16T02:00:00.000000000,216.12,228.3329
2021-12-16T03:00:00.000000000,218.51,216.0237
2021-12-16T04:00:00.000000000,213.04,207.61946
2021-12-16T05:00:00.000000000,198.24,203.75116
2021-12-16T06:00:00.000000000,185.49,202.82451
2021-12-16T07:00:00.000000000,186.55,204.73561
2021-12-16T08:00:00.000000000,196.55,210.34921
2021-12-16T09:00:00.000000000,218.48,221.1499
2021-12-16T10:00:00.000000000,243.23,230.65635
2021-12-16T11:00:00.000000000,271.64,236.41206
2021-12-16T12:00:00.000000000,275.5,238.60121
2021-12-16T13:00:00.000000000,282.78,242.70661
2021-12-16T14:00:00.000000000,297.51,250.6784
2021-12-16T15:00:00.000000000,282.76,260.17434
2021-12-16T16:00:00.000000000,266.53,265.80405
2021-12-16T17:00:00.000000000,282.43,272.93012
2021-12-16T18:00:00.000000000,298.39,282.13614
2021-12-16T19:00:00.000000000,309.19,288.62414
2021-12-16T20:00:00.000000000,320.87,295.91369
2021-12-16T21:00:00.000000000,331.44,300.63367
2021-12-16T22:00:00.000000000,334.69,306.31227
2021-12-16T23:00:00.000000000,351.63,308.3903
2021-12-17T00:00:00.000000000,360.66,293.98207
2021-12-17T01:00:00.000000000,355.23,288.85657
2021-12-17T02:00:00.000000000,344.65,278.75809
2021-12-17T03:00:00.000000000,331.18,269.34999
2021-12-17T04:00:00.000000000,324.88,260.01173
2021-12-17T05:00:00.000000000,318.3,251.74178
2021-12-17T06:00:00.000000000,301.05,242.90612
2021-12-17T07:00:00.000000000,296.14,235.32567
2021-12-17T08:00:00.000000000,277.86,230.57949
2021-12-17T09:00:00.000000000,269.29,230.45214
2021-12-17T10:00:00.000000000,264.33,229.74024
2021-12-17T11:00:00.000000000,261.22,229.50023
2021-12-17T12:00:00.000000000,263.68,228.74
2021-12-17T13:00:00.000000000,266.27,230.72386
2021-12-17T14:00:00.000000000,271.02,236.64085
2021-12-17T15:00:00.000000000,271.87,244.31335
2021-12-17T16:00:00.000000000,258.95,249.58503
2021-12-17T17:00:00.000000000,234.24,254.81313
2021-12-17T18:00:00.000000000,227.58,261.70199
2021-12-17T19:00:00.000000000,232.22,266.25847
2021-12-17T20:00:00.000000000,238.37,272.7889
2021-12-17T21:00:00.000000000,253.96,278.25986
2021-12-17T22:00:00.000000000,275.11,283.54217
2021-12-17T23:00:00.000000000,300.47,286.21983
2021-12-18T00:00:00.000000000,322.11,306.0812
2021-12-18T01:00:00.000000000,324.75,299.61817
2021-12-18T02:00:00.000000000,316.19,289.13682
2021-12-18T03:00:00.000000000,314.0,279.15088
2021-12-18T04:00:00.000000000,302.72,268.65546
2021-12-18T05:00:00.000000000,291.17,258.68324
2021-12-18T06:00:00.000000000,273.62,249.01445
2021-12-18T07:00:00.000000000,248.47,240.93724
2021-12-18T08:00:00.000000000,237.55,236.76836
2021-12-18T09:00:00.000000000,219.24,238.32323
2021-12-18T10:00:00.000000000,212.18,241.02174
2021-12-18T11:00:00.000000000,200.25,245.2755
2021-12-18T12:00:00.000000000,194.63,248.15533
2021-12-18T13:00:00.000000000,200.24,252.69315
2021-12-18T14:00:00.000000000,209.93,260.5627
2021-12-18T15:00:00.000000000,227.11,270.10412
2021-12-18T16:00:00.000000000,229.56,276.03841
2021-12-18T17:00:00.000000000,214.34,280.13102
2021-12-18T18:00:00.000000000,209.59,283.82556
2021-12-18T19:00:00.000000000,206.82,283.8031
2021-12-18T20:00:00.000000000,212.61,284.9396
2021-12-18T21:00:00.000000000,202.76,285.82858
2021-12-18T22:00:00.000000000,184.96,287.36541
2021-12-18T23:00:00.000000000,189.03,286.83732
2021-12-16T00:00:00.000000000,207.42,239.85079
2021-12-16T01:00:00.000000000,217.55,234.21635
2021-12-16T02:00:00.000000000,216.12,222.11275
2021-12-16T03:00:00.000000000,218.51,212.74614
2021-12-16T04:00:00.000000000,213.04,207.60109
2021-12-16T05:00:00.000000000,198.24,206.40852
2021-12-16T06:00:00.000000000,185.49,207.30736
2021-12-16T07:00:00.000000000,186.55,210.0484
2021-12-16T08:00:00.000000000,196.55,215.74304
2021-12-16T09:00:00.000000000,218.48,226.33497
2021-12-16T10:00:00.000000000,243.23,235.17573
2021-12-16T11:00:00.000000000,271.64,239.75051
2021-12-16T12:00:00.000000000,275.5,240.55266
2021-12-16T13:00:00.000000000,282.78,243.45673
2021-12-16T14:00:00.000000000,297.51,249.5846
2021-12-16T15:00:00.000000000,282.76,256.96478
2021-12-16T16:00:00.000000000,266.53,261.18035
2021-12-16T17:00:00.000000000,282.43,267.81673
2021-12-16T18:00:00.000000000,298.39,277.62137
2021-12-16T19:00:00.000000000,309.19,285.0792
2021-12-16T20:00:00.000000000,320.87,293.21734
2021-12-16T21:00:00.000000000,331.44,298.16342
2021-12-16T22:00:00.000000000,334.69,303.74656
2021-12-16T23:00:00.000000000,351.63,305.86174
2021-12-17T00:00:00.000000000,360.66,307.2308
2021-12-17T01:00:00.000000000,355.23,302.86851
2021-12-17T02:00:00.000000000,344.65,293.37312
2021-12-17T03:00:00.000000000,331.18,283.63941
2021-12-17T04:00:00.000000000,324.88,272.70175
2021-12-17T05:00:00.000000000,318.3,262.31115
2021-12-17T06:00:00.000000000,301.05,250.92821
2021-12-17T07:00:00.000000000,296.14,240.83146
2021-12-17T08:00:00.000000000,277.86,233.48271
2021-12-17T09:00:00.000000000,269.29,231.26501
2021-12-17T10:00:00.000000000,264.33,228.83819
2021-12-17T11:00:00.000000000,261.22,227.86054
2021-12-17T12:00:00.000000000,263.68,226.70983
2021-12-17T13:00:00.000000000,266.27,228.09138
2021-12-17T14:00:00.000000000,271.02,233.00059
2021-12-17T15:00:00.000000000,271.87,239.61047
2021-12-17T16:00:00.000000000,258.95,244.38007
2021-12-17T17:00:00.000000000,234.24,248.71378
2021-12-17T18:00:00.000000000,227.58,254.65147
2021-12-17T19:00:00.000000000,232.22,258.35422
2021-12-17T20:00:00.000000000,238.37,264.22644
2021-12-17T21:00:00.000000000,253.96,269.75478
2021-12-17T22:00:00.000000000,275.11,275.45691
2021-12-17T23:00:00.000000000,300.47,279.25682
2021-12-18T00:00:00.000000000,322.11,292.47017
2021-12-18T01:00:00.000000000,324.75,289.15486
2021-12-18T02:00:00.000000000,316.19,283.05841
2021-12-18T03:00:00.000000000,314.0,277.55314
2021-12-18T04:00:00.000000000,302.72,271.73178
2021-12-18T05:00:00.000000000,291.17,265.83939
2021-12-18T06:00:00.000000000,273.62,259.10656
2021-12-18T07:00:00.000000000,248.47,252.59931
2021-12-18T08:00:00.000000000,237.55,249.01032
2021-12-18T09:00:00.000000000,219.24,250.4003
2021-12-18T10:00:00.000000000,212.18,252.85225
2021-12-18T11:00:00.000000000,200.25,256.8815
2021-12-18T12:00:00.000000000,194.63,260.07804
2021-12-18T13:00:00.000000000,200.24,265.43285
2021-12-18T14:00:00.000000000,209.93,274.88803
2021-12-18T15:00:00.000000000,227.11,286.45332
2021-12-18T16:00:00.000000000,229.56,293.27889
2021-12-18T17:00:00.000000000,214.34,297.80174
2021-12-18T18:00:00.000000000,209.59,301.01234
2021-12-18T19:00:00.000000000,206.82,299.57582
2021-12-18T20:00:00.000000000,212.61,298.33191
2021-12-18T21:00:00.000000000,202.76,297.06472
2021-12-18T22:00:00.000000000,184.96,296.98372
2021-12-18T23:00:00.000000000,189.03,295.31209
2021-12-19T00:00:00.000000000,229.27,294.28138
2021-12-19T01:00:00.000000000,244.7,300.65178
2021-12-19T02:00:00.000000000,243.87,304.07206
2021-12-19T03:00:00.000000000,245.41,306.39611
2021-12-19T04:00:00.000000000,251.01,310.52275
2021-12-19T05:00:00.000000000,258.65,313.93734
2021-12-19T06:00:00.000000000,274.24,316.8582
2021-12-19T07:00:00.000000000,289.38,319.8195
2021-12-19T08:00:00.000000000,291.04,323.89957
2021-12-19T09:00:00.000000000,297.98,330.9935
2021-12-19T10:00:00.000000000,307.02,335.77074
2021-12-19T11:00:00.000000000,321.77,338.19969
2021-12-19T12:00:00.000000000,325.22,336.94237
2021-12-19T13:00:00.000000000,328.53,335.54773
2021-12-19T14:00:00.000000000,334.92,338.07822
2021-12-19T15:00:00.000000000,344.58,343.86033
2021-12-19T16:00:00.000000000,340.02,345.49817
2021-12-19T17:00:00.000000000,332.47,346.3028
2021-12-19T18:00:00.000000000,318.2,345.97813
2021-12-19T19:00:00.000000000,312.32,343.84876
2021-12-19T20:00:00.000000000,303.56,342.59358
2021-12-19T21:00:00.000000000,300.54,342.9177
2021-12-19T22:00:00.000000000,297.53,347.67222
2021-12-19T23:00:00.000000000,302.25,351.52817
2021-12-17T00:00:00.000000000,360.66,315.48189
2021-12-17T01:00:00.000000000,355.23,310.70346
2021-12-17T02:00:00.000000000,344.65,300.33035
2021-12-17T03:00:00.000000000,331.18,289.42644
2021-12-17T04:00:00.000000000,324.88,277.4893
2021-12-17T05:00:00.000000000,318.3,266.03872
2021-12-17T06:00:00.000000000,301.05,253.78717
2021-12-17T07:00:00.000000000,296.14,242.93814
2021-12-17T08:00:00.000000000,277.86,235.1788
2021-12-17T09:00:00.000000000,269.29,232.80397
2021-12-17T10:00:00.000000000,264.33,230.31946
2021-12-17T11:00:00.000000000,261.22,229.29412
2021-12-17T12:00:00.000000000,263.68,227.69946
2021-12-17T13:00:00.000000000,266.27,228.34579
2021-12-17T14:00:00.000000000,271.02,232.307
2021-12-17T15:00:00.000000000,271.87,237.74516
2021-12-17T16:00:00.000000000,258.95,241.8519
2021-12-17T17:00:00.000000000,234.24,245.86661
2021-12-17T18:00:00.000000000,227.58,251.80973
2021-12-17T19:00:00.000000000,232.22,255.92757
2021-12-17T20:00:00.000000000,238.37,262.45143
2021-12-17T21:00:00.000000000,253.96,268.86891
2021-12-17T22:00:00.000000000,275.11,275.49774
2021-12-17T23:00:00.000000000,300.47,280.3813
2021-12-18T00:00:00.000000000,322.11,296.29748
2021-12-18T01:00:00.000000000,324.75,288.7254
2021-12-18T02:00:00.000000000,316.19,276.54023
2021-12-18T03:00:00.000000000,314.0,265.31354
2021-12-18T04:00:00.000000000,302.72,254.31138
2021-12-18T05:00:00.000000000,291.17,244.84568
2021-12-18T06:00:00.000000000,273.62,236.71675
2021-12-18T07:00:00.000000000,248.47,230.51519
2021-12-18T08:00:00.000000000,237.55,228.32825
2021-12-18T09:00:00.000000000,219.24,231.82791
2021-12-18T10:00:00.000000000,212.18,236.43776
2021-12-18T11:00:00.000000000,200.25,241.95256
2021-12-18T12:00:00.000000000,194.63,245.92068
2021-12-18T13:00:00.000000000,200.24,251.6091
2021-12-18T14:00:00.000000000,209.93,260.85986
2021-12-18T15:00:00.000000000,227.11,271.77495
2021-12-18T16:00:00.000000000,229.56,278.46334
2021-12-18T17:00:00.000000000,214.34,283.29325
2021-12-18T18:00:00.000000000,209.59,287.58019
2021-12-18T19:00:00.000000000,206.82,287.79543
2021-12-18T20:00:00.000000000,212.61,288.96021
2021-12-18T21:00:00.000000000,202.76,289.50008
2021-12-18T22:00:00.000000000,184.96,290.85895
2021-12-18T23:00:00.000000000,189.03,290.0134
2021-12-19T00:00:00.000000000,229.27,292.39869
2021-12-19T01:00:00.000000000,244.7,295.0992
2021-12-19T02:00:00.000000000,243.87,293.47479
2021-12-19T03:00:00.000000000,245.41,291.09179
2021-12-19T04:00:00.000000000,251.01,291.09248
2021-12-19T05:00:00.000000000,258.65,291.94012
2021-12-19T06:00:00.000000000,274.24,293.82058
2021-12-19T07:00:00.000000000,289.38,297.12403
2021-12-19T08:00:00.000000000,291.04,302.5829
2021-12-19T09:00:00.000000000,297.98,311.80199
2021-12-19T10:00:00.000000000,307.02,318.84421
2021-12-19T11:00:00.000000000,321.77,322.8279
2021-12-19T12:00:00.000000000,325.22,321.95316
2021-12-19T13:00:00.000000000,328.53,320.47693
2021-12-19T14:00:00.000000000,334.92,322.46717
2021-12-19T15:00:00.000000000,344.58,327.07386
2021-12-19T16:00:00.000000000,340.02,328.31543
2021-12-19T17:00:00.000000000,332.47,329.59347
2021-12-19T18:00:00.000000000,318.2,330.59846
2021-12-19T19:00:00.000000000,312.32,330.25385
2021-12-19T20:00:00.000000000,303.56,331.27376
2021-12-19T21:00:00.000000000,300.54,333.3447
2021-12-19T22:00:00.000000000,297.53,339.4799
2021-12-19T23:00:00.000000000,302.25,343.96535
2021-12-20T00:00:00.000000000,330.0,356.89993
2021-12-20T01:00:00.000000000,328.51,357.58319
2021-12-20T02:00:00.000000000,315.36,357.61232
2021-12-20T03:00:00.000000000,309.83,359.78848
2021-12-20T04:00:00.000000000,299.12,366.20593
2021-12-20T05:00:00.000000000,289.44,372.17805
2021-12-20T06:00:00.000000000,278.82,377.20172
2021-12-20T07:00:00.000000000,276.51,379.84053
2021-12-20T08:00:00.000000000,275.79,380.20249
2021-12-20T09:00:00.000000000,262.92,380.3435
2021-12-20T10:00:00.000000000,264.26,379.3377
2021-12-20T11:00:00.000000000,272.82,378.4566
2021-12-20T12:00:00.000000000,293.27,374.71899
2021-12-20T13:00:00.000000000,318.34,371.23159
2021-12-20T14:00:00.000000000,345.84,374.20327
2021-12-20T15:00:00.000000000,344.06,380.99685
2021-12-20T16:00:00.000000000,331.86,383.40775
2021-12-20T17:00:00.000000000,333.33,383.8647
2021-12-20T18:00:00.000000000,334.41,381.56221
2021-12-20T19:00:00.000000000,332.77,375.21511
2021-12-20T20:00:00.000000000,329.36,367.95603
2021-12-20T21:00:00.000000000,325.18,360.56689
2021-12-20T22:00:00.000000000,324.78,355.6813
2021-12-20T23:00:00.000000000,350.4,350.72709
2021-12-18T00:00:00.000000000,322.11,326.3486
2021-12-18T01:00:00.000000000,324.75,325.28192
2021-12-18T02:00:00.000000000,316.19,321.57012
2021-12-18T03:00:00.000000000,314.0,316.5259
2021-12-18T04:00:00.000000000,302.72,308.42461
2021-12-18T05:00:00.000000000,291.17,298.83496
2021-12-18T06:00:00.000000000,273.62,287.9541
2021-12-18T07:00:00.000000000,248.47,277.64518
2021-12-18T08:00:00.000000000,237.55,269.91758
2021-12-18T09:00:00.000000000,219.24,267.04216
2021-12-18T10:00:00.000000000,212.18,264.46461
2021-12-18T11:00:00.000000000,200.25,264.7097
2021-12-18T12:00:00.000000000,194.63,264.91685
2021-12-18T13:00:00.000000000,200.24,267.83015
2021-12-18T14:00:00.000000000,209.93,274.43122
2021-12-18T15:00:00.000000000,227.11,281.9664
2021-12-18T16:00:00.000000000,229.56,284.8158
2021-12-18T17:00:00.000000000,214.34,283.11608
2021-12-18T18:00:00.000000000,209.59,280.58132
2021-12-18T19:00:00.000000000,206.82,275.35498
2021-12-18T20:00:00.000000000,212.61,271.67102
2021-12-18T21:00:00.000000000,202.76,269.35164
2021-12-18T22:00:00.000000000,184.96,268.84424
2021-12-18T23:00:00.000000000,189.03,268.49443
2021-12-19T00:00:00.000000000,229.27,280.6036
2021-12-19T01:00:00.000000000,244.7,285.87362
2021-12-19T02:00:00.000000000,243.87,288.96893
2021-12-19T03:00:00.000000000,245.41,291.16971
2021-12-19T04:00:00.000000000,251.01,293.88218
2021-12-19T05:00:00.000000000,258.65,294.88726
2021-12-19T06:00:00.000000000,274.24,293.87559
2021-12-19T07:00:00.000000000,289.38,292.71597
2021-12-19T08:00:00.000000000,291.04,293.86352
2021-12-19T09:00:00.000000000,297.98,298.84986
2021-12-19T10:00:00.000000000,307.02,302.13807
2021-12-19T11:00:00.000000000,321.77,304.62086
2021-12-19T12:00:00.000000000,325.22,304.73215
2021-12-19T13:00:00.000000000,328.53,306.24108
2021-12-19T14:00:00.000000000,334.92,313.30201
2021-12-19T15:00:00.000000000,344.58,324.62698
2021-12-19T16:00:00.000000000,340.02,331.43915
2021-12-19T17:00:00.000000000,332.47,336.04769
2021-12-19T18:00:00.000000000,318.2,337.53467
2021-12-19T19:00:00.000000000,312.32,334.58843
2021-12-19T20:00:00.000000000,303.56,330.77378
2021-12-19T21:00:00.000000000,300.54,327.57587
2021-12-19T22:00:00.000000000,297.53,328.79609
2021-12-19T23:00:00.000000000,302.25,329.42893
2021-12-20T00:00:00.000000000,330.0,340.08479
2021-12-20T01:00:00.000000000,328.51,341.48351
2021-12-20T02:00:00.000000000,315.36,339.50954
2021-12-20T03:00:00.000000000,309.83,336.33098
2021-12-20T04:00:00.000000000,299.12,334.1891
2021-12-20T05:00:00.000000000,289.44,331.78274
2021-12-20T06:00:00.000000000,278.82,330.9263
2021-12-20T07:00:00.000000000,276.51,331.80941
2021-12-20T08:00:00.000000000,275.79,335.23637
2021-12-20T09:00:00.000000000,262.92,342.75339
2021-12-20T10:00:00.000000000,264.26,350.17904
2021-12-20T11:00:00.000000000,272.82,354.66021
2021-12-20T12:00:00.000000000,293.27,352.9331
2021-12-20T13:00:00.000000000,318.34,350.01528
2021-12-20T14:00:00.000000000,345.84,350.18274
2021-12-20T15:00:00.000000000,344.06,351.63419
2021-12-20T16:00:00.000000000,331.86,349.09392
2021-12-20T17:00:00.000000000,333.33,346.66524
2021-12-20T18:00:00.000000000,334.41,344.57505
2021-12-20T19:00:00.000000000,332.77,342.65974
2021-12-20T20:00:00.000000000,329.36,343.71628
2021-12-20T21:00:00.000000000,325.18,347.09515
2021-12-20T22:00:00.000000000,324.78,352.96003
2021-12-20T23:00:00.000000000,350.4,356.17617
2021-12-21T00:00:00.000000000,393.63,363.71478
2021-12-21T01:00:00.000000000,395.06,367.51817
2021-12-21T02:00:00.000000000,383.78,369.04837
2021-12-21T03:00:00.000000000,367.98,369.26355
2021-12-21T04:00:00.000000000,358.6,367.67853
2021-12-21T05:00:00.000000000,351.9,362.71995
2021-12-21T06:00:00.000000000,339.24,356.08134
2021-12-21T07:00:00.000000000,334.65,348.26747
2021-12-21T08:00:00.000000000,335.83,341.29125
2021-12-21T09:00:00.000000000,342.17,339.17428
2021-12-21T10:00:00.000000000,344.57,340.4284
2021-12-21T11:00:00.000000000,351.71,343.44975
2021-12-21T12:00:00.000000000,360.37,344.43111
2021-12-21T13:00:00.000000000,367.68,346.37263
2021-12-21T14:00:00.000000000,370.29,351.97745
2021-12-21T15:00:00.000000000,346.51,358.08233
2021-12-21T16:00:00.000000000,319.81,358.221
2021-12-21T17:00:00.000000000,329.28,355.50294
2021-12-21T18:00:00.000000000,328.27,351.81088
2021-12-21T19:00:00.000000000,313.88,347.12432
2021-12-21T20:00:00.000000000,291.0,345.36402
2021-12-21T21:00:00.000000000,269.89,347.40577
2021-12-21T22:00:00.000000000,264.03,351.92793
2021-12-21T23:00:00.000000000,292.49,354.36249
2021-12-19T00:00:00.000000000,229.27,259.57591
2021-12-19T01:00:00.000000000,244.7,258.91432
2021-12-19T02:00:00.000000000,243.87,253.83104
2021-12-19T03:00:00.000000000,245.41,249.43712
2021-12-19T04:00:00.000000000,251.01,246.94959
2021-12-19T05:00:00.000000000,258.65,245.98662
2021-12-19T06:00:00.000000000,274.24,245.5024
2021-12-19T07:00:00.000000000,289.38,246.2522
2021-12-19T08:00:00.000000000,291.04,250.38051
2021-12-19T09:00:00.000000000,297.98,259.9774
2021-12-19T10:00:00.000000000,307.02,268.69485
2021-12-19T11:00:00.000000000,321.77,276.04834
2021-12-19T12:00:00.000000000,325.22,280.31558
2021-12-19T13:00:00.000000000,328.53,285.33758
2021-12-19T14:00:00.000000000,334.92,294.56459
2021-12-19T15:00:00.000000000,344.58,306.48896
2021-12-19T16:00:00.000000000,340.02,312.89569
2021-12-19T17:00:00.000000000,332.47,316.97447
2021-12-19T18:00:00.000000000,318.2,318.50602
2021-12-19T19:00:00.000000000,312.32,315.53421
2021-12-19T20:00:00.000000000,303.56,312.58007
2021-12-19T21:00:00.000000000,300.54,309.19241
2021-12-19T22:00:00.000000000,297.53,310.67631
2021-12-19T23:00:00.000000000,302.25,311.90667
2021-12-20T00:00:00.000000000,330.0,325.62946
2021-12-20T01:00:00.000000000,328.51,327.19233
2021-12-20T02:00:00.000000000,315.36,327.82757
2021-12-20T03:00:00.000000000,309.83,329.16826
2021-12-20T04:00:00.000000000,299.12,333.75279
2021-12-20T05:00:00.000000000,289.44,337.54162
2021-12-20T06:00:00.000000000,278.82,341.54743
2021-12-20T07:00:00.000000000,276.51,345.63679
2021-12-20T08:00:00.000000000,275.79,350.9658
2021-12-20T09:00:00.000000000,262.92,359.06266
2021-12-20T10:00:00.000000000,264.26,366.04409
2021-12-20T11:00:00.000000000,272.82,371.19018
2021-12-20T12:00:00.000000000,293.27,371.38498
2021-12-20T13:00:00.000000000,318.34,370.25602
2021-12-20T14:00:00.000000000,345.84,372.34215
2021-12-20T15:00:00.000000000,344.06,376.93896
2021-12-20T16:00:00.000000000,331.86,376.72864
2021-12-20T17:00:00.000000000,333.33,375.58397
2021-12-20T18:00:00.000000000,334.41,373.35982
2021-12-20T19:00:00.000000000,332.77,369.05631
2021-12-20T20:00:00.000000000,329.36,364.93759
2021-12-20T21:00:00.000000000,325.18,361.38572
2021-12-20T22:00:00.000000000,324.78,360.11905
2021-12-20T23:00:00.000000000,350.4,357.53615
2021-12-21T00:00:00.000000000,393.63,364.20475
2021-12-21T01:00:00.000000000,395.06,365.83215
2021-12-21T02:00:00.000000000,383.78,366.61926
2021-12-21T03:00:00.000000000,367.98,367.22153
2021-12-21T04:00:00.000000000,358.6,367.5803
2021-12-21T05:00:00.000000000,351.9,364.98405
2021-12-21T06:00:00.000000000,339.24,361.16226
2021-12-21T07:00:00.000000000,334.65,356.74086
2021-12-21T08:00:00.000000000,335.83,353.53351
2021-12-21T09:00:00.000000000,342.17,354.70452
2021-12-21T10:00:00.000000000,344.57,358.07965
2021-12-21T11:00:00.000000000,351.71,362.3676
2021-12-21T12:00:00.000000000,360.37,363.34773
2021-12-21T13:00:00.000000000,367.68,364.51884
2021-12-21T14:00:00.000000000,370.29,369.50889
2021-12-21T15:00:00.000000000,346.51,375.26027
2021-12-21T16:00:00.000000000,319.81,374.71747
2021-12-21T17:00:00.000000000,329.28,371.03346
2021-12-21T18:00:00.000000000,328.27,365.96014
2021-12-21T19:00:00.000000000,313.88,359.69368
2021-12-21T20:00:00.000000000,291.0,355.50412
2021-12-21T21:00:00.000000000,269.89,354.11573
2021-12-21T22:00:00.000000000,264.03,354.76826
2021-12-21T23:00:00.000000000,292.49,353.83238
2021-12-22T00:00:00.000000000,331.15,367.72091
2021-12-22T01:00:00.000000000,325.0,366.84196
2021-12-22T02:00:00.000000000,311.19,365.57178
2021-12-22T03:00:00.000000000,305.31,364.29155
2021-12-22T04:00:00.000000000,307.63,362.21683
2021-12-22T05:00:00.000000000,316.22,356.85935
2021-12-22T06:00:00.000000000,310.83,349.0973
2021-12-22T07:00:00.000000000,314.75,340.18342
2021-12-22T08:00:00.000000000,324.95,332.75238
2021-12-22T09:00:00.000000000,325.29,330.14481
2021-12-22T10:00:00.000000000,342.87,330.80008
2021-12-22T11:00:00.000000000,346.94,334.53515
2021-12-22T12:00:00.000000000,349.93,336.8637
2021-12-22T13:00:00.000000000,357.33,340.34327
2021-12-22T14:00:00.000000000,359.03,348.96686
2021-12-22T15:00:00.000000000,337.41,359.43327
2021-12-22T16:00:00.000000000,316.56,364.31373
2021-12-22T17:00:00.000000000,313.24,366.15192
2021-12-22T18:00:00.000000000,302.09,365.63767
2021-12-22T19:00:00.000000000,300.09,362.08299
2021-12-22T20:00:00.000000000,298.42,359.00046
2021-12-22T21:00:00.000000000,300.35,357.5938
2021-12-22T22:00:00.000000000,304.88,357.13159
2021-12-22T23:00:00.000000000,330.82,353.90662
2021-12-20T00:00:00.000000000,330.0,318.55928
2021-12-20T01:00:00.000000000,328.51,325.71855
2021-12-20T02:00:00.000000000,315.36,329.88717
2021-12-20T03:00:00.000000000,309.83,332.57018
2021-12-20T04:00:00.000000000,299.12,336.09273
2021-12-20T05:00:00.000000000,289.44,338.08711
2021-12-20T06:00:00.000000000,278.82,339.42856
2021-12-20T07:00:00.000000000,276.51,340.43852
2021-12-20T08:00:00.000000000,275.79,341.95039
2021-12-20T09:00:00.000000000,262.92,346.5568
2021-12-20T10:00:00.000000000,264.26,350.56933
2021-12-20T11:00:00.000000000,272.82,353.20442
2021-12-20T12:00:00.000000000,293.27,351.81295
2021-12-20T13:00:00.000000000,318.34,350.46467
2021-12-20T14:00:00.000000000,345.84,352.20169
2021-12-20T15:00:00.000000000,344.06,355.28787
2021-12-20T16:00:00.000000000,331.86,353.28893
2021-12-20T17:00:00.000000000,333.33,349.80777
2021-12-20T18:00:00.000000000,334.41,345.84122
2021-12-20T19:00:00.000000000,332.77,340.93994
2021-12-20T20:00:00.000000000,329.36,338.53327
2021-12-20T21:00:00.000000000,325.18,339.77833
2021-12-20T22:00:00.000000000,324.78,344.94222
2021-12-20T23:00:00.000000000,350.4,349.3113
2021-12-21T00:00:00.000000000,393.63,360.31933
2021-12-21T01:00:00.000000000,395.06,363.30367
2021-12-21T02:00:00.000000000,383.78,364.99022
2021-12-21T03:00:00.000000000,367.98,366.06055
2021-12-21T04:00:00.000000000,358.6,366.29612
2021-12-21T05:00:00.000000000,351.9,363.27775
2021-12-21T06:00:00.000000000,339.24,358.5336
2021-12-21T07:00:00.000000000,334.65,352.62602
2021-12-21T08:00:00.000000000,335.83,347.52012
2021-12-21T09:00:00.000000000,342.17,346.77764
2021-12-21T10:00:00.000000000,344.57,348.63764
2021-12-21T11:00:00.000000000,351.71,352.04256
2021-12-21T12:00:00.000000000,360.37,353.15351
2021-12-21T13:00:00.000000000,367.68,355.01181
2021-12-21T14:00:00.000000000,370.29,360.67199
2021-12-21T15:00:00.000000000,346.51,367.11435
2021-12-21T16:00:00.000000000,319.81,367.29429
2021-12-21T17:00:00.000000000,329.28,364.35026
2021-12-21T18:00:00.000000000,328.27,360.07382
2021-12-21T19:00:00.000000000,313.88,354.43165
2021-12-21T20:00:00.000000000,291.0,350.90251
2021-12-21T21:00:00.000000000,269.89,350.53227
2021-12-21T22:00:00.000000000,264.03,352.45265
2021-12-21T23:00:00.000000000,292.49,352.64698
2021-12-22T00:00:00.000000000,331.15,362.26813
2021-12-22T01:00:00.000000000,325.0,361.79594
2021-12-22T02:00:00.000000000,311.19,358.41725
2021-12-22T03:00:00.000000000,305.31,353.28178
2021-12-22T04:00:00.000000000,307.63,346.28524
2021-12-22T05:00:00.000000000,316.22,337.2365
2021-12-22T06:00:00.000000000,310.83,327.64123
2021-12-22T07:00:00.000000000,314.75,318.2735
2021-12-22T08:00:00.000000000,324.95,311.40704
2021-12-22T09:00:00.000000000,325.29,310.12121
2021-12-22T10:00:00.000000000,342.87,312.11056
2021-12-22T11:00:00.000000000,346.94,315.9726
2021-12-22T12:00:00.000000000,349.93,317.61035
2021-12-22T13:00:00.000000000,357.33,320.40004
2021-12-22T14:00:00.000000000,359.03,327.6291
2021-12-22T15:00:00.000000000,337.41,335.73952
2021-12-22T16:00:00.000000000,316.56,338.9091
2021-12-22T17:00:00.000000000,313.24,339.88252
2021-12-22T18:00:00.000000000,302.09,339.99706
2021-12-22T19:00:00.000000000,300.09,338.7652
2021-12-22T20:00:00.000000000,298.42,339.7362
2021-12-22T21:00:00.000000000,300.35,343.61459
2021-12-22T22:00:00.000000000,304.88,348.9827
2021-12-22T23:00:00.000000000,330.82,350.82451
2021-12-23T00:00:00.000000000,370.8,316.9376
2021-12-23T01:00:00.000000000,355.02,310.52582
2021-12-23T02:00:00.000000000,325.11,298.6718
2021-12-23T03:00:00.000000000,307.62,286.54433
2021-12-23T04:00:00.000000000,291.12,272.53309
2021-12-23T05:00:00.000000000,272.35,258.95237
2021-12-23T06:00:00.000000000,246.3,245.20814
2021-12-23T07:00:00.000000000,220.94,233.34067
2021-12-23T08:00:00.000000000,209.88,225.10751
2021-12-23T09:00:00.000000000,210.63,223.04385
2021-12-23T10:00:00.000000000,201.57,221.95322
2021-12-23T11:00:00.000000000,199.59,223.20234
2021-12-23T12:00:00.000000000,198.87,224.38493
2021-12-23T13:00:00.000000000,193.12,227.94494
2021-12-23T14:00:00.000000000,200.99,234.60429
2021-12-23T15:00:00.000000000,196.11,242.70968
2021-12-23T16:00:00.000000000,207.95,248.21525
2021-12-23T17:00:00.000000000,226.89,252.1137
2021-12-23T18:00:00.000000000,226.18,256.63956
2021-12-23T19:00:00.000000000,205.84,258.13986
2021-12-23T20:00:00.000000000,182.62,261.76652
2021-12-23T21:00:00.000000000,168.58,265.30299
2021-12-23T22:00:00.000000000,170.23,269.43799
2021-12-23T23:00:00.000000000,195.75,272.05857
2021-12-21T00:00:00.000000000,393.63,355.65933
2021-12-21T01:00:00.000000000,395.06,359.57764
2021-12-21T02:00:00.000000000,383.78,359.84191
2021-12-21T03:00:00.000000000,367.98,357.30667
2021-12-21T04:00:00.000000000,358.6,351.94078
2021-12-21T05:00:00.000000000,351.9,344.19394
2021-12-21T06:00:00.000000000,339.24,335.52481
2021-12-21T07:00:00.000000000,334.65,326.51886
2021-12-21T08:00:00.000000000,335.83,318.7858
2021-12-21T09:00:00.000000000,342.17,315.88157
2021-12-21T10:00:00.000000000,344.57,315.58954
2021-12-21T11:00:00.000000000,351.71,316.76787
2021-12-21T12:00:00.000000000,360.37,316.19754
2021-12-21T13:00:00.000000000,367.68,317.37303
2021-12-21T14:00:00.000000000,370.29,322.57996
2021-12-21T15:00:00.000000000,346.51,328.47649
2021-12-21T16:00:00.000000000,319.81,329.69953
2021-12-21T17:00:00.000000000,329.28,328.79833
2021-12-21T18:00:00.000000000,328.27,328.32747
2021-12-21T19:00:00.000000000,313.88,327.61732
2021-12-21T20:00:00.000000000,291.0,330.30569
2021-12-21T21:00:00.000000000,269.89,337.07901
2021-12-21T22:00:00.000000000,264.03,345.71033
2021-12-21T23:00:00.000000000,292.49,351.03067
2021-12-22T00:00:00.000000000,331.15,358.01659
2021-12-22T01:00:00.000000000,325.0,355.97212
2021-12-22T02:00:00.000000000,311.19,349.77592
2021-12-22T03:00:00.000000000,305.31,341.35566
2021-12-22T04:00:00.000000000,307.63,330.70246
2021-12-22T05:00:00.000000000,316.22,318.85048
2021-12-22T06:00:00.000000000,310.83,307.24977
2021-12-22T07:00:00.000000000,314.75,296.65327
2021-12-22T08:00:00.000000000,324.95,289.13906
2021-12-22T09:00:00.000000000,325.29,287.72109
2021-12-22T10:00:00.000000000,342.87,289.62087
2021-12-22T11:00:00.000000000,346.94,293.98953
2021-12-22T12:00:00.000000000,349.93,296.66072
2021-12-22T13:00:00.000000000,357.33,300.71165
2021-12-22T14:00:00.000000000,359.03,309.28192
2021-12-22T15:00:00.000000000,337.41,318.92892
2021-12-22T16:00:00.000000000,316.56,324.21965
2021-12-22T17:00:00.000000000,313.24,327.18992
2021-12-22T18:00:00.000000000,302.09,329.33559
2021-12-22T19:00:00.000000000,300.09,329.82548
2021-12-22T20:00:00.000000000,298.42,332.61107
2021-12-22T21:00:00.000000000,300.35,338.13242
2021-12-22T22:00:00.000000000,304.88,345.2062
2021-12-22T23:00:00.000000000,330.82,348.21369
2021-12-23T00:00:00.000000000,370.8,333.57196
2021-12-23T01:00:00.000000000,355.02,324.44573
2021-12-23T02:00:00.000000000,325.11,307.73737
2021-12-23T03:00:00.000000000,307.62,290.2412
2021-12-23T04:00:00.000000000,291.12,271.80633
2021-12-23T05:00:00.000000000,272.35,255.33489
2021-12-23T06:00:00.000000000,246.3,240.99857
2021-12-23T07:00:00.000000000,220.94,230.07907
2021-12-23T08:00:00.000000000,209.88,224.18819
2021-12-23T09:00:00.000000000,210.63,226.14645
2021-12-23T10:00:00.000000000,201.57,230.8992
2021-12-23T11:00:00.000000000,199.59,237.8198
2021-12-23T12:00:00.000000000,198.87,242.71927
2021-12-23T13:00:00.000000000,193.12,248.28701
2021-12-23T14:00:00.000000000,200.99,257.56722
2021-12-23T15:00:00.000000000,196.11,268.20341
2021-12-23T16:00:00.000000000,207.95,275.71766
2021-12-23T17:00:00.000000000,226.89,281.50253
2021-12-23T18:00:00.000000000,226.18,286.44192
2021-12-23T19:00:00.000000000,205.84,288.56676
2021-12-23T20:00:00.000000000,182.62,293.6687
2021-12-23T21:00:00.000000000,168.58,299.83575
2021-12-23T22:00:00.000000000,170.23,307.86964
2021-12-23T23:00:00.000000000,195.75,313.04741
2021-12-24T00:00:00.000000000,226.79,284.12551
2021-12-24T01:00:00.000000000,194.0,278.35145
2021-12-24T02:00:00.000000000,174.29,266.24362
2021-12-24T03:00:00.000000000,165.78,255.35162
2021-12-24T04:00:00.000000000,155.38,246.50136
2021-12-24T05:00:00.000000000,146.63,239.1338
2021-12-24T06:00:00.000000000,135.03,230.60943
2021-12-24T07:00:00.000000000,128.38,223.51741
2021-12-24T08:00:00.000000000,131.62,220.1604
2021-12-24T09:00:00.000000000,137.26,220.92567
2021-12-24T10:00:00.000000000,141.11,220.21069
2021-12-24T11:00:00.000000000,144.34,218.2799
2021-12-24T12:00:00.000000000,138.52,214.49119
2021-12-24T13:00:00.000000000,135.65,213.58309
2021-12-24T14:00:00.000000000,131.97,216.56872
2021-12-24T15:00:00.000000000,141.19,221.43373
2021-12-24T16:00:00.000000000,148.72,224.47294
2021-12-24T17:00:00.000000000,149.73,229.42966
2021-12-24T18:00:00.000000000,155.04,237.2357
2021-12-24T19:00:00.000000000,159.7,243.26823
2021-12-24T20:00:00.000000000,167.51,251.86885
2021-12-24T21:00:00.000000000,177.65,259.757
2021-12-24T22:00:00.000000000,182.21,266.57387
2021-12-24T23:00:00.000000000,191.47,271.03489
2021-12-22T00:00:00.000000000,331.15,325.9775
2021-12-22T01:00:00.000000000,325.0,318.47096
2021-12-22T02:00:00.000000000,311.19,304.68012
2021-12-22T03:00:00.000000000,305.31,289.97974
2021-12-22T04:00:00.000000000,307.63,275.57692
2021-12-22T05:00:00.000000000,316.22,264.46445
2021-12-22T06:00:00.000000000,310.83,257.95538
2021-12-22T07:00:00.000000000,314.75,255.63505
2021-12-22T08:00:00.000000000,324.95,256.87167
2021-12-22T09:00:00.000000000,325.29,263.79321
2021-12-22T10:00:00.000000000,342.87,270.96867
2021-12-22T11:00:00.000000000,346.94,278.66597
2021-12-22T12:00:00.000000000,349.93,283.69379
2021-12-22T13:00:00.000000000,357.33,288.5147
2021-12-22T14:00:00.000000000,359.03,296.63235
2021-12-22T15:00:00.000000000,337.41,305.62283
2021-12-22T16:00:00.000000000,316.56,310.04799
2021-12-22T17:00:00.000000000,313.24,311.28431
2021-12-22T18:00:00.000000000,302.09,311.34358
2021-12-22T19:00:00.000000000,300.09,309.52475
2021-12-22T20:00:00.000000000,298.42,309.7645
2021-12-22T21:00:00.000000000,300.35,311.38797
2021-12-22T22:00:00.000000000,304.88,316.14384
2021-12-22T23:00:00.000000000,330.82,318.93036
2021-12-23T00:00:00.000000000,370.8,301.0655
2021-12-23T01:00:00.000000000,355.02,296.77388
2021-12-23T02:00:00.000000000,325.11,286.76949
2021-12-23T03:00:00.000000000,307.62,276.66541
2021-12-23T04:00:00.000000000,291.12,265.86828
2021-12-23T05:00:00.000000000,272.35,255.8963
2021-12-23T06:00:00.000000000,246.3,244.71912
2021-12-23T07:00:00.000000000,220.94,235.00782
2021-12-23T08:00:00.000000000,209.88,228.15926
2021-12-23T09:00:00.000000000,210.63,226.15344
2021-12-23T10:00:00.000000000,201.57,223.40969
2021-12-23T11:00:00.000000000,199.59,221.45243
2021-12-23T12:00:00.000000000,198.87,219.14071
2021-12-23T13:00:00.000000000,193.12,219.61015
2021-12-23T14:00:00.000000000,200.99,223.7022
2021-12-23T15:00:00.000000000,196.11,229.62818
2021-12-23T16:00:00.000000000,207.95,233.81839
2021-12-23T17:00:00.000000000,226.89,238.20435
2021-12-23T18:00:00.000000000,226.18,244.66039
2021-12-23T19:00:00.000000000,205.84,249.08001
2021-12-23T20:00:00.000000000,182.62,255.87399
2021-12-23T21:00:00.000000000,168.58,262.37345
2021-12-23T22:00:00.000000000,170.23,268.77648
2021-12-23T23:00:00.000000000,195.75,273.27913
2021-12-24T00:00:00.000000000,226.79,228.66216
2021-12-24T01:00:00.000000000,194.0,222.55751
2021-12-24T02:00:00.000000000,174.29,210.25852
2021-12-24T03:00:00.000000000,165.78,201.73542
2021-12-24T04:00:00.000000000,155.38,197.21295
2021-12-24T05:00:00.000000000,146.63,194.89215
2021-12-24T06:00:00.000000000,135.03,190.90296
2021-12-24T07:00:00.000000000,128.38,186.27902
2021-12-24T08:00:00.000000000,131.62,185.7164
2021-12-24T09:00:00.000000000,137.26,188.05271
2021-12-24T10:00:00.000000000,141.11,188.38327
2021-12-24T11:00:00.000000000,144.34,185.04202
2021-12-24T12:00:00.000000000,138.52,178.89327
2021-12-24T13:00:00.000000000,135.65,177.5846
2021-12-24T14:00:00.000000000,131.97,178.96599
2021-12-24T15:00:00.000000000,141.19,181.83885
2021-12-24T16:00:00.000000000,148.72,181.95858
2021-12-24T17:00:00.000000000,149.73,185.31075
2021-12-24T18:00:00.000000000,155.04,193.31676
2021-12-24T19:00:00.000000000,159.7,198.05563
2021-12-24T20:00:00.000000000,167.51,206.00921
2021-12-24T21:00:00.000000000,177.65,211.53204
2021-12-24T22:00:00.000000000,182.21,214.43717
2021-12-24T23:00:00.000000000,191.47,216.32181
2021-12-25T00:00:00.000000000,195.36,255.45837
2021-12-25T01:00:00.000000000,197.77,247.96167
2021-12-25T02:00:00.000000000,194.34,231.34461
2021-12-25T03:00:00.000000000,188.34,216.52092
2021-12-25T04:00:00.000000000,181.79,206.1257
2021-12-25T05:00:00.000000000,187.07,200.45597
2021-12-25T06:00:00.000000000,193.46,197.95462
2021-12-25T07:00:00.000000000,194.82,199.00453
2021-12-25T08:00:00.000000000,195.65,204.69111
2021-12-25T09:00:00.000000000,191.88,216.23587
2021-12-25T10:00:00.000000000,210.35,226.77333
2021-12-25T11:00:00.000000000,246.78,232.55015
2021-12-25T12:00:00.000000000,269.09,233.17817
2021-12-25T13:00:00.000000000,280.3,235.34491
2021-12-25T14:00:00.000000000,303.08,240.79674
2021-12-25T15:00:00.000000000,309.12,247.80497
2021-12-25T16:00:00.000000000,301.55,251.67385
2021-12-25T17:00:00.000000000,313.1,258.47991
2021-12-25T18:00:00.000000000,319.53,267.97229
2021-12-25T19:00:00.000000000,301.72,275.47402
2021-12-25T20:00:00.000000000,297.6,284.95083
2021-12-25T21:00:00.000000000,310.78,292.76816
2021-12-25T22:00:00.000000000,302.53,301.76779
2021-12-25T23:00:00.000000000,325.95,306.79556
2021-12-23T00:00:00.000000000,370.8,273.15389
2021-12-23T01:00:00.000000000,355.02,266.78284
2021-12-23T02:00:00.000000000,325.11,254.09066
2021-12-23T03:00:00.000000000,307.62,243.23622
2021-12-23T04:00:00.000000000,291.12,234.19628
2021-12-23T05:00:00.000000000,272.35,226.42741
2021-12-23T06:00:00.000000000,246.3,217.35049
2021-12-23T07:00:00.000000000,220.94,209.23877
2021-12-23T08:00:00.000000000,209.88,205.0648
2021-12-23T09:00:00.000000000,210.63,204.87379
2021-12-23T10:00:00.000000000,201.57,203.28886
2021-12-23T11:00:00.000000000,199.59,200.50616
2021-12-23T12:00:00.000000000,198.87,196.37719
2021-12-23T13:00:00.000000000,193.12,196.11603
2021-12-23T14:00:00.000000000,200.99,199.13236
2021-12-23T15:00:00.000000000,196.11,203.91425
2021-12-23T16:00:00.000000000,207.95,206.45379
2021-12-23T17:00:00.000000000,226.89,210.64232
2021-12-23T18:00:00.000000000,226.18,218.01001
2021-12-23T19:00:00.000000000,205.84,222.77741
2021-12-23T20:00:00.000000000,182.62,230.26514
2021-12-23T21:00:00.000000000,168.58,236.56791
2021-12-23T22:00:00.000000000,170.23,241.30167
2021-12-23T23:00:00.000000000,195.75,244.43293
2021-12-24T00:00:00.000000000,226.79,193.38396
2021-12-24T01:00:00.000000000,194.0,187.49584
2021-12-24T02:00:00.000000000,174.29,174.91521
2021-12-24T03:00:00.000000000,165.78,166.84739
2021-12-24T04:00:00.000000000,155.38,164.4436
2021-12-24T05:00:00.000000000,146.63,166.36037
2021-12-24T06:00:00.000000000,135.03,166.89909
2021-12-24T07:00:00.000000000,128.38,166.25478
2021-12-24T08:00:00.000000000,131.62,169.82388
2021-12-24T09:00:00.000000000,137.26,175.12429
2021-12-24T10:00:00.000000000,141.11,177.32368
2021-12-24T11:00:00.000000000,144.34,173.48596
2021-12-24T12:00:00.000000000,138.52,165.38265
2021-12-24T13:00:00.000000000,135.65,162.33259
2021-12-24T14:00:00.000000000,131.97,162.25756
2021-12-24T15:00:00.000000000,141.19,163.86859
2021-12-24T16:00:00.000000000,148.72,162.13169
2021-12-24T17:00:00.000000000,149.73,164.53793
2021-12-24T18:00:00.000000000,155.04,172.33188
2021-12-24T19:00:00.000000000,159.7,176.28918
2021-12-24T20:00:00.000000000,167.51,183.52105
2021-12-24T21:00:00.000000000,177.65,188.00423
2021-12-24T22:00:00.000000000,182.21,189.64196
2021-12-24T23:00:00.000000000,191.47,191.44562
2021-12-25T00:00:00.000000000,195.36,256.646
2021-12-25T01:00:00.000000000,197.77,248.54338
2021-12-25T02:00:00.000000000,194.34,231.01351
2021-12-25T03:00:00.000000000,188.34,215.12349
2021-12-25T04:00:00.000000000,181.79,203.64915
2021-12-25T05:00:00.000000000,187.07,197.43583
2021-12-25T06:00:00.000000000,193.46,195.31868
2021-12-25T07:00:00.000000000,194.82,197.36836
2021-12-25T08:00:00.000000000,195.65,204.28276
2021-12-25T09:00:00.000000000,191.88,217.51933
2021-12-25T10:00:00.000000000,210.35,230.10741
2021-12-25T11:00:00.000000000,246.78,237.83448
2021-12-25T12:00:00.000000000,269.09,240.1284
2021-12-25T13:00:00.000000000,280.3,243.57295
2021-12-25T14:00:00.000000000,303.08,250.4722
2021-12-25T15:00:00.000000000,309.12,258.96154
2021-12-25T16:00:00.000000000,301.55,263.79758
2021-12-25T17:00:00.000000000,313.1,271.13223
2021-12-25T18:00:00.000000000,319.53,280.52204
2021-12-25T19:00:00.000000000,301.72,287.70695
2021-12-25T20:00:00.000000000,297.6,296.5753
2021-12-25T21:00:00.000000000,310.78,303.81645
2021-12-25T22:00:00.000000000,302.53,312.86749
2021-12-25T23:00:00.000000000,325.95,317.57701
2021-12-26T00:00:00.000000000,361.42,267.73391
2021-12-26T01:00:00.000000000,366.71,265.94707
2021-12-26T02:00:00.000000000,365.08,259.77914
2021-12-26T03:00:00.000000000,366.23,254.70364
2021-12-26T04:00:00.000000000,354.83,248.44617
2021-12-26T05:00:00.000000000,339.41,240.92222
2021-12-26T06:00:00.000000000,311.17,229.90926
2021-12-26T07:00:00.000000000,261.15,218.04381
2021-12-26T08:00:00.000000000,200.39,209.11765
2021-12-26T09:00:00.000000000,172.58,204.50454
2021-12-26T10:00:00.000000000,159.32,199.05201
2021-12-26T11:00:00.000000000,151.65,193.5281
2021-12-26T12:00:00.000000000,150.09,187.92578
2021-12-26T13:00:00.000000000,145.08,187.66036
2021-12-26T14:00:00.000000000,140.88,189.01594
2021-12-26T15:00:00.000000000,140.94,191.75786
2021-12-26T16:00:00.000000000,158.6,192.33857
2021-12-26T17:00:00.000000000,154.8,193.84124
2021-12-26T18:00:00.000000000,152.4,199.21318
2021-12-26T19:00:00.000000000,156.62,201.27188
2021-12-26T20:00:00.000000000,159.79,205.65991
2021-12-26T21:00:00.000000000,166.97,208.69495
2021-12-26T22:00:00.000000000,169.44,210.54338
2021-12-26T23:00:00.000000000,184.86,211.83781
2021-12-24T00:00:00.000000000,226.79,192.29918
2021-12-24T01:00:00.000000000,194.0,186.00392
2021-12-24T02:00:00.000000000,174.29,172.72468
2021-12-24T03:00:00.000000000,165.78,164.0447
2021-12-24T04:00:00.000000000,155.38,161.45569
2021-12-24T05:00:00.000000000,146.63,163.49237
2021-12-24T06:00:00.000000000,135.03,164.57042
2021-12-24T07:00:00.000000000,128.38,164.68652
2021-12-24T08:00:00.000000000,131.62,169.11926
2021-12-24T09:00:00.000000000,137.26,175.09113
2021-12-24T10:00:00.000000000,141.11,177.61791
2021-12-24T11:00:00.000000000,144.34,173.59574
2021-12-24T12:00:00.000000000,138.52,164.9386
2021-12-24T13:00:00.000000000,135.65,161.23682
2021-12-24T14:00:00.000000000,131.97,160.34053
2021-12-24T15:00:00.000000000,141.19,161.17222
2021-12-24T16:00:00.000000000,148.72,158.81559
2021-12-24T17:00:00.000000000,149.73,160.91245
2021-12-24T18:00:00.000000000,155.04,168.6306
2021-12-24T19:00:00.000000000,159.7,172.70478
2021-12-24T20:00:00.000000000,167.51,180.16027
2021-12-24T21:00:00.000000000,177.65,184.81106
2021-12-24T22:00:00.000000000,182.21,186.5729
2021-12-24T23:00:00.000000000,191.47,188.5698
2021-12-25T00:00:00.000000000,195.36,249.09022
2021-12-25T01:00:00.000000000,197.77,241.42353
2021-12-25T02:00:00.000000000,194.34,225.84487
2021-12-25T03:00:00.000000000,188.34,212.63324
2021-12-25T04:00:00.000000000,181.79,204.1888
2021-12-25T05:00:00.000000000,187.07,200.49026
2021-12-25T06:00:00.000000000,193.46,199.96077
2021-12-25T07:00:00.000000000,194.82,202.61395
2021-12-25T08:00:00.000000000,195.65,209.36048
2021-12-25T09:00:00.000000000,191.88,221.29091
2021-12-25T10:00:00.000000000,210.35,231.53109
2021-12-25T11:00:00.000000000,246.78,237.07872
2021-12-25T12:00:00.000000000,269.09,238.10088
2021-12-25T13:00:00.000000000,280.3,240.76841
2021-12-25T14:00:00.000000000,303.08,246.93728
2021-12-25T15:00:00.000000000,309.12,254.63682
2021-12-25T16:00:00.000000000,301.55,258.93276
2021-12-25T17:00:00.000000000,313.1,265.68798
2021-12-25T18:00:00.000000000,319.53,275.07555
2021-12-25T19:00:00.000000000,301.72,282.20402
2021-12-25T20:00:00.000000000,297.6,290.32564
2021-12-25T21:00:00.000000000,310.78,296.00856
2021-12-25T22:00:00.000000000,302.53,302.58751
2021-12-25T23:00:00.000000000,325.95,305.56626
2021-12-26T00:00:00.000000000,361.42,248.29041
2021-12-26T01:00:00.000000000,366.71,244.80935
2021-12-26T02:00:00.000000000,365.08,235.77099
2021-12-26T03:00:00.000000000,366.23,228.94455
2021-12-26T04:00:00.000000000,354.83,223.18173
2021-12-26T05:00:00.000000000,339.41,217.50868
2021-12-26T06:00:00.000000000,311.17,208.86873
2021-12-26T07:00:00.000000000,261.15,199.46265
2021-12-26T08:00:00.000000000,200.39,193.62957
2021-12-26T09:00:00.000000000,172.58,191.3979
2021-12-26T10:00:00.000000000,159.32,187.56241
2021-12-26T11:00:00.000000000,151.65,181.77319
2021-12-26T12:00:00.000000000,150.09,174.81887
2021-12-26T13:00:00.000000000,145.08,173.46129
2021-12-26T14:00:00.000000000,140.88,174.09374
2021-12-26T15:00:00.000000000,140.94,176.24525
2021-12-26T16:00:00.000000000,158.6,176.19567
2021-12-26T17:00:00.000000000,154.8,178.52901
2021-12-26T18:00:00.000000000,152.4,185.59325
2021-12-26T19:00:00.000000000,156.62,189.40564
2021-12-26T20:00:00.000000000,159.79,196.01488
2021-12-26T21:00:00.000000000,166.97,200.75371
2021-12-26T22:00:00.000000000,169.44,203.44454
2021-12-26T23:00:00.000000000,184.86,205.44187
2021-12-27T00:00:00.000000000,217.93,230.44322
2021-12-27T01:00:00.000000000,223.01,222.56838
2021-12-27T02:00:00.000000000,210.09,211.72041
2021-12-27T03:00:00.000000000,190.93,204.65563
2021-12-27T04:00:00.000000000,188.9,202.07584
2021-12-27T05:00:00.000000000,201.38,203.87757
2021-12-27T06:00:00.000000000,180.83,208.41221
2021-12-27T07:00:00.000000000,169.48,214.3668
2021-12-27T08:00:00.000000000,175.01,223.49106
2021-12-27T09:00:00.000000000,184.67,235.90583
2021-12-27T10:00:00.000000000,198.94,246.05579
2021-12-27T11:00:00.000000000,238.88,252.34874
2021-12-27T12:00:00.000000000,271.3,255.41448
2021-12-27T13:00:00.000000000,295.14,260.43894
2021-12-27T14:00:00.000000000,345.28,269.63283
2021-12-27T15:00:00.000000000,353.25,280.6265
2021-12-27T16:00:00.000000000,320.26,286.09543
2021-12-27T17:00:00.000000000,312.72,291.21412
2021-12-27T18:00:00.000000000,314.39,297.08229
2021-12-27T19:00:00.000000000,320.47,298.5735
2021-12-27T20:00:00.000000000,317.81,298.45214
2021-12-27T21:00:00.000000000,319.32,294.3716
2021-12-27T22:00:00.000000000,320.22,290.77579
2021-12-27T23:00:00.000000000,337.18,285.0699
2021-12-25T00:00:00.000000000,195.36,225.26506
2021-12-25T01:00:00.000000000,197.77,220.46708
2021-12-25T02:00:00.000000000,194.34,209.7272
2021-12-25T03:00:00.000000000,188.34,202.41361
2021-12-25T04:00:00.000000000,181.79,199.41425
2021-12-25T05:00:00.000000000,187.07,200.08885
2021-12-25T06:00:00.000000000,193.46,202.12159
2021-12-25T07:00:00.000000000,194.82,204.98659
2021-12-25T08:00:00.000000000,195.65,210.19477
2021-12-25T09:00:00.000000000,191.88,219.52851
2021-12-25T10:00:00.000000000,210.35,226.55843
2021-12-25T11:00:00.000000000,246.78,229.07265
2021-12-25T12:00:00.000000000,269.09,228.41805
2021-12-25T13:00:00.000000000,280.3,230.80508
2021-12-25T14:00:00.000000000,303.08,236.11037
2021-12-25T15:00:00.000000000,309.12,242.54804
2021-12-25T16:00:00.000000000,301.55,246.00455
2021-12-25T17:00:00.000000000,313.1,252.27265
2021-12-25T18:00:00.000000000,319.53,262.64825
2021-12-25T19:00:00.000000000,301.72,270.54243
2021-12-25T20:00:00.000000000,297.6,279.35915
2021-12-25T21:00:00.000000000,310.78,284.20389
2021-12-25T22:00:00.000000000,302.53,288.89382
2021-12-25T23:00:00.000000000,325.95,290.44721
2021-12-26T00:00:00.000000000,361.42,253.36727
2021-12-26T01:00:00.000000000,366.71,251.86735
2021-12-26T02:00:00.000000000,365.08,246.24504
2021-12-26T03:00:00.000000000,366.23,242.31198
2021-12-26T04:00:00.000000000,354.83,237.56296
2021-12-26T05:00:00.000000000,339.41,231.70368
2021-12-26T06:00:00.000000000,311.17,222.19868
2021-12-26T07:00:00.000000000,261.15,211.11869
2021-12-26T08:00:00.000000000,200.39,202.98212
2021-12-26T09:00:00.000000000,172.58,198.96691
2021-12-26T10:00:00.000000000,159.32,194.25035
2021-12-26T11:00:00.000000000,151.65,188.78437
2021-12-26T12:00:00.000000000,150.09,182.64172
2021-12-26T13:00:00.000000000,145.08,182.10804
2021-12-26T14:00:00.000000000,140.88,182.80333
2021-12-26T15:00:00.000000000,140.94,184.80633
2021-12-26T16:00:00.000000000,158.6,184.51664
2021-12-26T17:00:00.000000000,154.8,185.57133
2021-12-26T18:00:00.000000000,152.4,190.85209
2021-12-26T19:00:00.000000000,156.62,192.43066
2021-12-26T20:00:00.000000000,159.79,196.61474
2021-12-26T21:00:00.000000000,166.97,199.05561
2021-12-26T22:00:00.000000000,169.44,200.07068
2021-12-26T23:00:00.000000000,184.86,200.78477
2021-12-27T00:00:00.000000000,217.93,210.41453
2021-12-27T01:00:00.000000000,223.01,203.30158
2021-12-27T02:00:00.000000000,210.09,194.57874
2021-12-27T03:00:00.000000000,190.93,190.27524
2021-12-27T04:00:00.000000000,188.9,191.31166
2021-12-27T05:00:00.000000000,201.38,197.37953
2021-12-27T06:00:00.000000000,180.83,205.53958
2021-12-27T07:00:00.000000000,169.48,214.0616
2021-12-27T08:00:00.000000000,175.01,225.36794
2021-12-27T09:00:00.000000000,184.67,238.33636
2021-12-27T10:00:00.000000000,198.94,247.89272
2021-12-27T11:00:00.000000000,238.88,253.13255
2021-12-27T12:00:00.000000000,271.3,255.22504
2021-12-27T13:00:00.000000000,295.14,259.57144
2021-12-27T14:00:00.000000000,345.28,268.43017
2021-12-27T15:00:00.000000000,353.25,279.03895
2021-12-27T16:00:00.000000000,320.26,283.10699
2021-12-27T17:00:00.000000000,312.72,286.14498
2021-12-27T18:00:00.000000000,314.39,289.82741
2021-12-27T19:00:00.000000000,320.47,288.61254
2021-12-27T20:00:00.000000000,317.81,285.39174
2021-12-27T21:00:00.000000000,319.32,278.00367
2021-12-27T22:00:00.000000000,320.22,270.6843
2021-12-27T23:00:00.000000000,337.18,262.60232
2021-12-28T00:00:00.000000000,345.05,231.82706
2021-12-28T01:00:00.000000000,332.62,226.1326
2021-12-28T02:00:00.000000000,313.85,214.55951
2021-12-28T03:00:00.000000000,279.63,206.54431
2021-12-28T04:00:00.000000000,252.59,202.22481
2021-12-28T05:00:00.000000000,242.36,200.00739
2021-12-28T06:00:00.000000000,200.92,196.05325
2021-12-28T07:00:00.000000000,184.63,191.4182
2021-12-28T08:00:00.000000000,172.98,190.63235
2021-12-28T09:00:00.000000000,164.37,192.74491
2021-12-28T10:00:00.000000000,153.2,192.8863
2021-12-28T11:00:00.000000000,165.75,189.5991
2021-12-28T12:00:00.000000000,208.38,183.56934
2021-12-28T13:00:00.000000000,235.99,182.17327
2021-12-28T14:00:00.000000000,249.16,183.49861
2021-12-28T15:00:00.000000000,235.81,186.35303
2021-12-28T16:00:00.000000000,218.27,186.53823
2021-12-28T17:00:00.000000000,188.39,189.75304
2021-12-28T18:00:00.000000000,199.2,197.43604
2021-12-28T19:00:00.000000000,210.93,201.92668
2021-12-28T20:00:00.000000000,215.15,209.55396
2021-12-28T21:00:00.000000000,220.59,214.85866
2021-12-28T22:00:00.000000000,232.4,217.71432
2021-12-28T23:00:00.000000000,275.82,219.55979
2021-12-26T00:00:00.000000000,361.42,265.4268
2021-12-26T01:00:00.000000000,366.71,263.68781
2021-12-26T02:00:00.000000000,365.08,256.43679
2021-12-26T03:00:00.000000000,366.23,250.10407
2021-12-26T04:00:00.000000000,354.83,242.68494
2021-12-26T05:00:00.000000000,339.41,233.79583
2021-12-26T06:00:00.000000000,311.17,220.93164
2021-12-26T07:00:00.000000000,261.15,207.53011
2021-12-26T08:00:00.000000000,200.39,197.4198
2021-12-26T09:00:00.000000000,172.58,191.51106
2021-12-26T10:00:00.000000000,159.32,184.09987
2021-12-26T11:00:00.000000000,151.65,176.04558
2021-12-26T12:00:00.000000000,150.09,168.42192
2021-12-26T13:00:00.000000000,145.08,167.15649
2021-12-26T14:00:00.000000000,140.88,167.61517
2021-12-26T15:00:00.000000000,140.94,169.62335
2021-12-26T16:00:00.000000000,158.6,169.85383
2021-12-26T17:00:00.000000000,154.8,171.94662
2021-12-26T18:00:00.000000000,152.4,179.00729
2021-12-26T19:00:00.000000000,156.62,182.96472
2021-12-26T20:00:00.000000000,159.79,189.18803
2021-12-26T21:00:00.000000000,166.97,193.95081
2021-12-26T22:00:00.000000000,169.44,197.03332
2021-12-26T23:00:00.000000000,184.86,199.51398
2021-12-27T00:00:00.000000000,217.93,212.66224
2021-12-27T01:00:00.000000000,223.01,205.31796
2021-12-27T02:00:00.000000000,210.09,194.72891
2021-12-27T03:00:00.000000000,190.93,188.43042
2021-12-27T04:00:00.000000000,188.9,187.37078
2021-12-27T05:00:00.000000000,201.38,191.48292
2021-12-27T06:00:00.000000000,180.83,197.90987
2021-12-27T07:00:00.000000000,169.48,205.20117
2021-12-27T08:00:00.000000000,175.01,215.09361
2021-12-27T09:00:00.000000000,184.67,226.79648
2021-12-27T10:00:00.000000000,198.94,234.85128
2021-12-27T11:00:00.000000000,238.88,238.24342
2021-12-27T12:00:00.000000000,271.3,239.12722
2021-12-27T13:00:00.000000000,295.14,243.0308
2021-12-27T14:00:00.000000000,345.28,251.64661
2021-12-27T15:00:00.000000000,353.25,262.11345
2021-12-27T16:00:00.000000000,320.26,266.95382
2021-12-27T17:00:00.000000000,312.72,271.94746
2021-12-27T18:00:00.000000000,314.39,278.80189
2021-12-27T19:00:00.000000000,320.47,281.50303
2021-12-27T20:00:00.000000000,317.81,283.01474
2021-12-27T21:00:00.000000000,319.32,280.05114
2021-12-27T22:00:00.000000000,320.22,276.64603
2021-12-27T23:00:00.000000000,337.18,271.37846
2021-12-28T00:00:00.000000000,345.05,252.54169
2021-12-28T01:00:00.000000000,332.62,247.91881
2021-12-28T02:00:00.000000000,313.85,237.1082
2021-12-28T03:00:00.000000000,279.63,228.56432
2021-12-28T04:00:00.000000000,252.59,223.25083
2021-12-28T05:00:00.000000000,242.36,220.41914
2021-12-28T06:00:00.000000000,200.92,216.33836
2021-12-28T07:00:00.000000000,184.63,212.65118
2021-12-28T08:00:00.000000000,172.98,211.84174
2021-12-28T09:00:00.000000000,164.37,213.86891
2021-12-28T10:00:00.000000000,153.2,213.13074
2021-12-28T11:00:00.000000000,165.75,209.41659
2021-12-28T12:00:00.000000000,208.38,203.48034
2021-12-28T13:00:00.000000000,235.99,201.14698
2021-12-28T14:00:00.000000000,249.16,202.44229
2021-12-28T15:00:00.000000000,235.81,205.55601
2021-12-28T16:00:00.000000000,218.27,206.9472
2021-12-28T17:00:00.000000000,188.39,211.35952
2021-12-28T18:00:00.000000000,199.2,220.06476
2021-12-28T19:00:00.000000000,210.93,227.0008
2021-12-28T20:00:00.000000000,215.15,236.75008
2021-12-28T21:00:00.000000000,220.59,244.67628
2021-12-28T22:00:00.000000000,232.4,250.88371
2021-12-28T23:00:00.000000000,275.82,255.20311
2021-12-29T00:00:00.000000000,345.86,244.12697
2021-12-29T01:00:00.000000000,360.72,237.91524
2021-12-29T02:00:00.000000000,363.16,230.60085
2021-12-29T03:00:00.000000000,365.18,226.66746
2021-12-29T04:00:00.000000000,356.36,226.06136
2021-12-29T05:00:00.000000000,353.32,227.81858
2021-12-29T06:00:00.000000000,329.88,230.21374
2021-12-29T07:00:00.000000000,318.87,232.81457
2021-12-29T08:00:00.000000000,293.65,238.68336
2021-12-29T09:00:00.000000000,273.57,247.97486
2021-12-29T10:00:00.000000000,295.98,255.85809
2021-12-29T11:00:00.000000000,327.43,262.29671
2021-12-29T12:00:00.000000000,336.95,266.26962
2021-12-29T13:00:00.000000000,334.85,272.03615
2021-12-29T14:00:00.000000000,346.94,281.57542
2021-12-29T15:00:00.000000000,331.61,292.67683
2021-12-29T16:00:00.000000000,297.99,297.45439
2021-12-29T17:00:00.000000000,267.57,299.98591
2021-12-29T18:00:00.000000000,246.49,301.56588
2021-12-29T19:00:00.000000000,247.79,297.94515
2021-12-29T20:00:00.000000000,250.11,292.75906
2021-12-29T21:00:00.000000000,259.09,284.72163
2021-12-29T22:00:00.000000000,261.38,277.57688
2021-12-29T23:00:00.000000000,270.73,269.92446
2021-12-27T00:00:00.000000000,217.93,209.51837
2021-12-27T01:00:00.000000000,223.01,203.95473
2021-12-27T02:00:00.000000000,210.09,193.44012
2021-12-27T03:00:00.000000000,190.93,187.01196
2021-12-27T04:00:00.000000000,188.9,185.35685
2021-12-27T05:00:00.000000000,201.38,188.34896
2021-12-27T06:00:00.000000000,180.83,192.74715
2021-12-27T07:00:00.000000000,169.48,197.44918
2021-12-27T08:00:00.000000000,175.01,204.22967
2021-12-27T09:00:00.000000000,184.67,213.08416
2021-12-27T10:00:00.000000000,198.94,218.30812
2021-12-27T11:00:00.000000000,238.88,218.53452
2021-12-27T12:00:00.000000000,271.3,216.43742
2021-12-27T13:00:00.000000000,295.14,218.31927
2021-12-27T14:00:00.000000000,345.28,224.07393
2021-12-27T15:00:00.000000000,353.25,231.42586
2021-12-27T16:00:00.000000000,320.26,234.77523
2021-12-27T17:00:00.000000000,312.72,240.1413
2021-12-27T18:00:00.000000000,314.39,249.43026
2021-12-27T19:00:00.000000000,320.47,255.55267
2021-12-27T20:00:00.000000000,317.81,262.39786
2021-12-27T21:00:00.000000000,319.32,264.78715
2021-12-27T22:00:00.000000000,320.22,266.13082
2021-12-27T23:00:00.000000000,337.18,265.21192
2021-12-28T00:00:00.000000000,345.05,261.14821
2021-12-28T01:00:00.000000000,332.62,257.29377
2021-12-28T02:00:00.000000000,313.85,247.50331
2021-12-28T03:00:00.000000000,279.63,239.40967
2021-12-28T04:00:00.000000000,252.59,233.75625
2021-12-28T05:00:00.000000000,242.36,230.33835
2021-12-28T06:00:00.000000000,200.92,225.32066
2021-12-28T07:00:00.000000000,184.63,220.7665
2021-12-28T08:00:00.000000000,172.98,218.73094
2021-12-28T09:00:00.000000000,164.37,219.75111
2021-12-28T10:00:00.000000000,153.2,218.27499
2021-12-28T11:00:00.000000000,165.75,214.67255
2021-12-28T12:00:00.000000000,208.38,209.46202
2021-12-28T13:00:00.000000000,235.99,207.66444
2021-12-28T14:00:00.000000000,249.16,209.99447
2021-12-28T15:00:00.000000000,235.81,214.21487
2021-12-28T16:00:00.000000000,218.27,216.73886
2021-12-28T17:00:00.000000000,188.39,221.78083
2021-12-28T18:00:00.000000000,199.2,230.65637
2021-12-28T19:00:00.000000000,210.93,237.89646
2021-12-28T20:00:00.000000000,215.15,247.81663
2021-12-28T21:00:00.000000000,220.59,256.24281
2021-12-28T22:00:00.000000000,232.4,263.25287
2021-12-28T23:00:00.000000000,275.82,268.06419
2021-12-29T00:00:00.000000000,345.86,260.00651
2021-12-29T01:00:00.000000000,360.72,256.50415
2021-12-29T02:00:00.000000000,363.16,249.31648
2021-12-29T03:00:00.000000000,365.18,243.97031
2021-12-29T04:00:00.000000000,356.36,240.09525
2021-12-29T05:00:00.000000000,353.32,238.054
2021-12-29T06:00:00.000000000,329.88,234.85425
2021-12-29T07:00:00.000000000,318.87,231.41312
2021-12-29T08:00:00.000000000,293.65,230.45776
2021-12-29T09:00:00.000000000,273.57,232.74486
2021-12-29T10:00:00.000000000,295.98,233.76145
2021-12-29T11:00:00.000000000,327.43,234.54599
2021-12-29T12:00:00.000000000,336.95,234.07424
2021-12-29T13:00:00.000000000,334.85,236.49371
2021-12-29T14:00:00.000000000,346.94,242.14939
2021-12-29T15:00:00.000000000,331.61,248.85623
2021-12-29T16:00:00.000000000,297.99,251.23523
2021-12-29T17:00:00.000000000,267.57,252.556
2021-12-29T18:00:00.000000000,246.49,255.29553
2021-12-29T19:00:00.000000000,247.79,254.94302
2021-12-29T20:00:00.000000000,250.11,256.85432
2021-12-29T21:00:00.000000000,259.09,257.69511
2021-12-29T22:00:00.000000000,261.38,258.34547
2021-12-29T23:00:00.000000000,270.73,257.93572
2021-12-30T00:00:00.000000000,335.95,265.90502
2021-12-30T01:00:00.000000000,363.98,260.80902
2021-12-30T02:00:00.000000000,367.67,252.53853
2021-12-30T03:00:00.000000000,365.84,246.36419
2021-12-30T04:00:00.000000000,361.56,244.8084
2021-12-30T05:00:00.000000000,360.87,247.70824
2021-12-30T06:00:00.000000000,347.61,253.91055
2021-12-30T07:00:00.000000000,350.48,261.76777
2021-12-30T08:00:00.000000000,352.72,271.53334
2021-12-30T09:00:00.000000000,333.0,284.28104
2021-12-30T10:00:00.000000000,305.27,295.32721
2021-12-30T11:00:00.000000000,312.28,303.24081
2021-12-30T12:00:00.000000000,322.12,306.81969
2021-12-30T13:00:00.000000000,315.46,309.85998
2021-12-30T14:00:00.000000000,326.47,315.03338
2021-12-30T15:00:00.000000000,317.66,321.09342
2021-12-30T16:00:00.000000000,312.58,322.01125
2021-12-30T17:00:00.000000000,324.95,323.75154
2021-12-30T18:00:00.000000000,327.93,326.49278
2021-12-30T19:00:00.000000000,322.23,326.74213
2021-12-30T20:00:00.000000000,315.45,327.26386
2021-12-30T21:00:00.000000000,302.63,326.13528
2021-12-30T22:00:00.000000000,294.98,326.32361
2021-12-30T23:00:00.000000000,302.81,323.54277
2021-12-28T00:00:00.000000000,345.05,281.85439
2021-12-28T01:00:00.000000000,332.62,277.10746
2021-12-28T02:00:00.000000000,313.85,265.8695
2021-12-28T03:00:00.000000000,279.63,255.65504
2021-12-28T04:00:00.000000000,252.59,247.42396
2021-12-28T05:00:00.000000000,242.36,240.6517
2021-12-28T06:00:00.000000000,200.92,232.63058
2021-12-28T07:00:00.000000000,184.63,225.72041
2021-12-28T08:00:00.000000000,172.98,222.10478
2021-12-28T09:00:00.000000000,164.37,222.14575
2021-12-28T10:00:00.000000000,153.2,220.05973
2021-12-28T11:00:00.000000000,165.75,216.21375
2021-12-28T12:00:00.000000000,208.38,210.41531
2021-12-28T13:00:00.000000000,235.99,207.76542
2021-12-28T14:00:00.000000000,249.16,208.56371
2021-12-28T15:00:00.000000000,235.81,211.17567
2021-12-28T16:00:00.000000000,218.27,212.69912
2021-12-28T17:00:00.000000000,188.39,216.84373
2021-12-28T18:00:00.000000000,199.2,224.84457
2021-12-28T19:00:00.000000000,210.93,231.65993
2021-12-28T20:00:00.000000000,215.15,241.48576
2021-12-28T21:00:00.000000000,220.59,250.42777
2021-12-28T22:00:00.000000000,232.4,258.1344
2021-12-28T23:00:00.000000000,275.82,263.67404
2021-12-29T00:00:00.000000000,345.86,263.59927
2021-12-29T01:00:00.000000000,360.72,259.38494
2021-12-29T02:00:00.000000000,363.16,250.68872
2021-12-29T03:00:00.000000000,365.18,243.74426
2021-12-29T04:00:00.000000000,356.36,238.26571
2021-12-29T05:00:00.000000000,353.32,234.89356
2021-12-29T06:00:00.000000000,329.88,230.62502
2021-12-29T07:00:00.000000000,318.87,226.83483
2021-12-29T08:00:00.000000000,293.65,225.20109
2021-12-29T09:00:00.000000000,273.57,227.00619
2021-12-29T10:00:00.000000000,295.98,227.02888
2021-12-29T11:00:00.000000000,327.43,226.09349
2021-12-29T12:00:00.000000000,336.95,224.41835
2021-12-29T13:00:00.000000000,334.85,225.90865
2021-12-29T14:00:00.000000000,346.94,231.73412
2021-12-29T15:00:00.000000000,331.61,239.34935
2021-12-29T16:00:00.000000000,297.99,244.10001
2021-12-29T17:00:00.000000000,267.57,249.41988
2021-12-29T18:00:00.000000000,246.49,257.09965
2021-12-29T19:00:00.000000000,247.79,262.17165
2021-12-29T20:00:00.000000000,250.11,268.74735
2021-12-29T21:00:00.000000000,259.09,273.37502
2021-12-29T22:00:00.000000000,261.38,277.32016
2021-12-29T23:00:00.000000000,270.73,279.04127
2021-12-30T00:00:00.000000000,335.95,261.87154
2021-12-30T01:00:00.000000000,363.98,259.43324
2021-12-30T02:00:00.000000000,367.67,255.43674
2021-12-30T03:00:00.000000000,365.84,253.29623
2021-12-30T04:00:00.000000000,361.56,255.56344
2021-12-30T05:00:00.000000000,360.87,260.62893
2021-12-30T06:00:00.000000000,347.61,266.92511
2021-12-30T07:00:00.000000000,350.48,273.86827
2021-12-30T08:00:00.000000000,352.72,282.96052
2021-12-30T09:00:00.000000000,333.0,294.56698
2021-12-30T10:00:00.000000000,305.27,303.49516
2021-12-30T11:00:00.000000000,312.28,309.43599
2021-12-30T12:00:00.000000000,322.12,310.85587
2021-12-30T13:00:00.000000000,315.46,311.73906
2021-12-30T14:00:00.000000000,326.47,315.09847
2021-12-30T15:00:00.000000000,317.66,320.11696
2021-12-30T16:00:00.000000000,312.58,320.50995
2021-12-30T17:00:00.000000000,324.95,321.3635
2021-12-30T18:00:00.000000000,327.93,322.54263
2021-12-30T19:00:00.000000000,322.23,320.8471
2021-12-30T20:00:00.000000000,315.45,318.81016
2021-12-30T21:00:00.000000000,302.63,315.18274
2021-12-30T22:00:00.000000000,294.98,313.09919
2021-12-30T23:00:00.000000000,302.81,309.53134
2021-12-31T00:00:00.000000000,333.74,284.55915
2021-12-31T01:00:00.000000000,338.03,280.04965
2021-12-31T02:00:00.000000000,321.84,273.11623
2021-12-31T03:00:00.000000000,303.04,267.77824
2021-12-31T04:00:00.000000000,278.89,263.33645
2021-12-31T05:00:00.000000000,263.19,259.64936
2021-12-31T06:00:00.000000000,245.7,255.58313
2021-12-31T07:00:00.000000000,211.68,251.4206
2021-12-31T08:00:00.000000000,191.81,250.2683
2021-12-31T09:00:00.000000000,188.58,252.68245
2021-12-31T10:00:00.000000000,195.64,254.53891
2021-12-31T11:00:00.000000000,216.36,257.32129
2021-12-31T12:00:00.000000000,245.71,258.17976
2021-12-31T13:00:00.000000000,267.41,260.89746
2021-12-31T14:00:00.000000000,294.65,264.68771
2021-12-31T15:00:00.000000000,310.11,268.56331
2021-12-31T16:00:00.000000000,307.55,267.12978
2021-12-31T17:00:00.000000000,300.58,262.75976
2021-12-31T18:00:00.000000000,298.24,258.71888
2021-12-31T19:00:00.000000000,290.27,251.75554
2021-12-31T20:00:00.000000000,297.77,247.32999
2021-12-31T21:00:00.000000000,303.27,242.70262
2021-12-31T22:00:00.000000000,306.87,238.66294
2021-12-31T23:00:00.000000000,300.4,234.72794
