datetime,carbon_intensity_actual,avg_carbon_intensity_forecast
2021-07-01T00:00:00.000000000,35.49,34.63278
2021-07-01T01:00:00.000000000,35.73,35.15427
2021-07-01T02:00:00.000000000,35.55,34.94457
2021-07-01T03:00:00.000000000,34.86,35.18618
2021-07-01T04:00:00.000000000,32.13,35.17347
2021-07-01T05:00:00.000000000,31.48,34.99097
2021-07-01T06:00:00.000000000,30.49,34.82101
2021-07-01T07:00:00.000000000,29.77,34.94952
2021-07-01T08:00:00.000000000,30.13,35.22159
2021-07-01T09:00:00.000000000,30.23,35.52328
2021-07-01T10:00:00.000000000,30.46,35.56893
2021-07-01T11:00:00.000000000,31.27,35.96133
2021-07-01T12:00:00.000000000,31.44,36.20713
2021-07-01T13:00:00.000000000,31.48,36.30037
2021-07-01T14:00:00.000000000,31.68,36.42205
2021-07-01T15:00:00.000000000,32.01,36.34079
2021-07-01T16:00:00.000000000,32.13,35.94704
2021-07-01T17:00:00.000000000,31.77,35.81705
2021-07-01T18:00:00.000000000,31.86,35.4728
2021-07-01T19:00:00.000000000,31.77,34.99575
2021-07-01T20:00:00.000000000,31.98,34.67466
2021-07-01T21:00:00.000000000,32.39,34.54188
2021-07-01T22:00:00.000000000,32.31,34.69132
2021-07-01T23:00:00.000000000,32.85,34.81047
2021-07-02T00:00:00.000000000,32.9,36.42176
2021-07-02T01:00:00.000000000,33.51,36.78686
2021-07-02T02:00:00.000000000,33.53,36.57146
2021-07-02T03:00:00.000000000,33.61,36.83655
2021-07-02T04:00:00.000000000,33.24,36.9222
2021-07-02T05:00:00.000000000,32.13,36.75683
2021-07-02T06:00:00.000000000,31.55,36.70389
2021-07-02T07:00:00.000000000,32.36,36.89256
2021-07-02T08:00:00.000000000,32.79,37.08313
2021-07-02T09:00:00.000000000,32.89,37.31256
2021-07-02T10:00:00.000000000,33.89,37.26491
2021-07-02T11:00:00.000000000,32.88,37.59021
2021-07-02T12:00:00.000000000,34.22,37.79962
2021-07-02T13:00:00.000000000,34.08,37.88827
2021-07-02T14:00:00.000000000,34.31,38.0635
2021-07-02T15:00:00.000000000,34.69,38.10209
2021-07-02T16:00:00.000000000,34.53,37.93202
2021-07-02T17:00:00.000000000,33.81,37.97264
2021-07-02T18:00:00.000000000,33.67,37.80548
2021-07-02T19:00:00.000000000,33.47,37.51725
2021-07-02T20:00:00.000000000,33.38,37.27721
2021-07-02T21:00:00.000000000,33.0,36.9972
2021-07-02T22:00:00.000000000,33.11,37.01671
2021-07-02T23:00:00.000000000,34.09,36.92022
2021-07-03T00:00:00.000000000,34.31,38.6603
2021-07-03T01:00:00.000000000,34.01,39.14077
2021-07-03T02:00:00.000000000,34.4,38.99404
2021-07-03T03:00:00.000000000,34.37,39.12662
2021-07-03T04:00:00.000000000,34.91,39.05162
2021-07-03T05:00:00.000000000,34.79,38.68456
2021-07-03T06:00:00.000000000,34.95,38.57181
2021-07-03T07:00:00.000000000,34.89,38.63745
2021-07-03T08:00:00.000000000,35.01,38.71423
2021-07-03T09:00:00.000000000,35.81,38.9356
2021-07-03T10:00:00.000000000,35.95,38.83683
2021-07-03T11:00:00.000000000,36.4,39.27607
2021-07-03T12:00:00.000000000,36.33,39.52387
2021-07-03T13:00:00.000000000,35.82,39.5162
2021-07-03T14:00:00.000000000,34.99,39.63769
2021-07-03T15:00:00.000000000,35.37,39.56313
2021-07-03T16:00:00.000000000,35.23,39.27342
2021-07-03T17:00:00.000000000,34.81,39.10456
2021-07-03T18:00:00.000000000,34.28,38.78513
2021-07-03T19:00:00.000000000,33.49,38.50576
2021-07-03T20:00:00.000000000,33.41,38.25097
2021-07-03T21:00:00.000000000,33.24,38.08189
2021-07-03T22:00:00.000000000,32.88,38.26976
2021-07-03T23:00:00.000000000,33.28,38.43255
2021-07-04T00:00:00.000000000,33.43,40.24611
2021-07-04T01:00:00.000000000,33.79,40.51983
2021-07-04T02:00:00.000000000,34.54,40.18887
2021-07-04T03:00:00.000000000,35.07,40.19988
2021-07-04T04:00:00.000000000,35.05,40.14964
2021-07-04T05:00:00.000000000,35.69,39.78823
2021-07-04T06:00:00.000000000,35.72,39.93139
2021-07-04T07:00:00.000000000,36.58,40.31896
2021-07-04T08:00:00.000000000,36.2,40.79195
2021-07-04T09:00:00.000000000,36.99,41.3784
2021-07-04T10:00:00.000000000,36.97,41.47786
2021-07-04T11:00:00.000000000,37.29,42.07501
2021-07-04T12:00:00.000000000,37.61,42.16102
2021-07-04T13:00:00.000000000,37.32,41.99308
2021-07-04T14:00:00.000000000,37.42,41.83708
2021-07-04T15:00:00.000000000,36.86,41.39917
2021-07-04T16:00:00.000000000,36.76,40.89741
2021-07-04T17:00:00.000000000,35.96,40.5072
2021-07-04T18:00:00.000000000,36.24,40.20279
2021-07-04T19:00:00.000000000,35.63,39.98647
2021-07-04T20:00:00.000000000,35.46,39.7403
2021-07-04T21:00:00.000000000,34.95,39.68953
2021-07-04T22:00:00.000000000,34.67,39.89337
2021-07-04T23:00:00.000000000,36.25,40.04741
2021-07-02T00:00:00.000000000,32.9,34.85287
2021-07-02T01:00:00.000000000,33.51,35.14102
2021-07-02T02:00:00.000000000,33.53,34.75948
2021-07-02T03:00:00.000000000,33.61,34.89551
2021-07-02T04:00:00.000000000,33.24,34.7687
2021-07-02T05:00:00.000000000,32.13,34.50781
2021-07-02T06:00:00.000000000,31.55,34.316
2021-07-02T07:00:00.000000000,32.36,34.49722
2021-07-02T08:00:00.000000000,32.79,34.81187
2021-07-02T09:00:00.000000000,32.89,35.21391
2021-07-02T10:00:00.000000000,33.89,35.359
2021-07-02T11:00:00.000000000,32.88,35.82197
2021-07-02T12:00:00.000000000,34.22,36.23021
2021-07-02T13:00:00.000000000,34.08,36.4712
2021-07-02T14:00:00.000000000,34.31,36.66395
2021-07-02T15:00:00.000000000,34.69,36.66719
2021-07-02T16:00:00.000000000,34.53,36.32121
2021-07-02T17:00:00.000000000,33.81,36.32073
2021-07-02T18:00:00.000000000,33.67,36.09585
2021-07-02T19:00:00.000000000,33.47,35.6955
2021-07-02T20:00:00.000000000,33.38,35.4157
2021-07-02T21:00:00.000000000,33.0,35.26097
2021-07-02T22:00:00.000000000,33.11,35.35675
2021-07-02T23:00:00.000000000,34.09,35.34865
2021-07-03T00:00:00.000000000,34.31,37.08645
2021-07-03T01:00:00.000000000,34.01,37.3908
2021-07-03T02:00:00.000000000,34.4,37.10194
2021-07-03T03:00:00.000000000,34.37,37.23844
2021-07-03T04:00:00.000000000,34.91,37.20417
2021-07-03T05:00:00.000000000,34.79,36.94458
2021-07-03T06:00:00.000000000,34.95,36.87238
2021-07-03T07:00:00.000000000,34.89,37.06992
2021-07-03T08:00:00.000000000,35.01,37.3045
2021-07-03T09:00:00.000000000,35.81,37.61015
2021-07-03T10:00:00.000000000,35.95,37.64551
2021-07-03T11:00:00.000000000,36.4,38.03156
2021-07-03T12:00:00.000000000,36.33,38.27066
2021-07-03T13:00:00.000000000,35.82,38.3456
2021-07-03T14:00:00.000000000,34.99,38.47881
2021-07-03T15:00:00.000000000,35.37,38.43139
2021-07-03T16:00:00.000000000,35.23,38.18785
2021-07-03T17:00:00.000000000,34.81,38.17046
2021-07-03T18:00:00.000000000,34.28,38.00432
2021-07-03T19:00:00.000000000,33.49,37.77196
2021-07-03T20:00:00.000000000,33.41,37.59057
2021-07-03T21:00:00.000000000,33.24,37.424
2021-07-03T22:00:00.000000000,32.88,37.53089
2021-07-03T23:00:00.000000000,33.28,37.50721
2021-07-04T00:00:00.000000000,33.43,39.00281
2021-07-04T01:00:00.000000000,33.79,39.60082
2021-07-04T02:00:00.000000000,34.54,39.56886
2021-07-04T03:00:00.000000000,35.07,39.81389
2021-07-04T04:00:00.000000000,35.05,39.8578
2021-07-04T05:00:00.000000000,35.69,39.53992
2021-07-04T06:00:00.000000000,35.72,39.50107
2021-07-04T07:00:00.000000000,36.58,39.58304
2021-07-04T08:00:00.000000000,36.2,39.64829
2021-07-04T09:00:00.000000000,36.99,39.86795
2021-07-04T10:00:00.000000000,36.97,39.69934
2021-07-04T11:00:00.000000000,37.29,40.16305
2021-07-04T12:00:00.000000000,37.61,40.36019
2021-07-04T13:00:00.000000000,37.32,40.28553
2021-07-04T14:00:00.000000000,37.42,40.36784
2021-07-04T15:00:00.000000000,36.86,40.24004
2021-07-04T16:00:00.000000000,36.76,39.91402
2021-07-04T17:00:00.000000000,35.96,39.62574
2021-07-04T18:00:00.000000000,36.24,39.20003
2021-07-04T19:00:00.000000000,35.63,38.82452
2021-07-04T20:00:00.000000000,35.46,38.463
2021-07-04T21:00:00.000000000,34.95,38.2237
2021-07-04T22:00:00.000000000,34.67,38.38235
2021-07-04T23:00:00.000000000,36.25,38.57893
2021-07-05T00:00:00.000000000,36.08,39.81638
2021-07-05T01:00:00.000000000,36.45,40.14903
2021-07-05T02:00:00.000000000,36.5,39.87899
2021-07-05T03:00:00.000000000,36.43,39.98171
2021-07-05T04:00:00.000000000,35.63,40.0198
2021-07-05T05:00:00.000000000,35.88,39.71824
2021-07-05T06:00:00.000000000,36.9,39.90051
2021-07-05T07:00:00.000000000,37.85,40.30057
2021-07-05T08:00:00.000000000,38.58,40.76122
2021-07-05T09:00:00.000000000,38.42,41.33009
2021-07-05T10:00:00.000000000,38.67,41.39315
2021-07-05T11:00:00.000000000,38.34,41.96803
2021-07-05T12:00:00.000000000,38.41,42.03325
2021-07-05T13:00:00.000000000,38.82,41.84757
2021-07-05T14:00:00.000000000,38.83,41.69002
2021-07-05T15:00:00.000000000,38.14,41.2527
2021-07-05T16:00:00.000000000,37.9,40.74445
2021-07-05T17:00:00.000000000,37.65,40.33719
2021-07-05T18:00:00.000000000,37.16,39.99569
2021-07-05T19:00:00.000000000,37.0,39.7279
2021-07-05T20:00:00.000000000,36.64,39.44015
2021-07-05T21:00:00.000000000,36.63,39.34517
2021-07-05T22:00:00.000000000,37.03,39.51994
2021-07-05T23:00:00.000000000,37.28,39.66379
2021-07-03T00:00:00.000000000,34.31,34.98799
2021-07-03T01:00:00.000000000,34.01,35.74199
2021-07-03T02:00:00.000000000,34.4,35.81964
2021-07-03T03:00:00.000000000,34.37,36.30117
2021-07-03T04:00:00.000000000,34.91,36.53189
2021-07-03T05:00:00.000000000,34.79,36.44241
2021-07-03T06:00:00.000000000,34.95,36.36458
2021-07-03T07:00:00.000000000,34.89,36.41262
2021-07-03T08:00:00.000000000,35.01,36.54428
2021-07-03T09:00:00.000000000,35.81,36.70769
2021-07-03T10:00:00.000000000,35.95,36.59614
2021-07-03T11:00:00.000000000,36.4,36.96284
2021-07-03T12:00:00.000000000,36.33,37.16738
2021-07-03T13:00:00.000000000,35.82,37.28817
2021-07-03T14:00:00.000000000,34.99,37.48922
2021-07-03T15:00:00.000000000,35.37,37.58304
2021-07-03T16:00:00.000000000,35.23,37.31489
2021-07-03T17:00:00.000000000,34.81,37.19631
2021-07-03T18:00:00.000000000,34.28,36.74645
2021-07-03T19:00:00.000000000,33.49,36.1656
2021-07-03T20:00:00.000000000,33.41,35.70075
2021-07-03T21:00:00.000000000,33.24,35.23428
2021-07-03T22:00:00.000000000,32.88,35.20772
2021-07-03T23:00:00.000000000,33.28,35.22607
2021-07-04T00:00:00.000000000,33.43,36.71514
2021-07-04T01:00:00.000000000,33.79,37.16167
2021-07-04T02:00:00.000000000,34.54,37.12702
2021-07-04T03:00:00.000000000,35.07,37.6
2021-07-04T04:00:00.000000000,35.05,37.90439
2021-07-04T05:00:00.000000000,35.69,37.90292
2021-07-04T06:00:00.000000000,35.72,37.96206
2021-07-04T07:00:00.000000000,36.58,38.14048
2021-07-04T08:00:00.000000000,36.2,38.17751
2021-07-04T09:00:00.000000000,36.99,38.22455
2021-07-04T10:00:00.000000000,36.97,37.95156
2021-07-04T11:00:00.000000000,37.29,38.11051
2021-07-04T12:00:00.000000000,37.61,38.18507
2021-07-04T13:00:00.000000000,37.32,38.13994
2021-07-04T14:00:00.000000000,37.42,38.32459
2021-07-04T15:00:00.000000000,36.86,38.41859
2021-07-04T16:00:00.000000000,36.76,38.36262
2021-07-04T17:00:00.000000000,35.96,38.46546
2021-07-04T18:00:00.000000000,36.24,38.31911
2021-07-04T19:00:00.000000000,35.63,38.03281
2021-07-04T20:00:00.000000000,35.46,37.76113
2021-07-04T21:00:00.000000000,34.95,37.37237
2021-07-04T22:00:00.000000000,34.67,37.29665
2021-07-04T23:00:00.000000000,36.25,37.14862
2021-07-05T00:00:00.000000000,36.08,38.41775
2021-07-05T01:00:00.000000000,36.45,38.91475
2021-07-05T02:00:00.000000000,36.5,38.89232
2021-07-05T03:00:00.000000000,36.43,39.24939
2021-07-05T04:00:00.000000000,35.63,39.4436
2021-07-05T05:00:00.000000000,35.88,39.30964
2021-07-05T06:00:00.000000000,36.9,39.32949
2021-07-05T07:00:00.000000000,37.85,39.44164
2021-07-05T08:00:00.000000000,38.58,39.43458
2021-07-05T09:00:00.000000000,38.42,39.47837
2021-07-05T10:00:00.000000000,38.67,39.15352
2021-07-05T11:00:00.000000000,38.34,39.38214
2021-07-05T12:00:00.000000000,38.41,39.44004
2021-07-05T13:00:00.000000000,38.82,39.31678
2021-07-05T14:00:00.000000000,38.83,39.45654
2021-07-05T15:00:00.000000000,38.14,39.49064
2021-07-05T16:00:00.000000000,37.9,39.38084
2021-07-05T17:00:00.000000000,37.65,39.37353
2021-07-05T18:00:00.000000000,37.16,39.14937
2021-07-05T19:00:00.000000000,37.0,38.89053
2021-07-05T20:00:00.000000000,36.64,38.60229
2021-07-05T21:00:00.000000000,36.63,38.27443
2021-07-05T22:00:00.000000000,37.03,38.28442
2021-07-05T23:00:00.000000000,37.28,38.27163
2021-07-06T00:00:00.000000000,37.26,38.29177
2021-07-06T01:00:00.000000000,37.77,38.26062
2021-07-06T02:00:00.000000000,38.22,37.71157
2021-07-06T03:00:00.000000000,38.58,37.69082
2021-07-06T04:00:00.000000000,38.18,37.70818
2021-07-06T05:00:00.000000000,39.16,37.56849
2021-07-06T06:00:00.000000000,39.18,37.84341
2021-07-06T07:00:00.000000000,39.79,38.3611
2021-07-06T08:00:00.000000000,40.66,38.90307
2021-07-06T09:00:00.000000000,40.37,39.36915
2021-07-06T10:00:00.000000000,40.49,39.34811
2021-07-06T11:00:00.000000000,40.49,39.53609
2021-07-06T12:00:00.000000000,40.37,39.35205
2021-07-06T13:00:00.000000000,40.56,38.98664
2021-07-06T14:00:00.000000000,39.31,38.73902
2021-07-06T15:00:00.000000000,39.02,38.36107
2021-07-06T16:00:00.000000000,38.19,37.9804
2021-07-06T17:00:00.000000000,37.84,38.05151
2021-07-06T18:00:00.000000000,37.61,38.1611
2021-07-06T19:00:00.000000000,37.69,38.31817
2021-07-06T20:00:00.000000000,36.13,38.45786
2021-07-06T21:00:00.000000000,35.66,38.57389
2021-07-06T22:00:00.000000000,34.78,38.78416
2021-07-06T23:00:00.000000000,34.32,38.7347
2021-07-04T00:00:00.000000000,33.43,34.88662
2021-07-04T01:00:00.000000000,33.79,35.38777
2021-07-04T02:00:00.000000000,34.54,35.37244
2021-07-04T03:00:00.000000000,35.07,36.06221
2021-07-04T04:00:00.000000000,35.05,36.6378
2021-07-04T05:00:00.000000000,35.69,36.87429
2021-07-04T06:00:00.000000000,35.72,37.17136
2021-07-04T07:00:00.000000000,36.58,37.53154
2021-07-04T08:00:00.000000000,36.2,37.76675
2021-07-04T09:00:00.000000000,36.99,37.89056
2021-07-04T10:00:00.000000000,36.97,37.56109
2021-07-04T11:00:00.000000000,37.29,37.62744
2021-07-04T12:00:00.000000000,37.61,37.48472
2021-07-04T13:00:00.000000000,37.32,37.29722
2021-07-04T14:00:00.000000000,37.42,37.3082
2021-07-04T15:00:00.000000000,36.86,37.29118
2021-07-04T16:00:00.000000000,36.76,37.15079
2021-07-04T17:00:00.000000000,35.96,37.23284
2021-07-04T18:00:00.000000000,36.24,37.09444
2021-07-04T19:00:00.000000000,35.63,36.74753
2021-07-04T20:00:00.000000000,35.46,36.45062
2021-07-04T21:00:00.000000000,34.95,35.98601
2021-07-04T22:00:00.000000000,34.67,35.84628
2021-07-04T23:00:00.000000000,36.25,35.62772
2021-07-05T00:00:00.000000000,36.08,36.93742
2021-07-05T01:00:00.000000000,36.45,37.25428
2021-07-05T02:00:00.000000000,36.5,37.15757
2021-07-05T03:00:00.000000000,36.43,37.64866
2021-07-05T04:00:00.000000000,35.63,38.05678
2021-07-05T05:00:00.000000000,35.88,38.21011
2021-07-05T06:00:00.000000000,36.9,38.42627
2021-07-05T07:00:00.000000000,37.85,38.68921
2021-07-05T08:00:00.000000000,38.58,38.74354
2021-07-05T09:00:00.000000000,38.42,38.67437
2021-07-05T10:00:00.000000000,38.67,38.20382
2021-07-05T11:00:00.000000000,38.34,38.09392
2021-07-05T12:00:00.000000000,38.41,37.88119
2021-07-05T13:00:00.000000000,38.82,37.58
2021-07-05T14:00:00.000000000,38.83,37.64405
2021-07-05T15:00:00.000000000,38.14,37.7383
2021-07-05T16:00:00.000000000,37.9,37.76684
2021-07-05T17:00:00.000000000,37.65,38.0855
2021-07-05T18:00:00.000000000,37.16,38.14833
2021-07-05T19:00:00.000000000,37.0,38.09708
2021-07-05T20:00:00.000000000,36.64,38.00613
2021-07-05T21:00:00.000000000,36.63,37.67681
2021-07-05T22:00:00.000000000,37.03,37.58001
2021-07-05T23:00:00.000000000,37.28,37.33235
2021-07-06T00:00:00.000000000,37.26,38.08644
2021-07-06T01:00:00.000000000,37.77,38.62865
2021-07-06T02:00:00.000000000,38.22,38.52665
2021-07-06T03:00:00.000000000,38.58,38.75768
2021-07-06T04:00:00.000000000,38.18,38.79487
2021-07-06T05:00:00.000000000,39.16,38.56662
2021-07-06T06:00:00.000000000,39.18,38.476
2021-07-06T07:00:00.000000000,39.79,38.48305
2021-07-06T08:00:00.000000000,40.66,38.45748
2021-07-06T09:00:00.000000000,40.37,38.46452
2021-07-06T10:00:00.000000000,40.49,38.13058
2021-07-06T11:00:00.000000000,40.49,38.35793
2021-07-06T12:00:00.000000000,40.37,38.43876
2021-07-06T13:00:00.000000000,40.56,38.36237
2021-07-06T14:00:00.000000000,39.31,38.5203
2021-07-06T15:00:00.000000000,39.02,38.67877
2021-07-06T16:00:00.000000000,38.19,38.56616
2021-07-06T17:00:00.000000000,37.84,38.63265
2021-07-06T18:00:00.000000000,37.61,38.41287
2021-07-06T19:00:00.000000000,37.69,38.18564
2021-07-06T20:00:00.000000000,36.13,37.93688
2021-07-06T21:00:00.000000000,35.66,37.61074
2021-07-06T22:00:00.000000000,34.78,37.67177
2021-07-06T23:00:00.000000000,34.32,37.70668
2021-07-07T00:00:00.000000000,35.08,37.74781
2021-07-07T01:00:00.000000000,35.25,37.9287
2021-07-07T02:00:00.000000000,37.18,37.54516
2021-07-07T03:00:00.000000000,37.68,37.6044
2021-07-07T04:00:00.000000000,38.05,37.53868
2021-07-07T05:00:00.000000000,39.26,37.30265
2021-07-07T06:00:00.000000000,38.8,37.28431
2021-07-07T07:00:00.000000000,39.26,37.5004
2021-07-07T08:00:00.000000000,39.76,37.74112
2021-07-07T09:00:00.000000000,37.73,37.98682
2021-07-07T10:00:00.000000000,37.01,37.88099
2021-07-07T11:00:00.000000000,37.26,38.12962
2021-07-07T12:00:00.000000000,36.91,38.21546
2021-07-07T13:00:00.000000000,36.6,38.13669
2021-07-07T14:00:00.000000000,36.82,38.2032
2021-07-07T15:00:00.000000000,37.89,38.18495
2021-07-07T16:00:00.000000000,38.13,37.98238
2021-07-07T17:00:00.000000000,37.6,38.12436
2021-07-07T18:00:00.000000000,36.37,38.09797
2021-07-07T19:00:00.000000000,35.13,38.04266
2021-07-07T20:00:00.000000000,34.64,37.97307
2021-07-07T21:00:00.000000000,33.58,37.86175
2021-07-07T22:00:00.000000000,33.51,37.96969
2021-07-07T23:00:00.000000000,32.97,37.90028
2021-07-05T00:00:00.000000000,36.08,36.36984
2021-07-05T01:00:00.000000000,36.45,36.89427
2021-07-05T02:00:00.000000000,36.5,36.93355
2021-07-05T03:00:00.000000000,36.43,37.55963
2021-07-05T04:00:00.000000000,35.63,38.05284
2021-07-05T05:00:00.000000000,35.88,38.2194
2021-07-05T06:00:00.000000000,36.9,38.4194
2021-07-05T07:00:00.000000000,37.85,38.61744
2021-07-05T08:00:00.000000000,38.58,38.61324
2021-07-05T09:00:00.000000000,38.42,38.51619
2021-07-05T10:00:00.000000000,38.67,37.98718
2021-07-05T11:00:00.000000000,38.34,37.94479
2021-07-05T12:00:00.000000000,38.41,37.78362
2021-07-05T13:00:00.000000000,38.82,37.53959
2021-07-05T14:00:00.000000000,38.83,37.63634
2021-07-05T15:00:00.000000000,38.14,37.78326
2021-07-05T16:00:00.000000000,37.9,37.78804
2021-07-05T17:00:00.000000000,37.65,38.00007
2021-07-05T18:00:00.000000000,37.16,37.90526
2021-07-05T19:00:00.000000000,37.0,37.67253
2021-07-05T20:00:00.000000000,36.64,37.42339
2021-07-05T21:00:00.000000000,36.63,36.94503
2021-07-05T22:00:00.000000000,37.03,36.81602
2021-07-05T23:00:00.000000000,37.28,36.62286
2021-07-06T00:00:00.000000000,37.26,37.95584
2021-07-06T01:00:00.000000000,37.77,38.55981
2021-07-06T02:00:00.000000000,38.22,38.55645
2021-07-06T03:00:00.000000000,38.58,38.91836
2021-07-06T04:00:00.000000000,38.18,39.08114
2021-07-06T05:00:00.000000000,39.16,38.94985
2021-07-06T06:00:00.000000000,39.18,38.91371
2021-07-06T07:00:00.000000000,39.79,38.90411
2021-07-06T08:00:00.000000000,40.66,38.78771
2021-07-06T09:00:00.000000000,40.37,38.68206
2021-07-06T10:00:00.000000000,40.49,38.21183
2021-07-06T11:00:00.000000000,40.49,38.33954
2021-07-06T12:00:00.000000000,40.37,38.35336
2021-07-06T13:00:00.000000000,40.56,38.21512
2021-07-06T14:00:00.000000000,39.31,38.38412
2021-07-06T15:00:00.000000000,39.02,38.59562
2021-07-06T16:00:00.000000000,38.19,38.55129
2021-07-06T17:00:00.000000000,37.84,38.66601
2021-07-06T18:00:00.000000000,37.61,38.45484
2021-07-06T19:00:00.000000000,37.69,38.21819
2021-07-06T20:00:00.000000000,36.13,37.94973
2021-07-06T21:00:00.000000000,35.66,37.54663
2021-07-06T22:00:00.000000000,34.78,37.5559
2021-07-06T23:00:00.000000000,34.32,37.55856
2021-07-07T00:00:00.000000000,35.08,37.57331
2021-07-07T01:00:00.000000000,35.25,37.89235
2021-07-07T02:00:00.000000000,37.18,37.63205
2021-07-07T03:00:00.000000000,37.68,37.79279
2021-07-07T04:00:00.000000000,38.05,37.80838
2021-07-07T05:00:00.000000000,39.26,37.60454
2021-07-07T06:00:00.000000000,38.8,37.56868
2021-07-07T07:00:00.000000000,39.26,37.71956
2021-07-07T08:00:00.000000000,39.76,37.85721
2021-07-07T09:00:00.000000000,37.73,38.00511
2021-07-07T10:00:00.000000000,37.01,37.80941
2021-07-07T11:00:00.000000000,37.26,38.03173
2021-07-07T12:00:00.000000000,36.91,38.10961
2021-07-07T13:00:00.000000000,36.6,38.04224
2021-07-07T14:00:00.000000000,36.82,38.15042
2021-07-07T15:00:00.000000000,37.89,38.20236
2021-07-07T16:00:00.000000000,38.13,38.05368
2021-07-07T17:00:00.000000000,37.6,38.1874
2021-07-07T18:00:00.000000000,36.37,38.10406
2021-07-07T19:00:00.000000000,35.13,37.97993
2021-07-07T20:00:00.000000000,34.64,37.84609
2021-07-07T21:00:00.000000000,33.58,37.64049
2021-07-07T22:00:00.000000000,33.51,37.71244
2021-07-07T23:00:00.000000000,32.97,37.66137
2021-07-08T00:00:00.000000000,33.33,38.40338
2021-07-08T01:00:00.000000000,33.67,38.27762
2021-07-08T02:00:00.000000000,34.01,37.6581
2021-07-08T03:00:00.000000000,34.06,37.52789
2021-07-08T04:00:00.000000000,32.36,37.40586
2021-07-08T05:00:00.000000000,31.33,37.17695
2021-07-08T06:00:00.000000000,31.99,37.31813
2021-07-08T07:00:00.000000000,32.63,37.7725
2021-07-08T08:00:00.000000000,33.33,38.27336
2021-07-08T09:00:00.000000000,33.88,38.7292
2021-07-08T10:00:00.000000000,33.75,38.7898
2021-07-08T11:00:00.000000000,33.84,39.02018
2021-07-08T12:00:00.000000000,34.25,38.97071
2021-07-08T13:00:00.000000000,33.94,38.75796
2021-07-08T14:00:00.000000000,33.8,38.62742
2021-07-08T15:00:00.000000000,33.9,38.36222
2021-07-08T16:00:00.000000000,33.63,38.06131
2021-07-08T17:00:00.000000000,33.51,38.22967
2021-07-08T18:00:00.000000000,33.02,38.40102
2021-07-08T19:00:00.000000000,32.66,38.58431
2021-07-08T20:00:00.000000000,32.41,38.74278
2021-07-08T21:00:00.000000000,32.19,38.86684
2021-07-08T22:00:00.000000000,32.29,39.05107
2021-07-08T23:00:00.000000000,35.77,38.95026
2021-07-06T00:00:00.000000000,37.26,37.18148
2021-07-06T01:00:00.000000000,37.77,37.5982
2021-07-06T02:00:00.000000000,38.22,37.46603
2021-07-06T03:00:00.000000000,38.58,37.88591
2021-07-06T04:00:00.000000000,38.18,38.22286
2021-07-06T05:00:00.000000000,39.16,38.26921
2021-07-06T06:00:00.000000000,39.18,38.47724
2021-07-06T07:00:00.000000000,39.79,38.74589
2021-07-06T08:00:00.000000000,40.66,38.90367
2021-07-06T09:00:00.000000000,40.37,38.96992
2021-07-06T10:00:00.000000000,40.49,38.56637
2021-07-06T11:00:00.000000000,40.49,38.63286
2021-07-06T12:00:00.000000000,40.37,38.4548
2021-07-06T13:00:00.000000000,40.56,38.16769
2021-07-06T14:00:00.000000000,39.31,38.15133
2021-07-06T15:00:00.000000000,39.02,38.1486
2021-07-06T16:00:00.000000000,38.19,38.02345
2021-07-06T17:00:00.000000000,37.84,38.14786
2021-07-06T18:00:00.000000000,37.61,38.06043
2021-07-06T19:00:00.000000000,37.69,37.91026
2021-07-06T20:00:00.000000000,36.13,37.72362
2021-07-06T21:00:00.000000000,35.66,37.38228
2021-07-06T22:00:00.000000000,34.78,37.36079
2021-07-06T23:00:00.000000000,34.32,37.24928
2021-07-07T00:00:00.000000000,35.08,38.26224
2021-07-07T01:00:00.000000000,35.25,38.69718
2021-07-07T02:00:00.000000000,37.18,38.52508
2021-07-07T03:00:00.000000000,37.68,38.6942
2021-07-07T04:00:00.000000000,38.05,38.68607
2021-07-07T05:00:00.000000000,39.26,38.44296
2021-07-07T06:00:00.000000000,38.8,38.36666
2021-07-07T07:00:00.000000000,39.26,38.40676
2021-07-07T08:00:00.000000000,39.76,38.40876
2021-07-07T09:00:00.000000000,37.73,38.44108
2021-07-07T10:00:00.000000000,37.01,38.12704
2021-07-07T11:00:00.000000000,37.26,38.32304
2021-07-07T12:00:00.000000000,36.91,38.38834
2021-07-07T13:00:00.000000000,36.6,38.27605
2021-07-07T14:00:00.000000000,36.82,38.40467
2021-07-07T15:00:00.000000000,37.89,38.51632
2021-07-07T16:00:00.000000000,38.13,38.39345
2021-07-07T17:00:00.000000000,37.6,38.50722
2021-07-07T18:00:00.000000000,36.37,38.36695
2021-07-07T19:00:00.000000000,35.13,38.23396
2021-07-07T20:00:00.000000000,34.64,38.0765
2021-07-07T21:00:00.000000000,33.58,37.84491
2021-07-07T22:00:00.000000000,33.51,37.94518
2021-07-07T23:00:00.000000000,32.97,37.97433
2021-07-08T00:00:00.000000000,33.33,38.69501
2021-07-08T01:00:00.000000000,33.67,38.89488
2021-07-08T02:00:00.000000000,34.01,38.60546
2021-07-08T03:00:00.000000000,34.06,38.67549
2021-07-08T04:00:00.000000000,32.36,38.60955
2021-07-08T05:00:00.000000000,31.33,38.38973
2021-07-08T06:00:00.000000000,31.99,38.31531
2021-07-08T07:00:00.000000000,32.63,38.4075
2021-07-08T08:00:00.000000000,33.33,38.43126
2021-07-08T09:00:00.000000000,33.88,38.43894
2021-07-08T10:00:00.000000000,33.75,38.15823
2021-07-08T11:00:00.000000000,33.84,38.25643
2021-07-08T12:00:00.000000000,34.25,38.27749
2021-07-08T13:00:00.000000000,33.94,38.14202
2021-07-08T14:00:00.000000000,33.8,38.28176
2021-07-08T15:00:00.000000000,33.9,38.39316
2021-07-08T16:00:00.000000000,33.63,38.36961
2021-07-08T17:00:00.000000000,33.51,38.65077
2021-07-08T18:00:00.000000000,33.02,38.71788
2021-07-08T19:00:00.000000000,32.66,38.76606
2021-07-08T20:00:00.000000000,32.41,38.75915
2021-07-08T21:00:00.000000000,32.19,38.63737
2021-07-08T22:00:00.000000000,32.29,38.72265
2021-07-08T23:00:00.000000000,35.77,38.64512
2021-07-09T00:00:00.000000000,35.77,39.38418
2021-07-09T01:00:00.000000000,35.55,39.06395
2021-07-09T02:00:00.000000000,35.4,38.33209
2021-07-09T03:00:00.000000000,35.55,38.11912
2021-07-09T04:00:00.000000000,35.88,38.02715
2021-07-09T05:00:00.000000000,34.1,37.89687
2021-07-09T06:00:00.000000000,34.76,38.16542
2021-07-09T07:00:00.000000000,34.84,38.71245
2021-07-09T08:00:00.000000000,35.65,39.25483
2021-07-09T09:00:00.000000000,35.94,39.63428
2021-07-09T10:00:00.000000000,35.29,39.54424
2021-07-09T11:00:00.000000000,34.9,39.56357
2021-07-09T12:00:00.000000000,35.14,39.24169
2021-07-09T13:00:00.000000000,34.77,38.79804
2021-07-09T14:00:00.000000000,34.53,38.54836
2021-07-09T15:00:00.000000000,34.04,38.2592
2021-07-09T16:00:00.000000000,33.87,38.0592
2021-07-09T17:00:00.000000000,33.69,38.42385
2021-07-09T18:00:00.000000000,33.45,38.83932
2021-07-09T19:00:00.000000000,33.7,39.2847
2021-07-09T20:00:00.000000000,33.97,39.62537
2021-07-09T21:00:00.000000000,33.83,39.84082
2021-07-09T22:00:00.000000000,33.74,40.00908
2021-07-09T23:00:00.000000000,34.5,39.81049
2021-07-07T00:00:00.000000000,35.08,34.96003
2021-07-07T01:00:00.000000000,35.25,35.58501
2021-07-07T02:00:00.000000000,37.18,35.63131
2021-07-07T03:00:00.000000000,37.68,36.27058
2021-07-07T04:00:00.000000000,38.05,36.75063
2021-07-07T05:00:00.000000000,39.26,36.89147
2021-07-07T06:00:00.000000000,38.8,37.07543
2021-07-07T07:00:00.000000000,39.26,37.30967
2021-07-07T08:00:00.000000000,39.76,37.48783
2021-07-07T09:00:00.000000000,37.73,37.59468
2021-07-07T10:00:00.000000000,37.01,37.28437
2021-07-07T11:00:00.000000000,37.26,37.4292
2021-07-07T12:00:00.000000000,36.91,37.36755
2021-07-07T13:00:00.000000000,36.6,37.24913
2021-07-07T14:00:00.000000000,36.82,37.31037
2021-07-07T15:00:00.000000000,37.89,37.342
2021-07-07T16:00:00.000000000,38.13,37.15706
2021-07-07T17:00:00.000000000,37.6,37.17966
2021-07-07T18:00:00.000000000,36.37,36.9245
2021-07-07T19:00:00.000000000,35.13,36.49784
2021-07-07T20:00:00.000000000,34.64,36.13424
2021-07-07T21:00:00.000000000,33.58,35.64613
2021-07-07T22:00:00.000000000,33.51,35.54142
2021-07-07T23:00:00.000000000,32.97,35.42081
2021-07-08T00:00:00.000000000,33.33,36.94447
2021-07-08T01:00:00.000000000,33.67,37.36086
2021-07-08T02:00:00.000000000,34.01,37.22775
2021-07-08T03:00:00.000000000,34.06,37.55402
2021-07-08T04:00:00.000000000,32.36,37.70695
2021-07-08T05:00:00.000000000,31.33,37.60015
2021-07-08T06:00:00.000000000,31.99,37.58297
2021-07-08T07:00:00.000000000,32.63,37.70199
2021-07-08T08:00:00.000000000,33.33,37.74743
2021-07-08T09:00:00.000000000,33.88,37.79459
2021-07-08T10:00:00.000000000,33.75,37.50665
2021-07-08T11:00:00.000000000,33.84,37.66975
2021-07-08T12:00:00.000000000,34.25,37.74592
2021-07-08T13:00:00.000000000,33.94,37.70072
2021-07-08T14:00:00.000000000,33.8,37.87007
2021-07-08T15:00:00.000000000,33.9,38.01387
2021-07-08T16:00:00.000000000,33.63,37.94069
2021-07-08T17:00:00.000000000,33.51,38.10684
2021-07-08T18:00:00.000000000,33.02,37.99376
2021-07-08T19:00:00.000000000,32.66,37.78702
2021-07-08T20:00:00.000000000,32.41,37.5816
2021-07-08T21:00:00.000000000,32.19,37.24982
2021-07-08T22:00:00.000000000,32.29,37.23722
2021-07-08T23:00:00.000000000,35.77,37.13479
2021-07-09T00:00:00.000000000,35.77,38.08025
2021-07-09T01:00:00.000000000,35.55,38.41063
2021-07-09T02:00:00.000000000,35.4,38.27337
2021-07-09T03:00:00.000000000,35.55,38.57849
2021-07-09T04:00:00.000000000,35.88,38.76143
2021-07-09T05:00:00.000000000,34.1,38.70666
2021-07-09T06:00:00.000000000,34.76,38.76713
2021-07-09T07:00:00.000000000,34.84,38.91437
2021-07-09T08:00:00.000000000,35.65,38.91321
2021-07-09T09:00:00.000000000,35.94,38.86944
2021-07-09T10:00:00.000000000,35.29,38.47384
2021-07-09T11:00:00.000000000,34.9,38.49925
2021-07-09T12:00:00.000000000,35.14,38.42388
2021-07-09T13:00:00.000000000,34.77,38.19897
2021-07-09T14:00:00.000000000,34.53,38.30726
2021-07-09T15:00:00.000000000,34.04,38.3932
2021-07-09T16:00:00.000000000,33.87,38.37295
2021-07-09T17:00:00.000000000,33.69,38.60505
2021-07-09T18:00:00.000000000,33.45,38.59702
2021-07-09T19:00:00.000000000,33.7,38.55083
2021-07-09T20:00:00.000000000,33.97,38.45694
2021-07-09T21:00:00.000000000,33.83,38.21535
2021-07-09T22:00:00.000000000,33.74,38.22643
2021-07-09T23:00:00.000000000,34.5,38.11458
2021-07-10T00:00:00.000000000,34.45,38.98296
2021-07-10T01:00:00.000000000,34.18,39.23128
2021-07-10T02:00:00.000000000,34.68,38.90977
2021-07-10T03:00:00.000000000,34.84,38.96355
2021-07-10T04:00:00.000000000,34.39,38.92939
2021-07-10T05:00:00.000000000,34.28,38.70824
2021-07-10T06:00:00.000000000,33.75,38.74696
2021-07-10T07:00:00.000000000,33.79,38.91678
2021-07-10T08:00:00.000000000,33.9,39.04508
2021-07-10T09:00:00.000000000,34.2,39.15297
2021-07-10T10:00:00.000000000,34.16,38.85021
2021-07-10T11:00:00.000000000,34.08,38.97885
2021-07-10T12:00:00.000000000,33.95,38.89588
2021-07-10T13:00:00.000000000,33.1,38.62021
2021-07-10T14:00:00.000000000,32.86,38.60971
2021-07-10T15:00:00.000000000,32.58,38.5755
2021-07-10T16:00:00.000000000,32.87,38.40768
2021-07-10T17:00:00.000000000,32.8,38.56792
2021-07-10T18:00:00.000000000,33.1,38.56642
2021-07-10T19:00:00.000000000,32.77,38.6219
2021-07-10T20:00:00.000000000,32.67,38.61524
2021-07-10T21:00:00.000000000,32.73,38.53491
2021-07-10T22:00:00.000000000,32.56,38.69219
2021-07-10T23:00:00.000000000,33.7,38.70409
2021-07-08T00:00:00.000000000,33.33,34.62119
2021-07-08T01:00:00.000000000,33.67,35.53073
2021-07-08T02:00:00.000000000,34.01,35.99027
2021-07-08T03:00:00.000000000,34.06,37.07142
2021-07-08T04:00:00.000000000,32.36,37.88538
2021-07-08T05:00:00.000000000,31.33,38.23997
2021-07-08T06:00:00.000000000,31.99,38.33024
2021-07-08T07:00:00.000000000,32.63,38.32179
2021-07-08T08:00:00.000000000,33.33,37.99386
2021-07-08T09:00:00.000000000,33.88,37.60466
2021-07-08T10:00:00.000000000,33.75,36.87793
2021-07-08T11:00:00.000000000,33.84,36.81225
2021-07-08T12:00:00.000000000,34.25,36.81599
2021-07-08T13:00:00.000000000,33.94,36.83124
2021-07-08T14:00:00.000000000,33.8,37.23998
2021-07-08T15:00:00.000000000,33.9,37.75682
2021-07-08T16:00:00.000000000,33.63,38.00822
2021-07-08T17:00:00.000000000,33.51,38.25289
2021-07-08T18:00:00.000000000,33.02,37.95612
2021-07-08T19:00:00.000000000,32.66,37.32592
2021-07-08T20:00:00.000000000,32.41,36.70491
2021-07-08T21:00:00.000000000,32.19,35.75544
2021-07-08T22:00:00.000000000,32.29,35.33258
2021-07-08T23:00:00.000000000,35.77,35.00633
2021-07-09T00:00:00.000000000,35.77,36.50607
2021-07-09T01:00:00.000000000,35.55,37.10524
2021-07-09T02:00:00.000000000,35.4,37.25507
2021-07-09T03:00:00.000000000,35.55,37.95235
2021-07-09T04:00:00.000000000,35.88,38.47115
2021-07-09T05:00:00.000000000,34.1,38.65525
2021-07-09T06:00:00.000000000,34.76,38.78504
2021-07-09T07:00:00.000000000,34.84,38.86907
2021-07-09T08:00:00.000000000,35.65,38.69152
2021-07-09T09:00:00.000000000,35.94,38.42709
2021-07-09T10:00:00.000000000,35.29,37.79318
2021-07-09T11:00:00.000000000,34.9,37.67358
2021-07-09T12:00:00.000000000,35.14,37.53694
2021-07-09T13:00:00.000000000,34.77,37.31594
2021-07-09T14:00:00.000000000,34.53,37.51751
2021-07-09T15:00:00.000000000,34.04,37.79317
2021-07-09T16:00:00.000000000,33.87,37.9151
2021-07-09T17:00:00.000000000,33.69,38.1966
2021-07-09T18:00:00.000000000,33.45,38.09718
2021-07-09T19:00:00.000000000,33.7,37.85174
2021-07-09T20:00:00.000000000,33.97,37.58142
2021-07-09T21:00:00.000000000,33.83,37.04088
2021-07-09T22:00:00.000000000,33.74,36.87535
2021-07-09T23:00:00.000000000,34.5,36.66522
2021-07-10T00:00:00.000000000,34.45,36.57261
2021-07-10T01:00:00.000000000,34.18,37.15243
2021-07-10T02:00:00.000000000,34.68,37.11388
2021-07-10T03:00:00.000000000,34.84,37.49105
2021-07-10T04:00:00.000000000,34.39,37.68913
2021-07-10T05:00:00.000000000,34.28,37.63263
2021-07-10T06:00:00.000000000,33.75,37.6547
2021-07-10T07:00:00.000000000,33.79,37.69013
2021-07-10T08:00:00.000000000,33.9,37.6143
2021-07-10T09:00:00.000000000,34.2,37.56198
2021-07-10T10:00:00.000000000,34.16,37.05993
2021-07-10T11:00:00.000000000,34.08,37.13235
2021-07-10T12:00:00.000000000,33.95,37.13102
2021-07-10T13:00:00.000000000,33.1,36.97449
2021-07-10T14:00:00.000000000,32.86,37.1043
2021-07-10T15:00:00.000000000,32.58,37.32228
2021-07-10T16:00:00.000000000,32.87,37.21671
2021-07-10T17:00:00.000000000,32.8,37.38665
2021-07-10T18:00:00.000000000,33.1,37.23108
2021-07-10T19:00:00.000000000,32.77,36.97151
2021-07-10T20:00:00.000000000,32.67,36.73924
2021-07-10T21:00:00.000000000,32.73,36.36197
2021-07-10T22:00:00.000000000,32.56,36.33035
2021-07-10T23:00:00.000000000,33.7,36.31181
2021-07-11T00:00:00.000000000,33.73,36.68537
2021-07-11T01:00:00.000000000,34.11,36.77939
2021-07-11T02:00:00.000000000,34.22,36.42603
2021-07-11T03:00:00.000000000,34.56,36.61407
2021-07-11T04:00:00.000000000,35.15,36.69497
2021-07-11T05:00:00.000000000,35.09,36.61308
2021-07-11T06:00:00.000000000,35.43,36.64148
2021-07-11T07:00:00.000000000,35.7,36.92356
2021-07-11T08:00:00.000000000,36.47,37.14899
2021-07-11T09:00:00.000000000,37.29,37.33796
2021-07-11T10:00:00.000000000,37.98,37.24507
2021-07-11T11:00:00.000000000,38.56,37.38516
2021-07-11T12:00:00.000000000,39.04,37.46496
2021-07-11T13:00:00.000000000,38.46,37.45679
2021-07-11T14:00:00.000000000,38.12,37.60254
2021-07-11T15:00:00.000000000,37.75,37.67839
2021-07-11T16:00:00.000000000,37.73,37.61731
2021-07-11T17:00:00.000000000,36.78,37.92133
2021-07-11T18:00:00.000000000,35.79,38.0208
2021-07-11T19:00:00.000000000,35.53,37.97656
2021-07-11T20:00:00.000000000,35.41,37.93264
2021-07-11T21:00:00.000000000,34.87,37.73984
2021-07-11T22:00:00.000000000,34.54,37.70621
2021-07-11T23:00:00.000000000,35.0,37.45418
2021-07-09T00:00:00.000000000,35.77,34.70489
2021-07-09T01:00:00.000000000,35.55,35.25829
2021-07-09T02:00:00.000000000,35.4,35.11639
2021-07-09T03:00:00.000000000,35.55,35.4498
2021-07-09T04:00:00.000000000,35.88,35.5739
2021-07-09T05:00:00.000000000,34.1,35.49236
2021-07-09T06:00:00.000000000,34.76,35.50696
2021-07-09T07:00:00.000000000,34.84,35.717
2021-07-09T08:00:00.000000000,35.65,36.08697
2021-07-09T09:00:00.000000000,35.94,36.43836
2021-07-09T10:00:00.000000000,35.29,36.49827
2021-07-09T11:00:00.000000000,34.9,36.87113
2021-07-09T12:00:00.000000000,35.14,36.99591
2021-07-09T13:00:00.000000000,34.77,36.97147
2021-07-09T14:00:00.000000000,34.53,36.99134
2021-07-09T15:00:00.000000000,34.04,36.79606
2021-07-09T16:00:00.000000000,33.87,36.32164
2021-07-09T17:00:00.000000000,33.69,36.11478
2021-07-09T18:00:00.000000000,33.45,35.74145
2021-07-09T19:00:00.000000000,33.7,35.2761
2021-07-09T20:00:00.000000000,33.97,34.9709
2021-07-09T21:00:00.000000000,33.83,34.80341
2021-07-09T22:00:00.000000000,33.74,34.94757
2021-07-09T23:00:00.000000000,34.5,35.03298
2021-07-10T00:00:00.000000000,34.45,34.86494
2021-07-10T01:00:00.000000000,34.18,35.52125
2021-07-10T02:00:00.000000000,34.68,35.49874
2021-07-10T03:00:00.000000000,34.84,35.8427
2021-07-10T04:00:00.000000000,34.39,36.01465
2021-07-10T05:00:00.000000000,34.28,35.99005
2021-07-10T06:00:00.000000000,33.75,36.0149
2021-07-10T07:00:00.000000000,33.79,36.06461
2021-07-10T08:00:00.000000000,33.9,36.05803
2021-07-10T09:00:00.000000000,34.2,36.08433
2021-07-10T10:00:00.000000000,34.16,35.64249
2021-07-10T11:00:00.000000000,34.08,35.68886
2021-07-10T12:00:00.000000000,33.95,35.6507
2021-07-10T13:00:00.000000000,33.1,35.41638
2021-07-10T14:00:00.000000000,32.86,35.43711
2021-07-10T15:00:00.000000000,32.58,35.47868
2021-07-10T16:00:00.000000000,32.87,35.15192
2021-07-10T17:00:00.000000000,32.8,35.21234
2021-07-10T18:00:00.000000000,33.1,34.99804
2021-07-10T19:00:00.000000000,32.77,34.68319
2021-07-10T20:00:00.000000000,32.67,34.52112
2021-07-10T21:00:00.000000000,32.73,34.35666
2021-07-10T22:00:00.000000000,32.56,34.45889
2021-07-10T23:00:00.000000000,33.7,34.64677
2021-07-11T00:00:00.000000000,33.73,35.58666
2021-07-11T01:00:00.000000000,34.11,36.00673
2021-07-11T02:00:00.000000000,34.22,35.83296
2021-07-11T03:00:00.000000000,34.56,36.20088
2021-07-11T04:00:00.000000000,35.15,36.4084
2021-07-11T05:00:00.000000000,35.09,36.35923
2021-07-11T06:00:00.000000000,35.43,36.40903
2021-07-11T07:00:00.000000000,35.7,36.63465
2021-07-11T08:00:00.000000000,36.47,36.8464
2021-07-11T09:00:00.000000000,37.29,37.0557
2021-07-11T10:00:00.000000000,37.98,36.90618
2021-07-11T11:00:00.000000000,38.56,37.13599
2021-07-11T12:00:00.000000000,39.04,37.23085
2021-07-11T13:00:00.000000000,38.46,37.21805
2021-07-11T14:00:00.000000000,38.12,37.32341
2021-07-11T15:00:00.000000000,37.75,37.35055
2021-07-11T16:00:00.000000000,37.73,37.14357
2021-07-11T17:00:00.000000000,36.78,37.22008
2021-07-11T18:00:00.000000000,35.79,37.05925
2021-07-11T19:00:00.000000000,35.53,36.76047
2021-07-11T20:00:00.000000000,35.41,36.52596
2021-07-11T21:00:00.000000000,34.87,36.22062
2021-07-11T22:00:00.000000000,34.54,36.21008
2021-07-11T23:00:00.000000000,35.0,36.10149
2021-07-12T00:00:00.000000000,34.83,36.4164
2021-07-12T01:00:00.000000000,35.19,36.33678
2021-07-12T02:00:00.000000000,35.48,35.84581
2021-07-12T03:00:00.000000000,35.27,35.99818
2021-07-12T04:00:00.000000000,34.82,36.12436
2021-07-12T05:00:00.000000000,34.02,36.11804
2021-07-12T06:00:00.000000000,33.49,36.29904
2021-07-12T07:00:00.000000000,34.52,36.78122
2021-07-12T08:00:00.000000000,34.92,37.22155
2021-07-12T09:00:00.000000000,33.88,37.57466
2021-07-12T10:00:00.000000000,34.15,37.60366
2021-07-12T11:00:00.000000000,33.93,37.72802
2021-07-12T12:00:00.000000000,35.32,37.70785
2021-07-12T13:00:00.000000000,34.55,37.6162
2021-07-12T14:00:00.000000000,34.96,37.62591
2021-07-12T15:00:00.000000000,36.3,37.52877
2021-07-12T16:00:00.000000000,35.57,37.38604
2021-07-12T17:00:00.000000000,34.87,37.68487
2021-07-12T18:00:00.000000000,34.48,37.88802
2021-07-12T19:00:00.000000000,33.47,37.93756
2021-07-12T20:00:00.000000000,34.84,37.9969
2021-07-12T21:00:00.000000000,35.03,37.91027
2021-07-12T22:00:00.000000000,35.39,37.88873
2021-07-12T23:00:00.000000000,36.18,37.57335
2021-07-10T00:00:00.000000000,34.45,34.26093
2021-07-10T01:00:00.000000000,34.18,34.72254
2021-07-10T02:00:00.000000000,34.68,34.44241
2021-07-10T03:00:00.000000000,34.84,34.64735
2021-07-10T04:00:00.000000000,34.39,34.65975
2021-07-10T05:00:00.000000000,34.28,34.5422
2021-07-10T06:00:00.000000000,33.75,34.4057
2021-07-10T07:00:00.000000000,33.79,34.51017
2021-07-10T08:00:00.000000000,33.9,34.61867
2021-07-10T09:00:00.000000000,34.2,34.75001
2021-07-10T10:00:00.000000000,34.16,34.45686
2021-07-10T11:00:00.000000000,34.08,34.57255
2021-07-10T12:00:00.000000000,33.95,34.66623
2021-07-10T13:00:00.000000000,33.1,34.57889
2021-07-10T14:00:00.000000000,32.86,34.64692
2021-07-10T15:00:00.000000000,32.58,34.66796
2021-07-10T16:00:00.000000000,32.87,34.35972
2021-07-10T17:00:00.000000000,32.8,34.49318
2021-07-10T18:00:00.000000000,33.1,34.35848
2021-07-10T19:00:00.000000000,32.77,34.07814
2021-07-10T20:00:00.000000000,32.67,33.94241
2021-07-10T21:00:00.000000000,32.73,33.90243
2021-07-10T22:00:00.000000000,32.56,34.03818
2021-07-10T23:00:00.000000000,33.7,34.20986
2021-07-11T00:00:00.000000000,33.73,35.00372
2021-07-11T01:00:00.000000000,34.11,35.57252
2021-07-11T02:00:00.000000000,34.22,35.4969
2021-07-11T03:00:00.000000000,34.56,35.88971
2021-07-11T04:00:00.000000000,35.15,36.07072
2021-07-11T05:00:00.000000000,35.09,36.00941
2021-07-11T06:00:00.000000000,35.43,35.99613
2021-07-11T07:00:00.000000000,35.7,36.08999
2021-07-11T08:00:00.000000000,36.47,36.12641
2021-07-11T09:00:00.000000000,37.29,36.22733
2021-07-11T10:00:00.000000000,37.98,35.91033
2021-07-11T11:00:00.000000000,38.56,36.07023
2021-07-11T12:00:00.000000000,39.04,36.18408
2021-07-11T13:00:00.000000000,38.46,36.13911
2021-07-11T14:00:00.000000000,38.12,36.27214
2021-07-11T15:00:00.000000000,37.75,36.39106
2021-07-11T16:00:00.000000000,37.73,36.164
2021-07-11T17:00:00.000000000,36.78,36.25122
2021-07-11T18:00:00.000000000,35.79,36.03961
2021-07-11T19:00:00.000000000,35.53,35.67508
2021-07-11T20:00:00.000000000,35.41,35.42439
2021-07-11T21:00:00.000000000,34.87,35.12972
2021-07-11T22:00:00.000000000,34.54,35.13517
2021-07-11T23:00:00.000000000,35.0,35.15377
2021-07-12T00:00:00.000000000,34.83,35.78529
2021-07-12T01:00:00.000000000,35.19,36.0023
2021-07-12T02:00:00.000000000,35.48,35.81967
2021-07-12T03:00:00.000000000,35.27,36.23749
2021-07-12T04:00:00.000000000,34.82,36.51237
2021-07-12T05:00:00.000000000,34.02,36.57332
2021-07-12T06:00:00.000000000,33.49,36.63515
2021-07-12T07:00:00.000000000,34.52,36.8841
2021-07-12T08:00:00.000000000,34.92,36.99021
2021-07-12T09:00:00.000000000,33.88,37.04463
2021-07-12T10:00:00.000000000,34.15,36.83687
2021-07-12T11:00:00.000000000,33.93,36.89198
2021-07-12T12:00:00.000000000,35.32,36.96727
2021-07-12T13:00:00.000000000,34.55,36.99153
2021-07-12T14:00:00.000000000,34.96,37.22342
2021-07-12T15:00:00.000000000,36.3,37.42553
2021-07-12T16:00:00.000000000,35.57,37.47218
2021-07-12T17:00:00.000000000,34.87,37.82265
2021-07-12T18:00:00.000000000,34.48,37.88907
2021-07-12T19:00:00.000000000,33.47,37.73276
2021-07-12T20:00:00.000000000,34.84,37.59355
2021-07-12T21:00:00.000000000,35.03,37.2267
2021-07-12T22:00:00.000000000,35.39,37.06989
2021-07-12T23:00:00.000000000,36.18,36.7349
2021-07-13T00:00:00.000000000,36.87,37.04079
2021-07-13T01:00:00.000000000,37.74,37.01153
2021-07-13T02:00:00.000000000,38.23,36.53558
2021-07-13T03:00:00.000000000,38.69,36.65985
2021-07-13T04:00:00.000000000,38.53,36.76727
2021-07-13T05:00:00.000000000,37.52,36.72887
2021-07-13T06:00:00.000000000,36.79,36.90503
2021-07-13T07:00:00.000000000,36.77,37.34395
2021-07-13T08:00:00.000000000,37.41,37.74724
2021-07-13T09:00:00.000000000,37.51,38.05483
2021-07-13T10:00:00.000000000,37.3,37.98008
2021-07-13T11:00:00.000000000,38.17,38.08182
2021-07-13T12:00:00.000000000,38.01,37.99165
2021-07-13T13:00:00.000000000,37.98,37.81046
2021-07-13T14:00:00.000000000,38.22,37.77753
2021-07-13T15:00:00.000000000,38.52,37.66697
2021-07-13T16:00:00.000000000,37.71,37.51017
2021-07-13T17:00:00.000000000,37.55,37.79707
2021-07-13T18:00:00.000000000,37.07,37.97966
2021-07-13T19:00:00.000000000,36.97,38.06477
2021-07-13T20:00:00.000000000,37.41,38.12681
2021-07-13T21:00:00.000000000,37.16,38.05558
2021-07-13T22:00:00.000000000,38.04,38.07822
2021-07-13T23:00:00.000000000,38.25,37.82995
2021-07-11T00:00:00.000000000,33.73,34.22708
2021-07-11T01:00:00.000000000,34.11,34.74314
2021-07-11T02:00:00.000000000,34.22,34.53443
2021-07-11T03:00:00.000000000,34.56,34.78507
2021-07-11T04:00:00.000000000,35.15,34.8473
2021-07-11T05:00:00.000000000,35.09,34.7663
2021-07-11T06:00:00.000000000,35.43,34.68261
2021-07-11T07:00:00.000000000,35.7,34.79064
2021-07-11T08:00:00.000000000,36.47,34.90051
2021-07-11T09:00:00.000000000,37.29,35.02989
2021-07-11T10:00:00.000000000,37.98,34.74273
2021-07-11T11:00:00.000000000,38.56,34.85564
2021-07-11T12:00:00.000000000,39.04,34.91652
2021-07-11T13:00:00.000000000,38.46,34.79101
2021-07-11T14:00:00.000000000,38.12,34.8321
2021-07-11T15:00:00.000000000,37.75,34.817
2021-07-11T16:00:00.000000000,37.73,34.47258
2021-07-11T17:00:00.000000000,36.78,34.55356
2021-07-11T18:00:00.000000000,35.79,34.38505
2021-07-11T19:00:00.000000000,35.53,34.08006
2021-07-11T20:00:00.000000000,35.41,33.9385
2021-07-11T21:00:00.000000000,34.87,33.88511
2021-07-11T22:00:00.000000000,34.54,34.0303
2021-07-11T23:00:00.000000000,35.0,34.21045
2021-07-12T00:00:00.000000000,34.83,35.43975
2021-07-12T01:00:00.000000000,35.19,35.7752
2021-07-12T02:00:00.000000000,35.48,35.59316
2021-07-12T03:00:00.000000000,35.27,36.01068
2021-07-12T04:00:00.000000000,34.82,36.27353
2021-07-12T05:00:00.000000000,34.02,36.27484
2021-07-12T06:00:00.000000000,33.49,36.32038
2021-07-12T07:00:00.000000000,34.52,36.57797
2021-07-12T08:00:00.000000000,34.92,36.7846
2021-07-12T09:00:00.000000000,33.88,36.96106
2021-07-12T10:00:00.000000000,34.15,36.82143
2021-07-12T11:00:00.000000000,33.93,37.01833
2021-07-12T12:00:00.000000000,35.32,37.12952
2021-07-12T13:00:00.000000000,34.55,37.18314
2021-07-12T14:00:00.000000000,34.96,37.35777
2021-07-12T15:00:00.000000000,36.3,37.45901
2021-07-12T16:00:00.000000000,35.57,37.36963
2021-07-12T17:00:00.000000000,34.87,37.54676
2021-07-12T18:00:00.000000000,34.48,37.46618
2021-07-12T19:00:00.000000000,33.47,37.1867
2021-07-12T20:00:00.000000000,34.84,36.94707
2021-07-12T21:00:00.000000000,35.03,36.57053
2021-07-12T22:00:00.000000000,35.39,36.47015
2021-07-12T23:00:00.000000000,36.18,36.2327
2021-07-13T00:00:00.000000000,36.87,36.90738
2021-07-13T01:00:00.000000000,37.74,37.29562
2021-07-13T02:00:00.000000000,38.23,37.14767
2021-07-13T03:00:00.000000000,38.69,37.4679
2021-07-13T04:00:00.000000000,38.53,37.61967
2021-07-13T05:00:00.000000000,37.52,37.51932
2021-07-13T06:00:00.000000000,36.79,37.50805
2021-07-13T07:00:00.000000000,36.77,37.64018
2021-07-13T08:00:00.000000000,37.41,37.6952
2021-07-13T09:00:00.000000000,37.51,37.74862
2021-07-13T10:00:00.000000000,37.3,37.47132
2021-07-13T11:00:00.000000000,38.17,37.62575
2021-07-13T12:00:00.000000000,38.01,37.70069
2021-07-13T13:00:00.000000000,37.98,37.65634
2021-07-13T14:00:00.000000000,38.22,37.8255
2021-07-13T15:00:00.000000000,38.52,37.96626
2021-07-13T16:00:00.000000000,37.71,37.89825
2021-07-13T17:00:00.000000000,37.55,38.08155
2021-07-13T18:00:00.000000000,37.07,37.99008
2021-07-13T19:00:00.000000000,36.97,37.79951
2021-07-13T20:00:00.000000000,37.41,37.61045
2021-07-13T21:00:00.000000000,37.16,37.28981
2021-07-13T22:00:00.000000000,38.04,37.27366
2021-07-13T23:00:00.000000000,38.25,37.15606
2021-07-14T00:00:00.000000000,39.01,37.37243
2021-07-14T01:00:00.000000000,39.28,37.47404
2021-07-14T02:00:00.000000000,39.57,37.04145
2021-07-14T03:00:00.000000000,39.58,37.17373
2021-07-14T04:00:00.000000000,39.37,37.28413
2021-07-14T05:00:00.000000000,37.88,37.20047
2021-07-14T06:00:00.000000000,37.51,37.4014
2021-07-14T07:00:00.000000000,39.21,37.82469
2021-07-14T08:00:00.000000000,39.5,38.24893
2021-07-14T09:00:00.000000000,40.07,38.59024
2021-07-14T10:00:00.000000000,40.5,38.48031
2021-07-14T11:00:00.000000000,40.97,38.64582
2021-07-14T12:00:00.000000000,40.53,38.5184
2021-07-14T13:00:00.000000000,40.06,38.25989
2021-07-14T14:00:00.000000000,39.25,38.14196
2021-07-14T15:00:00.000000000,39.42,37.93383
2021-07-14T16:00:00.000000000,39.11,37.66556
2021-07-14T17:00:00.000000000,38.39,37.79239
2021-07-14T18:00:00.000000000,37.85,37.84859
2021-07-14T19:00:00.000000000,35.81,37.8761
2021-07-14T20:00:00.000000000,35.94,37.88651
2021-07-14T21:00:00.000000000,36.16,37.82637
2021-07-14T22:00:00.000000000,36.15,37.93309
2021-07-14T23:00:00.000000000,35.23,37.82046
2021-07-12T00:00:00.000000000,34.83,36.24514
2021-07-12T01:00:00.000000000,35.19,36.68841
2021-07-12T02:00:00.000000000,35.48,36.48544
2021-07-12T03:00:00.000000000,35.27,36.8923
2021-07-12T04:00:00.000000000,34.82,37.17375
2021-07-12T05:00:00.000000000,34.02,37.11037
2021-07-12T06:00:00.000000000,33.49,37.37122
2021-07-12T07:00:00.000000000,34.52,37.84658
2021-07-12T08:00:00.000000000,34.92,38.35884
2021-07-12T09:00:00.000000000,33.88,38.92577
2021-07-12T10:00:00.000000000,34.15,39.04526
2021-07-12T11:00:00.000000000,33.93,39.53622
2021-07-12T12:00:00.000000000,35.32,39.62589
2021-07-12T13:00:00.000000000,34.55,39.544
2021-07-12T14:00:00.000000000,34.96,39.41423
2021-07-12T15:00:00.000000000,36.3,39.00583
2021-07-12T16:00:00.000000000,35.57,38.5024
2021-07-12T17:00:00.000000000,34.87,38.13045
2021-07-12T18:00:00.000000000,34.48,37.79432
2021-07-12T19:00:00.000000000,33.47,37.35646
2021-07-12T20:00:00.000000000,34.84,37.02717
2021-07-12T21:00:00.000000000,35.03,36.82988
2021-07-12T22:00:00.000000000,35.39,36.93097
2021-07-12T23:00:00.000000000,36.18,36.9683
2021-07-13T00:00:00.000000000,36.87,37.27269
2021-07-13T01:00:00.000000000,37.74,37.60734
2021-07-13T02:00:00.000000000,38.23,37.40182
2021-07-13T03:00:00.000000000,38.69,37.71082
2021-07-13T04:00:00.000000000,38.53,37.93117
2021-07-13T05:00:00.000000000,37.52,37.8897
2021-07-13T06:00:00.000000000,36.79,38.06203
2021-07-13T07:00:00.000000000,36.77,38.35942
2021-07-13T08:00:00.000000000,37.41,38.58772
2021-07-13T09:00:00.000000000,37.51,38.77627
2021-07-13T10:00:00.000000000,37.3,38.53865
2021-07-13T11:00:00.000000000,38.17,38.68818
2021-07-13T12:00:00.000000000,38.01,38.60281
2021-07-13T13:00:00.000000000,37.98,38.36592
2021-07-13T14:00:00.000000000,38.22,38.33612
2021-07-13T15:00:00.000000000,38.52,38.22965
2021-07-13T16:00:00.000000000,37.71,38.01706
2021-07-13T17:00:00.000000000,37.55,38.07042
2021-07-13T18:00:00.000000000,37.07,37.98441
2021-07-13T19:00:00.000000000,36.97,37.85663
2021-07-13T20:00:00.000000000,37.41,37.73518
2021-07-13T21:00:00.000000000,37.16,37.53527
2021-07-13T22:00:00.000000000,38.04,37.59898
2021-07-13T23:00:00.000000000,38.25,37.53497
2021-07-14T00:00:00.000000000,39.01,37.79817
2021-07-14T01:00:00.000000000,39.28,38.11641
2021-07-14T02:00:00.000000000,39.57,37.96797
2021-07-14T03:00:00.000000000,39.58,38.32316
2021-07-14T04:00:00.000000000,39.37,38.59018
2021-07-14T05:00:00.000000000,37.88,38.61774
2021-07-14T06:00:00.000000000,37.51,38.77922
2021-07-14T07:00:00.000000000,39.21,38.99366
2021-07-14T08:00:00.000000000,39.5,39.04514
2021-07-14T09:00:00.000000000,40.07,39.00589
2021-07-14T10:00:00.000000000,40.5,38.55318
2021-07-14T11:00:00.000000000,40.97,38.50523
2021-07-14T12:00:00.000000000,40.53,38.31645
2021-07-14T13:00:00.000000000,40.06,37.99109
2021-07-14T14:00:00.000000000,39.25,38.02054
2021-07-14T15:00:00.000000000,39.42,38.0683
2021-07-14T16:00:00.000000000,39.11,38.03125
2021-07-14T17:00:00.000000000,38.39,38.28993
2021-07-14T18:00:00.000000000,37.85,38.32011
2021-07-14T19:00:00.000000000,35.81,38.3126
2021-07-14T20:00:00.000000000,35.94,38.25453
2021-07-14T21:00:00.000000000,36.16,38.01359
2021-07-14T22:00:00.000000000,36.15,38.01639
2021-07-14T23:00:00.000000000,35.23,37.87841
2021-07-15T00:00:00.000000000,34.65,37.89348
2021-07-15T01:00:00.000000000,35.04,38.09654
2021-07-15T02:00:00.000000000,36.61,37.73455
2021-07-15T03:00:00.000000000,37.19,37.83006
2021-07-15T04:00:00.000000000,37.27,37.84165
2021-07-15T05:00:00.000000000,36.07,37.65805
2021-07-15T06:00:00.000000000,37.25,37.70141
2021-07-15T07:00:00.000000000,37.52,37.95166
2021-07-15T08:00:00.000000000,36.68,38.19422
2021-07-15T09:00:00.000000000,38.53,38.41362
2021-07-15T10:00:00.000000000,39.93,38.24323
2021-07-15T11:00:00.000000000,39.96,38.43926
2021-07-15T12:00:00.000000000,37.68,38.42484
2021-07-15T13:00:00.000000000,37.76,38.2657
2021-07-15T14:00:00.000000000,37.14,38.2818
2021-07-15T15:00:00.000000000,36.7,38.23107
2021-07-15T16:00:00.000000000,36.93,38.04595
2021-07-15T17:00:00.000000000,37.88,38.19606
2021-07-15T18:00:00.000000000,37.17,38.19296
2021-07-15T19:00:00.000000000,34.19,38.17128
2021-07-15T20:00:00.000000000,33.59,38.11669
2021-07-15T21:00:00.000000000,33.15,37.99432
2021-07-15T22:00:00.000000000,32.98,38.09401
2021-07-15T23:00:00.000000000,34.03,38.0239
2021-07-13T00:00:00.000000000,36.87,36.41488
2021-07-13T01:00:00.000000000,37.74,36.89556
2021-07-13T02:00:00.000000000,38.23,36.75886
2021-07-13T03:00:00.000000000,38.69,37.06035
2021-07-13T04:00:00.000000000,38.53,37.18182
2021-07-13T05:00:00.000000000,37.52,37.02927
2021-07-13T06:00:00.000000000,36.79,36.99451
2021-07-13T07:00:00.000000000,36.77,37.13185
2021-07-13T08:00:00.000000000,37.41,37.29259
2021-07-13T09:00:00.000000000,37.51,37.47892
2021-07-13T10:00:00.000000000,37.3,37.33086
2021-07-13T11:00:00.000000000,38.17,37.62591
2021-07-13T12:00:00.000000000,38.01,37.76355
2021-07-13T13:00:00.000000000,37.98,37.78292
2021-07-13T14:00:00.000000000,38.22,37.9244
2021-07-13T15:00:00.000000000,38.52,37.98452
2021-07-13T16:00:00.000000000,37.71,37.7802
2021-07-13T17:00:00.000000000,37.55,37.80871
2021-07-13T18:00:00.000000000,37.07,37.57638
2021-07-13T19:00:00.000000000,36.97,37.26036
2021-07-13T20:00:00.000000000,37.41,36.98304
2021-07-13T21:00:00.000000000,37.16,36.6576
2021-07-13T22:00:00.000000000,38.04,36.67734
2021-07-13T23:00:00.000000000,38.25,36.63417
2021-07-14T00:00:00.000000000,39.01,37.18655
2021-07-14T01:00:00.000000000,39.28,37.55738
2021-07-14T02:00:00.000000000,39.57,37.41363
2021-07-14T03:00:00.000000000,39.58,37.73438
2021-07-14T04:00:00.000000000,39.37,37.89798
2021-07-14T05:00:00.000000000,37.88,37.81625
2021-07-14T06:00:00.000000000,37.51,37.82784
2021-07-14T07:00:00.000000000,39.21,37.95967
2021-07-14T08:00:00.000000000,39.5,37.98793
2021-07-14T09:00:00.000000000,40.07,38.00168
2021-07-14T10:00:00.000000000,40.5,37.67583
2021-07-14T11:00:00.000000000,40.97,37.77866
2021-07-14T12:00:00.000000000,40.53,37.8062
2021-07-14T13:00:00.000000000,40.06,37.7071
2021-07-14T14:00:00.000000000,39.25,37.86149
2021-07-14T15:00:00.000000000,39.42,38.00145
2021-07-14T16:00:00.000000000,39.11,37.95578
2021-07-14T17:00:00.000000000,38.39,38.17116
2021-07-14T18:00:00.000000000,37.85,38.11386
2021-07-14T19:00:00.000000000,35.81,37.97207
2021-07-14T20:00:00.000000000,35.94,37.81777
2021-07-14T21:00:00.000000000,36.16,37.51497
2021-07-14T22:00:00.000000000,36.15,37.503
2021-07-14T23:00:00.000000000,35.23,37.38227
2021-07-15T00:00:00.000000000,34.65,37.54612
2021-07-15T01:00:00.000000000,35.04,37.90165
2021-07-15T02:00:00.000000000,36.61,37.68149
2021-07-15T03:00:00.000000000,37.19,37.87844
2021-07-15T04:00:00.000000000,37.27,37.91968
2021-07-15T05:00:00.000000000,36.07,37.73083
2021-07-15T06:00:00.000000000,37.25,37.69316
2021-07-15T07:00:00.000000000,37.52,37.82067
2021-07-15T08:00:00.000000000,36.68,37.91729
2021-07-15T09:00:00.000000000,38.53,38.02554
2021-07-15T10:00:00.000000000,39.93,37.79136
2021-07-15T11:00:00.000000000,39.96,37.99566
2021-07-15T12:00:00.000000000,37.68,38.07095
2021-07-15T13:00:00.000000000,37.76,38.00086
2021-07-15T14:00:00.000000000,37.14,38.12533
2021-07-15T15:00:00.000000000,36.7,38.20622
2021-07-15T16:00:00.000000000,36.93,38.07834
2021-07-15T17:00:00.000000000,37.88,38.2179
2021-07-15T18:00:00.000000000,37.17,38.12136
2021-07-15T19:00:00.000000000,34.19,37.98011
2021-07-15T20:00:00.000000000,33.59,37.82906
2021-07-15T21:00:00.000000000,33.15,37.59354
2021-07-15T22:00:00.000000000,32.98,37.65167
2021-07-15T23:00:00.000000000,34.03,37.6012
2021-07-16T00:00:00.000000000,37.37,37.54084
2021-07-16T01:00:00.000000000,38.11,37.85061
2021-07-16T02:00:00.000000000,38.34,37.57334
2021-07-16T03:00:00.000000000,39.03,37.7215
2021-07-16T04:00:00.000000000,37.34,37.72912
2021-07-16T05:00:00.000000000,35.56,37.51886
2021-07-16T06:00:00.000000000,33.19,37.484
2021-07-16T07:00:00.000000000,34.18,37.64816
2021-07-16T08:00:00.000000000,35.08,37.81196
2021-07-16T09:00:00.000000000,35.05,37.98481
2021-07-16T10:00:00.000000000,35.68,37.81229
2021-07-16T11:00:00.000000000,36.21,38.0509
2021-07-16T12:00:00.000000000,36.84,38.13166
2021-07-16T13:00:00.000000000,37.23,38.0695
2021-07-16T14:00:00.000000000,36.97,38.16868
2021-07-16T15:00:00.000000000,36.83,38.2034
2021-07-16T16:00:00.000000000,36.72,38.03985
2021-07-16T17:00:00.000000000,37.75,38.16097
2021-07-16T18:00:00.000000000,37.18,38.07478
2021-07-16T19:00:00.000000000,37.07,37.94827
2021-07-16T20:00:00.000000000,36.77,37.81349
2021-07-16T21:00:00.000000000,36.94,37.61648
2021-07-16T22:00:00.000000000,36.88,37.69395
2021-07-16T23:00:00.000000000,36.74,37.64402
2021-07-14T00:00:00.000000000,39.01,38.5173
2021-07-14T01:00:00.000000000,39.28,38.94565
2021-07-14T02:00:00.000000000,39.57,38.74506
2021-07-14T03:00:00.000000000,39.58,38.88649
2021-07-14T04:00:00.000000000,39.37,38.89322
2021-07-14T05:00:00.000000000,37.88,38.64622
2021-07-14T06:00:00.000000000,37.51,38.67781
2021-07-14T07:00:00.000000000,39.21,38.83655
2021-07-14T08:00:00.000000000,39.5,38.99662
2021-07-14T09:00:00.000000000,40.07,39.195
2021-07-14T10:00:00.000000000,40.5,39.00571
2021-07-14T11:00:00.000000000,40.97,39.29125
2021-07-14T12:00:00.000000000,40.53,39.31353
2021-07-14T13:00:00.000000000,40.06,39.11002
2021-07-14T14:00:00.000000000,39.25,39.09733
2021-07-14T15:00:00.000000000,39.42,38.97104
2021-07-14T16:00:00.000000000,39.11,38.67713
2021-07-14T17:00:00.000000000,38.39,38.58203
2021-07-14T18:00:00.000000000,37.85,38.36637
2021-07-14T19:00:00.000000000,35.81,38.21016
2021-07-14T20:00:00.000000000,35.94,38.06379
2021-07-14T21:00:00.000000000,36.16,37.94118
2021-07-14T22:00:00.000000000,36.15,38.13807
2021-07-14T23:00:00.000000000,35.23,38.25846
2021-07-15T00:00:00.000000000,34.65,38.2866
2021-07-15T01:00:00.000000000,35.04,38.80739
2021-07-15T02:00:00.000000000,36.61,38.71992
2021-07-15T03:00:00.000000000,37.19,38.97395
2021-07-15T04:00:00.000000000,37.27,39.03945
2021-07-15T05:00:00.000000000,36.07,38.8429
2021-07-15T06:00:00.000000000,37.25,38.78532
2021-07-15T07:00:00.000000000,37.52,38.79067
2021-07-15T08:00:00.000000000,36.68,38.7198
2021-07-15T09:00:00.000000000,38.53,38.67079
2021-07-15T10:00:00.000000000,39.93,38.26314
2021-07-15T11:00:00.000000000,39.96,38.41602
2021-07-15T12:00:00.000000000,37.68,38.4458
2021-07-15T13:00:00.000000000,37.76,38.30156
2021-07-15T14:00:00.000000000,37.14,38.44389
2021-07-15T15:00:00.000000000,36.7,38.60167
2021-07-15T16:00:00.000000000,36.93,38.51758
2021-07-15T17:00:00.000000000,37.88,38.63204
2021-07-15T18:00:00.000000000,37.17,38.45933
2021-07-15T19:00:00.000000000,34.19,38.29089
2021-07-15T20:00:00.000000000,33.59,38.09014
2021-07-15T21:00:00.000000000,33.15,37.78723
2021-07-15T22:00:00.000000000,32.98,37.85598
2021-07-15T23:00:00.000000000,34.03,37.88628
2021-07-16T00:00:00.000000000,37.37,38.26022
2021-07-16T01:00:00.000000000,38.11,38.70107
2021-07-16T02:00:00.000000000,38.34,38.55939
2021-07-16T03:00:00.000000000,39.03,38.76001
2021-07-16T04:00:00.000000000,37.34,38.77429
2021-07-16T05:00:00.000000000,35.56,38.5521
2021-07-16T06:00:00.000000000,33.19,38.47674
2021-07-16T07:00:00.000000000,34.18,38.49721
2021-07-16T08:00:00.000000000,35.08,38.45154
2021-07-16T09:00:00.000000000,35.05,38.43223
2021-07-16T10:00:00.000000000,35.68,38.07461
2021-07-16T11:00:00.000000000,36.21,38.22811
2021-07-16T12:00:00.000000000,36.84,38.28364
2021-07-16T13:00:00.000000000,37.23,38.15727
2021-07-16T14:00:00.000000000,36.97,38.30278
2021-07-16T15:00:00.000000000,36.83,38.44081
2021-07-16T16:00:00.000000000,36.72,38.35139
2021-07-16T17:00:00.000000000,37.75,38.49813
2021-07-16T18:00:00.000000000,37.18,38.37436
2021-07-16T19:00:00.000000000,37.07,38.25486
2021-07-16T20:00:00.000000000,36.77,38.10954
2021-07-16T21:00:00.000000000,36.94,37.87063
2021-07-16T22:00:00.000000000,36.88,37.96169
2021-07-16T23:00:00.000000000,36.74,37.98156
2021-07-17T00:00:00.000000000,37.3,37.97459
2021-07-17T01:00:00.000000000,37.79,38.17449
2021-07-17T02:00:00.000000000,38.05,37.81245
2021-07-17T03:00:00.000000000,37.59,37.86982
2021-07-17T04:00:00.000000000,38.51,37.81765
2021-07-17T05:00:00.000000000,38.43,37.58566
2021-07-17T06:00:00.000000000,38.3,37.56941
2021-07-17T07:00:00.000000000,38.36,37.77055
2021-07-17T08:00:00.000000000,38.64,37.97391
2021-07-17T09:00:00.000000000,39.04,38.17708
2021-07-17T10:00:00.000000000,39.44,38.02777
2021-07-17T11:00:00.000000000,41.33,38.24175
2021-07-17T12:00:00.000000000,44.55,38.28798
2021-07-17T13:00:00.000000000,47.8,38.17845
2021-07-17T14:00:00.000000000,48.29,38.23741
2021-07-17T15:00:00.000000000,46.43,38.22669
2021-07-17T16:00:00.000000000,41.14,38.05304
2021-07-17T17:00:00.000000000,37.65,38.21736
2021-07-17T18:00:00.000000000,36.39,38.21101
2021-07-17T19:00:00.000000000,35.75,38.18861
2021-07-17T20:00:00.000000000,35.16,38.14212
2021-07-17T21:00:00.000000000,34.9,38.03498
2021-07-17T22:00:00.000000000,35.55,38.14736
2021-07-17T23:00:00.000000000,36.62,38.09229
2021-07-15T00:00:00.000000000,34.65,35.95112
2021-07-15T01:00:00.000000000,35.04,36.34757
2021-07-15T02:00:00.000000000,36.61,36.11906
2021-07-15T03:00:00.000000000,37.19,36.47593
2021-07-15T04:00:00.000000000,37.27,36.75775
2021-07-15T05:00:00.000000000,36.07,36.76884
2021-07-15T06:00:00.000000000,37.25,37.04209
2021-07-15T07:00:00.000000000,37.52,37.47091
2021-07-15T08:00:00.000000000,36.68,37.9757
2021-07-15T09:00:00.000000000,38.53,38.37963
2021-07-15T10:00:00.000000000,39.93,38.34316
2021-07-15T11:00:00.000000000,39.96,38.61393
2021-07-15T12:00:00.000000000,37.68,38.48175
2021-07-15T13:00:00.000000000,37.76,38.23056
2021-07-15T14:00:00.000000000,37.14,38.05225
2021-07-15T15:00:00.000000000,36.7,37.71959
2021-07-15T16:00:00.000000000,36.93,37.28487
2021-07-15T17:00:00.000000000,37.88,37.1229
2021-07-15T18:00:00.000000000,37.17,36.912
2021-07-15T19:00:00.000000000,34.19,36.65519
2021-07-15T20:00:00.000000000,33.59,36.47223
2021-07-15T21:00:00.000000000,33.15,36.30755
2021-07-15T22:00:00.000000000,32.98,36.42119
2021-07-15T23:00:00.000000000,34.03,36.42445
2021-07-16T00:00:00.000000000,37.37,37.3469
2021-07-16T01:00:00.000000000,38.11,37.74423
2021-07-16T02:00:00.000000000,38.34,37.55413
2021-07-16T03:00:00.000000000,39.03,37.79658
2021-07-16T04:00:00.000000000,37.34,37.88162
2021-07-16T05:00:00.000000000,35.56,37.71804
2021-07-16T06:00:00.000000000,33.19,37.69282
2021-07-16T07:00:00.000000000,34.18,37.82434
2021-07-16T08:00:00.000000000,35.08,37.92342
2021-07-16T09:00:00.000000000,35.05,38.02779
2021-07-16T10:00:00.000000000,35.68,37.78102
2021-07-16T11:00:00.000000000,36.21,37.9908
2021-07-16T12:00:00.000000000,36.84,38.05828
2021-07-16T13:00:00.000000000,37.23,37.99188
2021-07-16T14:00:00.000000000,36.97,38.11723
2021-07-16T15:00:00.000000000,36.83,38.20267
2021-07-16T16:00:00.000000000,36.72,38.07522
2021-07-16T17:00:00.000000000,37.75,38.19379
2021-07-16T18:00:00.000000000,37.18,38.06806
2021-07-16T19:00:00.000000000,37.07,37.88589
2021-07-16T20:00:00.000000000,36.77,37.69633
2021-07-16T21:00:00.000000000,36.94,37.41934
2021-07-16T22:00:00.000000000,36.88,37.45719
2021-07-16T23:00:00.000000000,36.74,37.40105
2021-07-17T00:00:00.000000000,37.3,37.69078
2021-07-17T01:00:00.000000000,37.79,38.19549
2021-07-17T02:00:00.000000000,38.05,38.08713
2021-07-17T03:00:00.000000000,37.59,38.36095
2021-07-17T04:00:00.000000000,38.51,38.45162
2021-07-17T05:00:00.000000000,38.43,38.27342
2021-07-17T06:00:00.000000000,38.3,38.21956
2021-07-17T07:00:00.000000000,38.36,38.27091
2021-07-17T08:00:00.000000000,38.64,38.27259
2021-07-17T09:00:00.000000000,39.04,38.29238
2021-07-17T10:00:00.000000000,39.44,37.96158
2021-07-17T11:00:00.000000000,41.33,38.1613
2021-07-17T12:00:00.000000000,44.55,38.22628
2021-07-17T13:00:00.000000000,47.8,38.14541
2021-07-17T14:00:00.000000000,48.29,38.29653
2021-07-17T15:00:00.000000000,46.43,38.44023
2021-07-17T16:00:00.000000000,41.14,38.33721
2021-07-17T17:00:00.000000000,37.65,38.43335
2021-07-17T18:00:00.000000000,36.39,38.24815
2021-07-17T19:00:00.000000000,35.75,38.02834
2021-07-17T20:00:00.000000000,35.16,37.79292
2021-07-17T21:00:00.000000000,34.9,37.46326
2021-07-17T22:00:00.000000000,35.55,37.50069
2021-07-17T23:00:00.000000000,36.62,37.49151
2021-07-18T00:00:00.000000000,37.67,36.54524
2021-07-18T01:00:00.000000000,37.01,36.4758
2021-07-18T02:00:00.000000000,37.8,36.02312
2021-07-18T03:00:00.000000000,38.46,36.19149
2021-07-18T04:00:00.000000000,38.83,36.31803
2021-07-18T05:00:00.000000000,39.97,36.32178
2021-07-18T06:00:00.000000000,42.19,36.45174
2021-07-18T07:00:00.000000000,41.69,36.86719
2021-07-18T08:00:00.000000000,42.28,37.21152
2021-07-18T09:00:00.000000000,41.9,37.46111
2021-07-18T10:00:00.000000000,43.59,37.41745
2021-07-18T11:00:00.000000000,44.23,37.48943
2021-07-18T12:00:00.000000000,44.98,37.47483
2021-07-18T13:00:00.000000000,44.38,37.40453
2021-07-18T14:00:00.000000000,43.85,37.48602
2021-07-18T15:00:00.000000000,42.94,37.49568
2021-07-18T16:00:00.000000000,41.22,37.44574
2021-07-18T17:00:00.000000000,36.12,37.82981
2021-07-18T18:00:00.000000000,35.34,38.0613
2021-07-18T19:00:00.000000000,35.14,38.12191
2021-07-18T20:00:00.000000000,34.59,38.16989
2021-07-18T21:00:00.000000000,34.81,38.03395
2021-07-18T22:00:00.000000000,35.49,37.96768
2021-07-18T23:00:00.000000000,35.79,37.61381
2021-07-16T00:00:00.000000000,37.37,34.84049
2021-07-16T01:00:00.000000000,38.11,35.13419
2021-07-16T02:00:00.000000000,38.34,34.85476
2021-07-16T03:00:00.000000000,39.03,35.41662
2021-07-16T04:00:00.000000000,37.34,35.9644
2021-07-16T05:00:00.000000000,35.56,36.22884
2021-07-16T06:00:00.000000000,33.19,36.74674
2021-07-16T07:00:00.000000000,34.18,37.41218
2021-07-16T08:00:00.000000000,35.08,38.08847
2021-07-16T09:00:00.000000000,35.05,38.53882
2021-07-16T10:00:00.000000000,35.68,38.46229
2021-07-16T11:00:00.000000000,36.21,38.60856
2021-07-16T12:00:00.000000000,36.84,38.26868
2021-07-16T13:00:00.000000000,37.23,37.88596
2021-07-16T14:00:00.000000000,36.97,37.56628
2021-07-16T15:00:00.000000000,36.83,37.11299
2021-07-16T16:00:00.000000000,36.72,36.70178
2021-07-16T17:00:00.000000000,37.75,36.5851
2021-07-16T18:00:00.000000000,37.18,36.5076
2021-07-16T19:00:00.000000000,37.07,36.28138
2021-07-16T20:00:00.000000000,36.77,36.13048
2021-07-16T21:00:00.000000000,36.94,35.93492
2021-07-16T22:00:00.000000000,36.88,35.96236
2021-07-16T23:00:00.000000000,36.74,35.81942
2021-07-17T00:00:00.000000000,37.3,36.47068
2021-07-17T01:00:00.000000000,37.79,37.0895
2021-07-17T02:00:00.000000000,38.05,37.06212
2021-07-17T03:00:00.000000000,37.59,37.45327
2021-07-17T04:00:00.000000000,38.51,37.66498
2021-07-17T05:00:00.000000000,38.43,37.58278
2021-07-17T06:00:00.000000000,38.3,37.60317
2021-07-17T07:00:00.000000000,38.36,37.70286
2021-07-17T08:00:00.000000000,38.64,37.79726
2021-07-17T09:00:00.000000000,39.04,37.89732
2021-07-17T10:00:00.000000000,39.44,37.63159
2021-07-17T11:00:00.000000000,41.33,37.87184
2021-07-17T12:00:00.000000000,44.55,37.91997
2021-07-17T13:00:00.000000000,47.8,37.84747
2021-07-17T14:00:00.000000000,48.29,37.9588
2021-07-17T15:00:00.000000000,46.43,38.035
2021-07-17T16:00:00.000000000,41.14,37.82776
2021-07-17T17:00:00.000000000,37.65,37.81703
2021-07-17T18:00:00.000000000,36.39,37.51864
2021-07-17T19:00:00.000000000,35.75,37.15187
2021-07-17T20:00:00.000000000,35.16,36.8222
2021-07-17T21:00:00.000000000,34.9,36.43296
2021-07-17T22:00:00.000000000,35.55,36.43633
2021-07-17T23:00:00.000000000,36.62,36.43897
2021-07-18T00:00:00.000000000,37.67,36.11787
2021-07-18T01:00:00.000000000,37.01,36.4679
2021-07-18T02:00:00.000000000,37.8,36.37937
2021-07-18T03:00:00.000000000,38.46,36.84462
2021-07-18T04:00:00.000000000,38.83,37.14375
2021-07-18T05:00:00.000000000,39.97,37.18975
2021-07-18T06:00:00.000000000,42.19,37.2374
2021-07-18T07:00:00.000000000,41.69,37.40935
2021-07-18T08:00:00.000000000,42.28,37.42328
2021-07-18T09:00:00.000000000,41.9,37.39863
2021-07-18T10:00:00.000000000,43.59,37.07837
2021-07-18T11:00:00.000000000,44.23,37.12067
2021-07-18T12:00:00.000000000,44.98,37.16905
2021-07-18T13:00:00.000000000,44.38,37.1415
2021-07-18T14:00:00.000000000,43.85,37.36898
2021-07-18T15:00:00.000000000,42.94,37.59
2021-07-18T16:00:00.000000000,41.22,37.6329
2021-07-18T17:00:00.000000000,36.12,37.93379
2021-07-18T18:00:00.000000000,35.34,37.92163
2021-07-18T19:00:00.000000000,35.14,37.7269
2021-07-18T20:00:00.000000000,34.59,37.54161
2021-07-18T21:00:00.000000000,34.81,37.13782
2021-07-18T22:00:00.000000000,35.49,37.00753
2021-07-18T23:00:00.000000000,35.79,36.75178
2021-07-19T00:00:00.000000000,35.57,36.3943
2021-07-19T01:00:00.000000000,35.77,36.35426
2021-07-19T02:00:00.000000000,35.98,35.91745
2021-07-19T03:00:00.000000000,35.46,36.11595
2021-07-19T04:00:00.000000000,34.84,36.26616
2021-07-19T05:00:00.000000000,35.53,36.271
2021-07-19T06:00:00.000000000,37.02,36.4126
2021-07-19T07:00:00.000000000,38.91,36.84411
2021-07-19T08:00:00.000000000,39.84,37.20662
2021-07-19T09:00:00.000000000,40.16,37.48963
2021-07-19T10:00:00.000000000,40.95,37.47284
2021-07-19T11:00:00.000000000,40.94,37.5852
2021-07-19T12:00:00.000000000,40.25,37.59678
2021-07-19T13:00:00.000000000,40.27,37.54927
2021-07-19T14:00:00.000000000,40.1,37.62749
2021-07-19T15:00:00.000000000,39.51,37.61331
2021-07-19T16:00:00.000000000,38.64,37.53662
2021-07-19T17:00:00.000000000,38.06,37.86858
2021-07-19T18:00:00.000000000,36.71,38.05862
2021-07-19T19:00:00.000000000,36.09,38.07087
2021-07-19T20:00:00.000000000,34.99,38.08191
2021-07-19T21:00:00.000000000,34.28,37.92527
2021-07-19T22:00:00.000000000,34.41,37.85539
2021-07-19T23:00:00.000000000,35.09,37.51271
2021-07-17T00:00:00.000000000,37.3,36.34172
2021-07-17T01:00:00.000000000,37.79,37.03097
2021-07-17T02:00:00.000000000,38.05,37.0335
2021-07-17T03:00:00.000000000,37.59,37.4102
2021-07-17T04:00:00.000000000,38.51,37.5592
2021-07-17T05:00:00.000000000,38.43,37.39474
2021-07-17T06:00:00.000000000,38.3,37.28309
2021-07-17T07:00:00.000000000,38.36,37.31535
2021-07-17T08:00:00.000000000,38.64,37.40159
2021-07-17T09:00:00.000000000,39.04,37.5113
2021-07-17T10:00:00.000000000,39.44,37.34927
2021-07-17T11:00:00.000000000,41.33,37.71355
2021-07-17T12:00:00.000000000,44.55,37.89931
2021-07-17T13:00:00.000000000,47.8,37.98991
2021-07-17T14:00:00.000000000,48.29,38.19925
2021-07-17T15:00:00.000000000,46.43,38.33304
2021-07-17T16:00:00.000000000,41.14,38.14718
2021-07-17T17:00:00.000000000,37.65,38.05907
2021-07-17T18:00:00.000000000,36.39,37.66087
2021-07-17T19:00:00.000000000,35.75,37.17645
2021-07-17T20:00:00.000000000,35.16,36.74503
2021-07-17T21:00:00.000000000,34.9,36.29193
2021-07-17T22:00:00.000000000,35.55,36.28016
2021-07-17T23:00:00.000000000,36.62,36.29234
2021-07-18T00:00:00.000000000,37.67,35.88892
2021-07-18T01:00:00.000000000,37.01,36.10981
2021-07-18T02:00:00.000000000,37.8,35.85113
2021-07-18T03:00:00.000000000,38.46,36.18423
2021-07-18T04:00:00.000000000,38.83,36.38627
2021-07-18T05:00:00.000000000,39.97,36.36755
2021-07-18T06:00:00.000000000,42.19,36.41654
2021-07-18T07:00:00.000000000,41.69,36.69808
2021-07-18T08:00:00.000000000,42.28,36.91718
2021-07-18T09:00:00.000000000,41.9,37.0992
2021-07-18T10:00:00.000000000,43.59,36.97794
2021-07-18T11:00:00.000000000,44.23,37.14213
2021-07-18T12:00:00.000000000,44.98,37.23601
2021-07-18T13:00:00.000000000,44.38,37.26475
2021-07-18T14:00:00.000000000,43.85,37.42889
2021-07-18T15:00:00.000000000,42.94,37.52289
2021-07-18T16:00:00.000000000,41.22,37.45606
2021-07-18T17:00:00.000000000,36.12,37.69888
2021-07-18T18:00:00.000000000,35.34,37.70754
2021-07-18T19:00:00.000000000,35.14,37.53023
2021-07-18T20:00:00.000000000,34.59,37.37515
2021-07-18T21:00:00.000000000,34.81,37.06895
2021-07-18T22:00:00.000000000,35.49,36.98472
2021-07-18T23:00:00.000000000,35.79,36.72241
2021-07-19T00:00:00.000000000,35.57,36.71061
2021-07-19T01:00:00.000000000,35.77,36.75982
2021-07-19T02:00:00.000000000,35.98,36.39466
2021-07-19T03:00:00.000000000,35.46,36.57558
2021-07-19T04:00:00.000000000,34.84,36.65484
2021-07-19T05:00:00.000000000,35.53,36.58976
2021-07-19T06:00:00.000000000,37.02,36.62097
2021-07-19T07:00:00.000000000,38.91,36.90965
2021-07-19T08:00:00.000000000,39.84,37.12554
2021-07-19T09:00:00.000000000,40.16,37.2949
2021-07-19T10:00:00.000000000,40.95,37.20471
2021-07-19T11:00:00.000000000,40.94,37.3134
2021-07-19T12:00:00.000000000,40.25,37.38789
2021-07-19T13:00:00.000000000,40.27,37.38138
2021-07-19T14:00:00.000000000,40.1,37.54237
2021-07-19T15:00:00.000000000,39.51,37.63934
2021-07-19T16:00:00.000000000,38.64,37.61145
2021-07-19T17:00:00.000000000,38.06,37.96251
2021-07-19T18:00:00.000000000,36.71,38.10605
2021-07-19T19:00:00.000000000,36.09,38.09454
2021-07-19T20:00:00.000000000,34.99,38.07954
2021-07-19T21:00:00.000000000,34.28,37.8945
2021-07-19T22:00:00.000000000,34.41,37.84339
2021-07-19T23:00:00.000000000,35.09,37.55732
2021-07-20T00:00:00.000000000,33.96,36.87502
2021-07-20T01:00:00.000000000,33.88,37.16407
2021-07-20T02:00:00.000000000,33.92,36.90193
2021-07-20T03:00:00.000000000,34.58,37.12895
2021-07-20T04:00:00.000000000,33.18,37.21717
2021-07-20T05:00:00.000000000,32.17,37.0799
2021-07-20T06:00:00.000000000,33.1,37.07648
2021-07-20T07:00:00.000000000,34.27,37.2827
2021-07-20T08:00:00.000000000,34.51,37.46642
2021-07-20T09:00:00.000000000,34.88,37.64276
2021-07-20T10:00:00.000000000,34.44,37.48438
2021-07-20T11:00:00.000000000,34.83,37.69851
2021-07-20T12:00:00.000000000,35.43,37.78438
2021-07-20T13:00:00.000000000,35.23,37.75619
2021-07-20T14:00:00.000000000,35.29,37.87852
2021-07-20T15:00:00.000000000,36.01,37.93293
2021-07-20T16:00:00.000000000,35.99,37.80159
2021-07-20T17:00:00.000000000,35.98,37.96039
2021-07-20T18:00:00.000000000,35.12,37.89955
2021-07-20T19:00:00.000000000,34.61,37.74423
2021-07-20T20:00:00.000000000,34.57,37.59341
2021-07-20T21:00:00.000000000,34.46,37.34961
2021-07-20T22:00:00.000000000,34.99,37.36719
2021-07-20T23:00:00.000000000,37.1,37.24274
2021-07-18T00:00:00.000000000,37.67,38.36935
2021-07-18T01:00:00.000000000,37.01,39.36981
2021-07-18T02:00:00.000000000,37.8,39.35619
2021-07-18T03:00:00.000000000,38.46,39.36781
2021-07-18T04:00:00.000000000,38.83,38.89195
2021-07-18T05:00:00.000000000,39.97,38.08616
2021-07-18T06:00:00.000000000,42.19,37.54175
2021-07-18T07:00:00.000000000,41.69,37.40011
2021-07-18T08:00:00.000000000,42.28,37.71724
2021-07-18T09:00:00.000000000,41.9,38.39791
2021-07-18T10:00:00.000000000,43.59,39.18343
2021-07-18T11:00:00.000000000,44.23,40.51777
2021-07-18T12:00:00.000000000,44.98,41.46571
2021-07-18T13:00:00.000000000,44.38,42.09188
2021-07-18T14:00:00.000000000,43.85,42.41352
2021-07-18T15:00:00.000000000,42.94,42.13488
2021-07-18T16:00:00.000000000,41.22,41.40363
2021-07-18T17:00:00.000000000,36.12,40.25507
2021-07-18T18:00:00.000000000,35.34,39.08143
2021-07-18T19:00:00.000000000,35.14,37.97993
2021-07-18T20:00:00.000000000,34.59,37.10672
2021-07-18T21:00:00.000000000,34.81,36.86551
2021-07-18T22:00:00.000000000,35.49,37.19569
2021-07-18T23:00:00.000000000,35.79,37.71574
2021-07-19T00:00:00.000000000,35.57,38.97413
2021-07-19T01:00:00.000000000,35.77,39.74871
2021-07-19T02:00:00.000000000,35.98,39.62623
2021-07-19T03:00:00.000000000,35.46,39.60106
2021-07-19T04:00:00.000000000,34.84,39.15778
2021-07-19T05:00:00.000000000,35.53,38.33297
2021-07-19T06:00:00.000000000,37.02,37.84479
2021-07-19T07:00:00.000000000,38.91,37.73093
2021-07-19T08:00:00.000000000,39.84,37.88246
2021-07-19T09:00:00.000000000,40.16,38.44769
2021-07-19T10:00:00.000000000,40.95,38.87783
2021-07-19T11:00:00.000000000,40.94,40.00751
2021-07-19T12:00:00.000000000,40.25,40.88856
2021-07-19T13:00:00.000000000,40.27,41.4
2021-07-19T14:00:00.000000000,40.1,41.69858
2021-07-19T15:00:00.000000000,39.51,41.51495
2021-07-19T16:00:00.000000000,38.64,40.91963
2021-07-19T17:00:00.000000000,38.06,40.13363
2021-07-19T18:00:00.000000000,36.71,39.26268
2021-07-19T19:00:00.000000000,36.09,38.47869
2021-07-19T20:00:00.000000000,34.99,37.83121
2021-07-19T21:00:00.000000000,34.28,37.62407
2021-07-19T22:00:00.000000000,34.41,37.96932
2021-07-19T23:00:00.000000000,35.09,38.45186
2021-07-20T00:00:00.000000000,33.96,37.57158
2021-07-20T01:00:00.000000000,33.88,38.22662
2021-07-20T02:00:00.000000000,33.92,38.1346
2021-07-20T03:00:00.000000000,34.58,38.29382
2021-07-20T04:00:00.000000000,33.18,38.14181
2021-07-20T05:00:00.000000000,32.17,37.67278
2021-07-20T06:00:00.000000000,33.1,37.35034
2021-07-20T07:00:00.000000000,34.27,37.31537
2021-07-20T08:00:00.000000000,34.51,37.40066
2021-07-20T09:00:00.000000000,34.88,37.69838
2021-07-20T10:00:00.000000000,34.44,37.83528
2021-07-20T11:00:00.000000000,34.83,38.52881
2021-07-20T12:00:00.000000000,35.43,39.06867
2021-07-20T13:00:00.000000000,35.23,39.39415
2021-07-20T14:00:00.000000000,35.29,39.69592
2021-07-20T15:00:00.000000000,36.01,39.71471
2021-07-20T16:00:00.000000000,35.99,39.40496
2021-07-20T17:00:00.000000000,35.98,39.05703
2021-07-20T18:00:00.000000000,35.12,38.51325
2021-07-20T19:00:00.000000000,34.61,37.93344
2021-07-20T20:00:00.000000000,34.57,37.44385
2021-07-20T21:00:00.000000000,34.46,37.13281
2021-07-20T22:00:00.000000000,34.99,37.27911
2021-07-20T23:00:00.000000000,37.1,37.45696
2021-07-21T00:00:00.000000000,37.43,36.57256
2021-07-21T01:00:00.000000000,37.89,36.97194
2021-07-21T02:00:00.000000000,38.15,36.7555
2021-07-21T03:00:00.000000000,38.13,37.01889
2021-07-21T04:00:00.000000000,37.01,37.1209
2021-07-21T05:00:00.000000000,37.15,36.96009
2021-07-21T06:00:00.000000000,38.37,36.95143
2021-07-21T07:00:00.000000000,39.86,37.15704
2021-07-21T08:00:00.000000000,41.04,37.38003
2021-07-21T09:00:00.000000000,41.23,37.61684
2021-07-21T10:00:00.000000000,42.16,37.52717
2021-07-21T11:00:00.000000000,42.6,37.83927
2021-07-21T12:00:00.000000000,41.98,37.97406
2021-07-21T13:00:00.000000000,41.41,37.97963
2021-07-21T14:00:00.000000000,40.88,38.08403
2021-07-21T15:00:00.000000000,40.27,38.07213
2021-07-21T16:00:00.000000000,40.02,37.85649
2021-07-21T17:00:00.000000000,39.74,37.8567
2021-07-21T18:00:00.000000000,39.0,37.66662
2021-07-21T19:00:00.000000000,37.76,37.39284
2021-07-21T20:00:00.000000000,37.3,37.16287
2021-07-21T21:00:00.000000000,37.33,36.90298
2021-07-21T22:00:00.000000000,37.08,36.95674
2021-07-21T23:00:00.000000000,40.01,36.90514
2021-07-19T00:00:00.000000000,35.57,37.23171
2021-07-19T01:00:00.000000000,35.77,37.93946
2021-07-19T02:00:00.000000000,35.98,37.94077
2021-07-19T03:00:00.000000000,35.46,38.35555
2021-07-19T04:00:00.000000000,34.84,38.64865
2021-07-19T05:00:00.000000000,35.53,38.63709
2021-07-19T06:00:00.000000000,37.02,39.01725
2021-07-19T07:00:00.000000000,38.91,39.42864
2021-07-19T08:00:00.000000000,39.84,40.00077
2021-07-19T09:00:00.000000000,40.16,40.55723
2021-07-19T10:00:00.000000000,40.95,40.65821
2021-07-19T11:00:00.000000000,40.94,41.17074
2021-07-19T12:00:00.000000000,40.25,41.0226
2021-07-19T13:00:00.000000000,40.27,40.67598
2021-07-19T14:00:00.000000000,40.1,40.35887
2021-07-19T15:00:00.000000000,39.51,39.78181
2021-07-19T16:00:00.000000000,38.64,39.07776
2021-07-19T17:00:00.000000000,38.06,38.38728
2021-07-19T18:00:00.000000000,36.71,37.81062
2021-07-19T19:00:00.000000000,36.09,37.23436
2021-07-19T20:00:00.000000000,34.99,36.79589
2021-07-19T21:00:00.000000000,34.28,36.64667
2021-07-19T22:00:00.000000000,34.41,36.83462
2021-07-19T23:00:00.000000000,35.09,37.08661
2021-07-20T00:00:00.000000000,33.96,36.57806
2021-07-20T01:00:00.000000000,33.88,36.95722
2021-07-20T02:00:00.000000000,33.92,36.72106
2021-07-20T03:00:00.000000000,34.58,37.01346
2021-07-20T04:00:00.000000000,33.18,37.18446
2021-07-20T05:00:00.000000000,32.17,37.08014
2021-07-20T06:00:00.000000000,33.1,37.20062
2021-07-20T07:00:00.000000000,34.27,37.52826
2021-07-20T08:00:00.000000000,34.51,37.88217
2021-07-20T09:00:00.000000000,34.88,38.22821
2021-07-20T10:00:00.000000000,34.44,38.19905
2021-07-20T11:00:00.000000000,34.83,38.53117
2021-07-20T12:00:00.000000000,35.43,38.58182
2021-07-20T13:00:00.000000000,35.23,38.48631
2021-07-20T14:00:00.000000000,35.29,38.46342
2021-07-20T15:00:00.000000000,36.01,38.2708
2021-07-20T16:00:00.000000000,35.99,37.94634
2021-07-20T17:00:00.000000000,35.98,37.82763
2021-07-20T18:00:00.000000000,35.12,37.62085
2021-07-20T19:00:00.000000000,34.61,37.34698
2021-07-20T20:00:00.000000000,34.57,37.13391
2021-07-20T21:00:00.000000000,34.46,36.93844
2021-07-20T22:00:00.000000000,34.99,37.03483
2021-07-20T23:00:00.000000000,37.1,37.01644
2021-07-21T00:00:00.000000000,37.43,36.81138
2021-07-21T01:00:00.000000000,37.89,37.17653
2021-07-21T02:00:00.000000000,38.15,36.96081
2021-07-21T03:00:00.000000000,38.13,37.22451
2021-07-21T04:00:00.000000000,37.01,37.33594
2021-07-21T05:00:00.000000000,37.15,37.19826
2021-07-21T06:00:00.000000000,38.37,37.18407
2021-07-21T07:00:00.000000000,39.86,37.36358
2021-07-21T08:00:00.000000000,41.04,37.52739
2021-07-21T09:00:00.000000000,41.23,37.6867
2021-07-21T10:00:00.000000000,42.16,37.50484
2021-07-21T11:00:00.000000000,42.6,37.73885
2021-07-21T12:00:00.000000000,41.98,37.82867
2021-07-21T13:00:00.000000000,41.41,37.80673
2021-07-21T14:00:00.000000000,40.88,37.9355
2021-07-21T15:00:00.000000000,40.27,38.00089
2021-07-21T16:00:00.000000000,40.02,37.86248
2021-07-21T17:00:00.000000000,39.74,37.97822
2021-07-21T18:00:00.000000000,39.0,37.85994
2021-07-21T19:00:00.000000000,37.76,37.65001
2021-07-21T20:00:00.000000000,37.3,37.44754
2021-07-21T21:00:00.000000000,37.33,37.1615
2021-07-21T22:00:00.000000000,37.08,37.17535
2021-07-21T23:00:00.000000000,40.01,37.07641
2021-07-22T00:00:00.000000000,40.61,36.12676
2021-07-22T01:00:00.000000000,40.51,36.38982
2021-07-22T02:00:00.000000000,40.48,36.14346
2021-07-22T03:00:00.000000000,39.79,36.459
2021-07-22T04:00:00.000000000,38.09,36.63734
2021-07-22T05:00:00.000000000,36.4,36.58489
2021-07-22T06:00:00.000000000,36.98,36.61724
2021-07-22T07:00:00.000000000,37.91,36.87125
2021-07-22T08:00:00.000000000,38.45,37.07669
2021-07-22T09:00:00.000000000,39.06,37.25511
2021-07-22T10:00:00.000000000,38.56,37.11589
2021-07-22T11:00:00.000000000,38.48,37.30094
2021-07-22T12:00:00.000000000,38.58,37.39363
2021-07-22T13:00:00.000000000,38.5,37.40686
2021-07-22T14:00:00.000000000,38.11,37.55854
2021-07-22T15:00:00.000000000,38.09,37.6404
2021-07-22T16:00:00.000000000,37.68,37.54974
2021-07-22T17:00:00.000000000,36.73,37.75433
2021-07-22T18:00:00.000000000,36.01,37.72544
2021-07-22T19:00:00.000000000,35.21,37.53774
2021-07-22T20:00:00.000000000,34.73,37.36897
2021-07-22T21:00:00.000000000,34.46,37.06989
2021-07-22T22:00:00.000000000,34.74,37.01556
2021-07-22T23:00:00.000000000,35.44,36.80168
2021-07-20T00:00:00.000000000,33.96,34.5635
2021-07-20T01:00:00.000000000,33.88,34.81574
2021-07-20T02:00:00.000000000,33.92,34.56002
2021-07-20T03:00:00.000000000,34.58,35.14142
2021-07-20T04:00:00.000000000,33.18,35.70516
2021-07-20T05:00:00.000000000,32.17,35.98784
2021-07-20T06:00:00.000000000,33.1,36.43736
2021-07-20T07:00:00.000000000,34.27,37.04254
2021-07-20T08:00:00.000000000,34.51,37.59952
2021-07-20T09:00:00.000000000,34.88,37.96208
2021-07-20T10:00:00.000000000,34.44,37.80727
2021-07-20T11:00:00.000000000,34.83,37.87349
2021-07-20T12:00:00.000000000,35.43,37.59004
2021-07-20T13:00:00.000000000,35.23,37.28839
2021-07-20T14:00:00.000000000,35.29,37.09845
2021-07-20T15:00:00.000000000,36.01,36.81716
2021-07-20T16:00:00.000000000,35.99,36.53809
2021-07-20T17:00:00.000000000,35.98,36.61647
2021-07-20T18:00:00.000000000,35.12,36.6275
2021-07-20T19:00:00.000000000,34.61,36.43779
2021-07-20T20:00:00.000000000,34.57,36.29536
2021-07-20T21:00:00.000000000,34.46,36.02429
2021-07-20T22:00:00.000000000,34.99,35.95153
2021-07-20T23:00:00.000000000,37.1,35.69039
2021-07-21T00:00:00.000000000,37.43,36.15427
2021-07-21T01:00:00.000000000,37.89,36.54369
2021-07-21T02:00:00.000000000,38.15,36.36703
2021-07-21T03:00:00.000000000,38.13,36.7233
2021-07-21T04:00:00.000000000,37.01,36.91999
2021-07-21T05:00:00.000000000,37.15,36.84844
2021-07-21T06:00:00.000000000,38.37,36.85574
2021-07-21T07:00:00.000000000,39.86,37.05761
2021-07-21T08:00:00.000000000,41.04,37.22897
2021-07-21T09:00:00.000000000,41.23,37.38172
2021-07-21T10:00:00.000000000,42.16,37.20006
2021-07-21T11:00:00.000000000,42.6,37.42312
2021-07-21T12:00:00.000000000,41.98,37.52056
2021-07-21T13:00:00.000000000,41.41,37.53373
2021-07-21T14:00:00.000000000,40.88,37.68684
2021-07-21T15:00:00.000000000,40.27,37.7756
2021-07-21T16:00:00.000000000,40.02,37.66179
2021-07-21T17:00:00.000000000,39.74,37.78746
2021-07-21T18:00:00.000000000,39.0,37.66042
2021-07-21T19:00:00.000000000,37.76,37.39301
2021-07-21T20:00:00.000000000,37.3,37.14725
2021-07-21T21:00:00.000000000,37.33,36.79645
2021-07-21T22:00:00.000000000,37.08,36.75476
2021-07-21T23:00:00.000000000,40.01,36.60308
2021-07-22T00:00:00.000000000,40.61,36.08624
2021-07-22T01:00:00.000000000,40.51,36.28649
2021-07-22T02:00:00.000000000,40.48,36.01194
2021-07-22T03:00:00.000000000,39.79,36.29934
2021-07-22T04:00:00.000000000,38.09,36.44628
2021-07-22T05:00:00.000000000,36.4,36.38745
2021-07-22T06:00:00.000000000,36.98,36.39864
2021-07-22T07:00:00.000000000,37.91,36.66356
2021-07-22T08:00:00.000000000,38.45,36.87615
2021-07-22T09:00:00.000000000,39.06,37.0722
2021-07-22T10:00:00.000000000,38.56,37.0017
2021-07-22T11:00:00.000000000,38.48,37.19927
2021-07-22T12:00:00.000000000,38.58,37.34154
2021-07-22T13:00:00.000000000,38.5,37.40868
2021-07-22T14:00:00.000000000,38.11,37.59706
2021-07-22T15:00:00.000000000,38.09,37.69078
2021-07-22T16:00:00.000000000,37.68,37.62118
2021-07-22T17:00:00.000000000,36.73,37.85044
2021-07-22T18:00:00.000000000,36.01,37.85587
2021-07-22T19:00:00.000000000,35.21,37.6802
2021-07-22T20:00:00.000000000,34.73,37.53096
2021-07-22T21:00:00.000000000,34.46,37.24926
2021-07-22T22:00:00.000000000,34.74,37.18144
2021-07-22T23:00:00.000000000,35.44,36.93143
2021-07-23T00:00:00.000000000,36.59,36.7157
2021-07-23T01:00:00.000000000,37.02,36.72761
2021-07-23T02:00:00.000000000,37.25,36.25756
2021-07-23T03:00:00.000000000,37.49,36.38507
2021-07-23T04:00:00.000000000,33.19,36.45505
2021-07-23T05:00:00.000000000,32.52,36.35022
2021-07-23T06:00:00.000000000,33.46,36.49105
2021-07-23T07:00:00.000000000,34.9,36.94911
2021-07-23T08:00:00.000000000,35.72,37.41134
2021-07-23T09:00:00.000000000,38.49,37.84892
2021-07-23T10:00:00.000000000,38.91,37.95409
2021-07-23T11:00:00.000000000,39.02,38.22612
2021-07-23T12:00:00.000000000,39.34,38.3003
2021-07-23T13:00:00.000000000,39.32,38.26166
2021-07-23T14:00:00.000000000,38.19,38.25789
2021-07-23T15:00:00.000000000,37.94,38.08566
2021-07-23T16:00:00.000000000,37.86,37.83886
2021-07-23T17:00:00.000000000,37.85,37.96607
2021-07-23T18:00:00.000000000,37.07,38.03123
2021-07-23T19:00:00.000000000,36.29,37.98181
2021-07-23T20:00:00.000000000,35.07,37.96117
2021-07-23T21:00:00.000000000,35.04,37.88058
2021-07-23T22:00:00.000000000,35.15,37.92276
2021-07-23T23:00:00.000000000,36.17,37.72229
2021-07-21T00:00:00.000000000,37.43,35.52617
2021-07-21T01:00:00.000000000,37.89,36.27211
2021-07-21T02:00:00.000000000,38.15,36.34448
2021-07-21T03:00:00.000000000,38.13,36.80685
2021-07-21T04:00:00.000000000,37.01,37.02386
2021-07-21T05:00:00.000000000,37.15,36.91531
2021-07-21T06:00:00.000000000,38.37,36.81385
2021-07-21T07:00:00.000000000,39.86,36.83639
2021-07-21T08:00:00.000000000,41.04,36.9246
2021-07-21T09:00:00.000000000,41.23,37.03267
2021-07-21T10:00:00.000000000,42.16,36.86868
2021-07-21T11:00:00.000000000,42.6,37.22158
2021-07-21T12:00:00.000000000,41.98,37.41493
2021-07-21T13:00:00.000000000,41.41,37.53343
2021-07-21T14:00:00.000000000,40.88,37.75936
2021-07-21T15:00:00.000000000,40.27,37.90938
2021-07-21T16:00:00.000000000,40.02,37.70669
2021-07-21T17:00:00.000000000,39.74,37.62496
2021-07-21T18:00:00.000000000,39.0,37.19436
2021-07-21T19:00:00.000000000,37.76,36.64212
2021-07-21T20:00:00.000000000,37.3,36.16969
2021-07-21T21:00:00.000000000,37.33,35.66791
2021-07-21T22:00:00.000000000,37.08,35.61937
2021-07-21T23:00:00.000000000,40.01,35.61739
2021-07-22T00:00:00.000000000,40.61,35.32492
2021-07-22T01:00:00.000000000,40.51,35.70531
2021-07-22T02:00:00.000000000,40.48,35.55306
2021-07-22T03:00:00.000000000,39.79,36.00734
2021-07-22T04:00:00.000000000,38.09,36.29868
2021-07-22T05:00:00.000000000,36.4,36.3118
2021-07-22T06:00:00.000000000,36.98,36.35357
2021-07-22T07:00:00.000000000,37.91,36.59916
2021-07-22T08:00:00.000000000,38.45,36.79336
2021-07-22T09:00:00.000000000,39.06,36.95159
2021-07-22T10:00:00.000000000,38.56,36.78951
2021-07-22T11:00:00.000000000,38.48,36.99081
2021-07-22T12:00:00.000000000,38.58,37.09959
2021-07-22T13:00:00.000000000,38.5,37.15757
2021-07-22T14:00:00.000000000,38.11,37.33848
2021-07-22T15:00:00.000000000,38.09,37.45059
2021-07-22T16:00:00.000000000,37.68,37.36796
2021-07-22T17:00:00.000000000,36.73,37.52662
2021-07-22T18:00:00.000000000,36.01,37.41759
2021-07-22T19:00:00.000000000,35.21,37.10285
2021-07-22T20:00:00.000000000,34.73,36.82887
2021-07-22T21:00:00.000000000,34.46,36.41858
2021-07-22T22:00:00.000000000,34.74,36.3077
2021-07-22T23:00:00.000000000,35.44,36.07483
2021-07-23T00:00:00.000000000,36.59,37.00461
2021-07-23T01:00:00.000000000,37.02,37.34982
2021-07-23T02:00:00.000000000,37.25,37.14127
2021-07-23T03:00:00.000000000,37.49,37.33768
2021-07-23T04:00:00.000000000,33.19,37.30553
2021-07-23T05:00:00.000000000,32.52,37.02712
2021-07-23T06:00:00.000000000,33.46,36.85597
2021-07-23T07:00:00.000000000,34.9,36.96591
2021-07-23T08:00:00.000000000,35.72,37.07025
2021-07-23T09:00:00.000000000,38.49,37.29578
2021-07-23T10:00:00.000000000,38.91,37.32805
2021-07-23T11:00:00.000000000,39.02,37.75198
2021-07-23T12:00:00.000000000,39.34,38.13488
2021-07-23T13:00:00.000000000,39.32,38.364
2021-07-23T14:00:00.000000000,38.19,38.651
2021-07-23T15:00:00.000000000,37.94,38.74723
2021-07-23T16:00:00.000000000,37.86,38.60571
2021-07-23T17:00:00.000000000,37.85,38.62594
2021-07-23T18:00:00.000000000,37.07,38.42546
2021-07-23T19:00:00.000000000,36.29,38.10422
2021-07-23T20:00:00.000000000,35.07,37.82989
2021-07-23T21:00:00.000000000,35.04,37.54713
2021-07-23T22:00:00.000000000,35.15,37.57092
2021-07-23T23:00:00.000000000,36.17,37.50243
2021-07-24T00:00:00.000000000,36.54,37.92832
2021-07-24T01:00:00.000000000,36.84,38.1942
2021-07-24T02:00:00.000000000,37.27,37.81792
2021-07-24T03:00:00.000000000,38.33,37.84538
2021-07-24T04:00:00.000000000,37.91,37.7143
2021-07-24T05:00:00.000000000,37.97,37.33368
2021-07-24T06:00:00.000000000,37.68,37.27863
2021-07-24T07:00:00.000000000,37.85,37.55371
2021-07-24T08:00:00.000000000,38.34,37.93453
2021-07-24T09:00:00.000000000,38.77,38.44194
2021-07-24T10:00:00.000000000,38.89,38.64241
2021-07-24T11:00:00.000000000,39.06,39.21767
2021-07-24T12:00:00.000000000,38.99,39.52733
2021-07-24T13:00:00.000000000,39.03,39.61967
2021-07-24T14:00:00.000000000,38.48,39.66404
2021-07-24T15:00:00.000000000,38.25,39.4302
2021-07-24T16:00:00.000000000,37.93,39.02146
2021-07-24T17:00:00.000000000,37.32,38.808
2021-07-24T18:00:00.000000000,36.6,38.55127
2021-07-24T19:00:00.000000000,36.18,38.28992
2021-07-24T20:00:00.000000000,35.65,38.07901
2021-07-24T21:00:00.000000000,35.3,37.99799
2021-07-24T22:00:00.000000000,35.3,38.19013
2021-07-24T23:00:00.000000000,38.12,38.27181
2021-07-22T00:00:00.000000000,40.61,37.87798
2021-07-22T01:00:00.000000000,40.51,37.98806
2021-07-22T02:00:00.000000000,40.48,37.5334
2021-07-22T03:00:00.000000000,39.79,37.65788
2021-07-22T04:00:00.000000000,38.09,37.83154
2021-07-22T05:00:00.000000000,36.4,37.78604
2021-07-22T06:00:00.000000000,36.98,38.19363
2021-07-22T07:00:00.000000000,37.91,38.79122
2021-07-22T08:00:00.000000000,38.45,39.41739
2021-07-22T09:00:00.000000000,39.06,39.94319
2021-07-22T10:00:00.000000000,38.56,39.919
2021-07-22T11:00:00.000000000,38.48,40.1381
2021-07-22T12:00:00.000000000,38.58,39.8607
2021-07-22T13:00:00.000000000,38.5,39.39602
2021-07-22T14:00:00.000000000,38.11,39.03537
2021-07-22T15:00:00.000000000,38.09,38.5099
2021-07-22T16:00:00.000000000,37.68,38.01738
2021-07-22T17:00:00.000000000,36.73,37.89168
2021-07-22T18:00:00.000000000,36.01,37.87431
2021-07-22T19:00:00.000000000,35.21,37.91061
2021-07-22T20:00:00.000000000,34.73,37.96298
2021-07-22T21:00:00.000000000,34.46,38.04304
2021-07-22T22:00:00.000000000,34.74,38.27429
2021-07-22T23:00:00.000000000,35.44,38.28996
2021-07-23T00:00:00.000000000,36.59,39.64556
2021-07-23T01:00:00.000000000,37.02,39.98016
2021-07-23T02:00:00.000000000,37.25,39.63372
2021-07-23T03:00:00.000000000,37.49,39.5484
2021-07-23T04:00:00.000000000,33.19,39.34487
2021-07-23T05:00:00.000000000,32.52,38.88684
2021-07-23T06:00:00.000000000,33.46,38.90582
2021-07-23T07:00:00.000000000,34.9,39.15408
2021-07-23T08:00:00.000000000,35.72,39.52743
2021-07-23T09:00:00.000000000,38.49,40.03506
2021-07-23T10:00:00.000000000,38.91,40.12677
2021-07-23T11:00:00.000000000,39.02,40.68312
2021-07-23T12:00:00.000000000,39.34,40.83009
2021-07-23T13:00:00.000000000,39.32,40.66346
2021-07-23T14:00:00.000000000,38.19,40.52649
2021-07-23T15:00:00.000000000,37.94,40.11878
2021-07-23T16:00:00.000000000,37.86,39.57257
2021-07-23T17:00:00.000000000,37.85,39.20751
2021-07-23T18:00:00.000000000,37.07,38.89542
2021-07-23T19:00:00.000000000,36.29,38.73095
2021-07-23T20:00:00.000000000,35.07,38.60413
2021-07-23T21:00:00.000000000,35.04,38.68329
2021-07-23T22:00:00.000000000,35.15,39.0502
2021-07-23T23:00:00.000000000,36.17,39.34107
2021-07-24T00:00:00.000000000,36.54,40.89257
2021-07-24T01:00:00.000000000,36.84,41.47032
2021-07-24T02:00:00.000000000,37.27,41.31124
2021-07-24T03:00:00.000000000,38.33,41.2452
2021-07-24T04:00:00.000000000,37.91,40.97549
2021-07-24T05:00:00.000000000,37.97,40.37024
2021-07-24T06:00:00.000000000,37.68,40.26494
2021-07-24T07:00:00.000000000,37.85,40.33368
2021-07-24T08:00:00.000000000,38.34,40.54457
2021-07-24T09:00:00.000000000,38.77,41.00268
2021-07-24T10:00:00.000000000,38.89,41.05258
2021-07-24T11:00:00.000000000,39.06,41.77697
2021-07-24T12:00:00.000000000,38.99,42.06892
2021-07-24T13:00:00.000000000,39.03,41.9691
2021-07-24T14:00:00.000000000,38.48,41.91773
2021-07-24T15:00:00.000000000,38.25,41.54811
2021-07-24T16:00:00.000000000,37.93,40.95827
2021-07-24T17:00:00.000000000,37.32,40.36725
2021-07-24T18:00:00.000000000,36.6,39.79733
2021-07-24T19:00:00.000000000,36.18,39.43541
2021-07-24T20:00:00.000000000,35.65,39.10734
2021-07-24T21:00:00.000000000,35.3,39.10055
2021-07-24T22:00:00.000000000,35.3,39.49484
2021-07-24T23:00:00.000000000,38.12,39.9505
2021-07-25T00:00:00.000000000,38.53,41.23177
2021-07-25T01:00:00.000000000,38.87,41.70385
2021-07-25T02:00:00.000000000,39.2,41.48465
2021-07-25T03:00:00.000000000,39.8,41.47504
2021-07-25T04:00:00.000000000,38.89,41.33968
2021-07-25T05:00:00.000000000,39.31,40.82537
2021-07-25T06:00:00.000000000,40.04,40.91445
2021-07-25T07:00:00.000000000,39.13,41.23304
2021-07-25T08:00:00.000000000,39.36,41.72147
2021-07-25T09:00:00.000000000,40.33,42.4373
2021-07-25T10:00:00.000000000,40.31,42.65598
2021-07-25T11:00:00.000000000,40.88,43.51076
2021-07-25T12:00:00.000000000,40.03,43.74661
2021-07-25T13:00:00.000000000,41.14,43.63427
2021-07-25T14:00:00.000000000,39.89,43.4687
2021-07-25T15:00:00.000000000,38.61,42.91083
2021-07-25T16:00:00.000000000,37.04,42.21913
2021-07-25T17:00:00.000000000,36.67,41.4778
2021-07-25T18:00:00.000000000,36.01,40.87459
2021-07-25T19:00:00.000000000,35.06,40.43174
2021-07-25T20:00:00.000000000,35.24,39.98702
2021-07-25T21:00:00.000000000,35.38,39.93113
2021-07-25T22:00:00.000000000,35.67,40.20835
2021-07-25T23:00:00.000000000,38.3,40.5541
2021-07-23T00:00:00.000000000,36.59,35.8662
2021-07-23T01:00:00.000000000,37.02,36.17233
2021-07-23T02:00:00.000000000,37.25,35.87861
2021-07-23T03:00:00.000000000,37.49,36.25699
2021-07-23T04:00:00.000000000,33.19,36.54484
2021-07-23T05:00:00.000000000,32.52,36.54142
2021-07-23T06:00:00.000000000,33.46,36.80543
2021-07-23T07:00:00.000000000,34.9,37.32053
2021-07-23T08:00:00.000000000,35.72,37.87197
2021-07-23T09:00:00.000000000,38.49,38.39318
2021-07-23T10:00:00.000000000,38.91,38.49916
2021-07-23T11:00:00.000000000,39.02,38.88148
2021-07-23T12:00:00.000000000,39.34,38.90225
2021-07-23T13:00:00.000000000,39.32,38.80668
2021-07-23T14:00:00.000000000,38.19,38.6887
2021-07-23T15:00:00.000000000,37.94,38.33802
2021-07-23T16:00:00.000000000,37.86,37.9251
2021-07-23T17:00:00.000000000,37.85,37.72913
2021-07-23T18:00:00.000000000,37.07,37.54011
2021-07-23T19:00:00.000000000,36.29,37.22108
2021-07-23T20:00:00.000000000,35.07,36.98553
2021-07-23T21:00:00.000000000,35.04,36.80029
2021-07-23T22:00:00.000000000,35.15,36.85614
2021-07-23T23:00:00.000000000,36.17,36.77477
2021-07-24T00:00:00.000000000,36.54,38.0857
2021-07-24T01:00:00.000000000,36.84,38.49355
2021-07-24T02:00:00.000000000,37.27,38.25093
2021-07-24T03:00:00.000000000,38.33,38.38903
2021-07-24T04:00:00.000000000,37.91,38.37853
2021-07-24T05:00:00.000000000,37.97,38.06954
2021-07-24T06:00:00.000000000,37.68,38.1168
2021-07-24T07:00:00.000000000,37.85,38.38533
2021-07-24T08:00:00.000000000,38.34,38.7164
2021-07-24T09:00:00.000000000,38.77,39.16879
2021-07-24T10:00:00.000000000,38.89,39.23461
2021-07-24T11:00:00.000000000,39.06,39.7449
2021-07-24T12:00:00.000000000,38.99,39.92969
2021-07-24T13:00:00.000000000,39.03,39.86207
2021-07-24T14:00:00.000000000,38.48,39.82071
2021-07-24T15:00:00.000000000,38.25,39.51678
2021-07-24T16:00:00.000000000,37.93,39.05878
2021-07-24T17:00:00.000000000,37.32,38.75246
2021-07-24T18:00:00.000000000,36.6,38.42409
2021-07-24T19:00:00.000000000,36.18,38.12979
2021-07-24T20:00:00.000000000,35.65,37.8996
2021-07-24T21:00:00.000000000,35.3,37.81377
2021-07-24T22:00:00.000000000,35.3,38.04026
2021-07-24T23:00:00.000000000,38.12,38.20444
2021-07-25T00:00:00.000000000,38.53,40.0884
2021-07-25T01:00:00.000000000,38.87,40.71929
2021-07-25T02:00:00.000000000,39.2,40.6443
2021-07-25T03:00:00.000000000,39.8,40.77034
2021-07-25T04:00:00.000000000,38.89,40.7031
2021-07-25T05:00:00.000000000,39.31,40.2406
2021-07-25T06:00:00.000000000,40.04,40.23223
2021-07-25T07:00:00.000000000,39.13,40.38487
2021-07-25T08:00:00.000000000,39.36,40.63192
2021-07-25T09:00:00.000000000,40.33,41.10958
2021-07-25T10:00:00.000000000,40.31,41.14392
2021-07-25T11:00:00.000000000,40.88,41.8625
2021-07-25T12:00:00.000000000,40.03,42.12847
2021-07-25T13:00:00.000000000,41.14,42.05095
2021-07-25T14:00:00.000000000,39.89,42.01238
2021-07-25T15:00:00.000000000,38.61,41.64485
2021-07-25T16:00:00.000000000,37.04,41.08185
2021-07-25T17:00:00.000000000,36.67,40.46768
2021-07-25T18:00:00.000000000,36.01,39.85991
2021-07-25T19:00:00.000000000,35.06,39.37743
2021-07-25T20:00:00.000000000,35.24,38.92846
2021-07-25T21:00:00.000000000,35.38,38.78662
2021-07-25T22:00:00.000000000,35.67,39.05202
2021-07-25T23:00:00.000000000,38.3,39.4063
2021-07-26T00:00:00.000000000,39.81,40.02314
2021-07-26T01:00:00.000000000,41.3,40.53793
2021-07-26T02:00:00.000000000,41.78,40.30989
2021-07-26T03:00:00.000000000,41.46,40.34148
2021-07-26T04:00:00.000000000,39.39,40.22709
2021-07-26T05:00:00.000000000,39.35,39.74217
2021-07-26T06:00:00.000000000,38.52,39.82731
2021-07-26T07:00:00.000000000,39.52,40.14504
2021-07-26T08:00:00.000000000,39.91,40.63937
2021-07-26T09:00:00.000000000,40.11,41.34953
2021-07-26T10:00:00.000000000,40.28,41.57994
2021-07-26T11:00:00.000000000,40.22,42.39862
2021-07-26T12:00:00.000000000,40.44,42.64188
2021-07-26T13:00:00.000000000,40.01,42.53283
2021-07-26T14:00:00.000000000,39.1,42.34709
2021-07-26T15:00:00.000000000,40.06,41.76788
2021-07-26T16:00:00.000000000,40.42,41.03443
2021-07-26T17:00:00.000000000,40.41,40.30224
2021-07-26T18:00:00.000000000,39.73,39.70109
2021-07-26T19:00:00.000000000,38.38,39.25023
2021-07-26T20:00:00.000000000,38.54,38.85403
2021-07-26T21:00:00.000000000,38.67,38.83567
2021-07-26T22:00:00.000000000,38.49,39.17518
2021-07-26T23:00:00.000000000,39.83,39.55959
2021-07-24T00:00:00.000000000,36.54,36.65986
2021-07-24T01:00:00.000000000,36.84,36.82086
2021-07-24T02:00:00.000000000,37.27,36.23853
2021-07-24T03:00:00.000000000,38.33,36.31076
2021-07-24T04:00:00.000000000,37.91,36.32647
2021-07-24T05:00:00.000000000,37.97,36.11828
2021-07-24T06:00:00.000000000,37.68,36.38717
2021-07-24T07:00:00.000000000,37.85,37.05825
2021-07-24T08:00:00.000000000,38.34,37.97996
2021-07-24T09:00:00.000000000,38.77,38.86222
2021-07-24T10:00:00.000000000,38.89,39.35007
2021-07-24T11:00:00.000000000,39.06,39.97617
2021-07-24T12:00:00.000000000,38.99,40.02535
2021-07-24T13:00:00.000000000,39.03,39.9001
2021-07-24T14:00:00.000000000,38.48,39.55474
2021-07-24T15:00:00.000000000,38.25,38.82
2021-07-24T16:00:00.000000000,37.93,38.092
2021-07-24T17:00:00.000000000,37.32,37.60848
2021-07-24T18:00:00.000000000,36.6,37.36416
2021-07-24T19:00:00.000000000,36.18,37.12145
2021-07-24T20:00:00.000000000,35.65,36.99863
2021-07-24T21:00:00.000000000,35.3,37.126
2021-07-24T22:00:00.000000000,35.3,37.44155
2021-07-24T23:00:00.000000000,38.12,37.54848
2021-07-25T00:00:00.000000000,38.53,39.33086
2021-07-25T01:00:00.000000000,38.87,39.76341
2021-07-25T02:00:00.000000000,39.2,39.44378
2021-07-25T03:00:00.000000000,39.8,39.42129
2021-07-25T04:00:00.000000000,38.89,39.27071
2021-07-25T05:00:00.000000000,39.31,38.803
2021-07-25T06:00:00.000000000,40.04,38.89554
2021-07-25T07:00:00.000000000,39.13,39.24587
2021-07-25T08:00:00.000000000,39.36,39.78776
2021-07-25T09:00:00.000000000,40.33,40.50723
2021-07-25T10:00:00.000000000,40.31,40.7731
2021-07-25T11:00:00.000000000,40.88,41.51942
2021-07-25T12:00:00.000000000,40.03,41.72331
2021-07-25T13:00:00.000000000,41.14,41.58989
2021-07-25T14:00:00.000000000,39.89,41.36648
2021-07-25T15:00:00.000000000,38.61,40.76484
2021-07-25T16:00:00.000000000,37.04,40.02637
2021-07-25T17:00:00.000000000,36.67,39.3818
2021-07-25T18:00:00.000000000,36.01,38.88458
2021-07-25T19:00:00.000000000,35.06,38.53861
2021-07-25T20:00:00.000000000,35.24,38.27679
2021-07-25T21:00:00.000000000,35.38,38.35099
2021-07-25T22:00:00.000000000,35.67,38.74931
2021-07-25T23:00:00.000000000,38.3,39.12162
2021-07-26T00:00:00.000000000,39.81,40.42403
2021-07-26T01:00:00.000000000,41.3,41.03667
2021-07-26T02:00:00.000000000,41.78,40.88649
2021-07-26T03:00:00.000000000,41.46,40.89286
2021-07-26T04:00:00.000000000,39.39,40.72482
2021-07-26T05:00:00.000000000,39.35,40.18869
2021-07-26T06:00:00.000000000,38.52,40.218
2021-07-26T07:00:00.000000000,39.52,40.41765
2021-07-26T08:00:00.000000000,39.91,40.78884
2021-07-26T09:00:00.000000000,40.11,41.39589
2021-07-26T10:00:00.000000000,40.28,41.53296
2021-07-26T11:00:00.000000000,40.22,42.3157
2021-07-26T12:00:00.000000000,40.44,42.55045
2021-07-26T13:00:00.000000000,40.01,42.38468
2021-07-26T14:00:00.000000000,39.1,42.21079
2021-07-26T15:00:00.000000000,40.06,41.66483
2021-07-26T16:00:00.000000000,40.42,40.93026
2021-07-26T17:00:00.000000000,40.41,40.17638
2021-07-26T18:00:00.000000000,39.73,39.527
2021-07-26T19:00:00.000000000,38.38,39.08432
2021-07-26T20:00:00.000000000,38.54,38.71082
2021-07-26T21:00:00.000000000,38.67,38.72869
2021-07-26T22:00:00.000000000,38.49,39.14217
2021-07-26T23:00:00.000000000,39.83,39.62707
2021-07-27T00:00:00.000000000,40.81,40.34902
2021-07-27T01:00:00.000000000,40.79,40.65386
2021-07-27T02:00:00.000000000,41.33,40.15643
2021-07-27T03:00:00.000000000,41.57,39.85409
2021-07-27T04:00:00.000000000,40.35,39.41196
2021-07-27T05:00:00.000000000,38.91,38.71456
2021-07-27T06:00:00.000000000,38.9,38.66033
2021-07-27T07:00:00.000000000,40.76,38.97115
2021-07-27T08:00:00.000000000,41.72,39.58156
2021-07-27T09:00:00.000000000,41.79,40.4206
2021-07-27T10:00:00.000000000,41.36,40.87202
2021-07-27T11:00:00.000000000,42.0,41.77027
2021-07-27T12:00:00.000000000,41.53,42.11804
2021-07-27T13:00:00.000000000,40.65,42.08303
2021-07-27T14:00:00.000000000,40.21,41.86939
2021-07-27T15:00:00.000000000,41.04,41.22327
2021-07-27T16:00:00.000000000,41.36,40.40774
2021-07-27T17:00:00.000000000,41.25,39.72238
2021-07-27T18:00:00.000000000,40.63,39.22985
2021-07-27T19:00:00.000000000,40.76,38.96853
2021-07-27T20:00:00.000000000,40.14,38.78336
2021-07-27T21:00:00.000000000,39.31,39.00091
2021-07-27T22:00:00.000000000,39.1,39.52365
2021-07-27T23:00:00.000000000,40.02,39.98489
2021-07-25T00:00:00.000000000,38.53,38.25635
2021-07-25T01:00:00.000000000,38.87,38.93336
2021-07-25T02:00:00.000000000,39.2,38.94933
2021-07-25T03:00:00.000000000,39.8,39.35218
2021-07-25T04:00:00.000000000,38.89,39.60331
2021-07-25T05:00:00.000000000,39.31,39.4441
2021-07-25T06:00:00.000000000,40.04,39.64333
2021-07-25T07:00:00.000000000,39.13,39.91431
2021-07-25T08:00:00.000000000,39.36,40.18704
2021-07-25T09:00:00.000000000,40.33,40.56718
2021-07-25T10:00:00.000000000,40.31,40.44034
2021-07-25T11:00:00.000000000,40.88,40.92426
2021-07-25T12:00:00.000000000,40.03,40.96266
2021-07-25T13:00:00.000000000,41.14,40.73282
2021-07-25T14:00:00.000000000,39.89,40.61573
2021-07-25T15:00:00.000000000,38.61,40.2542
2021-07-25T16:00:00.000000000,37.04,39.75206
2021-07-25T17:00:00.000000000,36.67,39.25514
2021-07-25T18:00:00.000000000,36.01,38.73799
2021-07-25T19:00:00.000000000,35.06,38.25159
2021-07-25T20:00:00.000000000,35.24,37.82685
2021-07-25T21:00:00.000000000,35.38,37.59763
2021-07-25T22:00:00.000000000,35.67,37.7617
2021-07-25T23:00:00.000000000,38.3,37.98384
2021-07-26T00:00:00.000000000,39.81,39.71156
2021-07-26T01:00:00.000000000,41.3,40.35222
2021-07-26T02:00:00.000000000,41.78,40.3148
2021-07-26T03:00:00.000000000,41.46,40.53154
2021-07-26T04:00:00.000000000,39.39,40.60786
2021-07-26T05:00:00.000000000,39.35,40.29806
2021-07-26T06:00:00.000000000,38.52,40.43936
2021-07-26T07:00:00.000000000,39.52,40.65319
2021-07-26T08:00:00.000000000,39.91,40.90542
2021-07-26T09:00:00.000000000,40.11,41.30394
2021-07-26T10:00:00.000000000,40.28,41.18686
2021-07-26T11:00:00.000000000,40.22,41.71733
2021-07-26T12:00:00.000000000,40.44,41.76547
2021-07-26T13:00:00.000000000,40.01,41.47357
2021-07-26T14:00:00.000000000,39.1,41.31647
2021-07-26T15:00:00.000000000,40.06,40.89493
2021-07-26T16:00:00.000000000,40.42,40.33078
2021-07-26T17:00:00.000000000,40.41,39.78103
2021-07-26T18:00:00.000000000,39.73,39.24807
2021-07-26T19:00:00.000000000,38.38,38.85786
2021-07-26T20:00:00.000000000,38.54,38.50725
2021-07-26T21:00:00.000000000,38.67,38.40658
2021-07-26T22:00:00.000000000,38.49,38.69198
2021-07-26T23:00:00.000000000,39.83,39.03449
2021-07-27T00:00:00.000000000,40.81,40.83261
2021-07-27T01:00:00.000000000,40.79,41.3965
2021-07-27T02:00:00.000000000,41.33,41.23422
2021-07-27T03:00:00.000000000,41.57,41.18421
2021-07-27T04:00:00.000000000,40.35,40.9664
2021-07-27T05:00:00.000000000,38.91,40.41962
2021-07-27T06:00:00.000000000,38.9,40.39443
2021-07-27T07:00:00.000000000,40.76,40.50947
2021-07-27T08:00:00.000000000,41.72,40.74826
2021-07-27T09:00:00.000000000,41.79,41.19808
2021-07-27T10:00:00.000000000,41.36,41.20012
2021-07-27T11:00:00.000000000,42.0,41.84857
2021-07-27T12:00:00.000000000,41.53,42.03497
2021-07-27T13:00:00.000000000,40.65,41.82379
2021-07-27T14:00:00.000000000,40.21,41.69953
2021-07-27T15:00:00.000000000,41.04,41.27642
2021-07-27T16:00:00.000000000,41.36,40.66308
2021-07-27T17:00:00.000000000,41.25,40.08736
2021-07-27T18:00:00.000000000,40.63,39.55126
2021-07-27T19:00:00.000000000,40.76,39.24713
2021-07-27T20:00:00.000000000,40.14,38.97818
2021-07-27T21:00:00.000000000,39.31,39.01547
2021-07-27T22:00:00.000000000,39.1,39.43338
2021-07-27T23:00:00.000000000,40.02,39.89197
2021-07-28T00:00:00.000000000,40.53,41.1839
2021-07-28T01:00:00.000000000,40.85,41.50531
2021-07-28T02:00:00.000000000,41.32,41.06245
2021-07-28T03:00:00.000000000,41.95,40.76364
2021-07-28T04:00:00.000000000,40.6,40.36331
2021-07-28T05:00:00.000000000,40.35,39.70107
2021-07-28T06:00:00.000000000,40.55,39.71818
2021-07-28T07:00:00.000000000,41.29,40.02661
2021-07-28T08:00:00.000000000,41.43,40.59677
2021-07-28T09:00:00.000000000,41.2,41.37433
2021-07-28T10:00:00.000000000,39.35,41.7045
2021-07-28T11:00:00.000000000,39.07,42.52891
2021-07-28T12:00:00.000000000,39.29,42.75416
2021-07-28T13:00:00.000000000,39.26,42.57504
2021-07-28T14:00:00.000000000,37.38,42.30441
2021-07-28T15:00:00.000000000,38.15,41.64097
2021-07-28T16:00:00.000000000,38.09,40.83234
2021-07-28T17:00:00.000000000,37.96,40.14559
2021-07-28T18:00:00.000000000,37.38,39.66211
2021-07-28T19:00:00.000000000,37.7,39.45236
2021-07-28T20:00:00.000000000,37.77,39.28949
2021-07-28T21:00:00.000000000,37.41,39.51895
2021-07-28T22:00:00.000000000,37.73,40.04385
2021-07-28T23:00:00.000000000,38.72,40.52627
2021-07-26T00:00:00.000000000,39.81,38.71809
2021-07-26T01:00:00.000000000,41.3,39.21604
2021-07-26T02:00:00.000000000,41.78,39.08028
2021-07-26T03:00:00.000000000,41.46,39.3686
2021-07-26T04:00:00.000000000,39.39,39.63196
2021-07-26T05:00:00.000000000,39.35,39.57934
2021-07-26T06:00:00.000000000,38.52,39.99394
2021-07-26T07:00:00.000000000,39.52,40.44455
2021-07-26T08:00:00.000000000,39.91,40.9108
2021-07-26T09:00:00.000000000,40.11,41.34733
2021-07-26T10:00:00.000000000,40.28,41.21044
2021-07-26T11:00:00.000000000,40.22,41.52442
2021-07-26T12:00:00.000000000,40.44,41.24879
2021-07-26T13:00:00.000000000,40.01,40.70559
2021-07-26T14:00:00.000000000,39.1,40.33661
2021-07-26T15:00:00.000000000,40.06,39.77234
2021-07-26T16:00:00.000000000,40.42,39.18606
2021-07-26T17:00:00.000000000,40.41,38.72285
2021-07-26T18:00:00.000000000,39.73,38.37322
2021-07-26T19:00:00.000000000,38.38,38.13423
2021-07-26T20:00:00.000000000,38.54,37.94989
2021-07-26T21:00:00.000000000,38.67,37.93132
2021-07-26T22:00:00.000000000,38.49,38.20391
2021-07-26T23:00:00.000000000,39.83,38.42684
2021-07-27T00:00:00.000000000,40.81,39.11959
2021-07-27T01:00:00.000000000,40.79,39.44214
2021-07-27T02:00:00.000000000,41.33,39.1365
2021-07-27T03:00:00.000000000,41.57,39.20189
2021-07-27T04:00:00.000000000,40.35,39.23123
2021-07-27T05:00:00.000000000,38.91,39.01486
2021-07-27T06:00:00.000000000,38.9,39.25385
2021-07-27T07:00:00.000000000,40.76,39.61801
2021-07-27T08:00:00.000000000,41.72,40.02367
2021-07-27T09:00:00.000000000,41.79,40.42901
2021-07-27T10:00:00.000000000,41.36,40.33655
2021-07-27T11:00:00.000000000,42.0,40.64693
2021-07-27T12:00:00.000000000,41.53,40.4985
2021-07-27T13:00:00.000000000,40.65,40.07709
2021-07-27T14:00:00.000000000,40.21,39.81287
2021-07-27T15:00:00.000000000,41.04,39.37408
2021-07-27T16:00:00.000000000,41.36,38.87365
2021-07-27T17:00:00.000000000,41.25,38.61365
2021-07-27T18:00:00.000000000,40.63,38.40938
2021-07-27T19:00:00.000000000,40.76,38.34539
2021-07-27T20:00:00.000000000,40.14,38.30342
2021-07-27T21:00:00.000000000,39.31,38.36607
2021-07-27T22:00:00.000000000,39.1,38.68072
2021-07-27T23:00:00.000000000,40.02,38.87774
2021-07-28T00:00:00.000000000,40.53,39.4805
2021-07-28T01:00:00.000000000,40.85,39.7681
2021-07-28T02:00:00.000000000,41.32,39.39592
2021-07-28T03:00:00.000000000,41.95,39.31669
2021-07-28T04:00:00.000000000,40.6,39.1626
2021-07-28T05:00:00.000000000,40.35,38.80195
2021-07-28T06:00:00.000000000,40.55,38.88845
2021-07-28T07:00:00.000000000,41.29,39.14877
2021-07-28T08:00:00.000000000,41.43,39.49288
2021-07-28T09:00:00.000000000,41.2,39.88147
2021-07-28T10:00:00.000000000,39.35,39.83787
2021-07-28T11:00:00.000000000,39.07,40.20442
2021-07-28T12:00:00.000000000,39.29,40.18209
2021-07-28T13:00:00.000000000,39.26,39.87099
2021-07-28T14:00:00.000000000,37.38,39.69228
2021-07-28T15:00:00.000000000,38.15,39.34033
2021-07-28T16:00:00.000000000,38.09,38.8672
2021-07-28T17:00:00.000000000,37.96,38.65665
2021-07-28T18:00:00.000000000,37.38,38.46576
2021-07-28T19:00:00.000000000,37.7,38.43715
2021-07-28T20:00:00.000000000,37.77,38.42468
2021-07-28T21:00:00.000000000,37.41,38.5277
2021-07-28T22:00:00.000000000,37.73,38.88476
2021-07-28T23:00:00.000000000,38.72,39.11669
2021-07-29T00:00:00.000000000,38.4,39.78189
2021-07-29T01:00:00.000000000,38.41,39.71805
2021-07-29T02:00:00.000000000,39.05,39.03501
2021-07-29T03:00:00.000000000,38.85,38.72073
2021-07-29T04:00:00.000000000,37.42,38.44597
2021-07-29T05:00:00.000000000,36.37,38.06896
2021-07-29T06:00:00.000000000,34.96,38.23973
2021-07-29T07:00:00.000000000,35.46,38.68466
2021-07-29T08:00:00.000000000,36.76,39.27068
2021-07-29T09:00:00.000000000,40.32,39.82088
2021-07-29T10:00:00.000000000,40.96,39.88141
2021-07-29T11:00:00.000000000,41.73,40.18998
2021-07-29T12:00:00.000000000,42.22,40.04361
2021-07-29T13:00:00.000000000,42.54,39.6354
2021-07-29T14:00:00.000000000,42.04,39.31197
2021-07-29T15:00:00.000000000,40.31,38.83532
2021-07-29T16:00:00.000000000,36.91,38.31553
2021-07-29T17:00:00.000000000,35.77,38.2734
2021-07-29T18:00:00.000000000,37.36,38.33776
2021-07-29T19:00:00.000000000,37.22,38.58991
2021-07-29T20:00:00.000000000,37.02,38.81198
2021-07-29T21:00:00.000000000,37.51,39.11705
2021-07-29T22:00:00.000000000,38.5,39.52488
2021-07-29T23:00:00.000000000,37.31,39.66994
2021-07-27T00:00:00.000000000,40.81,40.24785
2021-07-27T01:00:00.000000000,40.79,40.60599
2021-07-27T02:00:00.000000000,41.33,40.3603
2021-07-27T03:00:00.000000000,41.57,40.36687
2021-07-27T04:00:00.000000000,40.35,40.27562
2021-07-27T05:00:00.000000000,38.91,39.91691
2021-07-27T06:00:00.000000000,38.9,39.97543
2021-07-27T07:00:00.000000000,40.76,40.16783
2021-07-27T08:00:00.000000000,41.72,40.38121
2021-07-27T09:00:00.000000000,41.79,40.67629
2021-07-27T10:00:00.000000000,41.36,40.51698
2021-07-27T11:00:00.000000000,42.0,40.89183
2021-07-27T12:00:00.000000000,41.53,40.89987
2021-07-27T13:00:00.000000000,40.65,40.61313
2021-07-27T14:00:00.000000000,40.21,40.51035
2021-07-27T15:00:00.000000000,41.04,40.2383
2021-07-27T16:00:00.000000000,41.36,39.84852
2021-07-27T17:00:00.000000000,41.25,39.6415
2021-07-27T18:00:00.000000000,40.63,39.40231
2021-07-27T19:00:00.000000000,40.76,39.31219
2021-07-27T20:00:00.000000000,40.14,39.19497
2021-07-27T21:00:00.000000000,39.31,39.18704
2021-07-27T22:00:00.000000000,39.1,39.4634
2021-07-27T23:00:00.000000000,40.02,39.67998
2021-07-28T00:00:00.000000000,40.53,40.76462
2021-07-28T01:00:00.000000000,40.85,41.17217
2021-07-28T02:00:00.000000000,41.32,40.93084
2021-07-28T03:00:00.000000000,41.95,40.87215
2021-07-28T04:00:00.000000000,40.6,40.70771
2021-07-28T05:00:00.000000000,40.35,40.29528
2021-07-28T06:00:00.000000000,40.55,40.33658
2021-07-28T07:00:00.000000000,41.29,40.47955
2021-07-28T08:00:00.000000000,41.43,40.67093
2021-07-28T09:00:00.000000000,41.2,40.94868
2021-07-28T10:00:00.000000000,39.35,40.77205
2021-07-28T11:00:00.000000000,39.07,41.1466
2021-07-28T12:00:00.000000000,39.29,41.12276
2021-07-28T13:00:00.000000000,39.26,40.75938
2021-07-28T14:00:00.000000000,37.38,40.60427
2021-07-28T15:00:00.000000000,38.15,40.2731
2021-07-28T16:00:00.000000000,38.09,39.82883
2021-07-28T17:00:00.000000000,37.96,39.55054
2021-07-28T18:00:00.000000000,37.38,39.27894
2021-07-28T19:00:00.000000000,37.7,39.21708
2021-07-28T20:00:00.000000000,37.77,39.14254
2021-07-28T21:00:00.000000000,37.41,39.22126
2021-07-28T22:00:00.000000000,37.73,39.60051
2021-07-28T23:00:00.000000000,38.72,39.92337
2021-07-29T00:00:00.000000000,38.4,39.8397
2021-07-29T01:00:00.000000000,38.41,40.16967
2021-07-29T02:00:00.000000000,39.05,39.89264
2021-07-29T03:00:00.000000000,38.85,39.92574
2021-07-29T04:00:00.000000000,37.42,39.89811
2021-07-29T05:00:00.000000000,36.37,39.6505
2021-07-29T06:00:00.000000000,34.96,39.80738
2021-07-29T07:00:00.000000000,35.46,40.03011
2021-07-29T08:00:00.000000000,36.76,40.2356
2021-07-29T09:00:00.000000000,40.32,40.43161
2021-07-29T10:00:00.000000000,40.96,40.14457
2021-07-29T11:00:00.000000000,41.73,40.32151
2021-07-29T12:00:00.000000000,42.22,40.14414
2021-07-29T13:00:00.000000000,42.54,39.67962
2021-07-29T14:00:00.000000000,42.04,39.49107
2021-07-29T15:00:00.000000000,40.31,39.2204
2021-07-29T16:00:00.000000000,36.91,38.86007
2021-07-29T17:00:00.000000000,35.77,38.7752
2021-07-29T18:00:00.000000000,37.36,38.64862
2021-07-29T19:00:00.000000000,37.22,38.69655
2021-07-29T20:00:00.000000000,37.02,38.71741
2021-07-29T21:00:00.000000000,37.51,38.76693
2021-07-29T22:00:00.000000000,38.5,39.07548
2021-07-29T23:00:00.000000000,37.31,39.2674
2021-07-30T00:00:00.000000000,37.89,40.04008
2021-07-30T01:00:00.000000000,38.67,39.97686
2021-07-30T02:00:00.000000000,39.29,39.33115
2021-07-30T03:00:00.000000000,39.95,38.98087
2021-07-30T04:00:00.000000000,38.94,38.59238
2021-07-30T05:00:00.000000000,37.85,38.16017
2021-07-30T06:00:00.000000000,36.55,38.13094
2021-07-30T07:00:00.000000000,36.19,38.36244
2021-07-30T08:00:00.000000000,36.11,38.69384
2021-07-30T09:00:00.000000000,35.83,39.00733
2021-07-30T10:00:00.000000000,35.7,38.93332
2021-07-30T11:00:00.000000000,36.51,39.15158
2021-07-30T12:00:00.000000000,39.64,39.10135
2021-07-30T13:00:00.000000000,41.27,38.8219
2021-07-30T14:00:00.000000000,39.66,38.70152
2021-07-30T15:00:00.000000000,38.27,38.51589
2021-07-30T16:00:00.000000000,35.86,38.22643
2021-07-30T17:00:00.000000000,35.8,38.41844
2021-07-30T18:00:00.000000000,34.21,38.58584
2021-07-30T19:00:00.000000000,33.55,38.87903
2021-07-30T20:00:00.000000000,33.23,39.10754
2021-07-30T21:00:00.000000000,33.0,39.3449
2021-07-30T22:00:00.000000000,33.69,39.67947
2021-07-30T23:00:00.000000000,36.03,39.75851
2021-07-28T00:00:00.000000000,40.53,40.56055
2021-07-28T01:00:00.000000000,40.85,40.78451
2021-07-28T02:00:00.000000000,41.32,40.51006
2021-07-28T03:00:00.000000000,41.95,40.57989
2021-07-28T04:00:00.000000000,40.6,40.63923
2021-07-28T05:00:00.000000000,40.35,40.43294
2021-07-28T06:00:00.000000000,40.55,40.63181
2021-07-28T07:00:00.000000000,41.29,40.96126
2021-07-28T08:00:00.000000000,41.43,41.2447
2021-07-28T09:00:00.000000000,41.2,41.53284
2021-07-28T10:00:00.000000000,39.35,41.31049
2021-07-28T11:00:00.000000000,39.07,41.58158
2021-07-28T12:00:00.000000000,39.29,41.43128
2021-07-28T13:00:00.000000000,39.26,41.06386
2021-07-28T14:00:00.000000000,37.38,40.92324
2021-07-28T15:00:00.000000000,38.15,40.65608
2021-07-28T16:00:00.000000000,38.09,40.37716
2021-07-28T17:00:00.000000000,37.96,40.28847
2021-07-28T18:00:00.000000000,37.38,40.19291
2021-07-28T19:00:00.000000000,37.7,40.18131
2021-07-28T20:00:00.000000000,37.77,40.07889
2021-07-28T21:00:00.000000000,37.41,40.00529
2021-07-28T22:00:00.000000000,37.73,40.1413
2021-07-28T23:00:00.000000000,38.72,40.17968
2021-07-29T00:00:00.000000000,38.4,39.33506
2021-07-29T01:00:00.000000000,38.41,39.75076
2021-07-29T02:00:00.000000000,39.05,39.57909
2021-07-29T03:00:00.000000000,38.85,39.76601
2021-07-29T04:00:00.000000000,37.42,39.86437
2021-07-29T05:00:00.000000000,36.37,39.71771
2021-07-29T06:00:00.000000000,34.96,39.86476
2021-07-29T07:00:00.000000000,35.46,40.02725
2021-07-29T08:00:00.000000000,36.76,40.10252
2021-07-29T09:00:00.000000000,40.32,40.14185
2021-07-29T10:00:00.000000000,40.96,39.71307
2021-07-29T11:00:00.000000000,41.73,39.79991
2021-07-29T12:00:00.000000000,42.22,39.60744
2021-07-29T13:00:00.000000000,42.54,39.18124
2021-07-29T14:00:00.000000000,42.04,39.09176
2021-07-29T15:00:00.000000000,40.31,38.99778
2021-07-29T16:00:00.000000000,36.91,38.78297
2021-07-29T17:00:00.000000000,35.77,38.81092
2021-07-29T18:00:00.000000000,37.36,38.69382
2021-07-29T19:00:00.000000000,37.22,38.68348
2021-07-29T20:00:00.000000000,37.02,38.62185
2021-07-29T21:00:00.000000000,37.51,38.49449
2021-07-29T22:00:00.000000000,38.5,38.67626
2021-07-29T23:00:00.000000000,37.31,38.77283
2021-07-30T00:00:00.000000000,37.89,38.51582
2021-07-30T01:00:00.000000000,38.67,38.62256
2021-07-30T02:00:00.000000000,39.29,38.19197
2021-07-30T03:00:00.000000000,39.95,38.13359
2021-07-30T04:00:00.000000000,38.94,37.96876
2021-07-30T05:00:00.000000000,37.85,37.67472
2021-07-30T06:00:00.000000000,36.55,37.61625
2021-07-30T07:00:00.000000000,36.19,37.79397
2021-07-30T08:00:00.000000000,36.11,37.9842
2021-07-30T09:00:00.000000000,35.83,38.17926
2021-07-30T10:00:00.000000000,35.7,38.05406
2021-07-30T11:00:00.000000000,36.51,38.25276
2021-07-30T12:00:00.000000000,39.64,38.31296
2021-07-30T13:00:00.000000000,41.27,38.19813
2021-07-30T14:00:00.000000000,39.66,38.26179
2021-07-30T15:00:00.000000000,38.27,38.25627
2021-07-30T16:00:00.000000000,35.86,38.09532
2021-07-30T17:00:00.000000000,35.8,38.31611
2021-07-30T18:00:00.000000000,34.21,38.37982
2021-07-30T19:00:00.000000000,33.55,38.45384
2021-07-30T20:00:00.000000000,33.23,38.49344
2021-07-30T21:00:00.000000000,33.0,38.47637
2021-07-30T22:00:00.000000000,33.69,38.631
2021-07-30T23:00:00.000000000,36.03,38.58845
2021-07-31T00:00:00.000000000,36.24,39.59523
2021-07-31T01:00:00.000000000,38.33,39.27992
2021-07-31T02:00:00.000000000,40.57,38.59088
2021-07-31T03:00:00.000000000,44.11,38.3274
2021-07-31T04:00:00.000000000,45.88,38.07051
2021-07-31T05:00:00.000000000,43.84,37.8394
2021-07-31T06:00:00.000000000,45.18,37.80556
2021-07-31T07:00:00.000000000,48.67,38.08461
2021-07-31T08:00:00.000000000,49.43,38.33836
2021-07-31T09:00:00.000000000,49.13,38.46517
2021-07-31T10:00:00.000000000,49.46,38.29377
2021-07-31T11:00:00.000000000,49.94,38.29103
2021-07-31T12:00:00.000000000,52.74,38.16824
2021-07-31T13:00:00.000000000,53.46,37.99107
2021-07-31T14:00:00.000000000,52.8,38.05478
2021-07-31T15:00:00.000000000,49.31,38.15798
2021-07-31T16:00:00.000000000,45.52,38.25643
2021-07-31T17:00:00.000000000,38.3,38.86463
2021-07-31T18:00:00.000000000,36.11,39.35846
2021-07-31T19:00:00.000000000,34.6,39.77289
2021-07-31T20:00:00.000000000,34.15,40.03715
2021-07-31T21:00:00.000000000,33.96,40.11099
2021-07-31T22:00:00.000000000,34.17,40.1494
2021-07-31T23:00:00.000000000,33.97,39.84242
2021-07-29T00:00:00.000000000,38.4,37.96202
2021-07-29T01:00:00.000000000,38.41,38.55667
2021-07-29T02:00:00.000000000,39.05,38.59081
2021-07-29T03:00:00.000000000,38.85,39.07928
2021-07-29T04:00:00.000000000,37.42,39.42459
2021-07-29T05:00:00.000000000,36.37,39.45446
2021-07-29T06:00:00.000000000,34.96,39.57637
2021-07-29T07:00:00.000000000,35.46,39.65544
2021-07-29T08:00:00.000000000,36.76,39.54677
2021-07-29T09:00:00.000000000,40.32,39.38169
2021-07-29T10:00:00.000000000,40.96,38.77713
2021-07-29T11:00:00.000000000,41.73,38.77431
2021-07-29T12:00:00.000000000,42.22,38.61423
2021-07-29T13:00:00.000000000,42.54,38.32341
2021-07-29T14:00:00.000000000,42.04,38.41852
2021-07-29T15:00:00.000000000,40.31,38.60301
2021-07-29T16:00:00.000000000,36.91,38.60437
2021-07-29T17:00:00.000000000,35.77,38.77144
2021-07-29T18:00:00.000000000,37.36,38.61876
2021-07-29T19:00:00.000000000,37.22,38.42781
2021-07-29T20:00:00.000000000,37.02,38.17021
2021-07-29T21:00:00.000000000,37.51,37.70953
2021-07-29T22:00:00.000000000,38.5,37.65522
2021-07-29T23:00:00.000000000,37.31,37.58568
2021-07-30T00:00:00.000000000,37.89,36.99114
2021-07-30T01:00:00.000000000,38.67,37.2926
2021-07-30T02:00:00.000000000,39.29,37.03274
2021-07-30T03:00:00.000000000,39.95,37.24919
2021-07-30T04:00:00.000000000,38.94,37.32509
2021-07-30T05:00:00.000000000,37.85,37.17401
2021-07-30T06:00:00.000000000,36.55,37.16372
2021-07-30T07:00:00.000000000,36.19,37.35935
2021-07-30T08:00:00.000000000,36.11,37.53741
2021-07-30T09:00:00.000000000,35.83,37.71164
2021-07-30T10:00:00.000000000,35.7,37.54788
2021-07-30T11:00:00.000000000,36.51,37.76895
2021-07-30T12:00:00.000000000,39.64,37.85421
2021-07-30T13:00:00.000000000,41.27,37.82006
2021-07-30T14:00:00.000000000,39.66,37.93838
2021-07-30T15:00:00.000000000,38.27,37.98968
2021-07-30T16:00:00.000000000,35.86,37.85101
2021-07-30T17:00:00.000000000,35.8,37.99764
2021-07-30T18:00:00.000000000,34.21,37.92548
2021-07-30T19:00:00.000000000,33.55,37.76949
2021-07-30T20:00:00.000000000,33.23,37.61598
2021-07-30T21:00:00.000000000,33.0,37.37653
2021-07-30T22:00:00.000000000,33.69,37.40527
2021-07-30T23:00:00.000000000,36.03,37.29795
2021-07-31T00:00:00.000000000,36.24,37.87566
2021-07-31T01:00:00.000000000,38.33,38.01902
2021-07-31T02:00:00.000000000,40.57,37.63781
2021-07-31T03:00:00.000000000,44.11,37.68038
2021-07-31T04:00:00.000000000,45.88,37.60962
2021-07-31T05:00:00.000000000,43.84,37.38183
2021-07-31T06:00:00.000000000,45.18,37.3499
2021-07-31T07:00:00.000000000,48.67,37.55137
2021-07-31T08:00:00.000000000,49.43,37.74489
2021-07-31T09:00:00.000000000,49.13,37.93722
2021-07-31T10:00:00.000000000,49.46,37.81102
2021-07-31T11:00:00.000000000,49.94,38.00492
2021-07-31T12:00:00.000000000,52.74,38.0763
2021-07-31T13:00:00.000000000,53.46,37.99744
2021-07-31T14:00:00.000000000,52.8,38.08736
2021-07-31T15:00:00.000000000,49.31,38.10634
2021-07-31T16:00:00.000000000,45.52,37.96557
2021-07-31T17:00:00.000000000,38.3,38.18518
2021-07-31T18:00:00.000000000,36.11,38.226
2021-07-31T19:00:00.000000000,34.6,38.23187
2021-07-31T20:00:00.000000000,34.15,38.21746
2021-07-31T21:00:00.000000000,33.96,38.12435
2021-07-31T22:00:00.000000000,34.17,38.22014
2021-07-31T23:00:00.000000000,33.97,38.12753
2021-08-01T00:00:00.000000000,35.04,39.54082
2021-08-01T01:00:00.000000000,34.46,39.11571
2021-08-01T02:00:00.000000000,35.0,38.32734
2021-08-01T03:00:00.000000000,34.85,38.09126
2021-08-01T04:00:00.000000000,34.62,37.93015
2021-08-01T05:00:00.000000000,34.86,37.72665
2021-08-01T06:00:00.000000000,34.18,37.83092
2021-08-01T07:00:00.000000000,33.33,38.34925
2021-08-01T08:00:00.000000000,33.34,38.88188
2021-08-01T09:00:00.000000000,33.48,39.2965
2021-08-01T10:00:00.000000000,33.81,39.33384
2021-08-01T11:00:00.000000000,35.19,39.50322
2021-08-01T12:00:00.000000000,35.51,39.38796
2021-08-01T13:00:00.000000000,36.0,39.26596
2021-08-01T14:00:00.000000000,37.66,39.22355
2021-08-01T15:00:00.000000000,36.75,39.12413
2021-08-01T16:00:00.000000000,35.83,39.12028
2021-08-01T17:00:00.000000000,35.16,39.57733
2021-08-01T18:00:00.000000000,35.25,40.04982
2021-08-01T19:00:00.000000000,35.17,40.39961
2021-08-01T20:00:00.000000000,34.96,40.59093
2021-08-01T21:00:00.000000000,34.78,40.62957
2021-08-01T22:00:00.000000000,34.98,40.61938
2021-08-01T23:00:00.000000000,33.58,40.25165
2021-07-30T00:00:00.000000000,37.89,39.40519
2021-07-30T01:00:00.000000000,38.67,39.57799
2021-07-30T02:00:00.000000000,39.29,38.96687
2021-07-30T03:00:00.000000000,39.95,38.57578
2021-07-30T04:00:00.000000000,38.94,38.02417
2021-07-30T05:00:00.000000000,37.85,37.33065
2021-07-30T06:00:00.000000000,36.55,37.24236
2021-07-30T07:00:00.000000000,36.19,37.53274
2021-07-30T08:00:00.000000000,36.11,38.14477
2021-07-30T09:00:00.000000000,35.83,38.94467
2021-07-30T10:00:00.000000000,35.7,39.41289
2021-07-30T11:00:00.000000000,36.51,40.20169
2021-07-30T12:00:00.000000000,39.64,40.56282
2021-07-30T13:00:00.000000000,41.27,40.5323
2021-07-30T14:00:00.000000000,39.66,40.34747
2021-07-30T15:00:00.000000000,38.27,39.79396
2021-07-30T16:00:00.000000000,35.86,39.00424
2021-07-30T17:00:00.000000000,35.8,38.48126
2021-07-30T18:00:00.000000000,34.21,38.11416
2021-07-30T19:00:00.000000000,33.55,37.961
2021-07-30T20:00:00.000000000,33.23,37.92713
2021-07-30T21:00:00.000000000,33.0,38.2421
2021-07-30T22:00:00.000000000,33.69,38.79791
2021-07-30T23:00:00.000000000,36.03,39.1966
2021-07-31T00:00:00.000000000,36.24,39.23804
2021-07-31T01:00:00.000000000,38.33,39.42205
2021-07-31T02:00:00.000000000,40.57,38.94685
2021-07-31T03:00:00.000000000,44.11,38.73367
2021-07-31T04:00:00.000000000,45.88,38.40034
2021-07-31T05:00:00.000000000,43.84,37.91738
2021-07-31T06:00:00.000000000,45.18,37.83716
2021-07-31T07:00:00.000000000,48.67,38.01389
2021-07-31T08:00:00.000000000,49.43,38.31173
2021-07-31T09:00:00.000000000,49.13,38.69685
2021-07-31T10:00:00.000000000,49.46,38.73234
2021-07-31T11:00:00.000000000,49.94,39.13716
2021-07-31T12:00:00.000000000,52.74,39.27925
2021-07-31T13:00:00.000000000,53.46,39.14467
2021-07-31T14:00:00.000000000,52.8,39.09112
2021-07-31T15:00:00.000000000,49.31,38.8723
2021-07-31T16:00:00.000000000,45.52,38.4643
2021-07-31T17:00:00.000000000,38.3,38.39203
2021-07-31T18:00:00.000000000,36.11,38.27724
2021-07-31T19:00:00.000000000,34.6,38.2955
2021-07-31T20:00:00.000000000,34.15,38.3321
2021-07-31T21:00:00.000000000,33.96,38.46957
2021-07-31T22:00:00.000000000,34.17,38.82431
2021-07-31T23:00:00.000000000,33.97,39.01904
2021-08-01T00:00:00.000000000,35.04,39.8988
2021-08-01T01:00:00.000000000,34.46,40.01632
2021-08-01T02:00:00.000000000,35.0,39.58798
2021-08-01T03:00:00.000000000,34.85,39.4655
2021-08-01T04:00:00.000000000,34.62,39.25404
2021-08-01T05:00:00.000000000,34.86,38.87597
2021-08-01T06:00:00.000000000,34.18,38.82613
2021-08-01T07:00:00.000000000,33.33,39.03442
2021-08-01T08:00:00.000000000,33.34,39.2835
2021-08-01T09:00:00.000000000,33.48,39.57954
2021-08-01T10:00:00.000000000,33.81,39.52758
2021-08-01T11:00:00.000000000,35.19,39.87558
2021-08-01T12:00:00.000000000,35.51,39.95363
2021-08-01T13:00:00.000000000,36.0,39.83953
2021-08-01T14:00:00.000000000,37.66,39.85205
2021-08-01T15:00:00.000000000,36.75,39.72483
2021-08-01T16:00:00.000000000,35.83,39.51044
2021-08-01T17:00:00.000000000,35.16,39.54497
2021-08-01T18:00:00.000000000,35.25,39.53653
2021-08-01T19:00:00.000000000,35.17,39.56276
2021-08-01T20:00:00.000000000,34.96,39.53307
2021-08-01T21:00:00.000000000,34.78,39.52922
2021-08-01T22:00:00.000000000,34.98,39.71753
2021-08-01T23:00:00.000000000,33.58,39.7496
2021-08-02T00:00:00.000000000,33.15,41.93599
2021-08-02T01:00:00.000000000,32.85,41.67173
2021-08-02T02:00:00.000000000,33.31,41.01018
2021-08-02T03:00:00.000000000,32.55,40.76724
2021-08-02T04:00:00.000000000,32.45,40.60104
2021-08-02T05:00:00.000000000,32.01,40.30264
2021-08-02T06:00:00.000000000,31.87,40.4652
2021-08-02T07:00:00.000000000,32.19,40.92595
2021-08-02T08:00:00.000000000,32.88,41.38725
2021-08-02T09:00:00.000000000,32.33,41.80656
2021-08-02T10:00:00.000000000,32.68,41.70522
2021-08-02T11:00:00.000000000,33.09,41.98505
2021-08-02T12:00:00.000000000,33.19,41.82197
2021-08-02T13:00:00.000000000,33.04,41.56365
2021-08-02T14:00:00.000000000,32.86,41.4302
2021-08-02T15:00:00.000000000,32.84,41.23507
2021-08-02T16:00:00.000000000,32.43,41.14061
2021-08-02T17:00:00.000000000,32.86,41.36868
2021-08-02T18:00:00.000000000,32.0,41.66458
2021-08-02T19:00:00.000000000,31.7,41.95357
2021-08-02T20:00:00.000000000,31.43,42.02537
2021-08-02T21:00:00.000000000,31.78,42.02032
2021-08-02T22:00:00.000000000,32.69,42.05695
2021-08-02T23:00:00.000000000,33.57,41.86579
2021-07-31T00:00:00.000000000,36.24,36.66305
2021-07-31T01:00:00.000000000,38.33,37.47605
2021-07-31T02:00:00.000000000,40.57,37.46734
2021-07-31T03:00:00.000000000,44.11,37.6628
2021-07-31T04:00:00.000000000,45.88,37.53906
2021-07-31T05:00:00.000000000,43.84,37.11314
2021-07-31T06:00:00.000000000,45.18,36.83297
2021-07-31T07:00:00.000000000,48.67,36.80289
2021-07-31T08:00:00.000000000,49.43,37.00196
2021-07-31T09:00:00.000000000,49.13,37.37922
2021-07-31T10:00:00.000000000,49.46,37.63836
2021-07-31T11:00:00.000000000,49.94,38.38401
2021-07-31T12:00:00.000000000,52.74,38.87965
2021-07-31T13:00:00.000000000,53.46,39.17358
2021-07-31T14:00:00.000000000,52.8,39.39948
2021-07-31T15:00:00.000000000,49.31,39.31572
2021-07-31T16:00:00.000000000,45.52,38.84605
2021-07-31T17:00:00.000000000,38.3,38.3183
2021-07-31T18:00:00.000000000,36.11,37.61403
2021-07-31T19:00:00.000000000,34.6,36.89961
2021-07-31T20:00:00.000000000,34.15,36.35317
2021-07-31T21:00:00.000000000,33.96,36.06023
2021-07-31T22:00:00.000000000,34.17,36.25146
2021-07-31T23:00:00.000000000,33.97,36.51556
2021-08-01T00:00:00.000000000,35.04,37.41391
2021-08-01T01:00:00.000000000,34.46,37.94097
2021-08-01T02:00:00.000000000,35.0,37.82276
2021-08-01T03:00:00.000000000,34.85,38.05712
2021-08-01T04:00:00.000000000,34.62,38.04095
2021-08-01T05:00:00.000000000,34.86,37.70073
2021-08-01T06:00:00.000000000,34.18,37.5651
2021-08-01T07:00:00.000000000,33.33,37.6643
2021-08-01T08:00:00.000000000,33.34,37.79462
2021-08-01T09:00:00.000000000,33.48,38.10443
2021-08-01T10:00:00.000000000,33.81,38.14774
2021-08-01T11:00:00.000000000,35.19,38.70035
2021-08-01T12:00:00.000000000,35.51,39.09546
2021-08-01T13:00:00.000000000,36.0,39.2665
2021-08-01T14:00:00.000000000,37.66,39.46146
2021-08-01T15:00:00.000000000,36.75,39.40264
2021-08-01T16:00:00.000000000,35.83,39.09255
2021-08-01T17:00:00.000000000,35.16,38.85034
2021-08-01T18:00:00.000000000,35.25,38.44988
2021-08-01T19:00:00.000000000,35.17,38.00137
2021-08-01T20:00:00.000000000,34.96,37.6296
2021-08-01T21:00:00.000000000,34.78,37.36354
2021-08-01T22:00:00.000000000,34.98,37.48608
2021-08-01T23:00:00.000000000,33.58,37.5989
2021-08-02T00:00:00.000000000,33.15,39.71259
2021-08-02T01:00:00.000000000,32.85,40.18434
2021-08-02T02:00:00.000000000,33.31,40.08907
2021-08-02T03:00:00.000000000,32.55,40.25442
2021-08-02T04:00:00.000000000,32.45,40.212
2021-08-02T05:00:00.000000000,32.01,39.84405
2021-08-02T06:00:00.000000000,31.87,39.69294
2021-08-02T07:00:00.000000000,32.19,39.73414
2021-08-02T08:00:00.000000000,32.88,39.7503
2021-08-02T09:00:00.000000000,32.33,39.92468
2021-08-02T10:00:00.000000000,32.68,39.78356
2021-08-02T11:00:00.000000000,33.09,40.27098
2021-08-02T12:00:00.000000000,33.19,40.54543
2021-08-02T13:00:00.000000000,33.04,40.62306
2021-08-02T14:00:00.000000000,32.86,40.84406
2021-08-02T15:00:00.000000000,32.84,40.8809
2021-08-02T16:00:00.000000000,32.43,40.74186
2021-08-02T17:00:00.000000000,32.86,40.5954
2021-08-02T18:00:00.000000000,32.0,40.28588
2021-08-02T19:00:00.000000000,31.7,39.94679
2021-08-02T20:00:00.000000000,31.43,39.56077
2021-08-02T21:00:00.000000000,31.78,39.2436
2021-08-02T22:00:00.000000000,32.69,39.28154
2021-08-02T23:00:00.000000000,33.57,39.33866
2021-08-03T00:00:00.000000000,33.83,42.12398
2021-08-03T01:00:00.000000000,33.43,42.15738
2021-08-03T02:00:00.000000000,33.63,41.77893
2021-08-03T03:00:00.000000000,32.39,41.75229
2021-08-03T04:00:00.000000000,30.39,41.7505
2021-08-03T05:00:00.000000000,29.21,41.49568
2021-08-03T06:00:00.000000000,29.53,41.6942
2021-08-03T07:00:00.000000000,30.69,42.07464
2021-08-03T08:00:00.000000000,31.63,42.40498
2021-08-03T09:00:00.000000000,31.92,42.75748
2021-08-03T10:00:00.000000000,32.44,42.55603
2021-08-03T11:00:00.000000000,32.46,42.89711
2021-08-03T12:00:00.000000000,32.51,42.76749
2021-08-03T13:00:00.000000000,33.08,42.47985
2021-08-03T14:00:00.000000000,33.64,42.38088
2021-08-03T15:00:00.000000000,33.27,42.17944
2021-08-03T16:00:00.000000000,32.96,42.024
2021-08-03T17:00:00.000000000,32.73,42.02787
2021-08-03T18:00:00.000000000,32.16,42.05306
2021-08-03T19:00:00.000000000,31.35,42.10314
2021-08-03T20:00:00.000000000,31.19,41.96049
2021-08-03T21:00:00.000000000,31.14,41.8114
2021-08-03T22:00:00.000000000,32.23,41.8074
2021-08-03T23:00:00.000000000,34.29,41.70946
2021-08-01T00:00:00.000000000,35.04,39.95026
2021-08-01T01:00:00.000000000,34.46,40.92621
2021-08-01T02:00:00.000000000,35.0,41.21002
2021-08-01T03:00:00.000000000,34.85,41.71569
2021-08-01T04:00:00.000000000,34.62,42.04828
2021-08-01T05:00:00.000000000,34.86,41.99629
2021-08-01T06:00:00.000000000,34.18,42.47374
2021-08-01T07:00:00.000000000,33.33,42.89567
2021-08-01T08:00:00.000000000,33.34,43.57069
2021-08-01T09:00:00.000000000,33.48,44.35877
2021-08-01T10:00:00.000000000,33.81,44.60247
2021-08-01T11:00:00.000000000,35.19,45.50885
2021-08-01T12:00:00.000000000,35.51,45.42285
2021-08-01T13:00:00.000000000,36.0,45.08148
2021-08-01T14:00:00.000000000,37.66,44.74691
2021-08-01T15:00:00.000000000,36.75,44.02665
2021-08-01T16:00:00.000000000,35.83,43.13087
2021-08-01T17:00:00.000000000,35.16,41.84869
2021-08-01T18:00:00.000000000,35.25,40.79516
2021-08-01T19:00:00.000000000,35.17,39.70044
2021-08-01T20:00:00.000000000,34.96,38.69182
2021-08-01T21:00:00.000000000,34.78,38.41343
2021-08-01T22:00:00.000000000,34.98,38.42081
2021-08-01T23:00:00.000000000,33.58,38.73688
2021-08-02T00:00:00.000000000,33.15,39.64621
2021-08-02T01:00:00.000000000,32.85,40.49683
2021-08-02T02:00:00.000000000,33.31,40.66758
2021-08-02T03:00:00.000000000,32.55,41.11841
2021-08-02T04:00:00.000000000,32.45,41.40573
2021-08-02T05:00:00.000000000,32.01,41.19878
2021-08-02T06:00:00.000000000,31.87,41.44285
2021-08-02T07:00:00.000000000,32.19,41.6999
2021-08-02T08:00:00.000000000,32.88,41.98365
2021-08-02T09:00:00.000000000,32.33,42.44749
2021-08-02T10:00:00.000000000,32.68,42.31875
2021-08-02T11:00:00.000000000,33.09,42.97105
2021-08-02T12:00:00.000000000,33.19,43.01991
2021-08-02T13:00:00.000000000,33.04,42.74161
2021-08-02T14:00:00.000000000,32.86,42.5821
2021-08-02T15:00:00.000000000,32.84,42.11249
2021-08-02T16:00:00.000000000,32.43,41.4893
2021-08-02T17:00:00.000000000,32.86,40.69856
2021-08-02T18:00:00.000000000,32.0,39.94015
2021-08-02T19:00:00.000000000,31.7,39.25284
2021-08-02T20:00:00.000000000,31.43,38.6071
2021-08-02T21:00:00.000000000,31.78,38.32895
2021-08-02T22:00:00.000000000,32.69,38.47618
2021-08-02T23:00:00.000000000,33.57,38.80655
2021-08-03T00:00:00.000000000,33.83,40.36854
2021-08-03T01:00:00.000000000,33.43,41.11637
2021-08-03T02:00:00.000000000,33.63,41.28149
2021-08-03T03:00:00.000000000,32.39,41.68161
2021-08-03T04:00:00.000000000,30.39,41.93255
2021-08-03T05:00:00.000000000,29.21,41.73402
2021-08-03T06:00:00.000000000,29.53,41.88466
2021-08-03T07:00:00.000000000,30.69,42.02084
2021-08-03T08:00:00.000000000,31.63,42.08486
2021-08-03T09:00:00.000000000,31.92,42.28481
2021-08-03T10:00:00.000000000,32.44,41.95245
2021-08-03T11:00:00.000000000,32.46,42.3994
2021-08-03T12:00:00.000000000,32.51,42.3998
2021-08-03T13:00:00.000000000,33.08,42.10341
2021-08-03T14:00:00.000000000,33.64,42.07088
2021-08-03T15:00:00.000000000,33.27,41.83524
2021-08-03T16:00:00.000000000,32.96,41.46783
2021-08-03T17:00:00.000000000,32.73,40.99154
2021-08-03T18:00:00.000000000,32.16,40.43091
2021-08-03T19:00:00.000000000,31.35,39.94962
2021-08-03T20:00:00.000000000,31.19,39.43873
2021-08-03T21:00:00.000000000,31.14,39.12014
2021-08-03T22:00:00.000000000,32.23,39.20865
2021-08-03T23:00:00.000000000,34.29,39.42828
2021-08-04T00:00:00.000000000,34.13,41.4882
2021-08-04T01:00:00.000000000,34.82,41.78054
2021-08-04T02:00:00.000000000,35.3,41.6442
2021-08-04T03:00:00.000000000,35.42,41.87584
2021-08-04T04:00:00.000000000,33.5,42.15972
2021-08-04T05:00:00.000000000,32.97,42.09142
2021-08-04T06:00:00.000000000,34.22,42.51393
2021-08-04T07:00:00.000000000,35.88,42.98255
2021-08-04T08:00:00.000000000,36.72,43.35982
2021-08-04T09:00:00.000000000,37.09,43.7303
2021-08-04T10:00:00.000000000,37.2,43.44972
2021-08-04T11:00:00.000000000,37.04,43.75546
2021-08-04T12:00:00.000000000,37.91,43.45565
2021-08-04T13:00:00.000000000,37.15,42.94434
2021-08-04T14:00:00.000000000,36.71,42.68934
2021-08-04T15:00:00.000000000,36.53,42.2908
2021-08-04T16:00:00.000000000,36.01,41.9533
2021-08-04T17:00:00.000000000,35.9,41.68666
2021-08-04T18:00:00.000000000,35.46,41.48388
2021-08-04T19:00:00.000000000,34.77,41.35426
2021-08-04T20:00:00.000000000,34.37,41.09525
2021-08-04T21:00:00.000000000,34.26,40.9177
2021-08-04T22:00:00.000000000,33.97,40.93699
2021-08-04T23:00:00.000000000,37.24,40.93774
2021-08-02T00:00:00.000000000,33.15,36.18793
2021-08-02T01:00:00.000000000,32.85,36.86318
2021-08-02T02:00:00.000000000,33.31,36.83854
2021-08-02T03:00:00.000000000,32.55,37.18382
2021-08-02T04:00:00.000000000,32.45,37.1429
2021-08-02T05:00:00.000000000,32.01,36.72654
2021-08-02T06:00:00.000000000,31.87,36.36526
2021-08-02T07:00:00.000000000,32.19,36.34843
2021-08-02T08:00:00.000000000,32.88,36.39225
2021-08-02T09:00:00.000000000,32.33,36.72784
2021-08-02T10:00:00.000000000,32.68,36.979
2021-08-02T11:00:00.000000000,33.09,37.78617
2021-08-02T12:00:00.000000000,33.19,38.57165
2021-08-02T13:00:00.000000000,33.04,39.16824
2021-08-02T14:00:00.000000000,32.86,39.64214
2021-08-02T15:00:00.000000000,32.84,39.75642
2021-08-02T16:00:00.000000000,32.43,39.51167
2021-08-02T17:00:00.000000000,32.86,39.15548
2021-08-02T18:00:00.000000000,32.0,38.55519
2021-08-02T19:00:00.000000000,31.7,37.77424
2021-08-02T20:00:00.000000000,31.43,37.12162
2021-08-02T21:00:00.000000000,31.78,36.63004
2021-08-02T22:00:00.000000000,32.69,36.63453
2021-08-02T23:00:00.000000000,33.57,36.69673
2021-08-03T00:00:00.000000000,33.83,38.14351
2021-08-03T01:00:00.000000000,33.43,38.91079
2021-08-03T02:00:00.000000000,33.63,39.01579
2021-08-03T03:00:00.000000000,32.39,39.34145
2021-08-03T04:00:00.000000000,30.39,39.30212
2021-08-03T05:00:00.000000000,29.21,38.85143
2021-08-03T06:00:00.000000000,29.53,38.49176
2021-08-03T07:00:00.000000000,30.69,38.33906
2021-08-03T08:00:00.000000000,31.63,38.17118
2021-08-03T09:00:00.000000000,31.92,38.29357
2021-08-03T10:00:00.000000000,32.44,38.22547
2021-08-03T11:00:00.000000000,32.46,38.89137
2021-08-03T12:00:00.000000000,32.51,39.50542
2021-08-03T13:00:00.000000000,33.08,39.88398
2021-08-03T14:00:00.000000000,33.64,40.33081
2021-08-03T15:00:00.000000000,33.27,40.51579
2021-08-03T16:00:00.000000000,32.96,40.3491
2021-08-03T17:00:00.000000000,32.73,40.05534
2021-08-03T18:00:00.000000000,32.16,39.46071
2021-08-03T19:00:00.000000000,31.35,38.79589
2021-08-03T20:00:00.000000000,31.19,38.17197
2021-08-03T21:00:00.000000000,31.14,37.67776
2021-08-03T22:00:00.000000000,32.23,37.70257
2021-08-03T23:00:00.000000000,34.29,37.85815
2021-08-04T00:00:00.000000000,34.13,39.67547
2021-08-04T01:00:00.000000000,34.82,40.455
2021-08-04T02:00:00.000000000,35.3,40.65648
2021-08-04T03:00:00.000000000,35.42,41.05758
2021-08-04T04:00:00.000000000,33.5,41.1815
2021-08-04T05:00:00.000000000,32.97,40.86677
2021-08-04T06:00:00.000000000,34.22,40.68717
2021-08-04T07:00:00.000000000,35.88,40.57343
2021-08-04T08:00:00.000000000,36.72,40.35083
2021-08-04T09:00:00.000000000,37.09,40.3375
2021-08-04T10:00:00.000000000,37.2,39.9893
2021-08-04T11:00:00.000000000,37.04,40.46033
2021-08-04T12:00:00.000000000,37.91,40.76816
2021-08-04T13:00:00.000000000,37.15,40.84031
2021-08-04T14:00:00.000000000,36.71,41.16314
2021-08-04T15:00:00.000000000,36.53,41.31423
2021-08-04T16:00:00.000000000,36.01,41.2201
2021-08-04T17:00:00.000000000,35.9,40.97922
2021-08-04T18:00:00.000000000,35.46,40.45822
2021-08-04T19:00:00.000000000,34.77,39.91381
2021-08-04T20:00:00.000000000,34.37,39.32506
2021-08-04T21:00:00.000000000,34.26,38.81903
2021-08-04T22:00:00.000000000,33.97,38.79042
2021-08-04T23:00:00.000000000,37.24,38.91189
2021-08-05T00:00:00.000000000,37.66,39.88426
2021-08-05T01:00:00.000000000,37.79,40.25805
2021-08-05T02:00:00.000000000,37.72,40.13268
2021-08-05T03:00:00.000000000,37.26,40.39239
2021-08-05T04:00:00.000000000,36.16,40.60976
2021-08-05T05:00:00.000000000,33.51,40.47906
2021-08-05T06:00:00.000000000,33.59,40.7145
2021-08-05T07:00:00.000000000,34.61,41.04539
2021-08-05T08:00:00.000000000,35.43,41.29277
2021-08-05T09:00:00.000000000,35.76,41.57291
2021-08-05T10:00:00.000000000,36.11,41.3239
2021-08-05T11:00:00.000000000,35.87,41.6331
2021-08-05T12:00:00.000000000,36.39,41.52296
2021-08-05T13:00:00.000000000,35.05,41.20269
2021-08-05T14:00:00.000000000,34.76,41.10616
2021-08-05T15:00:00.000000000,34.14,40.85981
2021-08-05T16:00:00.000000000,33.68,40.5741
2021-08-05T17:00:00.000000000,33.19,40.39305
2021-08-05T18:00:00.000000000,32.21,40.16585
2021-08-05T19:00:00.000000000,31.54,39.97768
2021-08-05T20:00:00.000000000,31.08,39.71974
2021-08-05T21:00:00.000000000,30.68,39.50925
2021-08-05T22:00:00.000000000,31.98,39.56205
2021-08-05T23:00:00.000000000,33.65,39.58501
2021-08-03T00:00:00.000000000,33.83,33.65442
2021-08-03T01:00:00.000000000,33.43,34.27396
2021-08-03T02:00:00.000000000,33.63,34.27914
2021-08-03T03:00:00.000000000,32.39,34.87131
2021-08-03T04:00:00.000000000,30.39,35.23285
2021-08-03T05:00:00.000000000,29.21,35.28102
2021-08-03T06:00:00.000000000,29.53,35.32095
2021-08-03T07:00:00.000000000,30.69,35.52626
2021-08-03T08:00:00.000000000,31.63,35.75752
2021-08-03T09:00:00.000000000,31.92,36.00786
2021-08-03T10:00:00.000000000,32.44,35.95482
2021-08-03T11:00:00.000000000,32.46,36.2641
2021-08-03T12:00:00.000000000,32.51,36.4648
2021-08-03T13:00:00.000000000,33.08,36.6072
2021-08-03T14:00:00.000000000,33.64,36.78627
2021-08-03T15:00:00.000000000,33.27,36.83306
2021-08-03T16:00:00.000000000,32.96,36.57232
2021-08-03T17:00:00.000000000,32.73,36.53685
2021-08-03T18:00:00.000000000,32.16,36.20763
2021-08-03T19:00:00.000000000,31.35,35.6456
2021-08-03T20:00:00.000000000,31.19,35.2349
2021-08-03T21:00:00.000000000,31.14,34.77717
2021-08-03T22:00:00.000000000,32.23,34.68752
2021-08-03T23:00:00.000000000,34.29,34.56544
2021-08-04T00:00:00.000000000,34.13,35.27953
2021-08-04T01:00:00.000000000,34.82,35.59291
2021-08-04T02:00:00.000000000,35.3,35.52368
2021-08-04T03:00:00.000000000,35.42,36.12288
2021-08-04T04:00:00.000000000,33.5,36.5901
2021-08-04T05:00:00.000000000,32.97,36.78934
2021-08-04T06:00:00.000000000,34.22,36.95069
2021-08-04T07:00:00.000000000,35.88,37.24955
2021-08-04T08:00:00.000000000,36.72,37.34849
2021-08-04T09:00:00.000000000,37.09,37.37194
2021-08-04T10:00:00.000000000,37.2,37.1045
2021-08-04T11:00:00.000000000,37.04,37.11622
2021-08-04T12:00:00.000000000,37.91,37.11863
2021-08-04T13:00:00.000000000,37.15,37.09304
2021-08-04T14:00:00.000000000,36.71,37.30637
2021-08-04T15:00:00.000000000,36.53,37.47933
2021-08-04T16:00:00.000000000,36.01,37.54254
2021-08-04T17:00:00.000000000,35.9,37.83985
2021-08-04T18:00:00.000000000,35.46,37.86151
2021-08-04T19:00:00.000000000,34.77,37.61659
2021-08-04T20:00:00.000000000,34.37,37.39761
2021-08-04T21:00:00.000000000,34.26,36.93655
2021-08-04T22:00:00.000000000,33.97,36.71354
2021-08-04T23:00:00.000000000,37.24,36.34053
2021-08-05T00:00:00.000000000,37.66,37.00746
2021-08-05T01:00:00.000000000,37.79,37.39592
2021-08-05T02:00:00.000000000,37.72,37.38589
2021-08-05T03:00:00.000000000,37.26,37.96628
2021-08-05T04:00:00.000000000,36.16,38.4605
2021-08-05T05:00:00.000000000,33.51,38.67042
2021-08-05T06:00:00.000000000,33.59,38.91712
2021-08-05T07:00:00.000000000,34.61,39.16807
2021-08-05T08:00:00.000000000,35.43,39.17534
2021-08-05T09:00:00.000000000,35.76,39.04474
2021-08-05T10:00:00.000000000,36.11,38.50588
2021-08-05T11:00:00.000000000,35.87,38.3576
2021-08-05T12:00:00.000000000,36.39,38.09973
2021-08-05T13:00:00.000000000,35.05,37.75361
2021-08-05T14:00:00.000000000,34.76,37.81881
2021-08-05T15:00:00.000000000,34.14,37.91676
2021-08-05T16:00:00.000000000,33.68,37.96915
2021-08-05T17:00:00.000000000,33.19,38.26445
2021-08-05T18:00:00.000000000,32.21,38.29135
2021-08-05T19:00:00.000000000,31.54,38.20382
2021-08-05T20:00:00.000000000,31.08,38.07186
2021-08-05T21:00:00.000000000,30.68,37.69785
2021-08-05T22:00:00.000000000,31.98,37.57599
2021-08-05T23:00:00.000000000,33.65,37.32729
2021-08-06T00:00:00.000000000,34.12,37.65334
2021-08-06T01:00:00.000000000,34.81,37.55466
2021-08-06T02:00:00.000000000,34.97,37.09433
2021-08-06T03:00:00.000000000,35.14,37.33011
2021-08-06T04:00:00.000000000,33.52,37.68602
2021-08-06T05:00:00.000000000,32.05,37.88532
2021-08-06T06:00:00.000000000,31.9,38.3782
2021-08-06T07:00:00.000000000,32.89,39.01698
2021-08-06T08:00:00.000000000,33.37,39.51868
2021-08-06T09:00:00.000000000,33.54,39.78624
2021-08-06T10:00:00.000000000,33.22,39.51562
2021-08-06T11:00:00.000000000,33.55,39.37296
2021-08-06T12:00:00.000000000,33.44,38.88697
2021-08-06T13:00:00.000000000,33.83,38.32275
2021-08-06T14:00:00.000000000,32.92,38.04354
2021-08-06T15:00:00.000000000,32.36,37.75476
2021-08-06T16:00:00.000000000,31.63,37.58805
2021-08-06T17:00:00.000000000,31.39,37.915
2021-08-06T18:00:00.000000000,30.73,38.23347
2021-08-06T19:00:00.000000000,31.53,38.50051
2021-08-06T20:00:00.000000000,31.82,38.70067
2021-08-06T21:00:00.000000000,32.93,38.69533
2021-08-06T22:00:00.000000000,34.5,38.70798
2021-08-06T23:00:00.000000000,36.9,38.4081
2021-08-04T00:00:00.000000000,34.13,33.32854
2021-08-04T01:00:00.000000000,34.82,33.566
2021-08-04T02:00:00.000000000,35.3,33.279
2021-08-04T03:00:00.000000000,35.42,33.72838
2021-08-04T04:00:00.000000000,33.5,33.97013
2021-08-04T05:00:00.000000000,32.97,34.01223
2021-08-04T06:00:00.000000000,34.22,34.08328
2021-08-04T07:00:00.000000000,35.88,34.49342
2021-08-04T08:00:00.000000000,36.72,34.99217
2021-08-04T09:00:00.000000000,37.09,35.47636
2021-08-04T10:00:00.000000000,37.2,35.705
2021-08-04T11:00:00.000000000,37.04,36.08101
2021-08-04T12:00:00.000000000,37.91,36.35935
2021-08-04T13:00:00.000000000,37.15,36.58638
2021-08-04T14:00:00.000000000,36.71,36.74816
2021-08-04T15:00:00.000000000,36.53,36.6876
2021-08-04T16:00:00.000000000,36.01,36.38985
2021-08-04T17:00:00.000000000,35.9,36.41986
2021-08-04T18:00:00.000000000,35.46,36.26424
2021-08-04T19:00:00.000000000,34.77,35.80763
2021-08-04T20:00:00.000000000,34.37,35.49498
2021-08-04T21:00:00.000000000,34.26,35.17019
2021-08-04T22:00:00.000000000,33.97,35.0729
2021-08-04T23:00:00.000000000,37.24,34.7747
2021-08-05T00:00:00.000000000,37.66,35.13716
2021-08-05T01:00:00.000000000,37.79,35.38703
2021-08-05T02:00:00.000000000,37.72,35.23782
2021-08-05T03:00:00.000000000,37.26,35.79502
2021-08-05T04:00:00.000000000,36.16,36.24778
2021-08-05T05:00:00.000000000,33.51,36.44637
2021-08-05T06:00:00.000000000,33.59,36.64156
2021-08-05T07:00:00.000000000,34.61,36.99537
2021-08-05T08:00:00.000000000,35.43,37.17895
2021-08-05T09:00:00.000000000,35.76,37.26223
2021-08-05T10:00:00.000000000,36.11,37.00958
2021-08-05T11:00:00.000000000,35.87,37.01727
2021-08-05T12:00:00.000000000,36.39,36.97791
2021-08-05T13:00:00.000000000,35.05,36.92132
2021-08-05T14:00:00.000000000,34.76,37.07769
2021-08-05T15:00:00.000000000,34.14,37.21074
2021-08-05T16:00:00.000000000,33.68,37.23932
2021-08-05T17:00:00.000000000,33.19,37.56386
2021-08-05T18:00:00.000000000,32.21,37.62939
2021-08-05T19:00:00.000000000,31.54,37.43405
2021-08-05T20:00:00.000000000,31.08,37.25754
2021-08-05T21:00:00.000000000,30.68,36.83359
2021-08-05T22:00:00.000000000,31.98,36.62415
2021-08-05T23:00:00.000000000,33.65,36.23702
2021-08-06T00:00:00.000000000,34.12,36.44099
2021-08-06T01:00:00.000000000,34.81,36.66081
2021-08-06T02:00:00.000000000,34.97,36.50859
2021-08-06T03:00:00.000000000,35.14,36.97035
2021-08-06T04:00:00.000000000,33.52,37.34276
2021-08-06T05:00:00.000000000,32.05,37.49355
2021-08-06T06:00:00.000000000,31.9,37.66104
2021-08-06T07:00:00.000000000,32.89,37.94363
2021-08-06T08:00:00.000000000,33.37,38.0234
2021-08-06T09:00:00.000000000,33.54,37.99032
2021-08-06T10:00:00.000000000,33.22,37.62848
2021-08-06T11:00:00.000000000,33.55,37.54498
2021-08-06T12:00:00.000000000,33.44,37.42547
2021-08-06T13:00:00.000000000,33.83,37.25075
2021-08-06T14:00:00.000000000,32.92,37.39404
2021-08-06T15:00:00.000000000,32.36,37.54399
2021-08-06T16:00:00.000000000,31.63,37.62268
2021-08-06T17:00:00.000000000,31.39,38.00993
2021-08-06T18:00:00.000000000,30.73,38.1329
2021-08-06T19:00:00.000000000,31.53,38.07759
2021-08-06T20:00:00.000000000,31.82,37.99508
2021-08-06T21:00:00.000000000,32.93,37.6549
2021-08-06T22:00:00.000000000,34.5,37.50416
2021-08-06T23:00:00.000000000,36.9,37.16735
2021-08-07T00:00:00.000000000,38.05,37.36744
2021-08-07T01:00:00.000000000,38.68,37.20424
2021-08-07T02:00:00.000000000,39.73,36.6776
2021-08-07T03:00:00.000000000,40.3,36.81544
2021-08-07T04:00:00.000000000,40.77,37.02421
2021-08-07T05:00:00.000000000,39.27,37.1167
2021-08-07T06:00:00.000000000,37.69,37.45046
2021-08-07T07:00:00.000000000,37.67,38.01675
2021-08-07T08:00:00.000000000,37.08,38.49068
2021-08-07T09:00:00.000000000,37.16,38.78153
2021-08-07T10:00:00.000000000,37.05,38.63605
2021-08-07T11:00:00.000000000,36.97,38.58203
2021-08-07T12:00:00.000000000,36.68,38.28651
2021-08-07T13:00:00.000000000,36.26,37.92456
2021-08-07T14:00:00.000000000,35.44,37.7818
2021-08-07T15:00:00.000000000,35.43,37.60088
2021-08-07T16:00:00.000000000,34.77,37.47885
2021-08-07T17:00:00.000000000,33.78,37.86826
2021-08-07T18:00:00.000000000,33.57,38.20277
2021-08-07T19:00:00.000000000,34.6,38.4446
2021-08-07T20:00:00.000000000,34.09,38.62854
2021-08-07T21:00:00.000000000,34.51,38.61634
2021-08-07T22:00:00.000000000,35.09,38.60978
2021-08-07T23:00:00.000000000,38.38,38.2751
2021-08-05T00:00:00.000000000,37.66,35.51323
2021-08-05T01:00:00.000000000,37.79,35.70416
2021-08-05T02:00:00.000000000,37.72,35.33158
2021-08-05T03:00:00.000000000,37.26,35.73695
2021-08-05T04:00:00.000000000,36.16,36.13581
2021-08-05T05:00:00.000000000,33.51,36.27693
2021-08-05T06:00:00.000000000,33.59,36.70133
2021-08-05T07:00:00.000000000,34.61,37.34801
2021-08-05T08:00:00.000000000,35.43,38.01309
2021-08-05T09:00:00.000000000,35.76,38.52321
2021-08-05T10:00:00.000000000,36.11,38.53626
2021-08-05T11:00:00.000000000,35.87,38.74417
2021-08-05T12:00:00.000000000,36.39,38.5211
2021-08-05T13:00:00.000000000,35.05,38.22072
2021-08-05T14:00:00.000000000,34.76,37.9574
2021-08-05T15:00:00.000000000,34.14,37.51993
2021-08-05T16:00:00.000000000,33.68,37.11306
2021-08-05T17:00:00.000000000,33.19,37.02845
2021-08-05T18:00:00.000000000,32.21,36.99405
2021-08-05T19:00:00.000000000,31.54,36.8326
2021-08-05T20:00:00.000000000,31.08,36.73179
2021-08-05T21:00:00.000000000,30.68,36.61346
2021-08-05T22:00:00.000000000,31.98,36.67215
2021-08-05T23:00:00.000000000,33.65,36.52203
2021-08-06T00:00:00.000000000,34.12,36.51384
2021-08-06T01:00:00.000000000,34.81,36.6988
2021-08-06T02:00:00.000000000,34.97,36.4329
2021-08-06T03:00:00.000000000,35.14,36.81933
2021-08-06T04:00:00.000000000,33.52,37.17223
2021-08-06T05:00:00.000000000,32.05,37.28888
2021-08-06T06:00:00.000000000,31.9,37.5695
2021-08-06T07:00:00.000000000,32.89,37.98935
2021-08-06T08:00:00.000000000,33.37,38.28871
2021-08-06T09:00:00.000000000,33.54,38.46564
2021-08-06T10:00:00.000000000,33.22,38.19144
2021-08-06T11:00:00.000000000,33.55,38.20198
2021-08-06T12:00:00.000000000,33.44,38.00438
2021-08-06T13:00:00.000000000,33.83,37.72573
2021-08-06T14:00:00.000000000,32.92,37.6781
2021-08-06T15:00:00.000000000,32.36,37.60157
2021-08-06T16:00:00.000000000,31.63,37.47974
2021-08-06T17:00:00.000000000,31.39,37.71678
2021-08-06T18:00:00.000000000,30.73,37.801
2021-08-06T19:00:00.000000000,31.53,37.76506
2021-08-06T20:00:00.000000000,31.82,37.71254
2021-08-06T21:00:00.000000000,32.93,37.48096
2021-08-06T22:00:00.000000000,34.5,37.43364
2021-08-06T23:00:00.000000000,36.9,37.19015
2021-08-07T00:00:00.000000000,38.05,37.53843
2021-08-07T01:00:00.000000000,38.68,37.95438
2021-08-07T02:00:00.000000000,39.73,37.81532
2021-08-07T03:00:00.000000000,40.3,38.1255
2021-08-07T04:00:00.000000000,40.77,38.2917
2021-08-07T05:00:00.000000000,39.27,38.19784
2021-08-07T06:00:00.000000000,37.69,38.23127
2021-08-07T07:00:00.000000000,37.67,38.36343
2021-08-07T08:00:00.000000000,37.08,38.40306
2021-08-07T09:00:00.000000000,37.16,38.42437
2021-08-07T10:00:00.000000000,37.05,38.06475
2021-08-07T11:00:00.000000000,36.97,38.18178
2021-08-07T12:00:00.000000000,36.68,38.16403
2021-08-07T13:00:00.000000000,36.26,38.01036
2021-08-07T14:00:00.000000000,35.44,38.11851
2021-08-07T15:00:00.000000000,35.43,38.22229
2021-08-07T16:00:00.000000000,34.77,38.14223
2021-08-07T17:00:00.000000000,33.78,38.30616
2021-08-07T18:00:00.000000000,33.57,38.21183
2021-08-07T19:00:00.000000000,34.6,38.06558
2021-08-07T20:00:00.000000000,34.09,37.89233
2021-08-07T21:00:00.000000000,34.51,37.58836
2021-08-07T22:00:00.000000000,35.09,37.60181
2021-08-07T23:00:00.000000000,38.38,37.52692
2021-08-08T00:00:00.000000000,40.55,37.03716
2021-08-08T01:00:00.000000000,41.57,37.22804
2021-08-08T02:00:00.000000000,42.46,36.90699
2021-08-08T03:00:00.000000000,43.13,37.07847
2021-08-08T04:00:00.000000000,42.46,37.1279
2021-08-08T05:00:00.000000000,43.89,36.98677
2021-08-08T06:00:00.000000000,44.23,36.98923
2021-08-08T07:00:00.000000000,44.6,37.22137
2021-08-08T08:00:00.000000000,44.23,37.42326
2021-08-08T09:00:00.000000000,43.02,37.61151
2021-08-08T10:00:00.000000000,43.34,37.48198
2021-08-08T11:00:00.000000000,43.85,37.66847
2021-08-08T12:00:00.000000000,43.84,37.74903
2021-08-08T13:00:00.000000000,44.89,37.714
2021-08-08T14:00:00.000000000,45.52,37.83358
2021-08-08T15:00:00.000000000,46.02,37.88267
2021-08-08T16:00:00.000000000,42.64,37.76818
2021-08-08T17:00:00.000000000,38.34,37.98681
2021-08-08T18:00:00.000000000,34.03,38.00148
2021-08-08T19:00:00.000000000,33.15,37.92043
2021-08-08T20:00:00.000000000,32.0,37.83725
2021-08-08T21:00:00.000000000,31.78,37.64739
2021-08-08T22:00:00.000000000,33.52,37.66877
2021-08-08T23:00:00.000000000,40.84,37.51198
2021-08-06T00:00:00.000000000,34.12,33.35579
2021-08-06T01:00:00.000000000,34.81,34.17182
2021-08-06T02:00:00.000000000,34.97,34.28768
2021-08-06T03:00:00.000000000,35.14,34.88765
2021-08-06T04:00:00.000000000,33.52,35.21954
2021-08-06T05:00:00.000000000,32.05,35.25763
2021-08-06T06:00:00.000000000,31.9,35.27714
2021-08-06T07:00:00.000000000,32.89,35.41562
2021-08-06T08:00:00.000000000,33.37,35.67712
2021-08-06T09:00:00.000000000,33.54,35.94116
2021-08-06T10:00:00.000000000,33.22,35.94542
2021-08-06T11:00:00.000000000,33.55,36.31015
2021-08-06T12:00:00.000000000,33.44,36.46171
2021-08-06T13:00:00.000000000,33.83,36.54434
2021-08-06T14:00:00.000000000,32.92,36.64391
2021-08-06T15:00:00.000000000,32.36,36.56819
2021-08-06T16:00:00.000000000,31.63,36.14587
2021-08-06T17:00:00.000000000,31.39,35.90561
2021-08-06T18:00:00.000000000,30.73,35.40578
2021-08-06T19:00:00.000000000,31.53,34.7252
2021-08-06T20:00:00.000000000,31.82,34.27089
2021-08-06T21:00:00.000000000,32.93,33.88448
2021-08-06T22:00:00.000000000,34.5,33.91174
2021-08-06T23:00:00.000000000,36.9,33.99264
2021-08-07T00:00:00.000000000,38.05,35.02247
2021-08-07T01:00:00.000000000,38.68,35.77918
2021-08-07T02:00:00.000000000,39.73,35.84182
2021-08-07T03:00:00.000000000,40.3,36.3078
2021-08-07T04:00:00.000000000,40.77,36.52714
2021-08-07T05:00:00.000000000,39.27,36.44294
2021-08-07T06:00:00.000000000,37.69,36.37203
2021-08-07T07:00:00.000000000,37.67,36.4219
2021-08-07T08:00:00.000000000,37.08,36.55526
2021-08-07T09:00:00.000000000,37.16,36.71145
2021-08-07T10:00:00.000000000,37.05,36.59229
2021-08-07T11:00:00.000000000,36.97,36.94538
2021-08-07T12:00:00.000000000,36.68,37.1274
2021-08-07T13:00:00.000000000,36.26,37.21737
2021-08-07T14:00:00.000000000,35.44,37.39697
2021-08-07T15:00:00.000000000,35.43,37.47192
2021-08-07T16:00:00.000000000,34.77,37.18978
2021-08-07T17:00:00.000000000,33.78,37.06143
2021-08-07T18:00:00.000000000,33.57,36.61642
2021-08-07T19:00:00.000000000,34.6,36.0471
2021-08-07T20:00:00.000000000,34.09,35.60022
2021-08-07T21:00:00.000000000,34.51,35.16686
2021-08-07T22:00:00.000000000,35.09,35.16313
2021-08-07T23:00:00.000000000,38.38,35.20365
2021-08-08T00:00:00.000000000,40.55,35.66606
2021-08-08T01:00:00.000000000,41.57,36.13802
2021-08-08T02:00:00.000000000,42.46,36.03904
2021-08-08T03:00:00.000000000,43.13,36.49752
2021-08-08T04:00:00.000000000,42.46,36.77642
2021-08-08T05:00:00.000000000,43.89,36.75649
2021-08-08T06:00:00.000000000,44.23,36.76629
2021-08-08T07:00:00.000000000,44.6,36.94901
2021-08-08T08:00:00.000000000,44.23,37.08621
2021-08-08T09:00:00.000000000,43.02,37.19686
2021-08-08T10:00:00.000000000,43.34,36.97747
2021-08-08T11:00:00.000000000,43.85,37.19351
2021-08-08T12:00:00.000000000,43.84,37.29848
2021-08-08T13:00:00.000000000,44.89,37.3403
2021-08-08T14:00:00.000000000,45.52,37.52632
2021-08-08T15:00:00.000000000,46.02,37.66007
2021-08-08T16:00:00.000000000,42.64,37.57434
2021-08-08T17:00:00.000000000,38.34,37.68902
2021-08-08T18:00:00.000000000,34.03,37.51622
2021-08-08T19:00:00.000000000,33.15,37.16833
2021-08-08T20:00:00.000000000,32.0,36.85292
2021-08-08T21:00:00.000000000,31.78,36.41491
2021-08-08T22:00:00.000000000,33.52,36.32392
2021-08-08T23:00:00.000000000,40.84,36.15176
2021-08-09T00:00:00.000000000,43.0,36.10103
2021-08-09T01:00:00.000000000,43.81,36.30106
2021-08-09T02:00:00.000000000,44.56,36.02336
2021-08-09T03:00:00.000000000,44.73,36.32203
2021-08-09T04:00:00.000000000,38.38,36.49411
2021-08-09T05:00:00.000000000,32.29,36.45588
2021-08-09T06:00:00.000000000,32.04,36.49868
2021-08-09T07:00:00.000000000,32.61,36.77677
2021-08-09T08:00:00.000000000,32.29,36.9957
2021-08-09T09:00:00.000000000,32.75,37.18016
2021-08-09T10:00:00.000000000,33.05,37.06224
2021-08-09T11:00:00.000000000,34.22,37.22513
2021-08-09T12:00:00.000000000,33.97,37.31577
2021-08-09T13:00:00.000000000,33.19,37.33344
2021-08-09T14:00:00.000000000,33.35,37.49065
2021-08-09T15:00:00.000000000,33.03,37.57761
2021-08-09T16:00:00.000000000,32.0,37.5069
2021-08-09T17:00:00.000000000,32.08,37.75606
2021-08-09T18:00:00.000000000,31.23,37.77805
2021-08-09T19:00:00.000000000,30.57,37.62806
2021-08-09T20:00:00.000000000,30.34,37.49507
2021-08-09T21:00:00.000000000,30.02,37.21505
2021-08-09T22:00:00.000000000,29.71,37.14723
2021-08-09T23:00:00.000000000,31.28,36.89553
2021-08-07T00:00:00.000000000,38.05,35.46362
2021-08-07T01:00:00.000000000,38.68,35.96265
2021-08-07T02:00:00.000000000,39.73,35.74845
2021-08-07T03:00:00.000000000,40.3,35.91813
2021-08-07T04:00:00.000000000,40.77,35.90943
2021-08-07T05:00:00.000000000,39.27,35.76361
2021-08-07T06:00:00.000000000,37.69,35.66698
2021-08-07T07:00:00.000000000,37.67,35.70653
2021-08-07T08:00:00.000000000,37.08,35.74117
2021-08-07T09:00:00.000000000,37.16,35.79721
2021-08-07T10:00:00.000000000,37.05,35.40061
2021-08-07T11:00:00.000000000,36.97,35.49985
2021-08-07T12:00:00.000000000,36.68,35.5376
2021-08-07T13:00:00.000000000,36.26,35.35689
2021-08-07T14:00:00.000000000,35.44,35.40369
2021-08-07T15:00:00.000000000,35.43,35.45706
2021-08-07T16:00:00.000000000,34.77,35.15956
2021-08-07T17:00:00.000000000,33.78,35.27479
2021-08-07T18:00:00.000000000,33.57,35.12043
2021-08-07T19:00:00.000000000,34.6,34.87901
2021-08-07T20:00:00.000000000,34.09,34.74413
2021-08-07T21:00:00.000000000,34.51,34.67085
2021-08-07T22:00:00.000000000,35.09,34.82043
2021-08-07T23:00:00.000000000,38.38,35.01696
2021-08-08T00:00:00.000000000,40.55,34.74647
2021-08-08T01:00:00.000000000,41.57,35.33906
2021-08-08T02:00:00.000000000,42.46,35.29364
2021-08-08T03:00:00.000000000,43.13,35.6961
2021-08-08T04:00:00.000000000,42.46,35.89678
2021-08-08T05:00:00.000000000,43.89,35.87734
2021-08-08T06:00:00.000000000,44.23,35.85494
2021-08-08T07:00:00.000000000,44.6,35.87481
2021-08-08T08:00:00.000000000,44.23,35.75222
2021-08-08T09:00:00.000000000,43.02,35.6939
2021-08-08T10:00:00.000000000,43.34,35.12174
2021-08-08T11:00:00.000000000,43.85,35.10329
2021-08-08T12:00:00.000000000,43.84,35.1273
2021-08-08T13:00:00.000000000,44.89,34.97109
2021-08-08T14:00:00.000000000,45.52,35.09936
2021-08-08T15:00:00.000000000,46.02,35.32257
2021-08-08T16:00:00.000000000,42.64,35.16808
2021-08-08T17:00:00.000000000,38.34,35.39811
2021-08-08T18:00:00.000000000,34.03,35.28327
2021-08-08T19:00:00.000000000,33.15,34.98986
2021-08-08T20:00:00.000000000,32.0,34.81436
2021-08-08T21:00:00.000000000,31.78,34.5431
2021-08-08T22:00:00.000000000,33.52,34.53335
2021-08-08T23:00:00.000000000,40.84,34.60317
2021-08-09T00:00:00.000000000,43.0,35.03591
2021-08-09T01:00:00.000000000,43.81,35.51459
2021-08-09T02:00:00.000000000,44.56,35.4871
2021-08-09T03:00:00.000000000,44.73,36.03825
2021-08-09T04:00:00.000000000,38.38,36.35717
2021-08-09T05:00:00.000000000,32.29,36.38109
2021-08-09T06:00:00.000000000,32.04,36.33169
2021-08-09T07:00:00.000000000,32.61,36.40099
2021-08-09T08:00:00.000000000,32.29,36.25376
2021-08-09T09:00:00.000000000,32.75,36.16857
2021-08-09T10:00:00.000000000,33.05,35.66555
2021-08-09T11:00:00.000000000,34.22,35.70014
2021-08-09T12:00:00.000000000,33.97,35.8546
2021-08-09T13:00:00.000000000,33.19,35.92837
2021-08-09T14:00:00.000000000,33.35,36.25615
2021-08-09T15:00:00.000000000,33.03,36.66978
2021-08-09T16:00:00.000000000,32.0,36.77542
2021-08-09T17:00:00.000000000,32.08,37.13186
2021-08-09T18:00:00.000000000,31.23,37.0829
2021-08-09T19:00:00.000000000,30.57,36.74387
2021-08-09T20:00:00.000000000,30.34,36.44263
2021-08-09T21:00:00.000000000,30.02,35.90651
2021-08-09T22:00:00.000000000,29.71,35.67624
2021-08-09T23:00:00.000000000,31.28,35.43956
2021-08-10T00:00:00.000000000,31.51,35.93067
2021-08-10T01:00:00.000000000,31.78,36.09844
2021-08-10T02:00:00.000000000,31.87,35.81175
2021-08-10T03:00:00.000000000,31.55,36.12308
2021-08-10T04:00:00.000000000,30.82,36.31251
2021-08-10T05:00:00.000000000,29.84,36.30006
2021-08-10T06:00:00.000000000,30.47,36.35467
2021-08-10T07:00:00.000000000,31.26,36.65277
2021-08-10T08:00:00.000000000,32.3,36.88101
2021-08-10T09:00:00.000000000,32.98,37.06643
2021-08-10T10:00:00.000000000,34.29,36.96221
2021-08-10T11:00:00.000000000,34.32,37.10863
2021-08-10T12:00:00.000000000,34.47,37.19995
2021-08-10T13:00:00.000000000,34.63,37.22983
2021-08-10T14:00:00.000000000,34.23,37.39774
2021-08-10T15:00:00.000000000,33.75,37.49583
2021-08-10T16:00:00.000000000,33.03,37.44508
2021-08-10T17:00:00.000000000,32.67,37.7242
2021-08-10T18:00:00.000000000,32.08,37.77519
2021-08-10T19:00:00.000000000,32.09,37.63341
2021-08-10T20:00:00.000000000,32.09,37.51069
2021-08-10T21:00:00.000000000,32.65,37.22441
2021-08-10T22:00:00.000000000,32.69,37.13288
2021-08-10T23:00:00.000000000,34.51,36.8435
2021-08-08T00:00:00.000000000,40.55,36.92965
2021-08-08T01:00:00.000000000,41.57,37.2326
2021-08-08T02:00:00.000000000,42.46,36.88712
2021-08-08T03:00:00.000000000,43.13,36.97436
2021-08-08T04:00:00.000000000,42.46,36.94346
2021-08-08T05:00:00.000000000,43.89,36.75496
2021-08-08T06:00:00.000000000,44.23,36.82757
2021-08-08T07:00:00.000000000,44.6,37.03531
2021-08-08T08:00:00.000000000,44.23,37.22968
2021-08-08T09:00:00.000000000,43.02,37.47067
2021-08-08T10:00:00.000000000,43.34,37.25123
2021-08-08T11:00:00.000000000,43.85,37.42766
2021-08-08T12:00:00.000000000,43.84,37.44942
2021-08-08T13:00:00.000000000,44.89,37.23248
2021-08-08T14:00:00.000000000,45.52,37.18961
2021-08-08T15:00:00.000000000,46.02,37.11004
2021-08-08T16:00:00.000000000,42.64,36.76558
2021-08-08T17:00:00.000000000,38.34,36.85754
2021-08-08T18:00:00.000000000,34.03,36.78304
2021-08-08T19:00:00.000000000,33.15,36.70656
2021-08-08T20:00:00.000000000,32.0,36.68524
2021-08-08T21:00:00.000000000,31.78,36.65917
2021-08-08T22:00:00.000000000,33.52,36.83371
2021-08-08T23:00:00.000000000,40.84,36.90217
2021-08-09T00:00:00.000000000,43.0,37.12181
2021-08-09T01:00:00.000000000,43.81,37.27525
2021-08-09T02:00:00.000000000,44.56,36.99483
2021-08-09T03:00:00.000000000,44.73,37.20803
2021-08-09T04:00:00.000000000,38.38,37.29447
2021-08-09T05:00:00.000000000,32.29,37.2143
2021-08-09T06:00:00.000000000,32.04,37.22208
2021-08-09T07:00:00.000000000,32.61,37.42428
2021-08-09T08:00:00.000000000,32.29,37.52995
2021-08-09T09:00:00.000000000,32.75,37.59609
2021-08-09T10:00:00.000000000,33.05,37.38737
2021-08-09T11:00:00.000000000,34.22,37.45925
2021-08-09T12:00:00.000000000,33.97,37.50501
2021-08-09T13:00:00.000000000,33.19,37.44666
2021-08-09T14:00:00.000000000,33.35,37.61537
2021-08-09T15:00:00.000000000,33.03,37.75171
2021-08-09T16:00:00.000000000,32.0,37.74679
2021-08-09T17:00:00.000000000,32.08,38.08361
2021-08-09T18:00:00.000000000,31.23,38.18323
2021-08-09T19:00:00.000000000,30.57,38.16288
2021-08-09T20:00:00.000000000,30.34,38.12922
2021-08-09T21:00:00.000000000,30.02,37.92054
2021-08-09T22:00:00.000000000,29.71,37.89403
2021-08-09T23:00:00.000000000,31.28,37.67394
2021-08-10T00:00:00.000000000,31.51,37.77561
2021-08-10T01:00:00.000000000,31.78,37.88217
2021-08-10T02:00:00.000000000,31.87,37.54466
2021-08-10T03:00:00.000000000,31.55,37.6585
2021-08-10T04:00:00.000000000,30.82,37.6591
2021-08-10T05:00:00.000000000,29.84,37.52284
2021-08-10T06:00:00.000000000,30.47,37.50873
2021-08-10T07:00:00.000000000,31.26,37.6943
2021-08-10T08:00:00.000000000,32.3,37.80318
2021-08-10T09:00:00.000000000,32.98,37.86635
2021-08-10T10:00:00.000000000,34.29,37.64684
2021-08-10T11:00:00.000000000,34.32,37.71273
2021-08-10T12:00:00.000000000,34.47,37.72847
2021-08-10T13:00:00.000000000,34.63,37.62731
2021-08-10T14:00:00.000000000,34.23,37.76582
2021-08-10T15:00:00.000000000,33.75,37.88243
2021-08-10T16:00:00.000000000,33.03,37.87319
2021-08-10T17:00:00.000000000,32.67,38.22654
2021-08-10T18:00:00.000000000,32.08,38.3667
2021-08-10T19:00:00.000000000,32.09,38.42376
2021-08-10T20:00:00.000000000,32.09,38.44587
2021-08-10T21:00:00.000000000,32.65,38.30712
2021-08-10T22:00:00.000000000,32.69,38.32938
2021-08-10T23:00:00.000000000,34.51,38.144
2021-08-11T00:00:00.000000000,34.48,37.76355
2021-08-11T01:00:00.000000000,35.04,37.47146
2021-08-11T02:00:00.000000000,35.34,36.80313
2021-08-11T03:00:00.000000000,35.55,36.75873
2021-08-11T04:00:00.000000000,35.28,36.7928
2021-08-11T05:00:00.000000000,33.19,36.7715
2021-08-11T06:00:00.000000000,33.08,37.02814
2021-08-11T07:00:00.000000000,33.35,37.59501
2021-08-11T08:00:00.000000000,34.06,38.13352
2021-08-11T09:00:00.000000000,34.75,38.50518
2021-08-11T10:00:00.000000000,35.66,38.48038
2021-08-11T11:00:00.000000000,35.96,38.49644
2021-08-11T12:00:00.000000000,35.67,38.26795
2021-08-11T13:00:00.000000000,34.82,37.97596
2021-08-11T14:00:00.000000000,34.42,37.83753
2021-08-11T15:00:00.000000000,34.15,37.64098
2021-08-11T16:00:00.000000000,33.92,37.50805
2021-08-11T17:00:00.000000000,33.9,37.92026
2021-08-11T18:00:00.000000000,31.92,38.32565
2021-08-11T19:00:00.000000000,31.72,38.64091
2021-08-11T20:00:00.000000000,31.36,38.89511
2021-08-11T21:00:00.000000000,31.66,38.98069
2021-08-11T22:00:00.000000000,31.76,39.02784
2021-08-11T23:00:00.000000000,34.27,38.70228
2021-08-09T00:00:00.000000000,43.0,37.22209
2021-08-09T01:00:00.000000000,43.81,38.22596
2021-08-09T02:00:00.000000000,44.56,38.5128
2021-08-09T03:00:00.000000000,44.73,38.99498
2021-08-09T04:00:00.000000000,38.38,39.19851
2021-08-09T05:00:00.000000000,32.29,39.04111
2021-08-09T06:00:00.000000000,32.04,39.05277
2021-08-09T07:00:00.000000000,32.61,39.05286
2021-08-09T08:00:00.000000000,32.29,39.1709
2021-08-09T09:00:00.000000000,32.75,39.41681
2021-08-09T10:00:00.000000000,33.05,39.39471
2021-08-09T11:00:00.000000000,34.22,39.98236
2021-08-09T12:00:00.000000000,33.97,40.187
2021-08-09T13:00:00.000000000,33.19,40.19129
2021-08-09T14:00:00.000000000,33.35,40.29179
2021-08-09T15:00:00.000000000,33.03,40.18449
2021-08-09T16:00:00.000000000,32.0,39.72091
2021-08-09T17:00:00.000000000,32.08,39.12242
2021-08-09T18:00:00.000000000,31.23,38.34831
2021-08-09T19:00:00.000000000,30.57,37.5318
2021-08-09T20:00:00.000000000,30.34,36.85368
2021-08-09T21:00:00.000000000,30.02,36.39751
2021-08-09T22:00:00.000000000,29.71,36.44471
2021-08-09T23:00:00.000000000,31.28,36.69763
2021-08-10T00:00:00.000000000,31.51,37.09217
2021-08-10T01:00:00.000000000,31.78,37.58449
2021-08-10T02:00:00.000000000,31.87,37.50178
2021-08-10T03:00:00.000000000,31.55,37.86239
2021-08-10T04:00:00.000000000,30.82,38.05037
2021-08-10T05:00:00.000000000,29.84,37.92703
2021-08-10T06:00:00.000000000,30.47,37.98721
2021-08-10T07:00:00.000000000,31.26,38.17715
2021-08-10T08:00:00.000000000,32.3,38.31038
2021-08-10T09:00:00.000000000,32.98,38.50077
2021-08-10T10:00:00.000000000,34.29,38.33313
2021-08-10T11:00:00.000000000,34.32,38.62087
2021-08-10T12:00:00.000000000,34.47,38.72495
2021-08-10T13:00:00.000000000,34.63,38.64189
2021-08-10T14:00:00.000000000,34.23,38.7182
2021-08-10T15:00:00.000000000,33.75,38.6456
2021-08-10T16:00:00.000000000,33.03,38.40382
2021-08-10T17:00:00.000000000,32.67,38.31162
2021-08-10T18:00:00.000000000,32.08,38.05785
2021-08-10T19:00:00.000000000,32.09,37.74964
2021-08-10T20:00:00.000000000,32.09,37.49574
2021-08-10T21:00:00.000000000,32.65,37.23481
2021-08-10T22:00:00.000000000,32.69,37.31159
2021-08-10T23:00:00.000000000,34.51,37.33215
2021-08-11T00:00:00.000000000,34.48,37.26675
2021-08-11T01:00:00.000000000,35.04,37.64622
2021-08-11T02:00:00.000000000,35.34,37.52622
2021-08-11T03:00:00.000000000,35.55,37.85986
2021-08-11T04:00:00.000000000,35.28,38.03827
2021-08-11T05:00:00.000000000,33.19,37.96053
2021-08-11T06:00:00.000000000,33.08,37.99291
2021-08-11T07:00:00.000000000,33.35,38.15115
2021-08-11T08:00:00.000000000,34.06,38.20017
2021-08-11T09:00:00.000000000,34.75,38.25368
2021-08-11T10:00:00.000000000,35.66,37.9896
2021-08-11T11:00:00.000000000,35.96,38.12558
2021-08-11T12:00:00.000000000,35.67,38.16942
2021-08-11T13:00:00.000000000,34.82,38.06336
2021-08-11T14:00:00.000000000,34.42,38.20156
2021-08-11T15:00:00.000000000,34.15,38.26026
2021-08-11T16:00:00.000000000,33.92,38.17321
2021-08-11T17:00:00.000000000,33.9,38.30359
2021-08-11T18:00:00.000000000,31.92,38.21094
2021-08-11T19:00:00.000000000,31.72,38.04268
2021-08-11T20:00:00.000000000,31.36,37.88367
2021-08-11T21:00:00.000000000,31.66,37.61931
2021-08-11T22:00:00.000000000,31.76,37.63686
2021-08-11T23:00:00.000000000,34.27,37.54598
2021-08-12T00:00:00.000000000,33.32,37.42626
2021-08-12T01:00:00.000000000,33.19,37.38008
2021-08-12T02:00:00.000000000,33.22,36.89473
2021-08-12T03:00:00.000000000,33.27,37.03496
2021-08-12T04:00:00.000000000,33.33,37.21606
2021-08-12T05:00:00.000000000,31.11,37.23023
2021-08-12T06:00:00.000000000,30.84,37.55987
2021-08-12T07:00:00.000000000,30.79,38.11683
2021-08-12T08:00:00.000000000,31.58,38.6224
2021-08-12T09:00:00.000000000,32.32,39.01051
2021-08-12T10:00:00.000000000,32.49,38.9353
2021-08-12T11:00:00.000000000,33.13,39.01934
2021-08-12T12:00:00.000000000,32.91,38.80063
2021-08-12T13:00:00.000000000,32.57,38.46474
2021-08-12T14:00:00.000000000,32.71,38.28001
2021-08-12T15:00:00.000000000,32.36,37.99834
2021-08-12T16:00:00.000000000,31.96,37.74217
2021-08-12T17:00:00.000000000,31.57,37.93168
2021-08-12T18:00:00.000000000,31.08,38.11336
2021-08-12T19:00:00.000000000,30.82,38.24288
2021-08-12T20:00:00.000000000,30.91,38.3558
2021-08-12T21:00:00.000000000,31.84,38.35795
2021-08-12T22:00:00.000000000,31.99,38.43052
2021-08-12T23:00:00.000000000,32.82,38.22946
2021-08-10T00:00:00.000000000,31.51,33.19534
2021-08-10T01:00:00.000000000,31.78,33.6621
2021-08-10T02:00:00.000000000,31.87,33.3193
2021-08-10T03:00:00.000000000,31.55,33.50937
2021-08-10T04:00:00.000000000,30.82,33.45995
2021-08-10T05:00:00.000000000,29.84,33.30329
2021-08-10T06:00:00.000000000,30.47,33.05876
2021-08-10T07:00:00.000000000,31.26,33.23514
2021-08-10T08:00:00.000000000,32.3,33.48905
2021-08-10T09:00:00.000000000,32.98,33.7852
2021-08-10T10:00:00.000000000,34.29,33.85906
2021-08-10T11:00:00.000000000,34.32,34.18061
2021-08-10T12:00:00.000000000,34.47,34.4602
2021-08-10T13:00:00.000000000,34.63,34.60558
2021-08-10T14:00:00.000000000,34.23,34.72569
2021-08-10T15:00:00.000000000,33.75,34.64365
2021-08-10T16:00:00.000000000,33.03,34.24868
2021-08-10T17:00:00.000000000,32.67,34.23473
2021-08-10T18:00:00.000000000,32.08,33.98964
2021-08-10T19:00:00.000000000,32.09,33.56002
2021-08-10T20:00:00.000000000,32.09,33.3405
2021-08-10T21:00:00.000000000,32.65,33.33868
2021-08-10T22:00:00.000000000,32.69,33.52089
2021-08-10T23:00:00.000000000,34.51,33.70547
2021-08-11T00:00:00.000000000,34.48,34.88932
2021-08-11T01:00:00.000000000,35.04,35.39404
2021-08-11T02:00:00.000000000,35.34,35.30322
2021-08-11T03:00:00.000000000,35.55,35.76625
2021-08-11T04:00:00.000000000,35.28,36.03674
2021-08-11T05:00:00.000000000,33.19,36.01714
2021-08-11T06:00:00.000000000,33.08,36.04613
2021-08-11T07:00:00.000000000,33.35,36.25241
2021-08-11T08:00:00.000000000,34.06,36.46119
2021-08-11T09:00:00.000000000,34.75,36.68002
2021-08-11T10:00:00.000000000,35.66,36.57219
2021-08-11T11:00:00.000000000,35.96,36.84649
2021-08-11T12:00:00.000000000,35.67,37.00191
2021-08-11T13:00:00.000000000,34.82,37.07691
2021-08-11T14:00:00.000000000,34.42,37.23519
2021-08-11T15:00:00.000000000,34.15,37.29283
2021-08-11T16:00:00.000000000,33.92,37.08518
2021-08-11T17:00:00.000000000,33.9,37.12135
2021-08-11T18:00:00.000000000,31.92,36.88433
2021-08-11T19:00:00.000000000,31.72,36.46873
2021-08-11T20:00:00.000000000,31.36,36.14429
2021-08-11T21:00:00.000000000,31.66,35.75145
2021-08-11T22:00:00.000000000,31.76,35.69449
2021-08-11T23:00:00.000000000,34.27,35.56839
2021-08-12T00:00:00.000000000,33.32,35.65257
2021-08-12T01:00:00.000000000,33.19,35.91379
2021-08-12T02:00:00.000000000,33.22,35.72654
2021-08-12T03:00:00.000000000,33.27,36.12701
2021-08-12T04:00:00.000000000,33.33,36.36793
2021-08-12T05:00:00.000000000,31.11,36.37681
2021-08-12T06:00:00.000000000,30.84,36.40863
2021-08-12T07:00:00.000000000,30.79,36.66186
2021-08-12T08:00:00.000000000,31.58,36.81462
2021-08-12T09:00:00.000000000,32.32,36.95446
2021-08-12T10:00:00.000000000,32.49,36.84555
2021-08-12T11:00:00.000000000,33.13,37.01257
2021-08-12T12:00:00.000000000,32.91,37.16688
2021-08-12T13:00:00.000000000,32.57,37.25656
2021-08-12T14:00:00.000000000,32.71,37.48857
2021-08-12T15:00:00.000000000,32.36,37.63196
2021-08-12T16:00:00.000000000,31.96,37.60734
2021-08-12T17:00:00.000000000,31.57,37.84057
2021-08-12T18:00:00.000000000,31.08,37.82261
2021-08-12T19:00:00.000000000,30.82,37.58409
2021-08-12T20:00:00.000000000,30.91,37.38774
2021-08-12T21:00:00.000000000,31.84,37.02735
2021-08-12T22:00:00.000000000,31.99,36.90465
2021-08-12T23:00:00.000000000,32.82,36.62088
2021-08-13T00:00:00.000000000,32.93,36.29724
2021-08-13T01:00:00.000000000,32.91,36.53301
2021-08-13T02:00:00.000000000,32.87,36.23741
2021-08-13T03:00:00.000000000,33.21,36.53524
2021-08-13T04:00:00.000000000,32.77,36.7391
2021-08-13T05:00:00.000000000,31.78,36.70713
2021-08-13T06:00:00.000000000,31.93,36.81728
2021-08-13T07:00:00.000000000,33.21,37.14801
2021-08-13T08:00:00.000000000,33.65,37.45041
2021-08-13T09:00:00.000000000,33.73,37.69202
2021-08-13T10:00:00.000000000,33.84,37.55306
2021-08-13T11:00:00.000000000,34.37,37.73348
2021-08-13T12:00:00.000000000,33.98,37.72978
2021-08-13T13:00:00.000000000,33.49,37.64422
2021-08-13T14:00:00.000000000,33.17,37.69206
2021-08-13T15:00:00.000000000,33.72,37.66134
2021-08-13T16:00:00.000000000,33.66,37.50569
2021-08-13T17:00:00.000000000,34.35,37.66605
2021-08-13T18:00:00.000000000,34.2,37.64848
2021-08-13T19:00:00.000000000,33.5,37.50317
2021-08-13T20:00:00.000000000,33.72,37.36396
2021-08-13T21:00:00.000000000,32.85,37.11615
2021-08-13T22:00:00.000000000,33.71,37.1
2021-08-13T23:00:00.000000000,36.6,36.91023
2021-08-11T00:00:00.000000000,34.48,33.73377
2021-08-11T01:00:00.000000000,35.04,34.23574
2021-08-11T02:00:00.000000000,35.34,34.01239
2021-08-11T03:00:00.000000000,35.55,34.32312
2021-08-11T04:00:00.000000000,35.28,34.4135
2021-08-11T05:00:00.000000000,33.19,34.35263
2021-08-11T06:00:00.000000000,33.08,34.35131
2021-08-11T07:00:00.000000000,33.35,34.62171
2021-08-11T08:00:00.000000000,34.06,35.07477
2021-08-11T09:00:00.000000000,34.75,35.5135
2021-08-11T10:00:00.000000000,35.66,35.69738
2021-08-11T11:00:00.000000000,35.96,36.09028
2021-08-11T12:00:00.000000000,35.67,36.25372
2021-08-11T13:00:00.000000000,34.82,36.2639
2021-08-11T14:00:00.000000000,34.42,36.25397
2021-08-11T15:00:00.000000000,34.15,35.96638
2021-08-11T16:00:00.000000000,33.92,35.41298
2021-08-11T17:00:00.000000000,33.9,35.18499
2021-08-11T18:00:00.000000000,31.92,34.83948
2021-08-11T19:00:00.000000000,31.72,34.35826
2021-08-11T20:00:00.000000000,31.36,34.09262
2021-08-11T21:00:00.000000000,31.66,34.03613
2021-08-11T22:00:00.000000000,31.76,34.23326
2021-08-11T23:00:00.000000000,34.27,34.33979
2021-08-12T00:00:00.000000000,33.32,34.97779
2021-08-12T01:00:00.000000000,33.19,35.28974
2021-08-12T02:00:00.000000000,33.22,35.10781
2021-08-12T03:00:00.000000000,33.27,35.57891
2021-08-12T04:00:00.000000000,33.33,35.8958
2021-08-12T05:00:00.000000000,31.11,35.94978
2021-08-12T06:00:00.000000000,30.84,36.01829
2021-08-12T07:00:00.000000000,30.79,36.31304
2021-08-12T08:00:00.000000000,31.58,36.5385
2021-08-12T09:00:00.000000000,32.32,36.72037
2021-08-12T10:00:00.000000000,32.49,36.60414
2021-08-12T11:00:00.000000000,33.13,36.78867
2021-08-12T12:00:00.000000000,32.91,36.91029
2021-08-12T13:00:00.000000000,32.57,36.99572
2021-08-12T14:00:00.000000000,32.71,37.18938
2021-08-12T15:00:00.000000000,32.36,37.30319
2021-08-12T16:00:00.000000000,31.96,37.2423
2021-08-12T17:00:00.000000000,31.57,37.44121
2021-08-12T18:00:00.000000000,31.08,37.38399
2021-08-12T19:00:00.000000000,30.82,37.08299
2021-08-12T20:00:00.000000000,30.91,36.83291
2021-08-12T21:00:00.000000000,31.84,36.42525
2021-08-12T22:00:00.000000000,31.99,36.28107
2021-08-12T23:00:00.000000000,32.82,35.98372
2021-08-13T00:00:00.000000000,32.93,35.75836
2021-08-13T01:00:00.000000000,32.91,36.09709
2021-08-13T02:00:00.000000000,32.87,35.91411
2021-08-13T03:00:00.000000000,33.21,36.31072
2021-08-13T04:00:00.000000000,32.77,36.55368
2021-08-13T05:00:00.000000000,31.78,36.53667
2021-08-13T06:00:00.000000000,31.93,36.57253
2021-08-13T07:00:00.000000000,33.21,36.81102
2021-08-13T08:00:00.000000000,33.65,36.99201
2021-08-13T09:00:00.000000000,33.73,37.14333
2021-08-13T10:00:00.000000000,33.84,36.97305
2021-08-13T11:00:00.000000000,34.37,37.15977
2021-08-13T12:00:00.000000000,33.98,37.25784
2021-08-13T13:00:00.000000000,33.49,37.28913
2021-08-13T14:00:00.000000000,33.17,37.46035
2021-08-13T15:00:00.000000000,33.72,37.56879
2021-08-13T16:00:00.000000000,33.66,37.48962
2021-08-13T17:00:00.000000000,34.35,37.67156
2021-08-13T18:00:00.000000000,34.2,37.59557
2021-08-13T19:00:00.000000000,33.5,37.33877
2021-08-13T20:00:00.000000000,33.72,37.11025
2021-08-13T21:00:00.000000000,32.85,36.74391
2021-08-13T22:00:00.000000000,33.71,36.6582
2021-08-13T23:00:00.000000000,36.6,36.43902
2021-08-14T00:00:00.000000000,36.24,35.97279
2021-08-14T01:00:00.000000000,37.66,36.51274
2021-08-14T02:00:00.000000000,37.76,36.40613
2021-08-14T03:00:00.000000000,38.27,36.75057
2021-08-14T04:00:00.000000000,37.79,36.92119
2021-08-14T05:00:00.000000000,35.8,36.82785
2021-08-14T06:00:00.000000000,34.94,36.84489
2021-08-14T07:00:00.000000000,34.18,36.98911
2021-08-14T08:00:00.000000000,34.09,37.15199
2021-08-14T09:00:00.000000000,35.2,37.31782
2021-08-14T10:00:00.000000000,38.73,37.12076
2021-08-14T11:00:00.000000000,41.56,37.37328
2021-08-14T12:00:00.000000000,41.21,37.4512
2021-08-14T13:00:00.000000000,41.13,37.40039
2021-08-14T14:00:00.000000000,40.89,37.49103
2021-08-14T15:00:00.000000000,39.87,37.52074
2021-08-14T16:00:00.000000000,35.53,37.27136
2021-08-14T17:00:00.000000000,34.59,37.27055
2021-08-14T18:00:00.000000000,34.57,37.01921
2021-08-14T19:00:00.000000000,34.59,36.67911
2021-08-14T20:00:00.000000000,33.63,36.40531
2021-08-14T21:00:00.000000000,33.97,36.09214
2021-08-14T22:00:00.000000000,34.03,36.12312
2021-08-14T23:00:00.000000000,36.04,36.11444
2021-08-12T00:00:00.000000000,33.32,33.28003
2021-08-12T01:00:00.000000000,33.19,34.10502
2021-08-12T02:00:00.000000000,33.22,34.25057
2021-08-12T03:00:00.000000000,33.27,34.89958
2021-08-12T04:00:00.000000000,33.33,35.27147
2021-08-12T05:00:00.000000000,31.11,35.32778
2021-08-12T06:00:00.000000000,30.84,35.33534
2021-08-12T07:00:00.000000000,30.79,35.46529
2021-08-12T08:00:00.000000000,31.58,35.70061
2021-08-12T09:00:00.000000000,32.32,35.93551
2021-08-12T10:00:00.000000000,32.49,35.92349
2021-08-12T11:00:00.000000000,33.13,36.29315
2021-08-12T12:00:00.000000000,32.91,36.46832
2021-08-12T13:00:00.000000000,32.57,36.60042
2021-08-12T14:00:00.000000000,32.71,36.74798
2021-08-12T15:00:00.000000000,32.36,36.73312
2021-08-12T16:00:00.000000000,31.96,36.37187
2021-08-12T17:00:00.000000000,31.57,36.15789
2021-08-12T18:00:00.000000000,31.08,35.65356
2021-08-12T19:00:00.000000000,30.82,34.94067
2021-08-12T20:00:00.000000000,30.91,34.44142
2021-08-12T21:00:00.000000000,31.84,33.97624
2021-08-12T22:00:00.000000000,31.99,33.94835
2021-08-12T23:00:00.000000000,32.82,33.97812
2021-08-13T00:00:00.000000000,32.93,34.38293
2021-08-13T01:00:00.000000000,32.91,35.04705
2021-08-13T02:00:00.000000000,32.87,35.09261
2021-08-13T03:00:00.000000000,33.21,35.67677
2021-08-13T04:00:00.000000000,32.77,36.02683
2021-08-13T05:00:00.000000000,31.78,36.03826
2021-08-13T06:00:00.000000000,31.93,36.02058
2021-08-13T07:00:00.000000000,33.21,36.1567
2021-08-13T08:00:00.000000000,33.65,36.31545
2021-08-13T09:00:00.000000000,33.73,36.47026
2021-08-13T10:00:00.000000000,33.84,36.33023
2021-08-13T11:00:00.000000000,34.37,36.63618
2021-08-13T12:00:00.000000000,33.98,36.82094
2021-08-13T13:00:00.000000000,33.49,36.96357
2021-08-13T14:00:00.000000000,33.17,37.18397
2021-08-13T15:00:00.000000000,33.72,37.30914
2021-08-13T16:00:00.000000000,33.66,37.13218
2021-08-13T17:00:00.000000000,34.35,37.11428
2021-08-13T18:00:00.000000000,34.2,36.76524
2021-08-13T19:00:00.000000000,33.5,36.206
2021-08-13T20:00:00.000000000,33.72,35.74887
2021-08-13T21:00:00.000000000,32.85,35.21989
2021-08-13T22:00:00.000000000,33.71,35.10518
2021-08-13T23:00:00.000000000,36.6,34.98339
2021-08-14T00:00:00.000000000,36.24,34.64609
2021-08-14T01:00:00.000000000,37.66,35.40302
2021-08-14T02:00:00.000000000,37.76,35.46457
2021-08-14T03:00:00.000000000,38.27,35.93433
2021-08-14T04:00:00.000000000,37.79,36.16596
2021-08-14T05:00:00.000000000,35.8,36.12161
2021-08-14T06:00:00.000000000,34.94,36.08512
2021-08-14T07:00:00.000000000,34.18,36.13891
2021-08-14T08:00:00.000000000,34.09,36.22543
2021-08-14T09:00:00.000000000,35.2,36.34877
2021-08-14T10:00:00.000000000,38.73,36.14321
2021-08-14T11:00:00.000000000,41.56,36.4051
2021-08-14T12:00:00.000000000,41.21,36.53029
2021-08-14T13:00:00.000000000,41.13,36.53698
2021-08-14T14:00:00.000000000,40.89,36.6748
2021-08-14T15:00:00.000000000,39.87,36.73825
2021-08-14T16:00:00.000000000,35.53,36.43437
2021-08-14T17:00:00.000000000,34.59,36.34698
2021-08-14T18:00:00.000000000,34.57,35.95494
2021-08-14T19:00:00.000000000,34.59,35.42667
2021-08-14T20:00:00.000000000,33.63,35.04877
2021-08-14T21:00:00.000000000,33.97,34.68584
2021-08-14T22:00:00.000000000,34.03,34.70626
2021-08-14T23:00:00.000000000,36.04,34.78856
2021-08-15T00:00:00.000000000,36.76,34.07283
2021-08-15T01:00:00.000000000,36.67,34.10873
2021-08-15T02:00:00.000000000,36.79,33.77428
2021-08-15T03:00:00.000000000,36.66,34.24752
2021-08-15T04:00:00.000000000,37.13,34.59467
2021-08-15T05:00:00.000000000,36.25,34.76668
2021-08-15T06:00:00.000000000,35.68,34.92171
2021-08-15T07:00:00.000000000,35.73,35.38575
2021-08-15T08:00:00.000000000,37.64,35.76557
2021-08-15T09:00:00.000000000,38.41,36.0555
2021-08-15T10:00:00.000000000,38.21,36.09931
2021-08-15T11:00:00.000000000,38.9,36.23508
2021-08-15T12:00:00.000000000,39.6,36.37794
2021-08-15T13:00:00.000000000,39.37,36.52973
2021-08-15T14:00:00.000000000,39.51,36.74583
2021-08-15T15:00:00.000000000,37.39,36.86492
2021-08-15T16:00:00.000000000,33.02,36.84936
2021-08-15T17:00:00.000000000,31.21,37.19546
2021-08-15T18:00:00.000000000,31.42,37.31998
2021-08-15T19:00:00.000000000,31.37,37.08751
2021-08-15T20:00:00.000000000,31.02,36.91651
2021-08-15T21:00:00.000000000,31.12,36.53137
2021-08-15T22:00:00.000000000,32.16,36.27909
2021-08-15T23:00:00.000000000,35.52,35.75619
2021-08-13T00:00:00.000000000,32.93,33.14606
2021-08-13T01:00:00.000000000,32.91,33.64285
2021-08-13T02:00:00.000000000,32.87,33.41516
2021-08-13T03:00:00.000000000,33.21,33.73013
2021-08-13T04:00:00.000000000,32.77,33.85935
2021-08-13T05:00:00.000000000,31.78,33.86017
2021-08-13T06:00:00.000000000,31.93,33.82873
2021-08-13T07:00:00.000000000,33.21,34.03514
2021-08-13T08:00:00.000000000,33.65,34.26807
2021-08-13T09:00:00.000000000,33.73,34.49724
2021-08-13T10:00:00.000000000,33.84,34.36448
2021-08-13T11:00:00.000000000,34.37,34.50209
2021-08-13T12:00:00.000000000,33.98,34.57133
2021-08-13T13:00:00.000000000,33.49,34.48461
2021-08-13T14:00:00.000000000,33.17,34.49469
2021-08-13T15:00:00.000000000,33.72,34.37649
2021-08-13T16:00:00.000000000,33.66,33.96243
2021-08-13T17:00:00.000000000,34.35,33.99437
2021-08-13T18:00:00.000000000,34.2,33.82799
2021-08-13T19:00:00.000000000,33.5,33.47807
2021-08-13T20:00:00.000000000,33.72,33.34591
2021-08-13T21:00:00.000000000,32.85,33.3215
2021-08-13T22:00:00.000000000,33.71,33.46802
2021-08-13T23:00:00.000000000,36.6,33.60592
2021-08-14T00:00:00.000000000,36.24,33.93707
2021-08-14T01:00:00.000000000,37.66,34.48359
2021-08-14T02:00:00.000000000,37.76,34.3178
2021-08-14T03:00:00.000000000,38.27,34.62122
2021-08-14T04:00:00.000000000,37.79,34.73107
2021-08-14T05:00:00.000000000,35.8,34.68151
2021-08-14T06:00:00.000000000,34.94,34.59551
2021-08-14T07:00:00.000000000,34.18,34.67129
2021-08-14T08:00:00.000000000,34.09,34.69923
2021-08-14T09:00:00.000000000,35.2,34.76425
2021-08-14T10:00:00.000000000,38.73,34.36821
2021-08-14T11:00:00.000000000,41.56,34.40681
2021-08-14T12:00:00.000000000,41.21,34.44889
2021-08-14T13:00:00.000000000,41.13,34.31361
2021-08-14T14:00:00.000000000,40.89,34.38301
2021-08-14T15:00:00.000000000,39.87,34.44653
2021-08-14T16:00:00.000000000,35.53,34.16053
2021-08-14T17:00:00.000000000,34.59,34.31607
2021-08-14T18:00:00.000000000,34.57,34.18145
2021-08-14T19:00:00.000000000,34.59,33.87983
2021-08-14T20:00:00.000000000,33.63,33.74601
2021-08-14T21:00:00.000000000,33.97,33.65171
2021-08-14T22:00:00.000000000,34.03,33.75339
2021-08-14T23:00:00.000000000,36.04,33.92565
2021-08-15T00:00:00.000000000,36.76,33.8337
2021-08-15T01:00:00.000000000,36.67,34.14604
2021-08-15T02:00:00.000000000,36.79,33.91907
2021-08-15T03:00:00.000000000,36.66,34.34764
2021-08-15T04:00:00.000000000,37.13,34.53309
2021-08-15T05:00:00.000000000,36.25,34.50268
2021-08-15T06:00:00.000000000,35.68,34.46464
2021-08-15T07:00:00.000000000,35.73,34.73396
2021-08-15T08:00:00.000000000,37.64,35.00437
2021-08-15T09:00:00.000000000,38.41,35.32717
2021-08-15T10:00:00.000000000,38.21,35.38627
2021-08-15T11:00:00.000000000,38.9,35.71079
2021-08-15T12:00:00.000000000,39.6,36.04113
2021-08-15T13:00:00.000000000,39.37,36.29671
2021-08-15T14:00:00.000000000,39.51,36.54803
2021-08-15T15:00:00.000000000,37.39,36.65421
2021-08-15T16:00:00.000000000,33.02,36.47109
2021-08-15T17:00:00.000000000,31.21,36.58802
2021-08-15T18:00:00.000000000,31.42,36.44683
2021-08-15T19:00:00.000000000,31.37,36.00732
2021-08-15T20:00:00.000000000,31.02,35.69504
2021-08-15T21:00:00.000000000,31.12,35.32798
2021-08-15T22:00:00.000000000,32.16,35.22279
2021-08-15T23:00:00.000000000,35.52,34.98926
2021-08-16T00:00:00.000000000,35.13,34.60257
2021-08-16T01:00:00.000000000,36.02,35.10494
2021-08-16T02:00:00.000000000,36.23,34.99659
2021-08-16T03:00:00.000000000,35.82,35.47758
2021-08-16T04:00:00.000000000,34.76,35.75262
2021-08-16T05:00:00.000000000,32.88,35.74666
2021-08-16T06:00:00.000000000,34.01,35.76629
2021-08-16T07:00:00.000000000,34.42,35.99415
2021-08-16T08:00:00.000000000,35.01,36.26736
2021-08-16T09:00:00.000000000,34.9,36.51623
2021-08-16T10:00:00.000000000,35.21,36.45748
2021-08-16T11:00:00.000000000,35.57,36.76788
2021-08-16T12:00:00.000000000,36.39,36.92981
2021-08-16T13:00:00.000000000,36.05,37.02002
2021-08-16T14:00:00.000000000,36.17,37.17153
2021-08-16T15:00:00.000000000,35.69,37.18973
2021-08-16T16:00:00.000000000,35.63,36.95806
2021-08-16T17:00:00.000000000,35.14,36.94325
2021-08-16T18:00:00.000000000,34.44,36.67593
2021-08-16T19:00:00.000000000,33.65,36.21311
2021-08-16T20:00:00.000000000,33.09,35.84774
2021-08-16T21:00:00.000000000,33.48,35.45303
2021-08-16T22:00:00.000000000,35.11,35.40174
2021-08-16T23:00:00.000000000,38.54,35.26584
2021-08-14T00:00:00.000000000,36.24,34.90902
2021-08-14T01:00:00.000000000,37.66,35.36226
2021-08-14T02:00:00.000000000,37.76,35.07794
2021-08-14T03:00:00.000000000,38.27,35.23503
2021-08-14T04:00:00.000000000,37.79,35.20646
2021-08-14T05:00:00.000000000,35.8,35.05255
2021-08-14T06:00:00.000000000,34.94,34.91345
2021-08-14T07:00:00.000000000,34.18,34.98943
2021-08-14T08:00:00.000000000,34.09,35.07649
2021-08-14T09:00:00.000000000,35.2,35.18266
2021-08-14T10:00:00.000000000,38.73,34.85403
2021-08-14T11:00:00.000000000,41.56,34.97685
2021-08-14T12:00:00.000000000,41.21,35.05924
2021-08-14T13:00:00.000000000,41.13,34.9387
2021-08-14T14:00:00.000000000,40.89,34.99846
2021-08-14T15:00:00.000000000,39.87,35.03009
2021-08-14T16:00:00.000000000,35.53,34.72599
2021-08-14T17:00:00.000000000,34.59,34.85375
2021-08-14T18:00:00.000000000,34.57,34.71401
2021-08-14T19:00:00.000000000,34.59,34.46185
2021-08-14T20:00:00.000000000,33.63,34.32882
2021-08-14T21:00:00.000000000,33.97,34.29163
2021-08-14T22:00:00.000000000,34.03,34.44466
2021-08-14T23:00:00.000000000,36.04,34.63293
2021-08-15T00:00:00.000000000,36.76,34.75851
2021-08-15T01:00:00.000000000,36.67,34.84601
2021-08-15T02:00:00.000000000,36.79,34.5239
2021-08-15T03:00:00.000000000,36.66,34.91522
2021-08-15T04:00:00.000000000,37.13,35.16389
2021-08-15T05:00:00.000000000,36.25,35.23467
2021-08-15T06:00:00.000000000,35.68,35.31837
2021-08-15T07:00:00.000000000,35.73,35.69756
2021-08-15T08:00:00.000000000,37.64,36.00551
2021-08-15T09:00:00.000000000,38.41,36.26315
2021-08-15T10:00:00.000000000,38.21,36.266
2021-08-15T11:00:00.000000000,38.9,36.43166
2021-08-15T12:00:00.000000000,39.6,36.59881
2021-08-15T13:00:00.000000000,39.37,36.73639
2021-08-15T14:00:00.000000000,39.51,36.95306
2021-08-15T15:00:00.000000000,37.39,37.07827
2021-08-15T16:00:00.000000000,33.02,37.04007
2021-08-15T17:00:00.000000000,31.21,37.3524
2021-08-15T18:00:00.000000000,31.42,37.43604
2021-08-15T19:00:00.000000000,31.37,37.22193
2021-08-15T20:00:00.000000000,31.02,37.0592
2021-08-15T21:00:00.000000000,31.12,36.71387
2021-08-15T22:00:00.000000000,32.16,36.53339
2021-08-15T23:00:00.000000000,35.52,36.11787
2021-08-16T00:00:00.000000000,35.13,35.79156
2021-08-16T01:00:00.000000000,36.02,35.95389
2021-08-16T02:00:00.000000000,36.23,35.67158
2021-08-16T03:00:00.000000000,35.82,35.96752
2021-08-16T04:00:00.000000000,34.76,36.10802
2021-08-16T05:00:00.000000000,32.88,36.05228
2021-08-16T06:00:00.000000000,34.01,36.04511
2021-08-16T07:00:00.000000000,34.42,36.32755
2021-08-16T08:00:00.000000000,35.01,36.54827
2021-08-16T09:00:00.000000000,34.9,36.77545
2021-08-16T10:00:00.000000000,35.21,36.79912
2021-08-16T11:00:00.000000000,35.57,37.03741
2021-08-16T12:00:00.000000000,36.39,37.26574
2021-08-16T13:00:00.000000000,36.05,37.42556
2021-08-16T14:00:00.000000000,36.17,37.66866
2021-08-16T15:00:00.000000000,35.69,37.77881
2021-08-16T16:00:00.000000000,35.63,37.72663
2021-08-16T17:00:00.000000000,35.14,37.95068
2021-08-16T18:00:00.000000000,34.44,37.9599
2021-08-16T19:00:00.000000000,33.65,37.74713
2021-08-16T20:00:00.000000000,33.09,37.58236
2021-08-16T21:00:00.000000000,33.48,37.28542
2021-08-16T22:00:00.000000000,35.11,37.18676
2021-08-16T23:00:00.000000000,38.54,36.89423
2021-08-17T00:00:00.000000000,39.71,36.45189
2021-08-17T01:00:00.000000000,40.32,36.62735
2021-08-17T02:00:00.000000000,40.74,36.26679
2021-08-17T03:00:00.000000000,40.71,36.43476
2021-08-17T04:00:00.000000000,37.99,36.45963
2021-08-17T05:00:00.000000000,32.3,36.28942
2021-08-17T06:00:00.000000000,32.26,36.30219
2021-08-17T07:00:00.000000000,32.58,36.60299
2021-08-17T08:00:00.000000000,33.03,36.92065
2021-08-17T09:00:00.000000000,32.93,37.26883
2021-08-17T10:00:00.000000000,33.37,37.32988
2021-08-17T11:00:00.000000000,33.66,37.65266
2021-08-17T12:00:00.000000000,33.66,37.85297
2021-08-17T13:00:00.000000000,33.66,37.9132
2021-08-17T14:00:00.000000000,33.66,38.02372
2021-08-17T15:00:00.000000000,33.66,37.97186
2021-08-17T16:00:00.000000000,32.7,37.74599
2021-08-17T17:00:00.000000000,33.19,37.82238
2021-08-17T18:00:00.000000000,33.09,37.75889
2021-08-17T19:00:00.000000000,32.7,37.5788
2021-08-17T20:00:00.000000000,32.6,37.45381
2021-08-17T21:00:00.000000000,32.52,37.29368
2021-08-17T22:00:00.000000000,32.96,37.34485
2021-08-17T23:00:00.000000000,34.2,37.20651
2021-08-15T00:00:00.000000000,36.76,37.30273
2021-08-15T01:00:00.000000000,36.67,37.97447
2021-08-15T02:00:00.000000000,36.79,37.72059
2021-08-15T03:00:00.000000000,36.66,37.66427
2021-08-15T04:00:00.000000000,37.13,37.27753
2021-08-15T05:00:00.000000000,36.25,36.60436
2021-08-15T06:00:00.000000000,35.68,36.32793
2021-08-15T07:00:00.000000000,35.73,36.43118
2021-08-15T08:00:00.000000000,37.64,36.89266
2021-08-15T09:00:00.000000000,38.41,37.64855
2021-08-15T10:00:00.000000000,38.21,38.27104
2021-08-15T11:00:00.000000000,38.9,39.30773
2021-08-15T12:00:00.000000000,39.6,39.97542
2021-08-15T13:00:00.000000000,39.37,40.30723
2021-08-15T14:00:00.000000000,39.51,40.36035
2021-08-15T15:00:00.000000000,37.39,39.90905
2021-08-15T16:00:00.000000000,33.02,39.11649
2021-08-15T17:00:00.000000000,31.21,38.28387
2021-08-15T18:00:00.000000000,31.42,37.50846
2021-08-15T19:00:00.000000000,31.37,36.82733
2021-08-15T20:00:00.000000000,31.02,36.38269
2021-08-15T21:00:00.000000000,31.12,36.39205
2021-08-15T22:00:00.000000000,32.16,36.85785
2021-08-15T23:00:00.000000000,35.52,37.33867
2021-08-16T00:00:00.000000000,35.13,38.38315
2021-08-16T01:00:00.000000000,36.02,38.96761
2021-08-16T02:00:00.000000000,36.23,38.70269
2021-08-16T03:00:00.000000000,35.82,38.62745
2021-08-16T04:00:00.000000000,34.76,38.22487
2021-08-16T05:00:00.000000000,32.88,37.50126
2021-08-16T06:00:00.000000000,34.01,37.18234
2021-08-16T07:00:00.000000000,34.42,37.23419
2021-08-16T08:00:00.000000000,35.01,37.5411
2021-08-16T09:00:00.000000000,34.9,38.18516
2021-08-16T10:00:00.000000000,35.21,38.62285
2021-08-16T11:00:00.000000000,35.57,39.60572
2021-08-16T12:00:00.000000000,36.39,40.30414
2021-08-16T13:00:00.000000000,36.05,40.6484
2021-08-16T14:00:00.000000000,36.17,40.78258
2021-08-16T15:00:00.000000000,35.69,40.47003
2021-08-16T16:00:00.000000000,35.63,39.82347
2021-08-16T17:00:00.000000000,35.14,39.15845
2021-08-16T18:00:00.000000000,34.44,38.48447
2021-08-16T19:00:00.000000000,33.65,37.90487
2021-08-16T20:00:00.000000000,33.09,37.47792
2021-08-16T21:00:00.000000000,33.48,37.42651
2021-08-16T22:00:00.000000000,35.11,37.82766
2021-08-16T23:00:00.000000000,38.54,38.25849
2021-08-17T00:00:00.000000000,39.71,38.26605
2021-08-17T01:00:00.000000000,40.32,38.85572
2021-08-17T02:00:00.000000000,40.74,38.65508
2021-08-17T03:00:00.000000000,40.71,38.66202
2021-08-17T04:00:00.000000000,37.99,38.42835
2021-08-17T05:00:00.000000000,32.3,37.94038
2021-08-17T06:00:00.000000000,32.26,37.70627
2021-08-17T07:00:00.000000000,32.58,37.75016
2021-08-17T08:00:00.000000000,33.03,37.98856
2021-08-17T09:00:00.000000000,32.93,38.36447
2021-08-17T10:00:00.000000000,33.37,38.55587
2021-08-17T11:00:00.000000000,33.66,39.21838
2021-08-17T12:00:00.000000000,33.66,39.58785
2021-08-17T13:00:00.000000000,33.66,39.72425
2021-08-17T14:00:00.000000000,33.66,39.84882
2021-08-17T15:00:00.000000000,33.66,39.70057
2021-08-17T16:00:00.000000000,32.7,39.27163
2021-08-17T17:00:00.000000000,33.19,38.8481
2021-08-17T18:00:00.000000000,33.09,38.33713
2021-08-17T19:00:00.000000000,32.7,37.887
2021-08-17T20:00:00.000000000,32.6,37.53137
2021-08-17T21:00:00.000000000,32.52,37.39672
2021-08-17T22:00:00.000000000,32.96,37.66874
2021-08-17T23:00:00.000000000,34.2,37.92663
2021-08-18T00:00:00.000000000,35.06,36.29358
2021-08-18T01:00:00.000000000,34.57,36.46782
2021-08-18T02:00:00.000000000,33.96,36.02524
2021-08-18T03:00:00.000000000,33.77,36.08492
2021-08-18T04:00:00.000000000,32.91,35.96635
2021-08-18T05:00:00.000000000,30.02,35.69343
2021-08-18T06:00:00.000000000,29.75,35.6436
2021-08-18T07:00:00.000000000,30.76,35.96437
2021-08-18T08:00:00.000000000,33.36,36.43818
2021-08-18T09:00:00.000000000,34.1,36.96523
2021-08-18T10:00:00.000000000,34.89,37.23149
2021-08-18T11:00:00.000000000,35.35,37.74462
2021-08-18T12:00:00.000000000,35.65,38.05651
2021-08-18T13:00:00.000000000,35.66,38.17976
2021-08-18T14:00:00.000000000,35.42,38.25517
2021-08-18T15:00:00.000000000,35.31,38.06284
2021-08-18T16:00:00.000000000,35.47,37.65124
2021-08-18T17:00:00.000000000,35.37,37.51793
2021-08-18T18:00:00.000000000,34.94,37.31927
2021-08-18T19:00:00.000000000,35.82,37.02993
2021-08-18T20:00:00.000000000,36.23,36.83391
2021-08-18T21:00:00.000000000,37.12,36.75586
2021-08-18T22:00:00.000000000,39.15,36.91763
2021-08-18T23:00:00.000000000,39.48,36.86899
2021-08-16T00:00:00.000000000,35.13,34.98215
2021-08-16T01:00:00.000000000,36.02,35.6016
2021-08-16T02:00:00.000000000,36.23,35.38399
2021-08-16T03:00:00.000000000,35.82,35.58746
2021-08-16T04:00:00.000000000,34.76,35.59132
2021-08-16T05:00:00.000000000,32.88,35.43386
2021-08-16T06:00:00.000000000,34.01,35.57023
2021-08-16T07:00:00.000000000,34.42,35.91866
2021-08-16T08:00:00.000000000,35.01,36.56281
2021-08-16T09:00:00.000000000,34.9,37.20921
2021-08-16T10:00:00.000000000,35.21,37.60278
2021-08-16T11:00:00.000000000,35.57,38.1424
2021-08-16T12:00:00.000000000,36.39,38.19922
2021-08-16T13:00:00.000000000,36.05,38.03633
2021-08-16T14:00:00.000000000,36.17,37.76836
2021-08-16T15:00:00.000000000,35.69,37.13011
2021-08-16T16:00:00.000000000,35.63,36.27876
2021-08-16T17:00:00.000000000,35.14,35.65882
2021-08-16T18:00:00.000000000,34.44,35.14405
2021-08-16T19:00:00.000000000,33.65,34.65506
2021-08-16T20:00:00.000000000,33.09,34.45064
2021-08-16T21:00:00.000000000,33.48,34.59441
2021-08-16T22:00:00.000000000,35.11,35.01309
2021-08-16T23:00:00.000000000,38.54,35.39502
2021-08-17T00:00:00.000000000,39.71,35.30946
2021-08-17T01:00:00.000000000,40.32,36.01072
2021-08-17T02:00:00.000000000,40.74,35.98219
2021-08-17T03:00:00.000000000,40.71,36.29348
2021-08-17T04:00:00.000000000,37.99,36.4007
2021-08-17T05:00:00.000000000,32.3,36.29177
2021-08-17T06:00:00.000000000,32.26,36.28399
2021-08-17T07:00:00.000000000,32.58,36.3724
2021-08-17T08:00:00.000000000,33.03,36.57677
2021-08-17T09:00:00.000000000,32.93,36.79874
2021-08-17T10:00:00.000000000,33.37,36.7217
2021-08-17T11:00:00.000000000,33.66,37.04131
2021-08-17T12:00:00.000000000,33.66,37.12825
2021-08-17T13:00:00.000000000,33.66,37.04605
2021-08-17T14:00:00.000000000,33.66,37.07758
2021-08-17T15:00:00.000000000,33.66,36.97423
2021-08-17T16:00:00.000000000,32.7,36.52146
2021-08-17T17:00:00.000000000,33.19,36.32054
2021-08-17T18:00:00.000000000,33.09,35.90142
2021-08-17T19:00:00.000000000,32.7,35.43924
2021-08-17T20:00:00.000000000,32.6,35.13973
2021-08-17T21:00:00.000000000,32.52,34.94555
2021-08-17T22:00:00.000000000,32.96,35.10147
2021-08-17T23:00:00.000000000,34.2,35.28685
2021-08-18T00:00:00.000000000,35.06,34.56413
2021-08-18T01:00:00.000000000,34.57,35.08797
2021-08-18T02:00:00.000000000,33.96,34.8883
2021-08-18T03:00:00.000000000,33.77,35.15048
2021-08-18T04:00:00.000000000,32.91,35.17994
2021-08-18T05:00:00.000000000,30.02,35.03967
2021-08-18T06:00:00.000000000,29.75,34.92775
2021-08-18T07:00:00.000000000,30.76,35.07973
2021-08-18T08:00:00.000000000,33.36,35.35052
2021-08-18T09:00:00.000000000,34.1,35.63489
2021-08-18T10:00:00.000000000,34.89,35.63618
2021-08-18T11:00:00.000000000,35.35,35.97702
2021-08-18T12:00:00.000000000,35.65,36.16249
2021-08-18T13:00:00.000000000,35.66,36.19012
2021-08-18T14:00:00.000000000,35.42,36.2691
2021-08-18T15:00:00.000000000,35.31,36.16351
2021-08-18T16:00:00.000000000,35.47,35.75841
2021-08-18T17:00:00.000000000,35.37,35.64142
2021-08-18T18:00:00.000000000,34.94,35.32641
2021-08-18T19:00:00.000000000,35.82,34.88472
2021-08-18T20:00:00.000000000,36.23,34.60405
2021-08-18T21:00:00.000000000,37.12,34.48703
2021-08-18T22:00:00.000000000,39.15,34.64142
2021-08-18T23:00:00.000000000,39.48,34.76138
2021-08-19T00:00:00.000000000,40.59,34.35786
2021-08-19T01:00:00.000000000,41.33,34.85509
2021-08-19T02:00:00.000000000,41.43,34.635
2021-08-19T03:00:00.000000000,40.68,34.90493
2021-08-19T04:00:00.000000000,38.18,34.90747
2021-08-19T05:00:00.000000000,34.96,34.73037
2021-08-19T06:00:00.000000000,33.91,34.55717
2021-08-19T07:00:00.000000000,34.27,34.70451
2021-08-19T08:00:00.000000000,34.59,34.98732
2021-08-19T09:00:00.000000000,35.16,35.31613
2021-08-19T10:00:00.000000000,35.81,35.3955
2021-08-19T11:00:00.000000000,35.77,35.80895
2021-08-19T12:00:00.000000000,35.69,36.10289
2021-08-19T13:00:00.000000000,35.45,36.25514
2021-08-19T14:00:00.000000000,34.88,36.4077
2021-08-19T15:00:00.000000000,34.89,36.34957
2021-08-19T16:00:00.000000000,35.14,35.97489
2021-08-19T17:00:00.000000000,35.14,35.86232
2021-08-19T18:00:00.000000000,35.01,35.52847
2021-08-19T19:00:00.000000000,34.52,35.03032
2021-08-19T20:00:00.000000000,34.48,34.69234
2021-08-19T21:00:00.000000000,35.08,34.52494
2021-08-19T22:00:00.000000000,36.58,34.64326
2021-08-19T23:00:00.000000000,37.65,34.71688
2021-08-17T00:00:00.000000000,39.71,34.98717
2021-08-17T01:00:00.000000000,40.32,35.39744
2021-08-17T02:00:00.000000000,40.74,35.05727
2021-08-17T03:00:00.000000000,40.71,35.17339
2021-08-17T04:00:00.000000000,37.99,35.10627
2021-08-17T05:00:00.000000000,32.3,34.93275
2021-08-17T06:00:00.000000000,32.26,34.80769
2021-08-17T07:00:00.000000000,32.58,34.9532
2021-08-17T08:00:00.000000000,33.03,35.18229
2021-08-17T09:00:00.000000000,32.93,35.4072
2021-08-17T10:00:00.000000000,33.37,35.26715
2021-08-17T11:00:00.000000000,33.66,35.49937
2021-08-17T12:00:00.000000000,33.66,35.61384
2021-08-17T13:00:00.000000000,33.66,35.52775
2021-08-17T14:00:00.000000000,33.66,35.5519
2021-08-17T15:00:00.000000000,33.66,35.45758
2021-08-17T16:00:00.000000000,32.7,35.06504
2021-08-17T17:00:00.000000000,33.19,35.08061
2021-08-17T18:00:00.000000000,33.09,34.89126
2021-08-17T19:00:00.000000000,32.7,34.61272
2021-08-17T20:00:00.000000000,32.6,34.4603
2021-08-17T21:00:00.000000000,32.52,34.47474
2021-08-17T22:00:00.000000000,32.96,34.67595
2021-08-17T23:00:00.000000000,34.2,34.85523
2021-08-18T00:00:00.000000000,35.06,34.29426
2021-08-18T01:00:00.000000000,34.57,34.766
2021-08-18T02:00:00.000000000,33.96,34.49794
2021-08-18T03:00:00.000000000,33.77,34.70517
2021-08-18T04:00:00.000000000,32.91,34.72053
2021-08-18T05:00:00.000000000,30.02,34.60431
2021-08-18T06:00:00.000000000,29.75,34.46941
2021-08-18T07:00:00.000000000,30.76,34.56481
2021-08-18T08:00:00.000000000,33.36,34.65951
2021-08-18T09:00:00.000000000,34.1,34.77831
2021-08-18T10:00:00.000000000,34.89,34.47012
2021-08-18T11:00:00.000000000,35.35,34.57834
2021-08-18T12:00:00.000000000,35.65,34.66635
2021-08-18T13:00:00.000000000,35.66,34.56987
2021-08-18T14:00:00.000000000,35.42,34.63719
2021-08-18T15:00:00.000000000,35.31,34.66405
2021-08-18T16:00:00.000000000,35.47,34.35753
2021-08-18T17:00:00.000000000,35.37,34.49215
2021-08-18T18:00:00.000000000,34.94,34.35574
2021-08-18T19:00:00.000000000,35.82,34.07624
2021-08-18T20:00:00.000000000,36.23,33.94226
2021-08-18T21:00:00.000000000,37.12,33.89951
2021-08-18T22:00:00.000000000,39.15,34.03677
2021-08-18T23:00:00.000000000,39.48,34.21485
2021-08-19T00:00:00.000000000,40.59,34.18089
2021-08-19T01:00:00.000000000,41.33,34.6916
2021-08-19T02:00:00.000000000,41.43,34.46225
2021-08-19T03:00:00.000000000,40.68,34.71154
2021-08-19T04:00:00.000000000,38.18,34.73138
2021-08-19T05:00:00.000000000,34.96,34.5985
2021-08-19T06:00:00.000000000,33.91,34.44031
2021-08-19T07:00:00.000000000,34.27,34.54402
2021-08-19T08:00:00.000000000,34.59,34.69441
2021-08-19T09:00:00.000000000,35.16,34.88282
2021-08-19T10:00:00.000000000,35.81,34.71586
2021-08-19T11:00:00.000000000,35.77,34.9374
2021-08-19T12:00:00.000000000,35.69,35.1053
2021-08-19T13:00:00.000000000,35.45,35.10841
2021-08-19T14:00:00.000000000,34.88,35.2149
2021-08-19T15:00:00.000000000,34.89,35.21576
2021-08-19T16:00:00.000000000,35.14,34.88415
2021-08-19T17:00:00.000000000,35.14,34.91673
2021-08-19T18:00:00.000000000,35.01,34.69043
2021-08-19T19:00:00.000000000,34.52,34.30583
2021-08-19T20:00:00.000000000,34.48,34.08114
2021-08-19T21:00:00.000000000,35.08,33.98659
2021-08-19T22:00:00.000000000,36.58,34.11519
2021-08-19T23:00:00.000000000,37.65,34.26551
2021-08-20T00:00:00.000000000,37.48,34.32676
2021-08-20T01:00:00.000000000,38.0,34.59347
2021-08-20T02:00:00.000000000,37.92,34.26501
2021-08-20T03:00:00.000000000,38.25,34.54486
2021-08-20T04:00:00.000000000,36.22,34.59608
2021-08-20T05:00:00.000000000,34.33,34.48154
2021-08-20T06:00:00.000000000,34.57,34.42238
2021-08-20T07:00:00.000000000,35.96,34.71566
2021-08-20T08:00:00.000000000,36.3,35.12846
2021-08-20T09:00:00.000000000,35.89,35.5684
2021-08-20T10:00:00.000000000,35.84,35.76479
2021-08-20T11:00:00.000000000,35.8,36.189
2021-08-20T12:00:00.000000000,35.54,36.51614
2021-08-20T13:00:00.000000000,35.49,36.73274
2021-08-20T14:00:00.000000000,35.12,36.89796
2021-08-20T15:00:00.000000000,34.84,36.84885
2021-08-20T16:00:00.000000000,34.83,36.52231
2021-08-20T17:00:00.000000000,34.61,36.51869
2021-08-20T18:00:00.000000000,33.52,36.32684
2021-08-20T19:00:00.000000000,34.16,35.90999
2021-08-20T20:00:00.000000000,35.22,35.62152
2021-08-20T21:00:00.000000000,35.33,35.39062
2021-08-20T22:00:00.000000000,36.25,35.40992
2021-08-20T23:00:00.000000000,37.34,35.26391
2021-08-18T00:00:00.000000000,35.06,34.08521
2021-08-18T01:00:00.000000000,34.57,34.56275
2021-08-18T02:00:00.000000000,33.96,34.30016
2021-08-18T03:00:00.000000000,33.77,34.52452
2021-08-18T04:00:00.000000000,32.91,34.55485
2021-08-18T05:00:00.000000000,30.02,34.4518
2021-08-18T06:00:00.000000000,29.75,34.31863
2021-08-18T07:00:00.000000000,30.76,34.42076
2021-08-18T08:00:00.000000000,33.36,34.51773
2021-08-18T09:00:00.000000000,34.1,34.64071
2021-08-18T10:00:00.000000000,34.89,34.33997
2021-08-18T11:00:00.000000000,35.35,34.44304
2021-08-18T12:00:00.000000000,35.65,34.53332
2021-08-18T13:00:00.000000000,35.66,34.44562
2021-08-18T14:00:00.000000000,35.42,34.51601
2021-08-18T15:00:00.000000000,35.31,34.5421
2021-08-18T16:00:00.000000000,35.47,34.23533
2021-08-18T17:00:00.000000000,35.37,34.37298
2021-08-18T18:00:00.000000000,34.94,34.23839
2021-08-18T19:00:00.000000000,35.82,33.94979
2021-08-18T20:00:00.000000000,36.23,33.81579
2021-08-18T21:00:00.000000000,37.12,33.77054
2021-08-18T22:00:00.000000000,39.15,33.90181
2021-08-18T23:00:00.000000000,39.48,34.07563
2021-08-19T00:00:00.000000000,40.59,34.27292
2021-08-19T01:00:00.000000000,41.33,34.80735
2021-08-19T02:00:00.000000000,41.43,34.61418
2021-08-19T03:00:00.000000000,40.68,34.89708
2021-08-19T04:00:00.000000000,38.18,34.91986
2021-08-19T05:00:00.000000000,34.96,34.76411
2021-08-19T06:00:00.000000000,33.91,34.59609
2021-08-19T07:00:00.000000000,34.27,34.71959
2021-08-19T08:00:00.000000000,34.59,34.94993
2021-08-19T09:00:00.000000000,35.16,35.22314
2021-08-19T10:00:00.000000000,35.81,35.21904
2021-08-19T11:00:00.000000000,35.77,35.57138
2021-08-19T12:00:00.000000000,35.69,35.81769
2021-08-19T13:00:00.000000000,35.45,35.9186
2021-08-19T14:00:00.000000000,34.88,36.05747
2021-08-19T15:00:00.000000000,34.89,36.01749
2021-08-19T16:00:00.000000000,35.14,35.65456
2021-08-19T17:00:00.000000000,35.14,35.5703
2021-08-19T18:00:00.000000000,35.01,35.2505
2021-08-19T19:00:00.000000000,34.52,34.76944
2021-08-19T20:00:00.000000000,34.48,34.45327
2021-08-19T21:00:00.000000000,35.08,34.29845
2021-08-19T22:00:00.000000000,36.58,34.41955
2021-08-19T23:00:00.000000000,37.65,34.52652
2021-08-20T00:00:00.000000000,37.48,34.77635
2021-08-20T01:00:00.000000000,38.0,35.21829
2021-08-20T02:00:00.000000000,37.92,35.093
2021-08-20T03:00:00.000000000,38.25,35.55744
2021-08-20T04:00:00.000000000,36.22,35.8228
2021-08-20T05:00:00.000000000,34.33,35.8122
2021-08-20T06:00:00.000000000,34.57,35.82079
2021-08-20T07:00:00.000000000,35.96,36.04775
2021-08-20T08:00:00.000000000,36.3,36.28064
2021-08-20T09:00:00.000000000,35.89,36.50352
2021-08-20T10:00:00.000000000,35.84,36.42835
2021-08-20T11:00:00.000000000,35.8,36.70939
2021-08-20T12:00:00.000000000,35.54,36.89008
2021-08-20T13:00:00.000000000,35.49,37.00695
2021-08-20T14:00:00.000000000,35.12,37.19559
2021-08-20T15:00:00.000000000,34.84,37.2716
2021-08-20T16:00:00.000000000,34.83,37.10404
2021-08-20T17:00:00.000000000,34.61,37.17033
2021-08-20T18:00:00.000000000,33.52,36.96968
2021-08-20T19:00:00.000000000,34.16,36.55568
2021-08-20T20:00:00.000000000,35.22,36.22274
2021-08-20T21:00:00.000000000,35.33,35.81404
2021-08-20T22:00:00.000000000,36.25,35.72992
2021-08-20T23:00:00.000000000,37.34,35.54529
2021-08-21T00:00:00.000000000,37.36,36.99422
2021-08-21T01:00:00.000000000,37.24,37.30706
2021-08-21T02:00:00.000000000,37.35,37.05466
2021-08-21T03:00:00.000000000,37.42,37.23063
2021-08-21T04:00:00.000000000,36.82,37.19058
2021-08-21T05:00:00.000000000,36.95,36.90032
2021-08-21T06:00:00.000000000,37.26,36.76789
2021-08-21T07:00:00.000000000,36.29,36.93265
2021-08-21T08:00:00.000000000,36.31,37.11477
2021-08-21T09:00:00.000000000,37.08,37.41802
2021-08-21T10:00:00.000000000,37.7,37.49936
2021-08-21T11:00:00.000000000,38.31,37.96009
2021-08-21T12:00:00.000000000,38.94,38.33979
2021-08-21T13:00:00.000000000,38.99,38.55619
2021-08-21T14:00:00.000000000,39.31,38.79116
2021-08-21T15:00:00.000000000,39.0,38.82155
2021-08-21T16:00:00.000000000,38.21,38.61811
2021-08-21T17:00:00.000000000,37.68,38.59819
2021-08-21T18:00:00.000000000,37.35,38.39081
2021-08-21T19:00:00.000000000,37.27,38.07499
2021-08-21T20:00:00.000000000,36.57,37.81329
2021-08-21T21:00:00.000000000,37.01,37.56319
2021-08-21T22:00:00.000000000,37.36,37.60739
2021-08-21T23:00:00.000000000,40.98,37.55326
2021-08-19T00:00:00.000000000,40.59,38.33812
2021-08-19T01:00:00.000000000,41.33,38.30069
2021-08-19T02:00:00.000000000,41.43,37.62554
2021-08-19T03:00:00.000000000,40.68,37.3235
2021-08-19T04:00:00.000000000,38.18,36.86003
2021-08-19T05:00:00.000000000,34.96,36.404
2021-08-19T06:00:00.000000000,33.91,36.26955
2021-08-19T07:00:00.000000000,34.27,36.43511
2021-08-19T08:00:00.000000000,34.59,36.74537
2021-08-19T09:00:00.000000000,35.16,37.12477
2021-08-19T10:00:00.000000000,35.81,37.12851
2021-08-19T11:00:00.000000000,35.77,37.49363
2021-08-19T12:00:00.000000000,35.69,37.75465
2021-08-19T13:00:00.000000000,35.45,37.71778
2021-08-19T14:00:00.000000000,34.88,37.74984
2021-08-19T15:00:00.000000000,34.89,37.71347
2021-08-19T16:00:00.000000000,35.14,37.34111
2021-08-19T17:00:00.000000000,35.14,37.50821
2021-08-19T18:00:00.000000000,35.01,37.52913
2021-08-19T19:00:00.000000000,34.52,37.57368
2021-08-19T20:00:00.000000000,34.48,37.60485
2021-08-19T21:00:00.000000000,35.08,37.71547
2021-08-19T22:00:00.000000000,36.58,37.96321
2021-08-19T23:00:00.000000000,37.65,38.0099
2021-08-20T00:00:00.000000000,37.48,38.7915
2021-08-20T01:00:00.000000000,38.0,39.00128
2021-08-20T02:00:00.000000000,37.92,38.60807
2021-08-20T03:00:00.000000000,38.25,38.48327
2021-08-20T04:00:00.000000000,36.22,38.18298
2021-08-20T05:00:00.000000000,34.33,37.72976
2021-08-20T06:00:00.000000000,34.57,37.5334
2021-08-20T07:00:00.000000000,35.96,37.62052
2021-08-20T08:00:00.000000000,36.3,37.78135
2021-08-20T09:00:00.000000000,35.89,38.05209
2021-08-20T10:00:00.000000000,35.84,38.08068
2021-08-20T11:00:00.000000000,35.8,38.4838
2021-08-20T12:00:00.000000000,35.54,38.75166
2021-08-20T13:00:00.000000000,35.49,38.79532
2021-08-20T14:00:00.000000000,35.12,38.92835
2021-08-20T15:00:00.000000000,34.84,38.88842
2021-08-20T16:00:00.000000000,34.83,38.64626
2021-08-20T17:00:00.000000000,34.61,38.67032
2021-08-20T18:00:00.000000000,33.52,38.5706
2021-08-20T19:00:00.000000000,34.16,38.50229
2021-08-20T20:00:00.000000000,35.22,38.44486
2021-08-20T21:00:00.000000000,35.33,38.44132
2021-08-20T22:00:00.000000000,36.25,38.67551
2021-08-20T23:00:00.000000000,37.34,38.76505
2021-08-21T00:00:00.000000000,37.36,41.77304
2021-08-21T01:00:00.000000000,37.24,41.84537
2021-08-21T02:00:00.000000000,37.35,41.35697
2021-08-21T03:00:00.000000000,37.42,41.05674
2021-08-21T04:00:00.000000000,36.82,40.59975
2021-08-21T05:00:00.000000000,36.95,39.98063
2021-08-21T06:00:00.000000000,37.26,39.70776
2021-08-21T07:00:00.000000000,36.29,39.78068
2021-08-21T08:00:00.000000000,36.31,39.95557
2021-08-21T09:00:00.000000000,37.08,40.28657
2021-08-21T10:00:00.000000000,37.7,40.31403
2021-08-21T11:00:00.000000000,38.31,40.88547
2021-08-21T12:00:00.000000000,38.94,41.18996
2021-08-21T13:00:00.000000000,38.99,41.31658
2021-08-21T14:00:00.000000000,39.31,41.49077
2021-08-21T15:00:00.000000000,39.0,41.5083
2021-08-21T16:00:00.000000000,38.21,41.38834
2021-08-21T17:00:00.000000000,37.68,41.40411
2021-08-21T18:00:00.000000000,37.35,41.3557
2021-08-21T19:00:00.000000000,37.27,41.32205
2021-08-21T20:00:00.000000000,36.57,41.15433
2021-08-21T21:00:00.000000000,37.01,41.06678
2021-08-21T22:00:00.000000000,37.36,41.19795
2021-08-21T23:00:00.000000000,40.98,41.23591
2021-08-22T00:00:00.000000000,40.84,44.13315
2021-08-22T01:00:00.000000000,40.81,44.0075
2021-08-22T02:00:00.000000000,41.52,43.46358
2021-08-22T03:00:00.000000000,41.83,43.20236
2021-08-22T04:00:00.000000000,41.96,42.92781
2021-08-22T05:00:00.000000000,43.48,42.43785
2021-08-22T06:00:00.000000000,42.92,42.52241
2021-08-22T07:00:00.000000000,42.64,42.86678
2021-08-22T08:00:00.000000000,42.21,43.26278
2021-08-22T09:00:00.000000000,41.95,43.77459
2021-08-22T10:00:00.000000000,42.39,43.70861
2021-08-22T11:00:00.000000000,42.18,44.27148
2021-08-22T12:00:00.000000000,42.44,44.30734
2021-08-22T13:00:00.000000000,42.25,44.17443
2021-08-22T14:00:00.000000000,41.36,44.11306
2021-08-22T15:00:00.000000000,40.2,43.92647
2021-08-22T16:00:00.000000000,39.3,43.7666
2021-08-22T17:00:00.000000000,38.62,43.74314
2021-08-22T18:00:00.000000000,37.87,43.78856
2021-08-22T19:00:00.000000000,37.04,43.86665
2021-08-22T20:00:00.000000000,36.68,43.67742
2021-08-22T21:00:00.000000000,38.07,43.54709
2021-08-22T22:00:00.000000000,38.36,43.52924
2021-08-22T23:00:00.000000000,38.67,43.44829
2021-08-20T00:00:00.000000000,37.48,36.96292
2021-08-20T01:00:00.000000000,38.0,37.35862
2021-08-20T02:00:00.000000000,37.92,37.08074
2021-08-20T03:00:00.000000000,38.25,37.18083
2021-08-20T04:00:00.000000000,36.22,37.11905
2021-08-20T05:00:00.000000000,34.33,36.87321
2021-08-20T06:00:00.000000000,34.57,36.84149
2021-08-20T07:00:00.000000000,35.96,36.98736
2021-08-20T08:00:00.000000000,36.3,37.20789
2021-08-20T09:00:00.000000000,35.89,37.47729
2021-08-20T10:00:00.000000000,35.84,37.3935
2021-08-20T11:00:00.000000000,35.8,37.7083
2021-08-20T12:00:00.000000000,35.54,37.83496
2021-08-20T13:00:00.000000000,35.49,37.75831
2021-08-20T14:00:00.000000000,35.12,37.79275
2021-08-20T15:00:00.000000000,34.84,37.72543
2021-08-20T16:00:00.000000000,34.83,37.37591
2021-08-20T17:00:00.000000000,34.61,37.35845
2021-08-20T18:00:00.000000000,33.52,37.15711
2021-08-20T19:00:00.000000000,34.16,36.94837
2021-08-20T20:00:00.000000000,35.22,36.79991
2021-08-20T21:00:00.000000000,35.33,36.69297
2021-08-20T22:00:00.000000000,36.25,36.86889
2021-08-20T23:00:00.000000000,37.34,36.95208
2021-08-21T00:00:00.000000000,37.36,38.94861
2021-08-21T01:00:00.000000000,37.24,39.15073
2021-08-21T02:00:00.000000000,37.35,38.75316
2021-08-21T03:00:00.000000000,37.42,38.65344
2021-08-21T04:00:00.000000000,36.82,38.37137
2021-08-21T05:00:00.000000000,36.95,37.89451
2021-08-21T06:00:00.000000000,37.26,37.68348
2021-08-21T07:00:00.000000000,36.29,37.81857
2021-08-21T08:00:00.000000000,36.31,38.04811
2021-08-21T09:00:00.000000000,37.08,38.41615
2021-08-21T10:00:00.000000000,37.7,38.54869
2021-08-21T11:00:00.000000000,38.31,39.08753
2021-08-21T12:00:00.000000000,38.94,39.4426
2021-08-21T13:00:00.000000000,38.99,39.60568
2021-08-21T14:00:00.000000000,39.31,39.77524
2021-08-21T15:00:00.000000000,39.0,39.72055
2021-08-21T16:00:00.000000000,38.21,39.47913
2021-08-21T17:00:00.000000000,37.68,39.41844
2021-08-21T18:00:00.000000000,37.35,39.26112
2021-08-21T19:00:00.000000000,37.27,39.088
2021-08-21T20:00:00.000000000,36.57,38.9122
2021-08-21T21:00:00.000000000,37.01,38.82322
2021-08-21T22:00:00.000000000,37.36,38.98895
2021-08-21T23:00:00.000000000,40.98,39.03704
2021-08-22T00:00:00.000000000,40.84,42.95069
2021-08-22T01:00:00.000000000,40.81,43.07179
2021-08-22T02:00:00.000000000,41.52,42.72817
2021-08-22T03:00:00.000000000,41.83,42.62508
2021-08-22T04:00:00.000000000,41.96,42.42814
2021-08-22T05:00:00.000000000,43.48,41.97075
2021-08-22T06:00:00.000000000,42.92,41.94197
2021-08-22T07:00:00.000000000,42.64,42.13138
2021-08-22T08:00:00.000000000,42.21,42.33216
2021-08-22T09:00:00.000000000,41.95,42.67227
2021-08-22T10:00:00.000000000,42.39,42.5341
2021-08-22T11:00:00.000000000,42.18,43.06462
2021-08-22T12:00:00.000000000,42.44,43.18757
2021-08-22T13:00:00.000000000,42.25,43.13204
2021-08-22T14:00:00.000000000,41.36,43.20535
2021-08-22T15:00:00.000000000,40.2,43.14508
2021-08-22T16:00:00.000000000,39.3,43.03523
2021-08-22T17:00:00.000000000,38.62,42.97171
2021-08-22T18:00:00.000000000,37.87,42.87888
2021-08-22T19:00:00.000000000,37.04,42.79273
2021-08-22T20:00:00.000000000,36.68,42.50393
2021-08-22T21:00:00.000000000,38.07,42.27803
2021-08-22T22:00:00.000000000,38.36,42.2579
2021-08-22T23:00:00.000000000,38.67,42.22257
2021-08-23T00:00:00.000000000,39.11,45.08545
2021-08-23T01:00:00.000000000,39.47,44.88507
2021-08-23T02:00:00.000000000,42.6,44.37576
2021-08-23T03:00:00.000000000,40.06,44.1738
2021-08-23T04:00:00.000000000,36.79,44.06407
2021-08-23T05:00:00.000000000,34.84,43.7354
2021-08-23T06:00:00.000000000,37.18,44.06857
2021-08-23T07:00:00.000000000,38.04,44.54633
2021-08-23T08:00:00.000000000,39.71,44.99316
2021-08-23T09:00:00.000000000,40.93,45.4864
2021-08-23T10:00:00.000000000,41.68,45.25031
2021-08-23T11:00:00.000000000,41.65,45.66469
2021-08-23T12:00:00.000000000,41.33,45.43821
2021-08-23T13:00:00.000000000,41.13,45.03225
2021-08-23T14:00:00.000000000,41.04,44.80909
2021-08-23T15:00:00.000000000,40.28,44.52165
2021-08-23T16:00:00.000000000,40.16,44.3496
2021-08-23T17:00:00.000000000,39.7,44.36169
2021-08-23T18:00:00.000000000,38.56,44.48699
2021-08-23T19:00:00.000000000,38.09,44.68154
2021-08-23T20:00:00.000000000,37.55,44.5544
2021-08-23T21:00:00.000000000,36.82,44.44249
2021-08-23T22:00:00.000000000,36.93,44.36948
2021-08-23T23:00:00.000000000,38.72,44.23675
2021-08-21T00:00:00.000000000,37.36,37.16492
2021-08-21T01:00:00.000000000,37.24,37.19568
2021-08-21T02:00:00.000000000,37.35,36.79247
2021-08-21T03:00:00.000000000,37.42,36.89625
2021-08-21T04:00:00.000000000,36.82,36.90391
2021-08-21T05:00:00.000000000,36.95,36.78138
2021-08-21T06:00:00.000000000,37.26,36.79152
2021-08-21T07:00:00.000000000,36.29,37.06581
2021-08-21T08:00:00.000000000,36.31,37.29059
2021-08-21T09:00:00.000000000,37.08,37.478
2021-08-21T10:00:00.000000000,37.7,37.39772
2021-08-21T11:00:00.000000000,38.31,37.52627
2021-08-21T12:00:00.000000000,38.94,37.59815
2021-08-21T13:00:00.000000000,38.99,37.56828
2021-08-21T14:00:00.000000000,39.31,37.70412
2021-08-21T15:00:00.000000000,39.0,37.77028
2021-08-21T16:00:00.000000000,38.21,37.71171
2021-08-21T17:00:00.000000000,37.68,38.04561
2021-08-21T18:00:00.000000000,37.35,38.19043
2021-08-21T19:00:00.000000000,37.27,38.21876
2021-08-21T20:00:00.000000000,36.57,38.23471
2021-08-21T21:00:00.000000000,37.01,38.10684
2021-08-21T22:00:00.000000000,37.36,38.10596
2021-08-21T23:00:00.000000000,40.98,37.86722
2021-08-22T00:00:00.000000000,40.84,40.77456
2021-08-22T01:00:00.000000000,40.81,40.80219
2021-08-22T02:00:00.000000000,41.52,40.41619
2021-08-22T03:00:00.000000000,41.83,40.4359
2021-08-22T04:00:00.000000000,41.96,40.40753
2021-08-22T05:00:00.000000000,43.48,40.15661
2021-08-22T06:00:00.000000000,42.92,40.1844
2021-08-22T07:00:00.000000000,42.64,40.46716
2021-08-22T08:00:00.000000000,42.21,40.69044
2021-08-22T09:00:00.000000000,41.95,40.93375
2021-08-22T10:00:00.000000000,42.39,40.76392
2021-08-22T11:00:00.000000000,42.18,41.07517
2021-08-22T12:00:00.000000000,42.44,41.08664
2021-08-22T13:00:00.000000000,42.25,41.02267
2021-08-22T14:00:00.000000000,41.36,41.11942
2021-08-22T15:00:00.000000000,40.2,41.13517
2021-08-22T16:00:00.000000000,39.3,41.16008
2021-08-22T17:00:00.000000000,38.62,41.33599
2021-08-22T18:00:00.000000000,37.87,41.43881
2021-08-22T19:00:00.000000000,37.04,41.44436
2021-08-22T20:00:00.000000000,36.68,41.27716
2021-08-22T21:00:00.000000000,38.07,41.03227
2021-08-22T22:00:00.000000000,38.36,40.9443
2021-08-22T23:00:00.000000000,38.67,40.73042
2021-08-23T00:00:00.000000000,39.11,44.39065
2021-08-23T01:00:00.000000000,39.47,44.38519
2021-08-23T02:00:00.000000000,42.6,44.0821
2021-08-23T03:00:00.000000000,40.06,44.07713
2021-08-23T04:00:00.000000000,36.79,44.09654
2021-08-23T05:00:00.000000000,34.84,43.86304
2021-08-23T06:00:00.000000000,37.18,44.10365
2021-08-23T07:00:00.000000000,38.04,44.40704
2021-08-23T08:00:00.000000000,39.71,44.57468
2021-08-23T09:00:00.000000000,40.93,44.77963
2021-08-23T10:00:00.000000000,41.68,44.31629
2021-08-23T11:00:00.000000000,41.65,44.5828
2021-08-23T12:00:00.000000000,41.33,44.36311
2021-08-23T13:00:00.000000000,41.13,43.98877
2021-08-23T14:00:00.000000000,41.04,43.93231
2021-08-23T15:00:00.000000000,40.28,43.88418
2021-08-23T16:00:00.000000000,40.16,43.90638
2021-08-23T17:00:00.000000000,39.7,44.0376
2021-08-23T18:00:00.000000000,38.56,44.13881
2021-08-23T19:00:00.000000000,38.09,44.24385
2021-08-23T20:00:00.000000000,37.55,44.03408
2021-08-23T21:00:00.000000000,36.82,43.76077
2021-08-23T22:00:00.000000000,36.93,43.59153
2021-08-23T23:00:00.000000000,38.72,43.40387
2021-08-24T00:00:00.000000000,38.77,44.14716
2021-08-24T01:00:00.000000000,38.83,44.04588
2021-08-24T02:00:00.000000000,38.79,43.64136
2021-08-24T03:00:00.000000000,38.29,43.55266
2021-08-24T04:00:00.000000000,36.68,43.69429
2021-08-24T05:00:00.000000000,36.86,43.63245
2021-08-24T06:00:00.000000000,37.95,44.23719
2021-08-24T07:00:00.000000000,39.47,44.847
2021-08-24T08:00:00.000000000,39.74,45.33574
2021-08-24T09:00:00.000000000,39.94,45.69845
2021-08-24T10:00:00.000000000,40.24,45.28226
2021-08-24T11:00:00.000000000,39.49,45.38067
2021-08-24T12:00:00.000000000,39.45,44.75664
2021-08-24T13:00:00.000000000,38.51,43.90386
2021-08-24T14:00:00.000000000,37.15,43.4202
2021-08-24T15:00:00.000000000,36.63,42.92144
2021-08-24T16:00:00.000000000,35.05,42.61638
2021-08-24T17:00:00.000000000,34.01,42.58589
2021-08-24T18:00:00.000000000,32.76,42.72039
2021-08-24T19:00:00.000000000,31.56,43.05649
2021-08-24T20:00:00.000000000,31.03,43.14343
2021-08-24T21:00:00.000000000,30.14,43.20173
2021-08-24T22:00:00.000000000,30.08,43.29397
2021-08-24T23:00:00.000000000,30.75,43.24461
2021-08-22T00:00:00.000000000,40.84,40.89412
2021-08-22T01:00:00.000000000,40.81,41.47067
2021-08-22T02:00:00.000000000,41.52,41.33261
2021-08-22T03:00:00.000000000,41.83,41.34395
2021-08-22T04:00:00.000000000,41.96,41.14234
2021-08-22T05:00:00.000000000,43.48,40.56482
2021-08-22T06:00:00.000000000,42.92,40.4671
2021-08-22T07:00:00.000000000,42.64,40.58808
2021-08-22T08:00:00.000000000,42.21,40.85377
2021-08-22T09:00:00.000000000,41.95,41.38804
2021-08-22T10:00:00.000000000,42.39,41.52102
2021-08-22T11:00:00.000000000,42.18,42.35222
2021-08-22T12:00:00.000000000,42.44,42.71997
2021-08-22T13:00:00.000000000,42.25,42.74245
2021-08-22T14:00:00.000000000,41.36,42.75028
2021-08-22T15:00:00.000000000,40.2,42.39645
2021-08-22T16:00:00.000000000,39.3,41.84156
2021-08-22T17:00:00.000000000,38.62,41.19373
2021-08-22T18:00:00.000000000,37.87,40.57751
2021-08-22T19:00:00.000000000,37.04,40.08853
2021-08-22T20:00:00.000000000,36.68,39.612
2021-08-22T21:00:00.000000000,38.07,39.48085
2021-08-22T22:00:00.000000000,38.36,39.7485
2021-08-22T23:00:00.000000000,38.67,40.11019
2021-08-23T00:00:00.000000000,39.11,42.61533
2021-08-23T01:00:00.000000000,39.47,43.07763
2021-08-23T02:00:00.000000000,42.6,43.03419
2021-08-23T03:00:00.000000000,40.06,43.18101
2021-08-23T04:00:00.000000000,36.79,43.20981
2021-08-23T05:00:00.000000000,34.84,42.83907
2021-08-23T06:00:00.000000000,37.18,42.93981
2021-08-23T07:00:00.000000000,38.04,43.14272
2021-08-23T08:00:00.000000000,39.71,43.34705
2021-08-23T09:00:00.000000000,40.93,43.74451
2021-08-23T10:00:00.000000000,41.68,43.60431
2021-08-23T11:00:00.000000000,41.65,44.24696
2021-08-23T12:00:00.000000000,41.33,44.36493
2021-08-23T13:00:00.000000000,41.13,44.21569
2021-08-23T14:00:00.000000000,41.04,44.22251
2021-08-23T15:00:00.000000000,40.28,43.98904
2021-08-23T16:00:00.000000000,40.16,43.66612
2021-08-23T17:00:00.000000000,39.7,43.21653
2021-08-23T18:00:00.000000000,38.56,42.75984
2021-08-23T19:00:00.000000000,38.09,42.36152
2021-08-23T20:00:00.000000000,37.55,41.83038
2021-08-23T21:00:00.000000000,36.82,41.52402
2021-08-23T22:00:00.000000000,36.93,41.51147
2021-08-23T23:00:00.000000000,38.72,41.62072
2021-08-24T00:00:00.000000000,38.77,42.62573
2021-08-24T01:00:00.000000000,38.83,43.08142
2021-08-24T02:00:00.000000000,38.79,43.04822
2021-08-24T03:00:00.000000000,38.29,43.20241
2021-08-24T04:00:00.000000000,36.68,43.39127
2021-08-24T05:00:00.000000000,36.86,43.259
2021-08-24T06:00:00.000000000,37.95,43.67233
2021-08-24T07:00:00.000000000,39.47,43.99308
2021-08-24T08:00:00.000000000,39.74,44.22792
2021-08-24T09:00:00.000000000,39.94,44.44287
2021-08-24T10:00:00.000000000,40.24,43.99772
2021-08-24T11:00:00.000000000,39.49,44.20688
2021-08-24T12:00:00.000000000,39.45,43.78646
2021-08-24T13:00:00.000000000,38.51,43.02379
2021-08-24T14:00:00.000000000,37.15,42.66605
2021-08-24T15:00:00.000000000,36.63,42.20105
2021-08-24T16:00:00.000000000,35.05,41.76089
2021-08-24T17:00:00.000000000,34.01,41.37957
2021-08-24T18:00:00.000000000,32.76,41.0687
2021-08-24T19:00:00.000000000,31.56,41.00852
2021-08-24T20:00:00.000000000,31.03,40.85196
2021-08-24T21:00:00.000000000,30.14,40.8362
2021-08-24T22:00:00.000000000,30.08,41.07327
2021-08-24T23:00:00.000000000,30.75,41.30958
2021-08-25T00:00:00.000000000,30.29,41.79288
2021-08-25T01:00:00.000000000,30.66,41.46092
2021-08-25T02:00:00.000000000,30.24,40.67118
2021-08-25T03:00:00.000000000,30.01,40.2511
2021-08-25T04:00:00.000000000,29.55,39.96591
2021-08-25T05:00:00.000000000,28.64,39.63011
2021-08-25T06:00:00.000000000,28.82,39.85485
2021-08-25T07:00:00.000000000,29.95,40.36973
2021-08-25T08:00:00.000000000,30.43,40.9472
2021-08-25T09:00:00.000000000,30.58,41.43374
2021-08-25T10:00:00.000000000,30.99,41.38481
2021-08-25T11:00:00.000000000,31.24,41.59754
2021-08-25T12:00:00.000000000,31.12,41.3143
2021-08-25T13:00:00.000000000,30.99,40.86073
2021-08-25T14:00:00.000000000,31.11,40.54059
2021-08-25T15:00:00.000000000,30.73,40.15244
2021-08-25T16:00:00.000000000,29.95,39.87273
2021-08-25T17:00:00.000000000,30.88,40.05767
2021-08-25T18:00:00.000000000,30.05,40.40182
2021-08-25T19:00:00.000000000,30.65,40.86134
2021-08-25T20:00:00.000000000,29.32,41.16173
2021-08-25T21:00:00.000000000,29.73,41.42944
2021-08-25T22:00:00.000000000,30.18,41.69033
2021-08-25T23:00:00.000000000,31.21,41.64288
2021-08-23T00:00:00.000000000,39.11,42.07654
2021-08-23T01:00:00.000000000,39.47,42.8448
2021-08-23T02:00:00.000000000,42.6,43.07881
2021-08-23T03:00:00.000000000,40.06,43.46391
2021-08-23T04:00:00.000000000,36.79,43.76169
2021-08-23T05:00:00.000000000,34.84,43.61635
2021-08-23T06:00:00.000000000,37.18,43.92712
2021-08-23T07:00:00.000000000,38.04,44.13078
2021-08-23T08:00:00.000000000,39.71,44.27316
2021-08-23T09:00:00.000000000,40.93,44.51831
2021-08-23T10:00:00.000000000,41.68,44.13299
2021-08-23T11:00:00.000000000,41.65,44.57561
2021-08-23T12:00:00.000000000,41.33,44.38412
2021-08-23T13:00:00.000000000,41.13,43.85391
2021-08-23T14:00:00.000000000,41.04,43.66261
2021-08-23T15:00:00.000000000,40.28,43.26369
2021-08-23T16:00:00.000000000,40.16,42.80355
2021-08-23T17:00:00.000000000,39.7,42.15837
2021-08-23T18:00:00.000000000,38.56,41.53549
2021-08-23T19:00:00.000000000,38.09,41.05064
2021-08-23T20:00:00.000000000,37.55,40.50723
2021-08-23T21:00:00.000000000,36.82,40.25482
2021-08-23T22:00:00.000000000,36.93,40.35419
2021-08-23T23:00:00.000000000,38.72,40.62091
2021-08-24T00:00:00.000000000,38.77,40.68932
2021-08-24T01:00:00.000000000,38.83,41.19837
2021-08-24T02:00:00.000000000,38.79,41.18806
2021-08-24T03:00:00.000000000,38.29,41.58838
2021-08-24T04:00:00.000000000,36.68,42.0775
2021-08-24T05:00:00.000000000,36.86,42.26462
2021-08-24T06:00:00.000000000,37.95,42.98267
2021-08-24T07:00:00.000000000,39.47,43.48763
2021-08-24T08:00:00.000000000,39.74,43.84411
2021-08-24T09:00:00.000000000,39.94,43.99321
2021-08-24T10:00:00.000000000,40.24,43.40379
2021-08-24T11:00:00.000000000,39.49,43.32138
2021-08-24T12:00:00.000000000,39.45,42.54272
2021-08-24T13:00:00.000000000,38.51,41.44261
2021-08-24T14:00:00.000000000,37.15,40.83826
2021-08-24T15:00:00.000000000,36.63,40.22571
2021-08-24T16:00:00.000000000,35.05,39.70925
2021-08-24T17:00:00.000000000,34.01,39.35172
2021-08-24T18:00:00.000000000,32.76,39.1037
2021-08-24T19:00:00.000000000,31.56,39.11908
2021-08-24T20:00:00.000000000,31.03,39.10539
2021-08-24T21:00:00.000000000,30.14,39.14275
2021-08-24T22:00:00.000000000,30.08,39.44419
2021-08-24T23:00:00.000000000,30.75,39.66692
2021-08-25T00:00:00.000000000,30.29,40.5499
2021-08-25T01:00:00.000000000,30.66,40.69652
2021-08-25T02:00:00.000000000,30.24,40.37409
2021-08-25T03:00:00.000000000,30.01,40.47604
2021-08-25T04:00:00.000000000,29.55,40.65929
2021-08-25T05:00:00.000000000,28.64,40.66752
2021-08-25T06:00:00.000000000,28.82,41.06963
2021-08-25T07:00:00.000000000,29.95,41.47111
2021-08-25T08:00:00.000000000,30.43,41.74689
2021-08-25T09:00:00.000000000,30.58,41.83484
2021-08-25T10:00:00.000000000,30.99,41.35032
2021-08-25T11:00:00.000000000,31.24,41.23792
2021-08-25T12:00:00.000000000,31.12,40.6851
2021-08-25T13:00:00.000000000,30.99,39.91204
2021-08-25T14:00:00.000000000,31.11,39.56488
2021-08-25T15:00:00.000000000,30.73,39.22647
2021-08-25T16:00:00.000000000,29.95,39.00186
2021-08-25T17:00:00.000000000,30.88,39.10652
2021-08-25T18:00:00.000000000,30.05,39.23835
2021-08-25T19:00:00.000000000,30.65,39.5231
2021-08-25T20:00:00.000000000,29.32,39.70499
2021-08-25T21:00:00.000000000,29.73,39.79476
2021-08-25T22:00:00.000000000,30.18,40.02097
2021-08-25T23:00:00.000000000,31.21,40.03034
2021-08-26T00:00:00.000000000,31.52,40.05979
2021-08-26T01:00:00.000000000,31.16,39.63324
2021-08-26T02:00:00.000000000,31.23,38.85161
2021-08-26T03:00:00.000000000,30.85,38.63358
2021-08-26T04:00:00.000000000,31.35,38.61851
2021-08-26T05:00:00.000000000,30.62,38.60516
2021-08-26T06:00:00.000000000,29.76,39.00501
2021-08-26T07:00:00.000000000,29.99,39.62534
2021-08-26T08:00:00.000000000,30.0,40.18265
2021-08-26T09:00:00.000000000,30.18,40.47227
2021-08-26T10:00:00.000000000,30.97,40.22088
2021-08-26T11:00:00.000000000,31.31,40.05589
2021-08-26T12:00:00.000000000,31.45,39.49609
2021-08-26T13:00:00.000000000,31.69,38.84158
2021-08-26T14:00:00.000000000,32.15,38.4815
2021-08-26T15:00:00.000000000,32.4,38.16732
2021-08-26T16:00:00.000000000,32.3,38.04562
2021-08-26T17:00:00.000000000,32.05,38.54158
2021-08-26T18:00:00.000000000,31.67,39.12791
2021-08-26T19:00:00.000000000,31.54,39.75302
2021-08-26T20:00:00.000000000,31.71,40.2174
2021-08-26T21:00:00.000000000,32.15,40.47515
2021-08-26T22:00:00.000000000,33.73,40.62766
2021-08-26T23:00:00.000000000,35.45,40.36108
2021-08-24T00:00:00.000000000,38.77,36.45891
2021-08-24T01:00:00.000000000,38.83,36.66648
2021-08-24T02:00:00.000000000,38.79,36.19945
2021-08-24T03:00:00.000000000,38.29,36.31452
2021-08-24T04:00:00.000000000,36.68,36.45736
2021-08-24T05:00:00.000000000,36.86,36.50454
2021-08-24T06:00:00.000000000,37.95,37.04124
2021-08-24T07:00:00.000000000,39.47,37.71714
2021-08-24T08:00:00.000000000,39.74,38.62529
2021-08-24T09:00:00.000000000,39.94,39.31578
2021-08-24T10:00:00.000000000,40.24,39.5171
2021-08-24T11:00:00.000000000,39.49,39.74922
2021-08-24T12:00:00.000000000,39.45,39.28779
2021-08-24T13:00:00.000000000,38.51,38.6273
2021-08-24T14:00:00.000000000,37.15,38.00356
2021-08-24T15:00:00.000000000,36.63,37.11545
2021-08-24T16:00:00.000000000,35.05,36.27074
2021-08-24T17:00:00.000000000,34.01,35.86558
2021-08-24T18:00:00.000000000,32.76,35.73993
2021-08-24T19:00:00.000000000,31.56,35.71226
2021-08-24T20:00:00.000000000,31.03,35.83338
2021-08-24T21:00:00.000000000,30.14,36.16657
2021-08-24T22:00:00.000000000,30.08,36.60311
2021-08-24T23:00:00.000000000,30.75,36.86102
2021-08-25T00:00:00.000000000,30.29,36.02738
2021-08-25T01:00:00.000000000,30.66,36.2361
2021-08-25T02:00:00.000000000,30.24,35.76375
2021-08-25T03:00:00.000000000,30.01,35.78677
2021-08-25T04:00:00.000000000,29.55,35.68265
2021-08-25T05:00:00.000000000,28.64,35.4985
2021-08-25T06:00:00.000000000,28.82,35.55838
2021-08-25T07:00:00.000000000,29.95,35.86269
2021-08-25T08:00:00.000000000,30.43,36.29575
2021-08-25T09:00:00.000000000,30.58,36.71287
2021-08-25T10:00:00.000000000,30.99,36.7449
2021-08-25T11:00:00.000000000,31.24,37.04417
2021-08-25T12:00:00.000000000,31.12,37.11946
2021-08-25T13:00:00.000000000,30.99,36.95151
2021-08-25T14:00:00.000000000,31.11,36.85279
2021-08-25T15:00:00.000000000,30.73,36.58943
2021-08-25T16:00:00.000000000,29.95,36.08294
2021-08-25T17:00:00.000000000,30.88,36.0443
2021-08-25T18:00:00.000000000,30.05,35.92151
2021-08-25T19:00:00.000000000,30.65,35.77861
2021-08-25T20:00:00.000000000,29.32,35.73222
2021-08-25T21:00:00.000000000,29.73,35.82039
2021-08-25T22:00:00.000000000,30.18,36.07246
2021-08-25T23:00:00.000000000,31.21,36.15271
2021-08-26T00:00:00.000000000,31.52,37.28539
2021-08-26T01:00:00.000000000,31.16,37.55622
2021-08-26T02:00:00.000000000,31.23,37.26726
2021-08-26T03:00:00.000000000,30.85,37.43397
2021-08-26T04:00:00.000000000,31.35,37.46608
2021-08-26T05:00:00.000000000,30.62,37.28658
2021-08-26T06:00:00.000000000,29.76,37.26826
2021-08-26T07:00:00.000000000,29.99,37.45993
2021-08-26T08:00:00.000000000,30.0,37.63944
2021-08-26T09:00:00.000000000,30.18,37.81944
2021-08-26T10:00:00.000000000,30.97,37.66166
2021-08-26T11:00:00.000000000,31.31,37.88169
2021-08-26T12:00:00.000000000,31.45,37.96302
2021-08-26T13:00:00.000000000,31.69,37.91287
2021-08-26T14:00:00.000000000,32.15,38.01975
2021-08-26T15:00:00.000000000,32.4,38.05887
2021-08-26T16:00:00.000000000,32.3,37.9124
2021-08-26T17:00:00.000000000,32.05,38.06719
2021-08-26T18:00:00.000000000,31.67,38.01465
2021-08-26T19:00:00.000000000,31.54,37.89791
2021-08-26T20:00:00.000000000,31.71,37.77698
2021-08-26T21:00:00.000000000,32.15,37.57711
2021-08-26T22:00:00.000000000,33.73,37.63084
2021-08-26T23:00:00.000000000,35.45,37.53948
2021-08-27T00:00:00.000000000,36.14,38.10065
2021-08-27T01:00:00.000000000,36.82,37.99119
2021-08-27T02:00:00.000000000,36.18,37.46693
2021-08-27T03:00:00.000000000,35.33,37.41469
2021-08-27T04:00:00.000000000,34.02,37.3106
2021-08-27T05:00:00.000000000,32.27,37.14172
2021-08-27T06:00:00.000000000,32.16,37.1402
2021-08-27T07:00:00.000000000,32.91,37.42399
2021-08-27T08:00:00.000000000,33.3,37.67612
2021-08-27T09:00:00.000000000,33.55,37.85246
2021-08-27T10:00:00.000000000,34.11,37.75
2021-08-27T11:00:00.000000000,34.16,37.82719
2021-08-27T12:00:00.000000000,34.35,37.81489
2021-08-27T13:00:00.000000000,33.83,37.71377
2021-08-27T14:00:00.000000000,34.01,37.80476
2021-08-27T15:00:00.000000000,33.87,37.86209
2021-08-27T16:00:00.000000000,33.86,37.84657
2021-08-27T17:00:00.000000000,34.38,38.27595
2021-08-27T18:00:00.000000000,34.37,38.55771
2021-08-27T19:00:00.000000000,34.15,38.74716
2021-08-27T20:00:00.000000000,33.8,38.87665
2021-08-27T21:00:00.000000000,34.51,38.85068
2021-08-27T22:00:00.000000000,35.65,38.88454
2021-08-27T23:00:00.000000000,36.51,38.63174
2021-08-25T00:00:00.000000000,30.29,30.54077
2021-08-25T01:00:00.000000000,30.66,30.95463
2021-08-25T02:00:00.000000000,30.24,30.81918
2021-08-25T03:00:00.000000000,30.01,31.46772
2021-08-25T04:00:00.000000000,29.55,31.88563
2021-08-25T05:00:00.000000000,28.64,32.16726
2021-08-25T06:00:00.000000000,28.82,32.24018
2021-08-25T07:00:00.000000000,29.95,32.59033
2021-08-25T08:00:00.000000000,30.43,32.77719
2021-08-25T09:00:00.000000000,30.58,32.99616
2021-08-25T10:00:00.000000000,30.99,32.97908
2021-08-25T11:00:00.000000000,31.24,33.01323
2021-08-25T12:00:00.000000000,31.12,33.17134
2021-08-25T13:00:00.000000000,30.99,33.36719
2021-08-25T14:00:00.000000000,31.11,33.56515
2021-08-25T15:00:00.000000000,30.73,33.70056
2021-08-25T16:00:00.000000000,29.95,33.5323
2021-08-25T17:00:00.000000000,30.88,33.8007
2021-08-25T18:00:00.000000000,30.05,33.79921
2021-08-25T19:00:00.000000000,30.65,33.32978
2021-08-25T20:00:00.000000000,29.32,33.16245
2021-08-25T21:00:00.000000000,29.73,32.85966
2021-08-25T22:00:00.000000000,30.18,32.69033
2021-08-25T23:00:00.000000000,31.21,32.52992
2021-08-26T00:00:00.000000000,31.52,32.95314
2021-08-26T01:00:00.000000000,31.16,33.45044
2021-08-26T02:00:00.000000000,31.23,33.21751
2021-08-26T03:00:00.000000000,30.85,33.54047
2021-08-26T04:00:00.000000000,31.35,33.65743
2021-08-26T05:00:00.000000000,30.62,33.6336
2021-08-26T06:00:00.000000000,29.76,33.51938
2021-08-26T07:00:00.000000000,29.99,33.6643
2021-08-26T08:00:00.000000000,30.0,33.77277
2021-08-26T09:00:00.000000000,30.18,33.91936
2021-08-26T10:00:00.000000000,30.97,33.6672
2021-08-26T11:00:00.000000000,31.31,33.74263
2021-08-26T12:00:00.000000000,31.45,33.85044
2021-08-26T13:00:00.000000000,31.69,33.82133
2021-08-26T14:00:00.000000000,32.15,33.91557
2021-08-26T15:00:00.000000000,32.4,33.94994
2021-08-26T16:00:00.000000000,32.3,33.65245
2021-08-26T17:00:00.000000000,32.05,33.81642
2021-08-26T18:00:00.000000000,31.67,33.70053
2021-08-26T19:00:00.000000000,31.54,33.36328
2021-08-26T20:00:00.000000000,31.71,33.22934
2021-08-26T21:00:00.000000000,32.15,33.1566
2021-08-26T22:00:00.000000000,33.73,33.24187
2021-08-26T23:00:00.000000000,35.45,33.37637
2021-08-27T00:00:00.000000000,36.14,34.53736
2021-08-27T01:00:00.000000000,36.82,34.85582
2021-08-27T02:00:00.000000000,36.18,34.53003
2021-08-27T03:00:00.000000000,35.33,34.75139
2021-08-27T04:00:00.000000000,34.02,34.7522
2021-08-27T05:00:00.000000000,32.27,34.61697
2021-08-27T06:00:00.000000000,32.16,34.50895
2021-08-27T07:00:00.000000000,32.91,34.64826
2021-08-27T08:00:00.000000000,33.3,34.76097
2021-08-27T09:00:00.000000000,33.55,34.94442
2021-08-27T10:00:00.000000000,34.11,34.72622
2021-08-27T11:00:00.000000000,34.16,34.90646
2021-08-27T12:00:00.000000000,34.35,35.13824
2021-08-27T13:00:00.000000000,33.83,35.18949
2021-08-27T14:00:00.000000000,34.01,35.35347
2021-08-27T15:00:00.000000000,33.87,35.48812
2021-08-27T16:00:00.000000000,33.86,35.26695
2021-08-27T17:00:00.000000000,34.38,35.483
2021-08-27T18:00:00.000000000,34.37,35.41239
2021-08-27T19:00:00.000000000,34.15,35.1377
2021-08-27T20:00:00.000000000,33.8,34.97529
2021-08-27T21:00:00.000000000,34.51,34.81102
2021-08-27T22:00:00.000000000,35.65,34.8399
2021-08-27T23:00:00.000000000,36.51,34.82538
2021-08-28T00:00:00.000000000,36.15,35.95237
2021-08-28T01:00:00.000000000,35.43,36.07608
2021-08-28T02:00:00.000000000,35.4,35.76741
2021-08-28T03:00:00.000000000,35.47,36.0628
2021-08-28T04:00:00.000000000,35.39,36.24376
2021-08-28T05:00:00.000000000,34.64,36.23884
2021-08-28T06:00:00.000000000,34.54,36.29797
2021-08-28T07:00:00.000000000,33.43,36.60984
2021-08-28T08:00:00.000000000,33.29,36.84511
2021-08-28T09:00:00.000000000,33.1,37.0315
2021-08-28T10:00:00.000000000,33.53,36.94165
2021-08-28T11:00:00.000000000,33.93,37.07216
2021-08-28T12:00:00.000000000,33.89,37.16131
2021-08-28T13:00:00.000000000,33.77,37.19362
2021-08-28T14:00:00.000000000,33.99,37.36651
2021-08-28T15:00:00.000000000,33.91,37.47032
2021-08-28T16:00:00.000000000,33.42,37.43549
2021-08-28T17:00:00.000000000,33.46,37.7463
2021-08-28T18:00:00.000000000,33.6,37.83306
2021-08-28T19:00:00.000000000,33.26,37.71964
2021-08-28T20:00:00.000000000,33.07,37.62272
2021-08-28T21:00:00.000000000,32.82,37.35059
2021-08-28T22:00:00.000000000,34.71,37.25041
2021-08-28T23:00:00.000000000,35.57,36.93589
2021-08-26T00:00:00.000000000,31.52,31.5238
2021-08-26T01:00:00.000000000,31.16,31.97126
2021-08-26T02:00:00.000000000,31.23,31.78265
2021-08-26T03:00:00.000000000,30.85,32.28257
2021-08-26T04:00:00.000000000,31.35,32.55766
2021-08-26T05:00:00.000000000,30.62,32.6882
2021-08-26T06:00:00.000000000,29.76,32.66075
2021-08-26T07:00:00.000000000,29.99,32.90761
2021-08-26T08:00:00.000000000,30.0,33.03526
2021-08-26T09:00:00.000000000,30.18,33.2193
2021-08-26T10:00:00.000000000,30.97,33.07569
2021-08-26T11:00:00.000000000,31.31,33.12352
2021-08-26T12:00:00.000000000,31.45,33.28019
2021-08-26T13:00:00.000000000,31.69,33.39398
2021-08-26T14:00:00.000000000,32.15,33.56226
2021-08-26T15:00:00.000000000,32.4,33.6805
2021-08-26T16:00:00.000000000,32.3,33.4674
2021-08-26T17:00:00.000000000,32.05,33.71806
2021-08-26T18:00:00.000000000,31.67,33.67316
2021-08-26T19:00:00.000000000,31.54,33.26601
2021-08-26T20:00:00.000000000,31.71,33.11599
2021-08-26T21:00:00.000000000,32.15,32.91124
2021-08-26T22:00:00.000000000,33.73,32.8473
2021-08-26T23:00:00.000000000,35.45,32.82591
2021-08-27T00:00:00.000000000,36.14,33.36849
2021-08-27T01:00:00.000000000,36.82,33.8633
2021-08-27T02:00:00.000000000,36.18,33.61915
2021-08-27T03:00:00.000000000,35.33,33.9025
2021-08-27T04:00:00.000000000,34.02,33.98431
2021-08-27T05:00:00.000000000,32.27,33.92803
2021-08-27T06:00:00.000000000,32.16,33.8022
2021-08-27T07:00:00.000000000,32.91,33.92806
2021-08-27T08:00:00.000000000,33.3,34.0317
2021-08-27T09:00:00.000000000,33.55,34.16843
2021-08-27T10:00:00.000000000,34.11,33.89521
2021-08-27T11:00:00.000000000,34.16,33.97978
2021-08-27T12:00:00.000000000,34.35,34.07927
2021-08-27T13:00:00.000000000,33.83,34.02425
2021-08-27T14:00:00.000000000,34.01,34.10732
2021-08-27T15:00:00.000000000,33.87,34.13442
2021-08-27T16:00:00.000000000,33.86,33.82952
2021-08-27T17:00:00.000000000,34.38,33.9807
2021-08-27T18:00:00.000000000,34.37,33.85538
2021-08-27T19:00:00.000000000,34.15,33.53659
2021-08-27T20:00:00.000000000,33.8,33.40361
2021-08-27T21:00:00.000000000,34.51,33.34718
2021-08-27T22:00:00.000000000,35.65,33.45511
2021-08-27T23:00:00.000000000,36.51,33.61059
2021-08-28T00:00:00.000000000,36.15,34.75066
2021-08-28T01:00:00.000000000,35.43,35.32209
2021-08-28T02:00:00.000000000,35.4,35.29368
2021-08-28T03:00:00.000000000,35.47,35.78817
2021-08-28T04:00:00.000000000,35.39,36.06053
2021-08-28T05:00:00.000000000,34.64,36.04044
2021-08-28T06:00:00.000000000,34.54,36.02879
2021-08-28T07:00:00.000000000,33.43,36.14891
2021-08-28T08:00:00.000000000,33.29,36.20494
2021-08-28T09:00:00.000000000,33.1,36.31919
2021-08-28T10:00:00.000000000,33.53,36.06329
2021-08-28T11:00:00.000000000,33.93,36.26537
2021-08-28T12:00:00.000000000,33.89,36.43353
2021-08-28T13:00:00.000000000,33.77,36.49972
2021-08-28T14:00:00.000000000,33.99,36.70766
2021-08-28T15:00:00.000000000,33.91,36.88013
2021-08-28T16:00:00.000000000,33.42,36.7295
2021-08-28T17:00:00.000000000,33.46,36.83169
2021-08-28T18:00:00.000000000,33.6,36.60564
2021-08-28T19:00:00.000000000,33.26,36.17538
2021-08-28T20:00:00.000000000,33.07,35.84592
2021-08-28T21:00:00.000000000,32.82,35.42077
2021-08-28T22:00:00.000000000,34.71,35.33364
2021-08-28T23:00:00.000000000,35.57,35.23748
2021-08-29T00:00:00.000000000,35.67,35.5642
2021-08-29T01:00:00.000000000,35.41,35.52584
2021-08-29T02:00:00.000000000,35.29,35.11249
2021-08-29T03:00:00.000000000,35.34,35.42003
2021-08-29T04:00:00.000000000,35.64,35.67967
2021-08-29T05:00:00.000000000,35.15,35.77717
2021-08-29T06:00:00.000000000,17.15,35.97541
2021-08-29T07:00:00.000000000,17.15,36.47265
2021-08-29T08:00:00.000000000,17.15,36.88362
2021-08-29T09:00:00.000000000,17.15,37.19511
2021-08-29T10:00:00.000000000,17.15,37.21419
2021-08-29T11:00:00.000000000,35.65,37.31964
2021-08-29T12:00:00.000000000,36.04,37.33265
2021-08-29T13:00:00.000000000,35.9,37.32272
2021-08-29T14:00:00.000000000,35.79,37.40965
2021-08-29T15:00:00.000000000,35.37,37.39533
2021-08-29T16:00:00.000000000,35.53,37.33124
2021-08-29T17:00:00.000000000,35.28,37.66441
2021-08-29T18:00:00.000000000,34.35,37.85714
2021-08-29T19:00:00.000000000,33.94,37.80685
2021-08-29T20:00:00.000000000,33.69,37.77686
2021-08-29T21:00:00.000000000,33.55,37.55506
2021-08-29T22:00:00.000000000,33.9,37.41578
2021-08-29T23:00:00.000000000,34.43,36.99661
2021-08-27T00:00:00.000000000,36.14,34.2683
2021-08-27T01:00:00.000000000,36.82,34.73487
2021-08-27T02:00:00.000000000,36.18,34.4626
2021-08-27T03:00:00.000000000,35.33,34.66859
2021-08-27T04:00:00.000000000,34.02,34.68275
2021-08-27T05:00:00.000000000,32.27,34.56669
2021-08-27T06:00:00.000000000,32.16,34.43261
2021-08-27T07:00:00.000000000,32.91,34.52958
2021-08-27T08:00:00.000000000,33.3,34.62404
2021-08-27T09:00:00.000000000,33.55,34.7444
2021-08-27T10:00:00.000000000,34.11,34.43695
2021-08-27T11:00:00.000000000,34.16,34.54387
2021-08-27T12:00:00.000000000,34.35,34.63505
2021-08-27T13:00:00.000000000,33.83,34.54094
2021-08-27T14:00:00.000000000,34.01,34.60937
2021-08-27T15:00:00.000000000,33.87,34.63839
2021-08-27T16:00:00.000000000,33.86,34.33238
2021-08-27T17:00:00.000000000,34.38,34.47237
2021-08-27T18:00:00.000000000,34.37,34.34021
2021-08-27T19:00:00.000000000,34.15,34.06347
2021-08-27T20:00:00.000000000,33.8,33.93282
2021-08-27T21:00:00.000000000,34.51,33.89106
2021-08-27T22:00:00.000000000,35.65,34.02684
2021-08-27T23:00:00.000000000,36.51,34.20231
2021-08-28T00:00:00.000000000,36.15,35.39272
2021-08-28T01:00:00.000000000,35.43,35.6658
2021-08-28T02:00:00.000000000,35.4,35.45322
2021-08-28T03:00:00.000000000,35.47,35.86723
2021-08-28T04:00:00.000000000,35.39,36.13848
2021-08-28T05:00:00.000000000,34.64,36.16445
2021-08-28T06:00:00.000000000,34.54,36.22574
2021-08-28T07:00:00.000000000,33.43,36.51262
2021-08-28T08:00:00.000000000,33.29,36.73077
2021-08-28T09:00:00.000000000,33.1,36.90519
2021-08-28T10:00:00.000000000,33.53,36.77492
2021-08-28T11:00:00.000000000,33.93,36.94287
2021-08-28T12:00:00.000000000,33.89,37.04467
2021-08-28T13:00:00.000000000,33.77,37.09967
2021-08-28T14:00:00.000000000,33.99,37.28043
2021-08-28T15:00:00.000000000,33.91,37.39141
2021-08-28T16:00:00.000000000,33.42,37.33354
2021-08-28T17:00:00.000000000,33.46,37.55999
2021-08-28T18:00:00.000000000,33.6,37.53528
2021-08-28T19:00:00.000000000,33.26,37.29223
2021-08-28T20:00:00.000000000,33.07,37.08388
2021-08-28T21:00:00.000000000,32.82,36.71599
2021-08-28T22:00:00.000000000,34.71,36.59425
2021-08-28T23:00:00.000000000,35.57,36.30923
2021-08-29T00:00:00.000000000,35.67,37.82444
2021-08-29T01:00:00.000000000,35.41,38.11038
2021-08-29T02:00:00.000000000,35.29,37.97576
2021-08-29T03:00:00.000000000,35.34,38.32912
2021-08-29T04:00:00.000000000,35.64,38.56373
2021-08-29T05:00:00.000000000,35.15,38.53405
2021-08-29T06:00:00.000000000,17.15,38.5731
2021-08-29T07:00:00.000000000,17.15,38.77536
2021-08-29T08:00:00.000000000,17.15,38.82627
2021-08-29T09:00:00.000000000,17.15,38.85366
2021-08-29T10:00:00.000000000,17.15,38.56675
2021-08-29T11:00:00.000000000,35.65,38.69429
2021-08-29T12:00:00.000000000,36.04,38.71384
2021-08-29T13:00:00.000000000,35.9,38.6584
2021-08-29T14:00:00.000000000,35.79,38.85766
2021-08-29T15:00:00.000000000,35.37,38.9957
2021-08-29T16:00:00.000000000,35.53,39.05197
2021-08-29T17:00:00.000000000,35.28,39.27436
2021-08-29T18:00:00.000000000,34.35,39.26986
2021-08-29T19:00:00.000000000,33.94,39.1135
2021-08-29T20:00:00.000000000,33.69,38.89803
2021-08-29T21:00:00.000000000,33.55,38.53168
2021-08-29T22:00:00.000000000,33.9,38.4055
2021-08-29T23:00:00.000000000,34.43,38.16772
2021-08-30T00:00:00.000000000,34.21,38.70117
2021-08-30T01:00:00.000000000,33.83,38.7471
2021-08-30T02:00:00.000000000,33.65,38.39261
2021-08-30T03:00:00.000000000,33.08,38.5733
2021-08-30T04:00:00.000000000,32.77,38.73229
2021-08-30T05:00:00.000000000,31.84,38.65887
2021-08-30T06:00:00.000000000,32.95,38.80117
2021-08-30T07:00:00.000000000,34.43,39.19599
2021-08-30T08:00:00.000000000,35.95,39.49643
2021-08-30T09:00:00.000000000,36.19,39.75062
2021-08-30T10:00:00.000000000,35.54,39.61219
2021-08-30T11:00:00.000000000,35.53,39.81251
2021-08-30T12:00:00.000000000,35.77,39.75857
2021-08-30T13:00:00.000000000,35.88,39.64601
2021-08-30T14:00:00.000000000,34.99,39.70114
2021-08-30T15:00:00.000000000,35.17,39.65945
2021-08-30T16:00:00.000000000,34.54,39.62805
2021-08-30T17:00:00.000000000,34.05,39.83332
2021-08-30T18:00:00.000000000,33.32,39.94103
2021-08-30T19:00:00.000000000,32.75,39.92262
2021-08-30T20:00:00.000000000,32.51,39.80068
2021-08-30T21:00:00.000000000,32.2,39.56222
2021-08-30T22:00:00.000000000,32.87,39.46181
2021-08-30T23:00:00.000000000,33.05,39.18609
2021-08-28T00:00:00.000000000,36.15,35.71011
2021-08-28T01:00:00.000000000,35.43,35.59148
2021-08-28T02:00:00.000000000,35.4,34.95181
2021-08-28T03:00:00.000000000,35.47,34.91319
2021-08-28T04:00:00.000000000,35.39,34.68727
2021-08-28T05:00:00.000000000,34.64,34.44799
2021-08-28T06:00:00.000000000,34.54,34.37386
2021-08-28T07:00:00.000000000,33.43,34.7054
2021-08-28T08:00:00.000000000,33.29,35.14195
2021-08-28T09:00:00.000000000,33.1,35.63435
2021-08-28T10:00:00.000000000,33.53,35.85323
2021-08-28T11:00:00.000000000,33.93,36.24683
2021-08-28T12:00:00.000000000,33.89,36.63872
2021-08-28T13:00:00.000000000,33.77,36.86527
2021-08-28T14:00:00.000000000,33.99,37.03395
2021-08-28T15:00:00.000000000,33.91,37.08063
2021-08-28T16:00:00.000000000,33.42,36.80115
2021-08-28T17:00:00.000000000,33.46,37.04644
2021-08-28T18:00:00.000000000,33.6,37.11519
2021-08-28T19:00:00.000000000,33.26,36.97579
2021-08-28T20:00:00.000000000,33.07,36.89053
2021-08-28T21:00:00.000000000,32.82,36.79094
2021-08-28T22:00:00.000000000,34.71,36.81273
2021-08-28T23:00:00.000000000,35.57,36.58178
2021-08-29T00:00:00.000000000,35.67,37.77085
2021-08-29T01:00:00.000000000,35.41,37.895
2021-08-29T02:00:00.000000000,35.29,37.50662
2021-08-29T03:00:00.000000000,35.34,37.54981
2021-08-29T04:00:00.000000000,35.64,37.44683
2021-08-29T05:00:00.000000000,35.15,37.1657
2021-08-29T06:00:00.000000000,17.15,37.05763
2021-08-29T07:00:00.000000000,17.15,37.28207
2021-08-29T08:00:00.000000000,17.15,37.52886
2021-08-29T09:00:00.000000000,17.15,37.83085
2021-08-29T10:00:00.000000000,17.15,37.90338
2021-08-29T11:00:00.000000000,35.65,38.27886
2021-08-29T12:00:00.000000000,36.04,38.5326
2021-08-29T13:00:00.000000000,35.9,38.66719
2021-08-29T14:00:00.000000000,35.79,38.85191
2021-08-29T15:00:00.000000000,35.37,38.86637
2021-08-29T16:00:00.000000000,35.53,38.73779
2021-08-29T17:00:00.000000000,35.28,38.85158
2021-08-29T18:00:00.000000000,34.35,38.83051
2021-08-29T19:00:00.000000000,33.94,38.69792
2021-08-29T20:00:00.000000000,33.69,38.56352
2021-08-29T21:00:00.000000000,33.55,38.40335
2021-08-29T22:00:00.000000000,33.9,38.44392
2021-08-29T23:00:00.000000000,34.43,38.31177
2021-08-30T00:00:00.000000000,34.21,40.013
2021-08-30T01:00:00.000000000,33.83,40.27389
2021-08-30T02:00:00.000000000,33.65,40.0523
2021-08-30T03:00:00.000000000,33.08,40.16484
2021-08-30T04:00:00.000000000,32.77,40.15229
2021-08-30T05:00:00.000000000,31.84,39.87297
2021-08-30T06:00:00.000000000,32.95,39.81418
2021-08-30T07:00:00.000000000,34.43,39.96389
2021-08-30T08:00:00.000000000,35.95,40.05359
2021-08-30T09:00:00.000000000,36.19,40.21431
2021-08-30T10:00:00.000000000,35.54,40.02292
2021-08-30T11:00:00.000000000,35.53,40.36994
2021-08-30T12:00:00.000000000,35.77,40.48752
2021-08-30T13:00:00.000000000,35.88,40.46793
2021-08-30T14:00:00.000000000,34.99,40.63275
2021-08-30T15:00:00.000000000,35.17,40.67962
2021-08-30T16:00:00.000000000,34.54,40.6375
2021-08-30T17:00:00.000000000,34.05,40.68816
2021-08-30T18:00:00.000000000,33.32,40.5981
2021-08-30T19:00:00.000000000,32.75,40.44919
2021-08-30T20:00:00.000000000,32.51,40.19582
2021-08-30T21:00:00.000000000,32.2,39.91853
2021-08-30T22:00:00.000000000,32.87,39.89582
2021-08-30T23:00:00.000000000,33.05,39.81031
2021-08-31T00:00:00.000000000,33.0,38.75701
2021-08-31T01:00:00.000000000,33.01,38.81288
2021-08-31T02:00:00.000000000,32.79,38.39005
2021-08-31T03:00:00.000000000,33.74,38.4171
2021-08-31T04:00:00.000000000,33.18,38.41174
2021-08-31T05:00:00.000000000,32.98,38.23252
2021-08-31T06:00:00.000000000,33.67,38.34299
2021-08-31T07:00:00.000000000,34.91,38.68283
2021-08-31T08:00:00.000000000,35.83,38.99146
2021-08-31T09:00:00.000000000,36.54,39.26725
2021-08-31T10:00:00.000000000,36.85,39.1503
2021-08-31T11:00:00.000000000,37.53,39.33804
2021-08-31T12:00:00.000000000,37.59,39.27649
2021-08-31T13:00:00.000000000,37.88,39.0616
2021-08-31T14:00:00.000000000,37.02,39.02232
2021-08-31T15:00:00.000000000,36.49,38.88108
2021-08-31T16:00:00.000000000,36.45,38.69632
2021-08-31T17:00:00.000000000,36.07,38.85214
2021-08-31T18:00:00.000000000,35.24,38.93798
2021-08-31T19:00:00.000000000,35.16,39.01627
2021-08-31T20:00:00.000000000,34.77,39.04194
2021-08-31T21:00:00.000000000,34.41,39.00564
2021-08-31T22:00:00.000000000,34.61,39.10955
2021-08-31T23:00:00.000000000,35.55,39.00915
2021-08-29T00:00:00.000000000,35.67,34.79053
2021-08-29T01:00:00.000000000,35.41,34.89468
2021-08-29T02:00:00.000000000,35.29,34.62363
2021-08-29T03:00:00.000000000,35.34,35.06808
2021-08-29T04:00:00.000000000,35.64,35.39522
2021-08-29T05:00:00.000000000,35.15,35.52763
2021-08-29T06:00:00.000000000,17.15,35.64104
2021-08-29T07:00:00.000000000,17.15,36.01986
2021-08-29T08:00:00.000000000,17.15,36.28087
2021-08-29T09:00:00.000000000,17.15,36.46126
2021-08-29T10:00:00.000000000,17.15,36.40138
2021-08-29T11:00:00.000000000,35.65,36.49175
2021-08-29T12:00:00.000000000,36.04,36.59501
2021-08-29T13:00:00.000000000,35.9,36.70048
2021-08-29T14:00:00.000000000,35.79,36.92801
2021-08-29T15:00:00.000000000,35.37,37.09027
2021-08-29T16:00:00.000000000,35.53,37.12573
2021-08-29T17:00:00.000000000,35.28,37.49734
2021-08-29T18:00:00.000000000,34.35,37.62018
2021-08-29T19:00:00.000000000,33.94,37.43634
2021-08-29T20:00:00.000000000,33.69,37.29217
2021-08-29T21:00:00.000000000,33.55,36.91224
2021-08-29T22:00:00.000000000,33.9,36.68878
2021-08-29T23:00:00.000000000,34.43,36.23172
2021-08-30T00:00:00.000000000,34.21,37.17134
2021-08-30T01:00:00.000000000,33.83,37.47753
2021-08-30T02:00:00.000000000,33.65,37.36349
2021-08-30T03:00:00.000000000,33.08,37.75725
2021-08-30T04:00:00.000000000,32.77,37.99828
2021-08-30T05:00:00.000000000,31.84,37.9709
2021-08-30T06:00:00.000000000,32.95,37.96159
2021-08-30T07:00:00.000000000,34.43,38.1409
2021-08-30T08:00:00.000000000,35.95,38.17051
2021-08-30T09:00:00.000000000,36.19,38.19696
2021-08-30T10:00:00.000000000,35.54,37.95823
2021-08-30T11:00:00.000000000,35.53,38.11765
2021-08-30T12:00:00.000000000,35.77,38.23021
2021-08-30T13:00:00.000000000,35.88,38.28173
2021-08-30T14:00:00.000000000,34.99,38.55543
2021-08-30T15:00:00.000000000,35.17,38.75474
2021-08-30T16:00:00.000000000,34.54,38.83225
2021-08-30T17:00:00.000000000,34.05,39.06729
2021-08-30T18:00:00.000000000,33.32,39.03682
2021-08-30T19:00:00.000000000,32.75,38.81215
2021-08-30T20:00:00.000000000,32.51,38.55115
2021-08-30T21:00:00.000000000,32.2,38.13103
2021-08-30T22:00:00.000000000,32.87,37.96713
2021-08-30T23:00:00.000000000,33.05,37.69773
2021-08-31T00:00:00.000000000,33.0,37.09855
2021-08-31T01:00:00.000000000,33.01,37.39655
2021-08-31T02:00:00.000000000,32.79,37.2351
2021-08-31T03:00:00.000000000,33.74,37.56397
2021-08-31T04:00:00.000000000,33.18,37.74888
2021-08-31T05:00:00.000000000,32.98,37.71072
2021-08-31T06:00:00.000000000,33.67,37.74342
2021-08-31T07:00:00.000000000,34.91,37.90281
2021-08-31T08:00:00.000000000,35.83,37.92973
2021-08-31T09:00:00.000000000,36.54,37.92039
2021-08-31T10:00:00.000000000,36.85,37.59616
2021-08-31T11:00:00.000000000,37.53,37.64121
2021-08-31T12:00:00.000000000,37.59,37.64701
2021-08-31T13:00:00.000000000,37.88,37.53853
2021-08-31T14:00:00.000000000,37.02,37.70556
2021-08-31T15:00:00.000000000,36.49,37.86039
2021-08-31T16:00:00.000000000,36.45,37.86136
2021-08-31T17:00:00.000000000,36.07,38.14856
2021-08-31T18:00:00.000000000,35.24,38.16383
2021-08-31T19:00:00.000000000,35.16,38.0737
2021-08-31T20:00:00.000000000,34.77,37.96717
2021-08-31T21:00:00.000000000,34.41,37.67989
2021-08-31T22:00:00.000000000,34.61,37.63973
2021-08-31T23:00:00.000000000,35.55,37.459
2021-09-01T00:00:00.000000000,36.23,37.0644
2021-09-01T01:00:00.000000000,36.69,37.20212
2021-09-01T02:00:00.000000000,37.07,36.85341
2021-09-01T03:00:00.000000000,37.32,37.00383
2021-09-01T04:00:00.000000000,35.33,37.04087
2021-09-01T05:00:00.000000000,34.71,36.90633
2021-09-01T06:00:00.000000000,34.27,36.91296
2021-09-01T07:00:00.000000000,35.93,37.16073
2021-09-01T08:00:00.000000000,36.87,37.37161
2021-09-01T09:00:00.000000000,37.27,37.56199
2021-09-01T10:00:00.000000000,37.38,37.44893
2021-09-01T11:00:00.000000000,37.16,37.61688
2021-09-01T12:00:00.000000000,36.73,37.695
2021-09-01T13:00:00.000000000,36.22,37.66156
2021-09-01T14:00:00.000000000,35.59,37.78533
2021-09-01T15:00:00.000000000,35.25,37.83831
2021-09-01T16:00:00.000000000,35.27,37.74047
2021-09-01T17:00:00.000000000,34.26,37.99655
2021-09-01T18:00:00.000000000,33.16,38.05405
2021-09-01T19:00:00.000000000,32.81,38.00862
2021-09-01T20:00:00.000000000,33.29,37.95821
2021-09-01T21:00:00.000000000,33.12,37.78911
2021-09-01T22:00:00.000000000,33.69,37.80349
2021-09-01T23:00:00.000000000,36.96,37.61971
2021-08-30T00:00:00.000000000,34.21,33.98777
2021-08-30T01:00:00.000000000,33.83,34.31889
2021-08-30T02:00:00.000000000,33.65,33.96086
2021-08-30T03:00:00.000000000,33.08,34.16136
2021-08-30T04:00:00.000000000,32.77,33.97159
2021-08-30T05:00:00.000000000,31.84,33.61617
2021-08-30T06:00:00.000000000,32.95,33.22285
2021-08-30T07:00:00.000000000,34.43,33.37027
2021-08-30T08:00:00.000000000,35.95,33.67007
2021-08-30T09:00:00.000000000,36.19,34.19386
2021-08-30T10:00:00.000000000,35.54,34.71844
2021-08-30T11:00:00.000000000,35.53,35.5139
2021-08-30T12:00:00.000000000,35.77,36.36957
2021-08-30T13:00:00.000000000,35.88,37.09412
2021-08-30T14:00:00.000000000,34.99,37.55087
2021-08-30T15:00:00.000000000,35.17,37.65372
2021-08-30T16:00:00.000000000,34.54,37.35773
2021-08-30T17:00:00.000000000,34.05,37.19576
2021-08-30T18:00:00.000000000,33.32,36.81641
2021-08-30T19:00:00.000000000,32.75,36.11108
2021-08-30T20:00:00.000000000,32.51,35.58418
2021-08-30T21:00:00.000000000,32.2,35.22175
2021-08-30T22:00:00.000000000,32.87,35.23466
2021-08-30T23:00:00.000000000,33.05,35.17205
2021-08-31T00:00:00.000000000,33.0,33.95133
2021-08-31T01:00:00.000000000,33.01,34.52451
2021-08-31T02:00:00.000000000,32.79,34.37704
2021-08-31T03:00:00.000000000,33.74,34.72323
2021-08-31T04:00:00.000000000,33.18,34.77503
2021-08-31T05:00:00.000000000,32.98,34.61876
2021-08-31T06:00:00.000000000,33.67,34.41746
2021-08-31T07:00:00.000000000,34.91,34.53656
2021-08-31T08:00:00.000000000,35.83,34.78173
2021-08-31T09:00:00.000000000,36.54,35.08721
2021-08-31T10:00:00.000000000,36.85,35.15697
2021-08-31T11:00:00.000000000,37.53,35.57375
2021-08-31T12:00:00.000000000,37.59,35.88891
2021-08-31T13:00:00.000000000,37.88,36.08638
2021-08-31T14:00:00.000000000,37.02,36.28211
2021-08-31T15:00:00.000000000,36.49,36.26262
2021-08-31T16:00:00.000000000,36.45,35.91516
2021-08-31T17:00:00.000000000,36.07,35.78762
2021-08-31T18:00:00.000000000,35.24,35.41089
2021-08-31T19:00:00.000000000,35.16,34.83866
2021-08-31T20:00:00.000000000,34.77,34.44388
2021-08-31T21:00:00.000000000,34.41,34.21902
2021-08-31T22:00:00.000000000,34.61,34.30431
2021-08-31T23:00:00.000000000,35.55,34.37714
2021-09-01T00:00:00.000000000,36.23,34.19905
2021-09-01T01:00:00.000000000,36.69,34.54655
2021-09-01T02:00:00.000000000,37.07,34.29579
2021-09-01T03:00:00.000000000,37.32,34.63763
2021-09-01T04:00:00.000000000,35.33,34.71522
2021-09-01T05:00:00.000000000,34.71,34.59145
2021-09-01T06:00:00.000000000,34.27,34.47178
2021-09-01T07:00:00.000000000,35.93,34.67833
2021-09-01T08:00:00.000000000,36.87,34.93116
2021-09-01T09:00:00.000000000,37.27,35.25798
2021-09-01T10:00:00.000000000,37.38,35.31098
2021-09-01T11:00:00.000000000,37.16,35.68509
2021-09-01T12:00:00.000000000,36.73,36.04571
2021-09-01T13:00:00.000000000,36.22,36.29761
2021-09-01T14:00:00.000000000,35.59,36.54258
2021-09-01T15:00:00.000000000,35.25,36.63131
2021-09-01T16:00:00.000000000,35.27,36.40086
2021-09-01T17:00:00.000000000,34.26,36.4633
2021-09-01T18:00:00.000000000,33.16,36.26638
2021-09-01T19:00:00.000000000,32.81,35.81413
2021-09-01T20:00:00.000000000,33.29,35.48573
2021-09-01T21:00:00.000000000,33.12,35.17585
2021-09-01T22:00:00.000000000,33.69,35.14222
2021-09-01T23:00:00.000000000,36.96,35.01049
2021-09-02T00:00:00.000000000,38.23,34.59438
2021-09-02T01:00:00.000000000,38.7,35.12233
2021-09-02T02:00:00.000000000,38.15,34.96595
2021-09-02T03:00:00.000000000,37.34,35.27501
2021-09-02T04:00:00.000000000,35.41,35.38392
2021-09-02T05:00:00.000000000,34.67,35.3152
2021-09-02T06:00:00.000000000,34.31,35.28978
2021-09-02T07:00:00.000000000,35.45,35.43398
2021-09-02T08:00:00.000000000,36.47,35.63049
2021-09-02T09:00:00.000000000,36.52,35.83263
2021-09-02T10:00:00.000000000,36.59,35.67234
2021-09-02T11:00:00.000000000,36.07,35.89044
2021-09-02T12:00:00.000000000,34.06,35.98451
2021-09-02T13:00:00.000000000,33.55,35.90888
2021-09-02T14:00:00.000000000,32.8,35.95835
2021-09-02T15:00:00.000000000,32.58,35.90251
2021-09-02T16:00:00.000000000,33.0,35.53687
2021-09-02T17:00:00.000000000,32.15,35.51278
2021-09-02T18:00:00.000000000,31.91,35.27265
2021-09-02T19:00:00.000000000,31.69,34.89839
2021-09-02T20:00:00.000000000,32.11,34.67733
2021-09-02T21:00:00.000000000,32.48,34.52931
2021-09-02T22:00:00.000000000,33.96,34.64556
2021-09-02T23:00:00.000000000,34.27,34.74137
2021-08-31T00:00:00.000000000,33.0,32.47668
2021-08-31T01:00:00.000000000,33.01,33.00979
2021-08-31T02:00:00.000000000,32.79,32.88695
2021-08-31T03:00:00.000000000,33.74,33.37827
2021-08-31T04:00:00.000000000,33.18,33.71891
2021-08-31T05:00:00.000000000,32.98,33.89422
2021-08-31T06:00:00.000000000,33.67,34.12192
2021-08-31T07:00:00.000000000,34.91,34.46867
2021-08-31T08:00:00.000000000,35.83,34.85249
2021-08-31T09:00:00.000000000,36.54,35.18807
2021-08-31T10:00:00.000000000,36.85,35.12999
2021-08-31T11:00:00.000000000,37.53,35.25876
2021-08-31T12:00:00.000000000,37.59,35.21117
2021-08-31T13:00:00.000000000,37.88,35.0143
2021-08-31T14:00:00.000000000,37.02,34.89707
2021-08-31T15:00:00.000000000,36.49,34.60767
2021-08-31T16:00:00.000000000,36.45,34.05986
2021-08-31T17:00:00.000000000,36.07,33.96762
2021-08-31T18:00:00.000000000,35.24,33.76121
2021-08-31T19:00:00.000000000,35.16,33.36614
2021-08-31T20:00:00.000000000,34.77,33.23761
2021-08-31T21:00:00.000000000,34.41,33.17319
2021-08-31T22:00:00.000000000,34.61,33.30424
2021-08-31T23:00:00.000000000,35.55,33.37751
2021-09-01T00:00:00.000000000,36.23,33.76507
2021-09-01T01:00:00.000000000,36.69,34.26608
2021-09-01T02:00:00.000000000,37.07,34.02446
2021-09-01T03:00:00.000000000,37.32,34.28398
2021-09-01T04:00:00.000000000,35.33,34.33472
2021-09-01T05:00:00.000000000,34.71,34.2456
2021-09-01T06:00:00.000000000,34.27,34.11675
2021-09-01T07:00:00.000000000,35.93,34.24079
2021-09-01T08:00:00.000000000,36.87,34.38043
2021-09-01T09:00:00.000000000,37.27,34.5502
2021-09-01T10:00:00.000000000,37.38,34.33633
2021-09-01T11:00:00.000000000,37.16,34.48696
2021-09-01T12:00:00.000000000,36.73,34.60778
2021-09-01T13:00:00.000000000,36.22,34.56397
2021-09-01T14:00:00.000000000,35.59,34.64049
2021-09-01T15:00:00.000000000,35.25,34.63099
2021-09-01T16:00:00.000000000,35.27,34.29319
2021-09-01T17:00:00.000000000,34.26,34.37535
2021-09-01T18:00:00.000000000,33.16,34.20001
2021-09-01T19:00:00.000000000,32.81,33.85641
2021-09-01T20:00:00.000000000,33.29,33.68931
2021-09-01T21:00:00.000000000,33.12,33.63247
2021-09-01T22:00:00.000000000,33.69,33.76404
2021-09-01T23:00:00.000000000,36.96,33.92666
2021-09-02T00:00:00.000000000,38.23,34.03215
2021-09-02T01:00:00.000000000,38.7,34.60229
2021-09-02T02:00:00.000000000,38.15,34.46517
2021-09-02T03:00:00.000000000,37.34,34.78052
2021-09-02T04:00:00.000000000,35.41,34.90033
2021-09-02T05:00:00.000000000,34.67,34.85126
2021-09-02T06:00:00.000000000,34.31,34.76556
2021-09-02T07:00:00.000000000,35.45,34.81756
2021-09-02T08:00:00.000000000,36.47,34.80424
2021-09-02T09:00:00.000000000,36.52,34.83633
2021-09-02T10:00:00.000000000,36.59,34.39041
2021-09-02T11:00:00.000000000,36.07,34.40796
2021-09-02T12:00:00.000000000,34.06,34.43965
2021-09-02T13:00:00.000000000,33.55,34.28965
2021-09-02T14:00:00.000000000,32.8,34.3663
2021-09-02T15:00:00.000000000,32.58,34.45933
2021-09-02T16:00:00.000000000,33.0,34.1913
2021-09-02T17:00:00.000000000,32.15,34.36027
2021-09-02T18:00:00.000000000,31.91,34.2246
2021-09-02T19:00:00.000000000,31.69,33.92386
2021-09-02T20:00:00.000000000,32.11,33.78775
2021-09-02T21:00:00.000000000,32.48,33.67578
2021-09-02T22:00:00.000000000,33.96,33.76868
2021-09-02T23:00:00.000000000,34.27,33.94922
2021-09-03T00:00:00.000000000,34.99,33.44036
2021-09-03T01:00:00.000000000,34.93,33.47566
2021-09-03T02:00:00.000000000,34.95,33.04973
2021-09-03T03:00:00.000000000,34.99,33.35879
2021-09-03T04:00:00.000000000,34.04,33.46877
2021-09-03T05:00:00.000000000,31.07,33.49679
2021-09-03T06:00:00.000000000,31.05,33.50603
2021-09-03T07:00:00.000000000,31.89,33.83726
2021-09-03T08:00:00.000000000,32.85,34.09495
2021-09-03T09:00:00.000000000,33.59,34.39623
2021-09-03T10:00:00.000000000,34.41,34.39674
2021-09-03T11:00:00.000000000,34.95,34.56096
2021-09-03T12:00:00.000000000,35.5,34.87956
2021-09-03T13:00:00.000000000,35.67,35.1122
2021-09-03T14:00:00.000000000,36.41,35.37147
2021-09-03T15:00:00.000000000,35.88,35.59618
2021-09-03T16:00:00.000000000,34.88,35.49683
2021-09-03T17:00:00.000000000,34.87,35.89586
2021-09-03T18:00:00.000000000,34.2,36.02778
2021-09-03T19:00:00.000000000,33.8,35.77689
2021-09-03T20:00:00.000000000,33.39,35.64881
2021-09-03T21:00:00.000000000,33.69,35.35863
2021-09-03T22:00:00.000000000,34.06,35.17959
2021-09-03T23:00:00.000000000,35.96,34.81879
2021-09-01T00:00:00.000000000,36.23,34.58994
2021-09-01T01:00:00.000000000,36.69,34.91562
2021-09-01T02:00:00.000000000,37.07,34.71168
2021-09-01T03:00:00.000000000,37.32,35.17043
2021-09-01T04:00:00.000000000,35.33,35.45787
2021-09-01T05:00:00.000000000,34.71,35.48985
2021-09-01T06:00:00.000000000,34.27,35.56743
2021-09-01T07:00:00.000000000,35.93,35.88912
2021-09-01T08:00:00.000000000,36.87,36.21617
2021-09-01T09:00:00.000000000,37.27,36.50862
2021-09-01T10:00:00.000000000,37.38,36.48347
2021-09-01T11:00:00.000000000,37.16,36.74597
2021-09-01T12:00:00.000000000,36.73,36.8981
2021-09-01T13:00:00.000000000,36.22,36.9927
2021-09-01T14:00:00.000000000,35.59,37.14485
2021-09-01T15:00:00.000000000,35.25,37.17029
2021-09-01T16:00:00.000000000,35.27,36.98866
2021-09-01T17:00:00.000000000,34.26,37.08862
2021-09-01T18:00:00.000000000,33.16,36.95583
2021-09-01T19:00:00.000000000,32.81,36.59296
2021-09-01T20:00:00.000000000,33.29,36.30763
2021-09-01T21:00:00.000000000,33.12,35.93538
2021-09-01T22:00:00.000000000,33.69,35.83356
2021-09-01T23:00:00.000000000,36.96,35.57845
2021-09-02T00:00:00.000000000,38.23,34.75722
2021-09-02T01:00:00.000000000,38.7,35.50885
2021-09-02T02:00:00.000000000,38.15,35.56398
2021-09-02T03:00:00.000000000,37.34,35.98692
2021-09-02T04:00:00.000000000,35.41,36.15753
2021-09-02T05:00:00.000000000,34.67,36.07589
2021-09-02T06:00:00.000000000,34.31,35.97341
2021-09-02T07:00:00.000000000,35.45,35.95581
2021-09-02T08:00:00.000000000,36.47,35.92223
2021-09-02T09:00:00.000000000,36.52,35.96187
2021-09-02T10:00:00.000000000,36.59,35.63576
2021-09-02T11:00:00.000000000,36.07,35.82873
2021-09-02T12:00:00.000000000,34.06,35.96105
2021-09-02T13:00:00.000000000,33.55,35.94739
2021-09-02T14:00:00.000000000,32.8,36.11816
2021-09-02T15:00:00.000000000,32.58,36.26721
2021-09-02T16:00:00.000000000,33.0,36.01483
2021-09-02T17:00:00.000000000,32.15,36.01084
2021-09-02T18:00:00.000000000,31.91,35.66848
2021-09-02T19:00:00.000000000,31.69,35.17953
2021-09-02T20:00:00.000000000,32.11,34.83877
2021-09-02T21:00:00.000000000,32.48,34.51144
2021-09-02T22:00:00.000000000,33.96,34.5383
2021-09-02T23:00:00.000000000,34.27,34.66594
2021-09-03T00:00:00.000000000,34.99,34.72762
2021-09-03T01:00:00.000000000,34.93,34.74846
2021-09-03T02:00:00.000000000,34.95,34.4428
2021-09-03T03:00:00.000000000,34.99,34.87415
2021-09-03T04:00:00.000000000,34.04,35.20193
2021-09-03T05:00:00.000000000,31.07,35.36537
2021-09-03T06:00:00.000000000,31.05,35.49252
2021-09-03T07:00:00.000000000,31.89,35.90305
2021-09-03T08:00:00.000000000,32.85,36.17746
2021-09-03T09:00:00.000000000,33.59,36.35467
2021-09-03T10:00:00.000000000,34.41,36.32541
2021-09-03T11:00:00.000000000,34.95,36.38065
2021-09-03T12:00:00.000000000,35.5,36.48048
2021-09-03T13:00:00.000000000,35.67,36.59978
2021-09-03T14:00:00.000000000,36.41,36.84595
2021-09-03T15:00:00.000000000,35.88,37.03078
2021-09-03T16:00:00.000000000,34.88,37.10866
2021-09-03T17:00:00.000000000,34.87,37.54664
2021-09-03T18:00:00.000000000,34.2,37.74001
2021-09-03T19:00:00.000000000,33.8,37.59993
2021-09-03T20:00:00.000000000,33.39,37.4962
2021-09-03T21:00:00.000000000,33.69,37.12607
2021-09-03T22:00:00.000000000,34.06,36.86896
2021-09-03T23:00:00.000000000,35.96,36.34612
2021-09-04T00:00:00.000000000,36.22,37.21315
2021-09-04T01:00:00.000000000,36.42,37.09097
2021-09-04T02:00:00.000000000,36.72,36.60183
2021-09-04T03:00:00.000000000,36.69,36.80524
2021-09-04T04:00:00.000000000,36.34,37.00844
2021-09-04T05:00:00.000000000,35.06,37.02858
2021-09-04T06:00:00.000000000,35.66,37.21268
2021-09-04T07:00:00.000000000,36.07,37.75309
2021-09-04T08:00:00.000000000,36.52,38.22434
2021-09-04T09:00:00.000000000,37.67,38.59326
2021-09-04T10:00:00.000000000,38.59,38.63138
2021-09-04T11:00:00.000000000,39.19,38.81962
2021-09-04T12:00:00.000000000,38.98,38.78853
2021-09-04T13:00:00.000000000,39.48,38.77778
2021-09-04T14:00:00.000000000,39.52,38.83878
2021-09-04T15:00:00.000000000,39.08,38.77633
2021-09-04T16:00:00.000000000,38.69,38.7671
2021-09-04T17:00:00.000000000,37.68,39.06829
2021-09-04T18:00:00.000000000,37.1,39.3033
2021-09-04T19:00:00.000000000,37.11,39.30543
2021-09-04T20:00:00.000000000,36.37,39.23639
2021-09-04T21:00:00.000000000,36.17,39.00944
2021-09-04T22:00:00.000000000,36.15,38.84202
2021-09-04T23:00:00.000000000,36.97,38.40751
2021-09-02T00:00:00.000000000,38.23,33.965
2021-09-02T01:00:00.000000000,38.7,34.55171
2021-09-02T02:00:00.000000000,38.15,34.46412
2021-09-02T03:00:00.000000000,37.34,34.83188
2021-09-02T04:00:00.000000000,35.41,35.0985
2021-09-02T05:00:00.000000000,34.67,35.19945
2021-09-02T06:00:00.000000000,34.31,35.43899
2021-09-02T07:00:00.000000000,35.45,35.7004
2021-09-02T08:00:00.000000000,36.47,35.98232
2021-09-02T09:00:00.000000000,36.52,36.21357
2021-09-02T10:00:00.000000000,36.59,35.99103
2021-09-02T11:00:00.000000000,36.07,36.06668
2021-09-02T12:00:00.000000000,34.06,35.90983
2021-09-02T13:00:00.000000000,33.55,35.54185
2021-09-02T14:00:00.000000000,32.8,35.35503
2021-09-02T15:00:00.000000000,32.58,35.06668
2021-09-02T16:00:00.000000000,33.0,34.4995
2021-09-02T17:00:00.000000000,32.15,34.3937
2021-09-02T18:00:00.000000000,31.91,34.17578
2021-09-02T19:00:00.000000000,31.69,33.88692
2021-09-02T20:00:00.000000000,32.11,33.82088
2021-09-02T21:00:00.000000000,32.48,33.81183
2021-09-02T22:00:00.000000000,33.96,34.02531
2021-09-02T23:00:00.000000000,34.27,34.22455
2021-09-03T00:00:00.000000000,34.99,34.49057
2021-09-03T01:00:00.000000000,34.93,34.46772
2021-09-03T02:00:00.000000000,34.95,34.13651
2021-09-03T03:00:00.000000000,34.99,34.57726
2021-09-03T04:00:00.000000000,34.04,34.91636
2021-09-03T05:00:00.000000000,31.07,35.10478
2021-09-03T06:00:00.000000000,31.05,35.25038
2021-09-03T07:00:00.000000000,31.89,35.69535
2021-09-03T08:00:00.000000000,32.85,36.00489
2021-09-03T09:00:00.000000000,33.59,36.2093
2021-09-03T10:00:00.000000000,34.41,36.21552
2021-09-03T11:00:00.000000000,34.95,36.27025
2021-09-03T12:00:00.000000000,35.5,36.37968
2021-09-03T13:00:00.000000000,35.67,36.51764
2021-09-03T14:00:00.000000000,36.41,36.76865
2021-09-03T15:00:00.000000000,35.88,36.95356
2021-09-03T16:00:00.000000000,34.88,37.03422
2021-09-03T17:00:00.000000000,34.87,37.48884
2021-09-03T18:00:00.000000000,34.2,37.70534
2021-09-03T19:00:00.000000000,33.8,37.5632
2021-09-03T20:00:00.000000000,33.39,37.46207
2021-09-03T21:00:00.000000000,33.69,37.087
2021-09-03T22:00:00.000000000,34.06,36.8057
2021-09-03T23:00:00.000000000,35.96,36.23936
2021-09-04T00:00:00.000000000,36.22,38.13118
2021-09-04T01:00:00.000000000,36.42,38.3778
2021-09-04T02:00:00.000000000,36.72,38.20663
2021-09-04T03:00:00.000000000,36.69,38.52764
2021-09-04T04:00:00.000000000,36.34,38.71276
2021-09-04T05:00:00.000000000,35.06,38.61262
2021-09-04T06:00:00.000000000,35.66,38.58093
2021-09-04T07:00:00.000000000,36.07,38.79448
2021-09-04T08:00:00.000000000,36.52,38.88532
2021-09-04T09:00:00.000000000,37.67,39.00181
2021-09-04T10:00:00.000000000,38.59,38.83573
2021-09-04T11:00:00.000000000,39.19,39.11028
2021-09-04T12:00:00.000000000,38.98,39.26221
2021-09-04T13:00:00.000000000,39.48,39.37553
2021-09-04T14:00:00.000000000,39.52,39.65655
2021-09-04T15:00:00.000000000,39.08,39.8281
2021-09-04T16:00:00.000000000,38.69,39.91958
2021-09-04T17:00:00.000000000,37.68,40.10094
2021-09-04T18:00:00.000000000,37.1,40.06765
2021-09-04T19:00:00.000000000,37.11,39.82736
2021-09-04T20:00:00.000000000,36.37,39.50488
2021-09-04T21:00:00.000000000,36.17,39.06577
2021-09-04T22:00:00.000000000,36.15,38.8655
2021-09-04T23:00:00.000000000,36.97,38.57567
2021-09-05T00:00:00.000000000,37.14,38.83858
2021-09-05T01:00:00.000000000,35.99,39.05596
2021-09-05T02:00:00.000000000,35.6,38.85919
2021-09-05T03:00:00.000000000,34.95,39.20145
2021-09-05T04:00:00.000000000,35.3,39.5175
2021-09-05T05:00:00.000000000,33.85,39.51377
2021-09-05T06:00:00.000000000,34.68,39.75357
2021-09-05T07:00:00.000000000,36.82,40.16505
2021-09-05T08:00:00.000000000,37.4,40.45111
2021-09-05T09:00:00.000000000,37.7,40.70559
2021-09-05T10:00:00.000000000,38.54,40.49262
2021-09-05T11:00:00.000000000,38.85,40.72257
2021-09-05T12:00:00.000000000,39.06,40.61493
2021-09-05T13:00:00.000000000,38.89,40.43006
2021-09-05T14:00:00.000000000,38.36,40.43597
2021-09-05T15:00:00.000000000,37.68,40.32904
2021-09-05T16:00:00.000000000,37.46,40.24276
2021-09-05T17:00:00.000000000,36.95,40.28616
2021-09-05T18:00:00.000000000,35.91,40.25043
2021-09-05T19:00:00.000000000,35.22,40.09368
2021-09-05T20:00:00.000000000,34.89,39.84028
2021-09-05T21:00:00.000000000,34.79,39.51193
2021-09-05T22:00:00.000000000,35.05,39.38029
2021-09-05T23:00:00.000000000,38.96,39.15395
2021-09-03T00:00:00.000000000,34.99,33.61173
2021-09-03T01:00:00.000000000,34.93,33.96067
2021-09-03T02:00:00.000000000,34.95,33.70256
2021-09-03T03:00:00.000000000,34.99,34.06273
2021-09-03T04:00:00.000000000,34.04,34.29817
2021-09-03T05:00:00.000000000,31.07,34.38215
2021-09-03T06:00:00.000000000,31.05,34.60957
2021-09-03T07:00:00.000000000,31.89,34.98707
2021-09-03T08:00:00.000000000,32.85,35.39675
2021-09-03T09:00:00.000000000,33.59,35.78189
2021-09-03T10:00:00.000000000,34.41,35.74862
2021-09-03T11:00:00.000000000,34.95,35.91057
2021-09-03T12:00:00.000000000,35.5,35.92005
2021-09-03T13:00:00.000000000,35.67,35.7538
2021-09-03T14:00:00.000000000,36.41,35.66333
2021-09-03T15:00:00.000000000,35.88,35.43091
2021-09-03T16:00:00.000000000,34.88,34.9407
2021-09-03T17:00:00.000000000,34.87,34.94294
2021-09-03T18:00:00.000000000,34.2,34.82358
2021-09-03T19:00:00.000000000,33.8,34.54712
2021-09-03T20:00:00.000000000,33.39,34.46643
2021-09-03T21:00:00.000000000,33.69,34.40325
2021-09-03T22:00:00.000000000,34.06,34.50372
2021-09-03T23:00:00.000000000,35.96,34.47465
2021-09-04T00:00:00.000000000,36.22,35.19728
2021-09-04T01:00:00.000000000,36.42,35.36619
2021-09-04T02:00:00.000000000,36.72,35.04513
2021-09-04T03:00:00.000000000,36.69,35.38574
2021-09-04T04:00:00.000000000,36.34,35.58874
2021-09-04T05:00:00.000000000,35.06,35.56919
2021-09-04T06:00:00.000000000,35.66,35.66162
2021-09-04T07:00:00.000000000,36.07,36.07543
2021-09-04T08:00:00.000000000,36.52,36.46882
2021-09-04T09:00:00.000000000,37.67,36.86773
2021-09-04T10:00:00.000000000,38.59,37.02729
2021-09-04T11:00:00.000000000,39.19,37.35773
2021-09-04T12:00:00.000000000,38.98,37.58097
2021-09-04T13:00:00.000000000,39.48,37.73504
2021-09-04T14:00:00.000000000,39.52,37.87702
2021-09-04T15:00:00.000000000,39.08,37.81469
2021-09-04T16:00:00.000000000,38.69,37.62829
2021-09-04T17:00:00.000000000,37.68,37.69912
2021-09-04T18:00:00.000000000,37.1,37.64931
2021-09-04T19:00:00.000000000,37.11,37.36343
2021-09-04T20:00:00.000000000,36.37,37.16613
2021-09-04T21:00:00.000000000,36.17,36.89985
2021-09-04T22:00:00.000000000,36.15,36.82974
2021-09-04T23:00:00.000000000,36.97,36.55965
2021-09-05T00:00:00.000000000,37.14,37.74856
2021-09-05T01:00:00.000000000,35.99,38.2145
2021-09-05T02:00:00.000000000,35.6,38.12858
2021-09-05T03:00:00.000000000,34.95,38.51367
2021-09-05T04:00:00.000000000,35.3,38.73273
2021-09-05T05:00:00.000000000,33.85,38.58359
2021-09-05T06:00:00.000000000,34.68,38.63444
2021-09-05T07:00:00.000000000,36.82,38.88803
2021-09-05T08:00:00.000000000,37.4,39.09177
2021-09-05T09:00:00.000000000,37.7,39.39314
2021-09-05T10:00:00.000000000,38.54,39.32989
2021-09-05T11:00:00.000000000,38.85,39.78435
2021-09-05T12:00:00.000000000,39.06,39.98212
2021-09-05T13:00:00.000000000,38.89,40.03461
2021-09-05T14:00:00.000000000,38.36,40.16714
2021-09-05T15:00:00.000000000,37.68,40.08319
2021-09-05T16:00:00.000000000,37.46,39.86799
2021-09-05T17:00:00.000000000,36.95,39.68334
2021-09-05T18:00:00.000000000,35.91,39.37086
2021-09-05T19:00:00.000000000,35.22,38.94043
2021-09-05T20:00:00.000000000,34.89,38.51387
2021-09-05T21:00:00.000000000,34.79,38.1369
2021-09-05T22:00:00.000000000,35.05,38.08956
2021-09-05T23:00:00.000000000,38.96,38.03438
2021-09-06T00:00:00.000000000,39.31,37.03595
2021-09-06T01:00:00.000000000,39.3,37.31608
2021-09-06T02:00:00.000000000,39.21,37.08177
2021-09-06T03:00:00.000000000,39.05,37.44843
2021-09-06T04:00:00.000000000,40.21,37.7738
2021-09-06T05:00:00.000000000,45.2,37.80441
2021-09-06T06:00:00.000000000,47.59,38.13046
2021-09-06T07:00:00.000000000,50.05,38.611
2021-09-06T08:00:00.000000000,50.99,39.02978
2021-09-06T09:00:00.000000000,51.64,39.40683
2021-09-06T10:00:00.000000000,49.58,39.29666
2021-09-06T11:00:00.000000000,49.51,39.51571
2021-09-06T12:00:00.000000000,49.16,39.38805
2021-09-06T13:00:00.000000000,50.29,39.11419
2021-09-06T14:00:00.000000000,50.84,38.96802
2021-09-06T15:00:00.000000000,51.32,38.67066
2021-09-06T16:00:00.000000000,50.65,38.3378
2021-09-06T17:00:00.000000000,49.65,38.26172
2021-09-06T18:00:00.000000000,48.9,38.15606
2021-09-06T19:00:00.000000000,48.72,37.9835
2021-09-06T20:00:00.000000000,49.68,37.83962
2021-09-06T21:00:00.000000000,50.26,37.67419
2021-09-06T22:00:00.000000000,44.49,37.72273
2021-09-06T23:00:00.000000000,40.92,37.6385
2021-09-04T00:00:00.000000000,36.22,37.98937
2021-09-04T01:00:00.000000000,36.42,38.59602
2021-09-04T02:00:00.000000000,36.72,38.34356
2021-09-04T03:00:00.000000000,36.69,38.37965
2021-09-04T04:00:00.000000000,36.34,38.07616
2021-09-04T05:00:00.000000000,35.06,37.40818
2021-09-04T06:00:00.000000000,35.66,37.13375
2021-09-04T07:00:00.000000000,36.07,37.25904
2021-09-04T08:00:00.000000000,36.52,37.64098
2021-09-04T09:00:00.000000000,37.67,38.35565
2021-09-04T10:00:00.000000000,38.59,38.85365
2021-09-04T11:00:00.000000000,39.19,39.9108
2021-09-04T12:00:00.000000000,38.98,40.6499
2021-09-04T13:00:00.000000000,39.48,41.06329
2021-09-04T14:00:00.000000000,39.52,41.20464
2021-09-04T15:00:00.000000000,39.08,40.86533
2021-09-04T16:00:00.000000000,38.69,40.2042
2021-09-04T17:00:00.000000000,37.68,39.47396
2021-09-04T18:00:00.000000000,37.1,38.74288
2021-09-04T19:00:00.000000000,37.11,38.05068
2021-09-04T20:00:00.000000000,36.37,37.50562
2021-09-04T21:00:00.000000000,36.17,37.35556
2021-09-04T22:00:00.000000000,36.15,37.6733
2021-09-04T23:00:00.000000000,36.97,38.04559
2021-09-05T00:00:00.000000000,37.14,39.61238
2021-09-05T01:00:00.000000000,35.99,40.44263
2021-09-05T02:00:00.000000000,35.6,40.48086
2021-09-05T03:00:00.000000000,34.95,40.73329
2021-09-05T04:00:00.000000000,35.3,40.65572
2021-09-05T05:00:00.000000000,33.85,40.07886
2021-09-05T06:00:00.000000000,34.68,39.90032
2021-09-05T07:00:00.000000000,36.82,39.96661
2021-09-05T08:00:00.000000000,37.4,40.1843
2021-09-05T09:00:00.000000000,37.7,40.77049
2021-09-05T10:00:00.000000000,38.54,41.00015
2021-09-05T11:00:00.000000000,38.85,42.04609
2021-09-05T12:00:00.000000000,39.06,42.67282
2021-09-05T13:00:00.000000000,38.89,42.96006
2021-09-05T14:00:00.000000000,38.36,43.13074
2021-09-05T15:00:00.000000000,37.68,42.84801
2021-09-05T16:00:00.000000000,37.46,42.26247
2021-09-05T17:00:00.000000000,36.95,41.41121
2021-09-05T18:00:00.000000000,35.91,40.5128
2021-09-05T19:00:00.000000000,35.22,39.6487
2021-09-05T20:00:00.000000000,34.89,38.84063
2021-09-05T21:00:00.000000000,34.79,38.47448
2021-09-05T22:00:00.000000000,35.05,38.61761
2021-09-05T23:00:00.000000000,38.96,38.97853
2021-09-06T00:00:00.000000000,39.31,39.28336
2021-09-06T01:00:00.000000000,39.3,40.1209
2021-09-06T02:00:00.000000000,39.21,40.22957
2021-09-06T03:00:00.000000000,39.05,40.57981
2021-09-06T04:00:00.000000000,40.21,40.63361
2021-09-06T05:00:00.000000000,45.2,40.18542
2021-09-06T06:00:00.000000000,47.59,40.07699
2021-09-06T07:00:00.000000000,50.05,40.14227
2021-09-06T08:00:00.000000000,50.99,40.27473
2021-09-06T09:00:00.000000000,51.64,40.72302
2021-09-06T10:00:00.000000000,49.58,40.77738
2021-09-06T11:00:00.000000000,49.51,41.64886
2021-09-06T12:00:00.000000000,49.16,42.14082
2021-09-06T13:00:00.000000000,50.29,42.3221
2021-09-06T14:00:00.000000000,50.84,42.48905
2021-09-06T15:00:00.000000000,51.32,42.27922
2021-09-06T16:00:00.000000000,50.65,41.79125
2021-09-06T17:00:00.000000000,49.65,41.07975
2021-09-06T18:00:00.000000000,48.9,40.27092
2021-09-06T19:00:00.000000000,48.72,39.47184
2021-09-06T20:00:00.000000000,49.68,38.71358
2021-09-06T21:00:00.000000000,50.26,38.30307
2021-09-06T22:00:00.000000000,44.49,38.39107
2021-09-06T23:00:00.000000000,40.92,38.68477
2021-09-07T00:00:00.000000000,40.49,37.94039
2021-09-07T01:00:00.000000000,40.52,38.4163
2021-09-07T02:00:00.000000000,40.66,38.18239
2021-09-07T03:00:00.000000000,39.78,38.35
2021-09-07T04:00:00.000000000,38.8,38.31124
2021-09-07T05:00:00.000000000,41.81,37.92167
2021-09-07T06:00:00.000000000,47.12,37.89949
2021-09-07T07:00:00.000000000,47.79,38.17316
2021-09-07T08:00:00.000000000,47.87,38.56797
2021-09-07T09:00:00.000000000,47.25,39.15535
2021-09-07T10:00:00.000000000,46.16,39.39001
2021-09-07T11:00:00.000000000,45.98,40.1247
2021-09-07T12:00:00.000000000,45.08,40.50477
2021-09-07T13:00:00.000000000,41.66,40.6311
2021-09-07T14:00:00.000000000,41.05,40.65247
2021-09-07T15:00:00.000000000,44.66,40.32103
2021-09-07T16:00:00.000000000,44.86,39.79304
2021-09-07T17:00:00.000000000,44.92,39.31481
2021-09-07T18:00:00.000000000,44.32,38.82949
2021-09-07T19:00:00.000000000,44.75,38.34066
2021-09-07T20:00:00.000000000,45.07,37.93035
2021-09-07T21:00:00.000000000,40.05,37.75725
2021-09-07T22:00:00.000000000,38.47,37.94919
2021-09-07T23:00:00.000000000,38.18,38.13781
2021-09-05T00:00:00.000000000,37.14,38.08191
2021-09-05T01:00:00.000000000,35.99,38.65736
2021-09-05T02:00:00.000000000,35.6,38.45319
2021-09-05T03:00:00.000000000,34.95,38.69753
2021-09-05T04:00:00.000000000,35.3,38.76861
2021-09-05T05:00:00.000000000,33.85,38.444
2021-09-05T06:00:00.000000000,34.68,38.61069
2021-09-05T07:00:00.000000000,36.82,39.03318
2021-09-05T08:00:00.000000000,37.4,39.63381
2021-09-05T09:00:00.000000000,37.7,40.4089
2021-09-05T10:00:00.000000000,38.54,40.71133
2021-09-05T11:00:00.000000000,38.85,41.53777
2021-09-05T12:00:00.000000000,39.06,41.78589
2021-09-05T13:00:00.000000000,38.89,41.75789
2021-09-05T14:00:00.000000000,38.36,41.56615
2021-09-05T15:00:00.000000000,37.68,40.96254
2021-09-05T16:00:00.000000000,37.46,40.21812
2021-09-05T17:00:00.000000000,36.95,39.45705
2021-09-05T18:00:00.000000000,35.91,38.83673
2021-09-05T19:00:00.000000000,35.22,38.23721
2021-09-05T20:00:00.000000000,34.89,37.74161
2021-09-05T21:00:00.000000000,34.79,37.61946
2021-09-05T22:00:00.000000000,35.05,37.86664
2021-09-05T23:00:00.000000000,38.96,38.15693
2021-09-06T00:00:00.000000000,39.31,38.94272
2021-09-06T01:00:00.000000000,39.3,39.65364
2021-09-06T02:00:00.000000000,39.21,39.61175
2021-09-06T03:00:00.000000000,39.05,39.87288
2021-09-06T04:00:00.000000000,40.21,39.90248
2021-09-06T05:00:00.000000000,45.2,39.48912
2021-09-06T06:00:00.000000000,47.59,39.50595
2021-09-06T07:00:00.000000000,50.05,39.72191
2021-09-06T08:00:00.000000000,50.99,40.05982
2021-09-06T09:00:00.000000000,51.64,40.64881
2021-09-06T10:00:00.000000000,49.58,40.80221
2021-09-06T11:00:00.000000000,49.51,41.63665
2021-09-06T12:00:00.000000000,49.16,41.99559
2021-09-06T13:00:00.000000000,50.29,42.03987
2021-09-06T14:00:00.000000000,50.84,42.01901
2021-09-06T15:00:00.000000000,51.32,41.61045
2021-09-06T16:00:00.000000000,50.65,40.98685
2021-09-06T17:00:00.000000000,49.65,40.2511
2021-09-06T18:00:00.000000000,48.9,39.53582
2021-09-06T19:00:00.000000000,48.72,38.86717
2021-09-06T20:00:00.000000000,49.68,38.27212
2021-09-06T21:00:00.000000000,50.26,38.0385
2021-09-06T22:00:00.000000000,44.49,38.24244
2021-09-06T23:00:00.000000000,40.92,38.56973
2021-09-07T00:00:00.000000000,40.49,37.52809
2021-09-07T01:00:00.000000000,40.52,38.08725
2021-09-07T02:00:00.000000000,40.66,37.90702
2021-09-07T03:00:00.000000000,39.78,38.06976
2021-09-07T04:00:00.000000000,38.8,37.98085
2021-09-07T05:00:00.000000000,41.81,37.56608
2021-09-07T06:00:00.000000000,47.12,37.42571
2021-09-07T07:00:00.000000000,47.79,37.57731
2021-09-07T08:00:00.000000000,47.87,37.86842
2021-09-07T09:00:00.000000000,47.25,38.34354
2021-09-07T10:00:00.000000000,46.16,38.55943
2021-09-07T11:00:00.000000000,45.98,39.27104
2021-09-07T12:00:00.000000000,45.08,39.70406
2021-09-07T13:00:00.000000000,41.66,39.89704
2021-09-07T14:00:00.000000000,41.05,40.0136
2021-09-07T15:00:00.000000000,44.66,39.80003
2021-09-07T16:00:00.000000000,44.86,39.33738
2021-09-07T17:00:00.000000000,44.92,38.89173
2021-09-07T18:00:00.000000000,44.32,38.37513
2021-09-07T19:00:00.000000000,44.75,37.84734
2021-09-07T20:00:00.000000000,45.07,37.42344
2021-09-07T21:00:00.000000000,40.05,37.22188
2021-09-07T22:00:00.000000000,38.47,37.42312
2021-09-07T23:00:00.000000000,38.18,37.62357
2021-09-08T00:00:00.000000000,37.71,35.80635
2021-09-08T01:00:00.000000000,38.05,36.05603
2021-09-08T02:00:00.000000000,38.53,35.74529
2021-09-08T03:00:00.000000000,39.64,36.00959
2021-09-08T04:00:00.000000000,38.44,36.13008
2021-09-08T05:00:00.000000000,36.72,36.01603
2021-09-08T06:00:00.000000000,37.27,36.07731
2021-09-08T07:00:00.000000000,38.03,36.41829
2021-09-08T08:00:00.000000000,38.26,36.78347
2021-09-08T09:00:00.000000000,38.43,37.1612
2021-09-08T10:00:00.000000000,38.61,37.23889
2021-09-08T11:00:00.000000000,38.35,37.57775
2021-09-08T12:00:00.000000000,38.94,37.7575
2021-09-08T13:00:00.000000000,39.72,37.81855
2021-09-08T14:00:00.000000000,40.45,37.89503
2021-09-08T15:00:00.000000000,40.36,37.79715
2021-09-08T16:00:00.000000000,40.28,37.53418
2021-09-08T17:00:00.000000000,40.43,37.54566
2021-09-08T18:00:00.000000000,39.82,37.43043
2021-09-08T19:00:00.000000000,38.91,37.17657
2021-09-08T20:00:00.000000000,39.13,37.00676
2021-09-08T21:00:00.000000000,38.75,36.80706
2021-09-08T22:00:00.000000000,40.76,36.84519
2021-09-08T23:00:00.000000000,40.17,36.71435
2021-09-06T00:00:00.000000000,39.31,37.07624
2021-09-06T01:00:00.000000000,39.3,37.3602
2021-09-06T02:00:00.000000000,39.21,36.97437
2021-09-06T03:00:00.000000000,39.05,37.19414
2021-09-06T04:00:00.000000000,40.21,37.36884
2021-09-06T05:00:00.000000000,45.2,37.25001
2021-09-06T06:00:00.000000000,47.59,37.60311
2021-09-06T07:00:00.000000000,50.05,38.22359
2021-09-06T08:00:00.000000000,50.99,38.96289
2021-09-06T09:00:00.000000000,51.64,39.72054
2021-09-06T10:00:00.000000000,49.58,39.97238
2021-09-06T11:00:00.000000000,49.51,40.50269
2021-09-06T12:00:00.000000000,49.16,40.47711
2021-09-06T13:00:00.000000000,50.29,40.25928
2021-09-06T14:00:00.000000000,50.84,39.93589
2021-09-06T15:00:00.000000000,51.32,39.29391
2021-09-06T16:00:00.000000000,50.65,38.63346
2021-09-06T17:00:00.000000000,49.65,38.18596
2021-09-06T18:00:00.000000000,48.9,37.91585
2021-09-06T19:00:00.000000000,48.72,37.62939
2021-09-06T20:00:00.000000000,49.68,37.43942
2021-09-06T21:00:00.000000000,50.26,37.44463
2021-09-06T22:00:00.000000000,44.49,37.67278
2021-09-06T23:00:00.000000000,40.92,37.77443
2021-09-07T00:00:00.000000000,40.49,36.88202
2021-09-07T01:00:00.000000000,40.52,37.25922
2021-09-07T02:00:00.000000000,40.66,36.96701
2021-09-07T03:00:00.000000000,39.78,37.12919
2021-09-07T04:00:00.000000000,38.8,37.13991
2021-09-07T05:00:00.000000000,41.81,36.89947
2021-09-07T06:00:00.000000000,47.12,36.90219
2021-09-07T07:00:00.000000000,47.79,37.1716
2021-09-07T08:00:00.000000000,47.87,37.54609
2021-09-07T09:00:00.000000000,47.25,37.94668
2021-09-07T10:00:00.000000000,46.16,38.0316
2021-09-07T11:00:00.000000000,45.98,38.47459
2021-09-07T12:00:00.000000000,45.08,38.63638
2021-09-07T13:00:00.000000000,41.66,38.63189
2021-09-07T14:00:00.000000000,41.05,38.64245
2021-09-07T15:00:00.000000000,44.66,38.44487
2021-09-07T16:00:00.000000000,44.86,38.07157
2021-09-07T17:00:00.000000000,44.92,37.89073
2021-09-07T18:00:00.000000000,44.32,37.62942
2021-09-07T19:00:00.000000000,44.75,37.33761
2021-09-07T20:00:00.000000000,45.07,37.11946
2021-09-07T21:00:00.000000000,40.05,36.98156
2021-09-07T22:00:00.000000000,38.47,37.14619
2021-09-07T23:00:00.000000000,38.18,37.19547
2021-09-08T00:00:00.000000000,37.71,36.40403
2021-09-08T01:00:00.000000000,38.05,36.71087
2021-09-08T02:00:00.000000000,38.53,36.44666
2021-09-08T03:00:00.000000000,39.64,36.65095
2021-09-08T04:00:00.000000000,38.44,36.66172
2021-09-08T05:00:00.000000000,36.72,36.4394
2021-09-08T06:00:00.000000000,37.27,36.35701
2021-09-08T07:00:00.000000000,38.03,36.56777
2021-09-08T08:00:00.000000000,38.26,36.80228
2021-09-08T09:00:00.000000000,38.43,37.12041
2021-09-08T10:00:00.000000000,38.61,37.21447
2021-09-08T11:00:00.000000000,38.35,37.62507
2021-09-08T12:00:00.000000000,38.94,37.93901
2021-09-08T13:00:00.000000000,39.72,38.11001
2021-09-08T14:00:00.000000000,40.45,38.30409
2021-09-08T15:00:00.000000000,40.36,38.29492
2021-09-08T16:00:00.000000000,40.28,38.0791
2021-09-08T17:00:00.000000000,40.43,38.06688
2021-09-08T18:00:00.000000000,39.82,37.89048
2021-09-08T19:00:00.000000000,38.91,37.58789
2021-09-08T20:00:00.000000000,39.13,37.3618
2021-09-08T21:00:00.000000000,38.75,37.1366
2021-09-08T22:00:00.000000000,40.76,37.18848
2021-09-08T23:00:00.000000000,40.17,37.10719
2021-09-09T00:00:00.000000000,40.98,36.1472
2021-09-09T01:00:00.000000000,39.96,36.30085
2021-09-09T02:00:00.000000000,38.53,35.97598
2021-09-09T03:00:00.000000000,37.48,36.2033
2021-09-09T04:00:00.000000000,38.92,36.28503
2021-09-09T05:00:00.000000000,44.14,36.1714
2021-09-09T06:00:00.000000000,44.55,36.17775
2021-09-09T07:00:00.000000000,44.32,36.47692
2021-09-09T08:00:00.000000000,45.03,36.7483
2021-09-09T09:00:00.000000000,44.89,37.03959
2021-09-09T10:00:00.000000000,44.6,37.09312
2021-09-09T11:00:00.000000000,44.72,37.37221
2021-09-09T12:00:00.000000000,44.03,37.59001
2021-09-09T13:00:00.000000000,44.61,37.70644
2021-09-09T14:00:00.000000000,45.41,37.88295
2021-09-09T15:00:00.000000000,46.57,37.91051
2021-09-09T16:00:00.000000000,46.98,37.7756
2021-09-09T17:00:00.000000000,46.15,37.936
2021-09-09T18:00:00.000000000,43.89,37.92244
2021-09-09T19:00:00.000000000,43.48,37.73796
2021-09-09T20:00:00.000000000,44.46,37.60648
2021-09-09T21:00:00.000000000,39.13,37.38409
2021-09-09T22:00:00.000000000,36.3,37.35766
2021-09-09T23:00:00.000000000,36.87,37.13882
2021-09-07T00:00:00.000000000,40.49,44.25967
2021-09-07T01:00:00.000000000,40.52,44.68756
2021-09-07T02:00:00.000000000,40.66,44.98017
2021-09-07T03:00:00.000000000,39.78,45.60269
2021-09-07T04:00:00.000000000,38.8,46.3775
2021-09-07T05:00:00.000000000,41.81,46.67672
2021-09-07T06:00:00.000000000,47.12,47.44262
2021-09-07T07:00:00.000000000,47.79,47.9664
2021-09-07T08:00:00.000000000,47.87,48.12533
2021-09-07T09:00:00.000000000,47.25,48.24353
2021-09-07T10:00:00.000000000,46.16,47.4501
2021-09-07T11:00:00.000000000,45.98,47.53829
2021-09-07T12:00:00.000000000,45.08,46.88652
2021-09-07T13:00:00.000000000,41.66,46.03246
2021-09-07T14:00:00.000000000,41.05,45.78091
2021-09-07T15:00:00.000000000,44.66,45.50737
2021-09-07T16:00:00.000000000,44.86,45.37658
2021-09-07T17:00:00.000000000,44.92,45.13528
2021-09-07T18:00:00.000000000,44.32,44.827
2021-09-07T19:00:00.000000000,44.75,44.5648
2021-09-07T20:00:00.000000000,45.07,43.98705
2021-09-07T21:00:00.000000000,40.05,43.4648
2021-09-07T22:00:00.000000000,38.47,43.05899
2021-09-07T23:00:00.000000000,38.18,42.82585
2021-09-08T00:00:00.000000000,37.71,43.95149
2021-09-08T01:00:00.000000000,38.05,44.33314
2021-09-08T02:00:00.000000000,38.53,44.3258
2021-09-08T03:00:00.000000000,39.64,44.47323
2021-09-08T04:00:00.000000000,38.44,44.58471
2021-09-08T05:00:00.000000000,36.72,44.32962
2021-09-08T06:00:00.000000000,37.27,44.56304
2021-09-08T07:00:00.000000000,38.03,44.77987
2021-09-08T08:00:00.000000000,38.26,44.89491
2021-09-08T09:00:00.000000000,38.43,45.13078
2021-09-08T10:00:00.000000000,38.61,44.73133
2021-09-08T11:00:00.000000000,38.35,45.15479
2021-09-08T12:00:00.000000000,38.94,45.03063
2021-09-08T13:00:00.000000000,39.72,44.63365
2021-09-08T14:00:00.000000000,40.45,44.56989
2021-09-08T15:00:00.000000000,40.36,44.38123
2021-09-08T16:00:00.000000000,40.28,44.16135
2021-09-08T17:00:00.000000000,40.43,43.87723
2021-09-08T18:00:00.000000000,39.82,43.55971
2021-09-08T19:00:00.000000000,38.91,43.34459
2021-09-08T20:00:00.000000000,39.13,42.91934
2021-09-08T21:00:00.000000000,38.75,42.62273
2021-09-08T22:00:00.000000000,40.76,42.55952
2021-09-08T23:00:00.000000000,40.17,42.60233
2021-09-09T00:00:00.000000000,40.98,44.64725
2021-09-09T01:00:00.000000000,39.96,44.99032
2021-09-09T02:00:00.000000000,38.53,44.89195
2021-09-09T03:00:00.000000000,37.48,44.88191
2021-09-09T04:00:00.000000000,38.92,44.75217
2021-09-09T05:00:00.000000000,44.14,44.26891
2021-09-09T06:00:00.000000000,44.55,44.31692
2021-09-09T07:00:00.000000000,44.32,44.44514
2021-09-09T08:00:00.000000000,45.03,44.57685
2021-09-09T09:00:00.000000000,44.89,44.94119
2021-09-09T10:00:00.000000000,44.6,44.73301
2021-09-09T11:00:00.000000000,44.72,45.3956
2021-09-09T12:00:00.000000000,44.03,45.53319
2021-09-09T13:00:00.000000000,44.61,45.38087
2021-09-09T14:00:00.000000000,45.41,45.4276
2021-09-09T15:00:00.000000000,46.57,45.28435
2021-09-09T16:00:00.000000000,46.98,45.03664
2021-09-09T17:00:00.000000000,46.15,44.67819
2021-09-09T18:00:00.000000000,43.89,44.294
2021-09-09T19:00:00.000000000,43.48,44.00155
2021-09-09T20:00:00.000000000,44.46,43.49257
2021-09-09T21:00:00.000000000,39.13,43.192
2021-09-09T22:00:00.000000000,36.3,43.13901
2021-09-09T23:00:00.000000000,36.87,43.22892
2021-09-10T00:00:00.000000000,37.01,44.26765
2021-09-10T01:00:00.000000000,37.06,44.53451
2021-09-10T02:00:00.000000000,36.87,44.38713
2021-09-10T03:00:00.000000000,36.2,44.39865
2021-09-10T04:00:00.000000000,37.07,44.35263
2021-09-10T05:00:00.000000000,41.06,43.95652
2021-09-10T06:00:00.000000000,46.99,44.11457
2021-09-10T07:00:00.000000000,47.38,44.35912
2021-09-10T08:00:00.000000000,47.51,44.58568
2021-09-10T09:00:00.000000000,46.58,44.99167
2021-09-10T10:00:00.000000000,47.05,44.78599
2021-09-10T11:00:00.000000000,47.07,45.38275
2021-09-10T12:00:00.000000000,47.4,45.41315
2021-09-10T13:00:00.000000000,48.45,45.17731
2021-09-10T14:00:00.000000000,47.82,45.14119
2021-09-10T15:00:00.000000000,48.24,44.92403
2021-09-10T16:00:00.000000000,49.09,44.65785
2021-09-10T17:00:00.000000000,49.74,44.33561
2021-09-10T18:00:00.000000000,48.27,44.02299
2021-09-10T19:00:00.000000000,48.66,43.79934
2021-09-10T20:00:00.000000000,47.78,43.35604
2021-09-10T21:00:00.000000000,40.89,43.08681
2021-09-10T22:00:00.000000000,37.42,43.02996
2021-09-10T23:00:00.000000000,36.55,43.07251
2021-09-08T00:00:00.000000000,37.71,39.76862
2021-09-08T01:00:00.000000000,38.05,39.87376
2021-09-08T02:00:00.000000000,38.53,39.88186
2021-09-08T03:00:00.000000000,39.64,40.67498
2021-09-08T04:00:00.000000000,38.44,41.64212
2021-09-08T05:00:00.000000000,36.72,42.16016
2021-09-08T06:00:00.000000000,37.27,42.87329
2021-09-08T07:00:00.000000000,38.03,43.58303
2021-09-08T08:00:00.000000000,38.26,43.87638
2021-09-08T09:00:00.000000000,38.43,43.95982
2021-09-08T10:00:00.000000000,38.61,43.3074
2021-09-08T11:00:00.000000000,38.35,43.1627
2021-09-08T12:00:00.000000000,38.94,42.54339
2021-09-08T13:00:00.000000000,39.72,42.01686
2021-09-08T14:00:00.000000000,40.45,41.94729
2021-09-08T15:00:00.000000000,40.36,41.92977
2021-09-08T16:00:00.000000000,40.28,42.17059
2021-09-08T17:00:00.000000000,40.43,42.49703
2021-09-08T18:00:00.000000000,39.82,42.67143
2021-09-08T19:00:00.000000000,38.91,42.5897
2021-09-08T20:00:00.000000000,39.13,42.20401
2021-09-08T21:00:00.000000000,38.75,41.53376
2021-09-08T22:00:00.000000000,40.76,40.90832
2021-09-08T23:00:00.000000000,40.17,40.22876
2021-09-09T00:00:00.000000000,40.98,42.79208
2021-09-09T01:00:00.000000000,39.96,43.09848
2021-09-09T02:00:00.000000000,38.53,43.0296
2021-09-09T03:00:00.000000000,37.48,43.23925
2021-09-09T04:00:00.000000000,38.92,43.39525
2021-09-09T05:00:00.000000000,44.14,43.18335
2021-09-09T06:00:00.000000000,44.55,43.35699
2021-09-09T07:00:00.000000000,44.32,43.58915
2021-09-09T08:00:00.000000000,45.03,43.69278
2021-09-09T09:00:00.000000000,44.89,43.89605
2021-09-09T10:00:00.000000000,44.6,43.51827
2021-09-09T11:00:00.000000000,44.72,43.90284
2021-09-09T12:00:00.000000000,44.03,43.84156
2021-09-09T13:00:00.000000000,44.61,43.60021
2021-09-09T14:00:00.000000000,45.41,43.64579
2021-09-09T15:00:00.000000000,46.57,43.59283
2021-09-09T16:00:00.000000000,46.98,43.52334
2021-09-09T17:00:00.000000000,46.15,43.41788
2021-09-09T18:00:00.000000000,43.89,43.22239
2021-09-09T19:00:00.000000000,43.48,43.01949
2021-09-09T20:00:00.000000000,44.46,42.59573
2021-09-09T21:00:00.000000000,39.13,42.20256
2021-09-09T22:00:00.000000000,36.3,42.03475
2021-09-09T23:00:00.000000000,36.87,41.93093
2021-09-10T00:00:00.000000000,37.01,44.21265
2021-09-10T01:00:00.000000000,37.06,44.58748
2021-09-10T02:00:00.000000000,36.87,44.54194
2021-09-10T03:00:00.000000000,36.2,44.62128
2021-09-10T04:00:00.000000000,37.07,44.58404
2021-09-10T05:00:00.000000000,41.06,44.1764
2021-09-10T06:00:00.000000000,46.99,44.24486
2021-09-10T07:00:00.000000000,47.38,44.367
2021-09-10T08:00:00.000000000,47.51,44.44193
2021-09-10T09:00:00.000000000,46.58,44.72512
2021-09-10T10:00:00.000000000,47.05,44.43206
2021-09-10T11:00:00.000000000,47.07,45.01508
2021-09-10T12:00:00.000000000,47.4,45.11051
2021-09-10T13:00:00.000000000,48.45,44.93998
2021-09-10T14:00:00.000000000,47.82,45.01254
2021-09-10T15:00:00.000000000,48.24,44.9275
2021-09-10T16:00:00.000000000,49.09,44.74803
2021-09-10T17:00:00.000000000,49.74,44.45548
2021-09-10T18:00:00.000000000,48.27,44.09783
2021-09-10T19:00:00.000000000,48.66,43.80082
2021-09-10T20:00:00.000000000,47.78,43.28431
2021-09-10T21:00:00.000000000,40.89,42.92754
2021-09-10T22:00:00.000000000,37.42,42.8261
2021-09-10T23:00:00.000000000,36.55,42.86721
2021-09-11T00:00:00.000000000,36.4,43.82956
2021-09-11T01:00:00.000000000,36.06,44.17703
2021-09-11T02:00:00.000000000,36.48,44.10089
2021-09-11T03:00:00.000000000,35.97,44.19626
2021-09-11T04:00:00.000000000,36.01,44.22598
2021-09-11T05:00:00.000000000,36.24,43.86695
2021-09-11T06:00:00.000000000,36.3,44.05147
2021-09-11T07:00:00.000000000,35.86,44.30787
2021-09-11T08:00:00.000000000,38.22,44.53834
2021-09-11T09:00:00.000000000,39.37,44.95464
2021-09-11T10:00:00.000000000,40.27,44.75699
2021-09-11T11:00:00.000000000,40.56,45.37217
2021-09-11T12:00:00.000000000,39.99,45.41004
2021-09-11T13:00:00.000000000,40.69,45.17675
2021-09-11T14:00:00.000000000,40.38,45.14176
2021-09-11T15:00:00.000000000,40.33,44.90181
2021-09-11T16:00:00.000000000,39.87,44.60178
2021-09-11T17:00:00.000000000,39.98,44.20782
2021-09-11T18:00:00.000000000,39.87,43.8164
2021-09-11T19:00:00.000000000,39.18,43.50832
2021-09-11T20:00:00.000000000,38.95,43.00221
2021-09-11T21:00:00.000000000,39.87,42.69613
2021-09-11T22:00:00.000000000,38.29,42.625
2021-09-11T23:00:00.000000000,37.53,42.67844
2021-09-09T00:00:00.000000000,40.98,42.1419
2021-09-09T01:00:00.000000000,39.96,42.4562
2021-09-09T02:00:00.000000000,38.53,42.17117
2021-09-09T03:00:00.000000000,37.48,42.05027
2021-09-09T04:00:00.000000000,38.92,41.7607
2021-09-09T05:00:00.000000000,44.14,41.16932
2021-09-09T06:00:00.000000000,44.55,41.02058
2021-09-09T07:00:00.000000000,44.32,41.13806
2021-09-09T08:00:00.000000000,45.03,41.35926
2021-09-09T09:00:00.000000000,44.89,41.80506
2021-09-09T10:00:00.000000000,44.6,41.85556
2021-09-09T11:00:00.000000000,44.72,42.585
2021-09-09T12:00:00.000000000,44.03,42.90888
2021-09-09T13:00:00.000000000,44.61,42.9708
2021-09-09T14:00:00.000000000,45.41,43.06463
2021-09-09T15:00:00.000000000,46.57,42.89649
2021-09-09T16:00:00.000000000,46.98,42.57751
2021-09-09T17:00:00.000000000,46.15,42.24336
2021-09-09T18:00:00.000000000,43.89,41.89117
2021-09-09T19:00:00.000000000,43.48,41.61532
2021-09-09T20:00:00.000000000,44.46,41.23303
2021-09-09T21:00:00.000000000,39.13,41.05998
2021-09-09T22:00:00.000000000,36.3,41.19423
2021-09-09T23:00:00.000000000,36.87,41.36061
2021-09-10T00:00:00.000000000,37.01,43.30909
2021-09-10T01:00:00.000000000,37.06,43.76808
2021-09-10T02:00:00.000000000,36.87,43.65881
2021-09-10T03:00:00.000000000,36.2,43.63864
2021-09-10T04:00:00.000000000,37.07,43.40996
2021-09-10T05:00:00.000000000,41.06,42.80001
2021-09-10T06:00:00.000000000,46.99,42.67304
2021-09-10T07:00:00.000000000,47.38,42.72991
2021-09-10T08:00:00.000000000,47.51,42.87015
2021-09-10T09:00:00.000000000,46.58,43.30803
2021-09-10T10:00:00.000000000,47.05,43.29761
2021-09-10T11:00:00.000000000,47.07,44.12745
2021-09-10T12:00:00.000000000,47.4,44.50117
2021-09-10T13:00:00.000000000,48.45,44.57349
2021-09-10T14:00:00.000000000,47.82,44.7159
2021-09-10T15:00:00.000000000,48.24,44.57518
2021-09-10T16:00:00.000000000,49.09,44.25083
2021-09-10T17:00:00.000000000,49.74,43.76275
2021-09-10T18:00:00.000000000,48.27,43.23523
2021-09-10T19:00:00.000000000,48.66,42.78986
2021-09-10T20:00:00.000000000,47.78,42.20902
2021-09-10T21:00:00.000000000,40.89,41.90836
2021-09-10T22:00:00.000000000,37.42,41.94344
2021-09-10T23:00:00.000000000,36.55,42.12946
2021-09-11T00:00:00.000000000,36.4,43.42534
2021-09-11T01:00:00.000000000,36.06,43.9252
2021-09-11T02:00:00.000000000,36.48,43.87091
2021-09-11T03:00:00.000000000,35.97,43.89454
2021-09-11T04:00:00.000000000,36.01,43.71183
2021-09-11T05:00:00.000000000,36.24,43.12619
2021-09-11T06:00:00.000000000,36.3,43.02578
2021-09-11T07:00:00.000000000,35.86,43.07874
2021-09-11T08:00:00.000000000,38.22,43.1961
2021-09-11T09:00:00.000000000,39.37,43.61731
2021-09-11T10:00:00.000000000,40.27,43.57001
2021-09-11T11:00:00.000000000,40.56,44.39411
2021-09-11T12:00:00.000000000,39.99,44.75187
2021-09-11T13:00:00.000000000,40.69,44.7985
2021-09-11T14:00:00.000000000,40.38,44.94156
2021-09-11T15:00:00.000000000,40.33,44.80212
2021-09-11T16:00:00.000000000,39.87,44.47438
2021-09-11T17:00:00.000000000,39.98,43.96049
2021-09-11T18:00:00.000000000,39.87,43.39581
2021-09-11T19:00:00.000000000,39.18,42.91757
2021-09-11T20:00:00.000000000,38.95,42.29953
2021-09-11T21:00:00.000000000,39.87,41.96993
2021-09-11T22:00:00.000000000,38.29,41.9818
2021-09-11T23:00:00.000000000,37.53,42.16851
2021-09-12T00:00:00.000000000,37.52,43.31223
2021-09-12T01:00:00.000000000,37.11,43.71187
2021-09-12T02:00:00.000000000,37.13,43.60149
2021-09-12T03:00:00.000000000,36.98,43.65215
2021-09-12T04:00:00.000000000,36.9,43.54172
2021-09-12T05:00:00.000000000,36.92,43.03194
2021-09-12T06:00:00.000000000,35.41,43.02058
2021-09-12T07:00:00.000000000,35.5,43.1781
2021-09-12T08:00:00.000000000,36.61,43.38055
2021-09-12T09:00:00.000000000,36.72,43.84698
2021-09-12T10:00:00.000000000,36.55,43.80801
2021-09-12T11:00:00.000000000,36.5,44.59197
2021-09-12T12:00:00.000000000,36.57,44.87771
2021-09-12T13:00:00.000000000,35.96,44.89658
2021-09-12T14:00:00.000000000,36.15,45.00022
2021-09-12T15:00:00.000000000,35.84,44.83516
2021-09-12T16:00:00.000000000,36.73,44.53933
2021-09-12T17:00:00.000000000,37.42,44.09021
2021-09-12T18:00:00.000000000,36.98,43.61339
2021-09-12T19:00:00.000000000,36.82,43.18651
2021-09-12T20:00:00.000000000,36.95,42.59327
2021-09-12T21:00:00.000000000,36.45,42.24818
2021-09-12T22:00:00.000000000,38.14,42.19521
2021-09-12T23:00:00.000000000,40.82,42.28562
2021-09-10T00:00:00.000000000,37.01,40.47348
2021-09-10T01:00:00.000000000,37.06,41.14877
2021-09-10T02:00:00.000000000,36.87,41.53224
2021-09-10T03:00:00.000000000,36.2,42.46656
2021-09-10T04:00:00.000000000,37.07,43.38641
2021-09-10T05:00:00.000000000,41.06,43.67792
2021-09-10T06:00:00.000000000,46.99,44.24925
2021-09-10T07:00:00.000000000,47.38,44.73002
2021-09-10T08:00:00.000000000,47.51,44.91718
2021-09-10T09:00:00.000000000,46.58,45.16059
2021-09-10T10:00:00.000000000,47.05,44.62344
2021-09-10T11:00:00.000000000,47.07,44.98493
2021-09-10T12:00:00.000000000,47.4,44.74719
2021-09-10T13:00:00.000000000,48.45,44.42204
2021-09-10T14:00:00.000000000,47.82,44.45061
2021-09-10T15:00:00.000000000,48.24,44.33662
2021-09-10T16:00:00.000000000,49.09,44.24156
2021-09-10T17:00:00.000000000,49.74,43.88656
2021-09-10T18:00:00.000000000,48.27,43.36364
2021-09-10T19:00:00.000000000,48.66,42.63689
2021-09-10T20:00:00.000000000,47.78,41.68262
2021-09-10T21:00:00.000000000,40.89,40.85119
2021-09-10T22:00:00.000000000,37.42,40.2593
2021-09-10T23:00:00.000000000,36.55,39.92383
2021-09-11T00:00:00.000000000,36.4,42.13813
2021-09-11T01:00:00.000000000,36.06,42.77371
2021-09-11T02:00:00.000000000,36.48,43.00116
2021-09-11T03:00:00.000000000,35.97,43.48743
2021-09-11T04:00:00.000000000,36.01,43.90037
2021-09-11T05:00:00.000000000,36.24,43.80828
2021-09-11T06:00:00.000000000,36.3,44.12238
2021-09-11T07:00:00.000000000,35.86,44.38453
2021-09-11T08:00:00.000000000,38.22,44.49857
2021-09-11T09:00:00.000000000,39.37,44.7527
2021-09-11T10:00:00.000000000,40.27,44.35149
2021-09-11T11:00:00.000000000,40.56,44.8258
2021-09-11T12:00:00.000000000,39.99,44.74166
2021-09-11T13:00:00.000000000,40.69,44.41433
2021-09-11T14:00:00.000000000,40.38,44.40346
2021-09-11T15:00:00.000000000,40.33,44.20997
2021-09-11T16:00:00.000000000,39.87,43.95335
2021-09-11T17:00:00.000000000,39.98,43.5016
2021-09-11T18:00:00.000000000,39.87,42.96148
2021-09-11T19:00:00.000000000,39.18,42.43536
2021-09-11T20:00:00.000000000,38.95,41.75055
2021-09-11T21:00:00.000000000,39.87,41.25258
2021-09-11T22:00:00.000000000,38.29,41.05609
2021-09-11T23:00:00.000000000,37.53,41.05671
2021-09-12T00:00:00.000000000,37.52,42.61917
2021-09-12T01:00:00.000000000,37.11,43.07956
2021-09-12T02:00:00.000000000,37.13,43.09275
2021-09-12T03:00:00.000000000,36.98,43.31046
2021-09-12T04:00:00.000000000,36.9,43.44226
2021-09-12T05:00:00.000000000,36.92,43.18194
2021-09-12T06:00:00.000000000,35.41,43.33963
2021-09-12T07:00:00.000000000,35.5,43.52864
2021-09-12T08:00:00.000000000,36.61,43.63421
2021-09-12T09:00:00.000000000,36.72,43.87486
2021-09-12T10:00:00.000000000,36.55,43.55176
2021-09-12T11:00:00.000000000,36.5,44.01551
2021-09-12T12:00:00.000000000,36.57,43.99471
2021-09-12T13:00:00.000000000,35.96,43.72813
2021-09-12T14:00:00.000000000,36.15,43.73383
2021-09-12T15:00:00.000000000,35.84,43.58093
2021-09-12T16:00:00.000000000,36.73,43.36897
2021-09-12T17:00:00.000000000,37.42,43.06266
2021-09-12T18:00:00.000000000,36.98,42.69901
2021-09-12T19:00:00.000000000,36.82,42.38793
2021-09-12T20:00:00.000000000,36.95,41.91877
2021-09-12T21:00:00.000000000,36.45,41.58173
2021-09-12T22:00:00.000000000,38.14,41.52399
2021-09-12T23:00:00.000000000,40.82,41.56887
2021-09-13T00:00:00.000000000,38.72,43.62475
2021-09-13T01:00:00.000000000,38.39,43.82414
2021-09-13T02:00:00.000000000,37.75,43.61149
2021-09-13T03:00:00.000000000,39.41,43.6645
2021-09-13T04:00:00.000000000,43.04,43.65188
2021-09-13T05:00:00.000000000,50.19,43.2744
2021-09-13T06:00:00.000000000,53.59,43.42676
2021-09-13T07:00:00.000000000,54.47,43.73633
2021-09-13T08:00:00.000000000,54.39,44.0391
2021-09-13T09:00:00.000000000,54.47,44.51754
2021-09-13T10:00:00.000000000,54.42,44.40061
2021-09-13T11:00:00.000000000,57.64,45.04024
2021-09-13T12:00:00.000000000,58.16,45.12704
2021-09-13T13:00:00.000000000,57.85,45.01046
2021-09-13T14:00:00.000000000,57.12,45.01488
2021-09-13T15:00:00.000000000,56.17,44.82073
2021-09-13T16:00:00.000000000,56.36,44.6035
2021-09-13T17:00:00.000000000,56.17,44.32925
2021-09-13T18:00:00.000000000,55.57,44.06415
2021-09-13T19:00:00.000000000,54.29,43.814
2021-09-13T20:00:00.000000000,55.17,43.33369
2021-09-13T21:00:00.000000000,55.46,43.00203
2021-09-13T22:00:00.000000000,52.68,42.86631
2021-09-13T23:00:00.000000000,49.99,42.811
2021-09-11T00:00:00.000000000,36.4,41.14522
2021-09-11T01:00:00.000000000,36.06,41.72975
2021-09-11T02:00:00.000000000,36.48,42.16525
2021-09-11T03:00:00.000000000,35.97,43.26754
2021-09-11T04:00:00.000000000,36.01,44.46141
2021-09-11T05:00:00.000000000,36.24,44.95667
2021-09-11T06:00:00.000000000,36.3,45.81595
2021-09-11T07:00:00.000000000,35.86,46.52185
2021-09-11T08:00:00.000000000,38.22,46.83909
2021-09-11T09:00:00.000000000,39.37,47.1724
2021-09-11T10:00:00.000000000,40.27,46.53904
2021-09-11T11:00:00.000000000,40.56,46.85077
2021-09-11T12:00:00.000000000,39.99,46.41315
2021-09-11T13:00:00.000000000,40.69,45.93622
2021-09-11T14:00:00.000000000,40.38,45.87265
2021-09-11T15:00:00.000000000,40.33,45.69158
2021-09-11T16:00:00.000000000,39.87,45.62172
2021-09-11T17:00:00.000000000,39.98,45.27136
2021-09-11T18:00:00.000000000,39.87,44.7572
2021-09-11T19:00:00.000000000,39.18,44.00032
2021-09-11T20:00:00.000000000,38.95,42.9116
2021-09-11T21:00:00.000000000,39.87,41.96094
2021-09-11T22:00:00.000000000,38.29,41.12281
2021-09-11T23:00:00.000000000,37.53,40.60272
2021-09-12T00:00:00.000000000,37.52,42.95658
2021-09-12T01:00:00.000000000,37.11,43.47177
2021-09-12T02:00:00.000000000,37.13,43.62847
2021-09-12T03:00:00.000000000,36.98,44.03218
2021-09-12T04:00:00.000000000,36.9,44.41078
2021-09-12T05:00:00.000000000,36.92,44.33468
2021-09-12T06:00:00.000000000,35.41,44.70488
2021-09-12T07:00:00.000000000,35.5,45.00628
2021-09-12T08:00:00.000000000,36.61,45.14756
2021-09-12T09:00:00.000000000,36.72,45.3874
2021-09-12T10:00:00.000000000,36.55,44.94366
2021-09-12T11:00:00.000000000,36.5,45.3394
2021-09-12T12:00:00.000000000,36.57,45.14478
2021-09-12T13:00:00.000000000,35.96,44.71269
2021-09-12T14:00:00.000000000,36.15,44.63856
2021-09-12T15:00:00.000000000,35.84,44.42122
2021-09-12T16:00:00.000000000,36.73,44.1977
2021-09-12T17:00:00.000000000,37.42,43.82844
2021-09-12T18:00:00.000000000,36.98,43.4067
2021-09-12T19:00:00.000000000,36.82,43.02465
2021-09-12T20:00:00.000000000,36.95,42.44953
2021-09-12T21:00:00.000000000,36.45,42.02034
2021-09-12T22:00:00.000000000,38.14,41.83296
2021-09-12T23:00:00.000000000,40.82,41.80096
2021-09-13T00:00:00.000000000,38.72,44.30978
2021-09-13T01:00:00.000000000,38.39,44.68198
2021-09-13T02:00:00.000000000,37.75,44.68026
2021-09-13T03:00:00.000000000,39.41,44.84502
2021-09-13T04:00:00.000000000,43.04,44.9234
2021-09-13T05:00:00.000000000,50.19,44.60645
2021-09-13T06:00:00.000000000,53.59,44.78645
2021-09-13T07:00:00.000000000,54.47,44.98466
2021-09-13T08:00:00.000000000,54.39,45.10891
2021-09-13T09:00:00.000000000,54.47,45.42011
2021-09-13T10:00:00.000000000,54.42,45.09822
2021-09-13T11:00:00.000000000,57.64,45.65798
2021-09-13T12:00:00.000000000,58.16,45.67249
2021-09-13T13:00:00.000000000,57.85,45.43622
2021-09-13T14:00:00.000000000,57.12,45.46324
2021-09-13T15:00:00.000000000,56.17,45.33389
2021-09-13T16:00:00.000000000,56.36,45.14935
2021-09-13T17:00:00.000000000,56.17,44.83295
2021-09-13T18:00:00.000000000,55.57,44.46834
2021-09-13T19:00:00.000000000,54.29,44.14494
2021-09-13T20:00:00.000000000,55.17,43.58515
2021-09-13T21:00:00.000000000,55.46,43.1894
2021-09-13T22:00:00.000000000,52.68,43.01629
2021-09-13T23:00:00.000000000,49.99,43.00281
2021-09-14T00:00:00.000000000,49.65,44.91946
2021-09-14T01:00:00.000000000,50.11,45.06933
2021-09-14T02:00:00.000000000,49.56,44.86021
2021-09-14T03:00:00.000000000,47.82,44.84952
2021-09-14T04:00:00.000000000,50.32,44.78633
2021-09-14T05:00:00.000000000,55.26,44.38412
2021-09-14T06:00:00.000000000,54.4,44.55465
2021-09-14T07:00:00.000000000,56.01,44.82659
2021-09-14T08:00:00.000000000,57.18,45.07023
2021-09-14T09:00:00.000000000,57.92,45.50056
2021-09-14T10:00:00.000000000,58.2,45.28046
2021-09-14T11:00:00.000000000,57.02,45.88773
2021-09-14T12:00:00.000000000,56.48,45.9249
2021-09-14T13:00:00.000000000,57.25,45.73199
2021-09-14T14:00:00.000000000,56.98,45.72373
2021-09-14T15:00:00.000000000,55.28,45.56415
2021-09-14T16:00:00.000000000,54.87,45.38028
2021-09-14T17:00:00.000000000,54.15,45.15528
2021-09-14T18:00:00.000000000,53.03,44.932
2021-09-14T19:00:00.000000000,52.5,44.75311
2021-09-14T20:00:00.000000000,53.81,44.29491
2021-09-14T21:00:00.000000000,54.44,43.97351
2021-09-14T22:00:00.000000000,55.57,43.8167
2021-09-14T23:00:00.000000000,51.77,43.76235
2021-09-12T00:00:00.000000000,37.52,36.86637
2021-09-12T01:00:00.000000000,37.11,36.9619
2021-09-12T02:00:00.000000000,37.13,36.39222
2021-09-12T03:00:00.000000000,36.98,36.43839
2021-09-12T04:00:00.000000000,36.9,36.46382
2021-09-12T05:00:00.000000000,36.92,36.27613
2021-09-12T06:00:00.000000000,35.41,36.57652
2021-09-12T07:00:00.000000000,35.5,37.23194
2021-09-12T08:00:00.000000000,36.61,38.05647
2021-09-12T09:00:00.000000000,36.72,38.87398
2021-09-12T10:00:00.000000000,36.55,39.25145
2021-09-12T11:00:00.000000000,36.5,39.76938
2021-09-12T12:00:00.000000000,36.57,39.77906
2021-09-12T13:00:00.000000000,35.96,39.6011
2021-09-12T14:00:00.000000000,36.15,39.27385
2021-09-12T15:00:00.000000000,35.84,38.61671
2021-09-12T16:00:00.000000000,36.73,37.95566
2021-09-12T17:00:00.000000000,37.42,37.61593
2021-09-12T18:00:00.000000000,36.98,37.47633
2021-09-12T19:00:00.000000000,36.82,37.34035
2021-09-12T20:00:00.000000000,36.95,37.3122
2021-09-12T21:00:00.000000000,36.45,37.45187
2021-09-12T22:00:00.000000000,38.14,37.74596
2021-09-12T23:00:00.000000000,40.82,37.81399
2021-09-13T00:00:00.000000000,38.72,39.81064
2021-09-13T01:00:00.000000000,38.39,39.89995
2021-09-13T02:00:00.000000000,37.75,39.2999
2021-09-13T03:00:00.000000000,39.41,39.02334
2021-09-13T04:00:00.000000000,43.04,38.63746
2021-09-13T05:00:00.000000000,50.19,38.05663
2021-09-13T06:00:00.000000000,53.59,37.98334
2021-09-13T07:00:00.000000000,54.47,38.34365
2021-09-13T08:00:00.000000000,54.39,38.94407
2021-09-13T09:00:00.000000000,54.47,39.68828
2021-09-13T10:00:00.000000000,54.42,40.10602
2021-09-13T11:00:00.000000000,57.64,40.86064
2021-09-13T12:00:00.000000000,58.16,41.16981
2021-09-13T13:00:00.000000000,57.85,41.23882
2021-09-13T14:00:00.000000000,57.12,41.14235
2021-09-13T15:00:00.000000000,56.17,40.69319
2021-09-13T16:00:00.000000000,56.36,40.14778
2021-09-13T17:00:00.000000000,56.17,39.78884
2021-09-13T18:00:00.000000000,55.57,39.56589
2021-09-13T19:00:00.000000000,54.29,39.42663
2021-09-13T20:00:00.000000000,55.17,39.30279
2021-09-13T21:00:00.000000000,55.46,39.42109
2021-09-13T22:00:00.000000000,52.68,39.75705
2021-09-13T23:00:00.000000000,49.99,39.94172
2021-09-14T00:00:00.000000000,49.65,42.43934
2021-09-14T01:00:00.000000000,50.11,42.53255
2021-09-14T02:00:00.000000000,49.56,42.01852
2021-09-14T03:00:00.000000000,47.82,41.69507
2021-09-14T04:00:00.000000000,50.32,41.24425
2021-09-14T05:00:00.000000000,55.26,40.57887
2021-09-14T06:00:00.000000000,54.4,40.4305
2021-09-14T07:00:00.000000000,56.01,40.63698
2021-09-14T08:00:00.000000000,57.18,41.02268
2021-09-14T09:00:00.000000000,57.92,41.59745
2021-09-14T10:00:00.000000000,58.2,41.78627
2021-09-14T11:00:00.000000000,57.02,42.53434
2021-09-14T12:00:00.000000000,56.48,42.83374
2021-09-14T13:00:00.000000000,57.25,42.89498
2021-09-14T14:00:00.000000000,56.98,42.90659
2021-09-14T15:00:00.000000000,55.28,42.65874
2021-09-14T16:00:00.000000000,54.87,42.3082
2021-09-14T17:00:00.000000000,54.15,42.04131
2021-09-14T18:00:00.000000000,53.03,41.84377
2021-09-14T19:00:00.000000000,52.5,41.73576
2021-09-14T20:00:00.000000000,53.81,41.51241
2021-09-14T21:00:00.000000000,54.44,41.49084
2021-09-14T22:00:00.000000000,55.57,41.69935
2021-09-14T23:00:00.000000000,51.77,41.84725
2021-09-15T00:00:00.000000000,49.35,42.67349
2021-09-15T01:00:00.000000000,48.61,42.72518
2021-09-15T02:00:00.000000000,48.42,42.27212
2021-09-15T03:00:00.000000000,48.51,42.06659
2021-09-15T04:00:00.000000000,53.86,41.82908
2021-09-15T05:00:00.000000000,63.83,41.357
2021-09-15T06:00:00.000000000,65.23,41.41579
2021-09-15T07:00:00.000000000,66.87,41.72809
2021-09-15T08:00:00.000000000,67.1,42.11134
2021-09-15T09:00:00.000000000,68.1,42.60331
2021-09-15T10:00:00.000000000,68.51,42.59517
2021-09-15T11:00:00.000000000,68.16,43.14846
2021-09-15T12:00:00.000000000,67.54,43.20379
2021-09-15T13:00:00.000000000,66.73,43.04159
2021-09-15T14:00:00.000000000,66.31,42.95511
2021-09-15T15:00:00.000000000,65.05,42.68424
2021-09-15T16:00:00.000000000,64.04,42.39083
2021-09-15T17:00:00.000000000,63.01,42.22749
2021-09-15T18:00:00.000000000,60.82,42.1319
2021-09-15T19:00:00.000000000,59.47,42.12478
2021-09-15T20:00:00.000000000,53.38,41.95671
2021-09-15T21:00:00.000000000,44.6,41.9023
2021-09-15T22:00:00.000000000,43.79,42.02647
2021-09-15T23:00:00.000000000,43.67,42.07799
2021-09-13T00:00:00.000000000,38.72,38.07557
2021-09-13T01:00:00.000000000,38.39,37.93362
2021-09-13T02:00:00.000000000,37.75,37.36531
2021-09-13T03:00:00.000000000,39.41,37.27277
2021-09-13T04:00:00.000000000,43.04,37.13499
2021-09-13T05:00:00.000000000,50.19,36.95358
2021-09-13T06:00:00.000000000,53.59,36.96263
2021-09-13T07:00:00.000000000,54.47,37.26602
2021-09-13T08:00:00.000000000,54.39,37.5614
2021-09-13T09:00:00.000000000,54.47,37.77407
2021-09-13T10:00:00.000000000,54.42,37.70229
2021-09-13T11:00:00.000000000,57.64,37.78696
2021-09-13T12:00:00.000000000,58.16,37.76528
2021-09-13T13:00:00.000000000,57.85,37.64818
2021-09-13T14:00:00.000000000,57.12,37.70119
2021-09-13T15:00:00.000000000,56.17,37.7171
2021-09-13T16:00:00.000000000,56.36,37.66782
2021-09-13T17:00:00.000000000,56.17,38.08692
2021-09-13T18:00:00.000000000,55.57,38.3916
2021-09-13T19:00:00.000000000,54.29,38.60768
2021-09-13T20:00:00.000000000,55.17,38.77504
2021-09-13T21:00:00.000000000,55.46,38.79643
2021-09-13T22:00:00.000000000,52.68,38.86736
2021-09-13T23:00:00.000000000,49.99,38.6337
2021-09-14T00:00:00.000000000,49.65,40.87146
2021-09-14T01:00:00.000000000,50.11,40.59482
2021-09-14T02:00:00.000000000,49.56,39.92327
2021-09-14T03:00:00.000000000,47.82,39.66832
2021-09-14T04:00:00.000000000,50.32,39.40955
2021-09-14T05:00:00.000000000,55.26,39.07595
2021-09-14T06:00:00.000000000,54.4,39.02948
2021-09-14T07:00:00.000000000,56.01,39.34985
2021-09-14T08:00:00.000000000,57.18,39.67652
2021-09-14T09:00:00.000000000,57.92,39.96666
2021-09-14T10:00:00.000000000,58.2,39.89249
2021-09-14T11:00:00.000000000,57.02,40.14256
2021-09-14T12:00:00.000000000,56.48,40.1332
2021-09-14T13:00:00.000000000,57.25,40.092
2021-09-14T14:00:00.000000000,56.98,40.16871
2021-09-14T15:00:00.000000000,55.28,40.2127
2021-09-14T16:00:00.000000000,54.87,40.29042
2021-09-14T17:00:00.000000000,54.15,40.69885
2021-09-14T18:00:00.000000000,53.03,41.0648
2021-09-14T19:00:00.000000000,52.5,41.32449
2021-09-14T20:00:00.000000000,53.81,41.38546
2021-09-14T21:00:00.000000000,54.44,41.32247
2021-09-14T22:00:00.000000000,55.57,41.29734
2021-09-14T23:00:00.000000000,51.77,41.01355
2021-09-15T00:00:00.000000000,49.35,42.31376
2021-09-15T01:00:00.000000000,48.61,42.11699
2021-09-15T02:00:00.000000000,48.42,41.54358
2021-09-15T03:00:00.000000000,48.51,41.32775
2021-09-15T04:00:00.000000000,53.86,41.14346
2021-09-15T05:00:00.000000000,63.83,40.84084
2021-09-15T06:00:00.000000000,65.23,40.91105
2021-09-15T07:00:00.000000000,66.87,41.22082
2021-09-15T08:00:00.000000000,67.1,41.48012
2021-09-15T09:00:00.000000000,68.1,41.69939
2021-09-15T10:00:00.000000000,68.51,41.43123
2021-09-15T11:00:00.000000000,68.16,41.62329
2021-09-15T12:00:00.000000000,67.54,41.46648
2021-09-15T13:00:00.000000000,66.73,41.22009
2021-09-15T14:00:00.000000000,66.31,41.19742
2021-09-15T15:00:00.000000000,65.05,41.18735
2021-09-15T16:00:00.000000000,64.04,41.23677
2021-09-15T17:00:00.000000000,63.01,41.58142
2021-09-15T18:00:00.000000000,60.82,41.90059
2021-09-15T19:00:00.000000000,59.47,42.1957
2021-09-15T20:00:00.000000000,53.38,42.24566
2021-09-15T21:00:00.000000000,44.6,42.16971
2021-09-15T22:00:00.000000000,43.79,42.15726
2021-09-15T23:00:00.000000000,43.67,41.94569
2021-09-16T00:00:00.000000000,43.22,41.88356
2021-09-16T01:00:00.000000000,42.78,41.45036
2021-09-16T02:00:00.000000000,42.35,40.70241
2021-09-16T03:00:00.000000000,41.58,40.39005
2021-09-16T04:00:00.000000000,45.88,40.17074
2021-09-16T05:00:00.000000000,55.05,39.9295
2021-09-16T06:00:00.000000000,57.93,40.01484
2021-09-16T07:00:00.000000000,58.03,40.39061
2021-09-16T08:00:00.000000000,58.07,40.69395
2021-09-16T09:00:00.000000000,58.42,40.86757
2021-09-16T10:00:00.000000000,58.76,40.57002
2021-09-16T11:00:00.000000000,58.54,40.59779
2021-09-16T12:00:00.000000000,58.15,40.33868
2021-09-16T13:00:00.000000000,58.08,40.05634
2021-09-16T14:00:00.000000000,58.34,40.02728
2021-09-16T15:00:00.000000000,58.57,40.08986
2021-09-16T16:00:00.000000000,60.37,40.2603
2021-09-16T17:00:00.000000000,60.5,40.88091
2021-09-16T18:00:00.000000000,60.57,41.46107
2021-09-16T19:00:00.000000000,59.76,41.96965
2021-09-16T20:00:00.000000000,51.09,42.19813
2021-09-16T21:00:00.000000000,51.76,42.1983
2021-09-16T22:00:00.000000000,46.49,42.15203
2021-09-16T23:00:00.000000000,44.89,41.79401
2021-09-14T00:00:00.000000000,49.65,53.05674
2021-09-14T01:00:00.000000000,50.11,53.28853
2021-09-14T02:00:00.000000000,49.56,53.72374
2021-09-14T03:00:00.000000000,47.82,53.87404
2021-09-14T04:00:00.000000000,50.32,53.95863
2021-09-14T05:00:00.000000000,55.26,53.89289
2021-09-14T06:00:00.000000000,54.4,54.51721
2021-09-14T07:00:00.000000000,56.01,54.69861
2021-09-14T08:00:00.000000000,57.18,54.57987
2021-09-14T09:00:00.000000000,57.92,54.76024
2021-09-14T10:00:00.000000000,58.2,53.89429
2021-09-14T11:00:00.000000000,57.02,54.28608
2021-09-14T12:00:00.000000000,56.48,53.84428
2021-09-14T13:00:00.000000000,57.25,52.92069
2021-09-14T14:00:00.000000000,56.98,52.79106
2021-09-14T15:00:00.000000000,55.28,52.62411
2021-09-14T16:00:00.000000000,54.87,52.36043
2021-09-14T17:00:00.000000000,54.15,51.92839
2021-09-14T18:00:00.000000000,53.03,51.40491
2021-09-14T19:00:00.000000000,52.5,51.08127
2021-09-14T20:00:00.000000000,53.81,50.27175
2021-09-14T21:00:00.000000000,54.44,49.90949
2021-09-14T22:00:00.000000000,55.57,49.38396
2021-09-14T23:00:00.000000000,51.77,49.28708
2021-09-15T00:00:00.000000000,49.35,51.3999
2021-09-15T01:00:00.000000000,48.61,51.53495
2021-09-15T02:00:00.000000000,48.42,51.72687
2021-09-15T03:00:00.000000000,48.51,51.77301
2021-09-15T04:00:00.000000000,53.86,51.85591
2021-09-15T05:00:00.000000000,63.83,51.75862
2021-09-15T06:00:00.000000000,65.23,52.39128
2021-09-15T07:00:00.000000000,66.87,52.62039
2021-09-15T08:00:00.000000000,67.1,52.58297
2021-09-15T09:00:00.000000000,68.1,52.6998
2021-09-15T10:00:00.000000000,68.51,51.7927
2021-09-15T11:00:00.000000000,68.16,52.04292
2021-09-15T12:00:00.000000000,67.54,51.50156
2021-09-15T13:00:00.000000000,66.73,50.52082
2021-09-15T14:00:00.000000000,66.31,50.26844
2021-09-15T15:00:00.000000000,65.05,50.07336
2021-09-15T16:00:00.000000000,64.04,49.86587
2021-09-15T17:00:00.000000000,63.01,49.62358
2021-09-15T18:00:00.000000000,60.82,49.35062
2021-09-15T19:00:00.000000000,59.47,49.30788
2021-09-15T20:00:00.000000000,53.38,48.80653
2021-09-15T21:00:00.000000000,44.6,48.53041
2021-09-15T22:00:00.000000000,43.79,48.18429
2021-09-15T23:00:00.000000000,43.67,48.13106
2021-09-16T00:00:00.000000000,43.22,50.04862
2021-09-16T01:00:00.000000000,42.78,50.01373
2021-09-16T02:00:00.000000000,42.35,49.87392
2021-09-16T03:00:00.000000000,41.58,49.71672
2021-09-16T04:00:00.000000000,45.88,49.62244
2021-09-16T05:00:00.000000000,55.05,49.40219
2021-09-16T06:00:00.000000000,57.93,49.86807
2021-09-16T07:00:00.000000000,58.03,50.05157
2021-09-16T08:00:00.000000000,58.07,50.00989
2021-09-16T09:00:00.000000000,58.42,50.02391
2021-09-16T10:00:00.000000000,58.76,49.10354
2021-09-16T11:00:00.000000000,58.54,49.23525
2021-09-16T12:00:00.000000000,58.15,48.71369
2021-09-16T13:00:00.000000000,58.08,47.81578
2021-09-16T14:00:00.000000000,58.34,47.56338
2021-09-16T15:00:00.000000000,58.57,47.46722
2021-09-16T16:00:00.000000000,60.37,47.40765
2021-09-16T17:00:00.000000000,60.5,47.47176
2021-09-16T18:00:00.000000000,60.57,47.52025
2021-09-16T19:00:00.000000000,59.76,47.7838
2021-09-16T20:00:00.000000000,51.09,47.59124
2021-09-16T21:00:00.000000000,51.76,47.42428
2021-09-16T22:00:00.000000000,46.49,47.24729
2021-09-16T23:00:00.000000000,44.89,47.20208
2021-09-17T00:00:00.000000000,45.72,49.10687
2021-09-17T01:00:00.000000000,45.69,48.73889
2021-09-17T02:00:00.000000000,45.5,48.18369
2021-09-17T03:00:00.000000000,45.14,47.75253
2021-09-17T04:00:00.000000000,44.75,47.41984
2021-09-17T05:00:00.000000000,47.17,47.02728
2021-09-17T06:00:00.000000000,50.54,47.37437
2021-09-17T07:00:00.000000000,51.06,47.65457
2021-09-17T08:00:00.000000000,53.03,47.81048
2021-09-17T09:00:00.000000000,57.03,48.00513
2021-09-17T10:00:00.000000000,60.46,47.30115
2021-09-17T11:00:00.000000000,60.97,47.50791
2021-09-17T12:00:00.000000000,55.52,47.10111
2021-09-17T13:00:00.000000000,52.46,46.40834
2021-09-17T14:00:00.000000000,52.28,46.15068
2021-09-17T15:00:00.000000000,52.46,46.06244
2021-09-17T16:00:00.000000000,51.82,46.05112
2021-09-17T17:00:00.000000000,51.16,46.33892
2021-09-17T18:00:00.000000000,50.92,46.67675
2021-09-17T19:00:00.000000000,51.0,47.17075
2021-09-17T20:00:00.000000000,51.21,47.18449
2021-09-17T21:00:00.000000000,46.36,47.13483
2021-09-17T22:00:00.000000000,42.66,47.03439
2021-09-17T23:00:00.000000000,42.33,46.9257
2021-09-15T00:00:00.000000000,49.35,52.48029
2021-09-15T01:00:00.000000000,48.61,52.79445
2021-09-15T02:00:00.000000000,48.42,53.26878
2021-09-15T03:00:00.000000000,48.51,53.36451
2021-09-15T04:00:00.000000000,53.86,53.54718
2021-09-15T05:00:00.000000000,63.83,53.61101
2021-09-15T06:00:00.000000000,65.23,54.45163
2021-09-15T07:00:00.000000000,66.87,54.80881
2021-09-15T08:00:00.000000000,67.1,54.94708
2021-09-15T09:00:00.000000000,68.1,55.25212
2021-09-15T10:00:00.000000000,68.51,54.52812
2021-09-15T11:00:00.000000000,68.16,54.87553
2021-09-15T12:00:00.000000000,67.54,54.17645
2021-09-15T13:00:00.000000000,66.73,52.96417
2021-09-15T14:00:00.000000000,66.31,52.56697
2021-09-15T15:00:00.000000000,65.05,52.07003
2021-09-15T16:00:00.000000000,64.04,51.52655
2021-09-15T17:00:00.000000000,63.01,50.81486
2021-09-15T18:00:00.000000000,60.82,50.16531
2021-09-15T19:00:00.000000000,59.47,49.84087
2021-09-15T20:00:00.000000000,53.38,49.12287
2021-09-15T21:00:00.000000000,44.6,48.96871
2021-09-15T22:00:00.000000000,43.79,48.65553
2021-09-15T23:00:00.000000000,43.67,48.69443
2021-09-16T00:00:00.000000000,43.22,51.09711
2021-09-16T01:00:00.000000000,42.78,51.21407
2021-09-16T02:00:00.000000000,42.35,51.3033
2021-09-16T03:00:00.000000000,41.58,51.24316
2021-09-16T04:00:00.000000000,45.88,51.22014
2021-09-16T05:00:00.000000000,55.05,51.04898
2021-09-16T06:00:00.000000000,57.93,51.60281
2021-09-16T07:00:00.000000000,58.03,51.78216
2021-09-16T08:00:00.000000000,58.07,51.7417
2021-09-16T09:00:00.000000000,58.42,51.82225
2021-09-16T10:00:00.000000000,58.76,50.93314
2021-09-16T11:00:00.000000000,58.54,51.16431
2021-09-16T12:00:00.000000000,58.15,50.63732
2021-09-16T13:00:00.000000000,58.08,49.66917
2021-09-16T14:00:00.000000000,58.34,49.39981
2021-09-16T15:00:00.000000000,58.57,49.2091
2021-09-16T16:00:00.000000000,60.37,49.00991
2021-09-16T17:00:00.000000000,60.5,48.81479
2021-09-16T18:00:00.000000000,60.57,48.61441
2021-09-16T19:00:00.000000000,59.76,48.66479
2021-09-16T20:00:00.000000000,51.09,48.2778
2021-09-16T21:00:00.000000000,51.76,48.07861
2021-09-16T22:00:00.000000000,46.49,47.84443
2021-09-16T23:00:00.000000000,44.89,47.85204
2021-09-17T00:00:00.000000000,45.72,50.62002
2021-09-17T01:00:00.000000000,45.69,50.51935
2021-09-17T02:00:00.000000000,45.5,50.32042
2021-09-17T03:00:00.000000000,45.14,50.09432
2021-09-17T04:00:00.000000000,44.75,49.91131
2021-09-17T05:00:00.000000000,47.17,49.63828
2021-09-17T06:00:00.000000000,50.54,50.06528
2021-09-17T07:00:00.000000000,51.06,50.21439
2021-09-17T08:00:00.000000000,53.03,50.1502
2021-09-17T09:00:00.000000000,57.03,50.15898
2021-09-17T10:00:00.000000000,60.46,49.21649
2021-09-17T11:00:00.000000000,60.97,49.36273
2021-09-17T12:00:00.000000000,55.52,48.87131
2021-09-17T13:00:00.000000000,52.46,47.99998
2021-09-17T14:00:00.000000000,52.28,47.76529
2021-09-17T15:00:00.000000000,52.46,47.71555
2021-09-17T16:00:00.000000000,51.82,47.68721
2021-09-17T17:00:00.000000000,51.16,47.81188
2021-09-17T18:00:00.000000000,50.92,47.91578
2021-09-17T19:00:00.000000000,51.0,48.22322
2021-09-17T20:00:00.000000000,51.21,48.04688
2021-09-17T21:00:00.000000000,46.36,47.88854
2021-09-17T22:00:00.000000000,42.66,47.69853
2021-09-17T23:00:00.000000000,42.33,47.64628
2021-09-18T00:00:00.000000000,41.66,50.24513
2021-09-18T01:00:00.000000000,41.78,49.91259
2021-09-18T02:00:00.000000000,41.94,49.47106
2021-09-18T03:00:00.000000000,41.7,49.11533
2021-09-18T04:00:00.000000000,41.94,48.85442
2021-09-18T05:00:00.000000000,44.06,48.54017
2021-09-18T06:00:00.000000000,44.72,48.9758
2021-09-18T07:00:00.000000000,47.0,49.22833
2021-09-18T08:00:00.000000000,47.03,49.288
2021-09-18T09:00:00.000000000,47.39,49.38455
2021-09-18T10:00:00.000000000,47.29,48.5014
2021-09-18T11:00:00.000000000,47.5,48.63247
2021-09-18T12:00:00.000000000,47.52,48.13079
2021-09-18T13:00:00.000000000,47.49,47.30072
2021-09-18T14:00:00.000000000,47.91,47.02186
2021-09-18T15:00:00.000000000,47.91,46.96259
2021-09-18T16:00:00.000000000,48.42,46.97471
2021-09-18T17:00:00.000000000,48.43,47.26773
2021-09-18T18:00:00.000000000,48.42,47.57652
2021-09-18T19:00:00.000000000,48.65,48.06217
2021-09-18T20:00:00.000000000,48.11,48.02786
2021-09-18T21:00:00.000000000,47.47,47.93207
2021-09-18T22:00:00.000000000,46.3,47.75883
2021-09-18T23:00:00.000000000,46.15,47.63902
2021-09-16T00:00:00.000000000,43.22,47.83613
2021-09-16T01:00:00.000000000,42.78,48.63317
2021-09-16T02:00:00.000000000,42.35,49.76201
2021-09-16T03:00:00.000000000,41.58,51.02951
2021-09-16T04:00:00.000000000,45.88,52.55403
2021-09-16T05:00:00.000000000,55.05,53.41781
2021-09-16T06:00:00.000000000,57.93,54.85144
2021-09-16T07:00:00.000000000,58.03,55.80618
2021-09-16T08:00:00.000000000,58.07,56.1324
2021-09-16T09:00:00.000000000,58.42,56.59883
2021-09-16T10:00:00.000000000,58.76,55.63715
2021-09-16T11:00:00.000000000,58.54,56.02029
2021-09-16T12:00:00.000000000,58.15,55.0791
2021-09-16T13:00:00.000000000,58.08,53.88194
2021-09-16T14:00:00.000000000,58.34,53.63045
2021-09-16T15:00:00.000000000,58.57,53.20301
2021-09-16T16:00:00.000000000,60.37,52.76986
2021-09-16T17:00:00.000000000,60.5,51.69983
2021-09-16T18:00:00.000000000,60.57,50.40844
2021-09-16T19:00:00.000000000,59.76,49.10142
2021-09-16T20:00:00.000000000,51.09,47.22882
2021-09-16T21:00:00.000000000,51.76,46.22994
2021-09-16T22:00:00.000000000,46.49,44.98899
2021-09-16T23:00:00.000000000,44.89,44.3878
2021-09-17T00:00:00.000000000,45.72,49.14284
2021-09-17T01:00:00.000000000,45.69,49.56572
2021-09-17T02:00:00.000000000,45.5,50.08425
2021-09-17T03:00:00.000000000,45.14,50.59358
2021-09-17T04:00:00.000000000,44.75,51.1935
2021-09-17T05:00:00.000000000,47.17,51.40094
2021-09-17T06:00:00.000000000,50.54,52.23286
2021-09-17T07:00:00.000000000,51.06,52.62313
2021-09-17T08:00:00.000000000,53.03,52.61701
2021-09-17T09:00:00.000000000,57.03,52.72935
2021-09-17T10:00:00.000000000,60.46,51.77231
2021-09-17T11:00:00.000000000,60.97,51.96915
2021-09-17T12:00:00.000000000,55.52,51.30975
2021-09-17T13:00:00.000000000,52.46,50.28566
2021-09-17T14:00:00.000000000,52.28,50.04847
2021-09-17T15:00:00.000000000,52.46,49.80583
2021-09-17T16:00:00.000000000,51.82,49.60046
2021-09-17T17:00:00.000000000,51.16,49.18328
2021-09-17T18:00:00.000000000,50.92,48.67091
2021-09-17T19:00:00.000000000,51.0,48.31457
2021-09-17T20:00:00.000000000,51.21,47.53553
2021-09-17T21:00:00.000000000,46.36,47.0172
2021-09-17T22:00:00.000000000,42.66,46.47166
2021-09-17T23:00:00.000000000,42.33,46.29357
2021-09-18T00:00:00.000000000,41.66,50.15033
2021-09-18T01:00:00.000000000,41.78,50.26845
2021-09-18T02:00:00.000000000,41.94,50.38475
2021-09-18T03:00:00.000000000,41.7,50.47963
2021-09-18T04:00:00.000000000,41.94,50.6442
2021-09-18T05:00:00.000000000,44.06,50.60065
2021-09-18T06:00:00.000000000,44.72,51.21938
2021-09-18T07:00:00.000000000,47.0,51.46471
2021-09-18T08:00:00.000000000,47.03,51.39949
2021-09-18T09:00:00.000000000,47.39,51.40605
2021-09-18T10:00:00.000000000,47.29,50.40929
2021-09-18T11:00:00.000000000,47.5,50.52098
2021-09-18T12:00:00.000000000,47.52,49.9122
2021-09-18T13:00:00.000000000,47.49,48.91986
2021-09-18T14:00:00.000000000,47.91,48.66286
2021-09-18T15:00:00.000000000,47.91,48.52627
2021-09-18T16:00:00.000000000,48.42,48.43565
2021-09-18T17:00:00.000000000,48.43,48.35901
2021-09-18T18:00:00.000000000,48.42,48.22961
2021-09-18T19:00:00.000000000,48.65,48.30216
2021-09-18T20:00:00.000000000,48.11,47.91813
2021-09-18T21:00:00.000000000,47.47,47.62332
2021-09-18T22:00:00.000000000,46.3,47.3003
2021-09-18T23:00:00.000000000,46.15,47.20143
2021-09-19T00:00:00.000000000,46.75,50.83179
2021-09-19T01:00:00.000000000,46.28,50.65211
2021-09-19T02:00:00.000000000,46.44,50.46995
2021-09-19T03:00:00.000000000,46.96,50.32207
2021-09-19T04:00:00.000000000,46.49,50.27152
2021-09-19T05:00:00.000000000,45.93,50.10461
2021-09-19T06:00:00.000000000,46.75,50.69411
2021-09-19T07:00:00.000000000,46.95,50.9921
2021-09-19T08:00:00.000000000,47.78,51.02461
2021-09-19T09:00:00.000000000,48.6,51.12784
2021-09-19T10:00:00.000000000,49.07,50.18531
2021-09-19T11:00:00.000000000,49.52,50.32188
2021-09-19T12:00:00.000000000,49.1,49.74498
2021-09-19T13:00:00.000000000,49.06,48.79525
2021-09-19T14:00:00.000000000,48.24,48.49489
2021-09-19T15:00:00.000000000,48.55,48.35728
2021-09-19T16:00:00.000000000,48.49,48.29307
2021-09-19T17:00:00.000000000,48.37,48.39767
2021-09-19T18:00:00.000000000,48.45,48.49888
2021-09-19T19:00:00.000000000,47.98,48.79839
2021-09-19T20:00:00.000000000,46.55,48.5821
2021-09-19T21:00:00.000000000,46.23,48.39887
2021-09-19T22:00:00.000000000,46.05,48.11567
2021-09-19T23:00:00.000000000,46.35,47.9882
2021-09-17T00:00:00.000000000,45.72,49.97006
2021-09-17T01:00:00.000000000,45.69,50.41447
2021-09-17T02:00:00.000000000,45.5,51.17738
2021-09-17T03:00:00.000000000,45.14,51.99542
2021-09-17T04:00:00.000000000,44.75,52.835
2021-09-17T05:00:00.000000000,47.17,53.12408
2021-09-17T06:00:00.000000000,50.54,53.99213
2021-09-17T07:00:00.000000000,51.06,54.44667
2021-09-17T08:00:00.000000000,53.03,54.29649
2021-09-17T09:00:00.000000000,57.03,54.47503
2021-09-17T10:00:00.000000000,60.46,53.45568
2021-09-17T11:00:00.000000000,60.97,53.81759
2021-09-17T12:00:00.000000000,55.52,53.37113
2021-09-17T13:00:00.000000000,52.46,52.57821
2021-09-17T14:00:00.000000000,52.28,52.63147
2021-09-17T15:00:00.000000000,52.46,52.6064
2021-09-17T16:00:00.000000000,51.82,52.55363
2021-09-17T17:00:00.000000000,51.16,52.10062
2021-09-17T18:00:00.000000000,50.92,51.34763
2021-09-17T19:00:00.000000000,51.0,50.63792
2021-09-17T20:00:00.000000000,51.21,49.36782
2021-09-17T21:00:00.000000000,46.36,48.47601
2021-09-17T22:00:00.000000000,42.66,47.46312
2021-09-17T23:00:00.000000000,42.33,47.00749
2021-09-18T00:00:00.000000000,41.66,51.31877
2021-09-18T01:00:00.000000000,41.78,51.54173
2021-09-18T02:00:00.000000000,41.94,51.87036
2021-09-18T03:00:00.000000000,41.7,52.09975
2021-09-18T04:00:00.000000000,41.94,52.31166
2021-09-18T05:00:00.000000000,44.06,52.28281
2021-09-18T06:00:00.000000000,44.72,52.88479
2021-09-18T07:00:00.000000000,47.0,53.04265
2021-09-18T08:00:00.000000000,47.03,52.83314
2021-09-18T09:00:00.000000000,47.39,52.80715
2021-09-18T10:00:00.000000000,47.29,51.72704
2021-09-18T11:00:00.000000000,47.5,51.91099
2021-09-18T12:00:00.000000000,47.52,51.39059
2021-09-18T13:00:00.000000000,47.49,50.46178
2021-09-18T14:00:00.000000000,47.91,50.33334
2021-09-18T15:00:00.000000000,47.91,50.31704
2021-09-18T16:00:00.000000000,48.42,50.26868
2021-09-18T17:00:00.000000000,48.43,50.1239
2021-09-18T18:00:00.000000000,48.42,49.83993
2021-09-18T19:00:00.000000000,48.65,49.71567
2021-09-18T20:00:00.000000000,48.11,49.09901
2021-09-18T21:00:00.000000000,47.47,48.64503
2021-09-18T22:00:00.000000000,46.3,48.14103
2021-09-18T23:00:00.000000000,46.15,47.99158
2021-09-19T00:00:00.000000000,46.75,51.47652
2021-09-19T01:00:00.000000000,46.28,51.53124
2021-09-19T02:00:00.000000000,46.44,51.63684
2021-09-19T03:00:00.000000000,46.96,51.68393
2021-09-19T04:00:00.000000000,46.49,51.73608
2021-09-19T05:00:00.000000000,45.93,51.62939
2021-09-19T06:00:00.000000000,46.75,52.17847
2021-09-19T07:00:00.000000000,46.95,52.32265
2021-09-19T08:00:00.000000000,47.78,52.13288
2021-09-19T09:00:00.000000000,48.6,52.07136
2021-09-19T10:00:00.000000000,49.07,50.96377
2021-09-19T11:00:00.000000000,49.52,51.07921
2021-09-19T12:00:00.000000000,49.1,50.5302
2021-09-19T13:00:00.000000000,49.06,49.57884
2021-09-19T14:00:00.000000000,48.24,49.40058
2021-09-19T15:00:00.000000000,48.55,49.40264
2021-09-19T16:00:00.000000000,48.49,49.40373
2021-09-19T17:00:00.000000000,48.37,49.43526
2021-09-19T18:00:00.000000000,48.45,49.3591
2021-09-19T19:00:00.000000000,47.98,49.4593
2021-09-19T20:00:00.000000000,46.55,49.04417
2021-09-19T21:00:00.000000000,46.23,48.70491
2021-09-19T22:00:00.000000000,46.05,48.30181
2021-09-19T23:00:00.000000000,46.35,48.17117
2021-09-20T00:00:00.000000000,45.93,51.4805
2021-09-20T01:00:00.000000000,45.66,51.32091
2021-09-20T02:00:00.000000000,45.26,51.19129
2021-09-20T03:00:00.000000000,45.01,51.06921
2021-09-20T04:00:00.000000000,43.85,50.97908
2021-09-20T05:00:00.000000000,44.17,50.77035
2021-09-20T06:00:00.000000000,44.99,51.29358
2021-09-20T07:00:00.000000000,45.89,51.50078
2021-09-20T08:00:00.000000000,46.19,51.42132
2021-09-20T09:00:00.000000000,46.08,51.47465
2021-09-20T10:00:00.000000000,47.04,50.46335
2021-09-20T11:00:00.000000000,47.94,50.633
2021-09-20T12:00:00.000000000,48.37,50.1392
2021-09-20T13:00:00.000000000,48.47,49.26532
2021-09-20T14:00:00.000000000,48.51,49.05988
2021-09-20T15:00:00.000000000,48.77,49.04386
2021-09-20T16:00:00.000000000,48.87,49.05142
2021-09-20T17:00:00.000000000,48.56,49.19472
2021-09-20T18:00:00.000000000,48.01,49.2778
2021-09-20T19:00:00.000000000,48.11,49.5214
2021-09-20T20:00:00.000000000,48.21,49.21885
2021-09-20T21:00:00.000000000,48.23,48.95079
2021-09-20T22:00:00.000000000,48.03,48.58255
2021-09-20T23:00:00.000000000,48.16,48.42965
2021-09-18T00:00:00.000000000,41.66,47.27425
2021-09-18T01:00:00.000000000,41.78,47.41374
2021-09-18T02:00:00.000000000,41.94,47.71913
2021-09-18T03:00:00.000000000,41.7,48.26542
2021-09-18T04:00:00.000000000,41.94,49.18525
2021-09-18T05:00:00.000000000,44.06,49.63972
2021-09-18T06:00:00.000000000,44.72,50.99321
2021-09-18T07:00:00.000000000,47.0,52.12454
2021-09-18T08:00:00.000000000,47.03,52.92848
2021-09-18T09:00:00.000000000,47.39,53.80545
2021-09-18T10:00:00.000000000,47.29,53.48487
2021-09-18T11:00:00.000000000,47.5,54.01451
2021-09-18T12:00:00.000000000,47.52,53.2268
2021-09-18T13:00:00.000000000,47.49,52.18565
2021-09-18T14:00:00.000000000,47.91,51.63208
2021-09-18T15:00:00.000000000,47.91,50.78768
2021-09-18T16:00:00.000000000,48.42,50.14135
2021-09-18T17:00:00.000000000,48.43,49.32379
2021-09-18T18:00:00.000000000,48.42,48.62533
2021-09-18T19:00:00.000000000,48.65,48.06519
2021-09-18T20:00:00.000000000,48.11,47.04524
2021-09-18T21:00:00.000000000,47.47,46.59458
2021-09-18T22:00:00.000000000,46.3,45.90006
2021-09-18T23:00:00.000000000,46.15,45.54578
2021-09-19T00:00:00.000000000,46.75,49.67979
2021-09-19T01:00:00.000000000,46.28,49.98367
2021-09-19T02:00:00.000000000,46.44,50.34735
2021-09-19T03:00:00.000000000,46.96,50.64648
2021-09-19T04:00:00.000000000,46.49,51.0424
2021-09-19T05:00:00.000000000,45.93,51.12367
2021-09-19T06:00:00.000000000,46.75,51.91995
2021-09-19T07:00:00.000000000,46.95,52.33105
2021-09-19T08:00:00.000000000,47.78,52.45335
2021-09-19T09:00:00.000000000,48.6,52.71085
2021-09-19T10:00:00.000000000,49.07,51.93402
2021-09-19T11:00:00.000000000,49.52,52.24152
2021-09-19T12:00:00.000000000,49.1,51.63804
2021-09-19T13:00:00.000000000,49.06,50.64179
2021-09-19T14:00:00.000000000,48.24,50.34072
2021-09-19T15:00:00.000000000,48.55,49.98201
2021-09-19T16:00:00.000000000,48.49,49.66018
2021-09-19T17:00:00.000000000,48.37,49.18249
2021-09-19T18:00:00.000000000,48.45,48.70197
2021-09-19T19:00:00.000000000,47.98,48.41804
2021-09-19T20:00:00.000000000,46.55,47.72681
2021-09-19T21:00:00.000000000,46.23,47.36218
2021-09-19T22:00:00.000000000,46.05,46.93427
2021-09-19T23:00:00.000000000,46.35,46.83501
2021-09-20T00:00:00.000000000,45.93,50.16364
2021-09-20T01:00:00.000000000,45.66,50.33234
2021-09-20T02:00:00.000000000,45.26,50.52396
2021-09-20T03:00:00.000000000,45.01,50.68401
2021-09-20T04:00:00.000000000,43.85,50.87548
2021-09-20T05:00:00.000000000,44.17,50.81179
2021-09-20T06:00:00.000000000,44.99,51.41505
2021-09-20T07:00:00.000000000,45.89,51.65856
2021-09-20T08:00:00.000000000,46.19,51.6013
2021-09-20T09:00:00.000000000,46.08,51.68857
2021-09-20T10:00:00.000000000,47.04,50.76683
2021-09-20T11:00:00.000000000,47.94,50.99678
2021-09-20T12:00:00.000000000,48.37,50.49152
2021-09-20T13:00:00.000000000,48.47,49.60886
2021-09-20T14:00:00.000000000,48.51,49.41908
2021-09-20T15:00:00.000000000,48.77,49.29405
2021-09-20T16:00:00.000000000,48.87,49.1846
2021-09-20T17:00:00.000000000,48.56,49.01844
2021-09-20T18:00:00.000000000,48.01,48.78363
2021-09-20T19:00:00.000000000,48.11,48.71006
2021-09-20T20:00:00.000000000,48.21,48.17929
2021-09-20T21:00:00.000000000,48.23,47.8028
2021-09-20T22:00:00.000000000,48.03,47.39122
2021-09-20T23:00:00.000000000,48.16,47.26688
2021-09-21T00:00:00.000000000,46.87,48.72576
2021-09-21T01:00:00.000000000,46.39,48.80148
2021-09-21T02:00:00.000000000,46.39,48.79021
2021-09-21T03:00:00.000000000,45.91,48.83995
2021-09-21T04:00:00.000000000,45.33,48.96679
2021-09-21T05:00:00.000000000,46.44,48.85687
2021-09-21T06:00:00.000000000,45.71,49.38991
2021-09-21T07:00:00.000000000,46.49,49.65342
2021-09-21T08:00:00.000000000,46.86,49.64864
2021-09-21T09:00:00.000000000,46.88,49.70199
2021-09-21T10:00:00.000000000,47.89,48.82466
2021-09-21T11:00:00.000000000,47.28,48.9716
2021-09-21T12:00:00.000000000,46.62,48.45451
2021-09-21T13:00:00.000000000,46.93,47.60689
2021-09-21T14:00:00.000000000,46.45,47.38656
2021-09-21T15:00:00.000000000,46.66,47.27074
2021-09-21T16:00:00.000000000,46.86,47.2104
2021-09-21T17:00:00.000000000,47.11,47.20153
2021-09-21T18:00:00.000000000,47.29,47.14832
2021-09-21T19:00:00.000000000,47.08,47.26538
2021-09-21T20:00:00.000000000,47.52,46.9537
2021-09-21T21:00:00.000000000,47.38,46.66433
2021-09-21T22:00:00.000000000,47.22,46.39799
2021-09-21T23:00:00.000000000,45.96,46.28762
2021-09-19T00:00:00.000000000,46.75,49.79506
2021-09-19T01:00:00.000000000,46.28,49.7954
2021-09-19T02:00:00.000000000,46.44,49.76003
2021-09-19T03:00:00.000000000,46.96,49.76051
2021-09-19T04:00:00.000000000,46.49,49.74889
2021-09-19T05:00:00.000000000,45.93,49.45791
2021-09-19T06:00:00.000000000,46.75,49.91056
2021-09-19T07:00:00.000000000,46.95,50.1851
2021-09-19T08:00:00.000000000,47.78,50.27468
2021-09-19T09:00:00.000000000,48.6,50.62373
2021-09-19T10:00:00.000000000,49.07,50.01255
2021-09-19T11:00:00.000000000,49.52,50.53264
2021-09-19T12:00:00.000000000,49.1,50.33396
2021-09-19T13:00:00.000000000,49.06,49.80768
2021-09-19T14:00:00.000000000,48.24,49.72639
2021-09-19T15:00:00.000000000,48.55,49.62112
2021-09-19T16:00:00.000000000,48.49,49.50512
2021-09-19T17:00:00.000000000,48.37,49.33993
2021-09-19T18:00:00.000000000,48.45,49.14519
2021-09-19T19:00:00.000000000,47.98,49.03211
2021-09-19T20:00:00.000000000,46.55,48.44496
2021-09-19T21:00:00.000000000,46.23,48.03545
2021-09-19T22:00:00.000000000,46.05,47.59265
2021-09-19T23:00:00.000000000,46.35,47.43005
2021-09-20T00:00:00.000000000,45.93,50.36682
2021-09-20T01:00:00.000000000,45.66,50.45224
2021-09-20T02:00:00.000000000,45.26,50.51703
2021-09-20T03:00:00.000000000,45.01,50.55133
2021-09-20T04:00:00.000000000,43.85,50.56049
2021-09-20T05:00:00.000000000,44.17,50.34016
2021-09-20T06:00:00.000000000,44.99,50.79736
2021-09-20T07:00:00.000000000,45.89,50.95817
2021-09-20T08:00:00.000000000,46.19,50.87519
2021-09-20T09:00:00.000000000,46.08,50.99126
2021-09-20T10:00:00.000000000,47.04,50.13266
2021-09-20T11:00:00.000000000,47.94,50.45755
2021-09-20T12:00:00.000000000,48.37,50.1131
2021-09-20T13:00:00.000000000,48.47,49.40354
2021-09-20T14:00:00.000000000,48.51,49.29912
2021-09-20T15:00:00.000000000,48.77,49.27128
2021-09-20T16:00:00.000000000,48.87,49.21872
2021-09-20T17:00:00.000000000,48.56,49.13792
2021-09-20T18:00:00.000000000,48.01,48.97914
2021-09-20T19:00:00.000000000,48.11,48.94436
2021-09-20T20:00:00.000000000,48.21,48.43473
2021-09-20T21:00:00.000000000,48.23,48.05332
2021-09-20T22:00:00.000000000,48.03,47.64915
2021-09-20T23:00:00.000000000,48.16,47.52707
2021-09-21T00:00:00.000000000,46.87,48.39908
2021-09-21T01:00:00.000000000,46.39,48.56502
2021-09-21T02:00:00.000000000,46.39,48.61593
2021-09-21T03:00:00.000000000,45.91,48.72232
2021-09-21T04:00:00.000000000,45.33,48.84024
2021-09-21T05:00:00.000000000,46.44,48.69291
2021-09-21T06:00:00.000000000,45.71,49.1125
2021-09-21T07:00:00.000000000,46.49,49.26788
2021-09-21T08:00:00.000000000,46.86,49.15009
2021-09-21T09:00:00.000000000,46.88,49.12648
2021-09-21T10:00:00.000000000,47.89,48.21999
2021-09-21T11:00:00.000000000,47.28,48.39066
2021-09-21T12:00:00.000000000,46.62,47.97744
2021-09-21T13:00:00.000000000,46.93,47.25151
2021-09-21T14:00:00.000000000,46.45,47.1498
2021-09-21T15:00:00.000000000,46.66,47.16204
2021-09-21T16:00:00.000000000,46.86,47.18492
2021-09-21T17:00:00.000000000,47.11,47.20668
2021-09-21T18:00:00.000000000,47.29,47.11939
2021-09-21T19:00:00.000000000,47.08,47.15604
2021-09-21T20:00:00.000000000,47.52,46.76836
2021-09-21T21:00:00.000000000,47.38,46.38745
2021-09-21T22:00:00.000000000,47.22,46.07558
2021-09-21T23:00:00.000000000,45.96,45.95178
2021-09-22T00:00:00.000000000,46.2,45.12897
2021-09-22T01:00:00.000000000,46.58,45.23107
2021-09-22T02:00:00.000000000,46.29,45.0141
2021-09-22T03:00:00.000000000,45.7,44.96373
2021-09-22T04:00:00.000000000,45.69,44.94719
2021-09-22T05:00:00.000000000,45.06,44.68794
2021-09-22T06:00:00.000000000,44.8,44.92551
2021-09-22T07:00:00.000000000,46.24,45.14347
2021-09-22T08:00:00.000000000,44.9,45.21148
2021-09-22T09:00:00.000000000,43.97,45.31558
2021-09-22T10:00:00.000000000,43.53,44.75042
2021-09-22T11:00:00.000000000,42.95,44.96901
2021-09-22T12:00:00.000000000,42.45,44.69289
2021-09-22T13:00:00.000000000,41.8,44.17335
2021-09-22T14:00:00.000000000,41.73,44.07352
2021-09-22T15:00:00.000000000,42.3,43.99315
2021-09-22T16:00:00.000000000,42.42,43.93982
2021-09-22T17:00:00.000000000,42.35,43.99409
2021-09-22T18:00:00.000000000,41.64,44.00297
2021-09-22T19:00:00.000000000,40.99,44.13136
2021-09-22T20:00:00.000000000,41.38,43.95812
2021-09-22T21:00:00.000000000,43.71,43.75673
2021-09-22T22:00:00.000000000,44.93,43.70115
2021-09-22T23:00:00.000000000,48.23,43.64828
2021-09-20T00:00:00.000000000,45.93,49.27556
2021-09-20T01:00:00.000000000,45.66,49.36558
2021-09-20T02:00:00.000000000,45.26,49.42282
2021-09-20T03:00:00.000000000,45.01,49.50524
2021-09-20T04:00:00.000000000,43.85,49.59974
2021-09-20T05:00:00.000000000,44.17,49.35198
2021-09-20T06:00:00.000000000,44.99,49.89957
2021-09-20T07:00:00.000000000,45.89,50.28351
2021-09-20T08:00:00.000000000,46.19,50.52363
2021-09-20T09:00:00.000000000,46.08,51.04396
2021-09-20T10:00:00.000000000,47.04,50.61628
2021-09-20T11:00:00.000000000,47.94,51.27119
2021-09-20T12:00:00.000000000,48.37,51.09819
2021-09-20T13:00:00.000000000,48.47,50.58619
2021-09-20T14:00:00.000000000,48.51,50.46154
2021-09-20T15:00:00.000000000,48.77,50.19262
2021-09-20T16:00:00.000000000,48.87,49.91432
2021-09-20T17:00:00.000000000,48.56,49.50354
2021-09-20T18:00:00.000000000,48.01,49.11368
2021-09-20T19:00:00.000000000,48.11,48.82258
2021-09-20T20:00:00.000000000,48.21,48.09843
2021-09-20T21:00:00.000000000,48.23,47.67872
2021-09-20T22:00:00.000000000,48.03,47.22392
2021-09-20T23:00:00.000000000,48.16,47.08135
2021-09-21T00:00:00.000000000,46.87,48.991
2021-09-21T01:00:00.000000000,46.39,49.17484
2021-09-21T02:00:00.000000000,46.39,49.23386
2021-09-21T03:00:00.000000000,45.91,49.27109
2021-09-21T04:00:00.000000000,45.33,49.28029
2021-09-21T05:00:00.000000000,46.44,49.01809
2021-09-21T06:00:00.000000000,45.71,49.39782
2021-09-21T07:00:00.000000000,46.49,49.54049
2021-09-21T08:00:00.000000000,46.86,49.49158
2021-09-21T09:00:00.000000000,46.88,49.62627
2021-09-21T10:00:00.000000000,47.89,48.88578
2021-09-21T11:00:00.000000000,47.28,49.2543
2021-09-21T12:00:00.000000000,46.62,48.98015
2021-09-21T13:00:00.000000000,46.93,48.35706
2021-09-21T14:00:00.000000000,46.45,48.27276
2021-09-21T15:00:00.000000000,46.66,48.21678
2021-09-21T16:00:00.000000000,46.86,48.12341
2021-09-21T17:00:00.000000000,47.11,47.97215
2021-09-21T18:00:00.000000000,47.29,47.7548
2021-09-21T19:00:00.000000000,47.08,47.67114
2021-09-21T20:00:00.000000000,47.52,47.17788
2021-09-21T21:00:00.000000000,47.38,46.8134
2021-09-21T22:00:00.000000000,47.22,46.50802
2021-09-21T23:00:00.000000000,45.96,46.44628
2021-09-22T00:00:00.000000000,46.2,46.44065
2021-09-22T01:00:00.000000000,46.58,46.76994
2021-09-22T02:00:00.000000000,46.29,46.85106
2021-09-22T03:00:00.000000000,45.7,46.99791
2021-09-22T04:00:00.000000000,45.69,47.1432
2021-09-22T05:00:00.000000000,45.06,46.99353
2021-09-22T06:00:00.000000000,44.8,47.31458
2021-09-22T07:00:00.000000000,46.24,47.42575
2021-09-22T08:00:00.000000000,44.9,47.29852
2021-09-22T09:00:00.000000000,43.97,47.22314
2021-09-22T10:00:00.000000000,43.53,46.40601
2021-09-22T11:00:00.000000000,42.95,46.55569
2021-09-22T12:00:00.000000000,42.45,46.17999
2021-09-22T13:00:00.000000000,41.8,45.5008
2021-09-22T14:00:00.000000000,41.73,45.4162
2021-09-22T15:00:00.000000000,42.3,45.39227
2021-09-22T16:00:00.000000000,42.42,45.37057
2021-09-22T17:00:00.000000000,42.35,45.31806
2021-09-22T18:00:00.000000000,41.64,45.15734
2021-09-22T19:00:00.000000000,40.99,45.14164
2021-09-22T20:00:00.000000000,41.38,44.7994
2021-09-22T21:00:00.000000000,43.71,44.46884
2021-09-22T22:00:00.000000000,44.93,44.31278
2021-09-22T23:00:00.000000000,48.23,44.28575
2021-09-23T00:00:00.000000000,49.25,43.18023
2021-09-23T01:00:00.000000000,49.48,43.45068
2021-09-23T02:00:00.000000000,49.33,43.36396
2021-09-23T03:00:00.000000000,48.5,43.50644
2021-09-23T04:00:00.000000000,45.22,43.61004
2021-09-23T05:00:00.000000000,43.41,43.46276
2021-09-23T06:00:00.000000000,41.86,43.56858
2021-09-23T07:00:00.000000000,41.65,43.61007
2021-09-23T08:00:00.000000000,41.19,43.39157
2021-09-23T09:00:00.000000000,41.19,43.14151
2021-09-23T10:00:00.000000000,44.26,42.35772
2021-09-23T11:00:00.000000000,45.83,42.33022
2021-09-23T12:00:00.000000000,45.87,42.05025
2021-09-23T13:00:00.000000000,45.73,41.58613
2021-09-23T14:00:00.000000000,44.89,41.66915
2021-09-23T15:00:00.000000000,43.12,41.88401
2021-09-23T16:00:00.000000000,39.79,42.06764
2021-09-23T17:00:00.000000000,38.91,42.37174
2021-09-23T18:00:00.000000000,38.45,42.43875
2021-09-23T19:00:00.000000000,40.14,42.56945
2021-09-23T20:00:00.000000000,42.67,42.42552
2021-09-23T21:00:00.000000000,44.64,42.09206
2021-09-23T22:00:00.000000000,42.85,41.99565
2021-09-23T23:00:00.000000000,42.81,41.87251
2021-09-21T00:00:00.000000000,46.87,50.49266
2021-09-21T01:00:00.000000000,46.39,50.32596
2021-09-21T02:00:00.000000000,46.39,49.92255
2021-09-21T03:00:00.000000000,45.91,49.44691
2021-09-21T04:00:00.000000000,45.33,48.83045
2021-09-21T05:00:00.000000000,46.44,48.0528
2021-09-21T06:00:00.000000000,45.71,48.11622
2021-09-21T07:00:00.000000000,46.49,48.20954
2021-09-21T08:00:00.000000000,46.86,48.40472
2021-09-21T09:00:00.000000000,46.88,48.96648
2021-09-21T10:00:00.000000000,47.89,48.73796
2021-09-21T11:00:00.000000000,47.28,49.60764
2021-09-21T12:00:00.000000000,46.62,49.81157
2021-09-21T13:00:00.000000000,46.93,49.66131
2021-09-21T14:00:00.000000000,46.45,49.67567
2021-09-21T15:00:00.000000000,46.66,49.59924
2021-09-21T16:00:00.000000000,46.86,49.39361
2021-09-21T17:00:00.000000000,47.11,49.19741
2021-09-21T18:00:00.000000000,47.29,49.04678
2021-09-21T19:00:00.000000000,47.08,49.01109
2021-09-21T20:00:00.000000000,47.52,48.52431
2021-09-21T21:00:00.000000000,47.38,48.29751
2021-09-21T22:00:00.000000000,47.22,48.08879
2021-09-21T23:00:00.000000000,45.96,48.09866
2021-09-22T00:00:00.000000000,46.2,48.62982
2021-09-22T01:00:00.000000000,46.58,48.82186
2021-09-22T02:00:00.000000000,46.29,48.72868
2021-09-22T03:00:00.000000000,45.7,48.52891
2021-09-22T04:00:00.000000000,45.69,48.22843
2021-09-22T05:00:00.000000000,45.06,47.72151
2021-09-22T06:00:00.000000000,44.8,47.82493
2021-09-22T07:00:00.000000000,46.24,47.78879
2021-09-22T08:00:00.000000000,44.9,47.67607
2021-09-22T09:00:00.000000000,43.97,47.77359
2021-09-22T10:00:00.000000000,43.53,47.14781
2021-09-22T11:00:00.000000000,42.95,47.59459
2021-09-22T12:00:00.000000000,42.45,47.50742
2021-09-22T13:00:00.000000000,41.8,47.0501
2021-09-22T14:00:00.000000000,41.73,47.04401
2021-09-22T15:00:00.000000000,42.3,47.06282
2021-09-22T16:00:00.000000000,42.42,46.96654
2021-09-22T17:00:00.000000000,42.35,46.84856
2021-09-22T18:00:00.000000000,41.64,46.66644
2021-09-22T19:00:00.000000000,40.99,46.65722
2021-09-22T20:00:00.000000000,41.38,46.28766
2021-09-22T21:00:00.000000000,43.71,46.04517
2021-09-22T22:00:00.000000000,44.93,45.94693
2021-09-22T23:00:00.000000000,48.23,46.0329
2021-09-23T00:00:00.000000000,49.25,46.62047
2021-09-23T01:00:00.000000000,49.48,46.65521
2021-09-23T02:00:00.000000000,49.33,46.35559
2021-09-23T03:00:00.000000000,48.5,46.12394
2021-09-23T04:00:00.000000000,45.22,45.78389
2021-09-23T05:00:00.000000000,43.41,45.28954
2021-09-23T06:00:00.000000000,41.86,45.20984
2021-09-23T07:00:00.000000000,41.65,45.13383
2021-09-23T08:00:00.000000000,41.19,44.93338
2021-09-23T09:00:00.000000000,41.19,44.85906
2021-09-23T10:00:00.000000000,44.26,44.17861
2021-09-23T11:00:00.000000000,45.83,44.44464
2021-09-23T12:00:00.000000000,45.87,44.39069
2021-09-23T13:00:00.000000000,45.73,44.11856
2021-09-23T14:00:00.000000000,44.89,44.26645
2021-09-23T15:00:00.000000000,43.12,44.55317
2021-09-23T16:00:00.000000000,39.79,44.752
2021-09-23T17:00:00.000000000,38.91,45.0571
2021-09-23T18:00:00.000000000,38.45,45.19427
2021-09-23T19:00:00.000000000,40.14,45.37565
2021-09-23T20:00:00.000000000,42.67,45.17306
2021-09-23T21:00:00.000000000,44.64,44.88552
2021-09-23T22:00:00.000000000,42.85,44.75251
2021-09-23T23:00:00.000000000,42.81,44.66413
2021-09-24T00:00:00.000000000,43.0,45.5972
2021-09-24T01:00:00.000000000,43.65,45.51138
2021-09-24T02:00:00.000000000,43.05,45.12023
2021-09-24T03:00:00.000000000,44.05,44.92909
2021-09-24T04:00:00.000000000,42.89,44.72987
2021-09-24T05:00:00.000000000,41.28,44.33476
2021-09-24T06:00:00.000000000,41.94,44.43107
2021-09-24T07:00:00.000000000,42.47,44.60694
2021-09-24T08:00:00.000000000,43.43,44.67144
2021-09-24T09:00:00.000000000,43.94,44.82113
2021-09-24T10:00:00.000000000,44.63,44.31709
2021-09-24T11:00:00.000000000,44.49,44.61807
2021-09-24T12:00:00.000000000,44.0,44.49347
2021-09-24T13:00:00.000000000,43.04,44.18646
2021-09-24T14:00:00.000000000,42.12,44.20654
2021-09-24T15:00:00.000000000,42.44,44.28568
2021-09-24T16:00:00.000000000,41.99,44.36711
2021-09-24T17:00:00.000000000,41.65,44.60403
2021-09-24T18:00:00.000000000,39.97,44.76302
2021-09-24T19:00:00.000000000,38.22,44.9592
2021-09-24T20:00:00.000000000,37.44,44.79129
2021-09-24T21:00:00.000000000,37.73,44.54544
2021-09-24T22:00:00.000000000,38.73,44.40476
2021-09-24T23:00:00.000000000,41.05,44.25043
2021-09-22T00:00:00.000000000,46.2,46.81461
2021-09-22T01:00:00.000000000,46.58,46.70058
2021-09-22T02:00:00.000000000,46.29,46.26081
2021-09-22T03:00:00.000000000,45.7,45.91655
2021-09-22T04:00:00.000000000,45.69,45.65035
2021-09-22T05:00:00.000000000,45.06,45.26679
2021-09-22T06:00:00.000000000,44.8,45.51111
2021-09-22T07:00:00.000000000,46.24,45.74864
2021-09-22T08:00:00.000000000,44.9,45.90929
2021-09-22T09:00:00.000000000,43.97,46.0858
2021-09-22T10:00:00.000000000,43.53,45.54659
2021-09-22T11:00:00.000000000,42.95,45.7721
2021-09-22T12:00:00.000000000,42.45,45.42872
2021-09-22T13:00:00.000000000,41.8,44.79978
2021-09-22T14:00:00.000000000,41.73,44.57271
2021-09-22T15:00:00.000000000,42.3,44.40466
2021-09-22T16:00:00.000000000,42.42,44.28885
2021-09-22T17:00:00.000000000,42.35,44.39418
2021-09-22T18:00:00.000000000,41.64,44.55169
2021-09-22T19:00:00.000000000,40.99,44.90416
2021-09-22T20:00:00.000000000,41.38,44.91304
2021-09-22T21:00:00.000000000,43.71,44.91252
2021-09-22T22:00:00.000000000,44.93,44.97813
2021-09-22T23:00:00.000000000,48.23,44.99168
2021-09-23T00:00:00.000000000,49.25,45.4965
2021-09-23T01:00:00.000000000,49.48,45.37641
2021-09-23T02:00:00.000000000,49.33,44.90759
2021-09-23T03:00:00.000000000,48.5,44.59453
2021-09-23T04:00:00.000000000,45.22,44.23778
2021-09-23T05:00:00.000000000,43.41,43.8228
2021-09-23T06:00:00.000000000,41.86,43.75681
2021-09-23T07:00:00.000000000,41.65,43.74368
2021-09-23T08:00:00.000000000,41.19,43.59015
2021-09-23T09:00:00.000000000,41.19,43.43025
2021-09-23T10:00:00.000000000,44.26,42.71937
2021-09-23T11:00:00.000000000,45.83,42.77847
2021-09-23T12:00:00.000000000,45.87,42.57267
2021-09-23T13:00:00.000000000,45.73,42.20772
2021-09-23T14:00:00.000000000,44.89,42.29153
2021-09-23T15:00:00.000000000,43.12,42.58555
2021-09-23T16:00:00.000000000,39.79,42.8599
2021-09-23T17:00:00.000000000,38.91,43.38715
2021-09-23T18:00:00.000000000,38.45,43.76636
2021-09-23T19:00:00.000000000,40.14,44.17523
2021-09-23T20:00:00.000000000,42.67,44.21082
2021-09-23T21:00:00.000000000,44.64,44.05903
2021-09-23T22:00:00.000000000,42.85,44.00676
2021-09-23T23:00:00.000000000,42.81,43.85675
2021-09-24T00:00:00.000000000,43.0,45.39831
2021-09-24T01:00:00.000000000,43.65,45.34561
2021-09-24T02:00:00.000000000,43.05,45.00729
2021-09-24T03:00:00.000000000,44.05,44.87718
2021-09-24T04:00:00.000000000,42.89,44.70582
2021-09-24T05:00:00.000000000,41.28,44.38867
2021-09-24T06:00:00.000000000,41.94,44.39357
2021-09-24T07:00:00.000000000,42.47,44.42198
2021-09-24T08:00:00.000000000,43.43,44.24974
2021-09-24T09:00:00.000000000,43.94,44.09637
2021-09-24T10:00:00.000000000,44.63,43.34776
2021-09-24T11:00:00.000000000,44.49,43.42823
2021-09-24T12:00:00.000000000,44.0,43.23133
2021-09-24T13:00:00.000000000,43.04,42.90224
2021-09-24T14:00:00.000000000,42.12,43.03833
2021-09-24T15:00:00.000000000,42.44,43.36425
2021-09-24T16:00:00.000000000,41.99,43.68487
2021-09-24T17:00:00.000000000,41.65,44.18121
2021-09-24T18:00:00.000000000,39.97,44.48387
2021-09-24T19:00:00.000000000,38.22,44.76609
2021-09-24T20:00:00.000000000,37.44,44.65067
2021-09-24T21:00:00.000000000,37.73,44.33119
2021-09-24T22:00:00.000000000,38.73,44.1267
2021-09-24T23:00:00.000000000,41.05,43.88513
2021-09-25T00:00:00.000000000,41.63,45.31672
2021-09-25T01:00:00.000000000,41.39,45.08674
2021-09-25T02:00:00.000000000,41.59,44.60036
2021-09-25T03:00:00.000000000,41.16,44.41821
2021-09-25T04:00:00.000000000,39.96,44.23502
2021-09-25T05:00:00.000000000,39.39,43.89486
2021-09-25T06:00:00.000000000,39.11,43.97317
2021-09-25T07:00:00.000000000,40.01,44.16094
2021-09-25T08:00:00.000000000,39.87,44.19109
2021-09-25T09:00:00.000000000,40.34,44.25911
2021-09-25T10:00:00.000000000,41.03,43.66441
2021-09-25T11:00:00.000000000,41.48,43.85067
2021-09-25T12:00:00.000000000,41.97,43.68514
2021-09-25T13:00:00.000000000,41.94,43.42331
2021-09-25T14:00:00.000000000,42.29,43.50172
2021-09-25T15:00:00.000000000,43.32,43.73186
2021-09-25T16:00:00.000000000,44.44,44.00045
2021-09-25T17:00:00.000000000,44.56,44.49283
2021-09-25T18:00:00.000000000,44.32,44.86004
2021-09-25T19:00:00.000000000,44.21,45.16733
2021-09-25T20:00:00.000000000,43.54,45.05661
2021-09-25T21:00:00.000000000,43.62,44.7501
2021-09-25T22:00:00.000000000,43.56,44.50103
2021-09-25T23:00:00.000000000,44.68,44.19109
2021-09-23T00:00:00.000000000,49.25,44.49997
2021-09-23T01:00:00.000000000,49.48,44.52205
2021-09-23T02:00:00.000000000,49.33,43.88969
2021-09-23T03:00:00.000000000,48.5,43.3283
2021-09-23T04:00:00.000000000,45.22,42.69441
2021-09-23T05:00:00.000000000,43.41,42.16101
2021-09-23T06:00:00.000000000,41.86,42.04018
2021-09-23T07:00:00.000000000,41.65,41.92618
2021-09-23T08:00:00.000000000,41.19,41.82281
2021-09-23T09:00:00.000000000,41.19,41.57686
2021-09-23T10:00:00.000000000,44.26,40.92557
2021-09-23T11:00:00.000000000,45.83,40.79443
2021-09-23T12:00:00.000000000,45.87,40.38985
2021-09-23T13:00:00.000000000,45.73,39.66092
2021-09-23T14:00:00.000000000,44.89,39.45784
2021-09-23T15:00:00.000000000,43.12,39.42626
2021-09-23T16:00:00.000000000,39.79,39.3784
2021-09-23T17:00:00.000000000,38.91,39.75891
2021-09-23T18:00:00.000000000,38.45,40.11243
2021-09-23T19:00:00.000000000,40.14,40.7888
2021-09-23T20:00:00.000000000,42.67,41.23252
2021-09-23T21:00:00.000000000,44.64,41.63669
2021-09-23T22:00:00.000000000,42.85,42.1495
2021-09-23T23:00:00.000000000,42.81,42.42252
2021-09-24T00:00:00.000000000,43.0,43.26442
2021-09-24T01:00:00.000000000,43.65,43.02665
2021-09-24T02:00:00.000000000,43.05,42.44752
2021-09-24T03:00:00.000000000,44.05,42.15927
2021-09-24T04:00:00.000000000,42.89,41.88083
2021-09-24T05:00:00.000000000,41.28,41.58584
2021-09-24T06:00:00.000000000,41.94,41.54084
2021-09-24T07:00:00.000000000,42.47,41.65568
2021-09-24T08:00:00.000000000,43.43,41.63717
2021-09-24T09:00:00.000000000,43.94,41.51334
2021-09-24T10:00:00.000000000,44.63,40.94233
2021-09-24T11:00:00.000000000,44.49,40.89019
2021-09-24T12:00:00.000000000,44.0,40.63146
2021-09-24T13:00:00.000000000,43.04,40.3009
2021-09-24T14:00:00.000000000,42.12,40.37957
2021-09-24T15:00:00.000000000,42.44,40.63934
2021-09-24T16:00:00.000000000,41.99,40.94106
2021-09-24T17:00:00.000000000,41.65,41.601
2021-09-24T18:00:00.000000000,39.97,42.11966
2021-09-24T19:00:00.000000000,38.22,42.60763
2021-09-24T20:00:00.000000000,37.44,42.77156
2021-09-24T21:00:00.000000000,37.73,42.69202
2021-09-24T22:00:00.000000000,38.73,42.64715
2021-09-24T23:00:00.000000000,41.05,42.37728
2021-09-25T00:00:00.000000000,41.63,43.68187
2021-09-25T01:00:00.000000000,41.39,43.52658
2021-09-25T02:00:00.000000000,41.59,43.09462
2021-09-25T03:00:00.000000000,41.16,42.99496
2021-09-25T04:00:00.000000000,39.96,42.86633
2021-09-25T05:00:00.000000000,39.39,42.60072
2021-09-25T06:00:00.000000000,39.11,42.5774
2021-09-25T07:00:00.000000000,40.01,42.69403
2021-09-25T08:00:00.000000000,39.87,42.62454
2021-09-25T09:00:00.000000000,40.34,42.53682
2021-09-25T10:00:00.000000000,41.03,41.9303
2021-09-25T11:00:00.000000000,41.48,42.00088
2021-09-25T12:00:00.000000000,41.97,41.85058
2021-09-25T13:00:00.000000000,41.94,41.66358
2021-09-25T14:00:00.000000000,42.29,41.8541
2021-09-25T15:00:00.000000000,43.32,42.21183
2021-09-25T16:00:00.000000000,44.44,42.59504
2021-09-25T17:00:00.000000000,44.56,43.19956
2021-09-25T18:00:00.000000000,44.32,43.60477
2021-09-25T19:00:00.000000000,44.21,43.89148
2021-09-25T20:00:00.000000000,43.54,43.80787
2021-09-25T21:00:00.000000000,43.62,43.4689
2021-09-25T22:00:00.000000000,43.56,43.2142
2021-09-25T23:00:00.000000000,44.68,42.84744
2021-09-26T00:00:00.000000000,45.46,43.20212
2021-09-26T01:00:00.000000000,45.66,43.22457
2021-09-26T02:00:00.000000000,45.17,42.96565
2021-09-26T03:00:00.000000000,44.55,43.05321
2021-09-26T04:00:00.000000000,44.01,43.14162
2021-09-26T05:00:00.000000000,43.28,42.98325
2021-09-26T06:00:00.000000000,42.28,43.13211
2021-09-26T07:00:00.000000000,43.24,43.35392
2021-09-26T08:00:00.000000000,44.31,43.37141
2021-09-26T09:00:00.000000000,45.29,43.37983
2021-09-26T10:00:00.000000000,46.14,42.80979
2021-09-26T11:00:00.000000000,46.73,42.92999
2021-09-26T12:00:00.000000000,46.41,42.72026
2021-09-26T13:00:00.000000000,46.47,42.41934
2021-09-26T14:00:00.000000000,46.39,42.50135
2021-09-26T15:00:00.000000000,46.52,42.65864
2021-09-26T16:00:00.000000000,47.19,42.86259
2021-09-26T17:00:00.000000000,46.75,43.20239
2021-09-26T18:00:00.000000000,44.84,43.39144
2021-09-26T19:00:00.000000000,43.9,43.51783
2021-09-26T20:00:00.000000000,41.05,43.33036
2021-09-26T21:00:00.000000000,40.22,42.964
2021-09-26T22:00:00.000000000,40.13,42.7276
2021-09-26T23:00:00.000000000,42.0,42.43592
2021-09-24T00:00:00.000000000,43.0,45.48668
2021-09-24T01:00:00.000000000,43.65,45.65852
2021-09-24T02:00:00.000000000,43.05,44.99906
2021-09-24T03:00:00.000000000,44.05,44.07206
2021-09-24T04:00:00.000000000,42.89,43.14534
2021-09-24T05:00:00.000000000,41.28,42.17155
2021-09-24T06:00:00.000000000,41.94,42.29805
2021-09-24T07:00:00.000000000,42.47,42.66059
2021-09-24T08:00:00.000000000,43.43,43.57361
2021-09-24T09:00:00.000000000,43.94,44.64867
2021-09-24T10:00:00.000000000,44.63,45.26927
2021-09-24T11:00:00.000000000,44.49,46.24759
2021-09-24T12:00:00.000000000,44.0,46.22269
2021-09-24T13:00:00.000000000,43.04,45.59084
2021-09-24T14:00:00.000000000,42.12,44.84767
2021-09-24T15:00:00.000000000,42.44,43.638
2021-09-24T16:00:00.000000000,41.99,42.36209
2021-09-24T17:00:00.000000000,41.65,41.20495
2021-09-24T18:00:00.000000000,39.97,40.65255
2021-09-24T19:00:00.000000000,38.22,40.7165
2021-09-24T20:00:00.000000000,37.44,40.88326
2021-09-24T21:00:00.000000000,37.73,41.73895
2021-09-24T22:00:00.000000000,38.73,42.7573
2021-09-24T23:00:00.000000000,41.05,43.67868
2021-09-25T00:00:00.000000000,41.63,45.14682
2021-09-25T01:00:00.000000000,41.39,45.25493
2021-09-25T02:00:00.000000000,41.59,44.75998
2021-09-25T03:00:00.000000000,41.16,44.23903
2021-09-25T04:00:00.000000000,39.96,43.6835
2021-09-25T05:00:00.000000000,39.39,42.95889
2021-09-25T06:00:00.000000000,39.11,43.0194
2021-09-25T07:00:00.000000000,40.01,43.28356
2021-09-25T08:00:00.000000000,39.87,43.79547
2021-09-25T09:00:00.000000000,40.34,44.48158
2021-09-25T10:00:00.000000000,41.03,44.63937
2021-09-25T11:00:00.000000000,41.48,45.4074
2021-09-25T12:00:00.000000000,41.97,45.46189
2021-09-25T13:00:00.000000000,41.94,45.11509
2021-09-25T14:00:00.000000000,42.29,44.80504
2021-09-25T15:00:00.000000000,43.32,44.21145
2021-09-25T16:00:00.000000000,44.44,43.56064
2021-09-25T17:00:00.000000000,44.56,42.99314
2021-09-25T18:00:00.000000000,44.32,42.68923
2021-09-25T19:00:00.000000000,44.21,42.69485
2021-09-25T20:00:00.000000000,43.54,42.58852
2021-09-25T21:00:00.000000000,43.62,42.84029
2021-09-25T22:00:00.000000000,43.56,43.2734
2021-09-25T23:00:00.000000000,44.68,43.68013
2021-09-26T00:00:00.000000000,45.46,44.51222
2021-09-26T01:00:00.000000000,45.66,44.82618
2021-09-26T02:00:00.000000000,45.17,44.68865
2021-09-26T03:00:00.000000000,44.55,44.6348
2021-09-26T04:00:00.000000000,44.01,44.51943
2021-09-26T05:00:00.000000000,43.28,44.09649
2021-09-26T06:00:00.000000000,42.28,44.24356
2021-09-26T07:00:00.000000000,43.24,44.43381
2021-09-26T08:00:00.000000000,44.31,44.63134
2021-09-26T09:00:00.000000000,45.29,44.98444
2021-09-26T10:00:00.000000000,46.14,44.74112
2021-09-26T11:00:00.000000000,46.73,45.28914
2021-09-26T12:00:00.000000000,46.41,45.2564
2021-09-26T13:00:00.000000000,46.47,44.91109
2021-09-26T14:00:00.000000000,46.39,44.80768
2021-09-26T15:00:00.000000000,46.52,44.53769
2021-09-26T16:00:00.000000000,47.19,44.21249
2021-09-26T17:00:00.000000000,46.75,43.84694
2021-09-26T18:00:00.000000000,44.84,43.52455
2021-09-26T19:00:00.000000000,43.9,43.35361
2021-09-26T20:00:00.000000000,41.05,42.99712
2021-09-26T21:00:00.000000000,40.22,42.84105
2021-09-26T22:00:00.000000000,40.13,42.90875
2021-09-26T23:00:00.000000000,42.0,43.06156
2021-09-27T00:00:00.000000000,41.68,42.28055
2021-09-27T01:00:00.000000000,41.71,42.62927
2021-09-27T02:00:00.000000000,42.06,42.53529
2021-09-27T03:00:00.000000000,42.01,42.69554
2021-09-27T04:00:00.000000000,40.99,42.82031
2021-09-27T05:00:00.000000000,39.05,42.58759
2021-09-27T06:00:00.000000000,39.88,42.80097
2021-09-27T07:00:00.000000000,39.52,43.07575
2021-09-27T08:00:00.000000000,40.98,43.27254
2021-09-27T09:00:00.000000000,39.94,43.55482
2021-09-27T10:00:00.000000000,40.93,43.25954
2021-09-27T11:00:00.000000000,41.11,43.66315
2021-09-27T12:00:00.000000000,41.03,43.56655
2021-09-27T13:00:00.000000000,40.46,43.23605
2021-09-27T14:00:00.000000000,40.22,43.1636
2021-09-27T15:00:00.000000000,39.8,42.94766
2021-09-27T16:00:00.000000000,39.63,42.70572
2021-09-27T17:00:00.000000000,37.46,42.4665
2021-09-27T18:00:00.000000000,36.61,42.20297
2021-09-27T19:00:00.000000000,35.31,42.01115
2021-09-27T20:00:00.000000000,34.67,41.66435
2021-09-27T21:00:00.000000000,34.77,41.41083
2021-09-27T22:00:00.000000000,35.17,41.4027
2021-09-27T23:00:00.000000000,36.75,41.43202
2021-09-25T00:00:00.000000000,41.63,41.70122
2021-09-25T01:00:00.000000000,41.39,41.88483
2021-09-25T02:00:00.000000000,41.59,41.48536
2021-09-25T03:00:00.000000000,41.16,41.35091
2021-09-25T04:00:00.000000000,39.96,41.18137
2021-09-25T05:00:00.000000000,39.39,40.73793
2021-09-25T06:00:00.000000000,39.11,40.87234
2021-09-25T07:00:00.000000000,40.01,41.25429
2021-09-25T08:00:00.000000000,39.87,41.75845
2021-09-25T09:00:00.000000000,40.34,42.37465
2021-09-25T10:00:00.000000000,41.03,42.48172
2021-09-25T11:00:00.000000000,41.48,43.10945
2021-09-25T12:00:00.000000000,41.97,43.15989
2021-09-25T13:00:00.000000000,41.94,42.94285
2021-09-25T14:00:00.000000000,42.29,42.74276
2021-09-25T15:00:00.000000000,43.32,42.2734
2021-09-25T16:00:00.000000000,44.44,41.76686
2021-09-25T17:00:00.000000000,44.56,41.37285
2021-09-25T18:00:00.000000000,44.32,41.11419
2021-09-25T19:00:00.000000000,44.21,40.98942
2021-09-25T20:00:00.000000000,43.54,40.78864
2021-09-25T21:00:00.000000000,43.62,40.80105
2021-09-25T22:00:00.000000000,43.56,41.03557
2021-09-25T23:00:00.000000000,44.68,41.21479
2021-09-26T00:00:00.000000000,45.46,43.28035
2021-09-26T01:00:00.000000000,45.66,43.5992
2021-09-26T02:00:00.000000000,45.17,43.48537
2021-09-26T03:00:00.000000000,44.55,43.56743
2021-09-26T04:00:00.000000000,44.01,43.61019
2021-09-26T05:00:00.000000000,43.28,43.31956
2021-09-26T06:00:00.000000000,42.28,43.5182
2021-09-26T07:00:00.000000000,43.24,43.76491
2021-09-26T08:00:00.000000000,44.31,43.95779
2021-09-26T09:00:00.000000000,45.29,44.25287
2021-09-26T10:00:00.000000000,46.14,43.95524
2021-09-26T11:00:00.000000000,46.73,44.39489
2021-09-26T12:00:00.000000000,46.41,44.29945
2021-09-26T13:00:00.000000000,46.47,43.95091
2021-09-26T14:00:00.000000000,46.39,43.86469
2021-09-26T15:00:00.000000000,46.52,43.63923
2021-09-26T16:00:00.000000000,47.19,43.39234
2021-09-26T17:00:00.000000000,46.75,43.13002
2021-09-26T18:00:00.000000000,44.84,42.87124
2021-09-26T19:00:00.000000000,43.9,42.70426
2021-09-26T20:00:00.000000000,41.05,42.35852
2021-09-26T21:00:00.000000000,40.22,42.13351
2021-09-26T22:00:00.000000000,40.13,42.13542
2021-09-26T23:00:00.000000000,42.0,42.19016
2021-09-27T00:00:00.000000000,41.68,42.41623
2021-09-27T01:00:00.000000000,41.71,42.84609
2021-09-27T02:00:00.000000000,42.06,42.85602
2021-09-27T03:00:00.000000000,42.01,43.0984
2021-09-27T04:00:00.000000000,40.99,43.27991
2021-09-27T05:00:00.000000000,39.05,43.08925
2021-09-27T06:00:00.000000000,39.88,43.27559
2021-09-27T07:00:00.000000000,39.52,43.46615
2021-09-27T08:00:00.000000000,40.98,43.52742
2021-09-27T09:00:00.000000000,39.94,43.66897
2021-09-27T10:00:00.000000000,40.93,43.24125
2021-09-27T11:00:00.000000000,41.11,43.57494
2021-09-27T12:00:00.000000000,41.03,43.46008
2021-09-27T13:00:00.000000000,40.46,43.11736
2021-09-27T14:00:00.000000000,40.22,43.11062
2021-09-27T15:00:00.000000000,39.8,43.00293
2021-09-27T16:00:00.000000000,39.63,42.85689
2021-09-27T17:00:00.000000000,37.46,42.67187
2021-09-27T18:00:00.000000000,36.61,42.39886
2021-09-27T19:00:00.000000000,35.31,42.1778
2021-09-27T20:00:00.000000000,34.67,41.7857
2021-09-27T21:00:00.000000000,34.77,41.45219
2021-09-27T22:00:00.000000000,35.17,41.3888
2021-09-27T23:00:00.000000000,36.75,41.39348
2021-09-28T00:00:00.000000000,37.17,40.95825
2021-09-28T01:00:00.000000000,37.5,41.08591
2021-09-28T02:00:00.000000000,37.82,40.78235
2021-09-28T03:00:00.000000000,38.15,40.82992
2021-09-28T04:00:00.000000000,37.45,40.8333
2021-09-28T05:00:00.000000000,37.46,40.58699
2021-09-28T06:00:00.000000000,38.47,40.65077
2021-09-28T07:00:00.000000000,39.25,40.904
2021-09-28T08:00:00.000000000,40.27,41.08098
2021-09-28T09:00:00.000000000,40.08,41.28412
2021-09-28T10:00:00.000000000,41.23,41.04172
2021-09-28T11:00:00.000000000,41.37,41.32639
2021-09-28T12:00:00.000000000,41.57,41.29318
2021-09-28T13:00:00.000000000,41.68,41.12455
2021-09-28T14:00:00.000000000,42.03,41.17487
2021-09-28T15:00:00.000000000,41.95,41.14431
2021-09-28T16:00:00.000000000,42.23,41.09228
2021-09-28T17:00:00.000000000,42.57,41.19388
2021-09-28T18:00:00.000000000,42.05,41.20659
2021-09-28T19:00:00.000000000,41.59,41.19875
2021-09-28T20:00:00.000000000,41.57,41.03288
2021-09-28T21:00:00.000000000,40.63,40.81655
2021-09-28T22:00:00.000000000,40.52,40.78882
2021-09-28T23:00:00.000000000,38.61,40.66621
2021-09-26T00:00:00.000000000,45.46,44.24802
2021-09-26T01:00:00.000000000,45.66,44.46193
2021-09-26T02:00:00.000000000,45.17,44.18543
2021-09-26T03:00:00.000000000,44.55,44.0359
2021-09-26T04:00:00.000000000,44.01,43.79355
2021-09-26T05:00:00.000000000,43.28,43.24238
2021-09-26T06:00:00.000000000,42.28,43.28353
2021-09-26T07:00:00.000000000,43.24,43.50155
2021-09-26T08:00:00.000000000,44.31,43.80317
2021-09-26T09:00:00.000000000,45.29,44.31546
2021-09-26T10:00:00.000000000,46.14,44.28233
2021-09-26T11:00:00.000000000,46.73,45.00304
2021-09-26T12:00:00.000000000,46.41,45.16045
2021-09-26T13:00:00.000000000,46.47,45.03519
2021-09-26T14:00:00.000000000,46.39,45.00257
2021-09-26T15:00:00.000000000,46.52,44.74235
2021-09-26T16:00:00.000000000,47.19,44.39809
2021-09-26T17:00:00.000000000,46.75,44.0244
2021-09-26T18:00:00.000000000,44.84,43.70122
2021-09-26T19:00:00.000000000,43.9,43.49721
2021-09-26T20:00:00.000000000,41.05,43.10184
2021-09-26T21:00:00.000000000,40.22,42.93074
2021-09-26T22:00:00.000000000,40.13,42.98467
2021-09-26T23:00:00.000000000,42.0,43.10787
2021-09-27T00:00:00.000000000,41.68,43.26566
2021-09-27T01:00:00.000000000,41.71,43.61018
2021-09-27T02:00:00.000000000,42.06,43.46732
2021-09-27T03:00:00.000000000,42.01,43.46439
2021-09-27T04:00:00.000000000,40.99,43.34574
2021-09-27T05:00:00.000000000,39.05,42.89532
2021-09-27T06:00:00.000000000,39.88,42.90242
2021-09-27T07:00:00.000000000,39.52,43.02641
2021-09-27T08:00:00.000000000,40.98,43.14333
2021-09-27T09:00:00.000000000,39.94,43.44232
2021-09-27T10:00:00.000000000,40.93,43.23188
2021-09-27T11:00:00.000000000,41.11,43.797
2021-09-27T12:00:00.000000000,41.03,43.91409
2021-09-27T13:00:00.000000000,40.46,43.76685
2021-09-27T14:00:00.000000000,40.22,43.81662
2021-09-27T15:00:00.000000000,39.8,43.69668
2021-09-27T16:00:00.000000000,39.63,43.47322
2021-09-27T17:00:00.000000000,37.46,43.20809
2021-09-27T18:00:00.000000000,36.61,42.89538
2021-09-27T19:00:00.000000000,35.31,42.66843
2021-09-27T20:00:00.000000000,34.67,42.27101
2021-09-27T21:00:00.000000000,34.77,42.01988
2021-09-27T22:00:00.000000000,35.17,42.04318
2021-09-27T23:00:00.000000000,36.75,42.14091
2021-09-28T00:00:00.000000000,37.17,41.96439
2021-09-28T01:00:00.000000000,37.5,42.22312
2021-09-28T02:00:00.000000000,37.82,41.97054
2021-09-28T03:00:00.000000000,38.15,41.89923
2021-09-28T04:00:00.000000000,37.45,41.67999
2021-09-28T05:00:00.000000000,37.46,41.20798
2021-09-28T06:00:00.000000000,38.47,41.05225
2021-09-28T07:00:00.000000000,39.25,41.09576
2021-09-28T08:00:00.000000000,40.27,41.12857
2021-09-28T09:00:00.000000000,40.08,41.30277
2021-09-28T10:00:00.000000000,41.23,41.0987
2021-09-28T11:00:00.000000000,41.37,41.555
2021-09-28T12:00:00.000000000,41.57,41.73426
2021-09-28T13:00:00.000000000,41.68,41.71473
2021-09-28T14:00:00.000000000,42.03,41.88389
2021-09-28T15:00:00.000000000,41.95,41.93729
2021-09-28T16:00:00.000000000,42.23,41.86216
2021-09-28T17:00:00.000000000,42.57,41.84383
2021-09-28T18:00:00.000000000,42.05,41.70114
2021-09-28T19:00:00.000000000,41.59,41.58711
2021-09-28T20:00:00.000000000,41.57,41.32182
2021-09-28T21:00:00.000000000,40.63,41.10009
2021-09-28T22:00:00.000000000,40.52,41.14681
2021-09-28T23:00:00.000000000,38.61,41.17809
2021-09-29T00:00:00.000000000,38.27,39.43979
2021-09-29T01:00:00.000000000,38.68,39.68481
2021-09-29T02:00:00.000000000,39.31,39.42534
2021-09-29T03:00:00.000000000,41.2,39.49841
2021-09-29T04:00:00.000000000,42.67,39.4495
2021-09-29T05:00:00.000000000,43.39,39.16714
2021-09-29T06:00:00.000000000,44.16,39.11163
2021-09-29T07:00:00.000000000,44.17,39.25716
2021-09-29T08:00:00.000000000,44.19,39.35254
2021-09-29T09:00:00.000000000,44.13,39.50066
2021-09-29T10:00:00.000000000,44.18,39.31035
2021-09-29T11:00:00.000000000,43.77,39.59314
2021-09-29T12:00:00.000000000,43.9,39.68752
2021-09-29T13:00:00.000000000,43.82,39.61215
2021-09-29T14:00:00.000000000,43.43,39.73952
2021-09-29T15:00:00.000000000,42.17,39.75952
2021-09-29T16:00:00.000000000,40.94,39.65949
2021-09-29T17:00:00.000000000,40.37,39.74937
2021-09-29T18:00:00.000000000,39.96,39.68091
2021-09-29T19:00:00.000000000,40.04,39.60333
2021-09-29T20:00:00.000000000,39.43,39.45435
2021-09-29T21:00:00.000000000,39.1,39.27399
2021-09-29T22:00:00.000000000,40.8,39.33441
2021-09-29T23:00:00.000000000,40.09,39.29492
2021-09-27T00:00:00.000000000,41.68,40.57922
2021-09-27T01:00:00.000000000,41.71,41.18801
2021-09-27T02:00:00.000000000,42.06,41.18387
2021-09-27T03:00:00.000000000,42.01,41.55398
2021-09-27T04:00:00.000000000,40.99,41.83418
2021-09-27T05:00:00.000000000,39.05,41.62169
2021-09-27T06:00:00.000000000,39.88,41.97711
2021-09-27T07:00:00.000000000,39.52,42.46375
2021-09-27T08:00:00.000000000,40.98,43.02821
2021-09-27T09:00:00.000000000,39.94,43.765
2021-09-27T10:00:00.000000000,40.93,43.86294
2021-09-27T11:00:00.000000000,41.11,44.674
2021-09-27T12:00:00.000000000,41.03,44.73936
2021-09-27T13:00:00.000000000,40.46,44.53692
2021-09-27T14:00:00.000000000,40.22,44.32654
2021-09-27T15:00:00.000000000,39.8,43.74434
2021-09-27T16:00:00.000000000,39.63,43.07404
2021-09-27T17:00:00.000000000,37.46,42.24209
2021-09-27T18:00:00.000000000,36.61,41.53265
2021-09-27T19:00:00.000000000,35.31,40.85749
2021-09-27T20:00:00.000000000,34.67,40.14112
2021-09-27T21:00:00.000000000,34.77,39.838
2021-09-27T22:00:00.000000000,35.17,39.84584
2021-09-27T23:00:00.000000000,36.75,40.01806
2021-09-28T00:00:00.000000000,37.17,40.95439
2021-09-28T01:00:00.000000000,37.5,41.39165
2021-09-28T02:00:00.000000000,37.82,41.18117
2021-09-28T03:00:00.000000000,38.15,41.16157
2021-09-28T04:00:00.000000000,37.45,40.96539
2021-09-28T05:00:00.000000000,37.46,40.42763
2021-09-28T06:00:00.000000000,38.47,40.33267
2021-09-28T07:00:00.000000000,39.25,40.48243
2021-09-28T08:00:00.000000000,40.27,40.73767
2021-09-28T09:00:00.000000000,40.08,41.21781
2021-09-28T10:00:00.000000000,41.23,41.30661
2021-09-28T11:00:00.000000000,41.37,42.03863
2021-09-28T12:00:00.000000000,41.57,42.35597
2021-09-28T13:00:00.000000000,41.68,42.38473
2021-09-28T14:00:00.000000000,42.03,42.43171
2021-09-28T15:00:00.000000000,41.95,42.17357
2021-09-28T16:00:00.000000000,42.23,41.74426
2021-09-28T17:00:00.000000000,42.57,41.29101
2021-09-28T18:00:00.000000000,42.05,40.82904
2021-09-28T19:00:00.000000000,41.59,40.46459
2021-09-28T20:00:00.000000000,41.57,40.06577
2021-09-28T21:00:00.000000000,40.63,39.9161
2021-09-28T22:00:00.000000000,40.52,40.10979
2021-09-28T23:00:00.000000000,38.61,40.34396
2021-09-29T00:00:00.000000000,38.27,39.40913
2021-09-29T01:00:00.000000000,38.68,39.95179
2021-09-29T02:00:00.000000000,39.31,39.86312
2021-09-29T03:00:00.000000000,41.2,40.00122
2021-09-29T04:00:00.000000000,42.67,39.92912
2021-09-29T05:00:00.000000000,43.39,39.52932
2021-09-29T06:00:00.000000000,44.16,39.41756
2021-09-29T07:00:00.000000000,44.17,39.45392
2021-09-29T08:00:00.000000000,44.19,39.49495
2021-09-29T09:00:00.000000000,44.13,39.70235
2021-09-29T10:00:00.000000000,44.18,39.55699
2021-09-29T11:00:00.000000000,43.77,40.03105
2021-09-29T12:00:00.000000000,43.9,40.26905
2021-09-29T13:00:00.000000000,43.82,40.22944
2021-09-29T14:00:00.000000000,43.43,40.34362
2021-09-29T15:00:00.000000000,42.17,40.25857
2021-09-29T16:00:00.000000000,40.94,39.95592
2021-09-29T17:00:00.000000000,40.37,39.7163
2021-09-29T18:00:00.000000000,39.96,39.32862
2021-09-29T19:00:00.000000000,40.04,39.01551
2021-09-29T20:00:00.000000000,39.43,38.7055
2021-09-29T21:00:00.000000000,39.1,38.51292
2021-09-29T22:00:00.000000000,40.8,38.70164
2021-09-29T23:00:00.000000000,40.09,38.91067
2021-09-30T00:00:00.000000000,40.51,36.82826
2021-09-30T01:00:00.000000000,42.5,37.11863
2021-09-30T02:00:00.000000000,42.66,36.85909
2021-09-30T03:00:00.000000000,43.24,37.09267
2021-09-30T04:00:00.000000000,41.96,37.18708
2021-09-30T05:00:00.000000000,42.64,37.0547
2021-09-30T06:00:00.000000000,41.52,37.05304
2021-09-30T07:00:00.000000000,42.52,37.26117
2021-09-30T08:00:00.000000000,42.68,37.44556
2021-09-30T09:00:00.000000000,43.25,37.62159
2021-09-30T10:00:00.000000000,44.11,37.4634
2021-09-30T11:00:00.000000000,44.05,37.67663
2021-09-30T12:00:00.000000000,42.98,37.76301
2021-09-30T13:00:00.000000000,42.33,37.73732
2021-09-30T14:00:00.000000000,41.67,37.86142
2021-09-30T15:00:00.000000000,41.94,37.91752
2021-09-30T16:00:00.000000000,41.33,37.78805
2021-09-30T17:00:00.000000000,41.23,37.94779
2021-09-30T18:00:00.000000000,41.1,37.88662
2021-09-30T19:00:00.000000000,40.53,37.72741
2021-09-30T20:00:00.000000000,40.07,37.57368
2021-09-30T21:00:00.000000000,38.74,37.32525
2021-09-30T22:00:00.000000000,39.9,37.33869
2021-09-30T23:00:00.000000000,39.9,37.21013
2021-09-28T00:00:00.000000000,37.17,37.74118
2021-09-28T01:00:00.000000000,37.5,38.12569
2021-09-28T02:00:00.000000000,37.82,37.75494
2021-09-28T03:00:00.000000000,38.15,37.81799
2021-09-28T04:00:00.000000000,37.45,37.7224
2021-09-28T05:00:00.000000000,37.46,37.32912
2021-09-28T06:00:00.000000000,38.47,37.39469
2021-09-28T07:00:00.000000000,39.25,37.79523
2021-09-28T08:00:00.000000000,40.27,38.40248
2021-09-28T09:00:00.000000000,40.08,39.15259
2021-09-28T10:00:00.000000000,41.23,39.53155
2021-09-28T11:00:00.000000000,41.37,40.28375
2021-09-28T12:00:00.000000000,41.57,40.56996
2021-09-28T13:00:00.000000000,41.68,40.59581
2021-09-28T14:00:00.000000000,42.03,40.44918
2021-09-28T15:00:00.000000000,41.95,39.91202
2021-09-28T16:00:00.000000000,42.23,39.2319
2021-09-28T17:00:00.000000000,42.57,38.67023
2021-09-28T18:00:00.000000000,42.05,38.2253
2021-09-28T19:00:00.000000000,41.59,37.82112
2021-09-28T20:00:00.000000000,41.57,37.53281
2021-09-28T21:00:00.000000000,40.63,37.53492
2021-09-28T22:00:00.000000000,40.52,37.84829
2021-09-28T23:00:00.000000000,38.61,38.09107
2021-09-29T00:00:00.000000000,38.27,37.95542
2021-09-29T01:00:00.000000000,38.68,38.27405
2021-09-29T02:00:00.000000000,39.31,37.88708
2021-09-29T03:00:00.000000000,41.2,37.84416
2021-09-29T04:00:00.000000000,42.67,37.63342
2021-09-29T05:00:00.000000000,43.39,37.1922
2021-09-29T06:00:00.000000000,44.16,37.11543
2021-09-29T07:00:00.000000000,44.17,37.36281
2021-09-29T08:00:00.000000000,44.19,37.77748
2021-09-29T09:00:00.000000000,44.13,38.32159
2021-09-29T10:00:00.000000000,44.18,38.56991
2021-09-29T11:00:00.000000000,43.77,39.17841
2021-09-29T12:00:00.000000000,43.9,39.47938
2021-09-29T13:00:00.000000000,43.82,39.53039
2021-09-29T14:00:00.000000000,43.43,39.51834
2021-09-29T15:00:00.000000000,42.17,39.20848
2021-09-29T16:00:00.000000000,40.94,38.70599
2021-09-29T17:00:00.000000000,40.37,38.39441
2021-09-29T18:00:00.000000000,39.96,38.0807
2021-09-29T19:00:00.000000000,40.04,37.81802
2021-09-29T20:00:00.000000000,39.43,37.64322
2021-09-29T21:00:00.000000000,39.1,37.65561
2021-09-29T22:00:00.000000000,40.8,37.95745
2021-09-29T23:00:00.000000000,40.09,38.1457
2021-09-30T00:00:00.000000000,40.51,36.8068
2021-09-30T01:00:00.000000000,42.5,37.11102
2021-09-30T02:00:00.000000000,42.66,36.85646
2021-09-30T03:00:00.000000000,43.24,37.09107
2021-09-30T04:00:00.000000000,41.96,37.18276
2021-09-30T05:00:00.000000000,42.64,37.04308
2021-09-30T06:00:00.000000000,41.52,37.03807
2021-09-30T07:00:00.000000000,42.52,37.24424
2021-09-30T08:00:00.000000000,42.68,37.43176
2021-09-30T09:00:00.000000000,43.25,37.61695
2021-09-30T10:00:00.000000000,44.11,37.47009
2021-09-30T11:00:00.000000000,44.05,37.6988
2021-09-30T12:00:00.000000000,42.98,37.79587
2021-09-30T13:00:00.000000000,42.33,37.77697
2021-09-30T14:00:00.000000000,41.67,37.90032
2021-09-30T15:00:00.000000000,41.94,37.9477
2021-09-30T16:00:00.000000000,41.33,37.80629
2021-09-30T17:00:00.000000000,41.23,37.94386
2021-09-30T18:00:00.000000000,41.1,37.86497
2021-09-30T19:00:00.000000000,40.53,37.69059
2021-09-30T20:00:00.000000000,40.07,37.52733
2021-09-30T21:00:00.000000000,38.74,37.27909
2021-09-30T22:00:00.000000000,39.9,37.29951
2021-09-30T23:00:00.000000000,39.9,37.18281
2021-10-01T00:00:00.000000000,39.79,35.24537
2021-10-01T01:00:00.000000000,39.59,35.58583
2021-10-01T02:00:00.000000000,40.45,35.32201
2021-10-01T03:00:00.000000000,40.34,35.597
2021-10-01T04:00:00.000000000,39.41,35.66476
2021-10-01T05:00:00.000000000,38.93,35.55449
2021-10-01T06:00:00.000000000,38.37,35.4976
2021-10-01T07:00:00.000000000,39.35,35.66295
2021-10-01T08:00:00.000000000,39.73,35.82522
2021-10-01T09:00:00.000000000,38.62,36.01582
2021-10-01T10:00:00.000000000,38.92,35.82927
2021-10-01T11:00:00.000000000,38.9,36.04775
2021-10-01T12:00:00.000000000,39.43,36.23176
2021-10-01T13:00:00.000000000,39.53,36.26052
2021-10-01T14:00:00.000000000,39.52,36.41263
2021-10-01T15:00:00.000000000,39.83,36.51099
2021-10-01T16:00:00.000000000,39.71,36.30935
2021-10-01T17:00:00.000000000,40.08,36.45421
2021-10-01T18:00:00.000000000,40.35,36.34637
2021-10-01T19:00:00.000000000,40.06,36.05256
2021-10-01T20:00:00.000000000,37.83,35.83805
2021-10-01T21:00:00.000000000,36.29,35.59621
2021-10-01T22:00:00.000000000,35.74,35.60287
2021-10-01T23:00:00.000000000,35.23,35.52188
2021-09-29T00:00:00.000000000,38.27,40.09159
2021-09-29T01:00:00.000000000,38.68,40.1775
2021-09-29T02:00:00.000000000,39.31,39.74627
2021-09-29T03:00:00.000000000,41.2,39.73216
2021-09-29T04:00:00.000000000,42.67,39.70476
2021-09-29T05:00:00.000000000,43.39,39.42503
2021-09-29T06:00:00.000000000,44.16,39.57895
2021-09-29T07:00:00.000000000,44.17,40.01293
2021-09-29T08:00:00.000000000,44.19,40.48519
2021-09-29T09:00:00.000000000,44.13,40.9948
2021-09-29T10:00:00.000000000,44.18,41.04229
2021-09-29T11:00:00.000000000,43.77,41.49104
2021-09-29T12:00:00.000000000,43.9,41.49156
2021-09-29T13:00:00.000000000,43.82,41.32615
2021-09-29T14:00:00.000000000,43.43,41.21272
2021-09-29T15:00:00.000000000,42.17,40.88938
2021-09-29T16:00:00.000000000,40.94,40.56717
2021-09-29T17:00:00.000000000,40.37,40.43762
2021-09-29T18:00:00.000000000,39.96,40.36261
2021-09-29T19:00:00.000000000,40.04,40.30692
2021-09-29T20:00:00.000000000,39.43,40.17045
2021-09-29T21:00:00.000000000,39.1,40.10336
2021-09-29T22:00:00.000000000,40.8,40.2089
2021-09-29T23:00:00.000000000,40.09,40.18161
2021-09-30T00:00:00.000000000,40.51,39.98323
2021-09-30T01:00:00.000000000,42.5,40.22447
2021-09-30T02:00:00.000000000,42.66,39.84635
2021-09-30T03:00:00.000000000,43.24,39.7187
2021-09-30T04:00:00.000000000,41.96,39.44912
2021-09-30T05:00:00.000000000,42.64,38.94786
2021-09-30T06:00:00.000000000,41.52,38.83008
2021-09-30T07:00:00.000000000,42.52,39.00414
2021-09-30T08:00:00.000000000,42.68,39.27597
2021-09-30T09:00:00.000000000,43.25,39.69383
2021-09-30T10:00:00.000000000,44.11,39.77542
2021-09-30T11:00:00.000000000,44.05,40.33194
2021-09-30T12:00:00.000000000,42.98,40.58485
2021-09-30T13:00:00.000000000,42.33,40.59067
2021-09-30T14:00:00.000000000,41.67,40.63346
2021-09-30T15:00:00.000000000,41.94,40.44212
2021-09-30T16:00:00.000000000,41.33,40.09316
2021-09-30T17:00:00.000000000,41.23,39.9092
2021-09-30T18:00:00.000000000,41.1,39.68896
2021-09-30T19:00:00.000000000,40.53,39.54581
2021-09-30T20:00:00.000000000,40.07,39.3801
2021-09-30T21:00:00.000000000,38.74,39.3518
2021-09-30T22:00:00.000000000,39.9,39.58689
2021-09-30T23:00:00.000000000,39.9,39.73694
2021-10-01T00:00:00.000000000,39.79,37.91237
2021-10-01T01:00:00.000000000,39.59,38.21198
2021-10-01T02:00:00.000000000,40.45,37.90565
2021-10-01T03:00:00.000000000,40.34,37.95801
2021-10-01T04:00:00.000000000,39.41,37.84787
2021-10-01T05:00:00.000000000,38.93,37.53565
2021-10-01T06:00:00.000000000,38.37,37.43094
2021-10-01T07:00:00.000000000,39.35,37.56326
2021-10-01T08:00:00.000000000,39.73,37.73194
2021-10-01T09:00:00.000000000,38.62,37.96294
2021-10-01T10:00:00.000000000,38.92,37.89885
2021-10-01T11:00:00.000000000,38.9,38.23127
2021-10-01T12:00:00.000000000,39.43,38.41147
2021-10-01T13:00:00.000000000,39.53,38.4105
2021-10-01T14:00:00.000000000,39.52,38.52875
2021-10-01T15:00:00.000000000,39.83,38.51938
2021-10-01T16:00:00.000000000,39.71,38.30211
2021-10-01T17:00:00.000000000,40.08,38.34221
2021-10-01T18:00:00.000000000,40.35,38.21223
2021-10-01T19:00:00.000000000,40.06,38.0714
2021-10-01T20:00:00.000000000,37.83,37.94354
2021-10-01T21:00:00.000000000,36.29,37.81852
2021-10-01T22:00:00.000000000,35.74,37.96485
2021-10-01T23:00:00.000000000,35.23,37.98491
2021-10-02T00:00:00.000000000,35.9,36.26309
2021-10-02T01:00:00.000000000,36.06,36.33078
2021-10-02T02:00:00.000000000,36.05,35.91938
2021-10-02T03:00:00.000000000,35.74,36.0961
2021-10-02T04:00:00.000000000,36.49,36.14574
2021-10-02T05:00:00.000000000,37.85,36.04838
2021-10-02T06:00:00.000000000,41.28,36.08638
2021-10-02T07:00:00.000000000,39.63,36.41393
2021-10-02T08:00:00.000000000,39.47,36.74463
2021-10-02T09:00:00.000000000,40.6,37.04976
2021-10-02T10:00:00.000000000,40.96,37.05171
2021-10-02T11:00:00.000000000,40.39,37.27855
2021-10-02T12:00:00.000000000,40.3,37.41791
2021-10-02T13:00:00.000000000,40.05,37.4489
2021-10-02T14:00:00.000000000,40.13,37.57226
2021-10-02T15:00:00.000000000,40.29,37.58977
2021-10-02T16:00:00.000000000,40.23,37.43439
2021-10-02T17:00:00.000000000,40.45,37.66213
2021-10-02T18:00:00.000000000,40.1,37.71141
2021-10-02T19:00:00.000000000,39.36,37.60143
2021-10-02T20:00:00.000000000,38.54,37.5109
2021-10-02T21:00:00.000000000,37.3,37.32669
2021-10-02T22:00:00.000000000,36.46,37.30954
2021-10-02T23:00:00.000000000,37.43,37.0584
2021-09-30T00:00:00.000000000,40.51,41.05366
2021-09-30T01:00:00.000000000,42.5,41.86713
2021-09-30T02:00:00.000000000,42.66,42.06433
2021-09-30T03:00:00.000000000,43.24,42.47733
2021-09-30T04:00:00.000000000,41.96,42.83786
2021-09-30T05:00:00.000000000,42.64,42.7854
2021-09-30T06:00:00.000000000,41.52,43.23216
2021-09-30T07:00:00.000000000,42.52,43.50341
2021-09-30T08:00:00.000000000,42.68,43.71393
2021-09-30T09:00:00.000000000,43.25,43.92647
2021-09-30T10:00:00.000000000,44.11,43.45756
2021-09-30T11:00:00.000000000,44.05,43.71319
2021-09-30T12:00:00.000000000,42.98,43.29269
2021-09-30T13:00:00.000000000,42.33,42.48745
2021-09-30T14:00:00.000000000,41.67,42.08046
2021-09-30T15:00:00.000000000,41.94,41.51047
2021-09-30T16:00:00.000000000,41.33,40.90937
2021-09-30T17:00:00.000000000,41.23,40.25107
2021-09-30T18:00:00.000000000,41.1,39.65746
2021-09-30T19:00:00.000000000,40.53,39.31521
2021-09-30T20:00:00.000000000,40.07,38.98158
2021-09-30T21:00:00.000000000,38.74,38.91508
2021-09-30T22:00:00.000000000,39.9,39.22789
2021-09-30T23:00:00.000000000,39.9,39.62997
2021-10-01T00:00:00.000000000,39.79,38.86877
2021-10-01T01:00:00.000000000,39.59,39.35599
2021-10-01T02:00:00.000000000,40.45,39.20174
2021-10-01T03:00:00.000000000,40.34,39.3718
2021-10-01T04:00:00.000000000,39.41,39.42139
2021-10-01T05:00:00.000000000,38.93,39.18738
2021-10-01T06:00:00.000000000,38.37,39.29641
2021-10-01T07:00:00.000000000,39.35,39.49654
2021-10-01T08:00:00.000000000,39.73,39.70752
2021-10-01T09:00:00.000000000,38.62,39.95939
2021-10-01T10:00:00.000000000,38.92,39.77939
2021-10-01T11:00:00.000000000,38.9,40.10275
2021-10-01T12:00:00.000000000,39.43,40.07393
2021-10-01T13:00:00.000000000,39.53,39.78395
2021-10-01T14:00:00.000000000,39.52,39.68406
2021-10-01T15:00:00.000000000,39.83,39.43794
2021-10-01T16:00:00.000000000,39.71,39.04831
2021-10-01T17:00:00.000000000,40.08,38.81064
2021-10-01T18:00:00.000000000,40.35,38.51293
2021-10-01T19:00:00.000000000,40.06,38.31373
2021-10-01T20:00:00.000000000,37.83,38.13869
2021-10-01T21:00:00.000000000,36.29,38.04386
2021-10-01T22:00:00.000000000,35.74,38.28494
2021-10-01T23:00:00.000000000,35.23,38.47877
2021-10-02T00:00:00.000000000,35.9,37.67571
2021-10-02T01:00:00.000000000,36.06,37.93569
2021-10-02T02:00:00.000000000,36.05,37.6219
2021-10-02T03:00:00.000000000,35.74,37.71328
2021-10-02T04:00:00.000000000,36.49,37.66059
2021-10-02T05:00:00.000000000,37.85,37.41086
2021-10-02T06:00:00.000000000,41.28,37.34902
2021-10-02T07:00:00.000000000,39.63,37.51503
2021-10-02T08:00:00.000000000,39.47,37.69189
2021-10-02T09:00:00.000000000,40.6,37.89834
2021-10-02T10:00:00.000000000,40.96,37.79165
2021-10-02T11:00:00.000000000,40.39,38.05981
2021-10-02T12:00:00.000000000,40.3,38.18735
2021-10-02T13:00:00.000000000,40.05,38.15731
2021-10-02T14:00:00.000000000,40.13,38.26814
2021-10-02T15:00:00.000000000,40.29,38.28189
2021-10-02T16:00:00.000000000,40.23,38.10437
2021-10-02T17:00:00.000000000,40.45,38.2184
2021-10-02T18:00:00.000000000,40.1,38.14736
2021-10-02T19:00:00.000000000,39.36,38.041
2021-10-02T20:00:00.000000000,38.54,37.93576
2021-10-02T21:00:00.000000000,37.3,37.78948
2021-10-02T22:00:00.000000000,36.46,37.89292
2021-10-02T23:00:00.000000000,37.43,37.8517
2021-10-03T00:00:00.000000000,37.55,36.1464
2021-10-03T01:00:00.000000000,38.6,36.79951
2021-10-03T02:00:00.000000000,37.92,36.74707
2021-10-03T03:00:00.000000000,38.02,37.03405
2021-10-03T04:00:00.000000000,36.6,37.13116
2021-10-03T05:00:00.000000000,35.26,36.98953
2021-10-03T06:00:00.000000000,33.98,36.96756
2021-10-03T07:00:00.000000000,33.58,37.03911
2021-10-03T08:00:00.000000000,32.72,37.18947
2021-10-03T09:00:00.000000000,31.95,37.35234
2021-10-03T10:00:00.000000000,31.74,37.19384
2021-10-03T11:00:00.000000000,31.77,37.4924
2021-10-03T12:00:00.000000000,32.15,37.57263
2021-10-03T13:00:00.000000000,31.76,37.49908
2021-10-03T14:00:00.000000000,31.85,37.56886
2021-10-03T15:00:00.000000000,31.25,37.56131
2021-10-03T16:00:00.000000000,31.73,37.21811
2021-10-03T17:00:00.000000000,31.13,37.10583
2021-10-03T18:00:00.000000000,31.09,36.74334
2021-10-03T19:00:00.000000000,31.41,36.34801
2021-10-03T20:00:00.000000000,31.41,36.04816
2021-10-03T21:00:00.000000000,30.64,35.78122
2021-10-03T22:00:00.000000000,30.0,35.88113
2021-10-03T23:00:00.000000000,29.74,35.99879
2021-10-01T00:00:00.000000000,39.79,37.94305
2021-10-01T01:00:00.000000000,39.59,38.05871
2021-10-01T02:00:00.000000000,40.45,37.54613
2021-10-01T03:00:00.000000000,40.34,37.54971
2021-10-01T04:00:00.000000000,39.41,37.55643
2021-10-01T05:00:00.000000000,38.93,37.37174
2021-10-01T06:00:00.000000000,38.37,37.62508
2021-10-01T07:00:00.000000000,39.35,38.13051
2021-10-01T08:00:00.000000000,39.73,38.749
2021-10-01T09:00:00.000000000,38.62,39.28453
2021-10-01T10:00:00.000000000,38.92,39.35127
2021-10-01T11:00:00.000000000,38.9,39.6674
2021-10-01T12:00:00.000000000,39.43,39.5175
2021-10-01T13:00:00.000000000,39.53,39.17273
2021-10-01T14:00:00.000000000,39.52,38.8838
2021-10-01T15:00:00.000000000,39.83,38.41005
2021-10-01T16:00:00.000000000,39.71,37.90785
2021-10-01T17:00:00.000000000,40.08,37.76058
2021-10-01T18:00:00.000000000,40.35,37.69643
2021-10-01T19:00:00.000000000,40.06,37.71038
2021-10-01T20:00:00.000000000,37.83,37.74692
2021-10-01T21:00:00.000000000,36.29,37.85164
2021-10-01T22:00:00.000000000,35.74,38.1354
2021-10-01T23:00:00.000000000,35.23,38.20199
2021-10-02T00:00:00.000000000,35.9,37.60625
2021-10-02T01:00:00.000000000,36.06,37.66287
2021-10-02T02:00:00.000000000,36.05,37.14763
2021-10-02T03:00:00.000000000,35.74,37.08843
2021-10-02T04:00:00.000000000,36.49,36.8872
2021-10-02T05:00:00.000000000,37.85,36.58434
2021-10-02T06:00:00.000000000,41.28,36.53921
2021-10-02T07:00:00.000000000,39.63,36.79918
2021-10-02T08:00:00.000000000,39.47,37.16319
2021-10-02T09:00:00.000000000,40.6,37.55529
2021-10-02T10:00:00.000000000,40.96,37.61707
2021-10-02T11:00:00.000000000,40.39,37.97149
2021-10-02T12:00:00.000000000,40.3,38.16519
2021-10-02T13:00:00.000000000,40.05,38.15445
2021-10-02T14:00:00.000000000,40.13,38.21011
2021-10-02T15:00:00.000000000,40.29,38.12638
2021-10-02T16:00:00.000000000,40.23,37.81979
2021-10-02T17:00:00.000000000,40.45,37.91309
2021-10-02T18:00:00.000000000,40.1,37.88479
2021-10-02T19:00:00.000000000,39.36,37.81979
2021-10-02T20:00:00.000000000,38.54,37.76232
2021-10-02T21:00:00.000000000,37.3,37.73444
2021-10-02T22:00:00.000000000,36.46,37.88964
2021-10-02T23:00:00.000000000,37.43,37.82197
2021-10-03T00:00:00.000000000,37.55,36.69384
2021-10-03T01:00:00.000000000,38.6,37.35683
2021-10-03T02:00:00.000000000,37.92,37.30624
2021-10-03T03:00:00.000000000,38.02,37.5608
2021-10-03T04:00:00.000000000,36.6,37.58382
2021-10-03T05:00:00.000000000,35.26,37.35157
2021-10-03T06:00:00.000000000,33.98,37.20673
2021-10-03T07:00:00.000000000,33.58,37.20129
2021-10-03T08:00:00.000000000,32.72,37.27921
2021-10-03T09:00:00.000000000,31.95,37.40768
2021-10-03T10:00:00.000000000,31.74,37.26205
2021-10-03T11:00:00.000000000,31.77,37.62636
2021-10-03T12:00:00.000000000,32.15,37.81673
2021-10-03T13:00:00.000000000,31.76,37.86338
2021-10-03T14:00:00.000000000,31.85,38.03919
2021-10-03T15:00:00.000000000,31.25,38.14016
2021-10-03T16:00:00.000000000,31.73,37.88539
2021-10-03T17:00:00.000000000,31.13,37.79143
2021-10-03T18:00:00.000000000,31.09,37.40425
2021-10-03T19:00:00.000000000,31.41,36.97295
2021-10-03T20:00:00.000000000,31.41,36.60693
2021-10-03T21:00:00.000000000,30.64,36.27358
2021-10-03T22:00:00.000000000,30.0,36.34632
2021-10-03T23:00:00.000000000,29.74,36.44257
2021-10-04T00:00:00.000000000,30.35,35.15212
2021-10-04T01:00:00.000000000,30.93,34.91712
2021-10-04T02:00:00.000000000,31.35,34.33671
2021-10-04T03:00:00.000000000,32.08,34.43506
2021-10-04T04:00:00.000000000,32.99,34.33012
2021-10-04T05:00:00.000000000,35.89,34.21661
2021-10-04T06:00:00.000000000,37.19,34.14651
2021-10-04T07:00:00.000000000,38.78,34.5192
2021-10-04T08:00:00.000000000,38.45,34.89418
2021-10-04T09:00:00.000000000,38.36,35.31408
2021-10-04T10:00:00.000000000,38.62,35.60456
2021-10-04T11:00:00.000000000,38.12,35.94766
2021-10-04T12:00:00.000000000,38.75,36.42592
2021-10-04T13:00:00.000000000,38.17,36.83551
2021-10-04T14:00:00.000000000,37.9,37.18484
2021-10-04T15:00:00.000000000,38.44,37.4181
2021-10-04T16:00:00.000000000,38.06,37.35954
2021-10-04T17:00:00.000000000,37.0,37.76721
2021-10-04T18:00:00.000000000,36.64,37.96121
2021-10-04T19:00:00.000000000,35.55,37.79401
2021-10-04T20:00:00.000000000,36.55,37.67354
2021-10-04T21:00:00.000000000,35.21,37.38896
2021-10-04T22:00:00.000000000,35.12,37.20217
2021-10-04T23:00:00.000000000,35.93,36.72468
2021-10-02T00:00:00.000000000,35.9,34.6069
2021-10-02T01:00:00.000000000,36.06,35.02713
2021-10-02T02:00:00.000000000,36.05,34.89941
2021-10-02T03:00:00.000000000,35.74,35.42005
2021-10-02T04:00:00.000000000,36.49,35.74496
2021-10-02T05:00:00.000000000,37.85,35.77748
2021-10-02T06:00:00.000000000,41.28,35.8013
2021-10-02T07:00:00.000000000,39.63,36.06453
2021-10-02T08:00:00.000000000,39.47,36.29597
2021-10-02T09:00:00.000000000,40.6,36.50693
2021-10-02T10:00:00.000000000,40.96,36.44699
2021-10-02T11:00:00.000000000,40.39,36.72714
2021-10-02T12:00:00.000000000,40.3,36.92885
2021-10-02T13:00:00.000000000,40.05,37.09028
2021-10-02T14:00:00.000000000,40.13,37.3143
2021-10-02T15:00:00.000000000,40.29,37.41366
2021-10-02T16:00:00.000000000,40.23,37.30921
2021-10-02T17:00:00.000000000,40.45,37.3879
2021-10-02T18:00:00.000000000,40.1,37.21066
2021-10-02T19:00:00.000000000,39.36,36.77551
2021-10-02T20:00:00.000000000,38.54,36.41999
2021-10-02T21:00:00.000000000,37.3,35.96339
2021-10-02T22:00:00.000000000,36.46,35.82571
2021-10-02T23:00:00.000000000,37.43,35.57119
2021-10-03T00:00:00.000000000,37.55,35.11408
2021-10-03T01:00:00.000000000,38.6,35.58939
2021-10-03T02:00:00.000000000,37.92,35.34175
2021-10-03T03:00:00.000000000,38.02,35.5403
2021-10-03T04:00:00.000000000,36.6,35.49504
2021-10-03T05:00:00.000000000,35.26,35.28787
2021-10-03T06:00:00.000000000,33.98,35.10771
2021-10-03T07:00:00.000000000,33.58,35.21453
2021-10-03T08:00:00.000000000,32.72,35.43372
2021-10-03T09:00:00.000000000,31.95,35.684
2021-10-03T10:00:00.000000000,31.74,35.64048
2021-10-03T11:00:00.000000000,31.77,35.99283
2021-10-03T12:00:00.000000000,32.15,36.22674
2021-10-03T13:00:00.000000000,31.76,36.29376
2021-10-03T14:00:00.000000000,31.85,36.42566
2021-10-03T15:00:00.000000000,31.25,36.40453
2021-10-03T16:00:00.000000000,31.73,36.06568
2021-10-03T17:00:00.000000000,31.13,36.00884
2021-10-03T18:00:00.000000000,31.09,35.71926
2021-10-03T19:00:00.000000000,31.41,35.30566
2021-10-03T20:00:00.000000000,31.41,35.01339
2021-10-03T21:00:00.000000000,30.64,34.87662
2021-10-03T22:00:00.000000000,30.0,35.01303
2021-10-03T23:00:00.000000000,29.74,35.11833
2021-10-04T00:00:00.000000000,30.35,34.29421
2021-10-04T01:00:00.000000000,30.93,34.13771
2021-10-04T02:00:00.000000000,31.35,33.58891
2021-10-04T03:00:00.000000000,32.08,33.76304
2021-10-04T04:00:00.000000000,32.99,33.71413
2021-10-04T05:00:00.000000000,35.89,33.62103
2021-10-04T06:00:00.000000000,37.19,33.5488
2021-10-04T07:00:00.000000000,38.78,33.91875
2021-10-04T08:00:00.000000000,38.45,34.27443
2021-10-04T09:00:00.000000000,38.36,34.69003
2021-10-04T10:00:00.000000000,38.62,34.92849
2021-10-04T11:00:00.000000000,38.12,35.26215
2021-10-04T12:00:00.000000000,38.75,35.74502
2021-10-04T13:00:00.000000000,38.17,36.16582
2021-10-04T14:00:00.000000000,37.9,36.5071
2021-10-04T15:00:00.000000000,38.44,36.75071
2021-10-04T16:00:00.000000000,38.06,36.68057
2021-10-04T17:00:00.000000000,37.0,37.07511
2021-10-04T18:00:00.000000000,36.64,37.23705
2021-10-04T19:00:00.000000000,35.55,37.00976
2021-10-04T20:00:00.000000000,36.55,36.85897
2021-10-04T21:00:00.000000000,35.21,36.54435
2021-10-04T22:00:00.000000000,35.12,36.35923
2021-10-04T23:00:00.000000000,35.93,35.91762
2021-10-05T00:00:00.000000000,37.14,35.0162
2021-10-05T01:00:00.000000000,36.93,35.14478
2021-10-05T02:00:00.000000000,36.91,34.71185
2021-10-05T03:00:00.000000000,37.18,34.88321
2021-10-05T04:00:00.000000000,35.5,34.80617
2021-10-05T05:00:00.000000000,35.8,34.59922
2021-10-05T06:00:00.000000000,36.45,34.43653
2021-10-05T07:00:00.000000000,37.7,34.66441
2021-10-05T08:00:00.000000000,38.46,34.94262
2021-10-05T09:00:00.000000000,37.67,35.29071
2021-10-05T10:00:00.000000000,38.26,35.35873
2021-10-05T11:00:00.000000000,38.35,35.74304
2021-10-05T12:00:00.000000000,37.79,36.15261
2021-10-05T13:00:00.000000000,37.85,36.43279
2021-10-05T14:00:00.000000000,37.89,36.69555
2021-10-05T15:00:00.000000000,37.62,36.8354
2021-10-05T16:00:00.000000000,37.15,36.6559
2021-10-05T17:00:00.000000000,36.88,36.83634
2021-10-05T18:00:00.000000000,36.39,36.77247
2021-10-05T19:00:00.000000000,35.19,36.45292
2021-10-05T20:00:00.000000000,35.24,36.20156
2021-10-05T21:00:00.000000000,34.01,35.94523
2021-10-05T22:00:00.000000000,34.67,35.91358
2021-10-05T23:00:00.000000000,36.75,35.72614
2021-10-03T00:00:00.000000000,37.55,34.98327
2021-10-03T01:00:00.000000000,38.6,35.58996
2021-10-03T02:00:00.000000000,37.92,35.49492
2021-10-03T03:00:00.000000000,38.02,35.8094
2021-10-03T04:00:00.000000000,36.6,35.97064
2021-10-03T05:00:00.000000000,35.26,35.93918
2021-10-03T06:00:00.000000000,33.98,36.04402
2021-10-03T07:00:00.000000000,33.58,36.2324
2021-10-03T08:00:00.000000000,32.72,36.50324
2021-10-03T09:00:00.000000000,31.95,36.74852
2021-10-03T10:00:00.000000000,31.74,36.62601
2021-10-03T11:00:00.000000000,31.77,36.85311
2021-10-03T12:00:00.000000000,32.15,36.82823
2021-10-03T13:00:00.000000000,31.76,36.62076
2021-10-03T14:00:00.000000000,31.85,36.54955
2021-10-03T15:00:00.000000000,31.25,36.35247
2021-10-03T16:00:00.000000000,31.73,35.86019
2021-10-03T17:00:00.000000000,31.13,35.70617
2021-10-03T18:00:00.000000000,31.09,35.39149
2021-10-03T19:00:00.000000000,31.41,35.03128
2021-10-03T20:00:00.000000000,31.41,34.83685
2021-10-03T21:00:00.000000000,30.64,34.72743
2021-10-03T22:00:00.000000000,30.0,34.9076
2021-10-03T23:00:00.000000000,29.74,35.07467
2021-10-04T00:00:00.000000000,30.35,34.18221
2021-10-04T01:00:00.000000000,30.93,34.23402
2021-10-04T02:00:00.000000000,31.35,33.79386
2021-10-04T03:00:00.000000000,32.08,34.0452
2021-10-04T04:00:00.000000000,32.99,34.05833
2021-10-04T05:00:00.000000000,35.89,33.95243
2021-10-04T06:00:00.000000000,37.19,33.86012
2021-10-04T07:00:00.000000000,38.78,34.18444
2021-10-04T08:00:00.000000000,38.45,34.53514
2021-10-04T09:00:00.000000000,38.36,34.93738
2021-10-04T10:00:00.000000000,38.62,35.11792
2021-10-04T11:00:00.000000000,38.12,35.48928
2021-10-04T12:00:00.000000000,38.75,35.91761
2021-10-04T13:00:00.000000000,38.17,36.26669
2021-10-04T14:00:00.000000000,37.9,36.55202
2021-10-04T15:00:00.000000000,38.44,36.69419
2021-10-04T16:00:00.000000000,38.06,36.54268
2021-10-04T17:00:00.000000000,37.0,36.76854
2021-10-04T18:00:00.000000000,36.64,36.7686
2021-10-04T19:00:00.000000000,35.55,36.43498
2021-10-04T20:00:00.000000000,36.55,36.19746
2021-10-04T21:00:00.000000000,35.21,35.89376
2021-10-04T22:00:00.000000000,35.12,35.78477
2021-10-04T23:00:00.000000000,35.93,35.47075
2021-10-05T00:00:00.000000000,37.14,34.55941
2021-10-05T01:00:00.000000000,36.93,34.84157
2021-10-05T02:00:00.000000000,36.91,34.51586
2021-10-05T03:00:00.000000000,37.18,34.77349
2021-10-05T04:00:00.000000000,35.5,34.78191
2021-10-05T05:00:00.000000000,35.8,34.61825
2021-10-05T06:00:00.000000000,36.45,34.48082
2021-10-05T07:00:00.000000000,37.7,34.71963
2021-10-05T08:00:00.000000000,38.46,35.06899
2021-10-05T09:00:00.000000000,37.67,35.45418
2021-10-05T10:00:00.000000000,38.26,35.60146
2021-10-05T11:00:00.000000000,38.35,36.03484
2021-10-05T12:00:00.000000000,37.79,36.39655
2021-10-05T13:00:00.000000000,37.85,36.64622
2021-10-05T14:00:00.000000000,37.89,36.8563
2021-10-05T15:00:00.000000000,37.62,36.86758
2021-10-05T16:00:00.000000000,37.15,36.59323
2021-10-05T17:00:00.000000000,36.88,36.60525
2021-10-05T18:00:00.000000000,36.39,36.40636
2021-10-05T19:00:00.000000000,35.19,35.97885
2021-10-05T20:00:00.000000000,35.24,35.663
2021-10-05T21:00:00.000000000,34.01,35.41246
2021-10-05T22:00:00.000000000,34.67,35.43069
2021-10-05T23:00:00.000000000,36.75,35.30655
2021-10-06T00:00:00.000000000,37.44,34.46265
2021-10-06T01:00:00.000000000,37.98,34.71297
2021-10-06T02:00:00.000000000,38.83,34.37465
2021-10-06T03:00:00.000000000,40.28,34.64658
2021-10-06T04:00:00.000000000,40.06,34.66783
2021-10-06T05:00:00.000000000,40.79,34.51683
2021-10-06T06:00:00.000000000,41.39,34.38442
2021-10-06T07:00:00.000000000,41.85,34.63414
2021-10-06T08:00:00.000000000,42.36,34.96732
2021-10-06T09:00:00.000000000,43.22,35.34256
2021-10-06T10:00:00.000000000,42.4,35.4712
2021-10-06T11:00:00.000000000,42.63,35.88505
2021-10-06T12:00:00.000000000,42.48,36.25772
2021-10-06T13:00:00.000000000,42.64,36.52491
2021-10-06T14:00:00.000000000,42.85,36.75485
2021-10-06T15:00:00.000000000,43.16,36.80259
2021-10-06T16:00:00.000000000,43.15,36.56418
2021-10-06T17:00:00.000000000,43.37,36.62143
2021-10-06T18:00:00.000000000,43.03,36.45852
2021-10-06T19:00:00.000000000,43.04,36.04352
2021-10-06T20:00:00.000000000,42.28,35.73527
2021-10-06T21:00:00.000000000,42.49,35.46412
2021-10-06T22:00:00.000000000,43.23,35.45132
2021-10-06T23:00:00.000000000,43.36,35.29125
2021-10-04T00:00:00.000000000,30.35,31.45058
2021-10-04T01:00:00.000000000,30.93,31.89408
2021-10-04T02:00:00.000000000,31.35,31.7076
2021-10-04T03:00:00.000000000,32.08,32.21689
2021-10-04T04:00:00.000000000,32.99,32.50027
2021-10-04T05:00:00.000000000,35.89,32.63956
2021-10-04T06:00:00.000000000,37.19,32.61691
2021-10-04T07:00:00.000000000,38.78,32.86939
2021-10-04T08:00:00.000000000,38.45,32.99771
2021-10-04T09:00:00.000000000,38.36,33.18312
2021-10-04T10:00:00.000000000,38.62,33.04567
2021-10-04T11:00:00.000000000,38.12,33.09156
2021-10-04T12:00:00.000000000,38.75,33.25108
2021-10-04T13:00:00.000000000,38.17,33.37319
2021-10-04T14:00:00.000000000,37.9,33.5463
2021-10-04T15:00:00.000000000,38.44,33.67045
2021-10-04T16:00:00.000000000,38.06,33.46329
2021-10-04T17:00:00.000000000,37.0,33.71975
2021-10-04T18:00:00.000000000,36.64,33.67994
2021-10-04T19:00:00.000000000,35.55,33.26951
2021-10-04T20:00:00.000000000,36.55,33.11881
2021-10-04T21:00:00.000000000,35.21,32.90608
2021-10-04T22:00:00.000000000,35.12,32.83315
2021-10-04T23:00:00.000000000,35.93,32.80195
2021-10-05T00:00:00.000000000,37.14,33.11945
2021-10-05T01:00:00.000000000,36.93,33.61912
2021-10-05T02:00:00.000000000,36.91,33.38119
2021-10-05T03:00:00.000000000,37.18,33.68514
2021-10-05T04:00:00.000000000,35.5,33.78492
2021-10-05T05:00:00.000000000,35.8,33.74557
2021-10-05T06:00:00.000000000,36.45,33.62283
2021-10-05T07:00:00.000000000,37.7,33.75725
2021-10-05T08:00:00.000000000,38.46,33.86281
2021-10-05T09:00:00.000000000,37.67,34.00407
2021-10-05T10:00:00.000000000,38.26,33.74117
2021-10-05T11:00:00.000000000,38.35,33.81898
2021-10-05T12:00:00.000000000,37.79,33.9222
2021-10-05T13:00:00.000000000,37.85,33.87952
2021-10-05T14:00:00.000000000,37.89,33.96786
2021-10-05T15:00:00.000000000,37.62,33.99674
2021-10-05T16:00:00.000000000,37.15,33.6936
2021-10-05T17:00:00.000000000,36.88,33.85075
2021-10-05T18:00:00.000000000,36.39,33.72989
2021-10-05T19:00:00.000000000,35.19,33.40099
2021-10-05T20:00:00.000000000,35.24,33.2688
2021-10-05T21:00:00.000000000,34.01,33.20745
2021-10-05T22:00:00.000000000,34.67,33.30612
2021-10-05T23:00:00.000000000,36.75,33.4537
2021-10-06T00:00:00.000000000,37.44,33.53189
2021-10-06T01:00:00.000000000,37.98,33.97555
2021-10-06T02:00:00.000000000,38.83,33.71492
2021-10-06T03:00:00.000000000,40.28,34.0121
2021-10-06T04:00:00.000000000,40.06,34.10008
2021-10-06T05:00:00.000000000,40.79,34.04161
2021-10-06T06:00:00.000000000,41.39,33.92066
2021-10-06T07:00:00.000000000,41.85,34.05834
2021-10-06T08:00:00.000000000,42.36,34.16604
2021-10-06T09:00:00.000000000,43.22,34.30612
2021-10-06T10:00:00.000000000,42.4,34.03826
2021-10-06T11:00:00.000000000,42.63,34.14005
2021-10-06T12:00:00.000000000,42.48,34.27353
2021-10-06T13:00:00.000000000,42.64,34.26161
2021-10-06T14:00:00.000000000,42.85,34.37991
2021-10-06T15:00:00.000000000,43.16,34.45444
2021-10-06T16:00:00.000000000,43.15,34.20253
2021-10-06T17:00:00.000000000,43.37,34.38591
2021-10-06T18:00:00.000000000,43.03,34.28753
2021-10-06T19:00:00.000000000,43.04,33.96954
2021-10-06T20:00:00.000000000,42.28,33.81503
2021-10-06T21:00:00.000000000,42.49,33.70019
2021-10-06T22:00:00.000000000,43.23,33.76158
2021-10-06T23:00:00.000000000,43.36,33.8398
2021-10-07T00:00:00.000000000,43.89,32.79376
2021-10-07T01:00:00.000000000,44.02,32.45402
2021-10-07T02:00:00.000000000,43.69,31.88682
2021-10-07T03:00:00.000000000,44.35,32.23419
2021-10-07T04:00:00.000000000,42.25,32.38782
2021-10-07T05:00:00.000000000,43.12,32.54578
2021-10-07T06:00:00.000000000,43.96,32.61232
2021-10-07T07:00:00.000000000,44.72,33.16425
2021-10-07T08:00:00.000000000,43.88,33.62156
2021-10-07T09:00:00.000000000,43.26,34.06511
2021-10-07T10:00:00.000000000,42.99,34.4458
2021-10-07T11:00:00.000000000,39.16,34.67448
2021-10-07T12:00:00.000000000,39.05,35.14299
2021-10-07T13:00:00.000000000,38.5,35.67289
2021-10-07T14:00:00.000000000,38.56,36.09343
2021-10-07T15:00:00.000000000,38.87,36.42829
2021-10-07T16:00:00.000000000,38.69,36.5085
2021-10-07T17:00:00.000000000,39.09,37.07586
2021-10-07T18:00:00.000000000,39.01,37.41876
2021-10-07T19:00:00.000000000,39.03,37.18334
2021-10-07T20:00:00.000000000,39.01,37.0518
2021-10-07T21:00:00.000000000,38.53,36.60728
2021-10-07T22:00:00.000000000,38.1,36.19943
2021-10-07T23:00:00.000000000,38.34,35.43605
2021-10-05T00:00:00.000000000,37.14,35.26775
2021-10-05T01:00:00.000000000,36.93,35.64768
2021-10-05T02:00:00.000000000,36.91,35.42317
2021-10-05T03:00:00.000000000,37.18,35.83094
2021-10-05T04:00:00.000000000,35.5,36.14859
2021-10-05T05:00:00.000000000,35.8,36.1985
2021-10-05T06:00:00.000000000,36.45,36.42849
2021-10-05T07:00:00.000000000,37.7,36.83541
2021-10-05T08:00:00.000000000,38.46,37.3028
2021-10-05T09:00:00.000000000,37.67,37.66622
2021-10-05T10:00:00.000000000,38.26,37.59693
2021-10-05T11:00:00.000000000,38.35,37.82746
2021-10-05T12:00:00.000000000,37.79,37.72842
2021-10-05T13:00:00.000000000,37.85,37.5496
2021-10-05T14:00:00.000000000,37.89,37.44669
2021-10-05T15:00:00.000000000,37.62,37.20976
2021-10-05T16:00:00.000000000,37.15,36.85026
2021-10-05T17:00:00.000000000,36.88,36.80566
2021-10-05T18:00:00.000000000,36.39,36.64455
2021-10-05T19:00:00.000000000,35.19,36.37637
2021-10-05T20:00:00.000000000,35.24,36.17501
2021-10-05T21:00:00.000000000,34.01,35.94953
2021-10-05T22:00:00.000000000,34.67,35.99338
2021-10-05T23:00:00.000000000,36.75,35.91373
2021-10-06T00:00:00.000000000,37.44,35.57898
2021-10-06T01:00:00.000000000,37.98,35.61875
2021-10-06T02:00:00.000000000,38.83,35.25345
2021-10-06T03:00:00.000000000,40.28,35.55255
2021-10-06T04:00:00.000000000,40.06,35.74169
2021-10-06T05:00:00.000000000,40.79,35.77024
2021-10-06T06:00:00.000000000,41.39,35.86219
2021-10-06T07:00:00.000000000,41.85,36.23839
2021-10-06T08:00:00.000000000,42.36,36.54768
2021-10-06T09:00:00.000000000,43.22,36.79652
2021-10-06T10:00:00.000000000,42.4,36.77381
2021-10-06T11:00:00.000000000,42.63,36.91216
2021-10-06T12:00:00.000000000,42.48,37.01916
2021-10-06T13:00:00.000000000,42.64,37.07745
2021-10-06T14:00:00.000000000,42.85,37.2488
2021-10-06T15:00:00.000000000,43.16,37.33712
2021-10-06T16:00:00.000000000,43.15,37.29061
2021-10-06T17:00:00.000000000,43.37,37.62126
2021-10-06T18:00:00.000000000,43.03,37.74434
2021-10-06T19:00:00.000000000,43.04,37.63144
2021-10-06T20:00:00.000000000,42.28,37.54238
2021-10-06T21:00:00.000000000,42.49,37.27517
2021-10-06T22:00:00.000000000,43.23,37.14478
2021-10-06T23:00:00.000000000,43.36,36.76346
2021-10-07T00:00:00.000000000,43.89,37.01785
2021-10-07T01:00:00.000000000,44.02,37.10613
2021-10-07T02:00:00.000000000,43.69,36.78344
2021-10-07T03:00:00.000000000,44.35,36.97049
2021-10-07T04:00:00.000000000,42.25,37.01148
2021-10-07T05:00:00.000000000,43.12,36.88171
2021-10-07T06:00:00.000000000,43.96,36.77965
2021-10-07T07:00:00.000000000,44.72,36.99543
2021-10-07T08:00:00.000000000,43.88,37.14049
2021-10-07T09:00:00.000000000,43.26,37.28615
2021-10-07T10:00:00.000000000,42.99,37.25288
2021-10-07T11:00:00.000000000,39.16,37.47981
2021-10-07T12:00:00.000000000,39.05,37.70141
2021-10-07T13:00:00.000000000,38.5,37.8881
2021-10-07T14:00:00.000000000,38.56,38.19813
2021-10-07T15:00:00.000000000,38.87,38.40916
2021-10-07T16:00:00.000000000,38.69,38.48911
2021-10-07T17:00:00.000000000,39.09,38.81381
2021-10-07T18:00:00.000000000,39.01,38.90589
2021-10-07T19:00:00.000000000,39.03,38.77539
2021-10-07T20:00:00.000000000,39.01,38.61831
2021-10-07T21:00:00.000000000,38.53,38.31063
2021-10-07T22:00:00.000000000,38.1,38.17407
2021-10-07T23:00:00.000000000,38.34,37.84358
2021-10-08T00:00:00.000000000,38.71,38.08039
2021-10-08T01:00:00.000000000,38.42,38.1453
2021-10-08T02:00:00.000000000,38.22,37.79738
2021-10-08T03:00:00.000000000,37.88,37.89989
2021-10-08T04:00:00.000000000,38.25,37.84485
2021-10-08T05:00:00.000000000,40.3,37.61388
2021-10-08T06:00:00.000000000,40.46,37.42578
2021-10-08T07:00:00.000000000,41.02,37.58648
2021-10-08T08:00:00.000000000,41.73,37.68894
2021-10-08T09:00:00.000000000,42.18,37.82383
2021-10-08T10:00:00.000000000,42.29,37.78338
2021-10-08T11:00:00.000000000,42.56,38.07928
2021-10-08T12:00:00.000000000,42.09,38.35186
2021-10-08T13:00:00.000000000,42.25,38.60144
2021-10-08T14:00:00.000000000,42.25,38.9646
2021-10-08T15:00:00.000000000,42.09,39.23379
2021-10-08T16:00:00.000000000,42.28,39.3737
2021-10-08T17:00:00.000000000,41.76,39.70583
2021-10-08T18:00:00.000000000,41.01,39.79899
2021-10-08T19:00:00.000000000,39.77,39.6759
2021-10-08T20:00:00.000000000,39.35,39.47435
2021-10-08T21:00:00.000000000,38.53,39.14038
2021-10-08T22:00:00.000000000,38.34,38.98256
2021-10-08T23:00:00.000000000,37.94,38.65828
2021-10-06T00:00:00.000000000,37.44,35.90787
2021-10-06T01:00:00.000000000,37.98,36.04525
2021-10-06T02:00:00.000000000,38.83,35.61314
2021-10-06T03:00:00.000000000,40.28,35.8064
2021-10-06T04:00:00.000000000,40.06,35.91021
2021-10-06T05:00:00.000000000,40.79,35.80262
2021-10-06T06:00:00.000000000,41.39,35.96955
2021-10-06T07:00:00.000000000,41.85,36.45103
2021-10-06T08:00:00.000000000,42.36,37.00171
2021-10-06T09:00:00.000000000,43.22,37.53339
2021-10-06T10:00:00.000000000,42.4,37.71573
2021-10-06T11:00:00.000000000,42.63,38.07687
2021-10-06T12:00:00.000000000,42.48,38.1761
2021-10-06T13:00:00.000000000,42.64,38.14743
2021-10-06T14:00:00.000000000,42.85,38.07903
2021-10-06T15:00:00.000000000,43.16,37.79825
2021-10-06T16:00:00.000000000,43.15,37.41577
2021-10-06T17:00:00.000000000,43.37,37.36874
2021-10-06T18:00:00.000000000,43.03,37.30134
2021-10-06T19:00:00.000000000,43.04,37.12726
2021-10-06T20:00:00.000000000,42.28,37.04473
2021-10-06T21:00:00.000000000,42.49,36.97134
2021-10-06T22:00:00.000000000,43.23,37.07703
2021-10-06T23:00:00.000000000,43.36,36.96715
2021-10-07T00:00:00.000000000,43.89,38.57386
2021-10-07T01:00:00.000000000,44.02,38.69925
2021-10-07T02:00:00.000000000,43.69,38.25763
2021-10-07T03:00:00.000000000,44.35,38.1972
2021-10-07T04:00:00.000000000,42.25,37.98354
2021-10-07T05:00:00.000000000,43.12,37.57446
2021-10-07T06:00:00.000000000,43.96,37.42953
2021-10-07T07:00:00.000000000,44.72,37.66295
2021-10-07T08:00:00.000000000,43.88,37.98582
2021-10-07T09:00:00.000000000,43.26,38.41183
2021-10-07T10:00:00.000000000,42.99,38.59286
2021-10-07T11:00:00.000000000,39.16,39.12075
2021-10-07T12:00:00.000000000,39.05,39.44112
2021-10-07T13:00:00.000000000,38.5,39.615
2021-10-07T14:00:00.000000000,38.56,39.76261
2021-10-07T15:00:00.000000000,38.87,39.68397
2021-10-07T16:00:00.000000000,38.69,39.46222
2021-10-07T17:00:00.000000000,39.09,39.4331
2021-10-07T18:00:00.000000000,39.01,39.33247
2021-10-07T19:00:00.000000000,39.03,39.16838
2021-10-07T20:00:00.000000000,39.01,38.99664
2021-10-07T21:00:00.000000000,38.53,38.88472
2021-10-07T22:00:00.000000000,38.1,38.98997
2021-10-07T23:00:00.000000000,38.34,38.94701
2021-10-08T00:00:00.000000000,38.71,39.31681
2021-10-08T01:00:00.000000000,38.42,39.508
2021-10-08T02:00:00.000000000,38.22,39.13326
2021-10-08T03:00:00.000000000,37.88,39.02614
2021-10-08T04:00:00.000000000,38.25,38.71853
2021-10-08T05:00:00.000000000,40.3,38.22599
2021-10-08T06:00:00.000000000,40.46,37.93909
2021-10-08T07:00:00.000000000,41.02,38.00116
2021-10-08T08:00:00.000000000,41.73,38.12824
2021-10-08T09:00:00.000000000,42.18,38.39733
2021-10-08T10:00:00.000000000,42.29,38.46728
2021-10-08T11:00:00.000000000,42.56,38.97672
2021-10-08T12:00:00.000000000,42.09,39.35822
2021-10-08T13:00:00.000000000,42.25,39.58146
2021-10-08T14:00:00.000000000,42.25,39.84916
2021-10-08T15:00:00.000000000,42.09,39.93189
2021-10-08T16:00:00.000000000,42.28,39.81893
2021-10-08T17:00:00.000000000,41.76,39.85669
2021-10-08T18:00:00.000000000,41.01,39.74324
2021-10-08T19:00:00.000000000,39.77,39.58063
2021-10-08T20:00:00.000000000,39.35,39.3791
2021-10-08T21:00:00.000000000,38.53,39.22445
2021-10-08T22:00:00.000000000,38.34,39.32141
2021-10-08T23:00:00.000000000,37.94,39.31033
2021-10-09T00:00:00.000000000,37.64,39.88236
2021-10-09T01:00:00.000000000,37.97,40.0037
2021-10-09T02:00:00.000000000,38.12,39.58348
2021-10-09T03:00:00.000000000,37.69,39.42058
2021-10-09T04:00:00.000000000,37.18,39.07671
2021-10-09T05:00:00.000000000,38.16,38.5681
2021-10-09T06:00:00.000000000,39.29,38.27931
2021-10-09T07:00:00.000000000,40.0,38.34309
2021-10-09T08:00:00.000000000,40.71,38.46514
2021-10-09T09:00:00.000000000,41.19,38.71536
2021-10-09T10:00:00.000000000,41.48,38.74759
2021-10-09T11:00:00.000000000,40.51,39.2282
2021-10-09T12:00:00.000000000,40.56,39.57221
2021-10-09T13:00:00.000000000,40.69,39.77043
2021-10-09T14:00:00.000000000,39.79,40.03355
2021-10-09T15:00:00.000000000,39.61,40.14463
2021-10-09T16:00:00.000000000,39.79,40.07687
2021-10-09T17:00:00.000000000,39.1,40.18345
2021-10-09T18:00:00.000000000,38.49,40.13806
2021-10-09T19:00:00.000000000,37.81,40.04781
2021-10-09T20:00:00.000000000,37.03,39.88155
2021-10-09T21:00:00.000000000,36.65,39.73979
2021-10-09T22:00:00.000000000,36.93,39.82027
2021-10-09T23:00:00.000000000,36.6,39.78034
2021-10-07T00:00:00.000000000,43.89,44.34511
2021-10-07T01:00:00.000000000,44.02,44.37795
2021-10-07T02:00:00.000000000,43.69,44.036
2021-10-07T03:00:00.000000000,44.35,43.94093
2021-10-07T04:00:00.000000000,42.25,43.79333
2021-10-07T05:00:00.000000000,43.12,43.36612
2021-10-07T06:00:00.000000000,43.96,43.43309
2021-10-07T07:00:00.000000000,44.72,43.6725
2021-10-07T08:00:00.000000000,43.88,43.87948
2021-10-07T09:00:00.000000000,43.26,44.23432
2021-10-07T10:00:00.000000000,42.99,44.00125
2021-10-07T11:00:00.000000000,39.16,44.52202
2021-10-07T12:00:00.000000000,39.05,44.57344
2021-10-07T13:00:00.000000000,38.5,44.45265
2021-10-07T14:00:00.000000000,38.56,44.50596
2021-10-07T15:00:00.000000000,38.87,44.46456
2021-10-07T16:00:00.000000000,38.69,44.4073
2021-10-07T17:00:00.000000000,39.09,44.39726
2021-10-07T18:00:00.000000000,39.01,44.34935
2021-10-07T19:00:00.000000000,39.03,44.30748
2021-10-07T20:00:00.000000000,39.01,43.97313
2021-10-07T21:00:00.000000000,38.53,43.67652
2021-10-07T22:00:00.000000000,38.1,43.53601
2021-10-07T23:00:00.000000000,38.34,43.41703
2021-10-08T00:00:00.000000000,38.71,44.7801
2021-10-08T01:00:00.000000000,38.42,44.80495
2021-10-08T02:00:00.000000000,38.22,44.42697
2021-10-08T03:00:00.000000000,37.88,44.20668
2021-10-08T04:00:00.000000000,38.25,43.90593
2021-10-08T05:00:00.000000000,40.3,43.40145
2021-10-08T06:00:00.000000000,40.46,43.35959
2021-10-08T07:00:00.000000000,41.02,43.46364
2021-10-08T08:00:00.000000000,41.73,43.5417
2021-10-08T09:00:00.000000000,42.18,43.75395
2021-10-08T10:00:00.000000000,42.29,43.41995
2021-10-08T11:00:00.000000000,42.56,43.85692
2021-10-08T12:00:00.000000000,42.09,43.89684
2021-10-08T13:00:00.000000000,42.25,43.74008
2021-10-08T14:00:00.000000000,42.25,43.8172
2021-10-08T15:00:00.000000000,42.09,43.8722
2021-10-08T16:00:00.000000000,42.28,43.87153
2021-10-08T17:00:00.000000000,41.76,43.96832
2021-10-08T18:00:00.000000000,41.01,43.99971
2021-10-08T19:00:00.000000000,39.77,44.07139
2021-10-08T20:00:00.000000000,39.35,43.85298
2021-10-08T21:00:00.000000000,38.53,43.64017
2021-10-08T22:00:00.000000000,38.34,43.59115
2021-10-08T23:00:00.000000000,37.94,43.53775
2021-10-09T00:00:00.000000000,37.64,44.59634
2021-10-09T01:00:00.000000000,37.97,44.53601
2021-10-09T02:00:00.000000000,38.12,44.08266
2021-10-09T03:00:00.000000000,37.69,43.81257
2021-10-09T04:00:00.000000000,37.18,43.51122
2021-10-09T05:00:00.000000000,38.16,43.051
2021-10-09T06:00:00.000000000,39.29,43.05162
2021-10-09T07:00:00.000000000,40.0,43.20063
2021-10-09T08:00:00.000000000,40.71,43.309
2021-10-09T09:00:00.000000000,41.19,43.49066
2021-10-09T10:00:00.000000000,41.48,43.12031
2021-10-09T11:00:00.000000000,40.51,43.45167
2021-10-09T12:00:00.000000000,40.56,43.38749
2021-10-09T13:00:00.000000000,40.69,43.13874
2021-10-09T14:00:00.000000000,39.79,43.15527
2021-10-09T15:00:00.000000000,39.61,43.18691
2021-10-09T16:00:00.000000000,39.79,43.20058
2021-10-09T17:00:00.000000000,39.1,43.39217
2021-10-09T18:00:00.000000000,38.49,43.53632
2021-10-09T19:00:00.000000000,37.81,43.73568
2021-10-09T20:00:00.000000000,37.03,43.6406
2021-10-09T21:00:00.000000000,36.65,43.50478
2021-10-09T22:00:00.000000000,36.93,43.49755
2021-10-09T23:00:00.000000000,36.6,43.42432
2021-10-10T00:00:00.000000000,36.25,43.83522
2021-10-10T01:00:00.000000000,35.91,43.56242
2021-10-10T02:00:00.000000000,36.03,42.95753
2021-10-10T03:00:00.000000000,36.16,42.68099
2021-10-10T04:00:00.000000000,36.16,42.46224
2021-10-10T05:00:00.000000000,36.44,42.13454
2021-10-10T06:00:00.000000000,36.99,42.25403
2021-10-10T07:00:00.000000000,37.82,42.56094
2021-10-10T08:00:00.000000000,37.86,42.78832
2021-10-10T09:00:00.000000000,37.58,42.98243
2021-10-10T10:00:00.000000000,37.87,42.5904
2021-10-10T11:00:00.000000000,38.6,42.76089
2021-10-10T12:00:00.000000000,38.53,42.53578
2021-10-10T13:00:00.000000000,38.64,42.20444
2021-10-10T14:00:00.000000000,38.38,42.14265
2021-10-10T15:00:00.000000000,37.46,42.15711
2021-10-10T16:00:00.000000000,36.48,42.25
2021-10-10T17:00:00.000000000,35.23,42.65088
2021-10-10T18:00:00.000000000,34.96,43.03426
2021-10-10T19:00:00.000000000,35.49,43.41697
2021-10-10T20:00:00.000000000,36.45,43.48124
2021-10-10T21:00:00.000000000,36.52,43.39311
2021-10-10T22:00:00.000000000,36.9,43.34335
2021-10-10T23:00:00.000000000,39.26,43.11948
2021-10-08T00:00:00.000000000,38.71,37.58301
2021-10-08T01:00:00.000000000,38.42,37.66902
2021-10-08T02:00:00.000000000,38.22,37.45097
2021-10-08T03:00:00.000000000,37.88,37.97293
2021-10-08T04:00:00.000000000,38.25,38.61091
2021-10-08T05:00:00.000000000,40.3,39.00542
2021-10-08T06:00:00.000000000,40.46,39.58529
2021-10-08T07:00:00.000000000,41.02,40.19391
2021-10-08T08:00:00.000000000,41.73,40.54158
2021-10-08T09:00:00.000000000,42.18,40.60529
2021-10-08T10:00:00.000000000,42.29,40.09787
2021-10-08T11:00:00.000000000,42.56,39.82302
2021-10-08T12:00:00.000000000,42.09,39.20934
2021-10-08T13:00:00.000000000,42.25,38.56252
2021-10-08T14:00:00.000000000,42.25,38.33504
2021-10-08T15:00:00.000000000,42.09,38.15709
2021-10-08T16:00:00.000000000,42.28,38.1347
2021-10-08T17:00:00.000000000,41.76,38.48006
2021-10-08T18:00:00.000000000,41.01,38.73519
2021-10-08T19:00:00.000000000,39.77,38.88793
2021-10-08T20:00:00.000000000,39.35,38.93855
2021-10-08T21:00:00.000000000,38.53,38.71841
2021-10-08T22:00:00.000000000,38.34,38.57448
2021-10-08T23:00:00.000000000,37.94,38.18702
2021-10-09T00:00:00.000000000,37.64,38.82732
2021-10-09T01:00:00.000000000,37.97,38.70153
2021-10-09T02:00:00.000000000,38.12,38.23496
2021-10-09T03:00:00.000000000,37.69,38.37946
2021-10-09T04:00:00.000000000,37.18,38.64518
2021-10-09T05:00:00.000000000,38.16,38.78553
2021-10-09T06:00:00.000000000,39.29,39.19936
2021-10-09T07:00:00.000000000,40.0,39.73589
2021-10-09T08:00:00.000000000,40.71,40.10676
2021-10-09T09:00:00.000000000,41.19,40.23285
2021-10-09T10:00:00.000000000,41.48,39.84604
2021-10-09T11:00:00.000000000,40.51,39.64048
2021-10-09T12:00:00.000000000,40.56,39.12531
2021-10-09T13:00:00.000000000,40.69,38.53191
2021-10-09T14:00:00.000000000,39.79,38.30648
2021-10-09T15:00:00.000000000,39.61,38.12639
2021-10-09T16:00:00.000000000,39.79,38.08489
2021-10-09T17:00:00.000000000,39.1,38.51188
2021-10-09T18:00:00.000000000,38.49,38.9003
2021-10-09T19:00:00.000000000,37.81,39.26552
2021-10-09T20:00:00.000000000,37.03,39.50738
2021-10-09T21:00:00.000000000,36.65,39.50938
2021-10-09T22:00:00.000000000,36.93,39.52212
2021-10-09T23:00:00.000000000,36.6,39.21745
2021-10-10T00:00:00.000000000,36.25,39.30907
2021-10-10T01:00:00.000000000,35.91,38.95994
2021-10-10T02:00:00.000000000,36.03,38.36422
2021-10-10T03:00:00.000000000,36.16,38.40978
2021-10-10T04:00:00.000000000,36.16,38.61402
2021-10-10T05:00:00.000000000,36.44,38.76466
2021-10-10T06:00:00.000000000,36.99,39.12742
2021-10-10T07:00:00.000000000,37.82,39.67481
2021-10-10T08:00:00.000000000,37.86,40.02491
2021-10-10T09:00:00.000000000,37.58,40.08328
2021-10-10T10:00:00.000000000,37.87,39.66484
2021-10-10T11:00:00.000000000,38.6,39.37726
2021-10-10T12:00:00.000000000,38.53,38.83976
2021-10-10T13:00:00.000000000,38.64,38.31437
2021-10-10T14:00:00.000000000,38.38,38.17532
2021-10-10T15:00:00.000000000,37.46,38.15302
2021-10-10T16:00:00.000000000,36.48,38.32506
2021-10-10T17:00:00.000000000,35.23,39.01049
2021-10-10T18:00:00.000000000,34.96,39.63716
2021-10-10T19:00:00.000000000,35.49,40.15076
2021-10-10T20:00:00.000000000,36.45,40.46476
2021-10-10T21:00:00.000000000,36.52,40.43753
2021-10-10T22:00:00.000000000,36.9,40.33054
2021-10-10T23:00:00.000000000,39.26,39.84003
2021-10-11T00:00:00.000000000,39.5,40.43813
2021-10-11T01:00:00.000000000,39.96,39.59541
2021-10-11T02:00:00.000000000,39.72,38.60839
2021-10-11T03:00:00.000000000,43.09,38.35429
2021-10-11T04:00:00.000000000,43.37,38.32388
2021-10-11T05:00:00.000000000,44.49,38.33563
2021-10-11T06:00:00.000000000,45.78,38.60617
2021-10-11T07:00:00.000000000,45.91,39.27919
2021-10-11T08:00:00.000000000,47.86,39.8202
2021-10-11T09:00:00.000000000,48.03,40.07207
2021-10-11T10:00:00.000000000,49.82,39.81177
2021-10-11T11:00:00.000000000,50.4,39.62809
2021-10-11T12:00:00.000000000,50.19,39.17054
2021-10-11T13:00:00.000000000,49.64,38.88139
2021-10-11T14:00:00.000000000,48.87,38.811
2021-10-11T15:00:00.000000000,48.69,38.90973
2021-10-11T16:00:00.000000000,48.06,39.29413
2021-10-11T17:00:00.000000000,47.63,40.29692
2021-10-11T18:00:00.000000000,47.32,41.29049
2021-10-11T19:00:00.000000000,46.29,42.0187
2021-10-11T20:00:00.000000000,45.72,42.40591
2021-10-11T21:00:00.000000000,43.8,42.37719
2021-10-11T22:00:00.000000000,43.23,42.1135
2021-10-11T23:00:00.000000000,42.98,41.36995
2021-10-09T00:00:00.000000000,37.64,38.55602
2021-10-09T01:00:00.000000000,37.97,39.13484
2021-10-09T02:00:00.000000000,38.12,39.11968
2021-10-09T03:00:00.000000000,37.69,39.65385
2021-10-09T04:00:00.000000000,37.18,40.19411
2021-10-09T05:00:00.000000000,38.16,40.30655
2021-10-09T06:00:00.000000000,39.29,40.9112
2021-10-09T07:00:00.000000000,40.0,41.53506
2021-10-09T08:00:00.000000000,40.71,42.13694
2021-10-09T09:00:00.000000000,41.19,42.71726
2021-10-09T10:00:00.000000000,41.48,42.57174
2021-10-09T11:00:00.000000000,40.51,42.97527
2021-10-09T12:00:00.000000000,40.56,42.63165
2021-10-09T13:00:00.000000000,40.69,42.07823
2021-10-09T14:00:00.000000000,39.79,41.64671
2021-10-09T15:00:00.000000000,39.61,40.98619
2021-10-09T16:00:00.000000000,39.79,40.3445
2021-10-09T17:00:00.000000000,39.1,39.72873
2021-10-09T18:00:00.000000000,38.49,39.26691
2021-10-09T19:00:00.000000000,37.81,38.80931
2021-10-09T20:00:00.000000000,37.03,38.37187
2021-10-09T21:00:00.000000000,36.65,38.17906
2021-10-09T22:00:00.000000000,36.93,38.25976
2021-10-09T23:00:00.000000000,36.6,38.3833
2021-10-10T00:00:00.000000000,36.25,39.09335
2021-10-10T01:00:00.000000000,35.91,39.38851
2021-10-10T02:00:00.000000000,36.03,39.14658
2021-10-10T03:00:00.000000000,36.16,39.35869
2021-10-10T04:00:00.000000000,36.16,39.59203
2021-10-10T05:00:00.000000000,36.44,39.55002
2021-10-10T06:00:00.000000000,36.99,39.94327
2021-10-10T07:00:00.000000000,37.82,40.39853
2021-10-10T08:00:00.000000000,37.86,40.79835
2021-10-10T09:00:00.000000000,37.58,41.13219
2021-10-10T10:00:00.000000000,37.87,40.88766
2021-10-10T11:00:00.000000000,38.6,41.0405
2021-10-10T12:00:00.000000000,38.53,40.71243
2021-10-10T13:00:00.000000000,38.64,40.14949
2021-10-10T14:00:00.000000000,38.38,39.82878
2021-10-10T15:00:00.000000000,37.46,39.38614
2021-10-10T16:00:00.000000000,36.48,38.96544
2021-10-10T17:00:00.000000000,35.23,38.79972
2021-10-10T18:00:00.000000000,34.96,38.68537
2021-10-10T19:00:00.000000000,35.49,38.67637
2021-10-10T20:00:00.000000000,36.45,38.65833
2021-10-10T21:00:00.000000000,36.52,38.67041
2021-10-10T22:00:00.000000000,36.9,38.88951
2021-10-10T23:00:00.000000000,39.26,38.97645
2021-10-11T00:00:00.000000000,39.5,39.35128
2021-10-11T01:00:00.000000000,39.96,39.14279
2021-10-11T02:00:00.000000000,39.72,38.60999
2021-10-11T03:00:00.000000000,43.09,38.64394
2021-10-11T04:00:00.000000000,43.37,38.76506
2021-10-11T05:00:00.000000000,44.49,38.77703
2021-10-11T06:00:00.000000000,45.78,39.03358
2021-10-11T07:00:00.000000000,45.91,39.50941
2021-10-11T08:00:00.000000000,47.86,39.85282
2021-10-11T09:00:00.000000000,48.03,40.01523
2021-10-11T10:00:00.000000000,49.82,39.73119
2021-10-11T11:00:00.000000000,50.4,39.66642
2021-10-11T12:00:00.000000000,50.19,39.33083
2021-10-11T13:00:00.000000000,49.64,38.96816
2021-10-11T14:00:00.000000000,48.87,38.88426
2021-10-11T15:00:00.000000000,48.69,38.82789
2021-10-11T16:00:00.000000000,48.06,38.89588
2021-10-11T17:00:00.000000000,47.63,39.36613
2021-10-11T18:00:00.000000000,47.32,39.79594
2021-10-11T19:00:00.000000000,46.29,40.12047
2021-10-11T20:00:00.000000000,45.72,40.28904
2021-10-11T21:00:00.000000000,43.8,40.22193
2021-10-11T22:00:00.000000000,43.23,40.16364
2021-10-11T23:00:00.000000000,42.98,39.80024
2021-10-12T00:00:00.000000000,43.89,40.49825
2021-10-12T01:00:00.000000000,43.93,39.85177
2021-10-12T02:00:00.000000000,44.15,38.9986
2021-10-12T03:00:00.000000000,44.57,38.77249
2021-10-12T04:00:00.000000000,45.29,38.70074
2021-10-12T05:00:00.000000000,46.64,38.6408
2021-10-12T06:00:00.000000000,47.19,38.81596
2021-10-12T07:00:00.000000000,46.91,39.35729
2021-10-12T08:00:00.000000000,47.28,39.78374
2021-10-12T09:00:00.000000000,46.43,39.98243
2021-10-12T10:00:00.000000000,46.71,39.72793
2021-10-12T11:00:00.000000000,47.35,39.62413
2021-10-12T12:00:00.000000000,46.16,39.27839
2021-10-12T13:00:00.000000000,46.43,39.0382
2021-10-12T14:00:00.000000000,46.66,39.0303
2021-10-12T15:00:00.000000000,46.84,39.14837
2021-10-12T16:00:00.000000000,46.2,39.46699
2021-10-12T17:00:00.000000000,46.4,40.32171
2021-10-12T18:00:00.000000000,46.46,41.12888
2021-10-12T19:00:00.000000000,46.43,41.7213
2021-10-12T20:00:00.000000000,46.55,42.01561
2021-10-12T21:00:00.000000000,45.26,41.96368
2021-10-12T22:00:00.000000000,44.58,41.75892
2021-10-12T23:00:00.000000000,44.53,41.14176
2021-10-10T00:00:00.000000000,36.25,36.52466
2021-10-10T01:00:00.000000000,35.91,36.70733
2021-10-10T02:00:00.000000000,36.03,36.38044
2021-10-10T03:00:00.000000000,36.16,36.81059
2021-10-10T04:00:00.000000000,36.16,37.31957
2021-10-10T05:00:00.000000000,36.44,37.55505
2021-10-10T06:00:00.000000000,36.99,38.18409
2021-10-10T07:00:00.000000000,37.82,38.9339
2021-10-10T08:00:00.000000000,37.86,39.6237
2021-10-10T09:00:00.000000000,37.58,40.14534
2021-10-10T10:00:00.000000000,37.87,40.03593
2021-10-10T11:00:00.000000000,38.6,40.13228
2021-10-10T12:00:00.000000000,38.53,39.68594
2021-10-10T13:00:00.000000000,38.64,39.12694
2021-10-10T14:00:00.000000000,38.38,38.69383
2021-10-10T15:00:00.000000000,37.46,38.12459
2021-10-10T16:00:00.000000000,36.48,37.65499
2021-10-10T17:00:00.000000000,35.23,37.52971
2021-10-10T18:00:00.000000000,34.96,37.52928
2021-10-10T19:00:00.000000000,35.49,37.46608
2021-10-10T20:00:00.000000000,36.45,37.44393
2021-10-10T21:00:00.000000000,36.52,37.39797
2021-10-10T22:00:00.000000000,36.9,37.48538
2021-10-10T23:00:00.000000000,39.26,37.37199
2021-10-11T00:00:00.000000000,39.5,37.64738
2021-10-11T01:00:00.000000000,39.96,37.45182
2021-10-11T02:00:00.000000000,39.72,36.91087
2021-10-11T03:00:00.000000000,43.09,37.05089
2021-10-11T04:00:00.000000000,43.37,37.29518
2021-10-11T05:00:00.000000000,44.49,37.42731
2021-10-11T06:00:00.000000000,45.78,37.81841
2021-10-11T07:00:00.000000000,45.91,38.42626
2021-10-11T08:00:00.000000000,47.86,38.92028
2021-10-11T09:00:00.000000000,48.03,39.19647
2021-10-11T10:00:00.000000000,49.82,39.00996
2021-10-11T11:00:00.000000000,50.4,38.91036
2021-10-11T12:00:00.000000000,50.19,38.52333
2021-10-11T13:00:00.000000000,49.64,38.09796
2021-10-11T14:00:00.000000000,48.87,37.90563
2021-10-11T15:00:00.000000000,48.69,37.70087
2021-10-11T16:00:00.000000000,48.06,37.62244
2021-10-11T17:00:00.000000000,47.63,38.02469
2021-10-11T18:00:00.000000000,47.32,38.4286
2021-10-11T19:00:00.000000000,46.29,38.71939
2021-10-11T20:00:00.000000000,45.72,38.94093
2021-10-11T21:00:00.000000000,43.8,38.93654
2021-10-11T22:00:00.000000000,43.23,38.92384
2021-10-11T23:00:00.000000000,42.98,38.56523
2021-10-12T00:00:00.000000000,43.89,38.4588
2021-10-12T01:00:00.000000000,43.93,37.92366
2021-10-12T02:00:00.000000000,44.15,37.20647
2021-10-12T03:00:00.000000000,44.57,37.20916
2021-10-12T04:00:00.000000000,45.29,37.36129
2021-10-12T05:00:00.000000000,46.64,37.50882
2021-10-12T06:00:00.000000000,47.19,37.78523
2021-10-12T07:00:00.000000000,46.91,38.37628
2021-10-12T08:00:00.000000000,47.28,38.79592
2021-10-12T09:00:00.000000000,46.43,38.9242
2021-10-12T10:00:00.000000000,46.71,38.66061
2021-10-12T11:00:00.000000000,47.35,38.41889
2021-10-12T12:00:00.000000000,46.16,38.01066
2021-10-12T13:00:00.000000000,46.43,37.71315
2021-10-12T14:00:00.000000000,46.66,37.70303
2021-10-12T15:00:00.000000000,46.84,37.80212
2021-10-12T16:00:00.000000000,46.2,38.09824
2021-10-12T17:00:00.000000000,46.4,38.94405
2021-10-12T18:00:00.000000000,46.46,39.71042
2021-10-12T19:00:00.000000000,46.43,40.22171
2021-10-12T20:00:00.000000000,46.55,40.52635
2021-10-12T21:00:00.000000000,45.26,40.44338
2021-10-12T22:00:00.000000000,44.58,40.2102
2021-10-12T23:00:00.000000000,44.53,39.53751
2021-10-13T00:00:00.000000000,44.39,40.18701
2021-10-13T01:00:00.000000000,44.39,39.37824
2021-10-13T02:00:00.000000000,44.71,38.44834
2021-10-13T03:00:00.000000000,45.59,38.28421
2021-10-13T04:00:00.000000000,45.98,38.31984
2021-10-13T05:00:00.000000000,46.36,38.36557
2021-10-13T06:00:00.000000000,45.46,38.61844
2021-10-13T07:00:00.000000000,46.68,39.27692
2021-10-13T08:00:00.000000000,48.87,39.77914
2021-10-13T09:00:00.000000000,50.54,39.99956
2021-10-13T10:00:00.000000000,50.95,39.72385
2021-10-13T11:00:00.000000000,52.0,39.54519
2021-10-13T12:00:00.000000000,52.01,39.12219
2021-10-13T13:00:00.000000000,51.79,38.90315
2021-10-13T14:00:00.000000000,51.5,38.90223
2021-10-13T15:00:00.000000000,50.68,39.07389
2021-10-13T16:00:00.000000000,50.92,39.53017
2021-10-13T17:00:00.000000000,51.18,40.55773
2021-10-13T18:00:00.000000000,50.78,41.53599
2021-10-13T19:00:00.000000000,50.67,42.19792
2021-10-13T20:00:00.000000000,50.75,42.50843
2021-10-13T21:00:00.000000000,49.49,42.37892
2021-10-13T22:00:00.000000000,49.22,42.03207
2021-10-13T23:00:00.000000000,47.28,41.22791
2021-10-11T00:00:00.000000000,39.5,38.38156
2021-10-11T01:00:00.000000000,39.96,38.54112
2021-10-11T02:00:00.000000000,39.72,38.1158
2021-10-11T03:00:00.000000000,43.09,38.15098
2021-10-11T04:00:00.000000000,43.37,38.1783
2021-10-11T05:00:00.000000000,44.49,37.98874
2021-10-11T06:00:00.000000000,45.78,38.25968
2021-10-11T07:00:00.000000000,45.91,38.7275
2021-10-11T08:00:00.000000000,47.86,39.23844
2021-10-11T09:00:00.000000000,48.03,39.74124
2021-10-11T10:00:00.000000000,49.82,39.74697
2021-10-11T11:00:00.000000000,50.4,40.0407
2021-10-11T12:00:00.000000000,50.19,39.91465
2021-10-11T13:00:00.000000000,49.64,39.54748
2021-10-11T14:00:00.000000000,48.87,39.27308
2021-10-11T15:00:00.000000000,48.69,38.80971
2021-10-11T16:00:00.000000000,48.06,38.31186
2021-10-11T17:00:00.000000000,47.63,38.15858
2021-10-11T18:00:00.000000000,47.32,38.07884
2021-10-11T19:00:00.000000000,46.29,38.09069
2021-10-11T20:00:00.000000000,45.72,38.13819
2021-10-11T21:00:00.000000000,43.8,38.25335
2021-10-11T22:00:00.000000000,43.23,38.54059
2021-10-11T23:00:00.000000000,42.98,38.64211
2021-10-12T00:00:00.000000000,43.89,38.3162
2021-10-12T01:00:00.000000000,43.93,38.1559
2021-10-12T02:00:00.000000000,44.15,37.55546
2021-10-12T03:00:00.000000000,44.57,37.48251
2021-10-12T04:00:00.000000000,45.29,37.43603
2021-10-12T05:00:00.000000000,46.64,37.29939
2021-10-12T06:00:00.000000000,47.19,37.47016
2021-10-12T07:00:00.000000000,46.91,37.93512
2021-10-12T08:00:00.000000000,47.28,38.40172
2021-10-12T09:00:00.000000000,46.43,38.7679
2021-10-12T10:00:00.000000000,46.71,38.74904
2021-10-12T11:00:00.000000000,47.35,38.87586
2021-10-12T12:00:00.000000000,46.16,38.73992
2021-10-12T13:00:00.000000000,46.43,38.4986
2021-10-12T14:00:00.000000000,46.66,38.38759
2021-10-12T15:00:00.000000000,46.84,38.1906
2021-10-12T16:00:00.000000000,46.2,38.01282
2021-10-12T17:00:00.000000000,46.4,38.2873
2021-10-12T18:00:00.000000000,46.46,38.56133
2021-10-12T19:00:00.000000000,46.43,38.78557
2021-10-12T20:00:00.000000000,46.55,38.9633
2021-10-12T21:00:00.000000000,45.26,39.03731
2021-10-12T22:00:00.000000000,44.58,39.14846
2021-10-12T23:00:00.000000000,44.53,38.95103
2021-10-13T00:00:00.000000000,44.39,40.22048
2021-10-13T01:00:00.000000000,44.39,39.81667
2021-10-13T02:00:00.000000000,44.71,39.12409
2021-10-13T03:00:00.000000000,45.59,39.00783
2021-10-13T04:00:00.000000000,45.98,38.96201
2021-10-13T05:00:00.000000000,46.36,38.83279
2021-10-13T06:00:00.000000000,45.46,38.94866
2021-10-13T07:00:00.000000000,46.68,39.42105
2021-10-13T08:00:00.000000000,48.87,39.81536
2021-10-13T09:00:00.000000000,50.54,40.07781
2021-10-13T10:00:00.000000000,50.95,39.92113
2021-10-13T11:00:00.000000000,52.0,40.00763
2021-10-13T12:00:00.000000000,52.01,39.8305
2021-10-13T13:00:00.000000000,51.79,39.71126
2021-10-13T14:00:00.000000000,51.5,39.75233
2021-10-13T15:00:00.000000000,50.68,39.82044
2021-10-13T16:00:00.000000000,50.92,40.0223
2021-10-13T17:00:00.000000000,51.18,40.60634
2021-10-13T18:00:00.000000000,50.78,41.14415
2021-10-13T19:00:00.000000000,50.67,41.48671
2021-10-13T20:00:00.000000000,50.75,41.59269
2021-10-13T21:00:00.000000000,49.49,41.45365
2021-10-13T22:00:00.000000000,49.22,41.28159
2021-10-13T23:00:00.000000000,47.28,40.79667
2021-10-14T00:00:00.000000000,45.43,38.64405
2021-10-14T01:00:00.000000000,43.48,38.8754
2021-10-14T02:00:00.000000000,41.21,38.60673
2021-10-14T03:00:00.000000000,40.8,38.73622
2021-10-14T04:00:00.000000000,43.17,38.75422
2021-10-14T05:00:00.000000000,44.76,38.59306
2021-10-14T06:00:00.000000000,44.78,38.58664
2021-10-14T07:00:00.000000000,43.86,38.70737
2021-10-14T08:00:00.000000000,44.32,38.73034
2021-10-14T09:00:00.000000000,44.69,38.71337
2021-10-14T10:00:00.000000000,44.55,38.3407
2021-10-14T11:00:00.000000000,44.24,38.3863
2021-10-14T12:00:00.000000000,43.9,38.32111
2021-10-14T13:00:00.000000000,43.09,38.11704
2021-10-14T14:00:00.000000000,42.8,38.21966
2021-10-14T15:00:00.000000000,42.67,38.34338
2021-10-14T16:00:00.000000000,42.45,38.33731
2021-10-14T17:00:00.000000000,42.97,38.6423
2021-10-14T18:00:00.000000000,42.51,38.7181
2021-10-14T19:00:00.000000000,40.06,38.77296
2021-10-14T20:00:00.000000000,38.73,38.75235
2021-10-14T21:00:00.000000000,37.02,38.58034
2021-10-14T22:00:00.000000000,35.36,38.6303
2021-10-14T23:00:00.000000000,34.58,38.52679
2021-10-12T00:00:00.000000000,43.89,45.20014
2021-10-12T01:00:00.000000000,43.93,45.56054
2021-10-12T02:00:00.000000000,44.15,45.70697
2021-10-12T03:00:00.000000000,44.57,46.06484
2021-10-12T04:00:00.000000000,45.29,46.53339
2021-10-12T05:00:00.000000000,46.64,46.54587
2021-10-12T06:00:00.000000000,47.19,47.27696
2021-10-12T07:00:00.000000000,46.91,47.89393
2021-10-12T08:00:00.000000000,47.28,48.39696
2021-10-12T09:00:00.000000000,46.43,49.00718
2021-10-12T10:00:00.000000000,46.71,48.73074
2021-10-12T11:00:00.000000000,47.35,49.29835
2021-10-12T12:00:00.000000000,46.16,48.91922
2021-10-12T13:00:00.000000000,46.43,48.26788
2021-10-12T14:00:00.000000000,46.66,47.93701
2021-10-12T15:00:00.000000000,46.84,47.36919
2021-10-12T16:00:00.000000000,46.2,46.8796
2021-10-12T17:00:00.000000000,46.4,46.2073
2021-10-12T18:00:00.000000000,46.46,45.66083
2021-10-12T19:00:00.000000000,46.43,45.21174
2021-10-12T20:00:00.000000000,46.55,44.49489
2021-10-12T21:00:00.000000000,45.26,44.13388
2021-10-12T22:00:00.000000000,44.58,43.83714
2021-10-12T23:00:00.000000000,44.53,43.76956
2021-10-13T00:00:00.000000000,44.39,47.14526
2021-10-13T01:00:00.000000000,44.39,47.30797
2021-10-13T02:00:00.000000000,44.71,47.30203
2021-10-13T03:00:00.000000000,45.59,47.41272
2021-10-13T04:00:00.000000000,45.98,47.56459
2021-10-13T05:00:00.000000000,46.36,47.38755
2021-10-13T06:00:00.000000000,45.46,47.86512
2021-10-13T07:00:00.000000000,46.68,48.20104
2021-10-13T08:00:00.000000000,48.87,48.36873
2021-10-13T09:00:00.000000000,50.54,48.66731
2021-10-13T10:00:00.000000000,50.95,48.11095
2021-10-13T11:00:00.000000000,52.0,48.50752
2021-10-13T12:00:00.000000000,52.01,48.19588
2021-10-13T13:00:00.000000000,51.79,47.5927
2021-10-13T14:00:00.000000000,51.5,47.4238
2021-10-13T15:00:00.000000000,50.68,47.19952
2021-10-13T16:00:00.000000000,50.92,47.01702
2021-10-13T17:00:00.000000000,51.18,46.78623
2021-10-13T18:00:00.000000000,50.78,46.56225
2021-10-13T19:00:00.000000000,50.67,46.44852
2021-10-13T20:00:00.000000000,50.75,45.97553
2021-10-13T21:00:00.000000000,49.49,45.64154
2021-10-13T22:00:00.000000000,49.22,45.36691
2021-10-13T23:00:00.000000000,47.28,45.2722
2021-10-14T00:00:00.000000000,45.43,44.46412
2021-10-14T01:00:00.000000000,43.48,44.76851
2021-10-14T02:00:00.000000000,41.21,44.76195
2021-10-14T03:00:00.000000000,40.8,44.93926
2021-10-14T04:00:00.000000000,43.17,45.15243
2021-10-14T05:00:00.000000000,44.76,45.08531
2021-10-14T06:00:00.000000000,44.78,45.42314
2021-10-14T07:00:00.000000000,43.86,45.60874
2021-10-14T08:00:00.000000000,44.32,45.55326
2021-10-14T09:00:00.000000000,44.69,45.44641
2021-10-14T10:00:00.000000000,44.55,44.67107
2021-10-14T11:00:00.000000000,44.24,44.68672
2021-10-14T12:00:00.000000000,43.9,44.22607
2021-10-14T13:00:00.000000000,43.09,43.51008
2021-10-14T14:00:00.000000000,42.8,43.37146
2021-10-14T15:00:00.000000000,42.67,43.30085
2021-10-14T16:00:00.000000000,42.45,43.28339
2021-10-14T17:00:00.000000000,42.97,43.32155
2021-10-14T18:00:00.000000000,42.51,43.26483
2021-10-14T19:00:00.000000000,40.06,43.35201
2021-10-14T20:00:00.000000000,38.73,43.17126
2021-10-14T21:00:00.000000000,37.02,42.92515
2021-10-14T22:00:00.000000000,35.36,42.87241
2021-10-14T23:00:00.000000000,34.58,42.83211
2021-10-15T00:00:00.000000000,35.35,42.61947
2021-10-15T01:00:00.000000000,36.05,42.37964
2021-10-15T02:00:00.000000000,36.25,41.81356
2021-10-15T03:00:00.000000000,36.31,41.63747
2021-10-15T04:00:00.000000000,36.4,41.51889
2021-10-15T05:00:00.000000000,38.63,41.26229
2021-10-15T06:00:00.000000000,40.45,41.3804
2021-10-15T07:00:00.000000000,40.52,41.72203
2021-10-15T08:00:00.000000000,40.38,41.96592
2021-10-15T09:00:00.000000000,39.8,42.16114
2021-10-15T10:00:00.000000000,39.53,41.82344
2021-10-15T11:00:00.000000000,39.18,41.9772
2021-10-15T12:00:00.000000000,38.26,41.78067
2021-10-15T13:00:00.000000000,38.04,41.51273
2021-10-15T14:00:00.000000000,38.59,41.49966
2021-10-15T15:00:00.000000000,39.25,41.53041
2021-10-15T16:00:00.000000000,39.69,41.63979
2021-10-15T17:00:00.000000000,39.14,42.05277
2021-10-15T18:00:00.000000000,38.54,42.41389
2021-10-15T19:00:00.000000000,37.37,42.73396
2021-10-15T20:00:00.000000000,36.13,42.76634
2021-10-15T21:00:00.000000000,34.28,42.62852
2021-10-15T22:00:00.000000000,32.97,42.53808
2021-10-15T23:00:00.000000000,30.61,42.25625
2021-10-13T00:00:00.000000000,44.39,47.8241
2021-10-13T01:00:00.000000000,44.39,48.09022
2021-10-13T02:00:00.000000000,44.71,48.33252
2021-10-13T03:00:00.000000000,45.59,48.69249
2021-10-13T04:00:00.000000000,45.98,49.10003
2021-10-13T05:00:00.000000000,46.36,49.06691
2021-10-13T06:00:00.000000000,45.46,49.71205
2021-10-13T07:00:00.000000000,46.68,50.13098
2021-10-13T08:00:00.000000000,48.87,50.28583
2021-10-13T09:00:00.000000000,50.54,50.64968
2021-10-13T10:00:00.000000000,50.95,50.04132
2021-10-13T11:00:00.000000000,52.0,50.52122
2021-10-13T12:00:00.000000000,52.01,50.20599
2021-10-13T13:00:00.000000000,51.79,49.59601
2021-10-13T14:00:00.000000000,51.5,49.47977
2021-10-13T15:00:00.000000000,50.68,49.26109
2021-10-13T16:00:00.000000000,50.92,49.06721
2021-10-13T17:00:00.000000000,51.18,48.6872
2021-10-13T18:00:00.000000000,50.78,48.25389
2021-10-13T19:00:00.000000000,50.67,47.88384
2021-10-13T20:00:00.000000000,50.75,47.09961
2021-10-13T21:00:00.000000000,49.49,46.54696
2021-10-13T22:00:00.000000000,49.22,46.00805
2021-10-13T23:00:00.000000000,47.28,45.79543
2021-10-14T00:00:00.000000000,45.43,45.85495
2021-10-14T01:00:00.000000000,43.48,46.22678
2021-10-14T02:00:00.000000000,41.21,46.31039
2021-10-14T03:00:00.000000000,40.8,46.46141
2021-10-14T04:00:00.000000000,43.17,46.57824
2021-10-14T05:00:00.000000000,44.76,46.38935
2021-10-14T06:00:00.000000000,44.78,46.63482
2021-10-14T07:00:00.000000000,43.86,46.69942
2021-10-14T08:00:00.000000000,44.32,46.54216
2021-10-14T09:00:00.000000000,44.69,46.45039
2021-10-14T10:00:00.000000000,44.55,45.66887
2021-10-14T11:00:00.000000000,44.24,45.84147
2021-10-14T12:00:00.000000000,43.9,45.53787
2021-10-14T13:00:00.000000000,43.09,44.9388
2021-10-14T14:00:00.000000000,42.8,44.90654
2021-10-14T15:00:00.000000000,42.67,44.92282
2021-10-14T16:00:00.000000000,42.45,44.91465
2021-10-14T17:00:00.000000000,42.97,44.86473
2021-10-14T18:00:00.000000000,42.51,44.6844
2021-10-14T19:00:00.000000000,40.06,44.63755
2021-10-14T20:00:00.000000000,38.73,44.28872
2021-10-14T21:00:00.000000000,37.02,43.94789
2021-10-14T22:00:00.000000000,35.36,43.81649
2021-10-14T23:00:00.000000000,34.58,43.80825
2021-10-15T00:00:00.000000000,35.35,45.6315
2021-10-15T01:00:00.000000000,36.05,45.73289
2021-10-15T02:00:00.000000000,36.25,45.54759
2021-10-15T03:00:00.000000000,36.31,45.53608
2021-10-15T04:00:00.000000000,36.4,45.44217
2021-10-15T05:00:00.000000000,38.63,45.091
2021-10-15T06:00:00.000000000,40.45,45.143
2021-10-15T07:00:00.000000000,40.52,45.19779
2021-10-15T08:00:00.000000000,40.38,45.086
2021-10-15T09:00:00.000000000,39.8,45.10046
2021-10-15T10:00:00.000000000,39.53,44.47205
2021-10-15T11:00:00.000000000,39.18,44.76784
2021-10-15T12:00:00.000000000,38.26,44.69696
2021-10-15T13:00:00.000000000,38.04,44.44447
2021-10-15T14:00:00.000000000,38.59,44.5856
2021-10-15T15:00:00.000000000,39.25,44.80125
2021-10-15T16:00:00.000000000,39.69,44.97387
2021-10-15T17:00:00.000000000,39.14,45.18438
2021-10-15T18:00:00.000000000,38.54,45.22794
2021-10-15T19:00:00.000000000,37.37,45.26113
2021-10-15T20:00:00.000000000,36.13,44.92714
2021-10-15T21:00:00.000000000,34.28,44.51618
2021-10-15T22:00:00.000000000,32.97,44.26242
2021-10-15T23:00:00.000000000,30.61,44.08597
2021-10-16T00:00:00.000000000,30.73,44.09473
2021-10-16T01:00:00.000000000,30.39,44.19063
2021-10-16T02:00:00.000000000,30.57,43.97884
2021-10-16T03:00:00.000000000,30.67,44.00677
2021-10-16T04:00:00.000000000,29.9,43.9698
2021-10-16T05:00:00.000000000,30.1,43.68491
2021-10-16T06:00:00.000000000,30.67,43.70032
2021-10-16T07:00:00.000000000,30.47,43.77389
2021-10-16T08:00:00.000000000,31.03,43.65889
2021-10-16T09:00:00.000000000,31.47,43.61057
2021-10-16T10:00:00.000000000,31.32,43.00797
2021-10-16T11:00:00.000000000,31.78,43.21015
2021-10-16T12:00:00.000000000,31.14,43.12563
2021-10-16T13:00:00.000000000,30.75,42.91127
2021-10-16T14:00:00.000000000,31.02,43.09041
2021-10-16T15:00:00.000000000,30.98,43.3483
2021-10-16T16:00:00.000000000,31.0,43.57813
2021-10-16T17:00:00.000000000,31.51,43.88913
2021-10-16T18:00:00.000000000,31.66,44.00007
2021-10-16T19:00:00.000000000,31.78,44.06881
2021-10-16T20:00:00.000000000,31.09,43.80602
2021-10-16T21:00:00.000000000,30.75,43.40176
2021-10-16T22:00:00.000000000,30.33,43.17041
2021-10-16T23:00:00.000000000,31.8,42.94465
2021-10-14T00:00:00.000000000,45.43,48.34377
2021-10-14T01:00:00.000000000,43.48,48.26258
2021-10-14T02:00:00.000000000,41.21,47.89856
2021-10-14T03:00:00.000000000,40.8,47.49346
2021-10-14T04:00:00.000000000,43.17,47.18592
2021-10-14T05:00:00.000000000,44.76,46.72228
2021-10-14T06:00:00.000000000,44.78,47.13898
2021-10-14T07:00:00.000000000,43.86,47.53019
2021-10-14T08:00:00.000000000,44.32,47.9839
2021-10-14T09:00:00.000000000,44.69,48.56048
2021-10-14T10:00:00.000000000,44.55,48.34673
2021-10-14T11:00:00.000000000,44.24,48.91708
2021-10-14T12:00:00.000000000,43.9,48.64307
2021-10-14T13:00:00.000000000,43.09,47.98303
2021-10-14T14:00:00.000000000,42.8,47.59649
2021-10-14T15:00:00.000000000,42.67,47.07458
2021-10-14T16:00:00.000000000,42.45,46.58823
2021-10-14T17:00:00.000000000,42.97,46.20848
2021-10-14T18:00:00.000000000,42.51,46.04746
2021-10-14T19:00:00.000000000,40.06,46.17444
2021-10-14T20:00:00.000000000,38.73,45.99198
2021-10-14T21:00:00.000000000,37.02,46.07271
2021-10-14T22:00:00.000000000,35.36,46.16673
2021-10-14T23:00:00.000000000,34.58,46.31834
2021-10-15T00:00:00.000000000,35.35,47.26718
2021-10-15T01:00:00.000000000,36.05,47.20977
2021-10-15T02:00:00.000000000,36.25,46.75378
2021-10-15T03:00:00.000000000,36.31,46.29249
2021-10-15T04:00:00.000000000,36.4,45.78988
2021-10-15T05:00:00.000000000,38.63,45.17378
2021-10-15T06:00:00.000000000,40.45,45.20249
2021-10-15T07:00:00.000000000,40.52,45.28829
2021-10-15T08:00:00.000000000,40.38,45.40531
2021-10-15T09:00:00.000000000,39.8,45.6626
2021-10-15T10:00:00.000000000,39.53,45.2778
2021-10-15T11:00:00.000000000,39.18,45.73415
2021-10-15T12:00:00.000000000,38.26,45.66169
2021-10-15T13:00:00.000000000,38.04,45.27457
2021-10-15T14:00:00.000000000,38.59,45.17435
2021-10-15T15:00:00.000000000,39.25,45.07541
2021-10-15T16:00:00.000000000,39.69,44.92373
2021-10-15T17:00:00.000000000,39.14,44.91907
2021-10-15T18:00:00.000000000,38.54,44.95823
2021-10-15T19:00:00.000000000,37.37,45.17966
2021-10-15T20:00:00.000000000,36.13,45.07975
2021-10-15T21:00:00.000000000,34.28,45.06903
2021-10-15T22:00:00.000000000,32.97,45.1686
2021-10-15T23:00:00.000000000,30.61,45.27708
2021-10-16T00:00:00.000000000,30.73,45.81373
2021-10-16T01:00:00.000000000,30.39,45.79211
2021-10-16T02:00:00.000000000,30.57,45.40287
2021-10-16T03:00:00.000000000,30.67,45.12233
2021-10-16T04:00:00.000000000,29.9,44.76866
2021-10-16T05:00:00.000000000,30.1,44.27352
2021-10-16T06:00:00.000000000,30.67,44.21121
2021-10-16T07:00:00.000000000,30.47,44.22224
2021-10-16T08:00:00.000000000,31.03,44.15186
2021-10-16T09:00:00.000000000,31.47,44.1793
2021-10-16T10:00:00.000000000,31.32,43.63195
2021-10-16T11:00:00.000000000,31.78,43.91991
2021-10-16T12:00:00.000000000,31.14,43.85916
2021-10-16T13:00:00.000000000,30.75,43.5943
2021-10-16T14:00:00.000000000,31.02,43.68282
2021-10-16T15:00:00.000000000,30.98,43.86294
2021-10-16T16:00:00.000000000,31.0,43.98536
2021-10-16T17:00:00.000000000,31.51,44.25779
2021-10-16T18:00:00.000000000,31.66,44.41761
2021-10-16T19:00:00.000000000,31.78,44.63184
2021-10-16T20:00:00.000000000,31.09,44.49817
2021-10-16T21:00:00.000000000,30.75,44.29645
2021-10-16T22:00:00.000000000,30.33,44.23667
2021-10-16T23:00:00.000000000,31.8,44.1643
2021-10-17T00:00:00.000000000,32.68,45.52095
2021-10-17T01:00:00.000000000,32.49,45.40836
2021-10-17T02:00:00.000000000,32.79,45.01171
2021-10-17T03:00:00.000000000,33.38,44.86433
2021-10-17T04:00:00.000000000,33.58,44.63187
2021-10-17T05:00:00.000000000,35.56,44.20005
2021-10-17T06:00:00.000000000,37.74,44.16402
2021-10-17T07:00:00.000000000,39.41,44.24319
2021-10-17T08:00:00.000000000,39.69,44.19033
2021-10-17T09:00:00.000000000,41.05,44.26359
2021-10-17T10:00:00.000000000,40.62,43.71041
2021-10-17T11:00:00.000000000,40.45,44.02961
2021-10-17T12:00:00.000000000,40.58,44.03217
2021-10-17T13:00:00.000000000,40.52,43.92374
2021-10-17T14:00:00.000000000,40.18,44.1189
2021-10-17T15:00:00.000000000,40.24,44.42764
2021-10-17T16:00:00.000000000,40.14,44.70356
2021-10-17T17:00:00.000000000,40.37,45.10592
2021-10-17T18:00:00.000000000,40.35,45.3374
2021-10-17T19:00:00.000000000,40.26,45.48822
2021-10-17T20:00:00.000000000,39.93,45.22896
2021-10-17T21:00:00.000000000,39.79,44.82921
2021-10-17T22:00:00.000000000,38.24,44.53974
2021-10-17T23:00:00.000000000,36.9,44.26491
2021-10-15T00:00:00.000000000,35.35,35.18981
2021-10-15T01:00:00.000000000,36.05,35.67096
2021-10-15T02:00:00.000000000,36.25,35.69879
2021-10-15T03:00:00.000000000,36.31,36.48305
2021-10-15T04:00:00.000000000,36.4,37.13676
2021-10-15T05:00:00.000000000,38.63,37.38639
2021-10-15T06:00:00.000000000,40.45,37.67953
2021-10-15T07:00:00.000000000,40.52,38.1183
2021-10-15T08:00:00.000000000,40.38,38.37965
2021-10-15T09:00:00.000000000,39.8,38.60858
2021-10-15T10:00:00.000000000,39.53,38.43468
2021-10-15T11:00:00.000000000,39.18,38.6661
2021-10-15T12:00:00.000000000,38.26,38.68553
2021-10-15T13:00:00.000000000,38.04,38.69685
2021-10-15T14:00:00.000000000,38.59,38.83002
2021-10-15T15:00:00.000000000,39.25,38.82371
2021-10-15T16:00:00.000000000,39.69,38.74173
2021-10-15T17:00:00.000000000,39.14,38.71823
2021-10-15T18:00:00.000000000,38.54,38.51333
2021-10-15T19:00:00.000000000,37.37,37.9895
2021-10-15T20:00:00.000000000,36.13,37.49308
2021-10-15T21:00:00.000000000,34.28,36.90332
2021-10-15T22:00:00.000000000,32.97,36.59447
2021-10-15T23:00:00.000000000,30.61,36.25466
2021-10-16T00:00:00.000000000,30.73,36.05265
2021-10-16T01:00:00.000000000,30.39,36.11271
2021-10-16T02:00:00.000000000,30.57,35.78008
2021-10-16T03:00:00.000000000,30.67,36.05384
2021-10-16T04:00:00.000000000,29.9,36.21857
2021-10-16T05:00:00.000000000,30.1,36.22072
2021-10-16T06:00:00.000000000,30.67,36.27189
2021-10-16T07:00:00.000000000,30.47,36.59063
2021-10-16T08:00:00.000000000,31.03,36.81713
2021-10-16T09:00:00.000000000,31.47,36.9887
2021-10-16T10:00:00.000000000,31.32,36.91553
2021-10-16T11:00:00.000000000,31.78,37.0241
2021-10-16T12:00:00.000000000,31.14,37.1236
2021-10-16T13:00:00.000000000,30.75,37.17557
2021-10-16T14:00:00.000000000,31.02,37.376
2021-10-16T15:00:00.000000000,30.98,37.51044
2021-10-16T16:00:00.000000000,31.0,37.51748
2021-10-16T17:00:00.000000000,31.51,37.88481
2021-10-16T18:00:00.000000000,31.66,38.0238
2021-10-16T19:00:00.000000000,31.78,37.9471
2021-10-16T20:00:00.000000000,31.09,37.87833
2021-10-16T21:00:00.000000000,30.75,37.61272
2021-10-16T22:00:00.000000000,30.33,37.48754
2021-10-16T23:00:00.000000000,31.8,37.1289
2021-10-17T00:00:00.000000000,32.68,37.85412
2021-10-17T01:00:00.000000000,32.49,37.79596
2021-10-17T02:00:00.000000000,32.79,37.45877
2021-10-17T03:00:00.000000000,33.38,37.66316
2021-10-17T04:00:00.000000000,33.58,37.72453
2021-10-17T05:00:00.000000000,35.56,37.63314
2021-10-17T06:00:00.000000000,37.74,37.42195
2021-10-17T07:00:00.000000000,39.41,37.58735
2021-10-17T08:00:00.000000000,39.69,37.60435
2021-10-17T09:00:00.000000000,41.05,37.58413
2021-10-17T10:00:00.000000000,40.62,37.44483
2021-10-17T11:00:00.000000000,40.45,37.60022
2021-10-17T12:00:00.000000000,40.58,37.83075
2021-10-17T13:00:00.000000000,40.52,38.17499
2021-10-17T14:00:00.000000000,40.18,38.69609
2021-10-17T15:00:00.000000000,40.24,39.20851
2021-10-17T16:00:00.000000000,40.14,39.64845
2021-10-17T17:00:00.000000000,40.37,40.26286
2021-10-17T18:00:00.000000000,40.35,40.54826
2021-10-17T19:00:00.000000000,40.26,40.46399
2021-10-17T20:00:00.000000000,39.93,40.2268
2021-10-17T21:00:00.000000000,39.79,39.71521
2021-10-17T22:00:00.000000000,38.24,39.31726
2021-10-17T23:00:00.000000000,36.9,38.71901
2021-10-18T00:00:00.000000000,37.26,41.15288
2021-10-18T01:00:00.000000000,36.95,41.05181
2021-10-18T02:00:00.000000000,37.03,40.66446
2021-10-18T03:00:00.000000000,38.45,40.80691
2021-10-18T04:00:00.000000000,40.78,40.77338
2021-10-18T05:00:00.000000000,42.09,40.47348
2021-10-18T06:00:00.000000000,42.76,40.23331
2021-10-18T07:00:00.000000000,44.32,40.3699
2021-10-18T08:00:00.000000000,45.11,40.37748
2021-10-18T09:00:00.000000000,46.0,40.48455
2021-10-18T10:00:00.000000000,46.87,40.25629
2021-10-18T11:00:00.000000000,47.29,40.64579
2021-10-18T12:00:00.000000000,47.89,40.95103
2021-10-18T13:00:00.000000000,47.85,41.38494
2021-10-18T14:00:00.000000000,47.78,41.93143
2021-10-18T15:00:00.000000000,48.17,42.497
2021-10-18T16:00:00.000000000,48.05,43.02604
2021-10-18T17:00:00.000000000,48.39,43.58708
2021-10-18T18:00:00.000000000,47.77,43.83112
2021-10-18T19:00:00.000000000,48.17,43.70719
2021-10-18T20:00:00.000000000,48.22,43.2484
2021-10-18T21:00:00.000000000,47.96,42.55864
2021-10-18T22:00:00.000000000,47.32,42.01508
2021-10-18T23:00:00.000000000,47.1,41.41092
2021-10-16T00:00:00.000000000,30.73,33.04909
2021-10-16T01:00:00.000000000,30.39,33.26557
2021-10-16T02:00:00.000000000,30.57,33.1918
2021-10-16T03:00:00.000000000,30.67,34.08872
2021-10-16T04:00:00.000000000,29.9,34.92072
2021-10-16T05:00:00.000000000,30.1,35.47504
2021-10-16T06:00:00.000000000,30.67,35.87973
2021-10-16T07:00:00.000000000,30.47,36.42132
2021-10-16T08:00:00.000000000,31.03,36.69366
2021-10-16T09:00:00.000000000,31.47,36.74427
2021-10-16T10:00:00.000000000,31.32,36.44479
2021-10-16T11:00:00.000000000,31.78,36.29049
2021-10-16T12:00:00.000000000,31.14,36.10719
2021-10-16T13:00:00.000000000,30.75,36.04647
2021-10-16T14:00:00.000000000,31.02,36.21152
2021-10-16T15:00:00.000000000,30.98,36.39844
2021-10-16T16:00:00.000000000,31.0,36.56452
2021-10-16T17:00:00.000000000,31.51,37.02114
2021-10-16T18:00:00.000000000,31.66,37.20119
2021-10-16T19:00:00.000000000,31.78,36.91707
2021-10-16T20:00:00.000000000,31.09,36.66469
2021-10-16T21:00:00.000000000,30.75,36.03239
2021-10-16T22:00:00.000000000,30.33,35.57415
2021-10-16T23:00:00.000000000,31.8,34.90171
2021-10-17T00:00:00.000000000,32.68,35.27811
2021-10-17T01:00:00.000000000,32.49,35.18024
2021-10-17T02:00:00.000000000,32.79,34.8515
2021-10-17T03:00:00.000000000,33.38,35.27783
2021-10-17T04:00:00.000000000,33.58,35.63056
2021-10-17T05:00:00.000000000,35.56,35.83852
2021-10-17T06:00:00.000000000,37.74,35.92802
2021-10-17T07:00:00.000000000,39.41,36.33465
2021-10-17T08:00:00.000000000,39.69,36.54646
2021-10-17T09:00:00.000000000,41.05,36.61129
2021-10-17T10:00:00.000000000,40.62,36.50722
2021-10-17T11:00:00.000000000,40.45,36.47478
2021-10-17T12:00:00.000000000,40.58,36.52605
2021-10-17T13:00:00.000000000,40.52,36.68616
2021-10-17T14:00:00.000000000,40.18,37.03202
2021-10-17T15:00:00.000000000,40.24,37.3719
2021-10-17T16:00:00.000000000,40.14,37.66906
2021-10-17T17:00:00.000000000,40.37,38.30034
2021-10-17T18:00:00.000000000,40.35,38.64366
2021-10-17T19:00:00.000000000,40.26,38.58201
2021-10-17T20:00:00.000000000,39.93,38.47714
2021-10-17T21:00:00.000000000,39.79,38.02384
2021-10-17T22:00:00.000000000,38.24,37.62106
2021-10-17T23:00:00.000000000,36.9,36.92775
2021-10-18T00:00:00.000000000,37.26,39.04402
2021-10-18T01:00:00.000000000,36.95,38.92089
2021-10-18T02:00:00.000000000,37.03,38.55998
2021-10-18T03:00:00.000000000,38.45,38.80112
2021-10-18T04:00:00.000000000,40.78,38.91845
2021-10-18T05:00:00.000000000,42.09,38.82564
2021-10-18T06:00:00.000000000,42.76,38.65821
2021-10-18T07:00:00.000000000,44.32,38.87206
2021-10-18T08:00:00.000000000,45.11,38.90875
2021-10-18T09:00:00.000000000,46.0,38.92056
2021-10-18T10:00:00.000000000,46.87,38.70705
2021-10-18T11:00:00.000000000,47.29,38.89604
2021-10-18T12:00:00.000000000,47.89,39.08117
2021-10-18T13:00:00.000000000,47.85,39.44378
2021-10-18T14:00:00.000000000,47.78,39.97235
2021-10-18T15:00:00.000000000,48.17,40.52989
2021-10-18T16:00:00.000000000,48.05,41.08898
2021-10-18T17:00:00.000000000,48.39,41.75563
2021-10-18T18:00:00.000000000,47.77,42.10249
2021-10-18T19:00:00.000000000,48.17,42.02834
2021-10-18T20:00:00.000000000,48.22,41.70112
2021-10-18T21:00:00.000000000,47.96,41.06524
2021-10-18T22:00:00.000000000,47.32,40.53022
2021-10-18T23:00:00.000000000,47.1,39.83334
2021-10-19T00:00:00.000000000,46.8,37.13853
2021-10-19T01:00:00.000000000,46.46,37.96483
2021-10-19T02:00:00.000000000,45.91,38.30278
2021-10-19T03:00:00.000000000,46.18,39.01595
2021-10-19T04:00:00.000000000,46.2,39.41672
2021-10-19T05:00:00.000000000,46.78,39.38955
2021-10-19T06:00:00.000000000,47.74,39.18307
2021-10-19T07:00:00.000000000,47.83,38.98752
2021-10-19T08:00:00.000000000,48.31,38.53564
2021-10-19T09:00:00.000000000,47.33,38.1673
2021-10-19T10:00:00.000000000,47.28,37.55065
2021-10-19T11:00:00.000000000,48.37,37.69541
2021-10-19T12:00:00.000000000,48.47,37.9435
2021-10-19T13:00:00.000000000,48.49,38.13829
2021-10-19T14:00:00.000000000,47.81,38.69455
2021-10-19T15:00:00.000000000,47.32,39.30596
2021-10-19T16:00:00.000000000,46.63,39.58843
2021-10-19T17:00:00.000000000,46.68,39.81219
2021-10-19T18:00:00.000000000,46.84,39.47753
2021-10-19T19:00:00.000000000,45.34,38.92723
2021-10-19T20:00:00.000000000,45.14,38.31461
2021-10-19T21:00:00.000000000,43.65,37.47211
2021-10-19T22:00:00.000000000,40.36,37.14331
2021-10-19T23:00:00.000000000,35.52,36.94002
2021-10-17T00:00:00.000000000,32.68,32.02955
2021-10-17T01:00:00.000000000,32.49,32.50035
2021-10-17T02:00:00.000000000,32.79,32.29645
2021-10-17T03:00:00.000000000,33.38,32.7324
2021-10-17T04:00:00.000000000,33.58,32.95065
2021-10-17T05:00:00.000000000,35.56,33.02302
2021-10-17T06:00:00.000000000,37.74,32.96338
2021-10-17T07:00:00.000000000,39.41,33.17254
2021-10-17T08:00:00.000000000,39.69,33.29482
2021-10-17T09:00:00.000000000,41.05,33.46787
2021-10-17T10:00:00.000000000,40.62,33.28331
2021-10-17T11:00:00.000000000,40.45,33.34303
2021-10-17T12:00:00.000000000,40.58,33.48093
2021-10-17T13:00:00.000000000,40.52,33.53983
2021-10-17T14:00:00.000000000,40.18,33.67755
2021-10-17T15:00:00.000000000,40.24,33.75922
2021-10-17T16:00:00.000000000,40.14,33.50951
2021-10-17T17:00:00.000000000,40.37,33.72385
2021-10-17T18:00:00.000000000,40.35,33.64785
2021-10-17T19:00:00.000000000,40.26,33.26431
2021-10-17T20:00:00.000000000,39.93,33.11942
2021-10-17T21:00:00.000000000,39.79,32.96662
2021-10-17T22:00:00.000000000,38.24,32.96116
2021-10-17T23:00:00.000000000,36.9,33.00262
2021-10-18T00:00:00.000000000,37.26,33.50687
2021-10-18T01:00:00.000000000,36.95,33.52551
2021-10-18T02:00:00.000000000,37.03,33.27397
2021-10-18T03:00:00.000000000,38.45,33.8775
2021-10-18T04:00:00.000000000,40.78,34.36633
2021-10-18T05:00:00.000000000,42.09,34.67701
2021-10-18T06:00:00.000000000,42.76,34.85238
2021-10-18T07:00:00.000000000,44.32,35.32169
2021-10-18T08:00:00.000000000,45.11,35.60766
2021-10-18T09:00:00.000000000,46.0,35.76405
2021-10-18T10:00:00.000000000,46.87,35.75965
2021-10-18T11:00:00.000000000,47.29,35.77835
2021-10-18T12:00:00.000000000,47.89,35.90327
2021-10-18T13:00:00.000000000,47.85,36.11609
2021-10-18T14:00:00.000000000,47.78,36.43738
2021-10-18T15:00:00.000000000,48.17,36.70614
2021-10-18T16:00:00.000000000,48.05,36.87387
2021-10-18T17:00:00.000000000,48.39,37.37343
2021-10-18T18:00:00.000000000,47.77,37.59378
2021-10-18T19:00:00.000000000,48.17,37.35848
2021-10-18T20:00:00.000000000,48.22,37.18094
2021-10-18T21:00:00.000000000,47.96,36.67181
2021-10-18T22:00:00.000000000,47.32,36.26785
2021-10-18T23:00:00.000000000,47.1,35.587
2021-10-19T00:00:00.000000000,46.8,33.99724
2021-10-19T01:00:00.000000000,46.46,34.6724
2021-10-19T02:00:00.000000000,45.91,34.72912
2021-10-19T03:00:00.000000000,46.18,35.36536
2021-10-19T04:00:00.000000000,46.2,35.76324
2021-10-19T05:00:00.000000000,46.78,35.81961
2021-10-19T06:00:00.000000000,47.74,35.81729
2021-10-19T07:00:00.000000000,47.83,35.96743
2021-10-19T08:00:00.000000000,48.31,36.12552
2021-10-19T09:00:00.000000000,47.33,36.26598
2021-10-19T10:00:00.000000000,47.28,36.11099
2021-10-19T11:00:00.000000000,48.37,36.39586
2021-10-19T12:00:00.000000000,48.47,36.57242
2021-10-19T13:00:00.000000000,48.49,36.72076
2021-10-19T14:00:00.000000000,47.81,36.94688
2021-10-19T15:00:00.000000000,47.32,37.08335
2021-10-19T16:00:00.000000000,46.63,36.92455
2021-10-19T17:00:00.000000000,46.68,36.91976
2021-10-19T18:00:00.000000000,46.84,36.57983
2021-10-19T19:00:00.000000000,45.34,35.99766
2021-10-19T20:00:00.000000000,45.14,35.52737
2021-10-19T21:00:00.000000000,43.65,34.97466
2021-10-19T22:00:00.000000000,40.36,34.83472
2021-10-19T23:00:00.000000000,35.52,34.68623
2021-10-20T00:00:00.000000000,35.2,33.2092
2021-10-20T01:00:00.000000000,34.76,33.7072
2021-10-20T02:00:00.000000000,34.5,33.46703
2021-10-20T03:00:00.000000000,35.28,33.76356
2021-10-20T04:00:00.000000000,32.24,33.85686
2021-10-20T05:00:00.000000000,33.3,33.81136
2021-10-20T06:00:00.000000000,36.81,33.68747
2021-10-20T07:00:00.000000000,37.99,33.81878
2021-10-20T08:00:00.000000000,40.38,33.92368
2021-10-20T09:00:00.000000000,42.27,34.06332
2021-10-20T10:00:00.000000000,40.68,33.79665
2021-10-20T11:00:00.000000000,43.47,33.87692
2021-10-20T12:00:00.000000000,41.71,33.97876
2021-10-20T13:00:00.000000000,37.87,33.93158
2021-10-20T14:00:00.000000000,38.08,34.01796
2021-10-20T15:00:00.000000000,39.55,34.04612
2021-10-20T16:00:00.000000000,39.23,33.74227
2021-10-20T17:00:00.000000000,38.39,33.89719
2021-10-20T18:00:00.000000000,38.46,33.77464
2021-10-20T19:00:00.000000000,36.49,33.44936
2021-10-20T20:00:00.000000000,34.97,33.31685
2021-10-20T21:00:00.000000000,34.47,33.25734
2021-10-20T22:00:00.000000000,36.04,33.35942
2021-10-20T23:00:00.000000000,35.63,33.50995
2021-10-18T00:00:00.000000000,37.26,42.65163
2021-10-18T01:00:00.000000000,36.95,42.7192
2021-10-18T02:00:00.000000000,37.03,42.51498
2021-10-18T03:00:00.000000000,38.45,42.8391
2021-10-18T04:00:00.000000000,40.78,43.29357
2021-10-18T05:00:00.000000000,42.09,43.33463
2021-10-18T06:00:00.000000000,42.76,43.96303
2021-10-18T07:00:00.000000000,44.32,44.68128
2021-10-18T08:00:00.000000000,45.11,45.26934
2021-10-18T09:00:00.000000000,46.0,45.85342
2021-10-18T10:00:00.000000000,46.87,45.64506
2021-10-18T11:00:00.000000000,47.29,46.04742
2021-10-18T12:00:00.000000000,47.89,45.69114
2021-10-18T13:00:00.000000000,47.85,45.23525
2021-10-18T14:00:00.000000000,47.78,44.96052
2021-10-18T15:00:00.000000000,48.17,44.52282
2021-10-18T16:00:00.000000000,48.05,44.27913
2021-10-18T17:00:00.000000000,48.39,44.04861
2021-10-18T18:00:00.000000000,47.77,43.93538
2021-10-18T19:00:00.000000000,48.17,43.77698
2021-10-18T20:00:00.000000000,48.22,43.35061
2021-10-18T21:00:00.000000000,47.96,42.99313
2021-10-18T22:00:00.000000000,47.32,42.70058
2021-10-18T23:00:00.000000000,47.1,42.43209
2021-10-19T00:00:00.000000000,46.8,41.80192
2021-10-19T01:00:00.000000000,46.46,42.48853
2021-10-19T02:00:00.000000000,45.91,42.70719
2021-10-19T03:00:00.000000000,46.18,43.14489
2021-10-19T04:00:00.000000000,46.2,43.54454
2021-10-19T05:00:00.000000000,46.78,43.50009
2021-10-19T06:00:00.000000000,47.74,43.88435
2021-10-19T07:00:00.000000000,47.83,44.13341
2021-10-19T08:00:00.000000000,48.31,44.2313
2021-10-19T09:00:00.000000000,47.33,44.37167
2021-10-19T10:00:00.000000000,47.28,43.85182
2021-10-19T11:00:00.000000000,48.37,44.12319
2021-10-19T12:00:00.000000000,48.47,43.81821
2021-10-19T13:00:00.000000000,48.49,43.20639
2021-10-19T14:00:00.000000000,47.81,43.01507
2021-10-19T15:00:00.000000000,47.32,42.69617
2021-10-19T16:00:00.000000000,46.63,42.34012
2021-10-19T17:00:00.000000000,46.68,41.88919
2021-10-19T18:00:00.000000000,46.84,41.39317
2021-10-19T19:00:00.000000000,45.34,41.04282
2021-10-19T20:00:00.000000000,45.14,40.59762
2021-10-19T21:00:00.000000000,43.65,40.313
2021-10-19T22:00:00.000000000,40.36,40.3581
2021-10-19T23:00:00.000000000,35.52,40.52202
2021-10-20T00:00:00.000000000,35.2,38.32368
2021-10-20T01:00:00.000000000,34.76,38.81857
2021-10-20T02:00:00.000000000,34.5,38.76156
2021-10-20T03:00:00.000000000,35.28,39.08525
2021-10-20T04:00:00.000000000,32.24,39.25577
2021-10-20T05:00:00.000000000,33.3,39.13789
2021-10-20T06:00:00.000000000,36.81,39.18867
2021-10-20T07:00:00.000000000,37.99,39.28247
2021-10-20T08:00:00.000000000,40.38,39.25504
2021-10-20T09:00:00.000000000,42.27,39.23541
2021-10-20T10:00:00.000000000,40.68,38.82601
2021-10-20T11:00:00.000000000,43.47,38.94147
2021-10-20T12:00:00.000000000,41.71,38.89733
2021-10-20T13:00:00.000000000,37.87,38.65597
2021-10-20T14:00:00.000000000,38.08,38.73073
2021-10-20T15:00:00.000000000,39.55,38.76579
2021-10-20T16:00:00.000000000,39.23,38.64832
2021-10-20T17:00:00.000000000,38.39,38.70711
2021-10-20T18:00:00.000000000,38.46,38.54128
2021-10-20T19:00:00.000000000,36.49,38.38881
2021-10-20T20:00:00.000000000,34.97,38.21443
2021-10-20T21:00:00.000000000,34.47,37.95789
2021-10-20T22:00:00.000000000,36.04,38.03813
2021-10-20T23:00:00.000000000,35.63,38.0623
2021-10-21T00:00:00.000000000,35.65,36.13897
2021-10-21T01:00:00.000000000,35.89,36.22077
2021-10-21T02:00:00.000000000,35.47,35.88483
2021-10-21T03:00:00.000000000,35.54,36.14307
2021-10-21T04:00:00.000000000,36.35,36.29451
2021-10-21T05:00:00.000000000,38.29,36.27839
2021-10-21T06:00:00.000000000,42.4,36.33359
2021-10-21T07:00:00.000000000,44.2,36.64918
2021-10-21T08:00:00.000000000,45.35,36.88728
2021-10-21T09:00:00.000000000,45.92,37.0739
2021-10-21T10:00:00.000000000,46.49,36.99467
2021-10-21T11:00:00.000000000,45.51,37.11415
2021-10-21T12:00:00.000000000,44.15,37.19916
2021-10-21T13:00:00.000000000,42.63,37.22434
2021-10-21T14:00:00.000000000,42.54,37.39567
2021-10-21T15:00:00.000000000,42.94,37.49853
2021-10-21T16:00:00.000000000,41.62,37.47148
2021-10-21T17:00:00.000000000,40.62,37.80657
2021-10-21T18:00:00.000000000,39.77,37.92498
2021-10-21T19:00:00.000000000,38.75,37.85002
2021-10-21T20:00:00.000000000,36.0,37.78565
2021-10-21T21:00:00.000000000,34.69,37.54243
2021-10-21T22:00:00.000000000,33.02,37.44997
2021-10-21T23:00:00.000000000,32.15,37.12915
2021-10-19T00:00:00.000000000,46.8,46.07841
2021-10-19T01:00:00.000000000,46.46,46.42037
2021-10-19T02:00:00.000000000,45.91,46.58497
2021-10-19T03:00:00.000000000,46.18,46.85771
2021-10-19T04:00:00.000000000,46.2,47.25869
2021-10-19T05:00:00.000000000,46.78,47.25515
2021-10-19T06:00:00.000000000,47.74,47.95806
2021-10-19T07:00:00.000000000,47.83,48.4613
2021-10-19T08:00:00.000000000,48.31,48.78768
2021-10-19T09:00:00.000000000,47.33,49.19006
2021-10-19T10:00:00.000000000,47.28,48.69986
2021-10-19T11:00:00.000000000,48.37,49.08807
2021-10-19T12:00:00.000000000,48.47,48.60884
2021-10-19T13:00:00.000000000,48.49,47.80412
2021-10-19T14:00:00.000000000,47.81,47.46272
2021-10-19T15:00:00.000000000,47.32,46.98875
2021-10-19T16:00:00.000000000,46.63,46.57041
2021-10-19T17:00:00.000000000,46.68,46.04864
2021-10-19T18:00:00.000000000,46.84,45.6003
2021-10-19T19:00:00.000000000,45.34,45.33907
2021-10-19T20:00:00.000000000,45.14,44.7974
2021-10-19T21:00:00.000000000,43.65,44.50109
2021-10-19T22:00:00.000000000,40.36,44.2986
2021-10-19T23:00:00.000000000,35.52,44.28931
2021-10-20T00:00:00.000000000,35.2,44.2615
2021-10-20T01:00:00.000000000,34.76,44.47558
2021-10-20T02:00:00.000000000,34.5,44.28037
2021-10-20T03:00:00.000000000,35.28,44.22069
2021-10-20T04:00:00.000000000,32.24,44.13496
2021-10-20T05:00:00.000000000,33.3,43.79602
2021-10-20T06:00:00.000000000,36.81,43.92672
2021-10-20T07:00:00.000000000,37.99,44.08126
2021-10-20T08:00:00.000000000,40.38,44.14756
2021-10-20T09:00:00.000000000,42.27,44.28858
2021-10-20T10:00:00.000000000,40.68,43.84727
2021-10-20T11:00:00.000000000,43.47,44.15737
2021-10-20T12:00:00.000000000,41.71,44.0038
2021-10-20T13:00:00.000000000,37.87,43.58945
2021-10-20T14:00:00.000000000,38.08,43.52874
2021-10-20T15:00:00.000000000,39.55,43.42181
2021-10-20T16:00:00.000000000,39.23,43.29774
2021-10-20T17:00:00.000000000,38.39,43.2338
2021-10-20T18:00:00.000000000,38.46,43.13653
2021-10-20T19:00:00.000000000,36.49,43.16453
2021-10-20T20:00:00.000000000,34.97,42.96298
2021-10-20T21:00:00.000000000,34.47,42.79972
2021-10-20T22:00:00.000000000,36.04,42.83572
2021-10-20T23:00:00.000000000,35.63,42.87916
2021-10-21T00:00:00.000000000,35.65,42.96581
2021-10-21T01:00:00.000000000,35.89,43.14021
2021-10-21T02:00:00.000000000,35.47,42.92484
2021-10-21T03:00:00.000000000,35.54,42.91524
2021-10-21T04:00:00.000000000,36.35,42.79374
2021-10-21T05:00:00.000000000,38.29,42.45282
2021-10-21T06:00:00.000000000,42.4,42.34655
2021-10-21T07:00:00.000000000,44.2,42.34281
2021-10-21T08:00:00.000000000,45.35,42.1985
2021-10-21T09:00:00.000000000,45.92,42.11697
2021-10-21T10:00:00.000000000,46.49,41.6023
2021-10-21T11:00:00.000000000,45.51,41.81329
2021-10-21T12:00:00.000000000,44.15,41.80873
2021-10-21T13:00:00.000000000,42.63,41.66676
2021-10-21T14:00:00.000000000,42.54,41.88634
2021-10-21T15:00:00.000000000,42.94,42.15208
2021-10-21T16:00:00.000000000,41.62,42.34429
2021-10-21T17:00:00.000000000,40.62,42.62336
2021-10-21T18:00:00.000000000,39.77,42.69291
2021-10-21T19:00:00.000000000,38.75,42.73543
2021-10-21T20:00:00.000000000,36.0,42.52074
2021-10-21T21:00:00.000000000,34.69,42.1911
2021-10-21T22:00:00.000000000,33.02,42.07785
2021-10-21T23:00:00.000000000,32.15,41.93757
2021-10-22T00:00:00.000000000,32.86,42.36716
2021-10-22T01:00:00.000000000,32.45,42.26687
2021-10-22T02:00:00.000000000,32.35,41.81573
2021-10-22T03:00:00.000000000,32.99,41.72421
2021-10-22T04:00:00.000000000,34.18,41.56692
2021-10-22T05:00:00.000000000,36.33,41.21878
2021-10-22T06:00:00.000000000,39.97,41.14043
2021-10-22T07:00:00.000000000,41.2,41.32355
2021-10-22T08:00:00.000000000,42.7,41.41877
2021-10-22T09:00:00.000000000,43.57,41.56568
2021-10-22T10:00:00.000000000,44.49,41.27104
2021-10-22T11:00:00.000000000,43.46,41.57092
2021-10-22T12:00:00.000000000,42.92,41.62572
2021-10-22T13:00:00.000000000,42.65,41.63852
2021-10-22T14:00:00.000000000,42.08,41.85217
2021-10-22T15:00:00.000000000,41.77,42.08118
2021-10-22T16:00:00.000000000,42.68,42.29756
2021-10-22T17:00:00.000000000,41.62,42.68033
2021-10-22T18:00:00.000000000,41.81,42.91102
2021-10-22T19:00:00.000000000,40.45,43.01474
2021-10-22T20:00:00.000000000,38.28,42.83482
2021-10-22T21:00:00.000000000,35.41,42.50929
2021-10-22T22:00:00.000000000,34.13,42.30919
2021-10-22T23:00:00.000000000,33.77,42.00313
2021-10-20T00:00:00.000000000,35.2,41.38498
2021-10-20T01:00:00.000000000,34.76,41.77022
2021-10-20T02:00:00.000000000,34.5,41.70532
2021-10-20T03:00:00.000000000,35.28,42.07924
2021-10-20T04:00:00.000000000,32.24,42.34312
2021-10-20T05:00:00.000000000,33.3,42.11951
2021-10-20T06:00:00.000000000,36.81,42.31046
2021-10-20T07:00:00.000000000,37.99,42.69452
2021-10-20T08:00:00.000000000,40.38,43.03809
2021-10-20T09:00:00.000000000,42.27,43.56266
2021-10-20T10:00:00.000000000,40.68,43.53483
2021-10-20T11:00:00.000000000,43.47,44.24294
2021-10-20T12:00:00.000000000,41.71,44.4255
2021-10-20T13:00:00.000000000,37.87,44.47694
2021-10-20T14:00:00.000000000,38.08,44.58124
2021-10-20T15:00:00.000000000,39.55,44.40848
2021-10-20T16:00:00.000000000,39.23,44.20623
2021-10-20T17:00:00.000000000,38.39,43.82103
2021-10-20T18:00:00.000000000,38.46,43.39059
2021-10-20T19:00:00.000000000,36.49,42.85299
2021-10-20T20:00:00.000000000,34.97,42.13101
2021-10-20T21:00:00.000000000,34.47,41.58665
2021-10-20T22:00:00.000000000,36.04,41.29316
2021-10-20T23:00:00.000000000,35.63,41.12827
2021-10-21T00:00:00.000000000,35.65,41.58934
2021-10-21T01:00:00.000000000,35.89,42.08506
2021-10-21T02:00:00.000000000,35.47,42.05563
2021-10-21T03:00:00.000000000,35.54,42.18123
2021-10-21T04:00:00.000000000,36.35,42.09878
2021-10-21T05:00:00.000000000,38.29,41.65556
2021-10-21T06:00:00.000000000,42.4,41.48059
2021-10-21T07:00:00.000000000,44.2,41.4455
2021-10-21T08:00:00.000000000,45.35,41.35402
2021-10-21T09:00:00.000000000,45.92,41.46904
2021-10-21T10:00:00.000000000,46.49,41.21026
2021-10-21T11:00:00.000000000,45.51,41.73041
2021-10-21T12:00:00.000000000,44.15,42.00278
2021-10-21T13:00:00.000000000,42.63,42.04986
2021-10-21T14:00:00.000000000,42.54,42.31326
2021-10-21T15:00:00.000000000,42.94,42.42301
2021-10-21T16:00:00.000000000,41.62,42.34284
2021-10-21T17:00:00.000000000,40.62,42.18553
2021-10-21T18:00:00.000000000,39.77,41.82975
2021-10-21T19:00:00.000000000,38.75,41.49262
2021-10-21T20:00:00.000000000,36.0,41.02861
2021-10-21T21:00:00.000000000,34.69,40.64749
2021-10-21T22:00:00.000000000,33.02,40.62586
2021-10-21T23:00:00.000000000,32.15,40.69253
2021-10-22T00:00:00.000000000,32.86,41.78864
2021-10-22T01:00:00.000000000,32.45,41.96122
2021-10-22T02:00:00.000000000,32.35,41.70684
2021-10-22T03:00:00.000000000,32.99,41.73022
2021-10-22T04:00:00.000000000,34.18,41.55167
2021-10-22T05:00:00.000000000,36.33,41.10247
2021-10-22T06:00:00.000000000,39.97,40.82419
2021-10-22T07:00:00.000000000,41.2,40.82249
2021-10-22T08:00:00.000000000,42.7,40.75573
2021-10-22T09:00:00.000000000,43.57,40.8577
2021-10-22T10:00:00.000000000,44.49,40.63921
2021-10-22T11:00:00.000000000,43.46,41.12139
2021-10-22T12:00:00.000000000,42.92,41.45161
2021-10-22T13:00:00.000000000,42.65,41.71438
2021-10-22T14:00:00.000000000,42.08,42.13225
2021-10-22T15:00:00.000000000,41.77,42.48244
2021-10-22T16:00:00.000000000,42.68,42.69637
2021-10-22T17:00:00.000000000,41.62,42.90128
2021-10-22T18:00:00.000000000,41.81,42.86169
2021-10-22T19:00:00.000000000,40.45,42.67014
2021-10-22T20:00:00.000000000,38.28,42.25054
2021-10-22T21:00:00.000000000,35.41,41.77149
2021-10-22T22:00:00.000000000,34.13,41.54428
2021-10-22T23:00:00.000000000,33.77,41.32097
2021-10-23T00:00:00.000000000,34.45,42.67119
2021-10-23T01:00:00.000000000,34.18,42.74934
2021-10-23T02:00:00.000000000,34.47,42.48068
2021-10-23T03:00:00.000000000,34.82,42.58312
2021-10-23T04:00:00.000000000,35.43,42.51965
2021-10-23T05:00:00.000000000,37.7,42.13812
2021-10-23T06:00:00.000000000,41.39,41.99705
2021-10-23T07:00:00.000000000,43.23,42.10191
2021-10-23T08:00:00.000000000,44.11,42.10231
2021-10-23T09:00:00.000000000,45.11,42.27061
2021-10-23T10:00:00.000000000,46.43,41.98465
2021-10-23T11:00:00.000000000,46.24,42.46762
2021-10-23T12:00:00.000000000,46.56,42.72119
2021-10-23T13:00:00.000000000,46.76,42.94333
2021-10-23T14:00:00.000000000,47.14,43.32236
2021-10-23T15:00:00.000000000,47.18,43.66634
2021-10-23T16:00:00.000000000,46.77,43.94007
2021-10-23T17:00:00.000000000,46.81,44.19258
2021-10-23T18:00:00.000000000,45.98,44.21497
2021-10-23T19:00:00.000000000,46.55,44.03815
2021-10-23T20:00:00.000000000,45.21,43.55132
2021-10-23T21:00:00.000000000,44.59,42.96795
2021-10-23T22:00:00.000000000,44.83,42.58642
2021-10-23T23:00:00.000000000,42.86,42.23952
2021-10-21T00:00:00.000000000,35.65,35.23796
2021-10-21T01:00:00.000000000,35.89,35.18151
2021-10-21T02:00:00.000000000,35.47,34.59026
2021-10-21T03:00:00.000000000,35.54,35.1441
2021-10-21T04:00:00.000000000,36.35,35.8973
2021-10-21T05:00:00.000000000,38.29,36.41663
2021-10-21T06:00:00.000000000,42.4,37.42476
2021-10-21T07:00:00.000000000,44.2,38.59724
2021-10-21T08:00:00.000000000,45.35,39.77102
2021-10-21T09:00:00.000000000,45.92,40.51312
2021-10-21T10:00:00.000000000,46.49,40.47473
2021-10-21T11:00:00.000000000,45.51,40.45229
2021-10-21T12:00:00.000000000,44.15,39.59881
2021-10-21T13:00:00.000000000,42.63,38.76025
2021-10-21T14:00:00.000000000,42.54,37.93837
2021-10-21T15:00:00.000000000,42.94,36.99468
2021-10-21T16:00:00.000000000,41.62,36.39197
2021-10-21T17:00:00.000000000,40.62,36.27215
2021-10-21T18:00:00.000000000,39.77,36.5
2021-10-21T19:00:00.000000000,38.75,36.60471
2021-10-21T20:00:00.000000000,36.0,36.70828
2021-10-21T21:00:00.000000000,34.69,36.76127
2021-10-21T22:00:00.000000000,33.02,36.8377
2021-10-21T23:00:00.000000000,32.15,36.6286
2021-10-22T00:00:00.000000000,32.86,36.03088
2021-10-22T01:00:00.000000000,32.45,35.93457
2021-10-22T02:00:00.000000000,32.35,35.45358
2021-10-22T03:00:00.000000000,32.99,35.65831
2021-10-22T04:00:00.000000000,34.18,35.83937
2021-10-22T05:00:00.000000000,36.33,35.88908
2021-10-22T06:00:00.000000000,39.97,36.09409
2021-10-22T07:00:00.000000000,41.2,36.60089
2021-10-22T08:00:00.000000000,42.7,37.04985
2021-10-22T09:00:00.000000000,43.57,37.39013
2021-10-22T10:00:00.000000000,44.49,37.4134
2021-10-22T11:00:00.000000000,43.46,37.505
2021-10-22T12:00:00.000000000,42.92,37.47133
2021-10-22T13:00:00.000000000,42.65,37.39164
2021-10-22T14:00:00.000000000,42.08,37.41581
2021-10-22T15:00:00.000000000,41.77,37.34642
2021-10-22T16:00:00.000000000,42.68,37.23695
2021-10-22T17:00:00.000000000,41.62,37.57876
2021-10-22T18:00:00.000000000,41.81,37.81055
2021-10-22T19:00:00.000000000,40.45,37.85188
2021-10-22T20:00:00.000000000,38.28,37.90516
2021-10-22T21:00:00.000000000,35.41,37.78178
2021-10-22T22:00:00.000000000,34.13,37.71214
2021-10-22T23:00:00.000000000,33.77,37.3386
2021-10-23T00:00:00.000000000,34.45,37.61494
2021-10-23T01:00:00.000000000,34.18,37.50155
2021-10-23T02:00:00.000000000,34.47,37.07423
2021-10-23T03:00:00.000000000,34.82,37.25856
2021-10-23T04:00:00.000000000,35.43,37.35282
2021-10-23T05:00:00.000000000,37.7,37.28411
2021-10-23T06:00:00.000000000,41.39,37.21302
2021-10-23T07:00:00.000000000,43.23,37.53885
2021-10-23T08:00:00.000000000,44.11,37.76466
2021-10-23T09:00:00.000000000,45.11,37.93184
2021-10-23T10:00:00.000000000,46.43,37.90669
2021-10-23T11:00:00.000000000,46.24,38.10819
2021-10-23T12:00:00.000000000,46.56,38.26274
2021-10-23T13:00:00.000000000,46.76,38.51014
2021-10-23T14:00:00.000000000,47.14,38.86098
2021-10-23T15:00:00.000000000,47.18,39.14896
2021-10-23T16:00:00.000000000,46.77,39.42339
2021-10-23T17:00:00.000000000,46.81,39.91328
2021-10-23T18:00:00.000000000,45.98,40.19099
2021-10-23T19:00:00.000000000,46.55,40.13582
2021-10-23T20:00:00.000000000,45.21,39.95798
2021-10-23T21:00:00.000000000,44.59,39.55522
2021-10-23T22:00:00.000000000,44.83,39.23764
2021-10-23T23:00:00.000000000,42.86,38.68543
2021-10-24T00:00:00.000000000,42.09,36.05663
2021-10-24T01:00:00.000000000,39.55,36.21246
2021-10-24T02:00:00.000000000,39.05,36.064
2021-10-24T03:00:00.000000000,39.2,36.54993
2021-10-24T04:00:00.000000000,38.96,36.91846
2021-10-24T05:00:00.000000000,39.54,37.07185
2021-10-24T06:00:00.000000000,39.67,37.13961
2021-10-24T07:00:00.000000000,40.66,37.39367
2021-10-24T08:00:00.000000000,41.59,37.42349
2021-10-24T09:00:00.000000000,41.88,37.35459
2021-10-24T10:00:00.000000000,41.26,37.05108
2021-10-24T11:00:00.000000000,41.06,37.00293
2021-10-24T12:00:00.000000000,40.27,37.01757
2021-10-24T13:00:00.000000000,40.45,37.05296
2021-10-24T14:00:00.000000000,40.44,37.37048
2021-10-24T15:00:00.000000000,40.15,37.70429
2021-10-24T16:00:00.000000000,41.61,37.94063
2021-10-24T17:00:00.000000000,41.51,38.445
2021-10-24T18:00:00.000000000,40.58,38.61776
2021-10-24T19:00:00.000000000,39.6,38.50029
2021-10-24T20:00:00.000000000,38.44,38.33891
2021-10-24T21:00:00.000000000,38.28,37.86711
2021-10-24T22:00:00.000000000,36.76,37.56372
2021-10-24T23:00:00.000000000,40.66,37.07228
2021-10-22T00:00:00.000000000,32.86,35.25223
2021-10-22T01:00:00.000000000,32.45,35.51809
2021-10-22T02:00:00.000000000,32.35,35.2651
2021-10-22T03:00:00.000000000,32.99,36.0791
2021-10-22T04:00:00.000000000,34.18,37.05861
2021-10-22T05:00:00.000000000,36.33,37.71894
2021-10-22T06:00:00.000000000,39.97,38.78583
2021-10-22T07:00:00.000000000,41.2,39.89701
2021-10-22T08:00:00.000000000,42.7,40.91533
2021-10-22T09:00:00.000000000,43.57,41.60632
2021-10-22T10:00:00.000000000,44.49,41.4414
2021-10-22T11:00:00.000000000,43.46,41.44882
2021-10-22T12:00:00.000000000,42.92,40.59712
2021-10-22T13:00:00.000000000,42.65,39.78785
2021-10-22T14:00:00.000000000,42.08,39.05188
2021-10-22T15:00:00.000000000,41.77,38.23349
2021-10-22T16:00:00.000000000,42.68,37.65109
2021-10-22T17:00:00.000000000,41.62,37.37227
2021-10-22T18:00:00.000000000,41.81,37.37786
2021-10-22T19:00:00.000000000,40.45,37.15205
2021-10-22T20:00:00.000000000,38.28,36.9577
2021-10-22T21:00:00.000000000,35.41,36.77658
2021-10-22T22:00:00.000000000,34.13,36.6795
2021-10-22T23:00:00.000000000,33.77,36.43417
2021-10-23T00:00:00.000000000,34.45,37.01056
2021-10-23T01:00:00.000000000,34.18,37.21258
2021-10-23T02:00:00.000000000,34.47,36.90398
2021-10-23T03:00:00.000000000,34.82,37.25125
2021-10-23T04:00:00.000000000,35.43,37.59567
2021-10-23T05:00:00.000000000,37.7,37.65605
2021-10-23T06:00:00.000000000,41.39,38.04611
2021-10-23T07:00:00.000000000,43.23,38.63536
2021-10-23T08:00:00.000000000,44.11,39.18867
2021-10-23T09:00:00.000000000,45.11,39.67225
2021-10-23T10:00:00.000000000,46.43,39.65523
2021-10-23T11:00:00.000000000,46.24,39.90804
2021-10-23T12:00:00.000000000,46.56,39.73686
2021-10-23T13:00:00.000000000,46.76,39.45589
2021-10-23T14:00:00.000000000,47.14,39.24545
2021-10-23T15:00:00.000000000,47.18,38.85521
2021-10-23T16:00:00.000000000,46.77,38.49367
2021-10-23T17:00:00.000000000,46.81,38.38211
2021-10-23T18:00:00.000000000,45.98,38.32143
2021-10-23T19:00:00.000000000,46.55,38.16384
2021-10-23T20:00:00.000000000,45.21,38.03135
2021-10-23T21:00:00.000000000,44.59,37.89426
2021-10-23T22:00:00.000000000,44.83,37.93119
2021-10-23T23:00:00.000000000,42.86,37.80637
2021-10-24T00:00:00.000000000,42.09,35.3801
2021-10-24T01:00:00.000000000,39.55,35.64955
2021-10-24T02:00:00.000000000,39.05,35.49364
2021-10-24T03:00:00.000000000,39.2,36.0505
2021-10-24T04:00:00.000000000,38.96,36.53388
2021-10-24T05:00:00.000000000,39.54,36.7458
2021-10-24T06:00:00.000000000,39.67,37.05373
2021-10-24T07:00:00.000000000,40.66,37.48373
2021-10-24T08:00:00.000000000,41.59,37.75621
2021-10-24T09:00:00.000000000,41.88,37.91977
2021-10-24T10:00:00.000000000,41.26,37.67208
2021-10-24T11:00:00.000000000,41.06,37.68516
2021-10-24T12:00:00.000000000,40.27,37.55013
2021-10-24T13:00:00.000000000,40.45,37.35902
2021-10-24T14:00:00.000000000,40.44,37.37411
2021-10-24T15:00:00.000000000,40.15,37.34647
2021-10-24T16:00:00.000000000,41.61,37.24966
2021-10-24T17:00:00.000000000,41.51,37.45838
2021-10-24T18:00:00.000000000,40.58,37.48875
2021-10-24T19:00:00.000000000,39.6,37.31552
2021-10-24T20:00:00.000000000,38.44,37.17947
2021-10-24T21:00:00.000000000,38.28,36.84204
2021-10-24T22:00:00.000000000,36.76,36.713
2021-10-24T23:00:00.000000000,40.66,36.4131
2021-10-25T00:00:00.000000000,40.31,34.29063
2021-10-25T01:00:00.000000000,40.44,34.30953
2021-10-25T02:00:00.000000000,40.4,34.02016
2021-10-25T03:00:00.000000000,41.78,34.50929
2021-10-25T04:00:00.000000000,44.01,34.89219
2021-10-25T05:00:00.000000000,46.02,35.10662
2021-10-25T06:00:00.000000000,47.01,35.25372
2021-10-25T07:00:00.000000000,47.79,35.6876
2021-10-25T08:00:00.000000000,48.72,35.97072
2021-10-25T09:00:00.000000000,48.57,36.14532
2021-10-25T10:00:00.000000000,49.58,36.12692
2021-10-25T11:00:00.000000000,50.16,36.16957
2021-10-25T12:00:00.000000000,51.48,36.27587
2021-10-25T13:00:00.000000000,51.69,36.42363
2021-10-25T14:00:00.000000000,50.73,36.69049
2021-10-25T15:00:00.000000000,50.46,36.89808
2021-10-25T16:00:00.000000000,49.72,37.00113
2021-10-25T17:00:00.000000000,49.26,37.45774
2021-10-25T18:00:00.000000000,48.21,37.6605
2021-10-25T19:00:00.000000000,47.25,37.48949
2021-10-25T20:00:00.000000000,46.52,37.36404
2021-10-25T21:00:00.000000000,45.09,36.95071
2021-10-25T22:00:00.000000000,43.43,36.64736
2021-10-25T23:00:00.000000000,42.39,36.07298
2021-10-23T00:00:00.000000000,34.45,39.21594
2021-10-23T01:00:00.000000000,34.18,39.6835
2021-10-23T02:00:00.000000000,34.47,39.80071
2021-10-23T03:00:00.000000000,34.82,40.78118
2021-10-23T04:00:00.000000000,35.43,41.86361
2021-10-23T05:00:00.000000000,37.7,42.35675
2021-10-23T06:00:00.000000000,41.39,43.30671
2021-10-23T07:00:00.000000000,43.23,44.26211
2021-10-23T08:00:00.000000000,44.11,45.02915
2021-10-23T09:00:00.000000000,45.11,45.71018
2021-10-23T10:00:00.000000000,46.43,45.45788
2021-10-23T11:00:00.000000000,46.24,45.88407
2021-10-23T12:00:00.000000000,46.56,45.38628
2021-10-23T13:00:00.000000000,46.76,44.90157
2021-10-23T14:00:00.000000000,47.14,44.55423
2021-10-23T15:00:00.000000000,47.18,44.01276
2021-10-23T16:00:00.000000000,46.77,43.64001
2021-10-23T17:00:00.000000000,46.81,43.10274
2021-10-23T18:00:00.000000000,45.98,42.66602
2021-10-23T19:00:00.000000000,46.55,41.95612
2021-10-23T20:00:00.000000000,45.21,41.03201
2021-10-23T21:00:00.000000000,44.59,40.33777
2021-10-23T22:00:00.000000000,44.83,39.74853
2021-10-23T23:00:00.000000000,42.86,39.34487
2021-10-24T00:00:00.000000000,42.09,39.82958
2021-10-24T01:00:00.000000000,39.55,40.57396
2021-10-24T02:00:00.000000000,39.05,40.81954
2021-10-24T03:00:00.000000000,39.2,41.4726
2021-10-24T04:00:00.000000000,38.96,42.07153
2021-10-24T05:00:00.000000000,39.54,42.15417
2021-10-24T06:00:00.000000000,39.67,42.62158
2021-10-24T07:00:00.000000000,40.66,43.01863
2021-10-24T08:00:00.000000000,41.59,43.28341
2021-10-24T09:00:00.000000000,41.88,43.60075
2021-10-24T10:00:00.000000000,41.26,43.22612
2021-10-24T11:00:00.000000000,41.06,43.61661
2021-10-24T12:00:00.000000000,40.27,43.38364
2021-10-24T13:00:00.000000000,40.45,42.92869
2021-10-24T14:00:00.000000000,40.44,42.7505
2021-10-24T15:00:00.000000000,40.15,42.38309
2021-10-24T16:00:00.000000000,41.61,41.97265
2021-10-24T17:00:00.000000000,41.51,41.42268
2021-10-24T18:00:00.000000000,40.58,40.84597
2021-10-24T19:00:00.000000000,39.6,40.26002
2021-10-24T20:00:00.000000000,38.44,39.61655
2021-10-24T21:00:00.000000000,38.28,39.18317
2021-10-24T22:00:00.000000000,36.76,39.08146
2021-10-24T23:00:00.000000000,40.66,39.13799
2021-10-25T00:00:00.000000000,40.31,39.03736
2021-10-25T01:00:00.000000000,40.44,39.65192
2021-10-25T02:00:00.000000000,40.4,39.74969
2021-10-25T03:00:00.000000000,41.78,40.24509
2021-10-25T04:00:00.000000000,44.01,40.60116
2021-10-25T05:00:00.000000000,46.02,40.51079
2021-10-25T06:00:00.000000000,47.01,40.66183
2021-10-25T07:00:00.000000000,47.79,40.88463
2021-10-25T08:00:00.000000000,48.72,40.98897
2021-10-25T09:00:00.000000000,48.57,41.19365
2021-10-25T10:00:00.000000000,49.58,40.91859
2021-10-25T11:00:00.000000000,50.16,41.32256
2021-10-25T12:00:00.000000000,51.48,41.37666
2021-10-25T13:00:00.000000000,51.69,41.25076
2021-10-25T14:00:00.000000000,50.73,41.33433
2021-10-25T15:00:00.000000000,50.46,41.23629
2021-10-25T16:00:00.000000000,49.72,41.02896
2021-10-25T17:00:00.000000000,49.26,40.75412
2021-10-25T18:00:00.000000000,48.21,40.33716
2021-10-25T19:00:00.000000000,47.25,39.85605
2021-10-25T20:00:00.000000000,46.52,39.32714
2021-10-25T21:00:00.000000000,45.09,38.87517
2021-10-25T22:00:00.000000000,43.43,38.78153
2021-10-25T23:00:00.000000000,42.39,38.76918
2021-10-26T00:00:00.000000000,42.8,37.09301
2021-10-26T01:00:00.000000000,43.27,37.434
2021-10-26T02:00:00.000000000,43.39,37.29519
2021-10-26T03:00:00.000000000,43.22,37.66891
2021-10-26T04:00:00.000000000,44.13,37.88682
2021-10-26T05:00:00.000000000,48.14,37.79571
2021-10-26T06:00:00.000000000,53.91,37.81894
2021-10-26T07:00:00.000000000,54.45,38.06438
2021-10-26T08:00:00.000000000,55.15,38.21659
2021-10-26T09:00:00.000000000,55.27,38.41706
2021-10-26T10:00:00.000000000,54.98,38.31425
2021-10-26T11:00:00.000000000,55.69,38.62422
2021-10-26T12:00:00.000000000,50.58,38.80426
2021-10-26T13:00:00.000000000,48.39,38.88478
2021-10-26T14:00:00.000000000,48.14,39.09296
2021-10-26T15:00:00.000000000,48.25,39.15095
2021-10-26T16:00:00.000000000,47.92,39.0678
2021-10-26T17:00:00.000000000,47.82,39.11965
2021-10-26T18:00:00.000000000,46.81,38.96627
2021-10-26T19:00:00.000000000,45.93,38.65486
2021-10-26T20:00:00.000000000,44.46,38.34018
2021-10-26T21:00:00.000000000,41.36,37.9608
2021-10-26T22:00:00.000000000,40.47,37.85352
2021-10-26T23:00:00.000000000,39.28,37.66784
2021-10-24T00:00:00.000000000,42.09,45.00912
2021-10-24T01:00:00.000000000,39.55,45.17669
2021-10-24T02:00:00.000000000,39.05,45.09087
2021-10-24T03:00:00.000000000,39.2,45.29343
2021-10-24T04:00:00.000000000,38.96,45.54888
2021-10-24T05:00:00.000000000,39.54,45.36754
2021-10-24T06:00:00.000000000,39.67,45.86134
2021-10-24T07:00:00.000000000,40.66,46.39676
2021-10-24T08:00:00.000000000,41.59,46.84671
2021-10-24T09:00:00.000000000,41.88,47.46046
2021-10-24T10:00:00.000000000,41.26,47.27689
2021-10-24T11:00:00.000000000,41.06,47.91786
2021-10-24T12:00:00.000000000,40.27,47.78478
2021-10-24T13:00:00.000000000,40.45,47.4357
2021-10-24T14:00:00.000000000,40.44,47.28388
2021-10-24T15:00:00.000000000,40.15,46.91141
2021-10-24T16:00:00.000000000,41.61,46.59973
2021-10-24T17:00:00.000000000,41.51,46.17982
2021-10-24T18:00:00.000000000,40.58,45.8265
2021-10-24T19:00:00.000000000,39.6,45.50999
2021-10-24T20:00:00.000000000,38.44,44.88298
2021-10-24T21:00:00.000000000,38.28,44.47365
2021-10-24T22:00:00.000000000,36.76,44.15896
2021-10-24T23:00:00.000000000,40.66,44.00752
2021-10-25T00:00:00.000000000,40.31,45.55308
2021-10-25T01:00:00.000000000,40.44,45.82382
2021-10-25T02:00:00.000000000,40.4,45.7672
2021-10-25T03:00:00.000000000,41.78,45.83987
2021-10-25T04:00:00.000000000,44.01,45.83051
2021-10-25T05:00:00.000000000,46.02,45.44376
2021-10-25T06:00:00.000000000,47.01,45.62617
2021-10-25T07:00:00.000000000,47.79,45.82822
2021-10-25T08:00:00.000000000,48.72,45.97008
2021-10-25T09:00:00.000000000,48.57,46.33886
2021-10-25T10:00:00.000000000,49.58,46.03015
2021-10-25T11:00:00.000000000,50.16,46.6529
2021-10-25T12:00:00.000000000,51.48,46.69949
2021-10-25T13:00:00.000000000,51.69,46.4813
2021-10-25T14:00:00.000000000,50.73,46.51498
2021-10-25T15:00:00.000000000,50.46,46.39851
2021-10-25T16:00:00.000000000,49.72,46.22107
2021-10-25T17:00:00.000000000,49.26,45.92291
2021-10-25T18:00:00.000000000,48.21,45.58463
2021-10-25T19:00:00.000000000,47.25,45.30105
2021-10-25T20:00:00.000000000,46.52,44.72692
2021-10-25T21:00:00.000000000,45.09,44.32911
2021-10-25T22:00:00.000000000,43.43,44.11117
2021-10-25T23:00:00.000000000,42.39,44.07394
2021-10-26T00:00:00.000000000,42.8,44.52773
2021-10-26T01:00:00.000000000,43.27,44.79737
2021-10-26T02:00:00.000000000,43.39,44.68435
2021-10-26T03:00:00.000000000,43.22,44.71944
2021-10-26T04:00:00.000000000,44.13,44.65226
2021-10-26T05:00:00.000000000,48.14,44.24844
2021-10-26T06:00:00.000000000,53.91,44.30798
2021-10-26T07:00:00.000000000,54.45,44.42765
2021-10-26T08:00:00.000000000,55.15,44.47591
2021-10-26T09:00:00.000000000,55.27,44.70984
2021-10-26T10:00:00.000000000,54.98,44.35653
2021-10-26T11:00:00.000000000,55.69,44.87155
2021-10-26T12:00:00.000000000,50.58,44.93326
2021-10-26T13:00:00.000000000,48.39,44.76061
2021-10-26T14:00:00.000000000,48.14,44.85352
2021-10-26T15:00:00.000000000,48.25,44.84655
2021-10-26T16:00:00.000000000,47.92,44.7635
2021-10-26T17:00:00.000000000,47.82,44.62065
2021-10-26T18:00:00.000000000,46.81,44.38935
2021-10-26T19:00:00.000000000,45.93,44.19828
2021-10-26T20:00:00.000000000,44.46,43.74671
2021-10-26T21:00:00.000000000,41.36,43.38327
2021-10-26T22:00:00.000000000,40.47,43.24189
2021-10-26T23:00:00.000000000,39.28,43.21223
2021-10-27T00:00:00.000000000,38.93,41.5736
2021-10-27T01:00:00.000000000,40.15,41.94429
2021-10-27T02:00:00.000000000,40.02,41.87113
2021-10-27T03:00:00.000000000,39.72,42.03806
2021-10-27T04:00:00.000000000,39.7,42.08211
2021-10-27T05:00:00.000000000,38.61,41.8051
2021-10-27T06:00:00.000000000,40.45,41.77973
2021-10-27T07:00:00.000000000,41.11,41.84511
2021-10-27T08:00:00.000000000,40.81,41.78082
2021-10-27T09:00:00.000000000,40.92,41.81109
2021-10-27T10:00:00.000000000,39.79,41.407
2021-10-27T11:00:00.000000000,39.97,41.71238
2021-10-27T12:00:00.000000000,39.97,41.75476
2021-10-27T13:00:00.000000000,39.96,41.6169
2021-10-27T14:00:00.000000000,39.89,41.78886
2021-10-27T15:00:00.000000000,40.02,41.89439
2021-10-27T16:00:00.000000000,40.79,41.90415
2021-10-27T17:00:00.000000000,40.73,41.92766
2021-10-27T18:00:00.000000000,40.35,41.76593
2021-10-27T19:00:00.000000000,38.33,41.60097
2021-10-27T20:00:00.000000000,37.28,41.26991
2021-10-27T21:00:00.000000000,36.47,40.9126
2021-10-27T22:00:00.000000000,36.53,40.84245
2021-10-27T23:00:00.000000000,36.22,40.79201
2021-10-25T00:00:00.000000000,40.31,40.24669
2021-10-25T01:00:00.000000000,40.44,40.626
2021-10-25T02:00:00.000000000,40.4,40.58705
2021-10-25T03:00:00.000000000,41.78,41.02081
2021-10-25T04:00:00.000000000,44.01,41.42883
2021-10-25T05:00:00.000000000,46.02,41.39733
2021-10-25T06:00:00.000000000,47.01,41.71912
2021-10-25T07:00:00.000000000,47.79,42.1507
2021-10-25T08:00:00.000000000,48.72,42.45425
2021-10-25T09:00:00.000000000,48.57,42.81202
2021-10-25T10:00:00.000000000,49.58,42.58156
2021-10-25T11:00:00.000000000,50.16,42.98786
2021-10-25T12:00:00.000000000,51.48,42.90165
2021-10-25T13:00:00.000000000,51.69,42.68251
2021-10-25T14:00:00.000000000,50.73,42.655
2021-10-25T15:00:00.000000000,50.46,42.44833
2021-10-25T16:00:00.000000000,49.72,42.24568
2021-10-25T17:00:00.000000000,49.26,42.01778
2021-10-25T18:00:00.000000000,48.21,41.73172
2021-10-25T19:00:00.000000000,47.25,41.37364
2021-10-25T20:00:00.000000000,46.52,40.87382
2021-10-25T21:00:00.000000000,45.09,40.43547
2021-10-25T22:00:00.000000000,43.43,40.23799
2021-10-25T23:00:00.000000000,42.39,40.08555
2021-10-26T00:00:00.000000000,42.8,41.36505
2021-10-26T01:00:00.000000000,43.27,41.73544
2021-10-26T02:00:00.000000000,43.39,41.61889
2021-10-26T03:00:00.000000000,43.22,41.7722
2021-10-26T04:00:00.000000000,44.13,41.79133
2021-10-26T05:00:00.000000000,48.14,41.4522
2021-10-26T06:00:00.000000000,53.91,41.4405
2021-10-26T07:00:00.000000000,54.45,41.59322
2021-10-26T08:00:00.000000000,55.15,41.6956
2021-10-26T09:00:00.000000000,55.27,41.94852
2021-10-26T10:00:00.000000000,54.98,41.75926
2021-10-26T11:00:00.000000000,55.69,42.26565
2021-10-26T12:00:00.000000000,50.58,42.42427
2021-10-26T13:00:00.000000000,48.39,42.39664
2021-10-26T14:00:00.000000000,48.14,42.53908
2021-10-26T15:00:00.000000000,48.25,42.5131
2021-10-26T16:00:00.000000000,47.92,42.38597
2021-10-26T17:00:00.000000000,47.82,42.22187
2021-10-26T18:00:00.000000000,46.81,41.94609
2021-10-26T19:00:00.000000000,45.93,41.6546
2021-10-26T20:00:00.000000000,44.46,41.22601
2021-10-26T21:00:00.000000000,41.36,40.87108
2021-10-26T22:00:00.000000000,40.47,40.80802
2021-10-26T23:00:00.000000000,39.28,40.78882
2021-10-27T00:00:00.000000000,38.93,40.03291
2021-10-27T01:00:00.000000000,40.15,40.53061
2021-10-27T02:00:00.000000000,40.02,40.50275
2021-10-27T03:00:00.000000000,39.72,40.69688
2021-10-27T04:00:00.000000000,39.7,40.65073
2021-10-27T05:00:00.000000000,38.61,40.27143
2021-10-27T06:00:00.000000000,40.45,40.02945
2021-10-27T07:00:00.000000000,41.11,39.9594
2021-10-27T08:00:00.000000000,40.81,39.80649
2021-10-27T09:00:00.000000000,40.92,39.82615
2021-10-27T10:00:00.000000000,39.79,39.56707
2021-10-27T11:00:00.000000000,39.97,40.00048
2021-10-27T12:00:00.000000000,39.97,40.31842
2021-10-27T13:00:00.000000000,39.96,40.46146
2021-10-27T14:00:00.000000000,39.89,40.81699
2021-10-27T15:00:00.000000000,40.02,41.04427
2021-10-27T16:00:00.000000000,40.79,41.05738
2021-10-27T17:00:00.000000000,40.73,41.03852
2021-10-27T18:00:00.000000000,40.35,40.7523
2021-10-27T19:00:00.000000000,38.33,40.41333
2021-10-27T20:00:00.000000000,37.28,39.98629
2021-10-27T21:00:00.000000000,36.47,39.56683
2021-10-27T22:00:00.000000000,36.53,39.51806
2021-10-27T23:00:00.000000000,36.22,39.51585
2021-10-28T00:00:00.000000000,35.96,38.19271
2021-10-28T01:00:00.000000000,35.71,38.60128
2021-10-28T02:00:00.000000000,35.72,38.49172
2021-10-28T03:00:00.000000000,36.37,38.69376
2021-10-28T04:00:00.000000000,36.12,38.62397
2021-10-28T05:00:00.000000000,35.45,38.2725
2021-10-28T06:00:00.000000000,36.04,37.94396
2021-10-28T07:00:00.000000000,36.46,37.89801
2021-10-28T08:00:00.000000000,35.94,37.79543
2021-10-28T09:00:00.000000000,35.96,37.85631
2021-10-28T10:00:00.000000000,35.26,37.77376
2021-10-28T11:00:00.000000000,34.26,38.22334
2021-10-28T12:00:00.000000000,34.3,38.69135
2021-10-28T13:00:00.000000000,34.25,39.03976
2021-10-28T14:00:00.000000000,34.22,39.51183
2021-10-28T15:00:00.000000000,34.55,39.82335
2021-10-28T16:00:00.000000000,34.88,39.87406
2021-10-28T17:00:00.000000000,35.26,39.96578
2021-10-28T18:00:00.000000000,35.37,39.73529
2021-10-28T19:00:00.000000000,35.73,39.36199
2021-10-28T20:00:00.000000000,35.5,38.95345
2021-10-28T21:00:00.000000000,35.48,38.51543
2021-10-28T22:00:00.000000000,35.22,38.42131
2021-10-28T23:00:00.000000000,35.28,38.3066
2021-10-26T00:00:00.000000000,42.8,46.23383
2021-10-26T01:00:00.000000000,43.27,46.6838
2021-10-26T02:00:00.000000000,43.39,46.9686
2021-10-26T03:00:00.000000000,43.22,47.35425
2021-10-26T04:00:00.000000000,44.13,47.82671
2021-10-26T05:00:00.000000000,48.14,47.84846
2021-10-26T06:00:00.000000000,53.91,48.58302
2021-10-26T07:00:00.000000000,54.45,49.11487
2021-10-26T08:00:00.000000000,55.15,49.50911
2021-10-26T09:00:00.000000000,55.27,50.04064
2021-10-26T10:00:00.000000000,54.98,49.66301
2021-10-26T11:00:00.000000000,55.69,50.22212
2021-10-26T12:00:00.000000000,50.58,49.82176
2021-10-26T13:00:00.000000000,48.39,49.10377
2021-10-26T14:00:00.000000000,48.14,48.80088
2021-10-26T15:00:00.000000000,48.25,48.27417
2021-10-26T16:00:00.000000000,47.92,47.78898
2021-10-26T17:00:00.000000000,47.82,47.05785
2021-10-26T18:00:00.000000000,46.81,46.41781
2021-10-26T19:00:00.000000000,45.93,45.89852
2021-10-26T20:00:00.000000000,44.46,45.09592
2021-10-26T21:00:00.000000000,41.36,44.70741
2021-10-26T22:00:00.000000000,40.47,44.37049
2021-10-26T23:00:00.000000000,39.28,44.32932
2021-10-27T00:00:00.000000000,38.93,45.45949
2021-10-27T01:00:00.000000000,40.15,45.88656
2021-10-27T02:00:00.000000000,40.02,45.9586
2021-10-27T03:00:00.000000000,39.72,46.0722
2021-10-27T04:00:00.000000000,39.7,46.11095
2021-10-27T05:00:00.000000000,38.61,45.7754
2021-10-27T06:00:00.000000000,40.45,45.99613
2021-10-27T07:00:00.000000000,41.11,46.14364
2021-10-27T08:00:00.000000000,40.81,46.21591
2021-10-27T09:00:00.000000000,40.92,46.47872
2021-10-27T10:00:00.000000000,39.79,46.07106
2021-10-27T11:00:00.000000000,39.97,46.60204
2021-10-27T12:00:00.000000000,39.97,46.53655
2021-10-27T13:00:00.000000000,39.96,46.1461
2021-10-27T14:00:00.000000000,39.89,46.10575
2021-10-27T15:00:00.000000000,40.02,45.92606
2021-10-27T16:00:00.000000000,40.79,45.66984
2021-10-27T17:00:00.000000000,40.73,45.2723
2021-10-27T18:00:00.000000000,40.35,44.84292
2021-10-27T19:00:00.000000000,38.33,44.54438
2021-10-27T20:00:00.000000000,37.28,44.00824
2021-10-27T21:00:00.000000000,36.47,43.68362
2021-10-27T22:00:00.000000000,36.53,43.57951
2021-10-27T23:00:00.000000000,36.22,43.66593
2021-10-28T00:00:00.000000000,35.96,43.89495
2021-10-28T01:00:00.000000000,35.71,44.2873
2021-10-28T02:00:00.000000000,35.72,44.19501
2021-10-28T03:00:00.000000000,36.37,44.16768
2021-10-28T04:00:00.000000000,36.12,44.03475
2021-10-28T05:00:00.000000000,35.45,43.59036
2021-10-28T06:00:00.000000000,36.04,43.61288
2021-10-28T07:00:00.000000000,36.46,43.67704
2021-10-28T08:00:00.000000000,35.94,43.70901
2021-10-28T09:00:00.000000000,35.96,43.90496
2021-10-28T10:00:00.000000000,35.26,43.57289
2021-10-28T11:00:00.000000000,34.26,44.05266
2021-10-28T12:00:00.000000000,34.3,44.0802
2021-10-28T13:00:00.000000000,34.25,43.79975
2021-10-28T14:00:00.000000000,34.22,43.80896
2021-10-28T15:00:00.000000000,34.55,43.68679
2021-10-28T16:00:00.000000000,34.88,43.46043
2021-10-28T17:00:00.000000000,35.26,43.19834
2021-10-28T18:00:00.000000000,35.37,42.88493
2021-10-28T19:00:00.000000000,35.73,42.71722
2021-10-28T20:00:00.000000000,35.5,42.37533
2021-10-28T21:00:00.000000000,35.48,42.17709
2021-10-28T22:00:00.000000000,35.22,42.26104
2021-10-28T23:00:00.000000000,35.28,42.42512
2021-10-29T00:00:00.000000000,34.61,42.87461
2021-10-29T01:00:00.000000000,34.52,43.21146
2021-10-29T02:00:00.000000000,34.4,43.01313
2021-10-29T03:00:00.000000000,35.4,42.92853
2021-10-29T04:00:00.000000000,35.77,42.66376
2021-10-29T05:00:00.000000000,36.5,42.09588
2021-10-29T06:00:00.000000000,37.76,41.91758
2021-10-29T07:00:00.000000000,38.04,41.92962
2021-10-29T08:00:00.000000000,39.71,41.96471
2021-10-29T09:00:00.000000000,40.21,42.22279
2021-10-29T10:00:00.000000000,42.06,42.0709
2021-10-29T11:00:00.000000000,42.75,42.68677
2021-10-29T12:00:00.000000000,43.28,42.96668
2021-10-29T13:00:00.000000000,44.11,42.99688
2021-10-29T14:00:00.000000000,44.53,43.1766
2021-10-29T15:00:00.000000000,44.66,43.18572
2021-10-29T16:00:00.000000000,44.47,43.02903
2021-10-29T17:00:00.000000000,44.47,42.83875
2021-10-29T18:00:00.000000000,44.34,42.54397
2021-10-29T19:00:00.000000000,42.27,42.31164
2021-10-29T20:00:00.000000000,40.76,41.92104
2021-10-29T21:00:00.000000000,37.96,41.66232
2021-10-29T22:00:00.000000000,37.51,41.7099
2021-10-29T23:00:00.000000000,37.08,41.81853
2021-10-27T00:00:00.000000000,38.93,40.86074
2021-10-27T01:00:00.000000000,40.15,41.43259
2021-10-27T02:00:00.000000000,40.02,41.79436
2021-10-27T03:00:00.000000000,39.72,42.82345
2021-10-27T04:00:00.000000000,39.7,44.15225
2021-10-27T05:00:00.000000000,38.61,44.96914
2021-10-27T06:00:00.000000000,40.45,46.28512
2021-10-27T07:00:00.000000000,41.11,47.29576
2021-10-27T08:00:00.000000000,40.81,47.94748
2021-10-27T09:00:00.000000000,40.92,48.29864
2021-10-27T10:00:00.000000000,39.79,47.54254
2021-10-27T11:00:00.000000000,39.97,47.44779
2021-10-27T12:00:00.000000000,39.97,46.24555
2021-10-27T13:00:00.000000000,39.96,44.96254
2021-10-27T14:00:00.000000000,39.89,44.24417
2021-10-27T15:00:00.000000000,40.02,43.51953
2021-10-27T16:00:00.000000000,40.79,43.07047
2021-10-27T17:00:00.000000000,40.73,42.54748
2021-10-27T18:00:00.000000000,40.35,42.14542
2021-10-27T19:00:00.000000000,38.33,41.72655
2021-10-27T20:00:00.000000000,37.28,41.10391
2021-10-27T21:00:00.000000000,36.47,40.65071
2021-10-27T22:00:00.000000000,36.53,40.25974
2021-10-27T23:00:00.000000000,36.22,39.99919
2021-10-28T00:00:00.000000000,35.96,41.53367
2021-10-28T01:00:00.000000000,35.71,42.00916
2021-10-28T02:00:00.000000000,35.72,42.0563
2021-10-28T03:00:00.000000000,36.37,42.44169
2021-10-28T04:00:00.000000000,36.12,42.89423
2021-10-28T05:00:00.000000000,35.45,42.96505
2021-10-28T06:00:00.000000000,36.04,43.50815
2021-10-28T07:00:00.000000000,36.46,43.95748
2021-10-28T08:00:00.000000000,35.94,44.25594
2021-10-28T09:00:00.000000000,35.96,44.49315
2021-10-28T10:00:00.000000000,35.26,44.02364
2021-10-28T11:00:00.000000000,34.26,44.19009
2021-10-28T12:00:00.000000000,34.3,43.69844
2021-10-28T13:00:00.000000000,34.25,42.95531
2021-10-28T14:00:00.000000000,34.22,42.61036
2021-10-28T15:00:00.000000000,34.55,42.1591
2021-10-28T16:00:00.000000000,34.88,41.7843
2021-10-28T17:00:00.000000000,35.26,41.43207
2021-10-28T18:00:00.000000000,35.37,41.13079
2021-10-28T19:00:00.000000000,35.73,40.95924
2021-10-28T20:00:00.000000000,35.5,40.67803
2021-10-28T21:00:00.000000000,35.48,40.49885
2021-10-28T22:00:00.000000000,35.22,40.55149
2021-10-28T23:00:00.000000000,35.28,40.61933
2021-10-29T00:00:00.000000000,34.61,42.35426
2021-10-29T01:00:00.000000000,34.52,42.63425
2021-10-29T02:00:00.000000000,34.4,42.43437
2021-10-29T03:00:00.000000000,35.4,42.45098
2021-10-29T04:00:00.000000000,35.77,42.39634
2021-10-29T05:00:00.000000000,36.5,42.04424
2021-10-29T06:00:00.000000000,37.76,42.11213
2021-10-29T07:00:00.000000000,38.04,42.30393
2021-10-29T08:00:00.000000000,39.71,42.46294
2021-10-29T09:00:00.000000000,40.21,42.72504
2021-10-29T10:00:00.000000000,42.06,42.48581
2021-10-29T11:00:00.000000000,42.75,42.91481
2021-10-29T12:00:00.000000000,43.28,42.91593
2021-10-29T13:00:00.000000000,44.11,42.68852
2021-10-29T14:00:00.000000000,44.53,42.68133
2021-10-29T15:00:00.000000000,44.66,42.53894
2021-10-29T16:00:00.000000000,44.47,42.342
2021-10-29T17:00:00.000000000,44.47,42.18681
2021-10-29T18:00:00.000000000,44.34,41.9952
2021-10-29T19:00:00.000000000,42.27,41.87497
2021-10-29T20:00:00.000000000,40.76,41.60195
2021-10-29T21:00:00.000000000,37.96,41.40717
2021-10-29T22:00:00.000000000,37.51,41.45761
2021-10-29T23:00:00.000000000,37.08,41.50829
2021-10-30T00:00:00.000000000,36.24,41.9598
2021-10-30T01:00:00.000000000,36.5,42.34245
2021-10-30T02:00:00.000000000,36.97,42.1849
2021-10-30T03:00:00.000000000,36.81,42.18761
2021-10-30T04:00:00.000000000,36.18,42.03362
2021-10-30T05:00:00.000000000,34.67,41.5628
2021-10-30T06:00:00.000000000,34.56,41.45756
2021-10-30T07:00:00.000000000,35.98,41.51657
2021-10-30T08:00:00.000000000,36.93,41.57038
2021-10-30T09:00:00.000000000,37.97,41.80525
2021-10-30T10:00:00.000000000,39.49,41.62501
2021-10-30T11:00:00.000000000,40.9,42.16068
2021-10-30T12:00:00.000000000,41.2,42.36226
2021-10-30T13:00:00.000000000,42.09,42.31514
2021-10-30T14:00:00.000000000,41.93,42.4444
2021-10-30T15:00:00.000000000,42.11,42.40222
2021-10-30T16:00:00.000000000,41.41,42.21325
2021-10-30T17:00:00.000000000,41.25,42.01633
2021-10-30T18:00:00.000000000,41.28,41.71727
2021-10-30T19:00:00.000000000,42.17,41.48424
2021-10-30T20:00:00.000000000,43.54,41.12883
2021-10-30T21:00:00.000000000,42.96,40.8879
2021-10-30T22:00:00.000000000,41.93,40.96024
2021-10-30T23:00:00.000000000,40.41,41.07309
2021-10-28T00:00:00.000000000,35.96,35.5484
2021-10-28T01:00:00.000000000,35.71,35.80525
2021-10-28T02:00:00.000000000,35.72,35.59372
2021-10-28T03:00:00.000000000,36.37,36.13534
2021-10-28T04:00:00.000000000,36.12,36.60994
2021-10-28T05:00:00.000000000,35.45,36.77991
2021-10-28T06:00:00.000000000,36.04,37.0865
2021-10-28T07:00:00.000000000,36.46,37.6039
2021-10-28T08:00:00.000000000,35.94,38.02766
2021-10-28T09:00:00.000000000,35.96,38.36642
2021-10-28T10:00:00.000000000,35.26,38.28841
2021-10-28T11:00:00.000000000,34.26,38.48614
2021-10-28T12:00:00.000000000,34.3,38.42681
2021-10-28T13:00:00.000000000,34.25,38.33338
2021-10-28T14:00:00.000000000,34.22,38.32883
2021-10-28T15:00:00.000000000,34.55,38.18484
2021-10-28T16:00:00.000000000,34.88,38.00603
2021-10-28T17:00:00.000000000,35.26,38.06034
2021-10-28T18:00:00.000000000,35.37,38.00872
2021-10-28T19:00:00.000000000,35.73,37.72542
2021-10-28T20:00:00.000000000,35.5,37.46505
2021-10-28T21:00:00.000000000,35.48,37.10564
2021-10-28T22:00:00.000000000,35.22,36.95218
2021-10-28T23:00:00.000000000,35.28,36.65399
2021-10-29T00:00:00.000000000,34.61,37.83279
2021-10-29T01:00:00.000000000,34.52,38.08635
2021-10-29T02:00:00.000000000,34.4,37.81617
2021-10-29T03:00:00.000000000,35.4,37.92634
2021-10-29T04:00:00.000000000,35.77,37.83054
2021-10-29T05:00:00.000000000,36.5,37.50784
2021-10-29T06:00:00.000000000,37.76,37.30165
2021-10-29T07:00:00.000000000,38.04,37.41395
2021-10-29T08:00:00.000000000,39.71,37.52352
2021-10-29T09:00:00.000000000,40.21,37.74454
2021-10-29T10:00:00.000000000,42.06,37.77752
2021-10-29T11:00:00.000000000,42.75,38.2071
2021-10-29T12:00:00.000000000,43.28,38.57545
2021-10-29T13:00:00.000000000,44.11,38.8192
2021-10-29T14:00:00.000000000,44.53,39.12848
2021-10-29T15:00:00.000000000,44.66,39.26106
2021-10-29T16:00:00.000000000,44.47,39.18911
2021-10-29T17:00:00.000000000,44.47,39.27088
2021-10-29T18:00:00.000000000,44.34,39.13933
2021-10-29T19:00:00.000000000,42.27,38.88553
2021-10-29T20:00:00.000000000,40.76,38.62656
2021-10-29T21:00:00.000000000,37.96,38.35124
2021-10-29T22:00:00.000000000,37.51,38.34123
2021-10-29T23:00:00.000000000,37.08,38.22549
2021-10-30T00:00:00.000000000,36.24,38.77897
2021-10-30T01:00:00.000000000,36.5,39.18058
2021-10-30T02:00:00.000000000,36.97,38.99108
2021-10-30T03:00:00.000000000,36.81,39.04806
2021-10-30T04:00:00.000000000,36.18,38.82341
2021-10-30T05:00:00.000000000,34.67,38.32969
2021-10-30T06:00:00.000000000,34.56,37.95221
2021-10-30T07:00:00.000000000,35.98,37.90241
2021-10-30T08:00:00.000000000,36.93,37.87975
2021-10-30T09:00:00.000000000,37.97,38.07152
2021-10-30T10:00:00.000000000,39.49,38.11905
2021-10-30T11:00:00.000000000,40.9,38.71056
2021-10-30T12:00:00.000000000,41.2,39.25104
2021-10-30T13:00:00.000000000,42.09,39.62405
2021-10-30T14:00:00.000000000,41.93,40.04238
2021-10-30T15:00:00.000000000,42.11,40.23708
2021-10-30T16:00:00.000000000,41.41,40.16118
2021-10-30T17:00:00.000000000,41.25,40.10813
2021-10-30T18:00:00.000000000,41.28,39.81064
2021-10-30T19:00:00.000000000,42.17,39.42964
2021-10-30T20:00:00.000000000,43.54,39.03246
2021-10-30T21:00:00.000000000,42.96,38.70301
2021-10-30T22:00:00.000000000,41.93,38.72789
2021-10-30T23:00:00.000000000,40.41,38.73564
2021-10-31T00:00:00.000000000,39.29,38.7283
2021-10-31T01:00:00.000000000,39.11,39.21095
2021-10-31T02:00:00.000000000,39.11,39.06587
2021-10-31T03:00:00.000000000,39.61,39.15607
2021-10-31T04:00:00.000000000,39.66,38.92947
2021-10-31T05:00:00.000000000,39.51,38.39045
2021-10-31T06:00:00.000000000,39.61,37.97934
2021-10-31T07:00:00.000000000,38.16,37.90902
2021-10-31T08:00:00.000000000,38.56,37.88321
2021-10-31T09:00:00.000000000,41.46,38.12113
2021-10-31T10:00:00.000000000,42.52,38.22328
2021-10-31T11:00:00.000000000,43.22,38.92132
2021-10-31T12:00:00.000000000,43.16,39.55864
2021-10-31T13:00:00.000000000,42.81,40.00938
2021-10-31T14:00:00.000000000,43.2,40.45943
2021-10-31T15:00:00.000000000,43.14,40.64113
2021-10-31T16:00:00.000000000,42.96,40.51964
2021-10-31T17:00:00.000000000,43.08,40.35507
2021-10-31T18:00:00.000000000,43.24,39.9436
2021-10-31T19:00:00.000000000,42.67,39.45024
2021-10-31T20:00:00.000000000,41.72,38.95737
2021-10-31T21:00:00.000000000,40.51,38.5811
2021-10-31T22:00:00.000000000,41.26,38.60522
2021-10-31T23:00:00.000000000,41.87,38.65635
2021-10-29T00:00:00.000000000,34.61,35.26049
2021-10-29T01:00:00.000000000,34.52,35.37379
2021-10-29T02:00:00.000000000,34.4,35.08579
2021-10-29T03:00:00.000000000,35.4,35.47198
2021-10-29T04:00:00.000000000,35.77,35.74581
2021-10-29T05:00:00.000000000,36.5,35.8258
2021-10-29T06:00:00.000000000,37.76,35.92429
2021-10-29T07:00:00.000000000,38.04,36.28243
2021-10-29T08:00:00.000000000,39.71,36.54055
2021-10-29T09:00:00.000000000,40.21,36.72844
2021-10-29T10:00:00.000000000,42.06,36.65376
2021-10-29T11:00:00.000000000,42.75,36.75987
2021-10-29T12:00:00.000000000,43.28,36.84829
2021-10-29T13:00:00.000000000,44.11,36.91527
2021-10-29T14:00:00.000000000,44.53,37.11177
2021-10-29T15:00:00.000000000,44.66,37.24043
2021-10-29T16:00:00.000000000,44.47,37.2419
2021-10-29T17:00:00.000000000,44.47,37.58419
2021-10-29T18:00:00.000000000,44.34,37.6914
2021-10-29T19:00:00.000000000,42.27,37.53726
2021-10-29T20:00:00.000000000,40.76,37.41217
2021-10-29T21:00:00.000000000,37.96,37.07796
2021-10-29T22:00:00.000000000,37.51,36.90676
2021-10-29T23:00:00.000000000,37.08,36.50959
2021-10-30T00:00:00.000000000,36.24,36.9596
2021-10-30T01:00:00.000000000,36.5,36.97356
2021-10-30T02:00:00.000000000,36.97,36.61789
2021-10-30T03:00:00.000000000,36.81,36.80894
2021-10-30T04:00:00.000000000,36.18,36.89377
2021-10-30T05:00:00.000000000,34.67,36.8353
2021-10-30T06:00:00.000000000,34.56,36.80877
2021-10-30T07:00:00.000000000,35.98,37.07062
2021-10-30T08:00:00.000000000,36.93,37.23443
2021-10-30T09:00:00.000000000,37.97,37.34451
2021-10-30T10:00:00.000000000,39.49,37.23769
2021-10-30T11:00:00.000000000,40.9,37.34431
2021-10-30T12:00:00.000000000,41.2,37.45007
2021-10-30T13:00:00.000000000,42.09,37.52717
2021-10-30T14:00:00.000000000,41.93,37.78284
2021-10-30T15:00:00.000000000,42.11,37.98962
2021-10-30T16:00:00.000000000,41.41,38.08781
2021-10-30T17:00:00.000000000,41.25,38.51917
2021-10-30T18:00:00.000000000,41.28,38.70749
2021-10-30T19:00:00.000000000,42.17,38.68487
2021-10-30T20:00:00.000000000,43.54,38.61874
2021-10-30T21:00:00.000000000,42.96,38.34961
2021-10-30T22:00:00.000000000,41.93,38.20306
2021-10-30T23:00:00.000000000,40.41,37.82535
2021-10-31T00:00:00.000000000,39.29,38.26218
2021-10-31T01:00:00.000000000,39.11,38.22241
2021-10-31T02:00:00.000000000,39.11,37.82776
2021-10-31T03:00:00.000000000,39.61,37.91595
2021-10-31T04:00:00.000000000,39.66,37.87152
2021-10-31T05:00:00.000000000,39.51,37.68244
2021-10-31T06:00:00.000000000,39.61,37.49522
2021-10-31T07:00:00.000000000,38.16,37.6757
2021-10-31T08:00:00.000000000,38.56,37.77146
2021-10-31T09:00:00.000000000,41.46,37.85944
2021-10-31T10:00:00.000000000,42.52,37.78015
2021-10-31T11:00:00.000000000,43.22,38.00557
2021-10-31T12:00:00.000000000,43.16,38.2275
2021-10-31T13:00:00.000000000,42.81,38.48353
2021-10-31T14:00:00.000000000,43.2,38.87907
2021-10-31T15:00:00.000000000,43.14,39.22568
2021-10-31T16:00:00.000000000,42.96,39.48522
2021-10-31T17:00:00.000000000,43.08,39.95629
2021-10-31T18:00:00.000000000,43.24,40.17538
2021-10-31T19:00:00.000000000,42.67,40.12662
2021-10-31T20:00:00.000000000,41.72,39.9574
2021-10-31T21:00:00.000000000,40.51,39.59582
2021-10-31T22:00:00.000000000,41.26,39.36076
2021-10-31T23:00:00.000000000,41.87,38.92535
2021-11-01T00:00:00.000000000,34.42,38.05551
2021-11-01T01:00:00.000000000,33.79,38.1247
2021-11-01T02:00:00.000000000,33.93,37.82465
2021-11-01T03:00:00.000000000,33.59,37.98145
2021-11-01T04:00:00.000000000,33.34,37.97115
2021-11-01T05:00:00.000000000,34.34,37.78387
2021-11-01T06:00:00.000000000,34.66,37.56159
2021-11-01T07:00:00.000000000,37.01,37.67963
2021-11-01T08:00:00.000000000,38.42,37.69451
2021-11-01T09:00:00.000000000,39.4,37.72842
2021-11-01T10:00:00.000000000,39.74,37.6177
2021-11-01T11:00:00.000000000,40.26,37.85697
2021-11-01T12:00:00.000000000,39.44,38.13015
2021-11-01T13:00:00.000000000,39.05,38.41784
2021-11-01T14:00:00.000000000,38.97,38.86628
2021-11-01T15:00:00.000000000,38.56,39.25418
2021-11-01T16:00:00.000000000,38.29,39.51273
2021-11-01T17:00:00.000000000,38.07,39.94245
2021-11-01T18:00:00.000000000,38.29,40.07265
2021-11-01T19:00:00.000000000,37.64,39.94249
2021-11-01T20:00:00.000000000,36.28,39.70604
2021-11-01T21:00:00.000000000,35.6,39.2871
2021-11-01T22:00:00.000000000,34.15,39.0426
2021-11-01T23:00:00.000000000,32.21,38.63862
2021-10-30T00:00:00.000000000,36.24,39.74383
2021-10-30T01:00:00.000000000,36.5,40.04745
2021-10-30T02:00:00.000000000,36.97,39.7618
2021-10-30T03:00:00.000000000,36.81,40.09769
2021-10-30T04:00:00.000000000,36.18,40.30452
2021-10-30T05:00:00.000000000,34.67,40.05251
2021-10-30T06:00:00.000000000,34.56,40.23709
2021-10-30T07:00:00.000000000,35.98,40.79643
2021-10-30T08:00:00.000000000,36.93,41.44968
2021-10-30T09:00:00.000000000,37.97,42.24803
2021-10-30T10:00:00.000000000,39.49,42.57719
2021-10-30T11:00:00.000000000,40.9,43.45188
2021-10-30T12:00:00.000000000,41.2,43.74673
2021-10-30T13:00:00.000000000,42.09,43.94843
2021-10-30T14:00:00.000000000,41.93,43.97284
2021-10-30T15:00:00.000000000,42.11,43.60312
2021-10-30T16:00:00.000000000,41.41,43.22142
2021-10-30T17:00:00.000000000,41.25,42.70359
2021-10-30T18:00:00.000000000,41.28,42.24505
2021-10-30T19:00:00.000000000,42.17,41.65319
2021-10-30T20:00:00.000000000,43.54,40.94232
2021-10-30T21:00:00.000000000,42.96,40.48725
2021-10-30T22:00:00.000000000,41.93,40.28623
2021-10-30T23:00:00.000000000,40.41,40.13308
2021-10-31T00:00:00.000000000,39.29,42.23673
2021-10-31T01:00:00.000000000,39.11,42.46717
2021-10-31T02:00:00.000000000,39.11,42.1847
2021-10-31T03:00:00.000000000,39.61,42.17213
2021-10-31T04:00:00.000000000,39.66,42.03992
2021-10-31T05:00:00.000000000,39.51,41.57336
2021-10-31T06:00:00.000000000,39.61,41.56003
2021-10-31T07:00:00.000000000,38.16,41.80044
2021-10-31T08:00:00.000000000,38.56,42.09005
2021-10-31T09:00:00.000000000,41.46,42.5654
2021-10-31T10:00:00.000000000,42.52,42.57922
2021-10-31T11:00:00.000000000,43.22,43.25894
2021-10-31T12:00:00.000000000,43.16,43.48915
2021-10-31T13:00:00.000000000,42.81,43.52296
2021-10-31T14:00:00.000000000,43.2,43.60037
2021-10-31T15:00:00.000000000,43.14,43.44342
2021-10-31T16:00:00.000000000,42.96,43.20825
2021-10-31T17:00:00.000000000,43.08,42.94512
2021-10-31T18:00:00.000000000,43.24,42.6691
2021-10-31T19:00:00.000000000,42.67,42.40452
2021-10-31T20:00:00.000000000,41.72,41.98261
2021-10-31T21:00:00.000000000,40.51,41.71146
2021-10-31T22:00:00.000000000,41.26,41.69038
2021-10-31T23:00:00.000000000,41.87,41.69671
2021-11-01T00:00:00.000000000,34.42,41.84477
2021-11-01T01:00:00.000000000,33.79,42.08591
2021-11-01T02:00:00.000000000,33.93,41.80739
2021-11-01T03:00:00.000000000,33.59,41.72763
2021-11-01T04:00:00.000000000,33.34,41.50164
2021-11-01T05:00:00.000000000,34.34,41.01807
2021-11-01T06:00:00.000000000,34.66,40.87337
2021-11-01T07:00:00.000000000,37.01,40.95062
2021-11-01T08:00:00.000000000,38.42,41.03583
2021-11-01T09:00:00.000000000,39.4,41.27141
2021-11-01T10:00:00.000000000,39.74,41.12573
2021-11-01T11:00:00.000000000,40.26,41.62516
2021-11-01T12:00:00.000000000,39.44,41.82836
2021-11-01T13:00:00.000000000,39.05,41.83366
2021-11-01T14:00:00.000000000,38.97,41.988
2021-11-01T15:00:00.000000000,38.56,42.00451
2021-11-01T16:00:00.000000000,38.29,41.8965
2021-11-01T17:00:00.000000000,38.07,41.84178
2021-11-01T18:00:00.000000000,38.29,41.68711
2021-11-01T19:00:00.000000000,37.64,41.55487
2021-11-01T20:00:00.000000000,36.28,41.28149
2021-11-01T21:00:00.000000000,35.6,41.06861
2021-11-01T22:00:00.000000000,34.15,41.12016
2021-11-01T23:00:00.000000000,32.21,41.15287
2021-11-02T00:00:00.000000000,33.32,41.57918
2021-11-02T01:00:00.000000000,34.56,41.54998
2021-11-02T02:00:00.000000000,35.03,40.99516
2021-11-02T03:00:00.000000000,34.75,40.66339
2021-11-02T04:00:00.000000000,35.48,40.17817
2021-11-02T05:00:00.000000000,35.87,39.56043
2021-11-02T06:00:00.000000000,38.85,39.24151
2021-11-02T07:00:00.000000000,41.38,39.31968
2021-11-02T08:00:00.000000000,42.15,39.49291
2021-11-02T09:00:00.000000000,42.76,39.80714
2021-11-02T10:00:00.000000000,42.59,39.85147
2021-11-02T11:00:00.000000000,43.38,40.39794
2021-11-02T12:00:00.000000000,42.76,40.7314
2021-11-02T13:00:00.000000000,42.97,40.93678
2021-11-02T14:00:00.000000000,42.82,41.17904
2021-11-02T15:00:00.000000000,42.79,41.29238
2021-11-02T16:00:00.000000000,42.7,41.26645
2021-11-02T17:00:00.000000000,42.69,41.41698
2021-11-02T18:00:00.000000000,42.62,41.46119
2021-11-02T19:00:00.000000000,41.75,41.47328
2021-11-02T20:00:00.000000000,41.07,41.32461
2021-11-02T21:00:00.000000000,38.84,41.20931
2021-11-02T22:00:00.000000000,35.22,41.27464
2021-11-02T23:00:00.000000000,34.87,41.21292
2021-10-31T00:00:00.000000000,39.29,43.74195
2021-10-31T01:00:00.000000000,39.11,43.42395
2021-10-31T02:00:00.000000000,39.11,42.54421
2021-10-31T03:00:00.000000000,39.61,41.98907
2021-10-31T04:00:00.000000000,39.66,41.3576
2021-10-31T05:00:00.000000000,39.51,40.59143
2021-10-31T06:00:00.000000000,39.61,40.44663
2021-10-31T07:00:00.000000000,38.16,40.82385
2021-10-31T08:00:00.000000000,38.56,41.47433
2021-10-31T09:00:00.000000000,41.46,42.28187
2021-10-31T10:00:00.000000000,42.52,42.6578
2021-10-31T11:00:00.000000000,43.22,43.50445
2021-10-31T12:00:00.000000000,43.16,43.81639
2021-10-31T13:00:00.000000000,42.81,43.99676
2021-10-31T14:00:00.000000000,43.2,43.97065
2021-10-31T15:00:00.000000000,43.14,43.70349
2021-10-31T16:00:00.000000000,42.96,43.44012
2021-10-31T17:00:00.000000000,43.08,43.35502
2021-10-31T18:00:00.000000000,43.24,43.41842
2021-10-31T19:00:00.000000000,42.67,43.5149
2021-10-31T20:00:00.000000000,41.72,43.3723
2021-10-31T21:00:00.000000000,40.51,43.38618
2021-10-31T22:00:00.000000000,41.26,43.50774
2021-10-31T23:00:00.000000000,41.87,43.47056
2021-11-01T00:00:00.000000000,34.42,43.769
2021-11-01T01:00:00.000000000,33.79,43.67115
2021-11-01T02:00:00.000000000,33.93,43.04596
2021-11-01T03:00:00.000000000,33.59,42.59122
2021-11-01T04:00:00.000000000,33.34,42.03796
2021-11-01T05:00:00.000000000,34.34,41.34143
2021-11-01T06:00:00.000000000,34.66,41.15713
2021-11-01T07:00:00.000000000,37.01,41.32089
2021-11-01T08:00:00.000000000,38.42,41.6271
2021-11-01T09:00:00.000000000,39.4,42.09665
2021-11-01T10:00:00.000000000,39.74,42.13869
2021-11-01T11:00:00.000000000,40.26,42.77944
2021-11-01T12:00:00.000000000,39.44,43.00988
2021-11-01T13:00:00.000000000,39.05,43.04612
2021-11-01T14:00:00.000000000,38.97,43.10025
2021-11-01T15:00:00.000000000,38.56,43.01404
2021-11-01T16:00:00.000000000,38.29,42.84629
2021-11-01T17:00:00.000000000,38.07,42.84152
2021-11-01T18:00:00.000000000,38.29,42.86253
2021-11-01T19:00:00.000000000,37.64,42.94895
2021-11-01T20:00:00.000000000,36.28,42.81849
2021-11-01T21:00:00.000000000,35.6,42.78959
2021-11-01T22:00:00.000000000,34.15,42.92012
2021-11-01T23:00:00.000000000,32.21,42.95764
2021-11-02T00:00:00.000000000,33.32,43.30821
2021-11-02T01:00:00.000000000,34.56,43.10795
2021-11-02T02:00:00.000000000,35.03,42.42757
2021-11-02T03:00:00.000000000,34.75,41.95494
2021-11-02T04:00:00.000000000,35.48,41.39388
2021-11-02T05:00:00.000000000,35.87,40.75197
2021-11-02T06:00:00.000000000,38.85,40.51406
2021-11-02T07:00:00.000000000,41.38,40.63858
2021-11-02T08:00:00.000000000,42.15,40.85493
2021-11-02T09:00:00.000000000,42.76,41.17853
2021-11-02T10:00:00.000000000,42.59,41.1131
2021-11-02T11:00:00.000000000,43.38,41.59667
2021-11-02T12:00:00.000000000,42.76,41.77737
2021-11-02T13:00:00.000000000,42.97,41.83135
2021-11-02T14:00:00.000000000,42.82,41.9626
2021-11-02T15:00:00.000000000,42.79,42.04643
2021-11-02T16:00:00.000000000,42.7,42.05649
2021-11-02T17:00:00.000000000,42.69,42.31066
2021-11-02T18:00:00.000000000,42.62,42.51879
2021-11-02T19:00:00.000000000,41.75,42.72512
2021-11-02T20:00:00.000000000,41.07,42.68448
2021-11-02T21:00:00.000000000,38.84,42.63902
2021-11-02T22:00:00.000000000,35.22,42.70677
2021-11-02T23:00:00.000000000,34.87,42.6238
2021-11-03T00:00:00.000000000,31.32,43.6372
2021-11-03T01:00:00.000000000,31.43,43.24839
2021-11-03T02:00:00.000000000,31.21,42.43852
2021-11-03T03:00:00.000000000,30.96,41.89792
2021-11-03T04:00:00.000000000,31.66,41.28145
2021-11-03T05:00:00.000000000,34.29,40.64318
2021-11-03T06:00:00.000000000,37.97,40.36977
2021-11-03T07:00:00.000000000,39.92,40.50397
2021-11-03T08:00:00.000000000,40.18,40.71537
2021-11-03T09:00:00.000000000,40.86,41.00236
2021-11-03T10:00:00.000000000,41.44,40.88603
2021-11-03T11:00:00.000000000,41.68,41.30422
2021-11-03T12:00:00.000000000,41.63,41.46125
2021-11-03T13:00:00.000000000,41.06,41.57489
2021-11-03T14:00:00.000000000,41.25,41.76289
2021-11-03T15:00:00.000000000,41.07,41.98964
2021-11-03T16:00:00.000000000,41.75,42.17317
2021-11-03T17:00:00.000000000,41.11,42.66528
2021-11-03T18:00:00.000000000,41.84,43.07892
2021-11-03T19:00:00.000000000,41.23,43.40588
2021-11-03T20:00:00.000000000,40.74,43.41408
2021-11-03T21:00:00.000000000,39.81,43.33171
2021-11-03T22:00:00.000000000,38.07,43.29394
2021-11-03T23:00:00.000000000,36.56,43.05995
2021-11-01T00:00:00.000000000,34.42,42.26454
2021-11-01T01:00:00.000000000,33.79,42.29405
2021-11-01T02:00:00.000000000,33.93,41.80405
2021-11-01T03:00:00.000000000,33.59,41.63255
2021-11-01T04:00:00.000000000,33.34,41.39426
2021-11-01T05:00:00.000000000,34.34,40.88576
2021-11-01T06:00:00.000000000,34.66,40.8962
2021-11-01T07:00:00.000000000,37.01,41.24902
2021-11-01T08:00:00.000000000,38.42,41.71004
2021-11-01T09:00:00.000000000,39.4,42.31721
2021-11-01T10:00:00.000000000,39.74,42.46365
2021-11-01T11:00:00.000000000,40.26,43.15318
2021-11-01T12:00:00.000000000,39.44,43.34949
2021-11-01T13:00:00.000000000,39.05,43.3725
2021-11-01T14:00:00.000000000,38.97,43.36331
2021-11-01T15:00:00.000000000,38.56,43.1104
2021-11-01T16:00:00.000000000,38.29,42.82829
2021-11-01T17:00:00.000000000,38.07,42.62485
2021-11-01T18:00:00.000000000,38.29,42.48096
2021-11-01T19:00:00.000000000,37.64,42.36854
2021-11-01T20:00:00.000000000,36.28,42.08978
2021-11-01T21:00:00.000000000,35.6,41.94887
2021-11-01T22:00:00.000000000,34.15,41.99422
2021-11-01T23:00:00.000000000,32.21,41.9772
2021-11-02T00:00:00.000000000,33.32,43.72748
2021-11-02T01:00:00.000000000,34.56,43.70983
2021-11-02T02:00:00.000000000,35.03,43.2001
2021-11-02T03:00:00.000000000,34.75,42.85667
2021-11-02T04:00:00.000000000,35.48,42.42122
2021-11-02T05:00:00.000000000,35.87,41.81187
2021-11-02T06:00:00.000000000,38.85,41.67579
2021-11-02T07:00:00.000000000,41.38,41.81224
2021-11-02T08:00:00.000000000,42.15,42.02022
2021-11-02T09:00:00.000000000,42.76,42.37644
2021-11-02T10:00:00.000000000,42.59,42.27986
2021-11-02T11:00:00.000000000,43.38,42.82901
2021-11-02T12:00:00.000000000,42.76,42.99071
2021-11-02T13:00:00.000000000,42.97,42.95353
2021-11-02T14:00:00.000000000,42.82,43.02149
2021-11-02T15:00:00.000000000,42.79,42.98469
2021-11-02T16:00:00.000000000,42.7,42.86826
2021-11-02T17:00:00.000000000,42.69,42.89177
2021-11-02T18:00:00.000000000,42.62,42.8979
2021-11-02T19:00:00.000000000,41.75,42.96423
2021-11-02T20:00:00.000000000,41.07,42.80649
2021-11-02T21:00:00.000000000,38.84,42.71313
2021-11-02T22:00:00.000000000,35.22,42.79498
2021-11-02T23:00:00.000000000,34.87,42.81254
2021-11-03T00:00:00.000000000,31.32,45.04557
2021-11-03T01:00:00.000000000,31.43,44.82053
2021-11-03T02:00:00.000000000,31.21,44.20382
2021-11-03T03:00:00.000000000,30.96,43.79327
2021-11-03T04:00:00.000000000,31.66,43.31802
2021-11-03T05:00:00.000000000,34.29,42.73603
2021-11-03T06:00:00.000000000,37.97,42.61656
2021-11-03T07:00:00.000000000,39.92,42.73702
2021-11-03T08:00:00.000000000,40.18,42.86615
2021-11-03T09:00:00.000000000,40.86,43.10271
2021-11-03T10:00:00.000000000,41.44,42.80068
2021-11-03T11:00:00.000000000,41.68,43.20931
2021-11-03T12:00:00.000000000,41.63,43.26188
2021-11-03T13:00:00.000000000,41.06,43.18049
2021-11-03T14:00:00.000000000,41.25,43.27839
2021-11-03T15:00:00.000000000,41.07,43.4227
2021-11-03T16:00:00.000000000,41.75,43.53068
2021-11-03T17:00:00.000000000,41.11,43.85819
2021-11-03T18:00:00.000000000,41.84,44.12498
2021-11-03T19:00:00.000000000,41.23,44.3838
2021-11-03T20:00:00.000000000,40.74,44.29891
2021-11-03T21:00:00.000000000,39.81,44.14978
2021-11-03T22:00:00.000000000,38.07,44.093
2021-11-03T23:00:00.000000000,36.56,43.94922
2021-11-04T00:00:00.000000000,37.66,45.6126
2021-11-04T01:00:00.000000000,37.82,45.31711
2021-11-04T02:00:00.000000000,37.87,44.69981
2021-11-04T03:00:00.000000000,37.66,44.33379
2021-11-04T04:00:00.000000000,37.86,43.95244
2021-11-04T05:00:00.000000000,38.04,43.46361
2021-11-04T06:00:00.000000000,39.56,43.46457
2021-11-04T07:00:00.000000000,41.07,43.64446
2021-11-04T08:00:00.000000000,41.68,43.76852
2021-11-04T09:00:00.000000000,41.78,43.96169
2021-11-04T10:00:00.000000000,41.45,43.52372
2021-11-04T11:00:00.000000000,42.4,43.82901
2021-11-04T12:00:00.000000000,42.32,43.74801
2021-11-04T13:00:00.000000000,42.0,43.54428
2021-11-04T14:00:00.000000000,41.4,43.5872
2021-11-04T15:00:00.000000000,41.18,43.73824
2021-11-04T16:00:00.000000000,41.52,43.90449
2021-11-04T17:00:00.000000000,41.44,44.32473
2021-11-04T18:00:00.000000000,41.67,44.68458
2021-11-04T19:00:00.000000000,40.84,45.02682
2021-11-04T20:00:00.000000000,40.51,44.97321
2021-11-04T21:00:00.000000000,39.28,44.79423
2021-11-04T22:00:00.000000000,36.29,44.66464
2021-11-04T23:00:00.000000000,35.05,44.44729
2021-11-02T00:00:00.000000000,33.32,34.62957
2021-11-02T01:00:00.000000000,34.56,34.65014
2021-11-02T02:00:00.000000000,35.03,34.07324
2021-11-02T03:00:00.000000000,34.75,34.57077
2021-11-02T04:00:00.000000000,35.48,35.1375
2021-11-02T05:00:00.000000000,35.87,35.45666
2021-11-02T06:00:00.000000000,38.85,36.20109
2021-11-02T07:00:00.000000000,41.38,37.26264
2021-11-02T08:00:00.000000000,42.15,38.39664
2021-11-02T09:00:00.000000000,42.76,39.31547
2021-11-02T10:00:00.000000000,42.59,39.63632
2021-11-02T11:00:00.000000000,43.38,39.94502
2021-11-02T12:00:00.000000000,42.76,39.58369
2021-11-02T13:00:00.000000000,42.97,39.24425
2021-11-02T14:00:00.000000000,42.82,38.69937
2021-11-02T15:00:00.000000000,42.79,37.90172
2021-11-02T16:00:00.000000000,42.7,37.28764
2021-11-02T17:00:00.000000000,42.69,37.05145
2021-11-02T18:00:00.000000000,42.62,37.11313
2021-11-02T19:00:00.000000000,41.75,36.93938
2021-11-02T20:00:00.000000000,41.07,36.84368
2021-11-02T21:00:00.000000000,38.84,36.78734
2021-11-02T22:00:00.000000000,35.22,36.79621
2021-11-02T23:00:00.000000000,34.87,36.55215
2021-11-03T00:00:00.000000000,31.32,37.80269
2021-11-03T01:00:00.000000000,31.43,37.68322
2021-11-03T02:00:00.000000000,31.21,37.07729
2021-11-03T03:00:00.000000000,30.96,37.08365
2021-11-03T04:00:00.000000000,31.66,37.16724
2021-11-03T05:00:00.000000000,34.29,37.1054
2021-11-03T06:00:00.000000000,37.97,37.46608
2021-11-03T07:00:00.000000000,39.92,38.116
2021-11-03T08:00:00.000000000,40.18,38.79763
2021-11-03T09:00:00.000000000,40.86,39.36827
2021-11-03T10:00:00.000000000,41.44,39.45789
2021-11-03T11:00:00.000000000,41.68,39.65341
2021-11-03T12:00:00.000000000,41.63,39.42695
2021-11-03T13:00:00.000000000,41.06,39.07267
2021-11-03T14:00:00.000000000,41.25,38.77179
2021-11-03T15:00:00.000000000,41.07,38.30871
2021-11-03T16:00:00.000000000,41.75,37.92067
2021-11-03T17:00:00.000000000,41.11,37.97863
2021-11-03T18:00:00.000000000,41.84,38.15788
2021-11-03T19:00:00.000000000,41.23,38.32052
2021-11-03T20:00:00.000000000,40.74,38.48426
2021-11-03T21:00:00.000000000,39.81,38.61476
2021-11-03T22:00:00.000000000,38.07,38.78933
2021-11-03T23:00:00.000000000,36.56,38.66084
2021-11-04T00:00:00.000000000,37.66,39.26756
2021-11-04T01:00:00.000000000,37.82,38.96894
2021-11-04T02:00:00.000000000,37.87,38.295
2021-11-04T03:00:00.000000000,37.66,38.1851
2021-11-04T04:00:00.000000000,37.86,38.20437
2021-11-04T05:00:00.000000000,38.04,38.15437
2021-11-04T06:00:00.000000000,39.56,38.46766
2021-11-04T07:00:00.000000000,41.07,39.0433
2021-11-04T08:00:00.000000000,41.68,39.56899
2021-11-04T09:00:00.000000000,41.78,39.9116
2021-11-04T10:00:00.000000000,41.45,39.77533
2021-11-04T11:00:00.000000000,42.4,39.76618
2021-11-04T12:00:00.000000000,42.32,39.40431
2021-11-04T13:00:00.000000000,42.0,38.96746
2021-11-04T14:00:00.000000000,41.4,38.73644
2021-11-04T15:00:00.000000000,41.18,38.48147
2021-11-04T16:00:00.000000000,41.52,38.36072
2021-11-04T17:00:00.000000000,41.44,38.73855
2021-11-04T18:00:00.000000000,41.67,39.17352
2021-11-04T19:00:00.000000000,40.84,39.57869
2021-11-04T20:00:00.000000000,40.51,39.86741
2021-11-04T21:00:00.000000000,39.28,39.98938
2021-11-04T22:00:00.000000000,36.29,40.07607
2021-11-04T23:00:00.000000000,35.05,39.80714
2021-11-05T00:00:00.000000000,34.61,38.99098
2021-11-05T01:00:00.000000000,35.05,38.36708
2021-11-05T02:00:00.000000000,35.35,37.44945
2021-11-05T03:00:00.000000000,35.33,37.14923
2021-11-05T04:00:00.000000000,35.92,37.01482
2021-11-05T05:00:00.000000000,36.48,36.95611
2021-11-05T06:00:00.000000000,39.73,37.1917
2021-11-05T07:00:00.000000000,40.52,37.80649
2021-11-05T08:00:00.000000000,41.4,38.40783
2021-11-05T09:00:00.000000000,41.47,38.75753
2021-11-05T10:00:00.000000000,41.94,38.70428
2021-11-05T11:00:00.000000000,41.74,38.60504
2021-11-05T12:00:00.000000000,41.22,38.24694
2021-11-05T13:00:00.000000000,41.25,37.89916
2021-11-05T14:00:00.000000000,38.94,37.73224
2021-11-05T15:00:00.000000000,38.5,37.59775
2021-11-05T16:00:00.000000000,38.94,37.62422
2021-11-05T17:00:00.000000000,38.79,38.31394
2021-11-05T18:00:00.000000000,38.46,39.04456
2021-11-05T19:00:00.000000000,37.66,39.65558
2021-11-05T20:00:00.000000000,36.02,40.10931
2021-11-05T21:00:00.000000000,33.7,40.31867
2021-11-05T22:00:00.000000000,31.3,40.34237
2021-11-05T23:00:00.000000000,29.09,39.88077
2021-11-03T00:00:00.000000000,31.32,38.20106
2021-11-03T01:00:00.000000000,31.43,38.54919
2021-11-03T02:00:00.000000000,31.21,38.50257
2021-11-03T03:00:00.000000000,30.96,39.26315
2021-11-03T04:00:00.000000000,31.66,40.0574
2021-11-03T05:00:00.000000000,34.29,40.35937
2021-11-03T06:00:00.000000000,37.97,40.98517
2021-11-03T07:00:00.000000000,39.92,41.7398
2021-11-03T08:00:00.000000000,40.18,42.33576
2021-11-03T09:00:00.000000000,40.86,42.8621
2021-11-03T10:00:00.000000000,41.44,42.70099
2021-11-03T11:00:00.000000000,41.68,43.05539
2021-11-03T12:00:00.000000000,41.63,42.77746
2021-11-03T13:00:00.000000000,41.06,42.51318
2021-11-03T14:00:00.000000000,41.25,42.35321
2021-11-03T15:00:00.000000000,41.07,42.00626
2021-11-03T16:00:00.000000000,41.75,41.78606
2021-11-03T17:00:00.000000000,41.11,41.5249
2021-11-03T18:00:00.000000000,41.84,41.29067
2021-11-03T19:00:00.000000000,41.23,40.80149
2021-11-03T20:00:00.000000000,40.74,40.17293
2021-11-03T21:00:00.000000000,39.81,39.59764
2021-11-03T22:00:00.000000000,38.07,39.18612
2021-11-03T23:00:00.000000000,36.56,38.80803
2021-11-04T00:00:00.000000000,37.66,40.37879
2021-11-04T01:00:00.000000000,37.82,40.7328
2021-11-04T02:00:00.000000000,37.87,40.68039
2021-11-04T03:00:00.000000000,37.66,41.05722
2021-11-04T04:00:00.000000000,37.86,41.4397
2021-11-04T05:00:00.000000000,38.04,41.45101
2021-11-04T06:00:00.000000000,39.56,41.79539
2021-11-04T07:00:00.000000000,41.07,42.18113
2021-11-04T08:00:00.000000000,41.68,42.40521
2021-11-04T09:00:00.000000000,41.78,42.60792
2021-11-04T10:00:00.000000000,41.45,42.2311
2021-11-04T11:00:00.000000000,42.4,42.43858
2021-11-04T12:00:00.000000000,42.32,42.1878
2021-11-04T13:00:00.000000000,42.0,41.7861
2021-11-04T14:00:00.000000000,41.4,41.6886
2021-11-04T15:00:00.000000000,41.18,41.49195
2021-11-04T16:00:00.000000000,41.52,41.33433
2021-11-04T17:00:00.000000000,41.44,41.22719
2021-11-04T18:00:00.000000000,41.67,41.06697
2021-11-04T19:00:00.000000000,40.84,40.88937
2021-11-04T20:00:00.000000000,40.51,40.5839
2021-11-04T21:00:00.000000000,39.28,40.26514
2021-11-04T22:00:00.000000000,36.29,40.1719
2021-11-04T23:00:00.000000000,35.05,40.05838
2021-11-05T00:00:00.000000000,34.61,39.7961
2021-11-05T01:00:00.000000000,35.05,39.90344
2021-11-05T02:00:00.000000000,35.35,39.65405
2021-11-05T03:00:00.000000000,35.33,39.89861
2021-11-05T04:00:00.000000000,35.92,40.18093
2021-11-05T05:00:00.000000000,36.48,40.23035
2021-11-05T06:00:00.000000000,39.73,40.51166
2021-11-05T07:00:00.000000000,40.52,40.88393
2021-11-05T08:00:00.000000000,41.4,41.06627
2021-11-05T09:00:00.000000000,41.47,41.11727
2021-11-05T10:00:00.000000000,41.94,40.6771
2021-11-05T11:00:00.000000000,41.74,40.64568
2021-11-05T12:00:00.000000000,41.22,40.30778
2021-11-05T13:00:00.000000000,41.25,39.88347
2021-11-05T14:00:00.000000000,38.94,39.82299
2021-11-05T15:00:00.000000000,38.5,39.77158
2021-11-05T16:00:00.000000000,38.94,39.80082
2021-11-05T17:00:00.000000000,38.79,40.0681
2021-11-05T18:00:00.000000000,38.46,40.23752
2021-11-05T19:00:00.000000000,37.66,40.35473
2021-11-05T20:00:00.000000000,36.02,40.3218
2021-11-05T21:00:00.000000000,33.7,40.10769
2021-11-05T22:00:00.000000000,31.3,40.02953
2021-11-05T23:00:00.000000000,29.09,39.78007
2021-11-06T00:00:00.000000000,26.46,38.34903
2021-11-06T01:00:00.000000000,26.31,37.91863
2021-11-06T02:00:00.000000000,26.7,37.29367
2021-11-06T03:00:00.000000000,26.6,37.34198
2021-11-06T04:00:00.000000000,26.29,37.4786
2021-11-06T05:00:00.000000000,26.06,37.58365
2021-11-06T06:00:00.000000000,27.04,37.76009
2021-11-06T07:00:00.000000000,27.27,38.24628
2021-11-06T08:00:00.000000000,27.33,38.55542
2021-11-06T09:00:00.000000000,27.45,38.6199
2021-11-06T10:00:00.000000000,28.26,38.34662
2021-11-06T11:00:00.000000000,28.73,38.15425
2021-11-06T12:00:00.000000000,29.25,37.86265
2021-11-06T13:00:00.000000000,28.38,37.6735
2021-11-06T14:00:00.000000000,29.12,37.77675
2021-11-06T15:00:00.000000000,30.35,37.98093
2021-11-06T16:00:00.000000000,32.03,38.31257
2021-11-06T17:00:00.000000000,32.92,39.1378
2021-11-06T18:00:00.000000000,33.29,39.8085
2021-11-06T19:00:00.000000000,32.45,40.21452
2021-11-06T20:00:00.000000000,31.94,40.42175
2021-11-06T21:00:00.000000000,30.64,40.25486
2021-11-06T22:00:00.000000000,30.05,39.98791
2021-11-06T23:00:00.000000000,29.5,39.33163
2021-11-04T00:00:00.000000000,37.66,39.04639
2021-11-04T01:00:00.000000000,37.82,39.39289
2021-11-04T02:00:00.000000000,37.87,39.37223
2021-11-04T03:00:00.000000000,37.66,40.05776
2021-11-04T04:00:00.000000000,37.86,40.85454
2021-11-04T05:00:00.000000000,38.04,41.1911
2021-11-04T06:00:00.000000000,39.56,41.92437
2021-11-04T07:00:00.000000000,41.07,42.695
2021-11-04T08:00:00.000000000,41.68,43.27769
2021-11-04T09:00:00.000000000,41.78,43.75016
2021-11-04T10:00:00.000000000,41.45,43.45874
2021-11-04T11:00:00.000000000,42.4,43.68423
2021-11-04T12:00:00.000000000,42.32,43.20089
2021-11-04T13:00:00.000000000,42.0,42.66697
2021-11-04T14:00:00.000000000,41.4,42.352
2021-11-04T15:00:00.000000000,41.18,41.89088
2021-11-04T16:00:00.000000000,41.52,41.58921
2021-11-04T17:00:00.000000000,41.44,41.30781
2021-11-04T18:00:00.000000000,41.67,41.09866
2021-11-04T19:00:00.000000000,40.84,40.75095
2021-11-04T20:00:00.000000000,40.51,40.26919
2021-11-04T21:00:00.000000000,39.28,39.83861
2021-11-04T22:00:00.000000000,36.29,39.55611
2021-11-04T23:00:00.000000000,35.05,39.28252
2021-11-05T00:00:00.000000000,34.61,39.76518
2021-11-05T01:00:00.000000000,35.05,40.06767
2021-11-05T02:00:00.000000000,35.35,39.96296
2021-11-05T03:00:00.000000000,35.33,40.33319
2021-11-05T04:00:00.000000000,35.92,40.73443
2021-11-05T05:00:00.000000000,36.48,40.81316
2021-11-05T06:00:00.000000000,39.73,41.19578
2021-11-05T07:00:00.000000000,40.52,41.60787
2021-11-05T08:00:00.000000000,41.4,41.8439
2021-11-05T09:00:00.000000000,41.47,41.98837
2021-11-05T10:00:00.000000000,41.94,41.56636
2021-11-05T11:00:00.000000000,41.74,41.6371
2021-11-05T12:00:00.000000000,41.22,41.28096
2021-11-05T13:00:00.000000000,41.25,40.78387
2021-11-05T14:00:00.000000000,38.94,40.63095
2021-11-05T15:00:00.000000000,38.5,40.42023
2021-11-05T16:00:00.000000000,38.94,40.27723
2021-11-05T17:00:00.000000000,38.79,40.27282
2021-11-05T18:00:00.000000000,38.46,40.2195
2021-11-05T19:00:00.000000000,37.66,40.15884
2021-11-05T20:00:00.000000000,36.02,39.99
2021-11-05T21:00:00.000000000,33.7,39.74882
2021-11-05T22:00:00.000000000,31.3,39.70937
2021-11-05T23:00:00.000000000,29.09,39.58186
2021-11-06T00:00:00.000000000,26.46,39.15066
2021-11-06T01:00:00.000000000,26.31,39.1845
2021-11-06T02:00:00.000000000,26.7,38.88411
2021-11-06T03:00:00.000000000,26.6,39.10317
2021-11-06T04:00:00.000000000,26.29,39.32115
2021-11-06T05:00:00.000000000,26.06,39.33184
2021-11-06T06:00:00.000000000,27.04,39.49384
2021-11-06T07:00:00.000000000,27.27,39.82786
2021-11-06T08:00:00.000000000,27.33,39.98394
2021-11-06T09:00:00.000000000,27.45,40.03007
2021-11-06T10:00:00.000000000,28.26,39.67273
2021-11-06T11:00:00.000000000,28.73,39.67634
2021-11-06T12:00:00.000000000,29.25,39.47995
2021-11-06T13:00:00.000000000,28.38,39.24933
2021-11-06T14:00:00.000000000,29.12,39.32876
2021-11-06T15:00:00.000000000,30.35,39.41727
2021-11-06T16:00:00.000000000,32.03,39.5454
2021-11-06T17:00:00.000000000,32.92,39.93152
2021-11-06T18:00:00.000000000,33.29,40.1592
2021-11-06T19:00:00.000000000,32.45,40.25604
2021-11-06T20:00:00.000000000,31.94,40.20221
2021-11-06T21:00:00.000000000,30.64,39.93071
2021-11-06T22:00:00.000000000,30.05,39.77637
2021-11-06T23:00:00.000000000,29.5,39.43105
2021-11-07T00:00:00.000000000,29.53,38.58891
2021-11-07T01:00:00.000000000,29.44,38.29175
2021-11-07T02:00:00.000000000,30.1,37.78315
2021-11-07T03:00:00.000000000,30.66,37.92472
2021-11-07T04:00:00.000000000,30.37,38.08318
2021-11-07T05:00:00.000000000,30.14,38.12424
2021-11-07T06:00:00.000000000,30.3,38.19271
2021-11-07T07:00:00.000000000,30.81,38.59733
2021-11-07T08:00:00.000000000,30.39,38.82155
2021-11-07T09:00:00.000000000,31.6,38.88627
2021-11-07T10:00:00.000000000,32.26,38.64587
2021-11-07T11:00:00.000000000,32.54,38.61487
2021-11-07T12:00:00.000000000,32.6,38.49629
2021-11-07T13:00:00.000000000,33.75,38.51089
2021-11-07T14:00:00.000000000,35.63,38.75917
2021-11-07T15:00:00.000000000,36.47,39.06743
2021-11-07T16:00:00.000000000,36.77,39.46878
2021-11-07T17:00:00.000000000,37.39,40.19655
2021-11-07T18:00:00.000000000,37.25,40.72494
2021-11-07T19:00:00.000000000,36.49,40.92853
2021-11-07T20:00:00.000000000,34.64,40.91689
2021-11-07T21:00:00.000000000,33.83,40.56198
2021-11-07T22:00:00.000000000,34.41,40.19397
2021-11-07T23:00:00.000000000,39.51,39.53006
2021-11-05T00:00:00.000000000,34.61,35.9034
2021-11-05T01:00:00.000000000,35.05,36.35795
2021-11-05T02:00:00.000000000,35.35,36.26127
2021-11-05T03:00:00.000000000,35.33,37.02114
2021-11-05T04:00:00.000000000,35.92,37.81039
2021-11-05T05:00:00.000000000,36.48,38.20919
2021-11-05T06:00:00.000000000,39.73,38.95049
2021-11-05T07:00:00.000000000,40.52,39.75074
2021-11-05T08:00:00.000000000,41.4,40.46628
2021-11-05T09:00:00.000000000,41.47,41.03021
2021-11-05T10:00:00.000000000,41.94,40.87724
2021-11-05T11:00:00.000000000,41.74,41.08486
2021-11-05T12:00:00.000000000,41.22,40.62232
2021-11-05T13:00:00.000000000,41.25,40.10946
2021-11-05T14:00:00.000000000,38.94,39.67726
2021-11-05T15:00:00.000000000,38.5,39.08839
2021-11-05T16:00:00.000000000,38.94,38.58696
2021-11-05T17:00:00.000000000,38.79,38.22821
2021-11-05T18:00:00.000000000,38.46,38.00746
2021-11-05T19:00:00.000000000,37.66,37.58811
2021-11-05T20:00:00.000000000,36.02,37.21269
2021-11-05T21:00:00.000000000,33.7,36.91687
2021-11-05T22:00:00.000000000,31.3,36.82511
2021-11-05T23:00:00.000000000,29.09,36.68202
2021-11-06T00:00:00.000000000,26.46,36.28296
2021-11-06T01:00:00.000000000,26.31,36.36141
2021-11-06T02:00:00.000000000,26.7,35.99104
2021-11-06T03:00:00.000000000,26.6,36.25933
2021-11-06T04:00:00.000000000,26.29,36.47663
2021-11-06T05:00:00.000000000,26.06,36.50286
2021-11-06T06:00:00.000000000,27.04,36.69767
2021-11-06T07:00:00.000000000,27.27,37.12575
2021-11-06T08:00:00.000000000,27.33,37.49073
2021-11-06T09:00:00.000000000,27.45,37.76981
2021-11-06T10:00:00.000000000,28.26,37.67541
2021-11-06T11:00:00.000000000,28.73,37.7823
2021-11-06T12:00:00.000000000,29.25,37.72607
2021-11-06T13:00:00.000000000,28.38,37.5909
2021-11-06T14:00:00.000000000,29.12,37.59682
2021-11-06T15:00:00.000000000,30.35,37.52341
2021-11-06T16:00:00.000000000,32.03,37.37854
2021-11-06T17:00:00.000000000,32.92,37.62322
2021-11-06T18:00:00.000000000,33.29,37.73362
2021-11-06T19:00:00.000000000,32.45,37.70105
2021-11-06T20:00:00.000000000,31.94,37.67843
2021-11-06T21:00:00.000000000,30.64,37.50823
2021-11-06T22:00:00.000000000,30.05,37.47887
2021-11-06T23:00:00.000000000,29.5,37.21474
2021-11-07T00:00:00.000000000,29.53,36.9313
2021-11-07T01:00:00.000000000,29.44,36.83274
2021-11-07T02:00:00.000000000,30.1,36.50041
2021-11-07T03:00:00.000000000,30.66,36.79592
2021-11-07T04:00:00.000000000,30.37,36.99588
2021-11-07T05:00:00.000000000,30.14,37.05818
2021-11-07T06:00:00.000000000,30.3,36.98821
2021-11-07T07:00:00.000000000,30.81,37.25294
2021-11-07T08:00:00.000000000,30.39,37.329
2021-11-07T09:00:00.000000000,31.6,37.29306
2021-11-07T10:00:00.000000000,32.26,37.1101
2021-11-07T11:00:00.000000000,32.54,37.12195
2021-11-07T12:00:00.000000000,32.6,37.2143
2021-11-07T13:00:00.000000000,33.75,37.43299
2021-11-07T14:00:00.000000000,35.63,37.87227
2021-11-07T15:00:00.000000000,36.47,38.33406
2021-11-07T16:00:00.000000000,36.77,38.76068
2021-11-07T17:00:00.000000000,37.39,39.44077
2021-11-07T18:00:00.000000000,37.25,39.80601
2021-11-07T19:00:00.000000000,36.49,39.78465
2021-11-07T20:00:00.000000000,34.64,39.63915
2021-11-07T21:00:00.000000000,33.83,39.15785
2021-11-07T22:00:00.000000000,34.41,38.74661
2021-11-07T23:00:00.000000000,39.51,38.08436
2021-11-08T00:00:00.000000000,40.24,40.1124
2021-11-08T01:00:00.000000000,41.12,40.00981
2021-11-08T02:00:00.000000000,41.63,39.6757
2021-11-08T03:00:00.000000000,42.26,39.92771
2021-11-08T04:00:00.000000000,45.2,40.0315
2021-11-08T05:00:00.000000000,45.61,39.87854
2021-11-08T06:00:00.000000000,46.64,39.68854
2021-11-08T07:00:00.000000000,46.9,39.85593
2021-11-08T08:00:00.000000000,48.77,39.83066
2021-11-08T09:00:00.000000000,53.36,39.8358
2021-11-08T10:00:00.000000000,55.32,39.54552
2021-11-08T11:00:00.000000000,55.56,39.79156
2021-11-08T12:00:00.000000000,56.05,40.01181
2021-11-08T13:00:00.000000000,55.6,40.40924
2021-11-08T14:00:00.000000000,56.39,40.97862
2021-11-08T15:00:00.000000000,57.26,41.60141
2021-11-08T16:00:00.000000000,57.11,42.21768
2021-11-08T17:00:00.000000000,58.31,42.88718
2021-11-08T18:00:00.000000000,57.65,43.20767
2021-11-08T19:00:00.000000000,57.22,43.10315
2021-11-08T20:00:00.000000000,51.86,42.68321
2021-11-08T21:00:00.000000000,48.18,41.95572
2021-11-08T22:00:00.000000000,45.59,41.35161
2021-11-08T23:00:00.000000000,44.81,40.6488
2021-11-06T00:00:00.000000000,26.46,33.19662
2021-11-06T01:00:00.000000000,26.31,32.98369
2021-11-06T02:00:00.000000000,26.7,32.32813
2021-11-06T03:00:00.000000000,26.6,32.8871
2021-11-06T04:00:00.000000000,26.29,33.52871
2021-11-06T05:00:00.000000000,26.06,33.98819
2021-11-06T06:00:00.000000000,27.04,34.734
2021-11-06T07:00:00.000000000,27.27,35.84285
2021-11-06T08:00:00.000000000,27.33,36.94907
2021-11-06T09:00:00.000000000,27.45,37.76229
2021-11-06T10:00:00.000000000,28.26,38.08801
2021-11-06T11:00:00.000000000,28.73,38.20574
2021-11-06T12:00:00.000000000,29.25,37.85431
2021-11-06T13:00:00.000000000,28.38,37.61524
2021-11-06T14:00:00.000000000,29.12,37.20828
2021-11-06T15:00:00.000000000,30.35,36.61201
2021-11-06T16:00:00.000000000,32.03,36.22821
2021-11-06T17:00:00.000000000,32.92,36.34956
2021-11-06T18:00:00.000000000,33.29,36.66981
2021-11-06T19:00:00.000000000,32.45,36.63272
2021-11-06T20:00:00.000000000,31.94,36.67251
2021-11-06T21:00:00.000000000,30.64,36.5582
2021-11-06T22:00:00.000000000,30.05,36.41101
2021-11-06T23:00:00.000000000,29.5,35.88499
2021-11-07T00:00:00.000000000,29.53,35.49972
2021-11-07T01:00:00.000000000,29.44,35.36425
2021-11-07T02:00:00.000000000,30.1,34.87952
2021-11-07T03:00:00.000000000,30.66,35.13923
2021-11-07T04:00:00.000000000,30.37,35.37889
2021-11-07T05:00:00.000000000,30.14,35.4952
2021-11-07T06:00:00.000000000,30.3,35.71773
2021-11-07T07:00:00.000000000,30.81,36.26158
2021-11-07T08:00:00.000000000,30.39,36.72825
2021-11-07T09:00:00.000000000,31.6,37.06091
2021-11-07T10:00:00.000000000,32.26,37.10671
2021-11-07T11:00:00.000000000,32.54,37.17112
2021-11-07T12:00:00.000000000,32.6,37.13836
2021-11-07T13:00:00.000000000,33.75,37.10603
2021-11-07T14:00:00.000000000,35.63,37.16486
2021-11-07T15:00:00.000000000,36.47,37.13765
2021-11-07T16:00:00.000000000,36.77,37.09337
2021-11-07T17:00:00.000000000,37.39,37.4901
2021-11-07T18:00:00.000000000,37.25,37.77507
2021-11-07T19:00:00.000000000,36.49,37.80101
2021-11-07T20:00:00.000000000,34.64,37.84466
2021-11-07T21:00:00.000000000,33.83,37.67178
2021-11-07T22:00:00.000000000,34.41,37.53258
2021-11-07T23:00:00.000000000,39.51,37.06641
2021-11-08T00:00:00.000000000,40.24,38.18774
2021-11-08T01:00:00.000000000,41.12,38.08374
2021-11-08T02:00:00.000000000,41.63,37.69081
2021-11-08T03:00:00.000000000,42.26,37.92253
2021-11-08T04:00:00.000000000,45.2,38.05104
2021-11-08T05:00:00.000000000,45.61,37.97777
2021-11-08T06:00:00.000000000,46.64,37.88061
2021-11-08T07:00:00.000000000,46.9,38.18168
2021-11-08T08:00:00.000000000,48.77,38.35296
2021-11-08T09:00:00.000000000,53.36,38.48335
2021-11-08T10:00:00.000000000,55.32,38.40211
2021-11-08T11:00:00.000000000,55.56,38.62621
2021-11-08T12:00:00.000000000,56.05,38.79962
2021-11-08T13:00:00.000000000,55.6,39.10771
2021-11-08T14:00:00.000000000,56.39,39.52661
2021-11-08T15:00:00.000000000,57.26,39.90381
2021-11-08T16:00:00.000000000,57.11,40.28748
2021-11-08T17:00:00.000000000,58.31,40.81414
2021-11-08T18:00:00.000000000,57.65,41.09832
2021-11-08T19:00:00.000000000,57.22,41.00602
2021-11-08T20:00:00.000000000,51.86,40.73674
2021-11-08T21:00:00.000000000,48.18,40.21811
2021-11-08T22:00:00.000000000,45.59,39.79908
2021-11-08T23:00:00.000000000,44.81,39.18392
2021-11-09T00:00:00.000000000,42.52,36.24142
2021-11-09T01:00:00.000000000,41.94,36.54743
2021-11-09T02:00:00.000000000,41.35,36.40664
2021-11-09T03:00:00.000000000,41.65,36.82761
2021-11-09T04:00:00.000000000,42.81,37.09311
2021-11-09T05:00:00.000000000,43.94,37.09648
2021-11-09T06:00:00.000000000,43.43,37.10145
2021-11-09T07:00:00.000000000,43.76,37.29328
2021-11-09T08:00:00.000000000,42.23,37.35141
2021-11-09T09:00:00.000000000,42.08,37.38494
2021-11-09T10:00:00.000000000,41.75,37.12348
2021-11-09T11:00:00.000000000,41.3,37.24051
2021-11-09T12:00:00.000000000,41.01,37.34124
2021-11-09T13:00:00.000000000,41.54,37.39999
2021-11-09T14:00:00.000000000,42.18,37.66656
2021-11-09T15:00:00.000000000,42.43,37.9123
2021-11-09T16:00:00.000000000,42.32,37.97847
2021-11-09T17:00:00.000000000,42.31,38.28629
2021-11-09T18:00:00.000000000,41.73,38.27525
2021-11-09T19:00:00.000000000,39.92,38.05624
2021-11-09T20:00:00.000000000,36.92,37.81998
2021-11-09T21:00:00.000000000,35.24,37.38122
2021-11-09T22:00:00.000000000,34.04,37.20238
2021-11-09T23:00:00.000000000,33.35,36.89899
2021-11-07T00:00:00.000000000,29.53,31.2371
2021-11-07T01:00:00.000000000,29.44,30.96653
2021-11-07T02:00:00.000000000,30.1,30.49648
2021-11-07T03:00:00.000000000,30.66,31.03652
2021-11-07T04:00:00.000000000,30.37,31.39725
2021-11-07T05:00:00.000000000,30.14,31.75354
2021-11-07T06:00:00.000000000,30.3,31.88019
2021-11-07T07:00:00.000000000,30.81,32.36471
2021-11-07T08:00:00.000000000,30.39,32.49655
2021-11-07T09:00:00.000000000,31.6,32.624
2021-11-07T10:00:00.000000000,32.26,32.5308
2021-11-07T11:00:00.000000000,32.54,32.39644
2021-11-07T12:00:00.000000000,32.6,32.71062
2021-11-07T13:00:00.000000000,33.75,33.12617
2021-11-07T14:00:00.000000000,35.63,33.59222
2021-11-07T15:00:00.000000000,36.47,34.21671
2021-11-07T16:00:00.000000000,36.77,34.54323
2021-11-07T17:00:00.000000000,37.39,35.43523
2021-11-07T18:00:00.000000000,37.25,35.99016
2021-11-07T19:00:00.000000000,36.49,35.81945
2021-11-07T20:00:00.000000000,34.64,35.78833
2021-11-07T21:00:00.000000000,33.83,35.23908
2021-11-07T22:00:00.000000000,34.41,34.67452
2021-11-07T23:00:00.000000000,39.51,33.89559
2021-11-08T00:00:00.000000000,40.24,34.7521
2021-11-08T01:00:00.000000000,41.12,34.60311
2021-11-08T02:00:00.000000000,41.63,34.3737
2021-11-08T03:00:00.000000000,42.26,35.01119
2021-11-08T04:00:00.000000000,45.2,35.53117
2021-11-08T05:00:00.000000000,45.61,35.87885
2021-11-08T06:00:00.000000000,46.64,35.83963
2021-11-08T07:00:00.000000000,46.9,36.20272
2021-11-08T08:00:00.000000000,48.77,36.27053
2021-11-08T09:00:00.000000000,53.36,36.14857
2021-11-08T10:00:00.000000000,55.32,36.0147
2021-11-08T11:00:00.000000000,55.56,35.94332
2021-11-08T12:00:00.000000000,56.05,36.10292
2021-11-08T13:00:00.000000000,55.6,36.57849
2021-11-08T14:00:00.000000000,56.39,37.25449
2021-11-08T15:00:00.000000000,57.26,37.97333
2021-11-08T16:00:00.000000000,57.11,38.70036
2021-11-08T17:00:00.000000000,58.31,39.58885
2021-11-08T18:00:00.000000000,57.65,40.05069
2021-11-08T19:00:00.000000000,57.22,39.85024
2021-11-08T20:00:00.000000000,51.86,39.52333
2021-11-08T21:00:00.000000000,48.18,38.71039
2021-11-08T22:00:00.000000000,45.59,37.92257
2021-11-08T23:00:00.000000000,44.81,36.85999
2021-11-09T00:00:00.000000000,42.52,33.62602
2021-11-09T01:00:00.000000000,41.94,34.30101
2021-11-09T02:00:00.000000000,41.35,34.42799
2021-11-09T03:00:00.000000000,41.65,35.18568
2021-11-09T04:00:00.000000000,42.81,35.62563
2021-11-09T05:00:00.000000000,43.94,35.70184
2021-11-09T06:00:00.000000000,43.43,35.54817
2021-11-09T07:00:00.000000000,43.76,35.50641
2021-11-09T08:00:00.000000000,42.23,35.17525
2021-11-09T09:00:00.000000000,42.08,34.9514
2021-11-09T10:00:00.000000000,41.75,34.26088
2021-11-09T11:00:00.000000000,41.3,34.23741
2021-11-09T12:00:00.000000000,41.01,34.44734
2021-11-09T13:00:00.000000000,41.54,34.60592
2021-11-09T14:00:00.000000000,42.18,35.05199
2021-11-09T15:00:00.000000000,42.43,35.63537
2021-11-09T16:00:00.000000000,42.32,35.85538
2021-11-09T17:00:00.000000000,42.31,36.23806
2021-11-09T18:00:00.000000000,41.73,36.12504
2021-11-09T19:00:00.000000000,39.92,35.6025
2021-11-09T20:00:00.000000000,36.92,35.16377
2021-11-09T21:00:00.000000000,35.24,34.47922
2021-11-09T22:00:00.000000000,34.04,34.16541
2021-11-09T23:00:00.000000000,33.35,33.96236
2021-11-10T00:00:00.000000000,33.41,32.77937
2021-11-10T01:00:00.000000000,33.1,33.27309
2021-11-10T02:00:00.000000000,33.53,33.0456
2021-11-10T03:00:00.000000000,33.99,33.38935
2021-11-10T04:00:00.000000000,34.04,33.52508
2021-11-10T05:00:00.000000000,38.2,33.51838
2021-11-10T06:00:00.000000000,40.35,33.41403
2021-11-10T07:00:00.000000000,39.84,33.57064
2021-11-10T08:00:00.000000000,39.29,33.68215
2021-11-10T09:00:00.000000000,38.04,33.83432
2021-11-10T10:00:00.000000000,37.89,33.59416
2021-11-10T11:00:00.000000000,39.91,33.66717
2021-11-10T12:00:00.000000000,44.71,33.78019
2021-11-10T13:00:00.000000000,44.4,33.76641
2021-11-10T14:00:00.000000000,46.01,33.8676
2021-11-10T15:00:00.000000000,46.97,33.90897
2021-11-10T16:00:00.000000000,46.7,33.61866
2021-11-10T17:00:00.000000000,46.09,33.79062
2021-11-10T18:00:00.000000000,46.16,33.68071
2021-11-10T19:00:00.000000000,44.21,33.33453
2021-11-10T20:00:00.000000000,40.01,33.19844
2021-11-10T21:00:00.000000000,36.35,33.11214
2021-11-10T22:00:00.000000000,35.67,33.18191
2021-11-10T23:00:00.000000000,36.09,33.30097
2021-11-08T00:00:00.000000000,40.24,39.56189
2021-11-08T01:00:00.000000000,41.12,39.86389
2021-11-08T02:00:00.000000000,41.63,39.59371
2021-11-08T03:00:00.000000000,42.26,39.87891
2021-11-08T04:00:00.000000000,45.2,39.84946
2021-11-08T05:00:00.000000000,45.61,39.38655
2021-11-08T06:00:00.000000000,46.64,39.07215
2021-11-08T07:00:00.000000000,46.9,39.269
2021-11-08T08:00:00.000000000,48.77,39.53142
2021-11-08T09:00:00.000000000,53.36,40.04606
2021-11-08T10:00:00.000000000,55.32,40.36899
2021-11-08T11:00:00.000000000,55.56,41.30997
2021-11-08T12:00:00.000000000,56.05,42.04578
2021-11-08T13:00:00.000000000,55.6,42.77123
2021-11-08T14:00:00.000000000,56.39,43.31362
2021-11-08T15:00:00.000000000,57.26,43.50751
2021-11-08T16:00:00.000000000,57.11,43.54504
2021-11-08T17:00:00.000000000,58.31,43.35318
2021-11-08T18:00:00.000000000,57.65,42.93969
2021-11-08T19:00:00.000000000,57.22,42.2635
2021-11-08T20:00:00.000000000,51.86,41.42497
2021-11-08T21:00:00.000000000,48.18,40.71494
2021-11-08T22:00:00.000000000,45.59,40.33679
2021-11-08T23:00:00.000000000,44.81,40.02001
2021-11-09T00:00:00.000000000,42.52,38.19475
2021-11-09T01:00:00.000000000,41.94,38.95626
2021-11-09T02:00:00.000000000,41.35,39.05848
2021-11-09T03:00:00.000000000,41.65,39.36005
2021-11-09T04:00:00.000000000,42.81,39.29151
2021-11-09T05:00:00.000000000,43.94,38.84343
2021-11-09T06:00:00.000000000,43.43,38.39984
2021-11-09T07:00:00.000000000,43.76,38.1808
2021-11-09T08:00:00.000000000,42.23,37.94734
2021-11-09T09:00:00.000000000,42.08,37.97316
2021-11-09T10:00:00.000000000,41.75,37.86266
2021-11-09T11:00:00.000000000,41.3,38.47952
2021-11-09T12:00:00.000000000,41.01,39.09157
2021-11-09T13:00:00.000000000,41.54,39.53066
2021-11-09T14:00:00.000000000,42.18,40.06872
2021-11-09T15:00:00.000000000,42.43,40.41062
2021-11-09T16:00:00.000000000,42.32,40.37051
2021-11-09T17:00:00.000000000,42.31,40.20252
2021-11-09T18:00:00.000000000,41.73,39.65779
2021-11-09T19:00:00.000000000,39.92,39.01226
2021-11-09T20:00:00.000000000,36.92,38.37514
2021-11-09T21:00:00.000000000,35.24,37.80897
2021-11-09T22:00:00.000000000,34.04,37.75877
2021-11-09T23:00:00.000000000,33.35,37.83139
2021-11-10T00:00:00.000000000,33.41,36.18823
2021-11-10T01:00:00.000000000,33.1,36.7249
2021-11-10T02:00:00.000000000,33.53,36.69253
2021-11-10T03:00:00.000000000,33.99,37.09734
2021-11-10T04:00:00.000000000,34.04,37.2083
2021-11-10T05:00:00.000000000,38.2,37.01153
2021-11-10T06:00:00.000000000,40.35,36.76881
2021-11-10T07:00:00.000000000,39.84,36.76717
2021-11-10T08:00:00.000000000,39.29,36.71357
2021-11-10T09:00:00.000000000,38.04,36.77424
2021-11-10T10:00:00.000000000,37.89,36.63428
2021-11-10T11:00:00.000000000,39.91,37.02013
2021-11-10T12:00:00.000000000,44.71,37.43573
2021-11-10T13:00:00.000000000,44.4,37.75665
2021-11-10T14:00:00.000000000,46.01,38.17724
2021-11-10T15:00:00.000000000,46.97,38.48724
2021-11-10T16:00:00.000000000,46.7,38.47969
2021-11-10T17:00:00.000000000,46.09,38.55736
2021-11-10T18:00:00.000000000,46.16,38.27447
2021-11-10T19:00:00.000000000,44.21,37.77899
2021-11-10T20:00:00.000000000,40.01,37.31673
2021-11-10T21:00:00.000000000,36.35,36.78984
2021-11-10T22:00:00.000000000,35.67,36.66137
2021-11-10T23:00:00.000000000,36.09,36.52879
2021-11-11T00:00:00.000000000,36.45,34.8484
2021-11-11T01:00:00.000000000,37.05,35.28868
2021-11-11T02:00:00.000000000,37.06,35.16963
2021-11-11T03:00:00.000000000,36.87,35.61798
2021-11-11T04:00:00.000000000,35.87,35.80496
2021-11-11T05:00:00.000000000,38.07,35.72741
2021-11-11T06:00:00.000000000,39.98,35.5966
2021-11-11T07:00:00.000000000,39.48,35.71228
2021-11-11T08:00:00.000000000,38.9,35.75887
2021-11-11T09:00:00.000000000,38.81,35.86052
2021-11-11T10:00:00.000000000,39.82,35.67927
2021-11-11T11:00:00.000000000,39.7,35.93249
2021-11-11T12:00:00.000000000,39.66,36.22509
2021-11-11T13:00:00.000000000,39.88,36.43943
2021-11-11T14:00:00.000000000,39.86,36.75668
2021-11-11T15:00:00.000000000,40.32,37.01392
2021-11-11T16:00:00.000000000,40.81,36.97865
2021-11-11T17:00:00.000000000,41.26,37.15113
2021-11-11T18:00:00.000000000,39.86,36.99608
2021-11-11T19:00:00.000000000,38.11,36.573
2021-11-11T20:00:00.000000000,36.89,36.22177
2021-11-11T21:00:00.000000000,34.28,35.76714
2021-11-11T22:00:00.000000000,33.11,35.64509
2021-11-11T23:00:00.000000000,33.39,35.4633
2021-11-09T00:00:00.000000000,42.52,47.5328
2021-11-09T01:00:00.000000000,41.94,47.66182
2021-11-09T02:00:00.000000000,41.35,47.62553
2021-11-09T03:00:00.000000000,41.65,47.94029
2021-11-09T04:00:00.000000000,42.81,48.03394
2021-11-09T05:00:00.000000000,43.94,47.49284
2021-11-09T06:00:00.000000000,43.43,47.72177
2021-11-09T07:00:00.000000000,43.76,48.12061
2021-11-09T08:00:00.000000000,42.23,48.50311
2021-11-09T09:00:00.000000000,42.08,49.42981
2021-11-09T10:00:00.000000000,41.75,49.57535
2021-11-09T11:00:00.000000000,41.3,50.91923
2021-11-09T12:00:00.000000000,41.01,51.5598
2021-11-09T13:00:00.000000000,41.54,51.99936
2021-11-09T14:00:00.000000000,42.18,52.37524
2021-11-09T15:00:00.000000000,42.43,52.35575
2021-11-09T16:00:00.000000000,42.32,52.22349
2021-11-09T17:00:00.000000000,42.31,51.63702
2021-11-09T18:00:00.000000000,41.73,50.9297
2021-11-09T19:00:00.000000000,39.92,50.0763
2021-11-09T20:00:00.000000000,36.92,48.71436
2021-11-09T21:00:00.000000000,35.24,47.74647
2021-11-09T22:00:00.000000000,34.04,46.88548
2021-11-09T23:00:00.000000000,33.35,46.46349
2021-11-10T00:00:00.000000000,33.41,48.88437
2021-11-10T01:00:00.000000000,33.1,49.0437
2021-11-10T02:00:00.000000000,33.53,48.89256
2021-11-10T03:00:00.000000000,33.99,48.66613
2021-11-10T04:00:00.000000000,34.04,48.18941
2021-11-10T05:00:00.000000000,38.2,47.42618
2021-11-10T06:00:00.000000000,40.35,47.31371
2021-11-10T07:00:00.000000000,39.84,47.22269
2021-11-10T08:00:00.000000000,39.29,47.17773
2021-11-10T09:00:00.000000000,38.04,47.55113
2021-11-10T10:00:00.000000000,37.89,47.25116
2021-11-10T11:00:00.000000000,39.91,48.12601
2021-11-10T12:00:00.000000000,44.71,48.49914
2021-11-10T13:00:00.000000000,44.4,48.5401
2021-11-10T14:00:00.000000000,46.01,48.78101
2021-11-10T15:00:00.000000000,46.97,48.91581
2021-11-10T16:00:00.000000000,46.7,48.82853
2021-11-10T17:00:00.000000000,46.09,48.59361
2021-11-10T18:00:00.000000000,46.16,48.25323
2021-11-10T19:00:00.000000000,44.21,47.96935
2021-11-10T20:00:00.000000000,40.01,47.29194
2021-11-10T21:00:00.000000000,36.35,46.85024
2021-11-10T22:00:00.000000000,35.67,46.57167
2021-11-10T23:00:00.000000000,36.09,46.5835
2021-11-11T00:00:00.000000000,36.45,47.14586
2021-11-11T01:00:00.000000000,37.05,47.48194
2021-11-11T02:00:00.000000000,37.06,47.46687
2021-11-11T03:00:00.000000000,36.87,47.39329
2021-11-11T04:00:00.000000000,35.87,47.09204
2021-11-11T05:00:00.000000000,38.07,46.51497
2021-11-11T06:00:00.000000000,39.98,46.35177
2021-11-11T07:00:00.000000000,39.48,46.12869
2021-11-11T08:00:00.000000000,38.9,45.80234
2021-11-11T09:00:00.000000000,38.81,45.75559
2021-11-11T10:00:00.000000000,39.82,45.11892
2021-11-11T11:00:00.000000000,39.7,45.61351
2021-11-11T12:00:00.000000000,39.66,45.78263
2021-11-11T13:00:00.000000000,39.88,45.65925
2021-11-11T14:00:00.000000000,39.86,45.94326
2021-11-11T15:00:00.000000000,40.32,46.26183
2021-11-11T16:00:00.000000000,40.81,46.37619
2021-11-11T17:00:00.000000000,41.26,46.38472
2021-11-11T18:00:00.000000000,39.86,46.16622
2021-11-11T19:00:00.000000000,38.11,46.00011
2021-11-11T20:00:00.000000000,36.89,45.48319
2021-11-11T21:00:00.000000000,34.28,45.02581
2021-11-11T22:00:00.000000000,33.11,44.81969
2021-11-11T23:00:00.000000000,33.39,44.83221
2021-11-12T00:00:00.000000000,33.38,47.05219
2021-11-12T01:00:00.000000000,33.93,47.03986
2021-11-12T02:00:00.000000000,34.13,46.75553
2021-11-12T03:00:00.000000000,35.11,46.62509
2021-11-12T04:00:00.000000000,39.91,46.30233
2021-11-12T05:00:00.000000000,47.29,45.73669
2021-11-12T06:00:00.000000000,48.47,45.6033
2021-11-12T07:00:00.000000000,48.31,45.53349
2021-11-12T08:00:00.000000000,48.64,45.35064
2021-11-12T09:00:00.000000000,50.0,45.42751
2021-11-12T10:00:00.000000000,51.01,44.83731
2021-11-12T11:00:00.000000000,50.91,45.32592
2021-11-12T12:00:00.000000000,50.13,45.50642
2021-11-12T13:00:00.000000000,50.75,45.52773
2021-11-12T14:00:00.000000000,49.83,45.84514
2021-11-12T15:00:00.000000000,50.61,46.26715
2021-11-12T16:00:00.000000000,49.49,46.5606
2021-11-12T17:00:00.000000000,49.68,46.87101
2021-11-12T18:00:00.000000000,44.56,46.95058
2021-11-12T19:00:00.000000000,41.94,46.94098
2021-11-12T20:00:00.000000000,42.97,46.47781
2021-11-12T21:00:00.000000000,43.17,45.94605
2021-11-12T22:00:00.000000000,40.96,45.55719
2021-11-12T23:00:00.000000000,36.47,45.31841
2021-11-10T00:00:00.000000000,33.41,35.6826
2021-11-10T01:00:00.000000000,33.1,36.48777
2021-11-10T02:00:00.000000000,33.53,36.76236
2021-11-10T03:00:00.000000000,33.99,37.64051
2021-11-10T04:00:00.000000000,34.04,38.31942
2021-11-10T05:00:00.000000000,38.2,38.53739
2021-11-10T06:00:00.000000000,40.35,38.74587
2021-11-10T07:00:00.000000000,39.84,38.94278
2021-11-10T08:00:00.000000000,39.29,38.94704
2021-11-10T09:00:00.000000000,38.04,38.94372
2021-11-10T10:00:00.000000000,37.89,38.50483
2021-11-10T11:00:00.000000000,39.91,38.69604
2021-11-10T12:00:00.000000000,44.71,38.692
2021-11-10T13:00:00.000000000,44.4,38.61266
2021-11-10T14:00:00.000000000,46.01,38.77872
2021-11-10T15:00:00.000000000,46.97,38.87627
2021-11-10T16:00:00.000000000,46.7,38.79639
2021-11-10T17:00:00.000000000,46.09,38.68864
2021-11-10T18:00:00.000000000,46.16,38.28934
2021-11-10T19:00:00.000000000,44.21,37.65119
2021-11-10T20:00:00.000000000,40.01,37.04416
2021-11-10T21:00:00.000000000,36.35,36.35573
2021-11-10T22:00:00.000000000,35.67,36.11293
2021-11-10T23:00:00.000000000,36.09,35.95919
2021-11-11T00:00:00.000000000,36.45,35.72044
2021-11-11T01:00:00.000000000,37.05,36.06137
2021-11-11T02:00:00.000000000,37.06,35.9
2021-11-11T03:00:00.000000000,36.87,36.3211
2021-11-11T04:00:00.000000000,35.87,36.58497
2021-11-11T05:00:00.000000000,38.07,36.58845
2021-11-11T06:00:00.000000000,39.98,36.62952
2021-11-11T07:00:00.000000000,39.48,36.85916
2021-11-11T08:00:00.000000000,38.9,37.00895
2021-11-11T09:00:00.000000000,38.81,37.12849
2021-11-11T10:00:00.000000000,39.82,36.93211
2021-11-11T11:00:00.000000000,39.7,37.09133
2021-11-11T12:00:00.000000000,39.66,37.18583
2021-11-11T13:00:00.000000000,39.88,37.21572
2021-11-11T14:00:00.000000000,39.86,37.4036
2021-11-11T15:00:00.000000000,40.32,37.54069
2021-11-11T16:00:00.000000000,40.81,37.48872
2021-11-11T17:00:00.000000000,41.26,37.69803
2021-11-11T18:00:00.000000000,39.86,37.63516
2021-11-11T19:00:00.000000000,38.11,37.38172
2021-11-11T20:00:00.000000000,36.89,37.15573
2021-11-11T21:00:00.000000000,34.28,36.7715
2021-11-11T22:00:00.000000000,33.11,36.66688
2021-11-11T23:00:00.000000000,33.39,36.4305
2021-11-12T00:00:00.000000000,33.38,37.63571
2021-11-12T01:00:00.000000000,33.93,37.64279
2021-11-12T02:00:00.000000000,34.13,37.34345
2021-11-12T03:00:00.000000000,35.11,37.57381
2021-11-12T04:00:00.000000000,39.91,37.65005
2021-11-12T05:00:00.000000000,47.29,37.55259
2021-11-12T06:00:00.000000000,48.47,37.35024
2021-11-12T07:00:00.000000000,48.31,37.50993
2021-11-12T08:00:00.000000000,48.64,37.52739
2021-11-12T09:00:00.000000000,50.0,37.5262
2021-11-12T10:00:00.000000000,51.01,37.40468
2021-11-12T11:00:00.000000000,50.91,37.58805
2021-11-12T12:00:00.000000000,50.13,37.84115
2021-11-12T13:00:00.000000000,50.75,38.17737
2021-11-12T14:00:00.000000000,49.83,38.68338
2021-11-12T15:00:00.000000000,50.61,39.15417
2021-11-12T16:00:00.000000000,49.49,39.53006
2021-11-12T17:00:00.000000000,49.68,40.06892
2021-11-12T18:00:00.000000000,44.56,40.28115
2021-11-12T19:00:00.000000000,41.94,40.15034
2021-11-12T20:00:00.000000000,42.97,39.89328
2021-11-12T21:00:00.000000000,43.17,39.39035
2021-11-12T22:00:00.000000000,40.96,39.0277
2021-11-12T23:00:00.000000000,36.47,38.48232
2021-11-13T00:00:00.000000000,35.52,39.45161
2021-11-13T01:00:00.000000000,34.19,39.65401
2021-11-13T02:00:00.000000000,34.36,39.53319
2021-11-13T03:00:00.000000000,34.57,39.84331
2021-11-13T04:00:00.000000000,36.21,39.92429
2021-11-13T05:00:00.000000000,40.24,39.71199
2021-11-13T06:00:00.000000000,46.27,39.39777
2021-11-13T07:00:00.000000000,48.41,39.38886
2021-11-13T08:00:00.000000000,49.7,39.19504
2021-11-13T09:00:00.000000000,50.25,39.09733
2021-11-13T10:00:00.000000000,51.01,38.81972
2021-11-13T11:00:00.000000000,51.6,39.13811
2021-11-13T12:00:00.000000000,51.71,39.50386
2021-11-13T13:00:00.000000000,50.63,39.94483
2021-11-13T14:00:00.000000000,49.94,40.59103
2021-11-13T15:00:00.000000000,50.4,41.21554
2021-11-13T16:00:00.000000000,51.36,41.70464
2021-11-13T17:00:00.000000000,51.67,42.15336
2021-11-13T18:00:00.000000000,50.27,42.19798
2021-11-13T19:00:00.000000000,49.66,41.89903
2021-11-13T20:00:00.000000000,47.72,41.38558
2021-11-13T21:00:00.000000000,44.04,40.65845
2021-11-13T22:00:00.000000000,41.67,40.18029
2021-11-13T23:00:00.000000000,39.35,39.6797
2021-11-11T00:00:00.000000000,36.45,38.71488
2021-11-11T01:00:00.000000000,37.05,39.6254
2021-11-11T02:00:00.000000000,37.06,39.80535
2021-11-11T03:00:00.000000000,36.87,40.42382
2021-11-11T04:00:00.000000000,35.87,40.55678
2021-11-11T05:00:00.000000000,38.07,40.05013
2021-11-11T06:00:00.000000000,39.98,39.63233
2021-11-11T07:00:00.000000000,39.48,39.60044
2021-11-11T08:00:00.000000000,38.9,39.60747
2021-11-11T09:00:00.000000000,38.81,40.06439
2021-11-11T10:00:00.000000000,39.82,40.33602
2021-11-11T11:00:00.000000000,39.7,41.5598
2021-11-11T12:00:00.000000000,39.66,42.61194
2021-11-11T13:00:00.000000000,39.88,43.50735
2021-11-11T14:00:00.000000000,39.86,44.21993
2021-11-11T15:00:00.000000000,40.32,44.44603
2021-11-11T16:00:00.000000000,40.81,44.3005
2021-11-11T17:00:00.000000000,41.26,43.62331
2021-11-11T18:00:00.000000000,39.86,42.61456
2021-11-11T19:00:00.000000000,38.11,41.35064
2021-11-11T20:00:00.000000000,36.89,40.01998
2021-11-11T21:00:00.000000000,34.28,39.05163
2021-11-11T22:00:00.000000000,33.11,38.64186
2021-11-11T23:00:00.000000000,33.39,38.56518
2021-11-12T00:00:00.000000000,33.38,41.93422
2021-11-12T01:00:00.000000000,33.93,42.4743
2021-11-12T02:00:00.000000000,34.13,42.42014
2021-11-12T03:00:00.000000000,35.11,42.55876
2021-11-12T04:00:00.000000000,39.91,42.29553
2021-11-12T05:00:00.000000000,47.29,41.58336
2021-11-12T06:00:00.000000000,48.47,41.07682
2021-11-12T07:00:00.000000000,48.31,40.91993
2021-11-12T08:00:00.000000000,48.64,40.81645
2021-11-12T09:00:00.000000000,50.0,41.1276
2021-11-12T10:00:00.000000000,51.01,41.20619
2021-11-12T11:00:00.000000000,50.91,42.20817
2021-11-12T12:00:00.000000000,50.13,43.04879
2021-11-12T13:00:00.000000000,50.75,43.72101
2021-11-12T14:00:00.000000000,49.83,44.3507
2021-11-12T15:00:00.000000000,50.61,44.68248
2021-11-12T16:00:00.000000000,49.49,44.69916
2021-11-12T17:00:00.000000000,49.68,44.39774
2021-11-12T18:00:00.000000000,44.56,43.80601
2021-11-12T19:00:00.000000000,41.94,43.08411
2021-11-12T20:00:00.000000000,42.97,42.19297
2021-11-12T21:00:00.000000000,43.17,41.50367
2021-11-12T22:00:00.000000000,40.96,41.251
2021-11-12T23:00:00.000000000,36.47,41.21321
2021-11-13T00:00:00.000000000,35.52,42.72136
2021-11-13T01:00:00.000000000,34.19,43.27396
2021-11-13T02:00:00.000000000,34.36,43.33231
2021-11-13T03:00:00.000000000,34.57,43.53534
2021-11-13T04:00:00.000000000,36.21,43.41485
2021-11-13T05:00:00.000000000,40.24,42.85358
2021-11-13T06:00:00.000000000,46.27,42.51447
2021-11-13T07:00:00.000000000,48.41,42.35767
2021-11-13T08:00:00.000000000,49.7,42.14794
2021-11-13T09:00:00.000000000,50.25,42.28625
2021-11-13T10:00:00.000000000,51.01,42.06669
2021-11-13T11:00:00.000000000,51.6,42.82615
2021-11-13T12:00:00.000000000,51.71,43.38855
2021-11-13T13:00:00.000000000,50.63,43.76433
2021-11-13T14:00:00.000000000,49.94,44.2854
2021-11-13T15:00:00.000000000,50.4,44.62136
2021-11-13T16:00:00.000000000,51.36,44.69763
2021-11-13T17:00:00.000000000,51.67,44.50855
2021-11-13T18:00:00.000000000,50.27,44.02666
2021-11-13T19:00:00.000000000,49.66,43.44337
2021-11-13T20:00:00.000000000,47.72,42.65379
2021-11-13T21:00:00.000000000,44.04,41.98633
2021-11-13T22:00:00.000000000,41.67,41.7129
2021-11-13T23:00:00.000000000,39.35,41.66157
2021-11-14T00:00:00.000000000,38.54,42.83736
2021-11-14T01:00:00.000000000,38.19,43.34997
2021-11-14T02:00:00.000000000,38.2,43.46148
2021-11-14T03:00:00.000000000,38.33,43.81489
2021-11-14T04:00:00.000000000,38.67,43.91834
2021-11-14T05:00:00.000000000,39.22,43.53524
2021-11-14T06:00:00.000000000,42.01,43.41038
2021-11-14T07:00:00.000000000,45.68,43.39816
2021-11-14T08:00:00.000000000,47.2,43.26352
2021-11-14T09:00:00.000000000,47.85,43.42346
2021-11-14T10:00:00.000000000,48.33,43.10462
2021-11-14T11:00:00.000000000,48.48,43.7711
2021-11-14T12:00:00.000000000,48.56,44.1584
2021-11-14T13:00:00.000000000,48.06,44.38932
2021-11-14T14:00:00.000000000,47.81,44.82231
2021-11-14T15:00:00.000000000,47.38,45.09883
2021-11-14T16:00:00.000000000,47.86,45.19617
2021-11-14T17:00:00.000000000,47.75,45.03448
2021-11-14T18:00:00.000000000,46.94,44.59802
2021-11-14T19:00:00.000000000,45.98,44.02582
2021-11-14T20:00:00.000000000,44.4,43.20373
2021-11-14T21:00:00.000000000,41.84,42.46659
2021-11-14T22:00:00.000000000,41.17,42.06228
2021-11-14T23:00:00.000000000,40.11,41.89059
2021-11-12T00:00:00.000000000,33.38,37.56418
2021-11-12T01:00:00.000000000,33.93,38.09298
2021-11-12T02:00:00.000000000,34.13,38.09798
2021-11-12T03:00:00.000000000,35.11,38.84933
2021-11-12T04:00:00.000000000,39.91,39.43805
2021-11-12T05:00:00.000000000,47.29,39.49217
2021-11-12T06:00:00.000000000,48.47,39.74638
2021-11-12T07:00:00.000000000,48.31,40.24708
2021-11-12T08:00:00.000000000,48.64,40.66398
2021-11-12T09:00:00.000000000,50.0,41.17647
2021-11-12T10:00:00.000000000,51.01,41.20653
2021-11-12T11:00:00.000000000,50.91,41.85518
2021-11-12T12:00:00.000000000,50.13,42.07261
2021-11-12T13:00:00.000000000,50.75,42.27287
2021-11-12T14:00:00.000000000,49.83,42.44241
2021-11-12T15:00:00.000000000,50.61,42.31868
2021-11-12T16:00:00.000000000,49.49,42.14182
2021-11-12T17:00:00.000000000,49.68,41.77811
2021-11-12T18:00:00.000000000,44.56,41.3057
2021-11-12T19:00:00.000000000,41.94,40.52771
2021-11-12T20:00:00.000000000,42.97,39.65417
2021-11-12T21:00:00.000000000,43.17,38.92257
2021-11-12T22:00:00.000000000,40.96,38.48516
2021-11-12T23:00:00.000000000,36.47,38.16442
2021-11-13T00:00:00.000000000,35.52,40.64696
2021-11-13T01:00:00.000000000,34.19,41.13343
2021-11-13T02:00:00.000000000,34.36,41.17716
2021-11-13T03:00:00.000000000,34.57,41.56523
2021-11-13T04:00:00.000000000,36.21,41.79185
2021-11-13T05:00:00.000000000,40.24,41.58259
2021-11-13T06:00:00.000000000,46.27,41.59775
2021-11-13T07:00:00.000000000,48.41,41.74017
2021-11-13T08:00:00.000000000,49.7,41.75551
2021-11-13T09:00:00.000000000,50.25,41.92338
2021-11-13T10:00:00.000000000,51.01,41.64644
2021-11-13T11:00:00.000000000,51.6,42.12534
2021-11-13T12:00:00.000000000,51.71,42.30433
2021-11-13T13:00:00.000000000,50.63,42.34898
2021-11-13T14:00:00.000000000,49.94,42.5983
2021-11-13T15:00:00.000000000,50.4,42.69121
2021-11-13T16:00:00.000000000,51.36,42.67743
2021-11-13T17:00:00.000000000,51.67,42.53703
2021-11-13T18:00:00.000000000,50.27,42.20252
2021-11-13T19:00:00.000000000,49.66,41.75515
2021-11-13T20:00:00.000000000,47.72,41.15851
2021-11-13T21:00:00.000000000,44.04,40.59734
2021-11-13T22:00:00.000000000,41.67,40.35832
2021-11-13T23:00:00.000000000,39.35,40.22193
2021-11-14T00:00:00.000000000,38.54,40.92473
2021-11-14T01:00:00.000000000,38.19,41.46135
2021-11-14T02:00:00.000000000,38.2,41.60592
2021-11-14T03:00:00.000000000,38.33,42.08654
2021-11-14T04:00:00.000000000,38.67,42.42519
2021-11-14T05:00:00.000000000,39.22,42.30954
2021-11-14T06:00:00.000000000,42.01,42.38762
2021-11-14T07:00:00.000000000,45.68,42.509
2021-11-14T08:00:00.000000000,47.2,42.43359
2021-11-14T09:00:00.000000000,47.85,42.47909
2021-11-14T10:00:00.000000000,48.33,42.03575
2021-11-14T11:00:00.000000000,48.48,42.3984
2021-11-14T12:00:00.000000000,48.56,42.46666
2021-11-14T13:00:00.000000000,48.06,42.40235
2021-11-14T14:00:00.000000000,47.81,42.64648
2021-11-14T15:00:00.000000000,47.38,42.78991
2021-11-14T16:00:00.000000000,47.86,42.84417
2021-11-14T17:00:00.000000000,47.75,42.75975
2021-11-14T18:00:00.000000000,46.94,42.44222
2021-11-14T19:00:00.000000000,45.98,42.01058
2021-11-14T20:00:00.000000000,44.4,41.40438
2021-11-14T21:00:00.000000000,41.84,40.78888
2021-11-14T22:00:00.000000000,41.17,40.49499
2021-11-14T23:00:00.000000000,40.11,40.32455
2021-11-15T00:00:00.000000000,39.15,39.0506
2021-11-15T01:00:00.000000000,39.11,39.43596
2021-11-15T02:00:00.000000000,38.97,39.4222
2021-11-15T03:00:00.000000000,40.24,39.82583
2021-11-15T04:00:00.000000000,43.56,40.07788
2021-11-15T05:00:00.000000000,47.81,39.98612
2021-11-15T06:00:00.000000000,52.75,39.9564
2021-11-15T07:00:00.000000000,54.6,40.07102
2021-11-15T08:00:00.000000000,54.81,39.99859
2021-11-15T09:00:00.000000000,55.14,39.97184
2021-11-15T10:00:00.000000000,55.28,39.61109
2021-11-15T11:00:00.000000000,55.15,39.8396
2021-11-15T12:00:00.000000000,55.5,39.94314
2021-11-15T13:00:00.000000000,55.53,39.98282
2021-11-15T14:00:00.000000000,55.49,40.29616
2021-11-15T15:00:00.000000000,54.87,40.54847
2021-11-15T16:00:00.000000000,54.56,40.70277
2021-11-15T17:00:00.000000000,54.69,40.86896
2021-11-15T18:00:00.000000000,54.05,40.76162
2021-11-15T19:00:00.000000000,54.09,40.48135
2021-11-15T20:00:00.000000000,52.1,40.07979
2021-11-15T21:00:00.000000000,44.43,39.54891
2021-11-15T22:00:00.000000000,40.09,39.30725
2021-11-15T23:00:00.000000000,40.89,39.05342
2021-11-13T00:00:00.000000000,35.52,43.65743
2021-11-13T01:00:00.000000000,34.19,44.69066
2021-11-13T02:00:00.000000000,34.36,45.65608
2021-11-13T03:00:00.000000000,34.57,46.97099
2021-11-13T04:00:00.000000000,36.21,48.41462
2021-11-13T05:00:00.000000000,40.24,49.12192
2021-11-13T06:00:00.000000000,46.27,50.30673
2021-11-13T07:00:00.000000000,48.41,51.03081
2021-11-13T08:00:00.000000000,49.7,51.35319
2021-11-13T09:00:00.000000000,50.25,51.72754
2021-11-13T10:00:00.000000000,51.01,50.85941
2021-11-13T11:00:00.000000000,51.6,51.25329
2021-11-13T12:00:00.000000000,51.71,50.48768
2021-11-13T13:00:00.000000000,50.63,49.53125
2021-11-13T14:00:00.000000000,49.94,49.23931
2021-11-13T15:00:00.000000000,50.4,48.81464
2021-11-13T16:00:00.000000000,51.36,48.39086
2021-11-13T17:00:00.000000000,51.67,47.41123
2021-11-13T18:00:00.000000000,50.27,46.3159
2021-11-13T19:00:00.000000000,49.66,45.07089
2021-11-13T20:00:00.000000000,47.72,43.48427
2021-11-13T21:00:00.000000000,44.04,42.51847
2021-11-13T22:00:00.000000000,41.67,41.59643
2021-11-13T23:00:00.000000000,39.35,41.26778
2021-11-14T00:00:00.000000000,38.54,44.88419
2021-11-14T01:00:00.000000000,38.19,45.50707
2021-11-14T02:00:00.000000000,38.2,46.03176
2021-11-14T03:00:00.000000000,38.33,46.80463
2021-11-14T04:00:00.000000000,38.67,47.65162
2021-11-14T05:00:00.000000000,39.22,47.92609
2021-11-14T06:00:00.000000000,42.01,48.70856
2021-11-14T07:00:00.000000000,45.68,49.18171
2021-11-14T08:00:00.000000000,47.2,49.31016
2021-11-14T09:00:00.000000000,47.85,49.51969
2021-11-14T10:00:00.000000000,48.33,48.75806
2021-11-14T11:00:00.000000000,48.48,49.05471
2021-11-14T12:00:00.000000000,48.56,48.5434
2021-11-14T13:00:00.000000000,48.06,47.78956
2021-11-14T14:00:00.000000000,47.81,47.62535
2021-11-14T15:00:00.000000000,47.38,47.36716
2021-11-14T16:00:00.000000000,47.86,47.16151
2021-11-14T17:00:00.000000000,47.75,46.66577
2021-11-14T18:00:00.000000000,46.94,46.06294
2021-11-14T19:00:00.000000000,45.98,45.46914
2021-11-14T20:00:00.000000000,44.4,44.55247
2021-11-14T21:00:00.000000000,41.84,43.8749
2021-11-14T22:00:00.000000000,41.17,43.30372
2021-11-14T23:00:00.000000000,40.11,43.07855
2021-11-15T00:00:00.000000000,39.15,44.11034
2021-11-15T01:00:00.000000000,39.11,44.55742
2021-11-15T02:00:00.000000000,38.97,44.77113
2021-11-15T03:00:00.000000000,40.24,45.23403
2021-11-15T04:00:00.000000000,43.56,45.71356
2021-11-15T05:00:00.000000000,47.81,45.76059
2021-11-15T06:00:00.000000000,52.75,46.21722
2021-11-15T07:00:00.000000000,54.6,46.49966
2021-11-15T08:00:00.000000000,54.81,46.50566
2021-11-15T09:00:00.000000000,55.14,46.54869
2021-11-15T10:00:00.000000000,55.28,45.83228
2021-11-15T11:00:00.000000000,55.15,46.01961
2021-11-15T12:00:00.000000000,55.5,45.64341
2021-11-15T13:00:00.000000000,55.53,45.05053
2021-11-15T14:00:00.000000000,55.49,44.97961
2021-11-15T15:00:00.000000000,54.87,44.89013
2021-11-15T16:00:00.000000000,54.56,44.84434
2021-11-15T17:00:00.000000000,54.69,44.686
2021-11-15T18:00:00.000000000,54.05,44.40891
2021-11-15T19:00:00.000000000,54.09,44.16202
2021-11-15T20:00:00.000000000,52.1,43.63606
2021-11-15T21:00:00.000000000,44.43,43.13778
2021-11-15T22:00:00.000000000,40.09,42.82701
2021-11-15T23:00:00.000000000,40.89,42.6736
2021-11-16T00:00:00.000000000,41.35,42.29311
2021-11-16T01:00:00.000000000,41.53,42.64937
2021-11-16T02:00:00.000000000,41.5,42.64125
2021-11-16T03:00:00.000000000,42.43,42.91598
2021-11-16T04:00:00.000000000,45.4,43.15892
2021-11-16T05:00:00.000000000,50.18,43.06497
2021-11-16T06:00:00.000000000,50.23,43.27457
2021-11-16T07:00:00.000000000,49.98,43.4614
2021-11-16T08:00:00.000000000,50.05,43.44693
2021-11-16T09:00:00.000000000,49.7,43.43951
2021-11-16T10:00:00.000000000,48.78,42.86806
2021-11-16T11:00:00.000000000,48.11,43.02165
2021-11-16T12:00:00.000000000,48.56,42.79329
2021-11-16T13:00:00.000000000,49.15,42.38432
2021-11-16T14:00:00.000000000,49.27,42.39865
2021-11-16T15:00:00.000000000,48.94,42.39953
2021-11-16T16:00:00.000000000,49.59,42.40463
2021-11-16T17:00:00.000000000,49.59,42.42823
2021-11-16T18:00:00.000000000,50.2,42.31539
2021-11-16T19:00:00.000000000,48.4,42.22254
2021-11-16T20:00:00.000000000,46.97,41.92335
2021-11-16T21:00:00.000000000,44.13,41.56523
2021-11-16T22:00:00.000000000,42.2,41.44558
2021-11-16T23:00:00.000000000,40.2,41.3431
2021-11-14T00:00:00.000000000,38.54,45.01793
2021-11-14T01:00:00.000000000,38.19,45.48424
2021-11-14T02:00:00.000000000,38.2,46.05108
2021-11-14T03:00:00.000000000,38.33,47.09962
2021-11-14T04:00:00.000000000,38.67,48.41453
2021-11-14T05:00:00.000000000,39.22,49.00725
2021-11-14T06:00:00.000000000,42.01,50.29716
2021-11-14T07:00:00.000000000,45.68,51.33137
2021-11-14T08:00:00.000000000,47.2,51.90501
2021-11-14T09:00:00.000000000,47.85,52.60161
2021-11-14T10:00:00.000000000,48.33,52.03123
2021-11-14T11:00:00.000000000,48.48,52.58586
2021-11-14T12:00:00.000000000,48.56,51.96821
2021-11-14T13:00:00.000000000,48.06,51.18213
2021-11-14T14:00:00.000000000,47.81,50.90003
2021-11-14T15:00:00.000000000,47.38,50.38459
2021-11-14T16:00:00.000000000,47.86,49.99985
2021-11-14T17:00:00.000000000,47.75,49.20678
2021-11-14T18:00:00.000000000,46.94,48.35024
2021-11-14T19:00:00.000000000,45.98,47.38608
2021-11-14T20:00:00.000000000,44.4,45.93459
2021-11-14T21:00:00.000000000,41.84,45.00465
2021-11-14T22:00:00.000000000,41.17,43.94862
2021-11-14T23:00:00.000000000,40.11,43.40315
2021-11-15T00:00:00.000000000,39.15,45.59453
2021-11-15T01:00:00.000000000,39.11,46.00517
2021-11-15T02:00:00.000000000,38.97,46.24111
2021-11-15T03:00:00.000000000,40.24,46.66579
2021-11-15T04:00:00.000000000,43.56,47.10029
2021-11-15T05:00:00.000000000,47.81,47.06045
2021-11-15T06:00:00.000000000,52.75,47.58224
2021-11-15T07:00:00.000000000,54.6,47.93776
2021-11-15T08:00:00.000000000,54.81,48.07235
2021-11-15T09:00:00.000000000,55.14,48.36152
2021-11-15T10:00:00.000000000,55.28,47.80272
2021-11-15T11:00:00.000000000,55.15,48.24482
2021-11-15T12:00:00.000000000,55.5,47.98499
2021-11-15T13:00:00.000000000,55.53,47.46905
2021-11-15T14:00:00.000000000,55.49,47.3911
2021-11-15T15:00:00.000000000,54.87,47.19929
2021-11-15T16:00:00.000000000,54.56,47.02154
2021-11-15T17:00:00.000000000,54.69,46.64814
2021-11-15T18:00:00.000000000,54.05,46.2071
2021-11-15T19:00:00.000000000,54.09,45.80162
2021-11-15T20:00:00.000000000,52.1,45.07219
2021-11-15T21:00:00.000000000,44.43,44.52829
2021-11-15T22:00:00.000000000,40.09,44.10813
2021-11-15T23:00:00.000000000,40.89,43.95362
2021-11-16T00:00:00.000000000,41.35,44.23112
2021-11-16T01:00:00.000000000,41.53,44.60445
2021-11-16T02:00:00.000000000,41.5,44.65996
2021-11-16T03:00:00.000000000,42.43,44.89515
2021-11-16T04:00:00.000000000,45.4,45.09282
2021-11-16T05:00:00.000000000,50.18,44.92589
2021-11-16T06:00:00.000000000,50.23,45.17119
2021-11-16T07:00:00.000000000,49.98,45.33621
2021-11-16T08:00:00.000000000,50.05,45.31059
2021-11-16T09:00:00.000000000,49.7,45.36947
2021-11-16T10:00:00.000000000,48.78,44.77256
2021-11-16T11:00:00.000000000,48.11,45.04914
2021-11-16T12:00:00.000000000,48.56,44.8482
2021-11-16T13:00:00.000000000,49.15,44.41104
2021-11-16T14:00:00.000000000,49.27,44.41211
2021-11-16T15:00:00.000000000,48.94,44.38275
2021-11-16T16:00:00.000000000,49.59,44.33727
2021-11-16T17:00:00.000000000,49.59,44.23227
2021-11-16T18:00:00.000000000,50.2,44.01228
2021-11-16T19:00:00.000000000,48.4,43.85055
2021-11-16T20:00:00.000000000,46.97,43.42828
2021-11-16T21:00:00.000000000,44.13,43.03144
2021-11-16T22:00:00.000000000,42.2,42.85432
2021-11-16T23:00:00.000000000,40.2,42.78898
2021-11-17T00:00:00.000000000,40.5,42.05309
2021-11-17T01:00:00.000000000,40.14,42.39476
2021-11-17T02:00:00.000000000,40.6,42.29914
2021-11-17T03:00:00.000000000,40.6,42.43815
2021-11-17T04:00:00.000000000,41.3,42.51596
2021-11-17T05:00:00.000000000,43.45,42.3258
2021-11-17T06:00:00.000000000,43.66,42.42155
2021-11-17T07:00:00.000000000,44.82,42.52263
2021-11-17T08:00:00.000000000,44.15,42.47068
2021-11-17T09:00:00.000000000,44.37,42.41304
2021-11-17T10:00:00.000000000,44.56,41.86831
2021-11-17T11:00:00.000000000,44.65,41.99112
2021-11-17T12:00:00.000000000,43.6,41.79428
2021-11-17T13:00:00.000000000,43.64,41.38761
2021-11-17T14:00:00.000000000,44.85,41.40055
2021-11-17T15:00:00.000000000,44.85,41.40886
2021-11-17T16:00:00.000000000,45.22,41.39022
2021-11-17T17:00:00.000000000,45.53,41.45903
2021-11-17T18:00:00.000000000,45.63,41.39129
2021-11-17T19:00:00.000000000,43.73,41.39684
2021-11-17T20:00:00.000000000,39.46,41.22806
2021-11-17T21:00:00.000000000,37.98,41.00186
2021-11-17T22:00:00.000000000,39.08,41.03012
2021-11-17T23:00:00.000000000,38.75,41.02477
2021-11-15T00:00:00.000000000,39.15,42.93403
2021-11-15T01:00:00.000000000,39.11,43.10499
2021-11-15T02:00:00.000000000,38.97,43.07325
2021-11-15T03:00:00.000000000,40.24,43.60416
2021-11-15T04:00:00.000000000,43.56,44.28972
2021-11-15T05:00:00.000000000,47.81,44.45092
2021-11-15T06:00:00.000000000,52.75,45.24963
2021-11-15T07:00:00.000000000,54.6,46.07698
2021-11-15T08:00:00.000000000,54.81,46.71744
2021-11-15T09:00:00.000000000,55.14,47.39271
2021-11-15T10:00:00.000000000,55.28,47.16347
2021-11-15T11:00:00.000000000,55.15,47.65391
2021-11-15T12:00:00.000000000,55.5,47.27246
2021-11-15T13:00:00.000000000,55.53,46.78762
2021-11-15T14:00:00.000000000,55.49,46.50382
2021-11-15T15:00:00.000000000,54.87,46.01281
2021-11-15T16:00:00.000000000,54.56,45.70768
2021-11-15T17:00:00.000000000,54.69,45.30599
2021-11-15T18:00:00.000000000,54.05,44.99844
2021-11-15T19:00:00.000000000,54.09,44.62278
2021-11-15T20:00:00.000000000,52.1,43.93617
2021-11-15T21:00:00.000000000,44.43,43.41278
2021-11-15T22:00:00.000000000,40.09,42.93524
2021-11-15T23:00:00.000000000,40.89,42.60063
2021-11-16T00:00:00.000000000,41.35,43.94225
2021-11-16T01:00:00.000000000,41.53,44.28706
2021-11-16T02:00:00.000000000,41.5,44.26855
2021-11-16T03:00:00.000000000,42.43,44.43504
2021-11-16T04:00:00.000000000,45.4,44.57598
2021-11-16T05:00:00.000000000,50.18,44.34933
2021-11-16T06:00:00.000000000,50.23,44.60945
2021-11-16T07:00:00.000000000,49.98,44.85265
2021-11-16T08:00:00.000000000,50.05,44.97929
2021-11-16T09:00:00.000000000,49.7,45.21369
2021-11-16T10:00:00.000000000,48.78,44.79885
2021-11-16T11:00:00.000000000,48.11,45.19901
2021-11-16T12:00:00.000000000,48.56,45.0522
2021-11-16T13:00:00.000000000,49.15,44.65372
2021-11-16T14:00:00.000000000,49.27,44.59167
2021-11-16T15:00:00.000000000,48.94,44.42151
2021-11-16T16:00:00.000000000,49.59,44.23573
2021-11-16T17:00:00.000000000,49.59,43.99671
2021-11-16T18:00:00.000000000,50.2,43.71811
2021-11-16T19:00:00.000000000,48.4,43.52275
2021-11-16T20:00:00.000000000,46.97,43.10215
2021-11-16T21:00:00.000000000,44.13,42.78318
2021-11-16T22:00:00.000000000,42.2,42.67858
2021-11-16T23:00:00.000000000,40.2,42.67302
2021-11-17T00:00:00.000000000,40.5,42.39566
2021-11-17T01:00:00.000000000,40.14,42.71538
2021-11-17T02:00:00.000000000,40.6,42.63216
2021-11-17T03:00:00.000000000,40.6,42.77674
2021-11-17T04:00:00.000000000,41.3,42.84307
2021-11-17T05:00:00.000000000,43.45,42.6138
2021-11-17T06:00:00.000000000,43.66,42.66264
2021-11-17T07:00:00.000000000,44.82,42.74577
2021-11-17T08:00:00.000000000,44.15,42.66531
2021-11-17T09:00:00.000000000,44.37,42.63143
2021-11-17T10:00:00.000000000,44.56,42.10889
2021-11-17T11:00:00.000000000,44.65,42.31
2021-11-17T12:00:00.000000000,43.6,42.21199
2021-11-17T13:00:00.000000000,43.64,41.92789
2021-11-17T14:00:00.000000000,44.85,42.03345
2021-11-17T15:00:00.000000000,44.85,42.1285
2021-11-17T16:00:00.000000000,45.22,42.17246
2021-11-17T17:00:00.000000000,45.53,42.26195
2021-11-17T18:00:00.000000000,45.63,42.1793
2021-11-17T19:00:00.000000000,43.73,42.12424
2021-11-17T20:00:00.000000000,39.46,41.86208
2021-11-17T21:00:00.000000000,37.98,41.53732
2021-11-17T22:00:00.000000000,39.08,41.46557
2021-11-17T23:00:00.000000000,38.75,41.3968
2021-11-18T00:00:00.000000000,38.4,39.72081
2021-11-18T01:00:00.000000000,37.77,39.8231
2021-11-18T02:00:00.000000000,37.07,39.56562
2021-11-18T03:00:00.000000000,37.87,39.75036
2021-11-18T04:00:00.000000000,39.7,39.9022
2021-11-18T05:00:00.000000000,41.68,39.84122
2021-11-18T06:00:00.000000000,42.53,39.93165
2021-11-18T07:00:00.000000000,43.51,40.16637
2021-11-18T08:00:00.000000000,43.22,40.2225
2021-11-18T09:00:00.000000000,44.02,40.20179
2021-11-18T10:00:00.000000000,43.83,39.78752
2021-11-18T11:00:00.000000000,43.13,39.80817
2021-11-18T12:00:00.000000000,43.89,39.65301
2021-11-18T13:00:00.000000000,43.6,39.4256
2021-11-18T14:00:00.000000000,43.52,39.54242
2021-11-18T15:00:00.000000000,43.06,39.67711
2021-11-18T16:00:00.000000000,42.7,39.80927
2021-11-18T17:00:00.000000000,42.5,40.17608
2021-11-18T18:00:00.000000000,41.07,40.34781
2021-11-18T19:00:00.000000000,37.84,40.43372
2021-11-18T20:00:00.000000000,35.44,40.35782
2021-11-18T21:00:00.000000000,33.75,40.08482
2021-11-18T22:00:00.000000000,33.28,39.9658
2021-11-18T23:00:00.000000000,33.61,39.69111
2021-11-16T00:00:00.000000000,41.35,45.66562
2021-11-16T01:00:00.000000000,41.53,46.30694
2021-11-16T02:00:00.000000000,41.5,47.08775
2021-11-16T03:00:00.000000000,42.43,48.22847
2021-11-16T04:00:00.000000000,45.4,49.57344
2021-11-16T05:00:00.000000000,50.18,50.17689
2021-11-16T06:00:00.000000000,50.23,51.37411
2021-11-16T07:00:00.000000000,49.98,52.1959
2021-11-16T08:00:00.000000000,50.05,52.48712
2021-11-16T09:00:00.000000000,49.7,52.91973
2021-11-16T10:00:00.000000000,48.78,52.08852
2021-11-16T11:00:00.000000000,48.11,52.50845
2021-11-16T12:00:00.000000000,48.56,51.86805
2021-11-16T13:00:00.000000000,49.15,51.02327
2021-11-16T14:00:00.000000000,49.27,50.85459
2021-11-16T15:00:00.000000000,48.94,50.53016
2021-11-16T16:00:00.000000000,49.59,50.27412
2021-11-16T17:00:00.000000000,49.59,49.55874
2021-11-16T18:00:00.000000000,50.2,48.6451
2021-11-16T19:00:00.000000000,48.4,47.65651
2021-11-16T20:00:00.000000000,46.97,46.17578
2021-11-16T21:00:00.000000000,44.13,45.16824
2021-11-16T22:00:00.000000000,42.2,44.07886
2021-11-16T23:00:00.000000000,40.2,43.55401
2021-11-17T00:00:00.000000000,40.5,46.27988
2021-11-17T01:00:00.000000000,40.14,46.77563
2021-11-17T02:00:00.000000000,40.6,47.0982
2021-11-17T03:00:00.000000000,40.6,47.50184
2021-11-17T04:00:00.000000000,41.3,47.88304
2021-11-17T05:00:00.000000000,43.45,47.81153
2021-11-17T06:00:00.000000000,43.66,48.27526
2021-11-17T07:00:00.000000000,44.82,48.49981
2021-11-17T08:00:00.000000000,44.15,48.48488
2021-11-17T09:00:00.000000000,44.37,48.63471
2021-11-17T10:00:00.000000000,44.56,47.95196
2021-11-17T11:00:00.000000000,44.65,48.33881
2021-11-17T12:00:00.000000000,43.6,48.06835
2021-11-17T13:00:00.000000000,43.64,47.49262
2021-11-17T14:00:00.000000000,44.85,47.44509
2021-11-17T15:00:00.000000000,44.85,47.32713
2021-11-17T16:00:00.000000000,45.22,47.17406
2021-11-17T17:00:00.000000000,45.53,46.80918
2021-11-17T18:00:00.000000000,45.63,46.33291
2021-11-17T19:00:00.000000000,43.73,45.93943
2021-11-17T20:00:00.000000000,39.46,45.22582
2021-11-17T21:00:00.000000000,37.98,44.69186
2021-11-17T22:00:00.000000000,39.08,44.31706
2021-11-17T23:00:00.000000000,38.75,44.23153
2021-11-18T00:00:00.000000000,38.4,45.22995
2021-11-18T01:00:00.000000000,37.77,45.63935
2021-11-18T02:00:00.000000000,37.07,45.77555
2021-11-18T03:00:00.000000000,37.87,46.03205
2021-11-18T04:00:00.000000000,39.7,46.27057
2021-11-18T05:00:00.000000000,41.68,46.13486
2021-11-18T06:00:00.000000000,42.53,46.46361
2021-11-18T07:00:00.000000000,43.51,46.63391
2021-11-18T08:00:00.000000000,43.22,46.5899
2021-11-18T09:00:00.000000000,44.02,46.63683
2021-11-18T10:00:00.000000000,43.83,45.96164
2021-11-18T11:00:00.000000000,43.13,46.22693
2021-11-18T12:00:00.000000000,43.89,45.95001
2021-11-18T13:00:00.000000000,43.6,45.3937
2021-11-18T14:00:00.000000000,43.52,45.34223
2021-11-18T15:00:00.000000000,43.06,45.26899
2021-11-18T16:00:00.000000000,42.7,45.18212
2021-11-18T17:00:00.000000000,42.5,45.00533
2021-11-18T18:00:00.000000000,41.07,44.72392
2021-11-18T19:00:00.000000000,37.84,44.54463
2021-11-18T20:00:00.000000000,35.44,44.08289
2021-11-18T21:00:00.000000000,33.75,43.68421
2021-11-18T22:00:00.000000000,33.28,43.48913
2021-11-18T23:00:00.000000000,33.61,43.45053
2021-11-19T00:00:00.000000000,34.3,42.85292
2021-11-19T01:00:00.000000000,34.75,43.16058
2021-11-19T02:00:00.000000000,35.14,43.10959
2021-11-19T03:00:00.000000000,34.63,43.30912
2021-11-19T04:00:00.000000000,34.11,43.49689
2021-11-19T05:00:00.000000000,34.76,43.39649
2021-11-19T06:00:00.000000000,35.97,43.60373
2021-11-19T07:00:00.000000000,36.45,43.75776
2021-11-19T08:00:00.000000000,35.65,43.69417
2021-11-19T09:00:00.000000000,35.92,43.59691
2021-11-19T10:00:00.000000000,35.54,42.93429
2021-11-19T11:00:00.000000000,36.15,42.9876
2021-11-19T12:00:00.000000000,35.81,42.67526
2021-11-19T13:00:00.000000000,35.74,42.1647
2021-11-19T14:00:00.000000000,35.64,42.14616
2021-11-19T15:00:00.000000000,34.89,42.16714
2021-11-19T16:00:00.000000000,34.83,42.2061
2021-11-19T17:00:00.000000000,34.87,42.31841
2021-11-19T18:00:00.000000000,33.32,42.28734
2021-11-19T19:00:00.000000000,32.84,42.32516
2021-11-19T20:00:00.000000000,32.25,42.13377
2021-11-19T21:00:00.000000000,32.38,41.84522
2021-11-19T22:00:00.000000000,32.17,41.77884
2021-11-19T23:00:00.000000000,30.68,41.69434
2021-11-17T00:00:00.000000000,40.5,44.12244
2021-11-17T01:00:00.000000000,40.14,44.73878
2021-11-17T02:00:00.000000000,40.6,45.27071
2021-11-17T03:00:00.000000000,40.6,46.14983
2021-11-17T04:00:00.000000000,41.3,46.97369
2021-11-17T05:00:00.000000000,43.45,47.14352
2021-11-17T06:00:00.000000000,43.66,47.6362
2021-11-17T07:00:00.000000000,44.82,47.90054
2021-11-17T08:00:00.000000000,44.15,47.74626
2021-11-17T09:00:00.000000000,44.37,47.77707
2021-11-17T10:00:00.000000000,44.56,46.94022
2021-11-17T11:00:00.000000000,44.65,47.27409
2021-11-17T12:00:00.000000000,43.6,47.10093
2021-11-17T13:00:00.000000000,43.64,46.77974
2021-11-17T14:00:00.000000000,44.85,47.00956
2021-11-17T15:00:00.000000000,44.85,47.19791
2021-11-17T16:00:00.000000000,45.22,47.35835
2021-11-17T17:00:00.000000000,45.53,47.19121
2021-11-17T18:00:00.000000000,45.63,46.68813
2021-11-17T19:00:00.000000000,43.73,46.03233
2021-11-17T20:00:00.000000000,39.46,44.98566
2021-11-17T21:00:00.000000000,37.98,43.98916
2021-11-17T22:00:00.000000000,39.08,43.17401
2021-11-17T23:00:00.000000000,38.75,42.74134
2021-11-18T00:00:00.000000000,38.4,44.71069
2021-11-18T01:00:00.000000000,37.77,45.19509
2021-11-18T02:00:00.000000000,37.07,45.38092
2021-11-18T03:00:00.000000000,37.87,45.70057
2021-11-18T04:00:00.000000000,39.7,45.89957
2021-11-18T05:00:00.000000000,41.68,45.66227
2021-11-18T06:00:00.000000000,42.53,45.80649
2021-11-18T07:00:00.000000000,43.51,45.86075
2021-11-18T08:00:00.000000000,43.22,45.71365
2021-11-18T09:00:00.000000000,44.02,45.76345
2021-11-18T10:00:00.000000000,43.83,45.16171
2021-11-18T11:00:00.000000000,43.13,45.58197
2021-11-18T12:00:00.000000000,43.89,45.57365
2021-11-18T13:00:00.000000000,43.6,45.32353
2021-11-18T14:00:00.000000000,43.52,45.4953
2021-11-18T15:00:00.000000000,43.06,45.60866
2021-11-18T16:00:00.000000000,42.7,45.62483
2021-11-18T17:00:00.000000000,42.5,45.46286
2021-11-18T18:00:00.000000000,41.07,45.09906
2021-11-18T19:00:00.000000000,37.84,44.74126
2021-11-18T20:00:00.000000000,35.44,44.09446
2021-11-18T21:00:00.000000000,33.75,43.5172
2021-11-18T22:00:00.000000000,33.28,43.19744
2021-11-18T23:00:00.000000000,33.61,43.10069
2021-11-19T00:00:00.000000000,34.3,42.39888
2021-11-19T01:00:00.000000000,34.75,42.83321
2021-11-19T02:00:00.000000000,35.14,42.86689
2021-11-19T03:00:00.000000000,34.63,43.10456
2021-11-19T04:00:00.000000000,34.11,43.24566
2021-11-19T05:00:00.000000000,34.76,43.08037
2021-11-19T06:00:00.000000000,35.97,43.12699
2021-11-19T07:00:00.000000000,36.45,43.12824
2021-11-19T08:00:00.000000000,35.65,42.91212
2021-11-19T09:00:00.000000000,35.92,42.70897
2021-11-19T10:00:00.000000000,35.54,42.03133
2021-11-19T11:00:00.000000000,36.15,42.11683
2021-11-19T12:00:00.000000000,35.81,41.9469
2021-11-19T13:00:00.000000000,35.74,41.5797
2021-11-19T14:00:00.000000000,35.64,41.70819
2021-11-19T15:00:00.000000000,34.89,41.87132
2021-11-19T16:00:00.000000000,34.83,41.97797
2021-11-19T17:00:00.000000000,34.87,42.10274
2021-11-19T18:00:00.000000000,33.32,41.99637
2021-11-19T19:00:00.000000000,32.84,41.93823
2021-11-19T20:00:00.000000000,32.25,41.66994
2021-11-19T21:00:00.000000000,32.38,41.3061
2021-11-19T22:00:00.000000000,32.17,41.23224
2021-11-19T23:00:00.000000000,30.68,41.17869
2021-11-20T00:00:00.000000000,30.95,41.30597
2021-11-20T01:00:00.000000000,30.99,41.39004
2021-11-20T02:00:00.000000000,31.37,41.10194
2021-11-20T03:00:00.000000000,31.58,41.13236
2021-11-20T04:00:00.000000000,31.0,41.01076
2021-11-20T05:00:00.000000000,31.14,40.66779
2021-11-20T06:00:00.000000000,31.78,40.43506
2021-11-20T07:00:00.000000000,32.62,40.46334
2021-11-20T08:00:00.000000000,32.35,40.37206
2021-11-20T09:00:00.000000000,33.13,40.36581
2021-11-20T10:00:00.000000000,33.64,40.05162
2021-11-20T11:00:00.000000000,33.65,40.35295
2021-11-20T12:00:00.000000000,34.5,40.55309
2021-11-20T13:00:00.000000000,35.62,40.7232
2021-11-20T14:00:00.000000000,36.98,41.12574
2021-11-20T15:00:00.000000000,37.06,41.52818
2021-11-20T16:00:00.000000000,37.61,41.83106
2021-11-20T17:00:00.000000000,37.37,42.21867
2021-11-20T18:00:00.000000000,37.35,42.33268
2021-11-20T19:00:00.000000000,36.08,42.27745
2021-11-20T20:00:00.000000000,35.28,41.98169
2021-11-20T21:00:00.000000000,33.52,41.53501
2021-11-20T22:00:00.000000000,32.7,41.28906
2021-11-20T23:00:00.000000000,33.52,40.98065
2021-11-18T00:00:00.000000000,38.4,37.79849
2021-11-18T01:00:00.000000000,37.77,38.54906
2021-11-18T02:00:00.000000000,37.07,38.85081
2021-11-18T03:00:00.000000000,37.87,39.82265
2021-11-18T04:00:00.000000000,39.7,40.73995
2021-11-18T05:00:00.000000000,41.68,41.08295
2021-11-18T06:00:00.000000000,42.53,41.65603
2021-11-18T07:00:00.000000000,43.51,42.18093
2021-11-18T08:00:00.000000000,43.22,42.48595
2021-11-18T09:00:00.000000000,44.02,42.78515
2021-11-18T10:00:00.000000000,43.83,42.36106
2021-11-18T11:00:00.000000000,43.13,42.68172
2021-11-18T12:00:00.000000000,43.89,42.42942
2021-11-18T13:00:00.000000000,43.6,42.09993
2021-11-18T14:00:00.000000000,43.52,42.01616
2021-11-18T15:00:00.000000000,43.06,41.78359
2021-11-18T16:00:00.000000000,42.7,41.52708
2021-11-18T17:00:00.000000000,42.5,41.12119
2021-11-18T18:00:00.000000000,41.07,40.60908
2021-11-18T19:00:00.000000000,37.84,39.86841
2021-11-18T20:00:00.000000000,35.44,39.04488
2021-11-18T21:00:00.000000000,33.75,38.34605
2021-11-18T22:00:00.000000000,33.28,37.95212
2021-11-18T23:00:00.000000000,33.61,37.73675
2021-11-19T00:00:00.000000000,34.3,36.83464
2021-11-19T01:00:00.000000000,34.75,37.40929
2021-11-19T02:00:00.000000000,35.14,37.37682
2021-11-19T03:00:00.000000000,34.63,37.76142
2021-11-19T04:00:00.000000000,34.11,37.93266
2021-11-19T05:00:00.000000000,34.76,37.79887
2021-11-19T06:00:00.000000000,35.97,37.73703
2021-11-19T07:00:00.000000000,36.45,37.79935
2021-11-19T08:00:00.000000000,35.65,37.81147
2021-11-19T09:00:00.000000000,35.92,37.86209
2021-11-19T10:00:00.000000000,35.54,37.60253
2021-11-19T11:00:00.000000000,36.15,37.86221
2021-11-19T12:00:00.000000000,35.81,38.00976
2021-11-19T13:00:00.000000000,35.74,38.02562
2021-11-19T14:00:00.000000000,35.64,38.22776
2021-11-19T15:00:00.000000000,34.89,38.36673
2021-11-19T16:00:00.000000000,34.83,38.25342
2021-11-19T17:00:00.000000000,34.87,38.2727
2021-11-19T18:00:00.000000000,33.32,38.00854
2021-11-19T19:00:00.000000000,32.84,37.65163
2021-11-19T20:00:00.000000000,32.25,37.32309
2021-11-19T21:00:00.000000000,32.38,36.92279
2021-11-19T22:00:00.000000000,32.17,36.91863
2021-11-19T23:00:00.000000000,30.68,36.88783
2021-11-20T00:00:00.000000000,30.95,36.6412
2021-11-20T01:00:00.000000000,30.99,36.86732
2021-11-20T02:00:00.000000000,31.37,36.6644
2021-11-20T03:00:00.000000000,31.58,36.97071
2021-11-20T04:00:00.000000000,31.0,37.09319
2021-11-20T05:00:00.000000000,31.14,36.99272
2021-11-20T06:00:00.000000000,31.78,36.87768
2021-11-20T07:00:00.000000000,32.62,37.03582
2021-11-20T08:00:00.000000000,32.35,37.10055
2021-11-20T09:00:00.000000000,33.13,37.18493
2021-11-20T10:00:00.000000000,33.64,37.07903
2021-11-20T11:00:00.000000000,33.65,37.30876
2021-11-20T12:00:00.000000000,34.5,37.56294
2021-11-20T13:00:00.000000000,35.62,37.77047
2021-11-20T14:00:00.000000000,36.98,38.12602
2021-11-20T15:00:00.000000000,37.06,38.39262
2021-11-20T16:00:00.000000000,37.61,38.47006
2021-11-20T17:00:00.000000000,37.37,38.76259
2021-11-20T18:00:00.000000000,37.35,38.74972
2021-11-20T19:00:00.000000000,36.08,38.51485
2021-11-20T20:00:00.000000000,35.28,38.26072
2021-11-20T21:00:00.000000000,33.52,37.85273
2021-11-20T22:00:00.000000000,32.7,37.68072
2021-11-20T23:00:00.000000000,33.52,37.37172
2021-11-21T00:00:00.000000000,33.6,38.01604
2021-11-21T01:00:00.000000000,33.7,38.32514
2021-11-21T02:00:00.000000000,33.66,38.12109
2021-11-21T03:00:00.000000000,33.46,38.34653
2021-11-21T04:00:00.000000000,33.53,38.28981
2021-11-21T05:00:00.000000000,34.98,37.92378
2021-11-21T06:00:00.000000000,36.17,37.58256
2021-11-21T07:00:00.000000000,37.29,37.65531
2021-11-21T08:00:00.000000000,39.45,37.71697
2021-11-21T09:00:00.000000000,41.85,37.95696
2021-11-21T10:00:00.000000000,43.33,38.08895
2021-11-21T11:00:00.000000000,43.88,38.71604
2021-11-21T12:00:00.000000000,44.69,39.31342
2021-11-21T13:00:00.000000000,44.28,39.87395
2021-11-21T14:00:00.000000000,44.02,40.40621
2021-11-21T15:00:00.000000000,43.29,40.71098
2021-11-21T16:00:00.000000000,43.06,40.80039
2021-11-21T17:00:00.000000000,43.14,40.83655
2021-11-21T18:00:00.000000000,43.28,40.599
2021-11-21T19:00:00.000000000,43.47,40.11049
2021-11-21T20:00:00.000000000,44.36,39.56904
2021-11-21T21:00:00.000000000,45.96,39.02675
2021-11-21T22:00:00.000000000,46.56,38.80098
2021-11-21T23:00:00.000000000,47.51,38.54707
2021-11-19T00:00:00.000000000,34.3,34.06348
2021-11-19T01:00:00.000000000,34.75,34.67347
2021-11-19T02:00:00.000000000,35.14,34.80695
2021-11-19T03:00:00.000000000,34.63,35.78922
2021-11-19T04:00:00.000000000,34.11,36.68631
2021-11-19T05:00:00.000000000,34.76,37.19792
2021-11-19T06:00:00.000000000,35.97,37.79762
2021-11-19T07:00:00.000000000,36.45,38.33812
2021-11-19T08:00:00.000000000,35.65,38.74066
2021-11-19T09:00:00.000000000,35.92,38.93556
2021-11-19T10:00:00.000000000,35.54,38.59739
2021-11-19T11:00:00.000000000,36.15,38.65162
2021-11-19T12:00:00.000000000,35.81,38.2671
2021-11-19T13:00:00.000000000,35.74,37.93
2021-11-19T14:00:00.000000000,35.64,37.75802
2021-11-19T15:00:00.000000000,34.89,37.58017
2021-11-19T16:00:00.000000000,34.83,37.35658
2021-11-19T17:00:00.000000000,34.87,37.27456
2021-11-19T18:00:00.000000000,33.32,37.04711
2021-11-19T19:00:00.000000000,32.84,36.54129
2021-11-19T20:00:00.000000000,32.25,36.11689
2021-11-19T21:00:00.000000000,32.38,35.50939
2021-11-19T22:00:00.000000000,32.17,35.27867
2021-11-19T23:00:00.000000000,30.68,35.04213
2021-11-20T00:00:00.000000000,30.95,35.44738
2021-11-20T01:00:00.000000000,30.99,35.46141
2021-11-20T02:00:00.000000000,31.37,35.13024
2021-11-20T03:00:00.000000000,31.58,35.47405
2021-11-20T04:00:00.000000000,31.0,35.67976
2021-11-20T05:00:00.000000000,31.14,35.72596
2021-11-20T06:00:00.000000000,31.78,35.75769
2021-11-20T07:00:00.000000000,32.62,36.11059
2021-11-20T08:00:00.000000000,32.35,36.35996
2021-11-20T09:00:00.000000000,33.13,36.5667
2021-11-20T10:00:00.000000000,33.64,36.59219
2021-11-20T11:00:00.000000000,33.65,36.75507
2021-11-20T12:00:00.000000000,34.5,36.96603
2021-11-20T13:00:00.000000000,35.62,37.16534
2021-11-20T14:00:00.000000000,36.98,37.46802
2021-11-20T15:00:00.000000000,37.06,37.67163
2021-11-20T16:00:00.000000000,37.61,37.73455
2021-11-20T17:00:00.000000000,37.37,38.11672
2021-11-20T18:00:00.000000000,37.35,38.25133
2021-11-20T19:00:00.000000000,36.08,38.07774
2021-11-20T20:00:00.000000000,35.28,37.91957
2021-11-20T21:00:00.000000000,33.52,37.55446
2021-11-20T22:00:00.000000000,32.7,37.31809
2021-11-20T23:00:00.000000000,33.52,36.83774
2021-11-21T00:00:00.000000000,33.6,38.54076
2021-11-21T01:00:00.000000000,33.7,38.76904
2021-11-21T02:00:00.000000000,33.66,38.53166
2021-11-21T03:00:00.000000000,33.46,38.75561
2021-11-21T04:00:00.000000000,33.53,38.73773
2021-11-21T05:00:00.000000000,34.98,38.41856
2021-11-21T06:00:00.000000000,36.17,38.13114
2021-11-21T07:00:00.000000000,37.29,38.2483
2021-11-21T08:00:00.000000000,39.45,38.32883
2021-11-21T09:00:00.000000000,41.85,38.55114
2021-11-21T10:00:00.000000000,43.33,38.61885
2021-11-21T11:00:00.000000000,43.88,39.1814
2021-11-21T12:00:00.000000000,44.69,39.67945
2021-11-21T13:00:00.000000000,44.28,40.17902
2021-11-21T14:00:00.000000000,44.02,40.68396
2021-11-21T15:00:00.000000000,43.29,40.99961
2021-11-21T16:00:00.000000000,43.06,41.16247
2021-11-21T17:00:00.000000000,43.14,41.28462
2021-11-21T18:00:00.000000000,43.28,41.14851
2021-11-21T19:00:00.000000000,43.47,40.73866
2021-11-21T20:00:00.000000000,44.36,40.22472
2021-11-21T21:00:00.000000000,45.96,39.66679
2021-11-21T22:00:00.000000000,46.56,39.38451
2021-11-21T23:00:00.000000000,47.51,39.05715
2021-11-22T00:00:00.000000000,48.4,38.81317
2021-11-22T01:00:00.000000000,49.07,39.45171
2021-11-22T02:00:00.000000000,49.11,39.53801
2021-11-22T03:00:00.000000000,48.39,39.87026
2021-11-22T04:00:00.000000000,46.28,39.85516
2021-11-22T05:00:00.000000000,48.81,39.44377
2021-11-22T06:00:00.000000000,50.04,39.03722
2021-11-22T07:00:00.000000000,50.0,38.87406
2021-11-22T08:00:00.000000000,49.98,38.62793
2021-11-22T09:00:00.000000000,49.66,38.64212
2021-11-22T10:00:00.000000000,50.07,38.50422
2021-11-22T11:00:00.000000000,50.12,39.10106
2021-11-22T12:00:00.000000000,51.19,39.70468
2021-11-22T13:00:00.000000000,50.62,40.17275
2021-11-22T14:00:00.000000000,49.53,40.76016
2021-11-22T15:00:00.000000000,48.72,41.15272
2021-11-22T16:00:00.000000000,48.27,41.2385
2021-11-22T17:00:00.000000000,46.94,41.15768
2021-11-22T18:00:00.000000000,45.9,40.71334
2021-11-22T19:00:00.000000000,46.26,40.10554
2021-11-22T20:00:00.000000000,45.89,39.45074
2021-11-22T21:00:00.000000000,44.85,38.82483
2021-11-22T22:00:00.000000000,43.82,38.6536
2021-11-22T23:00:00.000000000,42.04,38.59624
2021-11-20T00:00:00.000000000,30.95,32.36144
2021-11-20T01:00:00.000000000,30.99,32.84537
2021-11-20T02:00:00.000000000,31.37,32.70625
2021-11-20T03:00:00.000000000,31.58,33.27092
2021-11-20T04:00:00.000000000,31.0,33.58788
2021-11-20T05:00:00.000000000,31.14,33.68994
2021-11-20T06:00:00.000000000,31.78,33.77715
2021-11-20T07:00:00.000000000,32.62,34.1474
2021-11-20T08:00:00.000000000,32.35,34.62835
2021-11-20T09:00:00.000000000,33.13,35.09636
2021-11-20T10:00:00.000000000,33.64,35.33966
2021-11-20T11:00:00.000000000,33.65,35.73039
2021-11-20T12:00:00.000000000,34.5,35.95531
2021-11-20T13:00:00.000000000,35.62,36.13248
2021-11-20T14:00:00.000000000,36.98,36.22204
2021-11-20T15:00:00.000000000,37.06,36.04869
2021-11-20T16:00:00.000000000,37.61,35.62241
2021-11-20T17:00:00.000000000,37.37,35.46828
2021-11-20T18:00:00.000000000,37.35,35.15523
2021-11-20T19:00:00.000000000,36.08,34.55202
2021-11-20T20:00:00.000000000,35.28,34.18942
2021-11-20T21:00:00.000000000,33.52,33.90231
2021-11-20T22:00:00.000000000,32.7,33.89853
2021-11-20T23:00:00.000000000,33.52,33.78191
2021-11-21T00:00:00.000000000,33.6,35.43022
2021-11-21T01:00:00.000000000,33.7,35.96201
2021-11-21T02:00:00.000000000,33.66,35.87934
2021-11-21T03:00:00.000000000,33.46,36.30883
2021-11-21T04:00:00.000000000,33.53,36.41284
2021-11-21T05:00:00.000000000,34.98,36.16831
2021-11-21T06:00:00.000000000,36.17,35.94819
2021-11-21T07:00:00.000000000,37.29,36.07618
2021-11-21T08:00:00.000000000,39.45,36.2144
2021-11-21T09:00:00.000000000,41.85,36.55071
2021-11-21T10:00:00.000000000,43.33,36.77882
2021-11-21T11:00:00.000000000,43.88,37.44333
2021-11-21T12:00:00.000000000,44.69,38.09439
2021-11-21T13:00:00.000000000,44.28,38.62837
2021-11-21T14:00:00.000000000,44.02,39.0598
2021-11-21T15:00:00.000000000,43.29,39.1859
2021-11-21T16:00:00.000000000,43.06,39.01698
2021-11-21T17:00:00.000000000,43.14,38.81966
2021-11-21T18:00:00.000000000,43.28,38.38251
2021-11-21T19:00:00.000000000,43.47,37.6903
2021-11-21T20:00:00.000000000,44.36,37.11372
2021-11-21T21:00:00.000000000,45.96,36.59978
2021-11-21T22:00:00.000000000,46.56,36.49423
2021-11-21T23:00:00.000000000,47.51,36.37744
2021-11-22T00:00:00.000000000,48.4,36.49826
2021-11-22T01:00:00.000000000,49.07,37.1914
2021-11-22T02:00:00.000000000,49.11,37.2488
2021-11-22T03:00:00.000000000,48.39,37.66122
2021-11-22T04:00:00.000000000,46.28,37.70395
2021-11-22T05:00:00.000000000,48.81,37.35636
2021-11-22T06:00:00.000000000,50.04,37.02006
2021-11-22T07:00:00.000000000,50.0,36.96017
2021-11-22T08:00:00.000000000,49.98,36.8802
2021-11-22T09:00:00.000000000,49.66,37.06386
2021-11-22T10:00:00.000000000,50.07,37.13232
2021-11-22T11:00:00.000000000,50.12,37.80203
2021-11-22T12:00:00.000000000,51.19,38.49033
2021-11-22T13:00:00.000000000,50.62,39.01032
2021-11-22T14:00:00.000000000,49.53,39.51729
2021-11-22T15:00:00.000000000,48.72,39.74297
2021-11-22T16:00:00.000000000,48.27,39.61894
2021-11-22T17:00:00.000000000,46.94,39.3885
2021-11-22T18:00:00.000000000,45.9,38.84969
2021-11-22T19:00:00.000000000,46.26,38.12362
2021-11-22T20:00:00.000000000,45.89,37.48578
2021-11-22T21:00:00.000000000,44.85,36.92853
2021-11-22T22:00:00.000000000,43.82,36.86094
2021-11-22T23:00:00.000000000,42.04,36.86782
2021-11-23T00:00:00.000000000,41.57,34.9467
2021-11-23T01:00:00.000000000,41.57,35.36471
2021-11-23T02:00:00.000000000,41.47,35.24777
2021-11-23T03:00:00.000000000,43.02,35.72353
2021-11-23T04:00:00.000000000,47.31,35.98482
2021-11-23T05:00:00.000000000,50.32,35.96941
2021-11-23T06:00:00.000000000,51.03,35.92569
2021-11-23T07:00:00.000000000,51.43,36.11605
2021-11-23T08:00:00.000000000,52.26,36.25064
2021-11-23T09:00:00.000000000,52.14,36.39304
2021-11-23T10:00:00.000000000,50.99,36.26986
2021-11-23T11:00:00.000000000,50.84,36.52007
2021-11-23T12:00:00.000000000,50.15,36.74534
2021-11-23T13:00:00.000000000,48.78,36.91987
2021-11-23T14:00:00.000000000,47.71,37.18872
2021-11-23T15:00:00.000000000,47.33,37.36944
2021-11-23T16:00:00.000000000,46.99,37.31502
2021-11-23T17:00:00.000000000,46.56,37.46158
2021-11-23T18:00:00.000000000,46.1,37.3153
2021-11-23T19:00:00.000000000,44.42,36.91605
2021-11-23T20:00:00.000000000,42.88,36.58164
2021-11-23T21:00:00.000000000,41.48,36.12636
2021-11-23T22:00:00.000000000,37.16,35.99195
2021-11-23T23:00:00.000000000,35.28,35.75978
2021-11-21T00:00:00.000000000,33.6,35.45773
2021-11-21T01:00:00.000000000,33.7,35.78967
2021-11-21T02:00:00.000000000,33.66,35.62065
2021-11-21T03:00:00.000000000,33.46,36.1409
2021-11-21T04:00:00.000000000,33.53,36.32363
2021-11-21T05:00:00.000000000,34.98,36.1555
2021-11-21T06:00:00.000000000,36.17,35.93267
2021-11-21T07:00:00.000000000,37.29,36.18012
2021-11-21T08:00:00.000000000,39.45,36.39604
2021-11-21T09:00:00.000000000,41.85,36.77835
2021-11-21T10:00:00.000000000,43.33,37.1132
2021-11-21T11:00:00.000000000,43.88,37.81994
2021-11-21T12:00:00.000000000,44.69,38.55924
2021-11-21T13:00:00.000000000,44.28,39.29052
2021-11-21T14:00:00.000000000,44.02,39.88303
2021-11-21T15:00:00.000000000,43.29,40.14933
2021-11-21T16:00:00.000000000,43.06,40.17365
2021-11-21T17:00:00.000000000,43.14,40.10812
2021-11-21T18:00:00.000000000,43.28,39.76404
2021-11-21T19:00:00.000000000,43.47,39.02097
2021-11-21T20:00:00.000000000,44.36,38.30497
2021-11-21T21:00:00.000000000,45.96,37.61014
2021-11-21T22:00:00.000000000,46.56,37.22891
2021-11-21T23:00:00.000000000,47.51,36.80514
2021-11-22T00:00:00.000000000,48.4,38.2627
2021-11-22T01:00:00.000000000,49.07,38.85814
2021-11-22T02:00:00.000000000,49.11,38.83465
2021-11-22T03:00:00.000000000,48.39,39.17809
2021-11-22T04:00:00.000000000,46.28,39.17832
2021-11-22T05:00:00.000000000,48.81,38.7476
2021-11-22T06:00:00.000000000,50.04,38.40924
2021-11-22T07:00:00.000000000,50.0,38.42034
2021-11-22T08:00:00.000000000,49.98,38.43862
2021-11-22T09:00:00.000000000,49.66,38.74059
2021-11-22T10:00:00.000000000,50.07,38.8775
2021-11-22T11:00:00.000000000,50.12,39.6884
2021-11-22T12:00:00.000000000,51.19,40.39218
2021-11-22T13:00:00.000000000,50.62,40.96453
2021-11-22T14:00:00.000000000,49.53,41.47871
2021-11-22T15:00:00.000000000,48.72,41.67353
2021-11-22T16:00:00.000000000,48.27,41.58982
2021-11-22T17:00:00.000000000,46.94,41.30156
2021-11-22T18:00:00.000000000,45.9,40.75377
2021-11-22T19:00:00.000000000,46.26,40.01803
2021-11-22T20:00:00.000000000,45.89,39.26605
2021-11-22T21:00:00.000000000,44.85,38.65373
2021-11-22T22:00:00.000000000,43.82,38.4818
2021-11-22T23:00:00.000000000,42.04,38.41742
2021-11-23T00:00:00.000000000,41.57,37.58457
2021-11-23T01:00:00.000000000,41.57,38.08551
2021-11-23T02:00:00.000000000,41.47,38.03329
2021-11-23T03:00:00.000000000,43.02,38.31611
2021-11-23T04:00:00.000000000,47.31,38.2777
2021-11-23T05:00:00.000000000,50.32,37.90729
2021-11-23T06:00:00.000000000,51.03,37.52659
2021-11-23T07:00:00.000000000,51.43,37.47117
2021-11-23T08:00:00.000000000,52.26,37.37485
2021-11-23T09:00:00.000000000,52.14,37.49884
2021-11-23T10:00:00.000000000,50.99,37.52862
2021-11-23T11:00:00.000000000,50.84,38.11738
2021-11-23T12:00:00.000000000,50.15,38.74208
2021-11-23T13:00:00.000000000,48.78,39.25257
2021-11-23T14:00:00.000000000,47.71,39.80745
2021-11-23T15:00:00.000000000,47.33,40.13122
2021-11-23T16:00:00.000000000,46.99,40.15876
2021-11-23T17:00:00.000000000,46.56,40.12975
2021-11-23T18:00:00.000000000,46.1,39.76746
2021-11-23T19:00:00.000000000,44.42,39.21417
2021-11-23T20:00:00.000000000,42.88,38.65925
2021-11-23T21:00:00.000000000,41.48,38.12368
2021-11-23T22:00:00.000000000,37.16,37.98512
2021-11-23T23:00:00.000000000,35.28,37.86796
2021-11-24T00:00:00.000000000,34.75,38.72336
2021-11-24T01:00:00.000000000,34.58,39.26894
2021-11-24T02:00:00.000000000,35.06,39.22251
2021-11-24T03:00:00.000000000,35.9,39.45334
2021-11-24T04:00:00.000000000,39.75,39.29714
2021-11-24T05:00:00.000000000,42.34,38.76325
2021-11-24T06:00:00.000000000,44.21,38.22647
2021-11-24T07:00:00.000000000,45.42,38.08618
2021-11-24T08:00:00.000000000,45.48,37.94682
2021-11-24T09:00:00.000000000,46.35,38.11963
2021-11-24T10:00:00.000000000,46.78,38.23657
2021-11-24T11:00:00.000000000,46.48,39.03802
2021-11-24T12:00:00.000000000,46.1,39.85842
2021-11-24T13:00:00.000000000,45.55,40.57341
2021-11-24T14:00:00.000000000,44.96,41.25925
2021-11-24T15:00:00.000000000,44.75,41.6611
2021-11-24T16:00:00.000000000,44.48,41.73602
2021-11-24T17:00:00.000000000,44.32,41.60401
2021-11-24T18:00:00.000000000,44.15,41.12303
2021-11-24T19:00:00.000000000,43.59,40.4351
2021-11-24T20:00:00.000000000,43.14,39.69875
2021-11-24T21:00:00.000000000,41.52,39.05575
2021-11-24T22:00:00.000000000,40.47,38.85572
2021-11-24T23:00:00.000000000,42.18,38.75092
2021-11-22T00:00:00.000000000,48.4,49.24991
2021-11-22T01:00:00.000000000,49.07,48.85007
2021-11-22T02:00:00.000000000,49.11,48.18002
2021-11-22T03:00:00.000000000,48.39,47.5185
2021-11-22T04:00:00.000000000,46.28,47.01925
2021-11-22T05:00:00.000000000,48.81,46.48709
2021-11-22T06:00:00.000000000,50.04,46.91597
2021-11-22T07:00:00.000000000,50.0,47.38619
2021-11-22T08:00:00.000000000,49.98,47.95559
2021-11-22T09:00:00.000000000,49.66,48.59776
2021-11-22T10:00:00.000000000,50.07,48.397
2021-11-22T11:00:00.000000000,50.12,48.92382
2021-11-22T12:00:00.000000000,51.19,48.5817
2021-11-22T13:00:00.000000000,50.62,47.87783
2021-11-22T14:00:00.000000000,49.53,47.39759
2021-11-22T15:00:00.000000000,48.72,46.84776
2021-11-22T16:00:00.000000000,48.27,46.39696
2021-11-22T17:00:00.000000000,46.94,46.22662
2021-11-22T18:00:00.000000000,45.9,46.34003
2021-11-22T19:00:00.000000000,46.26,46.74735
2021-11-22T20:00:00.000000000,45.89,46.77636
2021-11-22T21:00:00.000000000,44.85,47.00232
2021-11-22T22:00:00.000000000,43.82,47.14535
2021-11-22T23:00:00.000000000,42.04,47.25173
2021-11-23T00:00:00.000000000,41.57,49.16692
2021-11-23T01:00:00.000000000,41.57,49.00509
2021-11-23T02:00:00.000000000,41.47,48.56301
2021-11-23T03:00:00.000000000,43.02,48.09134
2021-11-23T04:00:00.000000000,47.31,47.61329
2021-11-23T05:00:00.000000000,50.32,47.05658
2021-11-23T06:00:00.000000000,51.03,47.23723
2021-11-23T07:00:00.000000000,51.43,47.36363
2021-11-23T08:00:00.000000000,52.26,47.47541
2021-11-23T09:00:00.000000000,52.14,47.72196
2021-11-23T10:00:00.000000000,50.99,47.18227
2021-11-23T11:00:00.000000000,50.84,47.58919
2021-11-23T12:00:00.000000000,50.15,47.3869
2021-11-23T13:00:00.000000000,48.78,46.8358
2021-11-23T14:00:00.000000000,47.71,46.65541
2021-11-23T15:00:00.000000000,47.33,46.5406
2021-11-23T16:00:00.000000000,46.99,46.40227
2021-11-23T17:00:00.000000000,46.56,46.43801
2021-11-23T18:00:00.000000000,46.1,46.53624
2021-11-23T19:00:00.000000000,44.42,46.82906
2021-11-23T20:00:00.000000000,42.88,46.72018
2021-11-23T21:00:00.000000000,41.48,46.69515
2021-11-23T22:00:00.000000000,37.16,46.69626
2021-11-23T23:00:00.000000000,35.28,46.75455
2021-11-24T00:00:00.000000000,34.75,49.12904
2021-11-24T01:00:00.000000000,34.58,49.00034
2021-11-24T02:00:00.000000000,35.06,48.60114
2021-11-24T03:00:00.000000000,35.9,48.19327
2021-11-24T04:00:00.000000000,39.75,47.71242
2021-11-24T05:00:00.000000000,42.34,47.11965
2021-11-24T06:00:00.000000000,44.21,47.19712
2021-11-24T07:00:00.000000000,45.42,47.23353
2021-11-24T08:00:00.000000000,45.48,47.23125
2021-11-24T09:00:00.000000000,46.35,47.41838
2021-11-24T10:00:00.000000000,46.78,46.8334
2021-11-24T11:00:00.000000000,46.48,47.27646
2021-11-24T12:00:00.000000000,46.1,47.19427
2021-11-24T13:00:00.000000000,45.55,46.80032
2021-11-24T14:00:00.000000000,44.96,46.7668
2021-11-24T15:00:00.000000000,44.75,46.82574
2021-11-24T16:00:00.000000000,44.48,46.81468
2021-11-24T17:00:00.000000000,44.32,46.9351
2021-11-24T18:00:00.000000000,44.15,47.03098
2021-11-24T19:00:00.000000000,43.59,47.24908
2021-11-24T20:00:00.000000000,43.14,47.03427
2021-11-24T21:00:00.000000000,41.52,46.86659
2021-11-24T22:00:00.000000000,40.47,46.7519
2021-11-24T23:00:00.000000000,42.18,46.73984
2021-11-25T00:00:00.000000000,43.26,49.03782
2021-11-25T01:00:00.000000000,43.78,48.86635
2021-11-25T02:00:00.000000000,44.46,48.44311
2021-11-25T03:00:00.000000000,44.77,48.07882
2021-11-25T04:00:00.000000000,44.84,47.58808
2021-11-25T05:00:00.000000000,45.9,46.94836
2021-11-25T06:00:00.000000000,46.35,46.96269
2021-11-25T07:00:00.000000000,46.83,46.98866
2021-11-25T08:00:00.000000000,46.61,46.98032
2021-11-25T09:00:00.000000000,48.05,47.22328
2021-11-25T10:00:00.000000000,48.7,46.68267
2021-11-25T11:00:00.000000000,49.82,47.22094
2021-11-25T12:00:00.000000000,49.94,47.27313
2021-11-25T13:00:00.000000000,49.2,47.06273
2021-11-25T14:00:00.000000000,49.12,47.13948
2021-11-25T15:00:00.000000000,49.44,47.30397
2021-11-25T16:00:00.000000000,49.83,47.37973
2021-11-25T17:00:00.000000000,50.31,47.55746
2021-11-25T18:00:00.000000000,50.23,47.66709
2021-11-25T19:00:00.000000000,50.39,47.81201
2021-11-25T20:00:00.000000000,50.55,47.48845
2021-11-25T21:00:00.000000000,49.91,47.19739
2021-11-25T22:00:00.000000000,50.48,46.95517
2021-11-25T23:00:00.000000000,55.24,46.85089
2021-11-23T00:00:00.000000000,41.57,44.33797
2021-11-23T01:00:00.000000000,41.57,44.89765
2021-11-23T02:00:00.000000000,41.47,45.19795
2021-11-23T03:00:00.000000000,43.02,45.69062
2021-11-23T04:00:00.000000000,47.31,46.32423
2021-11-23T05:00:00.000000000,50.32,46.52389
2021-11-23T06:00:00.000000000,51.03,47.34471
2021-11-23T07:00:00.000000000,51.43,47.91058
2021-11-23T08:00:00.000000000,52.26,48.28566
2021-11-23T09:00:00.000000000,52.14,48.6311
2021-11-23T10:00:00.000000000,50.99,48.08107
2021-11-23T11:00:00.000000000,50.84,48.34231
2021-11-23T12:00:00.000000000,50.15,47.66437
2021-11-23T13:00:00.000000000,48.78,46.68197
2021-11-23T14:00:00.000000000,47.71,46.21373
2021-11-23T15:00:00.000000000,47.33,45.6075
2021-11-23T16:00:00.000000000,46.99,45.10928
2021-11-23T17:00:00.000000000,46.56,44.44864
2021-11-23T18:00:00.000000000,46.1,43.90397
2021-11-23T19:00:00.000000000,44.42,43.52887
2021-11-23T20:00:00.000000000,42.88,42.95984
2021-11-23T21:00:00.000000000,41.48,42.69249
2021-11-23T22:00:00.000000000,37.16,42.55715
2021-11-23T23:00:00.000000000,35.28,42.60471
2021-11-24T00:00:00.000000000,34.75,45.57718
2021-11-24T01:00:00.000000000,34.58,45.77466
2021-11-24T02:00:00.000000000,35.06,45.66399
2021-11-24T03:00:00.000000000,35.9,45.6785
2021-11-24T04:00:00.000000000,39.75,45.72758
2021-11-24T05:00:00.000000000,42.34,45.49171
2021-11-24T06:00:00.000000000,44.21,45.83373
2021-11-24T07:00:00.000000000,45.42,46.10528
2021-11-24T08:00:00.000000000,45.48,46.25508
2021-11-24T09:00:00.000000000,46.35,46.4721
2021-11-24T10:00:00.000000000,46.78,45.96767
2021-11-24T11:00:00.000000000,46.48,46.28373
2021-11-24T12:00:00.000000000,46.1,45.98601
2021-11-24T13:00:00.000000000,45.55,45.40152
2021-11-24T14:00:00.000000000,44.96,45.22237
2021-11-24T15:00:00.000000000,44.75,44.99586
2021-11-24T16:00:00.000000000,44.48,44.80187
2021-11-24T17:00:00.000000000,44.32,44.62966
2021-11-24T18:00:00.000000000,44.15,44.47599
2021-11-24T19:00:00.000000000,43.59,44.47157
2021-11-24T20:00:00.000000000,43.14,44.19094
2021-11-24T21:00:00.000000000,41.52,43.99375
2021-11-24T22:00:00.000000000,40.47,43.93638
2021-11-24T23:00:00.000000000,42.18,43.94682
2021-11-25T00:00:00.000000000,43.26,47.4971
2021-11-25T01:00:00.000000000,43.78,47.44519
2021-11-25T02:00:00.000000000,44.46,47.15241
2021-11-25T03:00:00.000000000,44.77,46.9913
2021-11-25T04:00:00.000000000,44.84,46.77866
2021-11-25T05:00:00.000000000,45.9,46.34612
2021-11-25T06:00:00.000000000,46.35,46.51186
2021-11-25T07:00:00.000000000,46.83,46.65988
2021-11-25T08:00:00.000000000,46.61,46.70178
2021-11-25T09:00:00.000000000,48.05,46.9125
2021-11-25T10:00:00.000000000,48.7,46.35223
2021-11-25T11:00:00.000000000,49.82,46.76769
2021-11-25T12:00:00.000000000,49.94,46.66654
2021-11-25T13:00:00.000000000,49.2,46.32464
2021-11-25T14:00:00.000000000,49.12,46.32713
2021-11-25T15:00:00.000000000,49.44,46.37967
2021-11-25T16:00:00.000000000,49.83,46.41517
2021-11-25T17:00:00.000000000,50.31,46.52052
2021-11-25T18:00:00.000000000,50.23,46.56999
2021-11-25T19:00:00.000000000,50.39,46.66285
2021-11-25T20:00:00.000000000,50.55,46.3432
2021-11-25T21:00:00.000000000,49.91,46.0337
2021-11-25T22:00:00.000000000,50.48,45.79469
2021-11-25T23:00:00.000000000,55.24,45.66374
2021-11-26T00:00:00.000000000,56.3,48.65508
2021-11-26T01:00:00.000000000,56.92,48.65859
2021-11-26T02:00:00.000000000,57.46,48.502
2021-11-26T03:00:00.000000000,56.63,48.4365
2021-11-26T04:00:00.000000000,55.25,48.27589
2021-11-26T05:00:00.000000000,54.66,47.84773
2021-11-26T06:00:00.000000000,56.39,48.0578
2021-11-26T07:00:00.000000000,56.77,48.17765
2021-11-26T08:00:00.000000000,57.16,48.16308
2021-11-26T09:00:00.000000000,58.02,48.4001
2021-11-26T10:00:00.000000000,59.07,47.7888
2021-11-26T11:00:00.000000000,59.31,48.29302
2021-11-26T12:00:00.000000000,59.06,48.24508
2021-11-26T13:00:00.000000000,58.45,47.92622
2021-11-26T14:00:00.000000000,57.71,47.98092
2021-11-26T15:00:00.000000000,56.69,48.06974
2021-11-26T16:00:00.000000000,56.39,48.10642
2021-11-26T17:00:00.000000000,57.56,48.12888
2021-11-26T18:00:00.000000000,57.87,48.05978
2021-11-26T19:00:00.000000000,56.76,48.01416
2021-11-26T20:00:00.000000000,57.87,47.51276
2021-11-26T21:00:00.000000000,58.89,47.08119
2021-11-26T22:00:00.000000000,56.06,46.69712
2021-11-26T23:00:00.000000000,60.2,46.53446
2021-11-24T00:00:00.000000000,34.75,41.93432
2021-11-24T01:00:00.000000000,34.58,42.80278
2021-11-24T02:00:00.000000000,35.06,43.55523
2021-11-24T03:00:00.000000000,35.9,44.87129
2021-11-24T04:00:00.000000000,39.75,46.45582
2021-11-24T05:00:00.000000000,42.34,47.41853
2021-11-24T06:00:00.000000000,44.21,48.82791
2021-11-24T07:00:00.000000000,45.42,49.76547
2021-11-24T08:00:00.000000000,45.48,50.25863
2021-11-24T09:00:00.000000000,46.35,50.50738
2021-11-24T10:00:00.000000000,46.78,49.51481
2021-11-24T11:00:00.000000000,46.48,49.46041
2021-11-24T12:00:00.000000000,46.1,48.20614
2021-11-24T13:00:00.000000000,45.55,46.84489
2021-11-24T14:00:00.000000000,44.96,46.21637
2021-11-24T15:00:00.000000000,44.75,45.59296
2021-11-24T16:00:00.000000000,44.48,45.16998
2021-11-24T17:00:00.000000000,44.32,44.44954
2021-11-24T18:00:00.000000000,44.15,43.71773
2021-11-24T19:00:00.000000000,43.59,42.92559
2021-11-24T20:00:00.000000000,43.14,41.85858
2021-11-24T21:00:00.000000000,41.52,41.15824
2021-11-24T22:00:00.000000000,40.47,40.49289
2021-11-24T23:00:00.000000000,42.18,40.17923
2021-11-25T00:00:00.000000000,43.26,44.22723
2021-11-25T01:00:00.000000000,43.78,44.63623
2021-11-25T02:00:00.000000000,44.46,44.86044
2021-11-25T03:00:00.000000000,44.77,45.38159
2021-11-25T04:00:00.000000000,44.84,46.0114
2021-11-25T05:00:00.000000000,45.9,46.20025
2021-11-25T06:00:00.000000000,46.35,46.88133
2021-11-25T07:00:00.000000000,46.83,47.34896
2021-11-25T08:00:00.000000000,46.61,47.51927
2021-11-25T09:00:00.000000000,48.05,47.6672
2021-11-25T10:00:00.000000000,48.7,46.95644
2021-11-25T11:00:00.000000000,49.82,47.09627
2021-11-25T12:00:00.000000000,49.94,46.52275
2021-11-25T13:00:00.000000000,49.2,45.73078
2021-11-25T14:00:00.000000000,49.12,45.48535
2021-11-25T15:00:00.000000000,49.44,45.20331
2021-11-25T16:00:00.000000000,49.83,45.04588
2021-11-25T17:00:00.000000000,50.31,44.78938
2021-11-25T18:00:00.000000000,50.23,44.49892
2021-11-25T19:00:00.000000000,50.39,44.26903
2021-11-25T20:00:00.000000000,50.55,43.75737
2021-11-25T21:00:00.000000000,49.91,43.31632
2021-11-25T22:00:00.000000000,50.48,42.99767
2021-11-25T23:00:00.000000000,55.24,42.82743
2021-11-26T00:00:00.000000000,56.3,47.16505
2021-11-26T01:00:00.000000000,56.92,47.25892
2021-11-26T02:00:00.000000000,57.46,47.2384
2021-11-26T03:00:00.000000000,56.63,47.42002
2021-11-26T04:00:00.000000000,55.25,47.6273
2021-11-26T05:00:00.000000000,54.66,47.50507
2021-11-26T06:00:00.000000000,56.39,47.96139
2021-11-26T07:00:00.000000000,56.77,48.25864
2021-11-26T08:00:00.000000000,57.16,48.29911
2021-11-26T09:00:00.000000000,58.02,48.45357
2021-11-26T10:00:00.000000000,59.07,47.71675
2021-11-26T11:00:00.000000000,59.31,47.98538
2021-11-26T12:00:00.000000000,59.06,47.64597
2021-11-26T13:00:00.000000000,58.45,47.06912
2021-11-26T14:00:00.000000000,57.71,46.98521
2021-11-26T15:00:00.000000000,56.69,46.94534
2021-11-26T16:00:00.000000000,56.39,46.96835
2021-11-26T17:00:00.000000000,57.56,46.9789
2021-11-26T18:00:00.000000000,57.87,46.9119
2021-11-26T19:00:00.000000000,56.76,46.8789
2021-11-26T20:00:00.000000000,57.87,46.4259
2021-11-26T21:00:00.000000000,58.89,45.98324
2021-11-26T22:00:00.000000000,56.06,45.58091
2021-11-26T23:00:00.000000000,60.2,45.35445
2021-11-27T00:00:00.000000000,60.19,47.44822
2021-11-27T01:00:00.000000000,59.61,47.51657
2021-11-27T02:00:00.000000000,59.09,47.44792
2021-11-27T03:00:00.000000000,59.9,47.55602
2021-11-27T04:00:00.000000000,61.74,47.64296
2021-11-27T05:00:00.000000000,59.13,47.41376
2021-11-27T06:00:00.000000000,58.79,47.76576
2021-11-27T07:00:00.000000000,59.83,47.99358
2021-11-27T08:00:00.000000000,61.81,48.00253
2021-11-27T09:00:00.000000000,61.84,48.17393
2021-11-27T10:00:00.000000000,59.63,47.48108
2021-11-27T11:00:00.000000000,59.58,47.82838
2021-11-27T12:00:00.000000000,58.84,47.6077
2021-11-27T13:00:00.000000000,59.3,47.14857
2021-11-27T14:00:00.000000000,59.04,47.13455
2021-11-27T15:00:00.000000000,58.05,47.16341
2021-11-27T16:00:00.000000000,58.73,47.21289
2021-11-27T17:00:00.000000000,58.24,47.24726
2021-11-27T18:00:00.000000000,59.02,47.18758
2021-11-27T19:00:00.000000000,61.61,47.14522
2021-11-27T20:00:00.000000000,61.42,46.67283
2021-11-27T21:00:00.000000000,61.85,46.21649
2021-11-27T22:00:00.000000000,61.65,45.81317
2021-11-27T23:00:00.000000000,64.99,45.59737
2021-11-25T00:00:00.000000000,43.26,44.75799
2021-11-25T01:00:00.000000000,43.78,45.10453
2021-11-25T02:00:00.000000000,44.46,45.33827
2021-11-25T03:00:00.000000000,44.77,45.90001
2021-11-25T04:00:00.000000000,44.84,46.61195
2021-11-25T05:00:00.000000000,45.9,46.84511
2021-11-25T06:00:00.000000000,46.35,47.64936
2021-11-25T07:00:00.000000000,46.83,48.24337
2021-11-25T08:00:00.000000000,46.61,48.52528
2021-11-25T09:00:00.000000000,48.05,48.816
2021-11-25T10:00:00.000000000,48.7,48.15952
2021-11-25T11:00:00.000000000,49.82,48.38088
2021-11-25T12:00:00.000000000,49.94,47.79064
2021-11-25T13:00:00.000000000,49.2,46.99231
2021-11-25T14:00:00.000000000,49.12,46.71191
2021-11-25T15:00:00.000000000,49.44,46.35601
2021-11-25T16:00:00.000000000,49.83,46.1511
2021-11-25T17:00:00.000000000,50.31,45.82314
2021-11-25T18:00:00.000000000,50.23,45.48673
2021-11-25T19:00:00.000000000,50.39,45.19312
2021-11-25T20:00:00.000000000,50.55,44.57288
2021-11-25T21:00:00.000000000,49.91,44.07914
2021-11-25T22:00:00.000000000,50.48,43.64217
2021-11-25T23:00:00.000000000,55.24,43.40257
2021-11-26T00:00:00.000000000,56.3,47.70926
2021-11-26T01:00:00.000000000,56.92,47.87834
2021-11-26T02:00:00.000000000,57.46,47.97713
2021-11-26T03:00:00.000000000,56.63,48.22458
2021-11-26T04:00:00.000000000,55.25,48.52125
2021-11-26T05:00:00.000000000,54.66,48.47558
2021-11-26T06:00:00.000000000,56.39,49.0366
2021-11-26T07:00:00.000000000,56.77,49.36285
2021-11-26T08:00:00.000000000,57.16,49.40516
2021-11-26T09:00:00.000000000,58.02,49.55584
2021-11-26T10:00:00.000000000,59.07,48.76862
2021-11-26T11:00:00.000000000,59.31,49.0171
2021-11-26T12:00:00.000000000,59.06,48.58525
2021-11-26T13:00:00.000000000,58.45,47.87538
2021-11-26T14:00:00.000000000,57.71,47.72908
2021-11-26T15:00:00.000000000,56.69,47.61012
2021-11-26T16:00:00.000000000,56.39,47.55896
2021-11-26T17:00:00.000000000,57.56,47.45523
2021-11-26T18:00:00.000000000,57.87,47.28552
2021-11-26T19:00:00.000000000,56.76,47.19404
2021-11-26T20:00:00.000000000,57.87,46.68543
2021-11-26T21:00:00.000000000,58.89,46.24857
2021-11-26T22:00:00.000000000,56.06,45.83348
2021-11-26T23:00:00.000000000,60.2,45.63707
2021-11-27T00:00:00.000000000,60.19,48.08066
2021-11-27T01:00:00.000000000,59.61,48.11214
2021-11-27T02:00:00.000000000,59.09,48.05325
2021-11-27T03:00:00.000000000,59.9,48.14947
2021-11-27T04:00:00.000000000,61.74,48.29335
2021-11-27T05:00:00.000000000,59.13,48.16998
2021-11-27T06:00:00.000000000,58.79,48.64999
2021-11-27T07:00:00.000000000,59.83,48.92217
2021-11-27T08:00:00.000000000,61.81,48.91929
2021-11-27T09:00:00.000000000,61.84,48.99918
2021-11-27T10:00:00.000000000,59.63,48.15446
2021-11-27T11:00:00.000000000,59.58,48.3348
2021-11-27T12:00:00.000000000,58.84,47.90311
2021-11-27T13:00:00.000000000,59.3,47.20128
2021-11-27T14:00:00.000000000,59.04,47.06293
2021-11-27T15:00:00.000000000,58.05,47.02938
2021-11-27T16:00:00.000000000,58.73,47.06337
2021-11-27T17:00:00.000000000,58.24,47.14455
2021-11-27T18:00:00.000000000,59.02,47.15369
2021-11-27T19:00:00.000000000,61.61,47.24547
2021-11-27T20:00:00.000000000,61.42,46.89144
2021-11-27T21:00:00.000000000,61.85,46.51942
2021-11-27T22:00:00.000000000,61.65,46.16279
2021-11-27T23:00:00.000000000,64.99,45.96302
2021-11-28T00:00:00.000000000,65.44,47.88091
2021-11-28T01:00:00.000000000,64.6,47.82149
2021-11-28T02:00:00.000000000,64.31,47.6507
2021-11-28T03:00:00.000000000,64.04,47.68797
2021-11-28T04:00:00.000000000,63.77,47.72348
2021-11-28T05:00:00.000000000,62.32,47.48248
2021-11-28T06:00:00.000000000,61.28,47.84971
2021-11-28T07:00:00.000000000,60.21,48.10208
2021-11-28T08:00:00.000000000,59.36,48.12446
2021-11-28T09:00:00.000000000,59.3,48.29271
2021-11-28T10:00:00.000000000,58.67,47.55678
2021-11-28T11:00:00.000000000,58.45,47.8594
2021-11-28T12:00:00.000000000,58.77,47.59908
2021-11-28T13:00:00.000000000,57.79,47.11274
2021-11-28T14:00:00.000000000,56.8,47.07398
2021-11-28T15:00:00.000000000,55.7,47.12659
2021-11-28T16:00:00.000000000,55.14,47.22346
2021-11-28T17:00:00.000000000,54.4,47.37396
2021-11-28T18:00:00.000000000,55.16,47.43795
2021-11-28T19:00:00.000000000,56.63,47.51282
2021-11-28T20:00:00.000000000,57.12,47.11922
2021-11-28T21:00:00.000000000,57.72,46.6925
2021-11-28T22:00:00.000000000,59.58,46.28002
2021-11-28T23:00:00.000000000,56.91,46.02678
2021-11-26T00:00:00.000000000,56.3,54.6789
2021-11-26T01:00:00.000000000,56.92,54.47634
2021-11-26T02:00:00.000000000,57.46,54.35986
2021-11-26T03:00:00.000000000,56.63,53.93539
2021-11-26T04:00:00.000000000,55.25,53.39687
2021-11-26T05:00:00.000000000,54.66,52.90804
2021-11-26T06:00:00.000000000,56.39,53.28807
2021-11-26T07:00:00.000000000,56.77,53.31877
2021-11-26T08:00:00.000000000,57.16,53.24975
2021-11-26T09:00:00.000000000,58.02,53.50669
2021-11-26T10:00:00.000000000,59.07,52.73286
2021-11-26T11:00:00.000000000,59.31,53.24877
2021-11-26T12:00:00.000000000,59.06,53.02243
2021-11-26T13:00:00.000000000,58.45,52.26986
2021-11-26T14:00:00.000000000,57.71,52.12118
2021-11-26T15:00:00.000000000,56.69,52.04403
2021-11-26T16:00:00.000000000,56.39,51.81529
2021-11-26T17:00:00.000000000,57.56,51.68923
2021-11-26T18:00:00.000000000,57.87,51.55329
2021-11-26T19:00:00.000000000,56.76,51.64469
2021-11-26T20:00:00.000000000,57.87,51.18566
2021-11-26T21:00:00.000000000,58.89,51.0562
2021-11-26T22:00:00.000000000,56.06,50.74578
2021-11-26T23:00:00.000000000,60.2,50.76193
2021-11-27T00:00:00.000000000,60.19,53.89254
2021-11-27T01:00:00.000000000,59.61,53.77308
2021-11-27T02:00:00.000000000,59.09,53.71894
2021-11-27T03:00:00.000000000,59.9,53.46419
2021-11-27T04:00:00.000000000,61.74,53.08476
2021-11-27T05:00:00.000000000,59.13,52.69511
2021-11-27T06:00:00.000000000,58.79,53.05037
2021-11-27T07:00:00.000000000,59.83,53.0157
2021-11-27T08:00:00.000000000,61.81,52.76383
2021-11-27T09:00:00.000000000,61.84,52.77723
2021-11-27T10:00:00.000000000,59.63,51.73236
2021-11-27T11:00:00.000000000,59.58,52.04293
2021-11-27T12:00:00.000000000,58.84,51.72516
2021-11-27T13:00:00.000000000,59.3,50.93383
2021-11-27T14:00:00.000000000,59.04,50.84191
2021-11-27T15:00:00.000000000,58.05,50.949
2021-11-27T16:00:00.000000000,58.73,50.93312
2021-11-27T17:00:00.000000000,58.24,51.00827
2021-11-27T18:00:00.000000000,59.02,50.9845
2021-11-27T19:00:00.000000000,61.61,51.13072
2021-11-27T20:00:00.000000000,61.42,50.7072
2021-11-27T21:00:00.000000000,61.85,50.44825
2021-11-27T22:00:00.000000000,61.65,50.06335
2021-11-27T23:00:00.000000000,64.99,50.00447
2021-11-28T00:00:00.000000000,65.44,53.2044
2021-11-28T01:00:00.000000000,64.6,53.08549
2021-11-28T02:00:00.000000000,64.31,53.04738
2021-11-28T03:00:00.000000000,64.04,52.91724
2021-11-28T04:00:00.000000000,63.77,52.68239
2021-11-28T05:00:00.000000000,62.32,52.38556
2021-11-28T06:00:00.000000000,61.28,52.77783
2021-11-28T07:00:00.000000000,60.21,52.78044
2021-11-28T08:00:00.000000000,59.36,52.48013
2021-11-28T09:00:00.000000000,59.3,52.40941
2021-11-28T10:00:00.000000000,58.67,51.24711
2021-11-28T11:00:00.000000000,58.45,51.44811
2021-11-28T12:00:00.000000000,58.77,51.0663
2021-11-28T13:00:00.000000000,57.79,50.25778
2021-11-28T14:00:00.000000000,56.8,50.18713
2021-11-28T15:00:00.000000000,55.7,50.36618
2021-11-28T16:00:00.000000000,55.14,50.46607
2021-11-28T17:00:00.000000000,54.4,50.66133
2021-11-28T18:00:00.000000000,55.16,50.70993
2021-11-28T19:00:00.000000000,56.63,50.88643
2021-11-28T20:00:00.000000000,57.12,50.47015
2021-11-28T21:00:00.000000000,57.72,50.12439
2021-11-28T22:00:00.000000000,59.58,49.6619
2021-11-28T23:00:00.000000000,56.91,49.51623
2021-11-29T00:00:00.000000000,57.02,51.68307
2021-11-29T01:00:00.000000000,56.91,51.54326
2021-11-29T02:00:00.000000000,56.74,51.43645
2021-11-29T03:00:00.000000000,57.06,51.35064
2021-11-29T04:00:00.000000000,53.98,51.2019
2021-11-29T05:00:00.000000000,53.65,50.91337
2021-11-29T06:00:00.000000000,51.71,51.30954
2021-11-29T07:00:00.000000000,52.38,51.40179
2021-11-29T08:00:00.000000000,56.55,51.20077
2021-11-29T09:00:00.000000000,57.66,51.21114
2021-11-29T10:00:00.000000000,58.07,50.15863
2021-11-29T11:00:00.000000000,59.06,50.39183
2021-11-29T12:00:00.000000000,53.64,50.04812
2021-11-29T13:00:00.000000000,59.11,49.34755
2021-11-29T14:00:00.000000000,58.81,49.2885
2021-11-29T15:00:00.000000000,58.87,49.44697
2021-11-29T16:00:00.000000000,59.07,49.57416
2021-11-29T17:00:00.000000000,59.09,49.79568
2021-11-29T18:00:00.000000000,60.22,49.88694
2021-11-29T19:00:00.000000000,60.38,50.05797
2021-11-29T20:00:00.000000000,60.66,49.65352
2021-11-29T21:00:00.000000000,59.72,49.26367
2021-11-29T22:00:00.000000000,58.11,48.78871
2021-11-29T23:00:00.000000000,58.82,48.58722
2021-11-27T00:00:00.000000000,60.19,57.68585
2021-11-27T01:00:00.000000000,59.61,57.46725
2021-11-27T02:00:00.000000000,59.09,57.42567
2021-11-27T03:00:00.000000000,59.9,56.80211
2021-11-27T04:00:00.000000000,61.74,55.91552
2021-11-27T05:00:00.000000000,59.13,55.35033
2021-11-27T06:00:00.000000000,58.79,55.61292
2021-11-27T07:00:00.000000000,59.83,55.42199
2021-11-27T08:00:00.000000000,61.81,55.19868
2021-11-27T09:00:00.000000000,61.84,55.36191
2021-11-27T10:00:00.000000000,59.63,54.51935
2021-11-27T11:00:00.000000000,59.58,55.0281
2021-11-27T12:00:00.000000000,58.84,54.82534
2021-11-27T13:00:00.000000000,59.3,53.92814
2021-11-27T14:00:00.000000000,59.04,53.80011
2021-11-27T15:00:00.000000000,58.05,53.70903
2021-11-27T16:00:00.000000000,58.73,53.34425
2021-11-27T17:00:00.000000000,58.24,53.15029
2021-11-27T18:00:00.000000000,59.02,52.90785
2021-11-27T19:00:00.000000000,61.61,52.99257
2021-11-27T20:00:00.000000000,61.42,52.50893
2021-11-27T21:00:00.000000000,61.85,52.61795
2021-11-27T22:00:00.000000000,61.65,52.39993
2021-11-27T23:00:00.000000000,64.99,52.55767
2021-11-28T00:00:00.000000000,65.44,56.17052
2021-11-28T01:00:00.000000000,64.6,56.04791
2021-11-28T02:00:00.000000000,64.31,56.07168
2021-11-28T03:00:00.000000000,64.04,55.74753
2021-11-28T04:00:00.000000000,63.77,55.17204
2021-11-28T05:00:00.000000000,62.32,54.73623
2021-11-28T06:00:00.000000000,61.28,55.0068
2021-11-28T07:00:00.000000000,60.21,54.79543
2021-11-28T08:00:00.000000000,59.36,54.36439
2021-11-28T09:00:00.000000000,59.3,54.25598
2021-11-28T10:00:00.000000000,58.67,53.06171
2021-11-28T11:00:00.000000000,58.45,53.34411
2021-11-28T12:00:00.000000000,58.77,53.04326
2021-11-28T13:00:00.000000000,57.79,52.17467
2021-11-28T14:00:00.000000000,56.8,52.13166
2021-11-28T15:00:00.000000000,55.7,52.32834
2021-11-28T16:00:00.000000000,55.14,52.31042
2021-11-28T17:00:00.000000000,54.4,52.3997
2021-11-28T18:00:00.000000000,55.16,52.33846
2021-11-28T19:00:00.000000000,56.63,52.4749
2021-11-28T20:00:00.000000000,57.12,52.00722
2021-11-28T21:00:00.000000000,57.72,51.81151
2021-11-28T22:00:00.000000000,59.58,51.41535
2021-11-28T23:00:00.000000000,56.91,51.41191
2021-11-29T00:00:00.000000000,57.02,55.14854
2021-11-29T01:00:00.000000000,56.91,55.01765
2021-11-29T02:00:00.000000000,56.74,55.02299
2021-11-29T03:00:00.000000000,57.06,54.82432
2021-11-29T04:00:00.000000000,53.98,54.42124
2021-11-29T05:00:00.000000000,53.65,54.07633
2021-11-29T06:00:00.000000000,51.71,54.39266
2021-11-29T07:00:00.000000000,52.38,54.23784
2021-11-29T08:00:00.000000000,56.55,53.76782
2021-11-29T09:00:00.000000000,57.66,53.5671
2021-11-29T10:00:00.000000000,58.07,52.24041
2021-11-29T11:00:00.000000000,59.06,52.39899
2021-11-29T12:00:00.000000000,53.64,52.02179
2021-11-29T13:00:00.000000000,59.11,51.14236
2021-11-29T14:00:00.000000000,58.81,51.1093
2021-11-29T15:00:00.000000000,58.87,51.39108
2021-11-29T16:00:00.000000000,59.07,51.51782
2021-11-29T17:00:00.000000000,59.09,51.75928
2021-11-29T18:00:00.000000000,60.22,51.80868
2021-11-29T19:00:00.000000000,60.38,52.00792
2021-11-29T20:00:00.000000000,60.66,51.57782
2021-11-29T21:00:00.000000000,59.72,51.27239
2021-11-29T22:00:00.000000000,58.11,50.80263
2021-11-29T23:00:00.000000000,58.82,50.70376
2021-11-30T00:00:00.000000000,59.32,53.70935
2021-11-30T01:00:00.000000000,60.12,53.58587
2021-11-30T02:00:00.000000000,60.52,53.54215
2021-11-30T03:00:00.000000000,59.71,53.39736
2021-11-30T04:00:00.000000000,58.38,53.09201
2021-11-30T05:00:00.000000000,55.26,52.75357
2021-11-30T06:00:00.000000000,54.05,53.06607
2021-11-30T07:00:00.000000000,57.29,52.96421
2021-11-30T08:00:00.000000000,57.23,52.54314
2021-11-30T09:00:00.000000000,57.69,52.36822
2021-11-30T10:00:00.000000000,57.87,51.09174
2021-11-30T11:00:00.000000000,56.92,51.25844
2021-11-30T12:00:00.000000000,56.68,50.91053
2021-11-30T13:00:00.000000000,56.55,50.13416
2021-11-30T14:00:00.000000000,56.09,50.12671
2021-11-30T15:00:00.000000000,56.08,50.43864
2021-11-30T16:00:00.000000000,56.3,50.63314
2021-11-30T17:00:00.000000000,56.17,50.93278
2021-11-30T18:00:00.000000000,57.93,51.03858
2021-11-30T19:00:00.000000000,58.12,51.24344
2021-11-30T20:00:00.000000000,58.5,50.8287
2021-11-30T21:00:00.000000000,57.04,50.4426
2021-11-30T22:00:00.000000000,57.3,49.94865
2021-11-30T23:00:00.000000000,55.61,49.79246
2021-11-28T00:00:00.000000000,65.44,60.22028
2021-11-28T01:00:00.000000000,64.6,59.924
2021-11-28T02:00:00.000000000,64.31,59.75429
2021-11-28T03:00:00.000000000,64.04,58.87899
2021-11-28T04:00:00.000000000,63.77,57.59206
2021-11-28T05:00:00.000000000,62.32,56.89495
2021-11-28T06:00:00.000000000,61.28,56.91222
2021-11-28T07:00:00.000000000,60.21,56.37173
2021-11-28T08:00:00.000000000,59.36,55.81557
2021-11-28T09:00:00.000000000,59.3,55.59002
2021-11-28T10:00:00.000000000,58.67,54.32405
2021-11-28T11:00:00.000000000,58.45,54.60521
2021-11-28T12:00:00.000000000,58.77,54.34829
2021-11-28T13:00:00.000000000,57.79,53.26213
2021-11-28T14:00:00.000000000,56.8,53.15302
2021-11-28T15:00:00.000000000,55.7,53.28001
2021-11-28T16:00:00.000000000,55.14,53.04195
2021-11-28T17:00:00.000000000,54.4,53.12673
2021-11-28T18:00:00.000000000,55.16,53.0756
2021-11-28T19:00:00.000000000,56.63,53.40319
2021-11-28T20:00:00.000000000,57.12,53.09938
2021-11-28T21:00:00.000000000,57.72,53.41986
2021-11-28T22:00:00.000000000,59.58,53.32054
2021-11-28T23:00:00.000000000,56.91,53.61961
2021-11-29T00:00:00.000000000,57.02,57.00158
2021-11-29T01:00:00.000000000,56.91,56.84193
2021-11-29T02:00:00.000000000,56.74,56.81476
2021-11-29T03:00:00.000000000,57.06,56.43122
2021-11-29T04:00:00.000000000,53.98,55.75473
2021-11-29T05:00:00.000000000,53.65,55.29862
2021-11-29T06:00:00.000000000,51.71,55.50322
2021-11-29T07:00:00.000000000,52.38,55.17602
2021-11-29T08:00:00.000000000,56.55,54.60322
2021-11-29T09:00:00.000000000,57.66,54.31572
2021-11-29T10:00:00.000000000,58.07,52.9142
2021-11-29T11:00:00.000000000,59.06,53.06988
2021-11-29T12:00:00.000000000,53.64,52.7158
2021-11-29T13:00:00.000000000,59.11,51.76901
2021-11-29T14:00:00.000000000,58.81,51.7324
2021-11-29T15:00:00.000000000,58.87,52.0526
2021-11-29T16:00:00.000000000,59.07,52.13512
2021-11-29T17:00:00.000000000,59.09,52.38224
2021-11-29T18:00:00.000000000,60.22,52.43934
2021-11-29T19:00:00.000000000,60.38,52.69771
2021-11-29T20:00:00.000000000,60.66,52.31711
2021-11-29T21:00:00.000000000,59.72,52.14942
2021-11-29T22:00:00.000000000,58.11,51.77434
2021-11-29T23:00:00.000000000,58.82,51.78713
2021-11-30T00:00:00.000000000,59.32,55.99587
2021-11-30T01:00:00.000000000,60.12,55.81022
2021-11-30T02:00:00.000000000,60.52,55.74467
2021-11-30T03:00:00.000000000,59.71,55.4453
2021-11-30T04:00:00.000000000,58.38,54.86914
2021-11-30T05:00:00.000000000,55.26,54.4146
2021-11-30T06:00:00.000000000,54.05,54.61562
2021-11-30T07:00:00.000000000,57.29,54.33241
2021-11-30T08:00:00.000000000,57.23,53.7587
2021-11-30T09:00:00.000000000,57.69,53.488
2021-11-30T10:00:00.000000000,57.87,52.08304
2021-11-30T11:00:00.000000000,56.92,52.25507
2021-11-30T12:00:00.000000000,56.68,51.95782
2021-11-30T13:00:00.000000000,56.55,51.14292
2021-11-30T14:00:00.000000000,56.09,51.17068
2021-11-30T15:00:00.000000000,56.08,51.58606
2021-11-30T16:00:00.000000000,56.3,51.78663
2021-11-30T17:00:00.000000000,56.17,52.13625
2021-11-30T18:00:00.000000000,57.93,52.26716
2021-11-30T19:00:00.000000000,58.12,52.52035
2021-11-30T20:00:00.000000000,58.5,52.11326
2021-11-30T21:00:00.000000000,57.04,51.80388
2021-11-30T22:00:00.000000000,57.3,51.33243
2021-11-30T23:00:00.000000000,55.61,51.25016
2021-12-01T00:00:00.000000000,56.53,53.64616
2021-12-01T01:00:00.000000000,56.47,53.63034
2021-12-01T02:00:00.000000000,56.58,53.69811
2021-12-01T03:00:00.000000000,55.95,53.6539
2021-12-01T04:00:00.000000000,55.8,53.4735
2021-12-01T05:00:00.000000000,54.92,53.26648
2021-12-01T06:00:00.000000000,55.09,53.63386
2021-12-01T07:00:00.000000000,56.08,53.50046
2021-12-01T08:00:00.000000000,56.59,52.97808
2021-12-01T09:00:00.000000000,57.6,52.61185
2021-12-01T10:00:00.000000000,57.38,51.14648
2021-12-01T11:00:00.000000000,56.67,51.12301
2021-12-01T12:00:00.000000000,56.46,50.60717
2021-12-01T13:00:00.000000000,55.63,49.64821
2021-12-01T14:00:00.000000000,55.38,49.59824
2021-12-01T15:00:00.000000000,54.76,49.93027
2021-12-01T16:00:00.000000000,53.87,50.16825
2021-12-01T17:00:00.000000000,52.83,50.50241
2021-12-01T18:00:00.000000000,53.47,50.60675
2021-12-01T19:00:00.000000000,55.96,50.85245
2021-12-01T20:00:00.000000000,56.2,50.48858
2021-12-01T21:00:00.000000000,56.37,50.1031
2021-12-01T22:00:00.000000000,56.15,49.6353
2021-12-01T23:00:00.000000000,54.0,49.48655
2021-11-29T00:00:00.000000000,57.02,59.74434
2021-11-29T01:00:00.000000000,56.91,59.50604
2021-11-29T02:00:00.000000000,56.74,59.38827
2021-11-29T03:00:00.000000000,57.06,58.55555
2021-11-29T04:00:00.000000000,53.98,57.32174
2021-11-29T05:00:00.000000000,53.65,56.61724
2021-11-29T06:00:00.000000000,51.71,56.6657
2021-11-29T07:00:00.000000000,52.38,56.16696
2021-11-29T08:00:00.000000000,56.55,55.70114
2021-11-29T09:00:00.000000000,57.66,55.59013
2021-11-29T10:00:00.000000000,58.07,54.46958
2021-11-29T11:00:00.000000000,59.06,54.85356
2021-11-29T12:00:00.000000000,53.64,54.63734
2021-11-29T13:00:00.000000000,59.11,53.63356
2021-11-29T14:00:00.000000000,58.81,53.52263
2021-11-29T15:00:00.000000000,58.87,53.59661
2021-11-29T16:00:00.000000000,59.07,53.30854
2021-11-29T17:00:00.000000000,59.09,53.28369
2021-11-29T18:00:00.000000000,60.22,53.17171
2021-11-29T19:00:00.000000000,60.38,53.41045
2021-11-29T20:00:00.000000000,60.66,53.05204
2021-11-29T21:00:00.000000000,59.72,53.31728
2021-11-29T22:00:00.000000000,58.11,53.20486
2021-11-29T23:00:00.000000000,58.82,53.49117
2021-11-30T00:00:00.000000000,59.32,56.61593
2021-11-30T01:00:00.000000000,60.12,56.52272
2021-11-30T02:00:00.000000000,60.52,56.56544
2021-11-30T03:00:00.000000000,59.71,56.23068
2021-11-30T04:00:00.000000000,58.38,55.61174
2021-11-30T05:00:00.000000000,55.26,55.16887
2021-11-30T06:00:00.000000000,54.05,55.39284
2021-11-30T07:00:00.000000000,57.29,55.09249
2021-11-30T08:00:00.000000000,57.23,54.56082
2021-11-30T09:00:00.000000000,57.69,54.33559
2021-11-30T10:00:00.000000000,57.87,53.02348
2021-11-30T11:00:00.000000000,56.92,53.23873
2021-11-30T12:00:00.000000000,56.68,52.91302
2021-11-30T13:00:00.000000000,56.55,52.00425
2021-11-30T14:00:00.000000000,56.09,51.97682
2021-11-30T15:00:00.000000000,56.08,52.25041
2021-11-30T16:00:00.000000000,56.3,52.28577
2021-11-30T17:00:00.000000000,56.17,52.43329
2021-11-30T18:00:00.000000000,57.93,52.40528
2021-11-30T19:00:00.000000000,58.12,52.57596
2021-11-30T20:00:00.000000000,58.5,52.13654
2021-11-30T21:00:00.000000000,57.04,51.94217
2021-11-30T22:00:00.000000000,57.3,51.55867
2021-11-30T23:00:00.000000000,55.61,51.57492
2021-12-01T00:00:00.000000000,56.53,54.28075
2021-12-01T01:00:00.000000000,56.47,54.30692
2021-12-01T02:00:00.000000000,56.58,54.43325
2021-12-01T03:00:00.000000000,55.95,54.35374
2021-12-01T04:00:00.000000000,55.8,54.13852
2021-12-01T05:00:00.000000000,54.92,53.93182
2021-12-01T06:00:00.000000000,55.09,54.32692
2021-12-01T07:00:00.000000000,56.08,54.18443
2021-12-01T08:00:00.000000000,56.59,53.68146
2021-12-01T09:00:00.000000000,57.6,53.33926
2021-12-01T10:00:00.000000000,57.38,51.90832
2021-12-01T11:00:00.000000000,56.67,51.90904
2021-12-01T12:00:00.000000000,56.46,51.36727
2021-12-01T13:00:00.000000000,55.63,50.33259
2021-12-01T14:00:00.000000000,55.38,50.23783
2021-12-01T15:00:00.000000000,54.76,50.48919
2021-12-01T16:00:00.000000000,53.87,50.62621
2021-12-01T17:00:00.000000000,52.83,50.83943
2021-12-01T18:00:00.000000000,53.47,50.85157
2021-12-01T19:00:00.000000000,55.96,51.06275
2021-12-01T20:00:00.000000000,56.2,50.68706
2021-12-01T21:00:00.000000000,56.37,50.36774
2021-12-01T22:00:00.000000000,56.15,49.95601
2021-12-01T23:00:00.000000000,54.0,49.8742
2021-12-02T00:00:00.000000000,52.94,53.12616
2021-12-02T01:00:00.000000000,51.73,52.91752
2021-12-02T02:00:00.000000000,49.31,52.75152
2021-12-02T03:00:00.000000000,50.77,52.53555
2021-12-02T04:00:00.000000000,50.79,52.20253
2021-12-02T05:00:00.000000000,47.64,51.82462
2021-12-02T06:00:00.000000000,47.42,52.13279
2021-12-02T07:00:00.000000000,49.91,52.08833
2021-12-02T08:00:00.000000000,51.55,51.75113
2021-12-02T09:00:00.000000000,52.94,51.64439
2021-12-02T10:00:00.000000000,55.23,50.44757
2021-12-02T11:00:00.000000000,56.27,50.64158
2021-12-02T12:00:00.000000000,56.4,50.31754
2021-12-02T13:00:00.000000000,57.27,49.59592
2021-12-02T14:00:00.000000000,57.45,49.56988
2021-12-02T15:00:00.000000000,57.08,49.86036
2021-12-02T16:00:00.000000000,57.09,50.05752
2021-12-02T17:00:00.000000000,57.12,50.40335
2021-12-02T18:00:00.000000000,57.35,50.58519
2021-12-02T19:00:00.000000000,57.51,50.85729
2021-12-02T20:00:00.000000000,58.06,50.50869
2021-12-02T21:00:00.000000000,58.75,50.14407
2021-12-02T22:00:00.000000000,58.17,49.68394
2021-12-02T23:00:00.000000000,56.8,49.51335
2021-11-30T00:00:00.000000000,59.32,58.69451
2021-11-30T01:00:00.000000000,60.12,58.22409
2021-11-30T02:00:00.000000000,60.52,57.94415
2021-11-30T03:00:00.000000000,59.71,57.20182
2021-11-30T04:00:00.000000000,58.38,55.97137
2021-11-30T05:00:00.000000000,55.26,55.07555
2021-11-30T06:00:00.000000000,54.05,55.05652
2021-11-30T07:00:00.000000000,57.29,54.6719
2021-11-30T08:00:00.000000000,57.23,54.29634
2021-11-30T09:00:00.000000000,57.69,54.51622
2021-11-30T10:00:00.000000000,57.87,53.67276
2021-11-30T11:00:00.000000000,56.92,54.43155
2021-11-30T12:00:00.000000000,56.68,54.66518
2021-11-30T13:00:00.000000000,56.55,54.2246
2021-11-30T14:00:00.000000000,56.09,54.36908
2021-11-30T15:00:00.000000000,56.08,54.62593
2021-11-30T16:00:00.000000000,56.3,54.49138
2021-11-30T17:00:00.000000000,56.17,54.57413
2021-11-30T18:00:00.000000000,57.93,54.52767
2021-11-30T19:00:00.000000000,58.12,54.61796
2021-11-30T20:00:00.000000000,58.5,54.02029
2021-11-30T21:00:00.000000000,57.04,53.94702
2021-11-30T22:00:00.000000000,57.3,53.53826
2021-11-30T23:00:00.000000000,55.61,53.59592
2021-12-01T00:00:00.000000000,56.53,56.28588
2021-12-01T01:00:00.000000000,56.47,56.21248
2021-12-01T02:00:00.000000000,56.58,56.23713
2021-12-01T03:00:00.000000000,55.95,55.89648
2021-12-01T04:00:00.000000000,55.8,55.25905
2021-12-01T05:00:00.000000000,54.92,54.76294
2021-12-01T06:00:00.000000000,55.09,54.93898
2021-12-01T07:00:00.000000000,56.08,54.59528
2021-12-01T08:00:00.000000000,56.59,54.04092
2021-12-01T09:00:00.000000000,57.6,53.80469
2021-12-01T10:00:00.000000000,57.38,52.49879
2021-12-01T11:00:00.000000000,56.67,52.74648
2021-12-01T12:00:00.000000000,56.46,52.48284
2021-12-01T13:00:00.000000000,55.63,51.65876
2021-12-01T14:00:00.000000000,55.38,51.67212
2021-12-01T15:00:00.000000000,54.76,52.01158
2021-12-01T16:00:00.000000000,53.87,52.09283
2021-12-01T17:00:00.000000000,52.83,52.27241
2021-12-01T18:00:00.000000000,53.47,52.26967
2021-12-01T19:00:00.000000000,55.96,52.43732
2021-12-01T20:00:00.000000000,56.2,51.9985
2021-12-01T21:00:00.000000000,56.37,51.74813
2021-12-01T22:00:00.000000000,56.15,51.35924
2021-12-01T23:00:00.000000000,54.0,51.37105
2021-12-02T00:00:00.000000000,52.94,55.19966
2021-12-02T01:00:00.000000000,51.73,55.04786
2021-12-02T02:00:00.000000000,49.31,55.00161
2021-12-02T03:00:00.000000000,50.77,54.75556
2021-12-02T04:00:00.000000000,50.79,54.24337
2021-12-02T05:00:00.000000000,47.64,53.77664
2021-12-02T06:00:00.000000000,47.42,53.97444
2021-12-02T07:00:00.000000000,49.91,53.72911
2021-12-02T08:00:00.000000000,51.55,53.20522
2021-12-02T09:00:00.000000000,52.94,53.01411
2021-12-02T10:00:00.000000000,55.23,51.71265
2021-12-02T11:00:00.000000000,56.27,51.9656
2021-12-02T12:00:00.000000000,56.4,51.74108
2021-12-02T13:00:00.000000000,57.27,51.03902
2021-12-02T14:00:00.000000000,57.45,51.10705
2021-12-02T15:00:00.000000000,57.08,51.51797
2021-12-02T16:00:00.000000000,57.09,51.72027
2021-12-02T17:00:00.000000000,57.12,52.02607
2021-12-02T18:00:00.000000000,57.35,52.11664
2021-12-02T19:00:00.000000000,57.51,52.29408
2021-12-02T20:00:00.000000000,58.06,51.82737
2021-12-02T21:00:00.000000000,58.75,51.44587
2021-12-02T22:00:00.000000000,58.17,50.9362
2021-12-02T23:00:00.000000000,56.8,50.82239
2021-12-03T00:00:00.000000000,55.37,53.83294
2021-12-03T01:00:00.000000000,55.47,53.80022
2021-12-03T02:00:00.000000000,55.57,53.88053
2021-12-03T03:00:00.000000000,56.22,53.8373
2021-12-03T04:00:00.000000000,57.98,53.58586
2021-12-03T05:00:00.000000000,59.22,53.2673
2021-12-03T06:00:00.000000000,58.29,53.56027
2021-12-03T07:00:00.000000000,58.96,53.40888
2021-12-03T08:00:00.000000000,59.83,52.90898
2021-12-03T09:00:00.000000000,59.95,52.698
2021-12-03T10:00:00.000000000,58.67,51.38675
2021-12-03T11:00:00.000000000,58.73,51.57212
2021-12-03T12:00:00.000000000,58.73,51.26644
2021-12-03T13:00:00.000000000,58.52,50.53034
2021-12-03T14:00:00.000000000,58.74,50.59242
2021-12-03T15:00:00.000000000,59.56,50.965
2021-12-03T16:00:00.000000000,59.43,51.18825
2021-12-03T17:00:00.000000000,59.42,51.44996
2021-12-03T18:00:00.000000000,59.52,51.47407
2021-12-03T19:00:00.000000000,60.13,51.5732
2021-12-03T20:00:00.000000000,59.16,51.05524
2021-12-03T21:00:00.000000000,58.65,50.58255
2021-12-03T22:00:00.000000000,57.21,50.01806
2021-12-03T23:00:00.000000000,52.92,49.84252
2021-12-01T00:00:00.000000000,56.53,57.19594
2021-12-01T01:00:00.000000000,56.47,56.97859
2021-12-01T02:00:00.000000000,56.58,56.92958
2021-12-01T03:00:00.000000000,55.95,56.40962
2021-12-01T04:00:00.000000000,55.8,55.64229
2021-12-01T05:00:00.000000000,54.92,55.1321
2021-12-01T06:00:00.000000000,55.09,55.41418
2021-12-01T07:00:00.000000000,56.08,55.22025
2021-12-01T08:00:00.000000000,56.59,54.90815
2021-12-01T09:00:00.000000000,57.6,54.93648
2021-12-01T10:00:00.000000000,57.38,53.90508
2021-12-01T11:00:00.000000000,56.67,54.28039
2021-12-01T12:00:00.000000000,56.46,54.00612
2021-12-01T13:00:00.000000000,55.63,53.08162
2021-12-01T14:00:00.000000000,55.38,52.96763
2021-12-01T15:00:00.000000000,54.76,53.00283
2021-12-01T16:00:00.000000000,53.87,52.79287
2021-12-01T17:00:00.000000000,52.83,52.76066
2021-12-01T18:00:00.000000000,53.47,52.63271
2021-12-01T19:00:00.000000000,55.96,52.7985
2021-12-01T20:00:00.000000000,56.2,52.36847
2021-12-01T21:00:00.000000000,56.37,52.36617
2021-12-01T22:00:00.000000000,56.15,52.09068
2021-12-01T23:00:00.000000000,54.0,52.18125
2021-12-02T00:00:00.000000000,52.94,55.52441
2021-12-02T01:00:00.000000000,51.73,55.3989
2021-12-02T02:00:00.000000000,49.31,55.36158
2021-12-02T03:00:00.000000000,50.77,55.02637
2021-12-02T04:00:00.000000000,50.79,54.47001
2021-12-02T05:00:00.000000000,47.64,54.0105
2021-12-02T06:00:00.000000000,47.42,54.25868
2021-12-02T07:00:00.000000000,49.91,54.03915
2021-12-02T08:00:00.000000000,51.55,53.59892
2021-12-02T09:00:00.000000000,52.94,53.45267
2021-12-02T10:00:00.000000000,55.23,52.23046
2021-12-02T11:00:00.000000000,56.27,52.49037
2021-12-02T12:00:00.000000000,56.4,52.19606
2021-12-02T13:00:00.000000000,57.27,51.37379
2021-12-02T14:00:00.000000000,57.45,51.33947
2021-12-02T15:00:00.000000000,57.08,51.59849
2021-12-02T16:00:00.000000000,57.09,51.65341
2021-12-02T17:00:00.000000000,57.12,51.82384
2021-12-02T18:00:00.000000000,57.35,51.84248
2021-12-02T19:00:00.000000000,57.51,52.03524
2021-12-02T20:00:00.000000000,58.06,51.62357
2021-12-02T21:00:00.000000000,58.75,51.37826
2021-12-02T22:00:00.000000000,58.17,50.99222
2021-12-02T23:00:00.000000000,56.8,50.97327
2021-12-03T00:00:00.000000000,55.37,54.8797
2021-12-03T01:00:00.000000000,55.47,54.77787
2021-12-03T02:00:00.000000000,55.57,54.78033
2021-12-03T03:00:00.000000000,56.22,54.56871
2021-12-03T04:00:00.000000000,57.98,54.12213
2021-12-03T05:00:00.000000000,59.22,53.69823
2021-12-03T06:00:00.000000000,58.29,53.94229
2021-12-03T07:00:00.000000000,58.96,53.73883
2021-12-03T08:00:00.000000000,59.83,53.25956
2021-12-03T09:00:00.000000000,59.95,53.09566
2021-12-03T10:00:00.000000000,58.67,51.83893
2021-12-03T11:00:00.000000000,58.73,52.09282
2021-12-03T12:00:00.000000000,58.73,51.83299
2021-12-03T13:00:00.000000000,58.52,51.09299
2021-12-03T14:00:00.000000000,58.74,51.12835
2021-12-03T15:00:00.000000000,59.56,51.46816
2021-12-03T16:00:00.000000000,59.43,51.61649
2021-12-03T17:00:00.000000000,59.42,51.84426
2021-12-03T18:00:00.000000000,59.52,51.87484
2021-12-03T19:00:00.000000000,60.13,52.01697
2021-12-03T20:00:00.000000000,59.16,51.53976
2021-12-03T21:00:00.000000000,58.65,51.17248
2021-12-03T22:00:00.000000000,57.21,50.68452
2021-12-03T23:00:00.000000000,52.92,50.58506
2021-12-04T00:00:00.000000000,52.53,52.88704
2021-12-04T01:00:00.000000000,52.36,52.92277
2021-12-04T02:00:00.000000000,52.36,53.04107
2021-12-04T03:00:00.000000000,52.72,53.05572
2021-12-04T04:00:00.000000000,51.89,52.92048
2021-12-04T05:00:00.000000000,50.94,52.66689
2021-12-04T06:00:00.000000000,51.65,53.01449
2021-12-04T07:00:00.000000000,52.23,52.926
2021-12-04T08:00:00.000000000,54.54,52.48615
2021-12-04T09:00:00.000000000,55.48,52.28885
2021-12-04T10:00:00.000000000,56.8,51.02437
2021-12-04T11:00:00.000000000,57.71,51.18567
2021-12-04T12:00:00.000000000,57.39,50.82621
2021-12-04T13:00:00.000000000,58.01,50.05591
2021-12-04T14:00:00.000000000,56.62,50.07812
2021-12-04T15:00:00.000000000,56.11,50.37827
2021-12-04T16:00:00.000000000,55.72,50.5649
2021-12-04T17:00:00.000000000,54.95,50.76603
2021-12-04T18:00:00.000000000,54.99,50.74806
2021-12-04T19:00:00.000000000,53.31,50.82387
2021-12-04T20:00:00.000000000,52.92,50.31777
2021-12-04T21:00:00.000000000,52.11,49.84479
2021-12-04T22:00:00.000000000,51.25,49.31428
2021-12-04T23:00:00.000000000,50.26,49.14345
2021-12-02T00:00:00.000000000,52.94,56.964
2021-12-02T01:00:00.000000000,51.73,56.69171
2021-12-02T02:00:00.000000000,49.31,56.5776
2021-12-02T03:00:00.000000000,50.77,55.99819
2021-12-02T04:00:00.000000000,50.79,55.22443
2021-12-02T05:00:00.000000000,47.64,54.71051
2021-12-02T06:00:00.000000000,47.42,55.04171
2021-12-02T07:00:00.000000000,49.91,54.94788
2021-12-02T08:00:00.000000000,51.55,54.7692
2021-12-02T09:00:00.000000000,52.94,54.93059
2021-12-02T10:00:00.000000000,55.23,54.05065
2021-12-02T11:00:00.000000000,56.27,54.50148
2021-12-02T12:00:00.000000000,56.4,54.23193
2021-12-02T13:00:00.000000000,57.27,53.31868
2021-12-02T14:00:00.000000000,57.45,53.15287
2021-12-02T15:00:00.000000000,57.08,53.06957
2021-12-02T16:00:00.000000000,57.09,52.77154
2021-12-02T17:00:00.000000000,57.12,52.66278
2021-12-02T18:00:00.000000000,57.35,52.50996
2021-12-02T19:00:00.000000000,57.51,52.66945
2021-12-02T20:00:00.000000000,58.06,52.24295
2021-12-02T21:00:00.000000000,58.75,52.29761
2021-12-02T22:00:00.000000000,58.17,52.05246
2021-12-02T23:00:00.000000000,56.8,52.15255
2021-12-03T00:00:00.000000000,55.37,55.38768
2021-12-03T01:00:00.000000000,55.47,55.33656
2021-12-03T02:00:00.000000000,55.57,55.41306
2021-12-03T03:00:00.000000000,56.22,55.15787
2021-12-03T04:00:00.000000000,57.98,54.70114
2021-12-03T05:00:00.000000000,59.22,54.31888
2021-12-03T06:00:00.000000000,58.29,54.64424
2021-12-03T07:00:00.000000000,58.96,54.48733
2021-12-03T08:00:00.000000000,59.83,54.10239
2021-12-03T09:00:00.000000000,59.95,54.01308
2021-12-03T10:00:00.000000000,58.67,52.8574
2021-12-03T11:00:00.000000000,58.73,53.13387
2021-12-03T12:00:00.000000000,58.73,52.79676
2021-12-03T13:00:00.000000000,58.52,51.91604
2021-12-03T14:00:00.000000000,58.74,51.84906
2021-12-03T15:00:00.000000000,59.56,51.99995
2021-12-03T16:00:00.000000000,59.43,51.96167
2021-12-03T17:00:00.000000000,59.42,51.99042
2021-12-03T18:00:00.000000000,59.52,51.88313
2021-12-03T19:00:00.000000000,60.13,51.98082
2021-12-03T20:00:00.000000000,59.16,51.50339
2021-12-03T21:00:00.000000000,58.65,51.27277
2021-12-03T22:00:00.000000000,57.21,50.88372
2021-12-03T23:00:00.000000000,52.92,50.87424
2021-12-04T00:00:00.000000000,52.53,53.79748
2021-12-04T01:00:00.000000000,52.36,53.78519
2021-12-04T02:00:00.000000000,52.36,53.87546
2021-12-04T03:00:00.000000000,52.72,53.7995
2021-12-04T04:00:00.000000000,51.89,53.55083
2021-12-04T05:00:00.000000000,50.94,53.2444
2021-12-04T06:00:00.000000000,51.65,53.57884
2021-12-04T07:00:00.000000000,52.23,53.46831
2021-12-04T08:00:00.000000000,54.54,53.03985
2021-12-04T09:00:00.000000000,55.48,52.88324
2021-12-04T10:00:00.000000000,56.8,51.64669
2021-12-04T11:00:00.000000000,57.71,51.85475
2021-12-04T12:00:00.000000000,57.39,51.51616
2021-12-04T13:00:00.000000000,58.01,50.72757
2021-12-04T14:00:00.000000000,56.62,50.73023
2021-12-04T15:00:00.000000000,56.11,50.99896
2021-12-04T16:00:00.000000000,55.72,51.12914
2021-12-04T17:00:00.000000000,54.95,51.29224
2021-12-04T18:00:00.000000000,54.99,51.26132
2021-12-04T19:00:00.000000000,53.31,51.34796
2021-12-04T20:00:00.000000000,52.92,50.84515
2021-12-04T21:00:00.000000000,52.11,50.43731
2021-12-04T22:00:00.000000000,51.25,49.93421
2021-12-04T23:00:00.000000000,50.26,49.80515
2021-12-05T00:00:00.000000000,50.34,52.82944
2021-12-05T01:00:00.000000000,50.61,52.83348
2021-12-05T02:00:00.000000000,50.36,52.96345
2021-12-05T03:00:00.000000000,50.45,53.03665
2021-12-05T04:00:00.000000000,50.46,52.93222
2021-12-05T05:00:00.000000000,50.4,52.66907
2021-12-05T06:00:00.000000000,50.3,53.01954
2021-12-05T07:00:00.000000000,51.16,52.97276
2021-12-05T08:00:00.000000000,51.94,52.55976
2021-12-05T09:00:00.000000000,51.91,52.45507
2021-12-05T10:00:00.000000000,52.24,51.25288
2021-12-05T11:00:00.000000000,52.91,51.50054
2021-12-05T12:00:00.000000000,52.7,51.22308
2021-12-05T13:00:00.000000000,52.83,50.55491
2021-12-05T14:00:00.000000000,53.0,50.6311
2021-12-05T15:00:00.000000000,54.46,50.94203
2021-12-05T16:00:00.000000000,54.68,51.14128
2021-12-05T17:00:00.000000000,54.94,51.32467
2021-12-05T18:00:00.000000000,54.29,51.27691
2021-12-05T19:00:00.000000000,54.77,51.27097
2021-12-05T20:00:00.000000000,55.03,50.66414
2021-12-05T21:00:00.000000000,55.46,50.1229
2021-12-05T22:00:00.000000000,55.54,49.4928
2021-12-05T23:00:00.000000000,59.14,49.26344
2021-12-03T00:00:00.000000000,55.37,57.9255
2021-12-03T01:00:00.000000000,55.47,57.6032
2021-12-03T02:00:00.000000000,55.57,57.47069
2021-12-03T03:00:00.000000000,56.22,56.76345
2021-12-03T04:00:00.000000000,57.98,55.69461
2021-12-03T05:00:00.000000000,59.22,54.92068
2021-12-03T06:00:00.000000000,58.29,55.06914
2021-12-03T07:00:00.000000000,58.96,54.84346
2021-12-03T08:00:00.000000000,59.83,54.69079
2021-12-03T09:00:00.000000000,59.95,55.08135
2021-12-03T10:00:00.000000000,58.67,54.49527
2021-12-03T11:00:00.000000000,58.73,55.32398
2021-12-03T12:00:00.000000000,58.73,55.4523
2021-12-03T13:00:00.000000000,58.52,54.89811
2021-12-03T14:00:00.000000000,58.74,54.91122
2021-12-03T15:00:00.000000000,59.56,54.87418
2021-12-03T16:00:00.000000000,59.43,54.48787
2021-12-03T17:00:00.000000000,59.42,54.24199
2021-12-03T18:00:00.000000000,59.52,53.96598
2021-12-03T19:00:00.000000000,60.13,53.92087
2021-12-03T20:00:00.000000000,59.16,53.2818
2021-12-03T21:00:00.000000000,58.65,53.29523
2021-12-03T22:00:00.000000000,57.21,52.98606
2021-12-03T23:00:00.000000000,52.92,53.10225
2021-12-04T00:00:00.000000000,52.53,56.2427
2021-12-04T01:00:00.000000000,52.36,56.13704
2021-12-04T02:00:00.000000000,52.36,56.1344
2021-12-04T03:00:00.000000000,52.72,55.73217
2021-12-04T04:00:00.000000000,51.89,55.03605
2021-12-04T05:00:00.000000000,50.94,54.47277
2021-12-04T06:00:00.000000000,51.65,54.65211
2021-12-04T07:00:00.000000000,52.23,54.36837
2021-12-04T08:00:00.000000000,54.54,53.94803
2021-12-04T09:00:00.000000000,55.48,53.90678
2021-12-04T10:00:00.000000000,56.8,52.82324
2021-12-04T11:00:00.000000000,57.71,53.24394
2021-12-04T12:00:00.000000000,57.39,53.08642
2021-12-04T13:00:00.000000000,58.01,52.36401
2021-12-04T14:00:00.000000000,56.62,52.37537
2021-12-04T15:00:00.000000000,56.11,52.60693
2021-12-04T16:00:00.000000000,55.72,52.56809
2021-12-04T17:00:00.000000000,54.95,52.60906
2021-12-04T18:00:00.000000000,54.99,52.51872
2021-12-04T19:00:00.000000000,53.31,52.60144
2021-12-04T20:00:00.000000000,52.92,52.09713
2021-12-04T21:00:00.000000000,52.11,51.8803
2021-12-04T22:00:00.000000000,51.25,51.50156
2021-12-04T23:00:00.000000000,50.26,51.53543
2021-12-05T00:00:00.000000000,50.34,55.00354
2021-12-05T01:00:00.000000000,50.61,54.94151
2021-12-05T02:00:00.000000000,50.36,55.02093
2021-12-05T03:00:00.000000000,50.45,54.87487
2021-12-05T04:00:00.000000000,50.46,54.45374
2021-12-05T05:00:00.000000000,50.4,54.03756
2021-12-05T06:00:00.000000000,50.3,54.27664
2021-12-05T07:00:00.000000000,51.16,54.06894
2021-12-05T08:00:00.000000000,51.94,53.57886
2021-12-05T09:00:00.000000000,51.91,53.4521
2021-12-05T10:00:00.000000000,52.24,52.22998
2021-12-05T11:00:00.000000000,52.91,52.53761
2021-12-05T12:00:00.000000000,52.7,52.32571
2021-12-05T13:00:00.000000000,52.83,51.62852
2021-12-05T14:00:00.000000000,53.0,51.705
2021-12-05T15:00:00.000000000,54.46,52.04087
2021-12-05T16:00:00.000000000,54.68,52.17149
2021-12-05T17:00:00.000000000,54.94,52.33503
2021-12-05T18:00:00.000000000,54.29,52.28852
2021-12-05T19:00:00.000000000,54.77,52.33282
2021-12-05T20:00:00.000000000,55.03,51.76093
2021-12-05T21:00:00.000000000,55.46,51.35745
2021-12-05T22:00:00.000000000,55.54,50.81414
2021-12-05T23:00:00.000000000,59.14,50.69988
2021-12-06T00:00:00.000000000,56.95,54.58482
2021-12-06T01:00:00.000000000,56.66,54.53638
2021-12-06T02:00:00.000000000,56.21,54.66117
2021-12-06T03:00:00.000000000,56.11,54.62096
2021-12-06T04:00:00.000000000,57.72,54.30035
2021-12-06T05:00:00.000000000,58.92,53.92885
2021-12-06T06:00:00.000000000,58.71,54.19156
2021-12-06T07:00:00.000000000,60.75,54.0257
2021-12-06T08:00:00.000000000,61.87,53.53012
2021-12-06T09:00:00.000000000,61.98,53.42073
2021-12-06T10:00:00.000000000,62.59,52.19681
2021-12-06T11:00:00.000000000,63.04,52.50991
2021-12-06T12:00:00.000000000,63.77,52.31516
2021-12-06T13:00:00.000000000,62.86,51.66135
2021-12-06T14:00:00.000000000,62.94,51.77754
2021-12-06T15:00:00.000000000,61.27,52.13427
2021-12-06T16:00:00.000000000,61.36,52.30461
2021-12-06T17:00:00.000000000,61.62,52.47504
2021-12-06T18:00:00.000000000,62.08,52.40839
2021-12-06T19:00:00.000000000,61.03,52.39583
2021-12-06T20:00:00.000000000,60.13,51.75697
2021-12-06T21:00:00.000000000,58.57,51.27662
2021-12-06T22:00:00.000000000,58.45,50.65201
2021-12-06T23:00:00.000000000,62.18,50.47687
2021-12-04T00:00:00.000000000,52.53,56.28143
2021-12-04T01:00:00.000000000,52.36,56.31871
2021-12-04T02:00:00.000000000,52.36,56.59886
2021-12-04T03:00:00.000000000,52.72,56.45885
2021-12-04T04:00:00.000000000,51.89,55.9976
2021-12-04T05:00:00.000000000,50.94,55.65664
2021-12-04T06:00:00.000000000,51.65,55.94089
2021-12-04T07:00:00.000000000,52.23,55.73383
2021-12-04T08:00:00.000000000,54.54,55.2656
2021-12-04T09:00:00.000000000,55.48,55.19384
2021-12-04T10:00:00.000000000,56.8,54.07349
2021-12-04T11:00:00.000000000,57.71,54.40086
2021-12-04T12:00:00.000000000,57.39,54.12965
2021-12-04T13:00:00.000000000,58.01,53.25801
2021-12-04T14:00:00.000000000,56.62,53.28447
2021-12-04T15:00:00.000000000,56.11,53.4108
2021-12-04T16:00:00.000000000,55.72,53.30744
2021-12-04T17:00:00.000000000,54.95,53.1958
2021-12-04T18:00:00.000000000,54.99,52.89452
2021-12-04T19:00:00.000000000,53.31,52.79761
2021-12-04T20:00:00.000000000,52.92,52.13109
2021-12-04T21:00:00.000000000,52.11,51.91865
2021-12-04T22:00:00.000000000,51.25,51.45021
2021-12-04T23:00:00.000000000,50.26,51.43688
2021-12-05T00:00:00.000000000,50.34,55.36006
2021-12-05T01:00:00.000000000,50.61,55.34158
2021-12-05T02:00:00.000000000,50.36,55.50188
2021-12-05T03:00:00.000000000,50.45,55.38922
2021-12-05T04:00:00.000000000,50.46,55.00044
2021-12-05T05:00:00.000000000,50.4,54.64192
2021-12-05T06:00:00.000000000,50.3,54.9219
2021-12-05T07:00:00.000000000,51.16,54.72437
2021-12-05T08:00:00.000000000,51.94,54.22716
2021-12-05T09:00:00.000000000,51.91,54.08567
2021-12-05T10:00:00.000000000,52.24,52.84826
2021-12-05T11:00:00.000000000,52.91,53.12292
2021-12-05T12:00:00.000000000,52.7,52.85131
2021-12-05T13:00:00.000000000,52.83,52.0625
2021-12-05T14:00:00.000000000,53.0,52.10916
2021-12-05T15:00:00.000000000,54.46,52.38658
2021-12-05T16:00:00.000000000,54.68,52.46151
2021-12-05T17:00:00.000000000,54.94,52.5529
2021-12-05T18:00:00.000000000,54.29,52.43664
2021-12-05T19:00:00.000000000,54.77,52.44748
2021-12-05T20:00:00.000000000,55.03,51.85463
2021-12-05T21:00:00.000000000,55.46,51.49344
2021-12-05T22:00:00.000000000,55.54,50.96384
2021-12-05T23:00:00.000000000,59.14,50.87184
2021-12-06T00:00:00.000000000,56.95,54.57218
2021-12-06T01:00:00.000000000,56.66,54.60763
2021-12-06T02:00:00.000000000,56.21,54.83274
2021-12-06T03:00:00.000000000,56.11,54.8516
2021-12-06T04:00:00.000000000,57.72,54.61208
2021-12-06T05:00:00.000000000,58.92,54.32141
2021-12-06T06:00:00.000000000,58.71,54.6403
2021-12-06T07:00:00.000000000,60.75,54.49323
2021-12-06T08:00:00.000000000,61.87,53.99704
2021-12-06T09:00:00.000000000,61.98,53.8558
2021-12-06T10:00:00.000000000,62.59,52.61072
2021-12-06T11:00:00.000000000,63.04,52.87144
2021-12-06T12:00:00.000000000,63.77,52.59098
2021-12-06T13:00:00.000000000,62.86,51.83207
2021-12-06T14:00:00.000000000,62.94,51.9064
2021-12-06T15:00:00.000000000,61.27,52.19821
2021-12-06T16:00:00.000000000,61.36,52.31601
2021-12-06T17:00:00.000000000,61.62,52.40395
2021-12-06T18:00:00.000000000,62.08,52.25966
2021-12-06T19:00:00.000000000,61.03,52.20939
2021-12-06T20:00:00.000000000,60.13,51.5581
2021-12-06T21:00:00.000000000,58.57,51.10473
2021-12-06T22:00:00.000000000,58.45,50.504
2021-12-06T23:00:00.000000000,62.18,50.35251
2021-12-07T00:00:00.000000000,61.99,53.3755
2021-12-07T01:00:00.000000000,60.85,53.44296
2021-12-07T02:00:00.000000000,60.52,53.66181
2021-12-07T03:00:00.000000000,60.26,53.7497
2021-12-07T04:00:00.000000000,59.22,53.64851
2021-12-07T05:00:00.000000000,60.21,53.41651
2021-12-07T06:00:00.000000000,60.01,53.79046
2021-12-07T07:00:00.000000000,59.92,53.71906
2021-12-07T08:00:00.000000000,60.55,53.27949
2021-12-07T09:00:00.000000000,60.59,53.14709
2021-12-07T10:00:00.000000000,61.14,51.92059
2021-12-07T11:00:00.000000000,60.67,52.15098
2021-12-07T12:00:00.000000000,60.52,51.82942
2021-12-07T13:00:00.000000000,60.28,51.07766
2021-12-07T14:00:00.000000000,59.72,51.12951
2021-12-07T15:00:00.000000000,59.64,51.40016
2021-12-07T16:00:00.000000000,59.75,51.54211
2021-12-07T17:00:00.000000000,59.25,51.64262
2021-12-07T18:00:00.000000000,59.55,51.51563
2021-12-07T19:00:00.000000000,59.15,51.47043
2021-12-07T20:00:00.000000000,59.1,50.83931
2021-12-07T21:00:00.000000000,56.69,50.3333
2021-12-07T22:00:00.000000000,54.21,49.72644
2021-12-07T23:00:00.000000000,55.25,49.539
2021-12-05T00:00:00.000000000,50.34,54.47285
2021-12-05T01:00:00.000000000,50.61,54.44943
2021-12-05T02:00:00.000000000,50.36,54.6836
2021-12-05T03:00:00.000000000,50.45,54.58382
2021-12-05T04:00:00.000000000,50.46,54.26489
2021-12-05T05:00:00.000000000,50.4,53.87632
2021-12-05T06:00:00.000000000,50.3,54.31458
2021-12-05T07:00:00.000000000,51.16,54.44703
2021-12-05T08:00:00.000000000,51.94,54.43105
2021-12-05T09:00:00.000000000,51.91,54.9399
2021-12-05T10:00:00.000000000,52.24,54.45622
2021-12-05T11:00:00.000000000,52.91,55.26255
2021-12-05T12:00:00.000000000,52.7,55.26362
2021-12-05T13:00:00.000000000,52.83,54.73416
2021-12-05T14:00:00.000000000,53.0,54.77681
2021-12-05T15:00:00.000000000,54.46,54.614
2021-12-05T16:00:00.000000000,54.68,54.25649
2021-12-05T17:00:00.000000000,54.94,53.76881
2021-12-05T18:00:00.000000000,54.29,53.20552
2021-12-05T19:00:00.000000000,54.77,52.79656
2021-12-05T20:00:00.000000000,55.03,51.84157
2021-12-05T21:00:00.000000000,55.46,51.51909
2021-12-05T22:00:00.000000000,55.54,50.93866
2021-12-05T23:00:00.000000000,59.14,50.82365
2021-12-06T00:00:00.000000000,56.95,54.98938
2021-12-06T01:00:00.000000000,56.66,55.05739
2021-12-06T02:00:00.000000000,56.21,55.3341
2021-12-06T03:00:00.000000000,56.11,55.28714
2021-12-06T04:00:00.000000000,57.72,54.95565
2021-12-06T05:00:00.000000000,58.92,54.59943
2021-12-06T06:00:00.000000000,58.71,54.91583
2021-12-06T07:00:00.000000000,60.75,54.79123
2021-12-06T08:00:00.000000000,61.87,54.42055
2021-12-06T09:00:00.000000000,61.98,54.47747
2021-12-06T10:00:00.000000000,62.59,53.48468
2021-12-06T11:00:00.000000000,63.04,53.94387
2021-12-06T12:00:00.000000000,63.77,53.7721
2021-12-06T13:00:00.000000000,62.86,53.07763
2021-12-06T14:00:00.000000000,62.94,53.14569
2021-12-06T15:00:00.000000000,61.27,53.28352
2021-12-06T16:00:00.000000000,61.36,53.20657
2021-12-06T17:00:00.000000000,61.62,53.05107
2021-12-06T18:00:00.000000000,62.08,52.72312
2021-12-06T19:00:00.000000000,61.03,52.52277
2021-12-06T20:00:00.000000000,60.13,51.76065
2021-12-06T21:00:00.000000000,58.57,51.38635
2021-12-06T22:00:00.000000000,58.45,50.8257
2021-12-06T23:00:00.000000000,62.18,50.74006
2021-12-07T00:00:00.000000000,61.99,53.75086
2021-12-07T01:00:00.000000000,60.85,53.8653
2021-12-07T02:00:00.000000000,60.52,54.144
2021-12-07T03:00:00.000000000,60.26,54.20469
2021-12-07T04:00:00.000000000,59.22,54.07302
2021-12-07T05:00:00.000000000,60.21,53.83302
2021-12-07T06:00:00.000000000,60.01,54.22842
2021-12-07T07:00:00.000000000,59.92,54.16632
2021-12-07T08:00:00.000000000,60.55,53.78172
2021-12-07T09:00:00.000000000,60.59,53.72519
2021-12-07T10:00:00.000000000,61.14,52.59793
2021-12-07T11:00:00.000000000,60.67,52.89995
2021-12-07T12:00:00.000000000,60.52,52.58739
2021-12-07T13:00:00.000000000,60.28,51.80739
2021-12-07T14:00:00.000000000,59.72,51.82746
2021-12-07T15:00:00.000000000,59.64,51.99757
2021-12-07T16:00:00.000000000,59.75,52.01846
2021-12-07T17:00:00.000000000,59.25,51.96486
2021-12-07T18:00:00.000000000,59.55,51.72165
2021-12-07T19:00:00.000000000,59.15,51.59988
2021-12-07T20:00:00.000000000,59.1,50.92179
2021-12-07T21:00:00.000000000,56.69,50.47545
2021-12-07T22:00:00.000000000,54.21,49.91058
2021-12-07T23:00:00.000000000,55.25,49.77995
2021-12-08T00:00:00.000000000,54.4,51.99624
2021-12-08T01:00:00.000000000,52.35,52.15778
2021-12-08T02:00:00.000000000,52.06,52.43209
2021-12-08T03:00:00.000000000,52.48,52.61255
2021-12-08T04:00:00.000000000,51.88,52.68207
2021-12-08T05:00:00.000000000,54.28,52.53643
2021-12-08T06:00:00.000000000,54.19,52.999
2021-12-08T07:00:00.000000000,56.27,53.03659
2021-12-08T08:00:00.000000000,56.65,52.71273
2021-12-08T09:00:00.000000000,56.51,52.64733
2021-12-08T10:00:00.000000000,56.48,51.5228
2021-12-08T11:00:00.000000000,56.46,51.76085
2021-12-08T12:00:00.000000000,56.65,51.38597
2021-12-08T13:00:00.000000000,56.72,50.61033
2021-12-08T14:00:00.000000000,56.68,50.60654
2021-12-08T15:00:00.000000000,56.69,50.75608
2021-12-08T16:00:00.000000000,57.2,50.82449
2021-12-08T17:00:00.000000000,57.01,50.80613
2021-12-08T18:00:00.000000000,57.44,50.5943
2021-12-08T19:00:00.000000000,55.89,50.47961
2021-12-08T20:00:00.000000000,54.69,49.82824
2021-12-08T21:00:00.000000000,53.16,49.31081
2021-12-08T22:00:00.000000000,52.59,48.73179
2021-12-08T23:00:00.000000000,51.88,48.54577
2021-12-06T00:00:00.000000000,56.95,58.79908
2021-12-06T01:00:00.000000000,56.66,58.5
2021-12-06T02:00:00.000000000,56.21,58.36896
2021-12-06T03:00:00.000000000,56.11,57.6775
2021-12-06T04:00:00.000000000,57.72,56.5376
2021-12-06T05:00:00.000000000,58.92,55.77468
2021-12-06T06:00:00.000000000,58.71,55.7988
2021-12-06T07:00:00.000000000,60.75,55.3648
2021-12-06T08:00:00.000000000,61.87,54.9115
2021-12-06T09:00:00.000000000,61.98,54.94918
2021-12-06T10:00:00.000000000,62.59,53.94656
2021-12-06T11:00:00.000000000,63.04,54.51105
2021-12-06T12:00:00.000000000,63.77,54.52702
2021-12-06T13:00:00.000000000,62.86,53.84194
2021-12-06T14:00:00.000000000,62.94,53.89426
2021-12-06T15:00:00.000000000,61.27,54.10244
2021-12-06T16:00:00.000000000,61.36,53.9346
2021-12-06T17:00:00.000000000,61.62,53.96441
2021-12-06T18:00:00.000000000,62.08,53.86808
2021-12-06T19:00:00.000000000,61.03,53.97945
2021-12-06T20:00:00.000000000,60.13,53.45687
2021-12-06T21:00:00.000000000,58.57,53.46815
2021-12-06T22:00:00.000000000,58.45,53.15148
2021-12-06T23:00:00.000000000,62.18,53.28791
2021-12-07T00:00:00.000000000,61.99,56.43614
2021-12-07T01:00:00.000000000,60.85,56.40064
2021-12-07T02:00:00.000000000,60.52,56.51907
2021-12-07T03:00:00.000000000,60.26,56.25103
2021-12-07T04:00:00.000000000,59.22,55.66991
2021-12-07T05:00:00.000000000,60.21,55.22908
2021-12-07T06:00:00.000000000,60.01,55.44226
2021-12-07T07:00:00.000000000,59.92,55.13705
2021-12-07T08:00:00.000000000,60.55,54.60276
2021-12-07T09:00:00.000000000,60.59,54.41549
2021-12-07T10:00:00.000000000,61.14,53.15555
2021-12-07T11:00:00.000000000,60.67,53.42847
2021-12-07T12:00:00.000000000,60.52,53.1573
2021-12-07T13:00:00.000000000,60.28,52.31078
2021-12-07T14:00:00.000000000,59.72,52.32744
2021-12-07T15:00:00.000000000,59.64,52.60152
2021-12-07T16:00:00.000000000,59.75,52.62416
2021-12-07T17:00:00.000000000,59.25,52.70658
2021-12-07T18:00:00.000000000,59.55,52.60479
2021-12-07T19:00:00.000000000,59.15,52.6781
2021-12-07T20:00:00.000000000,59.1,52.15495
2021-12-07T21:00:00.000000000,56.69,51.91264
2021-12-07T22:00:00.000000000,54.21,51.48617
2021-12-07T23:00:00.000000000,55.25,51.4889
2021-12-08T00:00:00.000000000,54.4,54.10564
2021-12-08T01:00:00.000000000,52.35,54.16792
2021-12-08T02:00:00.000000000,52.06,54.35837
2021-12-08T03:00:00.000000000,52.48,54.32204
2021-12-08T04:00:00.000000000,51.88,54.12257
2021-12-08T05:00:00.000000000,54.28,53.88471
2021-12-08T06:00:00.000000000,54.19,54.27558
2021-12-08T07:00:00.000000000,56.27,54.17297
2021-12-08T08:00:00.000000000,56.65,53.74371
2021-12-08T09:00:00.000000000,56.51,53.56257
2021-12-08T10:00:00.000000000,56.48,52.30423
2021-12-08T11:00:00.000000000,56.46,52.4698
2021-12-08T12:00:00.000000000,56.65,52.04618
2021-12-08T13:00:00.000000000,56.72,51.13761
2021-12-08T14:00:00.000000000,56.68,51.08962
2021-12-08T15:00:00.000000000,56.69,51.28272
2021-12-08T16:00:00.000000000,57.2,51.34177
2021-12-08T17:00:00.000000000,57.01,51.4074
2021-12-08T18:00:00.000000000,57.44,51.29036
2021-12-08T19:00:00.000000000,55.89,51.33905
2021-12-08T20:00:00.000000000,54.69,50.82094
2021-12-08T21:00:00.000000000,53.16,50.46051
2021-12-08T22:00:00.000000000,52.59,49.98868
2021-12-08T23:00:00.000000000,51.88,49.8983
2021-12-09T00:00:00.000000000,51.92,51.58891
2021-12-09T01:00:00.000000000,51.28,51.75107
2021-12-09T02:00:00.000000000,51.56,51.97432
2021-12-09T03:00:00.000000000,51.11,52.10043
2021-12-09T04:00:00.000000000,51.85,52.17275
2021-12-09T05:00:00.000000000,52.41,52.05299
2021-12-09T06:00:00.000000000,52.61,52.54511
2021-12-09T07:00:00.000000000,52.54,52.60207
2021-12-09T08:00:00.000000000,54.34,52.31174
2021-12-09T09:00:00.000000000,55.63,52.19823
2021-12-09T10:00:00.000000000,56.0,51.05329
2021-12-09T11:00:00.000000000,56.13,51.20316
2021-12-09T12:00:00.000000000,56.32,50.72782
2021-12-09T13:00:00.000000000,55.95,49.84571
2021-12-09T14:00:00.000000000,56.29,49.75689
2021-12-09T15:00:00.000000000,56.65,49.84771
2021-12-09T16:00:00.000000000,57.07,49.88738
2021-12-09T17:00:00.000000000,56.84,49.88594
2021-12-09T18:00:00.000000000,57.31,49.72548
2021-12-09T19:00:00.000000000,57.89,49.71384
2021-12-09T20:00:00.000000000,57.77,49.19121
2021-12-09T21:00:00.000000000,55.96,48.75985
2021-12-09T22:00:00.000000000,53.36,48.29613
2021-12-09T23:00:00.000000000,53.71,48.16085
2021-12-07T00:00:00.000000000,61.99,56.55458
2021-12-07T01:00:00.000000000,60.85,56.72816
2021-12-07T02:00:00.000000000,60.52,57.18147
2021-12-07T03:00:00.000000000,60.26,57.00198
2021-12-07T04:00:00.000000000,59.22,56.47371
2021-12-07T05:00:00.000000000,60.21,56.12963
2021-12-07T06:00:00.000000000,60.01,56.40535
2021-12-07T07:00:00.000000000,59.92,56.20637
2021-12-07T08:00:00.000000000,60.55,55.85836
2021-12-07T09:00:00.000000000,60.59,55.97491
2021-12-07T10:00:00.000000000,61.14,55.14813
2021-12-07T11:00:00.000000000,60.67,55.63754
2021-12-07T12:00:00.000000000,60.52,55.42851
2021-12-07T13:00:00.000000000,60.28,54.53525
2021-12-07T14:00:00.000000000,59.72,54.54765
2021-12-07T15:00:00.000000000,59.64,54.41053
2021-12-07T16:00:00.000000000,59.75,54.01816
2021-12-07T17:00:00.000000000,59.25,53.55611
2021-12-07T18:00:00.000000000,59.55,52.953
2021-12-07T19:00:00.000000000,59.15,52.63298
2021-12-07T20:00:00.000000000,59.1,51.81747
2021-12-07T21:00:00.000000000,56.69,51.80479
2021-12-07T22:00:00.000000000,54.21,51.42272
2021-12-07T23:00:00.000000000,55.25,51.51936
2021-12-08T00:00:00.000000000,54.4,54.81698
2021-12-08T01:00:00.000000000,52.35,54.95183
2021-12-08T02:00:00.000000000,52.06,55.24053
2021-12-08T03:00:00.000000000,52.48,55.16461
2021-12-08T04:00:00.000000000,51.88,54.88915
2021-12-08T05:00:00.000000000,54.28,54.61288
2021-12-08T06:00:00.000000000,54.19,54.99432
2021-12-08T07:00:00.000000000,56.27,54.86029
2021-12-08T08:00:00.000000000,56.65,54.4666
2021-12-08T09:00:00.000000000,56.51,54.37537
2021-12-08T10:00:00.000000000,56.48,53.24281
2021-12-08T11:00:00.000000000,56.46,53.52365
2021-12-08T12:00:00.000000000,56.65,53.15362
2021-12-08T13:00:00.000000000,56.72,52.24675
2021-12-08T14:00:00.000000000,56.68,52.1948
2021-12-08T15:00:00.000000000,56.69,52.29879
2021-12-08T16:00:00.000000000,57.2,52.21536
2021-12-08T17:00:00.000000000,57.01,52.08296
2021-12-08T18:00:00.000000000,57.44,51.80355
2021-12-08T19:00:00.000000000,55.89,51.72717
2021-12-08T20:00:00.000000000,54.69,51.12189
2021-12-08T21:00:00.000000000,53.16,50.82141
2021-12-08T22:00:00.000000000,52.59,50.38898
2021-12-08T23:00:00.000000000,51.88,50.37374
2021-12-09T00:00:00.000000000,51.92,52.89383
2021-12-09T01:00:00.000000000,51.28,53.017
2021-12-09T02:00:00.000000000,51.56,53.20953
2021-12-09T03:00:00.000000000,51.11,53.19335
2021-12-09T04:00:00.000000000,51.85,53.09735
2021-12-09T05:00:00.000000000,52.41,52.90268
2021-12-09T06:00:00.000000000,52.61,53.36196
2021-12-09T07:00:00.000000000,52.54,53.34897
2021-12-09T08:00:00.000000000,54.34,53.03574
2021-12-09T09:00:00.000000000,55.63,52.91388
2021-12-09T10:00:00.000000000,56.0,51.75975
2021-12-09T11:00:00.000000000,56.13,51.92858
2021-12-09T12:00:00.000000000,56.32,51.45342
2021-12-09T13:00:00.000000000,55.95,50.51144
2021-12-09T14:00:00.000000000,56.29,50.3898
2021-12-09T15:00:00.000000000,56.65,50.46303
2021-12-09T16:00:00.000000000,57.07,50.44317
2021-12-09T17:00:00.000000000,56.84,50.41248
2021-12-09T18:00:00.000000000,57.31,50.24994
2021-12-09T19:00:00.000000000,57.89,50.28871
2021-12-09T20:00:00.000000000,57.77,49.81189
2021-12-09T21:00:00.000000000,55.96,49.48061
2021-12-09T22:00:00.000000000,53.36,49.09056
2021-12-09T23:00:00.000000000,53.71,49.03403
2021-12-10T00:00:00.000000000,54.34,52.25212
2021-12-10T01:00:00.000000000,55.13,52.15547
2021-12-10T02:00:00.000000000,55.15,52.04419
2021-12-10T03:00:00.000000000,55.2,51.83935
2021-12-10T04:00:00.000000000,55.48,51.53752
2021-12-10T05:00:00.000000000,56.09,51.14296
2021-12-10T06:00:00.000000000,57.38,51.44572
2021-12-10T07:00:00.000000000,57.7,51.42872
2021-12-10T08:00:00.000000000,60.88,51.18598
2021-12-10T09:00:00.000000000,59.34,51.17469
2021-12-10T10:00:00.000000000,60.78,50.15473
2021-12-10T11:00:00.000000000,60.47,50.4428
2021-12-10T12:00:00.000000000,60.39,50.16431
2021-12-10T13:00:00.000000000,60.26,49.48705
2021-12-10T14:00:00.000000000,60.46,49.44292
2021-12-10T15:00:00.000000000,61.7,49.61674
2021-12-10T16:00:00.000000000,61.85,49.69616
2021-12-10T17:00:00.000000000,62.47,49.86313
2021-12-10T18:00:00.000000000,62.79,49.91163
2021-12-10T19:00:00.000000000,62.03,50.08135
2021-12-10T20:00:00.000000000,60.58,49.69835
2021-12-10T21:00:00.000000000,60.6,49.36496
2021-12-10T22:00:00.000000000,58.0,48.98248
2021-12-10T23:00:00.000000000,58.64,48.87643
2021-12-08T00:00:00.000000000,54.4,55.73719
2021-12-08T01:00:00.000000000,52.35,55.81254
2021-12-08T02:00:00.000000000,52.06,56.1522
2021-12-08T03:00:00.000000000,52.48,56.0448
2021-12-08T04:00:00.000000000,51.88,55.65012
2021-12-08T05:00:00.000000000,54.28,55.32344
2021-12-08T06:00:00.000000000,54.19,55.67356
2021-12-08T07:00:00.000000000,56.27,55.57242
2021-12-08T08:00:00.000000000,56.65,55.25091
2021-12-08T09:00:00.000000000,56.51,55.36908
2021-12-08T10:00:00.000000000,56.48,54.47406
2021-12-08T11:00:00.000000000,56.46,54.94609
2021-12-08T12:00:00.000000000,56.65,54.73675
2021-12-08T13:00:00.000000000,56.72,53.93214
2021-12-08T14:00:00.000000000,56.68,53.95248
2021-12-08T15:00:00.000000000,56.69,53.94017
2021-12-08T16:00:00.000000000,57.2,53.7026
2021-12-08T17:00:00.000000000,57.01,53.40111
2021-12-08T18:00:00.000000000,57.44,52.94893
2021-12-08T19:00:00.000000000,55.89,52.71223
2021-12-08T20:00:00.000000000,54.69,51.93654
2021-12-08T21:00:00.000000000,53.16,51.72189
2021-12-08T22:00:00.000000000,52.59,51.24176
2021-12-08T23:00:00.000000000,51.88,51.22181
2021-12-09T00:00:00.000000000,51.92,54.11937
2021-12-09T01:00:00.000000000,51.28,54.22884
2021-12-09T02:00:00.000000000,51.56,54.44338
2021-12-09T03:00:00.000000000,51.11,54.34139
2021-12-09T04:00:00.000000000,51.85,54.0818
2021-12-09T05:00:00.000000000,52.41,53.78055
2021-12-09T06:00:00.000000000,52.61,54.16617
2021-12-09T07:00:00.000000000,52.54,54.0663
2021-12-09T08:00:00.000000000,54.34,53.7213
2021-12-09T09:00:00.000000000,55.63,53.65681
2021-12-09T10:00:00.000000000,56.0,52.56331
2021-12-09T11:00:00.000000000,56.13,52.85699
2021-12-09T12:00:00.000000000,56.32,52.50251
2021-12-09T13:00:00.000000000,55.95,51.63743
2021-12-09T14:00:00.000000000,56.29,51.57113
2021-12-09T15:00:00.000000000,56.65,51.67181
2021-12-09T16:00:00.000000000,57.07,51.60254
2021-12-09T17:00:00.000000000,56.84,51.50232
2021-12-09T18:00:00.000000000,57.31,51.27163
2021-12-09T19:00:00.000000000,57.89,51.24037
2021-12-09T20:00:00.000000000,57.77,50.68608
2021-12-09T21:00:00.000000000,55.96,50.37001
2021-12-09T22:00:00.000000000,53.36,49.96518
2021-12-09T23:00:00.000000000,53.71,49.94733
2021-12-10T00:00:00.000000000,54.34,53.34714
2021-12-10T01:00:00.000000000,55.13,53.29899
2021-12-10T02:00:00.000000000,55.15,53.28148
2021-12-10T03:00:00.000000000,55.2,53.08728
2021-12-10T04:00:00.000000000,55.48,52.75704
2021-12-10T05:00:00.000000000,56.09,52.37773
2021-12-10T06:00:00.000000000,57.38,52.68379
2021-12-10T07:00:00.000000000,57.7,52.5894
2021-12-10T08:00:00.000000000,60.88,52.24808
2021-12-10T09:00:00.000000000,59.34,52.15531
2021-12-10T10:00:00.000000000,60.78,51.02927
2021-12-10T11:00:00.000000000,60.47,51.2845
2021-12-10T12:00:00.000000000,60.39,50.97466
2021-12-10T13:00:00.000000000,60.26,50.21841
2021-12-10T14:00:00.000000000,60.46,50.18072
2021-12-10T15:00:00.000000000,61.7,50.38991
2021-12-10T16:00:00.000000000,61.85,50.46598
2021-12-10T17:00:00.000000000,62.47,50.60909
2021-12-10T18:00:00.000000000,62.79,50.60933
2021-12-10T19:00:00.000000000,62.03,50.75403
2021-12-10T20:00:00.000000000,60.58,50.33437
2021-12-10T21:00:00.000000000,60.6,50.00078
2021-12-10T22:00:00.000000000,58.0,49.60098
2021-12-10T23:00:00.000000000,58.64,49.52416
2021-12-11T00:00:00.000000000,58.91,53.20404
2021-12-11T01:00:00.000000000,59.53,53.07484
2021-12-11T02:00:00.000000000,59.64,52.97378
2021-12-11T03:00:00.000000000,60.13,52.74536
2021-12-11T04:00:00.000000000,62.01,52.36701
2021-12-11T05:00:00.000000000,59.99,51.92664
2021-12-11T06:00:00.000000000,59.13,52.19884
2021-12-11T07:00:00.000000000,59.95,52.12802
2021-12-11T08:00:00.000000000,61.28,51.83203
2021-12-11T09:00:00.000000000,62.51,51.82225
2021-12-11T10:00:00.000000000,62.25,50.7695
2021-12-11T11:00:00.000000000,63.19,51.10211
2021-12-11T12:00:00.000000000,63.07,50.87844
2021-12-11T13:00:00.000000000,62.22,50.23533
2021-12-11T14:00:00.000000000,61.55,50.23412
2021-12-11T15:00:00.000000000,61.75,50.46622
2021-12-11T16:00:00.000000000,62.31,50.56487
2021-12-11T17:00:00.000000000,62.72,50.74731
2021-12-11T18:00:00.000000000,62.86,50.78971
2021-12-11T19:00:00.000000000,62.6,50.93612
2021-12-11T20:00:00.000000000,62.88,50.4985
2021-12-11T21:00:00.000000000,58.48,50.13943
2021-12-11T22:00:00.000000000,58.69,49.70086
2021-12-11T23:00:00.000000000,59.94,49.58615
2021-12-09T00:00:00.000000000,51.92,53.93606
2021-12-09T01:00:00.000000000,51.28,54.05224
2021-12-09T02:00:00.000000000,51.56,54.41244
2021-12-09T03:00:00.000000000,51.11,54.48648
2021-12-09T04:00:00.000000000,51.85,54.41193
2021-12-09T05:00:00.000000000,52.41,54.22375
2021-12-09T06:00:00.000000000,52.61,54.7374
2021-12-09T07:00:00.000000000,52.54,54.8149
2021-12-09T08:00:00.000000000,54.34,54.57991
2021-12-09T09:00:00.000000000,55.63,54.72021
2021-12-09T10:00:00.000000000,56.0,53.79827
2021-12-09T11:00:00.000000000,56.13,54.22057
2021-12-09T12:00:00.000000000,56.32,53.91692
2021-12-09T13:00:00.000000000,55.95,53.11529
2021-12-09T14:00:00.000000000,56.29,53.09372
2021-12-09T15:00:00.000000000,56.65,53.08578
2021-12-09T16:00:00.000000000,57.07,52.92547
2021-12-09T17:00:00.000000000,56.84,52.64539
2021-12-09T18:00:00.000000000,57.31,52.22141
2021-12-09T19:00:00.000000000,57.89,51.9695
2021-12-09T20:00:00.000000000,57.77,51.1842
2021-12-09T21:00:00.000000000,55.96,50.77975
2021-12-09T22:00:00.000000000,53.36,50.21298
2021-12-09T23:00:00.000000000,53.71,50.08675
2021-12-10T00:00:00.000000000,54.34,54.29177
2021-12-10T01:00:00.000000000,55.13,54.28066
2021-12-10T02:00:00.000000000,55.15,54.35685
2021-12-10T03:00:00.000000000,55.2,54.16823
2021-12-10T04:00:00.000000000,55.48,53.77799
2021-12-10T05:00:00.000000000,56.09,53.35882
2021-12-10T06:00:00.000000000,57.38,53.64556
2021-12-10T07:00:00.000000000,57.7,53.50295
2021-12-10T08:00:00.000000000,60.88,53.13863
2021-12-10T09:00:00.000000000,59.34,53.10471
2021-12-10T10:00:00.000000000,60.78,52.03056
2021-12-10T11:00:00.000000000,60.47,52.39394
2021-12-10T12:00:00.000000000,60.39,52.16824
2021-12-10T13:00:00.000000000,60.26,51.45625
2021-12-10T14:00:00.000000000,60.46,51.46337
2021-12-10T15:00:00.000000000,61.7,51.66832
2021-12-10T16:00:00.000000000,61.85,51.68239
2021-12-10T17:00:00.000000000,62.47,51.71067
2021-12-10T18:00:00.000000000,62.79,51.59144
2021-12-10T19:00:00.000000000,62.03,51.61454
2021-12-10T20:00:00.000000000,60.58,51.0739
2021-12-10T21:00:00.000000000,60.6,50.72313
2021-12-10T22:00:00.000000000,58.0,50.27738
2021-12-10T23:00:00.000000000,58.64,50.2221
2021-12-11T00:00:00.000000000,58.91,54.16718
2021-12-11T01:00:00.000000000,59.53,54.14875
2021-12-11T02:00:00.000000000,59.64,54.22589
2021-12-11T03:00:00.000000000,60.13,54.08347
2021-12-11T04:00:00.000000000,62.01,53.74669
2021-12-11T05:00:00.000000000,59.99,53.37399
2021-12-11T06:00:00.000000000,59.13,53.67364
2021-12-11T07:00:00.000000000,59.95,53.53279
2021-12-11T08:00:00.000000000,61.28,53.12166
2021-12-11T09:00:00.000000000,62.51,53.01516
2021-12-11T10:00:00.000000000,62.25,51.84675
2021-12-11T11:00:00.000000000,63.19,52.13035
2021-12-11T12:00:00.000000000,63.07,51.85425
2021-12-11T13:00:00.000000000,62.22,51.10807
2021-12-11T14:00:00.000000000,61.55,51.1202
2021-12-11T15:00:00.000000000,61.75,51.37432
2021-12-11T16:00:00.000000000,62.31,51.45703
2021-12-11T17:00:00.000000000,62.72,51.56764
2021-12-11T18:00:00.000000000,62.86,51.50209
2021-12-11T19:00:00.000000000,62.6,51.56539
2021-12-11T20:00:00.000000000,62.88,51.04727
2021-12-11T21:00:00.000000000,58.48,50.66588
2021-12-11T22:00:00.000000000,58.69,50.18995
2021-12-11T23:00:00.000000000,59.94,50.09825
2021-12-12T00:00:00.000000000,59.99,53.588
2021-12-12T01:00:00.000000000,60.1,53.57222
2021-12-12T02:00:00.000000000,60.39,53.68352
2021-12-12T03:00:00.000000000,60.51,53.64652
2021-12-12T04:00:00.000000000,60.17,53.43272
2021-12-12T05:00:00.000000000,58.96,53.12344
2021-12-12T06:00:00.000000000,58.12,53.47738
2021-12-12T07:00:00.000000000,58.23,53.41701
2021-12-12T08:00:00.000000000,57.19,53.04409
2021-12-12T09:00:00.000000000,56.74,52.98539
2021-12-12T10:00:00.000000000,56.18,51.84202
2021-12-12T11:00:00.000000000,56.71,52.13257
2021-12-12T12:00:00.000000000,58.03,51.8514
2021-12-12T13:00:00.000000000,57.75,51.13035
2021-12-12T14:00:00.000000000,60.0,51.15468
2021-12-12T15:00:00.000000000,58.88,51.38748
2021-12-12T16:00:00.000000000,59.07,51.48438
2021-12-12T17:00:00.000000000,59.69,51.58358
2021-12-12T18:00:00.000000000,60.19,51.49556
2021-12-12T19:00:00.000000000,60.29,51.50552
2021-12-12T20:00:00.000000000,60.46,50.92815
2021-12-12T21:00:00.000000000,58.76,50.48654
2021-12-12T22:00:00.000000000,57.42,49.93659
2021-12-12T23:00:00.000000000,57.57,49.78167
2021-12-10T00:00:00.000000000,54.34,56.60969
2021-12-10T01:00:00.000000000,55.13,56.39469
2021-12-10T02:00:00.000000000,55.15,56.37636
2021-12-10T03:00:00.000000000,55.2,55.97546
2021-12-10T04:00:00.000000000,55.48,55.2588
2021-12-10T05:00:00.000000000,56.09,54.68969
2021-12-10T06:00:00.000000000,57.38,54.90901
2021-12-10T07:00:00.000000000,57.7,54.72017
2021-12-10T08:00:00.000000000,60.88,54.38556
2021-12-10T09:00:00.000000000,59.34,54.51212
2021-12-10T10:00:00.000000000,60.78,53.57804
2021-12-10T11:00:00.000000000,60.47,54.11545
2021-12-10T12:00:00.000000000,60.39,54.04891
2021-12-10T13:00:00.000000000,60.26,53.39401
2021-12-10T14:00:00.000000000,60.46,53.43588
2021-12-10T15:00:00.000000000,61.7,53.58785
2021-12-10T16:00:00.000000000,61.85,53.472
2021-12-10T17:00:00.000000000,62.47,53.4474
2021-12-10T18:00:00.000000000,62.79,53.28918
2021-12-10T19:00:00.000000000,62.03,53.30373
2021-12-10T20:00:00.000000000,60.58,52.70308
2021-12-10T21:00:00.000000000,60.6,52.50456
2021-12-10T22:00:00.000000000,58.0,52.06204
2021-12-10T23:00:00.000000000,58.64,52.04985
2021-12-11T00:00:00.000000000,58.91,56.09982
2021-12-11T01:00:00.000000000,59.53,56.04168
2021-12-11T02:00:00.000000000,59.64,56.12007
2021-12-11T03:00:00.000000000,60.13,55.81856
2021-12-11T04:00:00.000000000,62.01,55.20326
2021-12-11T05:00:00.000000000,59.99,54.68611
2021-12-11T06:00:00.000000000,59.13,54.8772
2021-12-11T07:00:00.000000000,59.95,54.59285
2021-12-11T08:00:00.000000000,61.28,54.12914
2021-12-11T09:00:00.000000000,62.51,54.0618
2021-12-11T10:00:00.000000000,62.25,52.94155
2021-12-11T11:00:00.000000000,63.19,53.34676
2021-12-11T12:00:00.000000000,63.07,53.19195
2021-12-11T13:00:00.000000000,62.22,52.48204
2021-12-11T14:00:00.000000000,61.55,52.53282
2021-12-11T15:00:00.000000000,61.75,52.79866
2021-12-11T16:00:00.000000000,62.31,52.79359
2021-12-11T17:00:00.000000000,62.72,52.83032
2021-12-11T18:00:00.000000000,62.86,52.70391
2021-12-11T19:00:00.000000000,62.6,52.72746
2021-12-11T20:00:00.000000000,62.88,52.16144
2021-12-11T21:00:00.000000000,58.48,51.87884
2021-12-11T22:00:00.000000000,58.69,51.43819
2021-12-11T23:00:00.000000000,59.94,51.43408
2021-12-12T00:00:00.000000000,59.99,54.7935
2021-12-12T01:00:00.000000000,60.1,54.81943
2021-12-12T02:00:00.000000000,60.39,55.00389
2021-12-12T03:00:00.000000000,60.51,54.9257
2021-12-12T04:00:00.000000000,60.17,54.60811
2021-12-12T05:00:00.000000000,58.96,54.27484
2021-12-12T06:00:00.000000000,58.12,54.5876
2021-12-12T07:00:00.000000000,58.23,54.42502
2021-12-12T08:00:00.000000000,57.19,53.96589
2021-12-12T09:00:00.000000000,56.74,53.84454
2021-12-12T10:00:00.000000000,56.18,52.64355
2021-12-12T11:00:00.000000000,56.71,52.92561
2021-12-12T12:00:00.000000000,58.03,52.64047
2021-12-12T13:00:00.000000000,57.75,51.85633
2021-12-12T14:00:00.000000000,60.0,51.8886
2021-12-12T15:00:00.000000000,58.88,52.13792
2021-12-12T16:00:00.000000000,59.07,52.19766
2021-12-12T17:00:00.000000000,59.69,52.24939
2021-12-12T18:00:00.000000000,60.19,52.10427
2021-12-12T19:00:00.000000000,60.29,52.0906
2021-12-12T20:00:00.000000000,60.46,51.49268
2021-12-12T21:00:00.000000000,58.76,51.10509
2021-12-12T22:00:00.000000000,57.42,50.58326
2021-12-12T23:00:00.000000000,57.57,50.48872
2021-12-13T00:00:00.000000000,57.03,52.54901
2021-12-13T01:00:00.000000000,57.05,52.71783
2021-12-13T02:00:00.000000000,56.67,53.02135
2021-12-13T03:00:00.000000000,56.77,53.16584
2021-12-13T04:00:00.000000000,56.94,53.21171
2021-12-13T05:00:00.000000000,57.69,53.0793
2021-12-13T06:00:00.000000000,60.16,53.57931
2021-12-13T07:00:00.000000000,59.28,53.61747
2021-12-13T08:00:00.000000000,60.6,53.30136
2021-12-13T09:00:00.000000000,62.1,53.23243
2021-12-13T10:00:00.000000000,62.25,52.09852
2021-12-13T11:00:00.000000000,60.6,52.31882
2021-12-13T12:00:00.000000000,59.62,51.8918
2021-12-13T13:00:00.000000000,58.64,51.02731
2021-12-13T14:00:00.000000000,57.85,50.97491
2021-12-13T15:00:00.000000000,57.79,51.07355
2021-12-13T16:00:00.000000000,57.94,51.07925
2021-12-13T17:00:00.000000000,58.28,51.0055
2021-12-13T18:00:00.000000000,59.13,50.75816
2021-12-13T19:00:00.000000000,52.36,50.65707
2021-12-13T20:00:00.000000000,51.65,50.02801
2021-12-13T21:00:00.000000000,51.57,49.5673
2021-12-13T22:00:00.000000000,49.16,49.03526
2021-12-13T23:00:00.000000000,46.26,48.89211
2021-12-11T00:00:00.000000000,58.91,57.84599
2021-12-11T01:00:00.000000000,59.53,57.75626
2021-12-11T02:00:00.000000000,59.64,57.91361
2021-12-11T03:00:00.000000000,60.13,57.53497
2021-12-11T04:00:00.000000000,62.01,56.66526
2021-12-11T05:00:00.000000000,59.99,56.06625
2021-12-11T06:00:00.000000000,59.13,56.12639
2021-12-11T07:00:00.000000000,59.95,55.72328
2021-12-11T08:00:00.000000000,61.28,55.18837
2021-12-11T09:00:00.000000000,62.51,55.18541
2021-12-11T10:00:00.000000000,62.25,54.17286
2021-12-11T11:00:00.000000000,63.19,54.68951
2021-12-11T12:00:00.000000000,63.07,54.69117
2021-12-11T13:00:00.000000000,62.22,53.99818
2021-12-11T14:00:00.000000000,61.55,54.1362
2021-12-11T15:00:00.000000000,61.75,54.31634
2021-12-11T16:00:00.000000000,62.31,54.15807
2021-12-11T17:00:00.000000000,62.72,54.06375
2021-12-11T18:00:00.000000000,62.86,53.77826
2021-12-11T19:00:00.000000000,62.6,53.6769
2021-12-11T20:00:00.000000000,62.88,52.98068
2021-12-11T21:00:00.000000000,58.48,52.90114
2021-12-11T22:00:00.000000000,58.69,52.47521
2021-12-11T23:00:00.000000000,59.94,52.55139
2021-12-12T00:00:00.000000000,59.99,56.56938
2021-12-12T01:00:00.000000000,60.1,56.55354
2021-12-12T02:00:00.000000000,60.39,56.71494
2021-12-12T03:00:00.000000000,60.51,56.4565
2021-12-12T04:00:00.000000000,60.17,55.8343
2021-12-12T05:00:00.000000000,58.96,55.34051
2021-12-12T06:00:00.000000000,58.12,55.51526
2021-12-12T07:00:00.000000000,58.23,55.19014
2021-12-12T08:00:00.000000000,57.19,54.67168
2021-12-12T09:00:00.000000000,56.74,54.57277
2021-12-12T10:00:00.000000000,56.18,53.42099
2021-12-12T11:00:00.000000000,56.71,53.81437
2021-12-12T12:00:00.000000000,58.03,53.65797
2021-12-12T13:00:00.000000000,57.75,52.91986
2021-12-12T14:00:00.000000000,60.0,52.99485
2021-12-12T15:00:00.000000000,58.88,53.26343
2021-12-12T16:00:00.000000000,59.07,53.24465
2021-12-12T17:00:00.000000000,59.69,53.24471
2021-12-12T18:00:00.000000000,60.19,53.06286
2021-12-12T19:00:00.000000000,60.29,53.03089
2021-12-12T20:00:00.000000000,60.46,52.41188
2021-12-12T21:00:00.000000000,58.76,52.14323
2021-12-12T22:00:00.000000000,57.42,51.68124
2021-12-12T23:00:00.000000000,57.57,51.684
2021-12-13T00:00:00.000000000,57.03,54.18288
2021-12-13T01:00:00.000000000,57.05,54.31417
2021-12-13T02:00:00.000000000,56.67,54.59784
2021-12-13T03:00:00.000000000,56.77,54.59779
2021-12-13T04:00:00.000000000,56.94,54.41895
2021-12-13T05:00:00.000000000,57.69,54.18166
2021-12-13T06:00:00.000000000,60.16,54.58504
2021-12-13T07:00:00.000000000,59.28,54.4857
2021-12-13T08:00:00.000000000,60.6,54.07963
2021-12-13T09:00:00.000000000,62.1,53.96204
2021-12-13T10:00:00.000000000,62.25,52.78403
2021-12-13T11:00:00.000000000,60.6,53.02656
2021-12-13T12:00:00.000000000,59.62,52.64529
2021-12-13T13:00:00.000000000,58.64,51.76319
2021-12-13T14:00:00.000000000,57.85,51.73105
2021-12-13T15:00:00.000000000,57.79,51.88007
2021-12-13T16:00:00.000000000,57.94,51.86775
2021-12-13T17:00:00.000000000,58.28,51.80442
2021-12-13T18:00:00.000000000,59.13,51.568
2021-12-13T19:00:00.000000000,52.36,51.50462
2021-12-13T20:00:00.000000000,51.65,50.8991
2021-12-13T21:00:00.000000000,51.57,50.52347
2021-12-13T22:00:00.000000000,49.16,50.04013
2021-12-13T23:00:00.000000000,46.26,49.96839
2021-12-14T00:00:00.000000000,47.43,52.84416
2021-12-14T01:00:00.000000000,47.52,52.91011
2021-12-14T02:00:00.000000000,47.65,53.03052
2021-12-14T03:00:00.000000000,48.53,52.9771
2021-12-14T04:00:00.000000000,50.84,52.78804
2021-12-14T05:00:00.000000000,51.88,52.48007
2021-12-14T06:00:00.000000000,52.74,52.83126
2021-12-14T07:00:00.000000000,53.17,52.76545
2021-12-14T08:00:00.000000000,52.95,52.4246
2021-12-14T09:00:00.000000000,51.94,52.34664
2021-12-14T10:00:00.000000000,51.89,51.2443
2021-12-14T11:00:00.000000000,51.78,51.51894
2021-12-14T12:00:00.000000000,51.73,51.20894
2021-12-14T13:00:00.000000000,52.06,50.46291
2021-12-14T14:00:00.000000000,52.38,50.44938
2021-12-14T15:00:00.000000000,52.42,50.63658
2021-12-14T16:00:00.000000000,52.69,50.69163
2021-12-14T17:00:00.000000000,51.49,50.73653
2021-12-14T18:00:00.000000000,52.09,50.61883
2021-12-14T19:00:00.000000000,48.95,50.6364
2021-12-14T20:00:00.000000000,47.65,50.11252
2021-12-14T21:00:00.000000000,47.55,49.70244
2021-12-14T22:00:00.000000000,45.92,49.24733
2021-12-14T23:00:00.000000000,43.87,49.14879
2021-12-12T00:00:00.000000000,59.99,57.96591
2021-12-12T01:00:00.000000000,60.1,57.86656
2021-12-12T02:00:00.000000000,60.39,58.00266
2021-12-12T03:00:00.000000000,60.51,57.5666
2021-12-12T04:00:00.000000000,60.17,56.66499
2021-12-12T05:00:00.000000000,58.96,56.06186
2021-12-12T06:00:00.000000000,58.12,56.14715
2021-12-12T07:00:00.000000000,58.23,55.76561
2021-12-12T08:00:00.000000000,57.19,55.2963
2021-12-12T09:00:00.000000000,56.74,55.33529
2021-12-12T10:00:00.000000000,56.18,54.37718
2021-12-12T11:00:00.000000000,56.71,54.90696
2021-12-12T12:00:00.000000000,58.03,54.87901
2021-12-12T13:00:00.000000000,57.75,54.14245
2021-12-12T14:00:00.000000000,60.0,54.22953
2021-12-12T15:00:00.000000000,58.88,54.33387
2021-12-12T16:00:00.000000000,59.07,54.10404
2021-12-12T17:00:00.000000000,59.69,53.96084
2021-12-12T18:00:00.000000000,60.19,53.65464
2021-12-12T19:00:00.000000000,60.29,53.57213
2021-12-12T20:00:00.000000000,60.46,52.904
2021-12-12T21:00:00.000000000,58.76,52.88992
2021-12-12T22:00:00.000000000,57.42,52.5172
2021-12-12T23:00:00.000000000,57.57,52.62519
2021-12-13T00:00:00.000000000,57.03,55.35186
2021-12-13T01:00:00.000000000,57.05,55.42468
2021-12-13T02:00:00.000000000,56.67,55.64152
2021-12-13T03:00:00.000000000,56.77,55.46295
2021-12-13T04:00:00.000000000,56.94,55.04468
2021-12-13T05:00:00.000000000,57.69,54.66692
2021-12-13T06:00:00.000000000,60.16,54.97657
2021-12-13T07:00:00.000000000,59.28,54.78059
2021-12-13T08:00:00.000000000,60.6,54.37033
2021-12-13T09:00:00.000000000,62.1,54.29985
2021-12-13T10:00:00.000000000,62.25,53.19385
2021-12-13T11:00:00.000000000,60.6,53.53627
2021-12-13T12:00:00.000000000,59.62,53.2532
2021-12-13T13:00:00.000000000,58.64,52.41768
2021-12-13T14:00:00.000000000,57.85,52.39734
2021-12-13T15:00:00.000000000,57.79,52.54595
2021-12-13T16:00:00.000000000,57.94,52.46722
2021-12-13T17:00:00.000000000,58.28,52.36989
2021-12-13T18:00:00.000000000,59.13,52.12976
2021-12-13T19:00:00.000000000,52.36,52.08428
2021-12-13T20:00:00.000000000,51.65,51.4968
2021-12-13T21:00:00.000000000,51.57,51.21689
2021-12-13T22:00:00.000000000,49.16,50.80152
2021-12-13T23:00:00.000000000,46.26,50.80862
2021-12-14T00:00:00.000000000,47.43,53.62499
2021-12-14T01:00:00.000000000,47.52,53.69484
2021-12-14T02:00:00.000000000,47.65,53.81945
2021-12-14T03:00:00.000000000,48.53,53.68236
2021-12-14T04:00:00.000000000,50.84,53.388
2021-12-14T05:00:00.000000000,51.88,53.02991
2021-12-14T06:00:00.000000000,52.74,53.35702
2021-12-14T07:00:00.000000000,53.17,53.24011
2021-12-14T08:00:00.000000000,52.95,52.88939
2021-12-14T09:00:00.000000000,51.94,52.81746
2021-12-14T10:00:00.000000000,51.89,51.73268
2021-12-14T11:00:00.000000000,51.78,52.03946
2021-12-14T12:00:00.000000000,51.73,51.74207
2021-12-14T13:00:00.000000000,52.06,50.96594
2021-12-14T14:00:00.000000000,52.38,50.93427
2021-12-14T15:00:00.000000000,52.42,51.09708
2021-12-14T16:00:00.000000000,52.69,51.09321
2021-12-14T17:00:00.000000000,51.49,51.08172
2021-12-14T18:00:00.000000000,52.09,50.9297
2021-12-14T19:00:00.000000000,48.95,50.94829
2021-12-14T20:00:00.000000000,47.65,50.43407
2021-12-14T21:00:00.000000000,47.55,50.08793
2021-12-14T22:00:00.000000000,45.92,49.68577
2021-12-14T23:00:00.000000000,43.87,49.65047
2021-12-15T00:00:00.000000000,42.17,51.27385
2021-12-15T01:00:00.000000000,42.16,51.33882
2021-12-15T02:00:00.000000000,42.54,51.29857
2021-12-15T03:00:00.000000000,42.94,51.11716
2021-12-15T04:00:00.000000000,45.11,50.83816
2021-12-15T05:00:00.000000000,45.46,50.43319
2021-12-15T06:00:00.000000000,46.23,50.66805
2021-12-15T07:00:00.000000000,46.03,50.58796
2021-12-15T08:00:00.000000000,45.13,50.31038
2021-12-15T09:00:00.000000000,45.47,50.23452
2021-12-15T10:00:00.000000000,45.69,49.25532
2021-12-15T11:00:00.000000000,44.72,49.53226
2021-12-15T12:00:00.000000000,45.42,49.27095
2021-12-15T13:00:00.000000000,45.21,48.607
2021-12-15T14:00:00.000000000,45.59,48.58007
2021-12-15T15:00:00.000000000,45.43,48.74306
2021-12-15T16:00:00.000000000,45.84,48.79214
2021-12-15T17:00:00.000000000,46.0,48.87648
2021-12-15T18:00:00.000000000,46.2,48.8369
2021-12-15T19:00:00.000000000,44.82,48.9553
2021-12-15T20:00:00.000000000,42.58,48.58671
2021-12-15T21:00:00.000000000,42.0,48.26951
2021-12-15T22:00:00.000000000,41.76,47.99261
2021-12-15T23:00:00.000000000,41.2,47.96708
2021-12-13T00:00:00.000000000,57.03,58.6819
2021-12-13T01:00:00.000000000,57.05,58.51777
2021-12-13T02:00:00.000000000,56.67,58.4988
2021-12-13T03:00:00.000000000,56.77,57.89448
2021-12-13T04:00:00.000000000,56.94,56.86081
2021-12-13T05:00:00.000000000,57.69,56.18945
2021-12-13T06:00:00.000000000,60.16,56.23452
2021-12-13T07:00:00.000000000,59.28,55.74077
2021-12-13T08:00:00.000000000,60.6,55.17949
2021-12-13T09:00:00.000000000,62.1,55.03371
2021-12-13T10:00:00.000000000,62.25,53.84883
2021-12-13T11:00:00.000000000,60.6,54.25139
2021-12-13T12:00:00.000000000,59.62,54.12521
2021-12-13T13:00:00.000000000,58.64,53.3049
2021-12-13T14:00:00.000000000,57.85,53.32748
2021-12-13T15:00:00.000000000,57.79,53.59162
2021-12-13T16:00:00.000000000,57.94,53.48862
2021-12-13T17:00:00.000000000,58.28,53.54576
2021-12-13T18:00:00.000000000,59.13,53.45768
2021-12-13T19:00:00.000000000,52.36,53.59524
2021-12-13T20:00:00.000000000,51.65,53.12567
2021-12-13T21:00:00.000000000,51.57,53.10744
2021-12-13T22:00:00.000000000,49.16,52.81772
2021-12-13T23:00:00.000000000,46.26,52.9723
2021-12-14T00:00:00.000000000,47.43,55.88428
2021-12-14T01:00:00.000000000,47.52,55.81108
2021-12-14T02:00:00.000000000,47.65,55.80736
2021-12-14T03:00:00.000000000,48.53,55.41267
2021-12-14T04:00:00.000000000,50.84,54.7459
2021-12-14T05:00:00.000000000,51.88,54.18631
2021-12-14T06:00:00.000000000,52.74,54.36179
2021-12-14T07:00:00.000000000,53.17,54.06502
2021-12-14T08:00:00.000000000,52.95,53.62517
2021-12-14T09:00:00.000000000,51.94,53.53713
2021-12-14T10:00:00.000000000,51.89,52.42045
2021-12-14T11:00:00.000000000,51.78,52.80585
2021-12-14T12:00:00.000000000,51.73,52.62834
2021-12-14T13:00:00.000000000,52.06,51.89933
2021-12-14T14:00:00.000000000,52.38,51.90759
2021-12-14T15:00:00.000000000,52.42,52.16788
2021-12-14T16:00:00.000000000,52.69,52.16028
2021-12-14T17:00:00.000000000,51.49,52.22748
2021-12-14T18:00:00.000000000,52.09,52.15788
2021-12-14T19:00:00.000000000,48.95,52.26754
2021-12-14T20:00:00.000000000,47.65,51.79927
2021-12-14T21:00:00.000000000,47.55,51.55976
2021-12-14T22:00:00.000000000,45.92,51.2034
2021-12-14T23:00:00.000000000,43.87,51.24321
2021-12-15T00:00:00.000000000,42.17,53.36934
2021-12-15T01:00:00.000000000,42.16,53.36636
2021-12-15T02:00:00.000000000,42.54,53.30366
2021-12-15T03:00:00.000000000,42.94,52.98527
2021-12-15T04:00:00.000000000,45.11,52.48356
2021-12-15T05:00:00.000000000,45.46,51.9572
2021-12-15T06:00:00.000000000,46.23,52.11636
2021-12-15T07:00:00.000000000,46.03,51.89747
2021-12-15T08:00:00.000000000,45.13,51.51838
2021-12-15T09:00:00.000000000,45.47,51.41256
2021-12-15T10:00:00.000000000,45.69,50.35575
2021-12-15T11:00:00.000000000,44.72,50.69033
2021-12-15T12:00:00.000000000,45.42,50.49911
2021-12-15T13:00:00.000000000,45.21,49.84586
2021-12-15T14:00:00.000000000,45.59,49.85641
2021-12-15T15:00:00.000000000,45.43,50.11304
2021-12-15T16:00:00.000000000,45.84,50.17467
2021-12-15T17:00:00.000000000,46.0,50.29339
2021-12-15T18:00:00.000000000,46.2,50.27663
2021-12-15T19:00:00.000000000,44.82,50.41973
2021-12-15T20:00:00.000000000,42.58,50.02797
2021-12-15T21:00:00.000000000,42.0,49.73341
2021-12-15T22:00:00.000000000,41.76,49.43131
2021-12-15T23:00:00.000000000,41.2,49.44388
2021-12-16T00:00:00.000000000,41.55,50.93047
2021-12-16T01:00:00.000000000,41.46,50.95075
2021-12-16T02:00:00.000000000,41.57,50.80049
2021-12-16T03:00:00.000000000,41.41,50.50982
2021-12-16T04:00:00.000000000,41.96,50.11211
2021-12-16T05:00:00.000000000,43.98,49.60893
2021-12-16T06:00:00.000000000,44.05,49.75493
2021-12-16T07:00:00.000000000,44.18,49.65685
2021-12-16T08:00:00.000000000,44.92,49.42167
2021-12-16T09:00:00.000000000,44.5,49.39564
2021-12-16T10:00:00.000000000,43.79,48.51733
2021-12-16T11:00:00.000000000,43.96,48.85296
2021-12-16T12:00:00.000000000,44.13,48.66872
2021-12-16T13:00:00.000000000,44.56,48.09253
2021-12-16T14:00:00.000000000,44.01,48.07799
2021-12-16T15:00:00.000000000,44.4,48.23566
2021-12-16T16:00:00.000000000,44.58,48.27002
2021-12-16T17:00:00.000000000,44.96,48.36751
2021-12-16T18:00:00.000000000,45.02,48.36604
2021-12-16T19:00:00.000000000,45.48,48.52288
2021-12-16T20:00:00.000000000,44.68,48.20804
2021-12-16T21:00:00.000000000,43.88,47.94814
2021-12-16T22:00:00.000000000,41.8,47.74396
2021-12-16T23:00:00.000000000,41.58,47.75463
2021-12-14T00:00:00.000000000,47.43,48.72054
2021-12-14T01:00:00.000000000,47.52,49.31225
2021-12-14T02:00:00.000000000,47.65,50.16461
2021-12-14T03:00:00.000000000,48.53,51.03515
2021-12-14T04:00:00.000000000,50.84,52.07732
2021-12-14T05:00:00.000000000,51.88,52.5578
2021-12-14T06:00:00.000000000,52.74,53.72187
2021-12-14T07:00:00.000000000,53.17,54.43374
2021-12-14T08:00:00.000000000,52.95,54.66368
2021-12-14T09:00:00.000000000,51.94,55.10342
2021-12-14T10:00:00.000000000,51.89,54.29714
2021-12-14T11:00:00.000000000,51.78,54.74831
2021-12-14T12:00:00.000000000,51.73,54.07204
2021-12-14T13:00:00.000000000,52.06,53.06256
2021-12-14T14:00:00.000000000,52.38,52.84054
2021-12-14T15:00:00.000000000,52.42,52.45595
2021-12-14T16:00:00.000000000,52.69,52.04474
2021-12-14T17:00:00.000000000,51.49,51.17616
2021-12-14T18:00:00.000000000,52.09,50.18235
2021-12-14T19:00:00.000000000,48.95,49.25778
2021-12-14T20:00:00.000000000,47.65,47.85481
2021-12-14T21:00:00.000000000,47.55,47.0559
2021-12-14T22:00:00.000000000,45.92,46.13212
2021-12-14T23:00:00.000000000,43.87,45.75146
2021-12-15T00:00:00.000000000,42.17,48.63065
2021-12-15T01:00:00.000000000,42.16,48.93918
2021-12-15T02:00:00.000000000,42.54,49.11339
2021-12-15T03:00:00.000000000,42.94,49.2283
2021-12-15T04:00:00.000000000,45.11,49.30698
2021-12-15T05:00:00.000000000,45.46,49.05744
2021-12-15T06:00:00.000000000,46.23,49.45385
2021-12-15T07:00:00.000000000,46.03,49.59924
2021-12-15T08:00:00.000000000,45.13,49.5633
2021-12-15T09:00:00.000000000,45.47,49.74024
2021-12-15T10:00:00.000000000,45.69,49.06086
2021-12-15T11:00:00.000000000,44.72,49.50085
2021-12-15T12:00:00.000000000,45.42,49.26867
2021-12-15T13:00:00.000000000,45.21,48.66785
2021-12-15T14:00:00.000000000,45.59,48.59679
2021-12-15T15:00:00.000000000,45.43,48.49635
2021-12-15T16:00:00.000000000,45.84,48.32624
2021-12-15T17:00:00.000000000,46.0,48.0232
2021-12-15T18:00:00.000000000,46.2,47.6513
2021-12-15T19:00:00.000000000,44.82,47.42848
2021-12-15T20:00:00.000000000,42.58,46.83153
2021-12-15T21:00:00.000000000,42.0,46.42635
2021-12-15T22:00:00.000000000,41.76,46.11978
2021-12-15T23:00:00.000000000,41.2,46.09658
2021-12-16T00:00:00.000000000,41.55,47.79758
2021-12-16T01:00:00.000000000,41.46,47.99866
2021-12-16T02:00:00.000000000,41.57,47.89961
2021-12-16T03:00:00.000000000,41.41,47.74799
2021-12-16T04:00:00.000000000,41.96,47.52445
2021-12-16T05:00:00.000000000,43.98,47.08583
2021-12-16T06:00:00.000000000,44.05,47.20704
2021-12-16T07:00:00.000000000,44.18,47.19858
2021-12-16T08:00:00.000000000,44.92,47.07697
2021-12-16T09:00:00.000000000,44.5,47.11345
2021-12-16T10:00:00.000000000,43.79,46.44653
2021-12-16T11:00:00.000000000,43.96,46.79824
2021-12-16T12:00:00.000000000,44.13,46.64707
2021-12-16T13:00:00.000000000,44.56,46.15189
2021-12-16T14:00:00.000000000,44.01,46.13321
2021-12-16T15:00:00.000000000,44.4,46.15875
2021-12-16T16:00:00.000000000,44.58,46.10066
2021-12-16T17:00:00.000000000,44.96,46.04693
2021-12-16T18:00:00.000000000,45.02,45.91558
2021-12-16T19:00:00.000000000,45.48,45.9516
2021-12-16T20:00:00.000000000,44.68,45.64062
2021-12-16T21:00:00.000000000,43.88,45.4019
2021-12-16T22:00:00.000000000,41.8,45.32444
2021-12-16T23:00:00.000000000,41.58,45.38743
2021-12-17T00:00:00.000000000,39.95,48.13023
2021-12-17T01:00:00.000000000,39.95,48.27435
2021-12-17T02:00:00.000000000,40.41,48.09992
2021-12-17T03:00:00.000000000,41.5,47.86971
2021-12-17T04:00:00.000000000,43.86,47.48387
2021-12-17T05:00:00.000000000,48.51,46.85535
2021-12-17T06:00:00.000000000,47.63,46.83413
2021-12-17T07:00:00.000000000,49.22,46.79246
2021-12-17T08:00:00.000000000,50.46,46.73055
2021-12-17T09:00:00.000000000,51.31,46.95909
2021-12-17T10:00:00.000000000,51.72,46.50889
2021-12-17T11:00:00.000000000,53.52,47.13402
2021-12-17T12:00:00.000000000,54.91,47.26715
2021-12-17T13:00:00.000000000,56.38,47.07313
2021-12-17T14:00:00.000000000,56.45,47.18709
2021-12-17T15:00:00.000000000,56.47,47.26932
2021-12-17T16:00:00.000000000,55.97,47.19771
2021-12-17T17:00:00.000000000,55.52,47.07869
2021-12-17T18:00:00.000000000,55.87,46.87542
2021-12-17T19:00:00.000000000,54.78,46.77751
2021-12-17T20:00:00.000000000,54.39,46.31384
2021-12-17T21:00:00.000000000,51.18,45.99359
2021-12-17T22:00:00.000000000,50.71,45.83503
2021-12-17T23:00:00.000000000,50.18,45.8737
2021-12-15T00:00:00.000000000,42.17,45.97649
2021-12-15T01:00:00.000000000,42.16,46.62895
2021-12-15T02:00:00.000000000,42.54,47.1585
2021-12-15T03:00:00.000000000,42.94,47.78084
2021-12-15T04:00:00.000000000,45.11,48.38235
2021-12-15T05:00:00.000000000,45.46,48.45285
2021-12-15T06:00:00.000000000,46.23,48.97939
2021-12-15T07:00:00.000000000,46.03,49.1802
2021-12-15T08:00:00.000000000,45.13,49.03782
2021-12-15T09:00:00.000000000,45.47,49.05469
2021-12-15T10:00:00.000000000,45.69,48.19547
2021-12-15T11:00:00.000000000,44.72,48.49917
2021-12-15T12:00:00.000000000,45.42,48.169
2021-12-15T13:00:00.000000000,45.21,47.54018
2021-12-15T14:00:00.000000000,45.59,47.54793
2021-12-15T15:00:00.000000000,45.43,47.51971
2021-12-15T16:00:00.000000000,45.84,47.43545
2021-12-15T17:00:00.000000000,46.0,47.0674
2021-12-15T18:00:00.000000000,46.2,46.49481
2021-12-15T19:00:00.000000000,44.82,45.97677
2021-12-15T20:00:00.000000000,42.58,45.12413
2021-12-15T21:00:00.000000000,42.0,44.42891
2021-12-15T22:00:00.000000000,41.76,43.933
2021-12-15T23:00:00.000000000,41.2,43.79093
2021-12-16T00:00:00.000000000,41.55,45.88331
2021-12-16T01:00:00.000000000,41.46,46.15758
2021-12-16T02:00:00.000000000,41.57,46.08057
2021-12-16T03:00:00.000000000,41.41,46.04334
2021-12-16T04:00:00.000000000,41.96,45.88797
2021-12-16T05:00:00.000000000,43.98,45.45726
2021-12-16T06:00:00.000000000,44.05,45.44977
2021-12-16T07:00:00.000000000,44.18,45.40575
2021-12-16T08:00:00.000000000,44.92,45.2322
2021-12-16T09:00:00.000000000,44.5,45.22898
2021-12-16T10:00:00.000000000,43.79,44.62712
2021-12-16T11:00:00.000000000,43.96,44.99483
2021-12-16T12:00:00.000000000,44.13,44.98293
2021-12-16T13:00:00.000000000,44.56,44.70383
2021-12-16T14:00:00.000000000,44.01,44.83948
2021-12-16T15:00:00.000000000,44.4,44.99451
2021-12-16T16:00:00.000000000,44.58,45.04083
2021-12-16T17:00:00.000000000,44.96,45.06095
2021-12-16T18:00:00.000000000,45.02,44.91904
2021-12-16T19:00:00.000000000,45.48,44.85829
2021-12-16T20:00:00.000000000,44.68,44.48288
2021-12-16T21:00:00.000000000,43.88,44.12578
2021-12-16T22:00:00.000000000,41.8,43.99581
2021-12-16T23:00:00.000000000,41.58,43.98838
2021-12-17T00:00:00.000000000,39.95,47.3382
2021-12-17T01:00:00.000000000,39.95,47.33149
2021-12-17T02:00:00.000000000,40.41,46.96531
2021-12-17T03:00:00.000000000,41.5,46.61005
2021-12-17T04:00:00.000000000,43.86,46.13552
2021-12-17T05:00:00.000000000,48.51,45.52659
2021-12-17T06:00:00.000000000,47.63,45.41945
2021-12-17T07:00:00.000000000,49.22,45.34236
2021-12-17T08:00:00.000000000,50.46,45.20895
2021-12-17T09:00:00.000000000,51.31,45.25072
2021-12-17T10:00:00.000000000,51.72,44.67098
2021-12-17T11:00:00.000000000,53.52,45.05934
2021-12-17T12:00:00.000000000,54.91,45.07618
2021-12-17T13:00:00.000000000,56.38,44.83303
2021-12-17T14:00:00.000000000,56.45,44.9462
2021-12-17T15:00:00.000000000,56.47,45.1589
2021-12-17T16:00:00.000000000,55.97,45.25918
2021-12-17T17:00:00.000000000,55.52,45.46899
2021-12-17T18:00:00.000000000,55.87,45.56471
2021-12-17T19:00:00.000000000,54.78,45.74221
2021-12-17T20:00:00.000000000,54.39,45.53872
2021-12-17T21:00:00.000000000,51.18,45.32048
2021-12-17T22:00:00.000000000,50.71,45.24857
2021-12-17T23:00:00.000000000,50.18,45.23641
2021-12-18T00:00:00.000000000,48.89,47.27867
2021-12-18T01:00:00.000000000,46.86,47.34457
2021-12-18T02:00:00.000000000,46.82,47.01735
2021-12-18T03:00:00.000000000,47.54,46.66115
2021-12-18T04:00:00.000000000,49.55,46.12706
2021-12-18T05:00:00.000000000,50.92,45.4522
2021-12-18T06:00:00.000000000,52.55,45.23509
2021-12-18T07:00:00.000000000,53.01,45.06131
2021-12-18T08:00:00.000000000,52.68,44.85018
2021-12-18T09:00:00.000000000,52.15,44.85409
2021-12-18T10:00:00.000000000,52.02,44.28976
2021-12-18T11:00:00.000000000,52.41,44.72902
2021-12-18T12:00:00.000000000,51.76,44.84671
2021-12-18T13:00:00.000000000,51.36,44.70507
2021-12-18T14:00:00.000000000,51.41,44.90648
2021-12-18T15:00:00.000000000,51.17,45.19951
2021-12-18T16:00:00.000000000,51.21,45.33017
2021-12-18T17:00:00.000000000,50.56,45.52619
2021-12-18T18:00:00.000000000,50.2,45.56727
2021-12-18T19:00:00.000000000,50.0,45.6772
2021-12-18T20:00:00.000000000,48.03,45.41606
2021-12-18T21:00:00.000000000,46.45,45.15893
2021-12-18T22:00:00.000000000,45.33,45.08498
2021-12-18T23:00:00.000000000,44.59,45.09851
2021-12-16T00:00:00.000000000,41.55,41.57441
2021-12-16T01:00:00.000000000,41.46,42.17759
2021-12-16T02:00:00.000000000,41.57,42.41737
2021-12-16T03:00:00.000000000,41.41,42.94721
2021-12-16T04:00:00.000000000,41.96,43.39263
2021-12-16T05:00:00.000000000,43.98,43.36492
2021-12-16T06:00:00.000000000,44.05,43.5787
2021-12-16T07:00:00.000000000,44.18,43.72541
2021-12-16T08:00:00.000000000,44.92,43.62123
2021-12-16T09:00:00.000000000,44.5,43.59698
2021-12-16T10:00:00.000000000,43.79,42.99492
2021-12-16T11:00:00.000000000,43.96,43.24232
2021-12-16T12:00:00.000000000,44.13,43.12331
2021-12-16T13:00:00.000000000,44.56,42.81702
2021-12-16T14:00:00.000000000,44.01,42.94441
2021-12-16T15:00:00.000000000,44.4,43.00202
2021-12-16T16:00:00.000000000,44.58,42.99432
2021-12-16T17:00:00.000000000,44.96,42.86329
2021-12-16T18:00:00.000000000,45.02,42.50257
2021-12-16T19:00:00.000000000,45.48,42.11992
2021-12-16T20:00:00.000000000,44.68,41.54741
2021-12-16T21:00:00.000000000,43.88,40.97503
2021-12-16T22:00:00.000000000,41.8,40.72477
2021-12-16T23:00:00.000000000,41.58,40.61347
2021-12-17T00:00:00.000000000,39.95,43.63994
2021-12-17T01:00:00.000000000,39.95,43.7458
2021-12-17T02:00:00.000000000,40.41,43.45573
2021-12-17T03:00:00.000000000,41.5,43.34225
2021-12-17T04:00:00.000000000,43.86,43.13105
2021-12-17T05:00:00.000000000,48.51,42.71847
2021-12-17T06:00:00.000000000,47.63,42.61098
2021-12-17T07:00:00.000000000,49.22,42.62424
2021-12-17T08:00:00.000000000,50.46,42.52715
2021-12-17T09:00:00.000000000,51.31,42.51579
2021-12-17T10:00:00.000000000,51.72,42.03981
2021-12-17T11:00:00.000000000,53.52,42.30515
2021-12-17T12:00:00.000000000,54.91,42.31622
2021-12-17T13:00:00.000000000,56.38,42.16637
2021-12-17T14:00:00.000000000,56.45,42.34958
2021-12-17T15:00:00.000000000,56.47,42.5719
2021-12-17T16:00:00.000000000,55.97,42.71812
2021-12-17T17:00:00.000000000,55.52,42.97621
2021-12-17T18:00:00.000000000,55.87,43.05931
2021-12-17T19:00:00.000000000,54.78,43.14727
2021-12-17T20:00:00.000000000,54.39,42.96062
2021-12-17T21:00:00.000000000,51.18,42.6853
2021-12-17T22:00:00.000000000,50.71,42.60707
2021-12-17T23:00:00.000000000,50.18,42.49887
2021-12-18T00:00:00.000000000,48.89,44.54007
2021-12-18T01:00:00.000000000,46.86,44.50726
2021-12-18T02:00:00.000000000,46.82,44.07417
2021-12-18T03:00:00.000000000,47.54,43.77045
2021-12-18T04:00:00.000000000,49.55,43.36055
2021-12-18T05:00:00.000000000,50.92,42.86353
2021-12-18T06:00:00.000000000,52.55,42.64788
2021-12-18T07:00:00.000000000,53.01,42.56773
2021-12-18T08:00:00.000000000,52.68,42.39601
2021-12-18T09:00:00.000000000,52.15,42.27773
2021-12-18T10:00:00.000000000,52.02,41.72099
2021-12-18T11:00:00.000000000,52.41,41.90333
2021-12-18T12:00:00.000000000,51.76,41.88327
2021-12-18T13:00:00.000000000,51.36,41.72259
2021-12-18T14:00:00.000000000,51.41,41.93124
2021-12-18T15:00:00.000000000,51.17,42.27384
2021-12-18T16:00:00.000000000,51.21,42.53485
2021-12-18T17:00:00.000000000,50.56,42.99469
2021-12-18T18:00:00.000000000,50.2,43.26416
2021-12-18T19:00:00.000000000,50.0,43.53703
2021-12-18T20:00:00.000000000,48.03,43.4821
2021-12-18T21:00:00.000000000,46.45,43.28974
2021-12-18T22:00:00.000000000,45.33,43.2458
2021-12-18T23:00:00.000000000,44.59,43.12264
2021-12-19T00:00:00.000000000,43.79,44.59986
2021-12-19T01:00:00.000000000,44.31,44.58366
2021-12-19T02:00:00.000000000,44.07,44.16044
2021-12-19T03:00:00.000000000,43.75,43.91867
2021-12-19T04:00:00.000000000,44.57,43.46224
2021-12-19T05:00:00.000000000,44.8,42.81616
2021-12-19T06:00:00.000000000,45.26,42.46945
2021-12-19T07:00:00.000000000,45.52,42.3838
2021-12-19T08:00:00.000000000,46.08,42.28003
2021-12-19T09:00:00.000000000,45.95,42.39746
2021-12-19T10:00:00.000000000,46.2,42.08341
2021-12-19T11:00:00.000000000,46.67,42.61818
2021-12-19T12:00:00.000000000,47.66,42.94959
2021-12-19T13:00:00.000000000,48.97,43.18645
2021-12-19T14:00:00.000000000,49.49,43.58367
2021-12-19T15:00:00.000000000,49.73,44.00842
2021-12-19T16:00:00.000000000,50.35,44.28166
2021-12-19T17:00:00.000000000,49.97,44.60405
2021-12-19T18:00:00.000000000,50.52,44.70374
2021-12-19T19:00:00.000000000,50.78,44.68841
2021-12-19T20:00:00.000000000,50.42,44.32693
2021-12-19T21:00:00.000000000,49.58,43.90744
2021-12-19T22:00:00.000000000,49.4,43.68242
2021-12-19T23:00:00.000000000,47.01,43.48371
2021-12-17T00:00:00.000000000,39.95,43.50682
2021-12-17T01:00:00.000000000,39.95,43.91585
2021-12-17T02:00:00.000000000,40.41,44.02027
2021-12-17T03:00:00.000000000,41.5,44.39792
2021-12-17T04:00:00.000000000,43.86,44.89204
2021-12-17T05:00:00.000000000,48.51,44.95378
2021-12-17T06:00:00.000000000,47.63,45.61969
2021-12-17T07:00:00.000000000,49.22,46.17469
2021-12-17T08:00:00.000000000,50.46,46.57359
2021-12-17T09:00:00.000000000,51.31,46.987
2021-12-17T10:00:00.000000000,51.72,46.57954
2021-12-17T11:00:00.000000000,53.52,46.92281
2021-12-17T12:00:00.000000000,54.91,46.45054
2021-12-17T13:00:00.000000000,56.38,45.71947
2021-12-17T14:00:00.000000000,56.45,45.36572
2021-12-17T15:00:00.000000000,56.47,44.85431
2021-12-17T16:00:00.000000000,55.97,44.43072
2021-12-17T17:00:00.000000000,55.52,43.93138
2021-12-17T18:00:00.000000000,55.87,43.52085
2021-12-17T19:00:00.000000000,54.78,43.2331
2021-12-17T20:00:00.000000000,54.39,42.74544
2021-12-17T21:00:00.000000000,51.18,42.46273
2021-12-17T22:00:00.000000000,50.71,42.33389
2021-12-17T23:00:00.000000000,50.18,42.32517
2021-12-18T00:00:00.000000000,48.89,44.74118
2021-12-18T01:00:00.000000000,46.86,44.79932
2021-12-18T02:00:00.000000000,46.82,44.40294
2021-12-18T03:00:00.000000000,47.54,44.09832
2021-12-18T04:00:00.000000000,49.55,43.78122
2021-12-18T05:00:00.000000000,50.92,43.31404
2021-12-18T06:00:00.000000000,52.55,43.36763
2021-12-18T07:00:00.000000000,53.01,43.50103
2021-12-18T08:00:00.000000000,52.68,43.616
2021-12-18T09:00:00.000000000,52.15,43.78469
2021-12-18T10:00:00.000000000,52.02,43.39958
2021-12-18T11:00:00.000000000,52.41,43.70032
2021-12-18T12:00:00.000000000,51.76,43.54567
2021-12-18T13:00:00.000000000,51.36,43.11241
2021-12-18T14:00:00.000000000,51.41,42.99871
2021-12-18T15:00:00.000000000,51.17,42.86743
2021-12-18T16:00:00.000000000,51.21,42.71431
2021-12-18T17:00:00.000000000,50.56,42.73739
2021-12-18T18:00:00.000000000,50.2,42.77397
2021-12-18T19:00:00.000000000,50.0,42.9886
2021-12-18T20:00:00.000000000,48.03,42.96863
2021-12-18T21:00:00.000000000,46.45,42.98226
2021-12-18T22:00:00.000000000,45.33,43.15596
2021-12-18T23:00:00.000000000,44.59,43.26218
2021-12-19T00:00:00.000000000,43.79,44.61931
2021-12-19T01:00:00.000000000,44.31,44.58288
2021-12-19T02:00:00.000000000,44.07,44.15303
2021-12-19T03:00:00.000000000,43.75,43.91095
2021-12-19T04:00:00.000000000,44.57,43.58215
2021-12-19T05:00:00.000000000,44.8,43.0716
2021-12-19T06:00:00.000000000,45.26,42.98623
2021-12-19T07:00:00.000000000,45.52,43.078
2021-12-19T08:00:00.000000000,46.08,43.13719
2021-12-19T09:00:00.000000000,45.95,43.3215
2021-12-19T10:00:00.000000000,46.2,42.97729
2021-12-19T11:00:00.000000000,46.67,43.38917
2021-12-19T12:00:00.000000000,47.66,43.44826
2021-12-19T13:00:00.000000000,48.97,43.34602
2021-12-19T14:00:00.000000000,49.49,43.46833
2021-12-19T15:00:00.000000000,49.73,43.59861
2021-12-19T16:00:00.000000000,50.35,43.67379
2021-12-19T17:00:00.000000000,49.97,43.87515
2021-12-19T18:00:00.000000000,50.52,43.9857
2021-12-19T19:00:00.000000000,50.78,44.09735
2021-12-19T20:00:00.000000000,50.42,43.90104
2021-12-19T21:00:00.000000000,49.58,43.66814
2021-12-19T22:00:00.000000000,49.4,43.58591
2021-12-19T23:00:00.000000000,47.01,43.47696
2021-12-20T00:00:00.000000000,47.8,46.5176
2021-12-20T01:00:00.000000000,48.12,46.56715
2021-12-20T02:00:00.000000000,48.11,46.25635
2021-12-20T03:00:00.000000000,49.75,46.09069
2021-12-20T04:00:00.000000000,50.98,45.69679
2021-12-20T05:00:00.000000000,52.36,45.01697
2021-12-20T06:00:00.000000000,53.6,44.84213
2021-12-20T07:00:00.000000000,54.38,44.82928
2021-12-20T08:00:00.000000000,56.38,44.82737
2021-12-20T09:00:00.000000000,56.54,45.15041
2021-12-20T10:00:00.000000000,57.44,44.8726
2021-12-20T11:00:00.000000000,57.97,45.61432
2021-12-20T12:00:00.000000000,57.47,45.97193
2021-12-20T13:00:00.000000000,56.47,46.13959
2021-12-20T14:00:00.000000000,56.59,46.43798
2021-12-20T15:00:00.000000000,56.93,46.67835
2021-12-20T16:00:00.000000000,57.07,46.77254
2021-12-20T17:00:00.000000000,58.02,46.79959
2021-12-20T18:00:00.000000000,57.58,46.68305
2021-12-20T19:00:00.000000000,57.9,46.50454
2021-12-20T20:00:00.000000000,57.86,45.94253
2021-12-20T21:00:00.000000000,58.79,45.46277
2021-12-20T22:00:00.000000000,60.43,45.15797
2021-12-20T23:00:00.000000000,61.74,45.01986
2021-12-18T00:00:00.000000000,48.89,50.10707
2021-12-18T01:00:00.000000000,46.86,50.44488
2021-12-18T02:00:00.000000000,46.82,50.72097
2021-12-18T03:00:00.000000000,47.54,50.8145
2021-12-18T04:00:00.000000000,49.55,50.81539
2021-12-18T05:00:00.000000000,50.92,50.47016
2021-12-18T06:00:00.000000000,52.55,50.89176
2021-12-18T07:00:00.000000000,53.01,51.06178
2021-12-18T08:00:00.000000000,52.68,51.14141
2021-12-18T09:00:00.000000000,52.15,51.58739
2021-12-18T10:00:00.000000000,52.02,51.15745
2021-12-18T11:00:00.000000000,52.41,51.92821
2021-12-18T12:00:00.000000000,51.76,51.89178
2021-12-18T13:00:00.000000000,51.36,51.43924
2021-12-18T14:00:00.000000000,51.41,51.42002
2021-12-18T15:00:00.000000000,51.17,51.22999
2021-12-18T16:00:00.000000000,51.21,50.88747
2021-12-18T17:00:00.000000000,50.56,50.27514
2021-12-18T18:00:00.000000000,50.2,49.63772
2021-12-18T19:00:00.000000000,50.0,49.13613
2021-12-18T20:00:00.000000000,48.03,48.24668
2021-12-18T21:00:00.000000000,46.45,47.77663
2021-12-18T22:00:00.000000000,45.33,47.34701
2021-12-18T23:00:00.000000000,44.59,47.32986
2021-12-19T00:00:00.000000000,43.79,49.38236
2021-12-19T01:00:00.000000000,44.31,49.41318
2021-12-19T02:00:00.000000000,44.07,49.2192
2021-12-19T03:00:00.000000000,43.75,48.9742
2021-12-19T04:00:00.000000000,44.57,48.61267
2021-12-19T05:00:00.000000000,44.8,48.05034
2021-12-19T06:00:00.000000000,45.26,48.16499
2021-12-19T07:00:00.000000000,45.52,48.18647
2021-12-19T08:00:00.000000000,46.08,48.15489
2021-12-19T09:00:00.000000000,45.95,48.39272
2021-12-19T10:00:00.000000000,46.2,47.84054
2021-12-19T11:00:00.000000000,46.67,48.40401
2021-12-19T12:00:00.000000000,47.66,48.40463
2021-12-19T13:00:00.000000000,48.97,48.06672
2021-12-19T14:00:00.000000000,49.49,48.09464
2021-12-19T15:00:00.000000000,49.73,48.1405
2021-12-19T16:00:00.000000000,50.35,48.07683
2021-12-19T17:00:00.000000000,49.97,48.01009
2021-12-19T18:00:00.000000000,50.52,47.89037
2021-12-19T19:00:00.000000000,50.78,47.87777
2021-12-19T20:00:00.000000000,50.42,47.44225
2021-12-19T21:00:00.000000000,49.58,47.1413
2021-12-19T22:00:00.000000000,49.4,46.91504
2021-12-19T23:00:00.000000000,47.01,46.90093
2021-12-20T00:00:00.000000000,47.8,50.71412
2021-12-20T01:00:00.000000000,48.12,50.54501
2021-12-20T02:00:00.000000000,48.11,50.21579
2021-12-20T03:00:00.000000000,49.75,49.90181
2021-12-20T04:00:00.000000000,50.98,49.37632
2021-12-20T05:00:00.000000000,52.36,48.67722
2021-12-20T06:00:00.000000000,53.6,48.69045
2021-12-20T07:00:00.000000000,54.38,48.6525
2021-12-20T08:00:00.000000000,56.38,48.57341
2021-12-20T09:00:00.000000000,56.54,48.87006
2021-12-20T10:00:00.000000000,57.44,48.29392
2021-12-20T11:00:00.000000000,57.97,48.97784
2021-12-20T12:00:00.000000000,57.47,49.15406
2021-12-20T13:00:00.000000000,56.47,49.03441
2021-12-20T14:00:00.000000000,56.59,49.20021
2021-12-20T15:00:00.000000000,56.93,49.44464
2021-12-20T16:00:00.000000000,57.07,49.54302
2021-12-20T17:00:00.000000000,58.02,49.66551
2021-12-20T18:00:00.000000000,57.58,49.68179
2021-12-20T19:00:00.000000000,57.9,49.68731
2021-12-20T20:00:00.000000000,57.86,49.1598
2021-12-20T21:00:00.000000000,58.79,48.73334
2021-12-20T22:00:00.000000000,60.43,48.31723
2021-12-20T23:00:00.000000000,61.74,48.17121
2021-12-21T00:00:00.000000000,61.92,51.15435
2021-12-21T01:00:00.000000000,62.32,51.17198
2021-12-21T02:00:00.000000000,61.35,51.0743
2021-12-21T03:00:00.000000000,60.75,50.90622
2021-12-21T04:00:00.000000000,61.14,50.48044
2021-12-21T05:00:00.000000000,59.22,49.84008
2021-12-21T06:00:00.000000000,60.23,49.87268
2021-12-21T07:00:00.000000000,62.24,49.75062
2021-12-21T08:00:00.000000000,62.4,49.54316
2021-12-21T09:00:00.000000000,62.03,49.754
2021-12-21T10:00:00.000000000,62.2,49.08772
2021-12-21T11:00:00.000000000,62.29,49.7744
2021-12-21T12:00:00.000000000,62.65,49.95773
2021-12-21T13:00:00.000000000,62.73,49.80092
2021-12-21T14:00:00.000000000,63.21,50.0198
2021-12-21T15:00:00.000000000,63.53,50.30063
2021-12-21T16:00:00.000000000,63.54,50.38537
2021-12-21T17:00:00.000000000,64.18,50.39049
2021-12-21T18:00:00.000000000,64.08,50.24061
2021-12-21T19:00:00.000000000,64.0,50.08551
2021-12-21T20:00:00.000000000,64.21,49.41332
2021-12-21T21:00:00.000000000,63.64,48.89616
2021-12-21T22:00:00.000000000,59.24,48.41136
2021-12-21T23:00:00.000000000,59.84,48.28786
2021-12-19T00:00:00.000000000,43.79,47.51432
2021-12-19T01:00:00.000000000,44.31,47.73914
2021-12-19T02:00:00.000000000,44.07,47.93007
2021-12-19T03:00:00.000000000,43.75,48.30467
2021-12-19T04:00:00.000000000,44.57,48.69048
2021-12-19T05:00:00.000000000,44.8,48.65689
2021-12-19T06:00:00.000000000,45.26,49.17721
2021-12-19T07:00:00.000000000,45.52,49.46696
2021-12-19T08:00:00.000000000,46.08,49.41828
2021-12-19T09:00:00.000000000,45.95,49.54089
2021-12-19T10:00:00.000000000,46.2,48.71703
2021-12-19T11:00:00.000000000,46.67,49.01432
2021-12-19T12:00:00.000000000,47.66,48.69163
2021-12-19T13:00:00.000000000,48.97,48.12408
2021-12-19T14:00:00.000000000,49.49,48.11761
2021-12-19T15:00:00.000000000,49.73,48.14062
2021-12-19T16:00:00.000000000,50.35,48.19334
2021-12-19T17:00:00.000000000,49.97,48.12615
2021-12-19T18:00:00.000000000,50.52,47.90256
2021-12-19T19:00:00.000000000,50.78,47.68821
2021-12-19T20:00:00.000000000,50.42,47.02455
2021-12-19T21:00:00.000000000,49.58,46.40363
2021-12-19T22:00:00.000000000,49.4,45.83271
2021-12-19T23:00:00.000000000,47.01,45.54426
2021-12-20T00:00:00.000000000,47.8,50.07137
2021-12-20T01:00:00.000000000,48.12,50.04427
2021-12-20T02:00:00.000000000,48.11,49.9829
2021-12-20T03:00:00.000000000,49.75,50.00121
2021-12-20T04:00:00.000000000,50.98,49.91012
2021-12-20T05:00:00.000000000,52.36,49.55683
2021-12-20T06:00:00.000000000,53.6,49.85026
2021-12-20T07:00:00.000000000,54.38,49.9464
2021-12-20T08:00:00.000000000,56.38,49.80701
2021-12-20T09:00:00.000000000,56.54,49.95107
2021-12-20T10:00:00.000000000,57.44,49.125
2021-12-20T11:00:00.000000000,57.97,49.55291
2021-12-20T12:00:00.000000000,57.47,49.43082
2021-12-20T13:00:00.000000000,56.47,49.01717
2021-12-20T14:00:00.000000000,56.59,49.09281
2021-12-20T15:00:00.000000000,56.93,49.27706
2021-12-20T16:00:00.000000000,57.07,49.40539
2021-12-20T17:00:00.000000000,58.02,49.5146
2021-12-20T18:00:00.000000000,57.58,49.47551
2021-12-20T19:00:00.000000000,57.9,49.43524
2021-12-20T20:00:00.000000000,57.86,48.86426
2021-12-20T21:00:00.000000000,58.79,48.33909
2021-12-20T22:00:00.000000000,60.43,47.80171
2021-12-20T23:00:00.000000000,61.74,47.56298
2021-12-21T00:00:00.000000000,61.92,50.75754
2021-12-21T01:00:00.000000000,62.32,50.70997
2021-12-21T02:00:00.000000000,61.35,50.62982
2021-12-21T03:00:00.000000000,60.75,50.57594
2021-12-21T04:00:00.000000000,61.14,50.38926
2021-12-21T05:00:00.000000000,59.22,49.97911
2021-12-21T06:00:00.000000000,60.23,50.23895
2021-12-21T07:00:00.000000000,62.24,50.28592
2021-12-21T08:00:00.000000000,62.4,50.12218
2021-12-21T09:00:00.000000000,62.03,50.26244
2021-12-21T10:00:00.000000000,62.2,49.42885
2021-12-21T11:00:00.000000000,62.29,49.88236
2021-12-21T12:00:00.000000000,62.65,49.78445
2021-12-21T13:00:00.000000000,62.73,49.36792
2021-12-21T14:00:00.000000000,63.21,49.44488
2021-12-21T15:00:00.000000000,63.53,49.64193
2021-12-21T16:00:00.000000000,63.54,49.75436
2021-12-21T17:00:00.000000000,64.18,49.85961
2021-12-21T18:00:00.000000000,64.08,49.82206
2021-12-21T19:00:00.000000000,64.0,49.80092
2021-12-21T20:00:00.000000000,64.21,49.24055
2021-12-21T21:00:00.000000000,63.64,48.74822
2021-12-21T22:00:00.000000000,59.24,48.23425
2021-12-21T23:00:00.000000000,59.84,48.03105
2021-12-22T00:00:00.000000000,58.64,49.57857
2021-12-22T01:00:00.000000000,58.11,49.69782
2021-12-22T02:00:00.000000000,58.01,49.74598
2021-12-22T03:00:00.000000000,57.81,49.81065
2021-12-22T04:00:00.000000000,58.35,49.80139
2021-12-22T05:00:00.000000000,56.81,49.5248
2021-12-22T06:00:00.000000000,56.65,49.86207
2021-12-22T07:00:00.000000000,59.12,49.9488
2021-12-22T08:00:00.000000000,58.11,49.79739
2021-12-22T09:00:00.000000000,57.42,49.86627
2021-12-22T10:00:00.000000000,57.5,49.01359
2021-12-22T11:00:00.000000000,57.82,49.36121
2021-12-22T12:00:00.000000000,57.56,49.13315
2021-12-22T13:00:00.000000000,57.76,48.58181
2021-12-22T14:00:00.000000000,57.55,48.59
2021-12-22T15:00:00.000000000,57.7,48.69038
2021-12-22T16:00:00.000000000,57.55,48.73838
2021-12-22T17:00:00.000000000,57.51,48.74008
2021-12-22T18:00:00.000000000,57.49,48.60862
2021-12-22T19:00:00.000000000,56.48,48.5458
2021-12-22T20:00:00.000000000,55.44,48.01152
2021-12-22T21:00:00.000000000,54.88,47.54629
2021-12-22T22:00:00.000000000,52.74,47.11265
2021-12-22T23:00:00.000000000,52.47,46.9571
2021-12-20T00:00:00.000000000,47.8,53.02599
2021-12-20T01:00:00.000000000,48.12,52.81466
2021-12-20T02:00:00.000000000,48.11,52.64357
2021-12-20T03:00:00.000000000,49.75,52.39802
2021-12-20T04:00:00.000000000,50.98,51.92616
2021-12-20T05:00:00.000000000,52.36,51.31134
2021-12-20T06:00:00.000000000,53.6,51.49775
2021-12-20T07:00:00.000000000,54.38,51.49254
2021-12-20T08:00:00.000000000,56.38,51.36008
2021-12-20T09:00:00.000000000,56.54,51.69068
2021-12-20T10:00:00.000000000,57.44,51.00254
2021-12-20T11:00:00.000000000,57.97,51.71454
2021-12-20T12:00:00.000000000,57.47,51.8294
2021-12-20T13:00:00.000000000,56.47,51.56504
2021-12-20T14:00:00.000000000,56.59,51.70206
2021-12-20T15:00:00.000000000,56.93,51.90772
2021-12-20T16:00:00.000000000,57.07,51.94852
2021-12-20T17:00:00.000000000,58.02,51.98053
2021-12-20T18:00:00.000000000,57.58,51.90024
2021-12-20T19:00:00.000000000,57.9,51.82448
2021-12-20T20:00:00.000000000,57.86,51.15001
2021-12-20T21:00:00.000000000,58.79,50.67951
2021-12-20T22:00:00.000000000,60.43,50.10757
2021-12-20T23:00:00.000000000,61.74,49.92722
2021-12-21T00:00:00.000000000,61.92,53.30524
2021-12-21T01:00:00.000000000,62.32,53.18744
2021-12-21T02:00:00.000000000,61.35,53.12268
2021-12-21T03:00:00.000000000,60.75,52.93211
2021-12-21T04:00:00.000000000,61.14,52.53538
2021-12-21T05:00:00.000000000,59.22,52.04059
2021-12-21T06:00:00.000000000,60.23,52.27451
2021-12-21T07:00:00.000000000,62.24,52.19764
2021-12-21T08:00:00.000000000,62.4,51.92067
2021-12-21T09:00:00.000000000,62.03,52.01596
2021-12-21T10:00:00.000000000,62.2,51.06984
2021-12-21T11:00:00.000000000,62.29,51.54605
2021-12-21T12:00:00.000000000,62.65,51.45935
2021-12-21T13:00:00.000000000,62.73,50.96092
2021-12-21T14:00:00.000000000,63.21,51.03694
2021-12-21T15:00:00.000000000,63.53,51.28369
2021-12-21T16:00:00.000000000,63.54,51.36772
2021-12-21T17:00:00.000000000,64.18,51.47697
2021-12-21T18:00:00.000000000,64.08,51.4371
2021-12-21T19:00:00.000000000,64.0,51.45434
2021-12-21T20:00:00.000000000,64.21,50.88252
2021-12-21T21:00:00.000000000,63.64,50.45323
2021-12-21T22:00:00.000000000,59.24,49.93256
2021-12-21T23:00:00.000000000,59.84,49.79069
2021-12-22T00:00:00.000000000,58.64,51.99106
2021-12-22T01:00:00.000000000,58.11,51.96653
2021-12-22T02:00:00.000000000,58.01,51.98655
2021-12-22T03:00:00.000000000,57.81,51.94007
2021-12-22T04:00:00.000000000,58.35,51.80348
2021-12-22T05:00:00.000000000,56.81,51.51121
2021-12-22T06:00:00.000000000,56.65,51.90682
2021-12-22T07:00:00.000000000,59.12,51.962
2021-12-22T08:00:00.000000000,58.11,51.74606
2021-12-22T09:00:00.000000000,57.42,51.77939
2021-12-22T10:00:00.000000000,57.5,50.77516
2021-12-22T11:00:00.000000000,57.82,51.0781
2021-12-22T12:00:00.000000000,57.56,50.77156
2021-12-22T13:00:00.000000000,57.76,50.07417
2021-12-22T14:00:00.000000000,57.55,50.03248
2021-12-22T15:00:00.000000000,57.7,50.15499
2021-12-22T16:00:00.000000000,57.55,50.20534
2021-12-22T17:00:00.000000000,57.51,50.27706
2021-12-22T18:00:00.000000000,57.49,50.21703
2021-12-22T19:00:00.000000000,56.48,50.26338
2021-12-22T20:00:00.000000000,55.44,49.7621
2021-12-22T21:00:00.000000000,54.88,49.35695
2021-12-22T22:00:00.000000000,52.74,48.88271
2021-12-22T23:00:00.000000000,52.47,48.72931
2021-12-23T00:00:00.000000000,52.01,49.90976
2021-12-23T01:00:00.000000000,52.95,49.87481
2021-12-23T02:00:00.000000000,52.96,49.78691
2021-12-23T03:00:00.000000000,52.26,49.76082
2021-12-23T04:00:00.000000000,51.94,49.69969
2021-12-23T05:00:00.000000000,51.19,49.42399
2021-12-23T06:00:00.000000000,50.93,49.78897
2021-12-23T07:00:00.000000000,51.98,49.91989
2021-12-23T08:00:00.000000000,53.84,49.7948
2021-12-23T09:00:00.000000000,52.59,49.8528
2021-12-23T10:00:00.000000000,52.35,48.94715
2021-12-23T11:00:00.000000000,52.79,49.22055
2021-12-23T12:00:00.000000000,53.41,48.92328
2021-12-23T13:00:00.000000000,53.49,48.31556
2021-12-23T14:00:00.000000000,53.89,48.27362
2021-12-23T15:00:00.000000000,54.92,48.38166
2021-12-23T16:00:00.000000000,52.92,48.47542
2021-12-23T17:00:00.000000000,53.7,48.61644
2021-12-23T18:00:00.000000000,53.55,48.64322
2021-12-23T19:00:00.000000000,53.69,48.73905
2021-12-23T20:00:00.000000000,52.12,48.32594
2021-12-23T21:00:00.000000000,51.56,47.91686
2021-12-23T22:00:00.000000000,50.98,47.49853
2021-12-23T23:00:00.000000000,50.16,47.309
2021-12-21T00:00:00.000000000,61.92,58.74711
2021-12-21T01:00:00.000000000,62.32,58.58784
2021-12-21T02:00:00.000000000,61.35,58.62003
2021-12-21T03:00:00.000000000,60.75,57.99037
2021-12-21T04:00:00.000000000,61.14,56.96872
2021-12-21T05:00:00.000000000,59.22,56.36741
2021-12-21T06:00:00.000000000,60.23,56.47453
2021-12-21T07:00:00.000000000,62.24,56.07606
2021-12-21T08:00:00.000000000,62.4,55.61948
2021-12-21T09:00:00.000000000,62.03,55.57706
2021-12-21T10:00:00.000000000,62.2,54.53429
2021-12-21T11:00:00.000000000,62.29,54.94978
2021-12-21T12:00:00.000000000,62.65,54.77247
2021-12-21T13:00:00.000000000,62.73,53.83416
2021-12-21T14:00:00.000000000,63.21,53.79267
2021-12-21T15:00:00.000000000,63.53,53.83342
2021-12-21T16:00:00.000000000,63.54,53.54426
2021-12-21T17:00:00.000000000,64.18,53.43395
2021-12-21T18:00:00.000000000,64.08,53.19671
2021-12-21T19:00:00.000000000,64.0,53.2798
2021-12-21T20:00:00.000000000,64.21,52.78174
2021-12-21T21:00:00.000000000,63.64,52.94541
2021-12-21T22:00:00.000000000,59.24,52.7248
2021-12-21T23:00:00.000000000,59.84,52.93488
2021-12-22T00:00:00.000000000,58.64,56.75425
2021-12-22T01:00:00.000000000,58.11,56.71085
2021-12-22T02:00:00.000000000,58.01,56.82222
2021-12-22T03:00:00.000000000,57.81,56.5054
2021-12-22T04:00:00.000000000,58.35,55.92213
2021-12-22T05:00:00.000000000,56.81,55.5327
2021-12-22T06:00:00.000000000,56.65,55.80376
2021-12-22T07:00:00.000000000,59.12,55.52494
2021-12-22T08:00:00.000000000,58.11,55.01692
2021-12-22T09:00:00.000000000,57.42,54.79311
2021-12-22T10:00:00.000000000,57.5,53.49732
2021-12-22T11:00:00.000000000,57.82,53.68561
2021-12-22T12:00:00.000000000,57.56,53.29616
2021-12-22T13:00:00.000000000,57.76,52.29595
2021-12-22T14:00:00.000000000,57.55,52.22491
2021-12-22T15:00:00.000000000,57.7,52.41753
2021-12-22T16:00:00.000000000,57.55,52.37991
2021-12-22T17:00:00.000000000,57.51,52.44044
2021-12-22T18:00:00.000000000,57.49,52.33694
2021-12-22T19:00:00.000000000,56.48,52.48161
2021-12-22T20:00:00.000000000,55.44,52.03862
2021-12-22T21:00:00.000000000,54.88,51.8992
2021-12-22T22:00:00.000000000,52.74,51.55532
2021-12-22T23:00:00.000000000,52.47,51.60334
2021-12-23T00:00:00.000000000,52.01,55.33368
2021-12-23T01:00:00.000000000,52.95,55.20335
2021-12-23T02:00:00.000000000,52.96,55.19097
2021-12-23T03:00:00.000000000,52.26,54.93153
2021-12-23T04:00:00.000000000,51.94,54.47573
2021-12-23T05:00:00.000000000,51.19,54.09923
2021-12-23T06:00:00.000000000,50.93,54.40503
2021-12-23T07:00:00.000000000,51.98,54.2319
2021-12-23T08:00:00.000000000,53.84,53.77556
2021-12-23T09:00:00.000000000,52.59,53.58369
2021-12-23T10:00:00.000000000,52.35,52.28441
2021-12-23T11:00:00.000000000,52.79,52.46167
2021-12-23T12:00:00.000000000,53.41,52.09088
2021-12-23T13:00:00.000000000,53.49,51.203
2021-12-23T14:00:00.000000000,53.89,51.15227
2021-12-23T15:00:00.000000000,54.92,51.41563
2021-12-23T16:00:00.000000000,52.92,51.50844
2021-12-23T17:00:00.000000000,53.7,51.72353
2021-12-23T18:00:00.000000000,53.55,51.76539
2021-12-23T19:00:00.000000000,53.69,51.98051
2021-12-23T20:00:00.000000000,52.12,51.57718
2021-12-23T21:00:00.000000000,51.56,51.30676
2021-12-23T22:00:00.000000000,50.98,50.88457
2021-12-23T23:00:00.000000000,50.16,50.8228
2021-12-24T00:00:00.000000000,49.51,54.3495
2021-12-24T01:00:00.000000000,48.84,54.27996
2021-12-24T02:00:00.000000000,48.39,54.31092
2021-12-24T03:00:00.000000000,49.17,54.15096
2021-12-24T04:00:00.000000000,48.99,53.81484
2021-12-24T05:00:00.000000000,48.75,53.47572
2021-12-24T06:00:00.000000000,48.45,53.79636
2021-12-24T07:00:00.000000000,48.48,53.66105
2021-12-24T08:00:00.000000000,48.18,53.22275
2021-12-24T09:00:00.000000000,45.44,53.04576
2021-12-24T10:00:00.000000000,43.23,51.77824
2021-12-24T11:00:00.000000000,43.57,51.96533
2021-12-24T12:00:00.000000000,44.44,51.60948
2021-12-24T13:00:00.000000000,45.55,50.78114
2021-12-24T14:00:00.000000000,45.56,50.75847
2021-12-24T15:00:00.000000000,46.74,51.03092
2021-12-24T16:00:00.000000000,47.75,51.15563
2021-12-24T17:00:00.000000000,48.7,51.35812
2021-12-24T18:00:00.000000000,49.31,51.3767
2021-12-24T19:00:00.000000000,47.86,51.53481
2021-12-24T20:00:00.000000000,47.75,51.09029
2021-12-24T21:00:00.000000000,48.85,50.73958
2021-12-24T22:00:00.000000000,49.69,50.27616
2021-12-24T23:00:00.000000000,48.34,50.17302
2021-12-22T00:00:00.000000000,58.64,57.43857
2021-12-22T01:00:00.000000000,58.11,57.45254
2021-12-22T02:00:00.000000000,58.01,57.71422
2021-12-22T03:00:00.000000000,57.81,57.4015
2021-12-22T04:00:00.000000000,58.35,56.64286
2021-12-22T05:00:00.000000000,56.81,56.10697
2021-12-22T06:00:00.000000000,56.65,56.23338
2021-12-22T07:00:00.000000000,59.12,55.86935
2021-12-22T08:00:00.000000000,58.11,55.38162
2021-12-22T09:00:00.000000000,57.42,55.40442
2021-12-22T10:00:00.000000000,57.5,54.43472
2021-12-22T11:00:00.000000000,57.82,54.95628
2021-12-22T12:00:00.000000000,57.56,54.90334
2021-12-22T13:00:00.000000000,57.76,54.1745
2021-12-22T14:00:00.000000000,57.55,54.27931
2021-12-22T15:00:00.000000000,57.7,54.40142
2021-12-22T16:00:00.000000000,57.55,54.19315
2021-12-22T17:00:00.000000000,57.51,53.98765
2021-12-22T18:00:00.000000000,57.49,53.61873
2021-12-22T19:00:00.000000000,56.48,53.44454
2021-12-22T20:00:00.000000000,55.44,52.71508
2021-12-22T21:00:00.000000000,54.88,52.605
2021-12-22T22:00:00.000000000,52.74,52.18719
2021-12-22T23:00:00.000000000,52.47,52.26668
2021-12-23T00:00:00.000000000,52.01,56.20516
2021-12-23T01:00:00.000000000,52.95,56.05293
2021-12-23T02:00:00.000000000,52.96,55.97178
2021-12-23T03:00:00.000000000,52.26,55.54169
2021-12-23T04:00:00.000000000,51.94,54.84308
2021-12-23T05:00:00.000000000,51.19,54.29439
2021-12-23T06:00:00.000000000,50.93,54.46234
2021-12-23T07:00:00.000000000,51.98,54.14956
2021-12-23T08:00:00.000000000,53.84,53.65555
2021-12-23T09:00:00.000000000,52.59,53.47985
2021-12-23T10:00:00.000000000,52.35,52.23609
2021-12-23T11:00:00.000000000,52.79,52.52536
2021-12-23T12:00:00.000000000,53.41,52.29037
2021-12-23T13:00:00.000000000,53.49,51.50606
2021-12-23T14:00:00.000000000,53.89,51.50132
2021-12-23T15:00:00.000000000,54.92,51.82457
2021-12-23T16:00:00.000000000,52.92,51.89516
2021-12-23T17:00:00.000000000,53.7,52.10234
2021-12-23T18:00:00.000000000,53.55,52.15241
2021-12-23T19:00:00.000000000,53.69,52.37468
2021-12-23T20:00:00.000000000,52.12,51.9819
2021-12-23T21:00:00.000000000,51.56,51.75889
2021-12-23T22:00:00.000000000,50.98,51.39788
2021-12-23T23:00:00.000000000,50.16,51.41474
2021-12-24T00:00:00.000000000,49.51,54.8782
2021-12-24T01:00:00.000000000,48.84,54.74516
2021-12-24T02:00:00.000000000,48.39,54.68007
2021-12-24T03:00:00.000000000,49.17,54.4049
2021-12-24T04:00:00.000000000,48.99,53.92785
2021-12-24T05:00:00.000000000,48.75,53.50878
2021-12-24T06:00:00.000000000,48.45,53.75549
2021-12-24T07:00:00.000000000,48.48,53.54286
2021-12-24T08:00:00.000000000,48.18,53.05624
2021-12-24T09:00:00.000000000,45.44,52.82537
2021-12-24T10:00:00.000000000,43.23,51.50401
2021-12-24T11:00:00.000000000,43.57,51.67543
2021-12-24T12:00:00.000000000,44.44,51.34239
2021-12-24T13:00:00.000000000,45.55,50.52518
2021-12-24T14:00:00.000000000,45.56,50.51018
2021-12-24T15:00:00.000000000,46.74,50.85068
2021-12-24T16:00:00.000000000,47.75,51.0169
2021-12-24T17:00:00.000000000,48.7,51.31356
2021-12-24T18:00:00.000000000,49.31,51.42474
2021-12-24T19:00:00.000000000,47.86,51.67459
2021-12-24T20:00:00.000000000,47.75,51.30203
2021-12-24T21:00:00.000000000,48.85,50.99213
2021-12-24T22:00:00.000000000,49.69,50.56971
2021-12-24T23:00:00.000000000,48.34,50.49349
2021-12-25T00:00:00.000000000,46.45,53.86745
2021-12-25T01:00:00.000000000,47.33,53.81498
2021-12-25T02:00:00.000000000,47.59,53.81566
2021-12-25T03:00:00.000000000,47.64,53.6471
2021-12-25T04:00:00.000000000,48.24,53.31057
2021-12-25T05:00:00.000000000,50.33,52.95635
2021-12-25T06:00:00.000000000,51.78,53.23999
2021-12-25T07:00:00.000000000,49.43,53.07742
2021-12-25T08:00:00.000000000,50.53,52.6177
2021-12-25T09:00:00.000000000,49.23,52.3933
2021-12-25T10:00:00.000000000,49.36,51.10471
2021-12-25T11:00:00.000000000,49.24,51.26372
2021-12-25T12:00:00.000000000,49.09,50.91147
2021-12-25T13:00:00.000000000,49.09,50.10863
2021-12-25T14:00:00.000000000,48.96,50.09903
2021-12-25T15:00:00.000000000,49.08,50.41423
2021-12-25T16:00:00.000000000,49.76,50.58497
2021-12-25T17:00:00.000000000,50.4,50.8404
2021-12-25T18:00:00.000000000,50.84,50.90431
2021-12-25T19:00:00.000000000,51.38,51.09683
2021-12-25T20:00:00.000000000,51.83,50.6932
2021-12-25T21:00:00.000000000,52.14,50.32814
2021-12-25T22:00:00.000000000,51.54,49.88847
2021-12-25T23:00:00.000000000,51.66,49.78566
2021-12-23T00:00:00.000000000,52.01,54.81809
2021-12-23T01:00:00.000000000,52.95,54.83091
2021-12-23T02:00:00.000000000,52.96,55.05938
2021-12-23T03:00:00.000000000,52.26,54.95914
2021-12-23T04:00:00.000000000,51.94,54.60373
2021-12-23T05:00:00.000000000,51.19,54.19891
2021-12-23T06:00:00.000000000,50.93,54.54653
2021-12-23T07:00:00.000000000,51.98,54.49844
2021-12-23T08:00:00.000000000,53.84,54.24769
2021-12-23T09:00:00.000000000,52.59,54.46554
2021-12-23T10:00:00.000000000,52.35,53.65318
2021-12-23T11:00:00.000000000,52.79,54.24891
2021-12-23T12:00:00.000000000,53.41,54.16593
2021-12-23T13:00:00.000000000,53.49,53.56408
2021-12-23T14:00:00.000000000,53.89,53.63204
2021-12-23T15:00:00.000000000,54.92,53.70091
2021-12-23T16:00:00.000000000,52.92,53.54542
2021-12-23T17:00:00.000000000,53.7,53.30403
2021-12-23T18:00:00.000000000,53.55,52.92575
2021-12-23T19:00:00.000000000,53.69,52.68314
2021-12-23T20:00:00.000000000,52.12,51.88367
2021-12-23T21:00:00.000000000,51.56,51.5042
2021-12-23T22:00:00.000000000,50.98,50.94696
2021-12-23T23:00:00.000000000,50.16,50.85505
2021-12-24T00:00:00.000000000,49.51,54.52036
2021-12-24T01:00:00.000000000,48.84,54.45732
2021-12-24T02:00:00.000000000,48.39,54.46221
2021-12-24T03:00:00.000000000,49.17,54.21862
2021-12-24T04:00:00.000000000,48.99,53.76053
2021-12-24T05:00:00.000000000,48.75,53.30557
2021-12-24T06:00:00.000000000,48.45,53.54625
2021-12-24T07:00:00.000000000,48.48,53.3571
2021-12-24T08:00:00.000000000,48.18,52.94306
2021-12-24T09:00:00.000000000,45.44,52.84603
2021-12-24T10:00:00.000000000,43.23,51.69933
2021-12-24T11:00:00.000000000,43.57,52.01959
2021-12-24T12:00:00.000000000,44.44,51.79249
2021-12-24T13:00:00.000000000,45.55,51.08387
2021-12-24T14:00:00.000000000,45.56,51.10241
2021-12-24T15:00:00.000000000,46.74,51.37829
2021-12-24T16:00:00.000000000,47.75,51.45721
2021-12-24T17:00:00.000000000,48.7,51.59344
2021-12-24T18:00:00.000000000,49.31,51.56659
2021-12-24T19:00:00.000000000,47.86,51.67209
2021-12-24T20:00:00.000000000,47.75,51.1914
2021-12-24T21:00:00.000000000,48.85,50.84878
2021-12-24T22:00:00.000000000,49.69,50.41314
2021-12-24T23:00:00.000000000,48.34,50.35419
2021-12-25T00:00:00.000000000,46.45,53.47095
2021-12-25T01:00:00.000000000,47.33,53.36415
2021-12-25T02:00:00.000000000,47.59,53.27616
2021-12-25T03:00:00.000000000,47.64,53.06296
2021-12-25T04:00:00.000000000,48.24,52.67964
2021-12-25T05:00:00.000000000,50.33,52.2673
2021-12-25T06:00:00.000000000,51.78,52.49933
2021-12-25T07:00:00.000000000,49.43,52.33616
2021-12-25T08:00:00.000000000,50.53,51.89789
2021-12-25T09:00:00.000000000,49.23,51.7044
2021-12-25T10:00:00.000000000,49.36,50.46048
2021-12-25T11:00:00.000000000,49.24,50.65615
2021-12-25T12:00:00.000000000,49.09,50.36749
2021-12-25T13:00:00.000000000,49.09,49.66055
2021-12-25T14:00:00.000000000,48.96,49.68336
2021-12-25T15:00:00.000000000,49.08,50.04052
2021-12-25T16:00:00.000000000,49.76,50.25288
2021-12-25T17:00:00.000000000,50.4,50.57327
2021-12-25T18:00:00.000000000,50.84,50.7005
2021-12-25T19:00:00.000000000,51.38,50.92479
2021-12-25T20:00:00.000000000,51.83,50.54341
2021-12-25T21:00:00.000000000,52.14,50.16117
2021-12-25T22:00:00.000000000,51.54,49.71822
2021-12-25T23:00:00.000000000,51.66,49.59296
2021-12-26T00:00:00.000000000,51.59,53.91724
2021-12-26T01:00:00.000000000,51.99,53.81117
2021-12-26T02:00:00.000000000,52.59,53.79017
2021-12-26T03:00:00.000000000,52.52,53.65554
2021-12-26T04:00:00.000000000,53.07,53.28171
2021-12-26T05:00:00.000000000,53.47,52.85332
2021-12-26T06:00:00.000000000,53.19,53.06797
2021-12-26T07:00:00.000000000,55.02,52.88932
2021-12-26T08:00:00.000000000,54.89,52.41444
2021-12-26T09:00:00.000000000,54.59,52.27329
2021-12-26T10:00:00.000000000,54.63,51.04054
2021-12-26T11:00:00.000000000,54.98,51.32296
2021-12-26T12:00:00.000000000,54.68,51.13117
2021-12-26T13:00:00.000000000,52.47,50.5221
2021-12-26T14:00:00.000000000,51.69,50.62615
2021-12-26T15:00:00.000000000,53.37,51.03592
2021-12-26T16:00:00.000000000,53.46,51.27294
2021-12-26T17:00:00.000000000,53.65,51.56829
2021-12-26T18:00:00.000000000,54.13,51.63821
2021-12-26T19:00:00.000000000,54.28,51.74786
2021-12-26T20:00:00.000000000,54.35,51.22777
2021-12-26T21:00:00.000000000,53.47,50.75542
2021-12-26T22:00:00.000000000,52.6,50.18893
2021-12-26T23:00:00.000000000,50.32,50.01348
2021-12-24T00:00:00.000000000,49.51,53.21951
2021-12-24T01:00:00.000000000,48.84,53.091
2021-12-24T02:00:00.000000000,48.39,53.01463
2021-12-24T03:00:00.000000000,49.17,52.73817
2021-12-24T04:00:00.000000000,48.99,52.33048
2021-12-24T05:00:00.000000000,48.75,51.81971
2021-12-24T06:00:00.000000000,48.45,52.15413
2021-12-24T07:00:00.000000000,48.48,52.22118
2021-12-24T08:00:00.000000000,48.18,52.17889
2021-12-24T09:00:00.000000000,45.44,52.52113
2021-12-24T10:00:00.000000000,43.23,51.86506
2021-12-24T11:00:00.000000000,43.57,52.50845
2021-12-24T12:00:00.000000000,44.44,52.44021
2021-12-24T13:00:00.000000000,45.55,51.92639
2021-12-24T14:00:00.000000000,45.56,51.89762
2021-12-24T15:00:00.000000000,46.74,51.8912
2021-12-24T16:00:00.000000000,47.75,51.73494
2021-12-24T17:00:00.000000000,48.7,51.57938
2021-12-24T18:00:00.000000000,49.31,51.38289
2021-12-24T19:00:00.000000000,47.86,51.32182
2021-12-24T20:00:00.000000000,47.75,50.72176
2021-12-24T21:00:00.000000000,48.85,50.40161
2021-12-24T22:00:00.000000000,49.69,49.97496
2021-12-24T23:00:00.000000000,48.34,49.90486
2021-12-25T00:00:00.000000000,46.45,53.04388
2021-12-25T01:00:00.000000000,47.33,52.92711
2021-12-25T02:00:00.000000000,47.59,52.78259
2021-12-25T03:00:00.000000000,47.64,52.47753
2021-12-25T04:00:00.000000000,48.24,52.00921
2021-12-25T05:00:00.000000000,50.33,51.48519
2021-12-25T06:00:00.000000000,51.78,51.68272
2021-12-25T07:00:00.000000000,49.43,51.57177
2021-12-25T08:00:00.000000000,50.53,51.29407
2021-12-25T09:00:00.000000000,49.23,51.31748
2021-12-25T10:00:00.000000000,49.36,50.3484
2021-12-25T11:00:00.000000000,49.24,50.74923
2021-12-25T12:00:00.000000000,49.09,50.6008
2021-12-25T13:00:00.000000000,49.09,50.03268
2021-12-25T14:00:00.000000000,48.96,50.05043
2021-12-25T15:00:00.000000000,49.08,50.28167
2021-12-25T16:00:00.000000000,49.76,50.35499
2021-12-25T17:00:00.000000000,50.4,50.50564
2021-12-25T18:00:00.000000000,50.84,50.53518
2021-12-25T19:00:00.000000000,51.38,50.6734
2021-12-25T20:00:00.000000000,51.83,50.24864
2021-12-25T21:00:00.000000000,52.14,49.91658
2021-12-25T22:00:00.000000000,51.54,49.53511
2021-12-25T23:00:00.000000000,51.66,49.46561
2021-12-26T00:00:00.000000000,51.59,53.72339
2021-12-26T01:00:00.000000000,51.99,53.56359
2021-12-26T02:00:00.000000000,52.59,53.46193
2021-12-26T03:00:00.000000000,52.52,53.25952
2021-12-26T04:00:00.000000000,53.07,52.81582
2021-12-26T05:00:00.000000000,53.47,52.3106
2021-12-26T06:00:00.000000000,53.19,52.49039
2021-12-26T07:00:00.000000000,55.02,52.33231
2021-12-26T08:00:00.000000000,54.89,51.93174
2021-12-26T09:00:00.000000000,54.59,51.8933
2021-12-26T10:00:00.000000000,54.63,50.78045
2021-12-26T11:00:00.000000000,54.98,51.16127
2021-12-26T12:00:00.000000000,54.68,51.0545
2021-12-26T13:00:00.000000000,52.47,50.54418
2021-12-26T14:00:00.000000000,51.69,50.66003
2021-12-26T15:00:00.000000000,53.37,51.04657
2021-12-26T16:00:00.000000000,53.46,51.25581
2021-12-26T17:00:00.000000000,53.65,51.5324
2021-12-26T18:00:00.000000000,54.13,51.61035
2021-12-26T19:00:00.000000000,54.28,51.71425
2021-12-26T20:00:00.000000000,54.35,51.19025
2021-12-26T21:00:00.000000000,53.47,50.73082
2021-12-26T22:00:00.000000000,52.6,50.17804
2021-12-26T23:00:00.000000000,50.32,50.00641
2021-12-27T00:00:00.000000000,49.73,53.07131
2021-12-27T01:00:00.000000000,49.92,53.14769
2021-12-27T02:00:00.000000000,48.24,53.32945
2021-12-27T03:00:00.000000000,47.59,53.38758
2021-12-27T04:00:00.000000000,49.22,53.24011
2021-12-27T05:00:00.000000000,49.69,52.9492
2021-12-27T06:00:00.000000000,50.38,53.25883
2021-12-27T07:00:00.000000000,51.76,53.14233
2021-12-27T08:00:00.000000000,52.67,52.68994
2021-12-27T09:00:00.000000000,52.79,52.55246
2021-12-27T10:00:00.000000000,53.19,51.35058
2021-12-27T11:00:00.000000000,53.14,51.61631
2021-12-27T12:00:00.000000000,53.78,51.35993
2021-12-27T13:00:00.000000000,53.19,50.69104
2021-12-27T14:00:00.000000000,52.91,50.781
2021-12-27T15:00:00.000000000,52.45,51.10153
2021-12-27T16:00:00.000000000,52.58,51.27522
2021-12-27T17:00:00.000000000,52.21,51.40489
2021-12-27T18:00:00.000000000,52.08,51.30153
2021-12-27T19:00:00.000000000,52.22,51.25737
2021-12-27T20:00:00.000000000,51.75,50.63258
2021-12-27T21:00:00.000000000,51.4,50.10268
2021-12-27T22:00:00.000000000,50.09,49.50643
2021-12-27T23:00:00.000000000,46.74,49.32455
2021-12-25T00:00:00.000000000,46.45,52.6273
2021-12-25T01:00:00.000000000,47.33,52.38727
2021-12-25T02:00:00.000000000,47.59,51.98799
2021-12-25T03:00:00.000000000,47.64,51.53683
2021-12-25T04:00:00.000000000,48.24,50.85604
2021-12-25T05:00:00.000000000,50.33,50.23229
2021-12-25T06:00:00.000000000,51.78,50.12953
2021-12-25T07:00:00.000000000,49.43,49.77183
2021-12-25T08:00:00.000000000,50.53,49.19905
2021-12-25T09:00:00.000000000,49.23,48.83814
2021-12-25T10:00:00.000000000,49.36,47.55049
2021-12-25T11:00:00.000000000,49.24,47.69605
2021-12-25T12:00:00.000000000,49.09,47.55672
2021-12-25T13:00:00.000000000,49.09,47.10999
2021-12-25T14:00:00.000000000,48.96,47.29585
2021-12-25T15:00:00.000000000,49.08,47.96947
2021-12-25T16:00:00.000000000,49.76,48.45432
2021-12-25T17:00:00.000000000,50.4,49.16031
2021-12-25T18:00:00.000000000,50.84,49.60672
2021-12-25T19:00:00.000000000,51.38,50.04654
2021-12-25T20:00:00.000000000,51.83,49.8396
2021-12-25T21:00:00.000000000,52.14,49.45527
2021-12-25T22:00:00.000000000,51.54,49.07808
2021-12-25T23:00:00.000000000,51.66,48.91288
2021-12-26T00:00:00.000000000,51.59,53.85638
2021-12-26T01:00:00.000000000,51.99,53.6355
2021-12-26T02:00:00.000000000,52.59,53.45476
2021-12-26T03:00:00.000000000,52.52,53.2216
2021-12-26T04:00:00.000000000,53.07,52.72903
2021-12-26T05:00:00.000000000,53.47,52.21013
2021-12-26T06:00:00.000000000,53.19,52.33324
2021-12-26T07:00:00.000000000,55.02,52.1088
2021-12-26T08:00:00.000000000,54.89,51.60708
2021-12-26T09:00:00.000000000,54.59,51.43685
2021-12-26T10:00:00.000000000,54.63,50.16754
2021-12-26T11:00:00.000000000,54.98,50.44173
2021-12-26T12:00:00.000000000,54.68,50.30608
2021-12-26T13:00:00.000000000,52.47,49.79001
2021-12-26T14:00:00.000000000,51.69,49.93572
2021-12-26T15:00:00.000000000,53.37,50.4622
2021-12-26T16:00:00.000000000,53.46,50.807
2021-12-26T17:00:00.000000000,53.65,51.2783
2021-12-26T18:00:00.000000000,54.13,51.50698
2021-12-26T19:00:00.000000000,54.28,51.72817
2021-12-26T20:00:00.000000000,54.35,51.28235
2021-12-26T21:00:00.000000000,53.47,50.80101
2021-12-26T22:00:00.000000000,52.6,50.23222
2021-12-26T23:00:00.000000000,50.32,50.02448
2021-12-27T00:00:00.000000000,49.73,52.91675
2021-12-27T01:00:00.000000000,49.92,52.93964
2021-12-27T02:00:00.000000000,48.24,53.06141
2021-12-27T03:00:00.000000000,47.59,53.11741
2021-12-27T04:00:00.000000000,49.22,52.98036
2021-12-27T05:00:00.000000000,49.69,52.70759
2021-12-27T06:00:00.000000000,50.38,53.01225
2021-12-27T07:00:00.000000000,51.76,52.89235
2021-12-27T08:00:00.000000000,52.67,52.4009
2021-12-27T09:00:00.000000000,52.79,52.18906
2021-12-27T10:00:00.000000000,53.19,50.89291
2021-12-27T11:00:00.000000000,53.14,51.072
2021-12-27T12:00:00.000000000,53.78,50.77241
2021-12-27T13:00:00.000000000,53.19,50.08318
2021-12-27T14:00:00.000000000,52.91,50.17477
2021-12-27T15:00:00.000000000,52.45,50.56171
2021-12-27T16:00:00.000000000,52.58,50.82194
2021-12-27T17:00:00.000000000,52.21,51.08493
2021-12-27T18:00:00.000000000,52.08,51.09033
2021-12-27T19:00:00.000000000,52.22,51.13885
2021-12-27T20:00:00.000000000,51.75,50.58153
2021-12-27T21:00:00.000000000,51.4,50.03741
2021-12-27T22:00:00.000000000,50.09,49.42982
2021-12-27T23:00:00.000000000,46.74,49.21027
2021-12-28T00:00:00.000000000,46.73,51.23137
2021-12-28T01:00:00.000000000,48.07,51.32376
2021-12-28T02:00:00.000000000,48.44,51.43523
2021-12-28T03:00:00.000000000,47.53,51.53101
2021-12-28T04:00:00.000000000,47.15,51.49057
2021-12-28T05:00:00.000000000,47.54,51.24107
2021-12-28T06:00:00.000000000,48.02,51.54496
2021-12-28T07:00:00.000000000,48.36,51.48381
2021-12-28T08:00:00.000000000,48.67,51.0792
2021-12-28T09:00:00.000000000,48.9,50.90942
2021-12-28T10:00:00.000000000,49.09,49.73402
2021-12-28T11:00:00.000000000,49.48,49.93058
2021-12-28T12:00:00.000000000,49.92,49.64511
2021-12-28T13:00:00.000000000,50.01,49.0177
2021-12-28T14:00:00.000000000,50.47,49.10368
2021-12-28T15:00:00.000000000,50.66,49.43529
2021-12-28T16:00:00.000000000,51.99,49.67261
2021-12-28T17:00:00.000000000,52.74,49.88931
2021-12-28T18:00:00.000000000,53.65,49.86738
2021-12-28T19:00:00.000000000,55.56,49.88398
2021-12-28T20:00:00.000000000,54.66,49.34543
2021-12-28T21:00:00.000000000,54.26,48.78802
2021-12-28T22:00:00.000000000,55.15,48.23406
2021-12-28T23:00:00.000000000,54.96,48.01565
2021-12-26T00:00:00.000000000,51.59,55.77789
2021-12-26T01:00:00.000000000,51.99,55.61276
2021-12-26T02:00:00.000000000,52.59,55.57595
2021-12-26T03:00:00.000000000,52.52,55.24533
2021-12-26T04:00:00.000000000,53.07,54.68818
2021-12-26T05:00:00.000000000,53.47,54.24267
2021-12-26T06:00:00.000000000,53.19,54.52069
2021-12-26T07:00:00.000000000,55.02,54.34789
2021-12-26T08:00:00.000000000,54.89,53.94991
2021-12-26T09:00:00.000000000,54.59,53.87032
2021-12-26T10:00:00.000000000,54.63,52.69894
2021-12-26T11:00:00.000000000,54.98,52.9938
2021-12-26T12:00:00.000000000,54.68,52.70756
2021-12-26T13:00:00.000000000,52.47,51.88184
2021-12-26T14:00:00.000000000,51.69,51.84035
2021-12-26T15:00:00.000000000,53.37,52.04792
2021-12-26T16:00:00.000000000,53.46,52.0602
2021-12-26T17:00:00.000000000,53.65,52.19224
2021-12-26T18:00:00.000000000,54.13,52.17783
2021-12-26T19:00:00.000000000,54.28,52.3424
2021-12-26T20:00:00.000000000,54.35,51.89265
2021-12-26T21:00:00.000000000,53.47,51.66985
2021-12-26T22:00:00.000000000,52.6,51.25856
2021-12-26T23:00:00.000000000,50.32,51.2267
2021-12-27T00:00:00.000000000,49.73,54.04997
2021-12-27T01:00:00.000000000,49.92,54.10107
2021-12-27T02:00:00.000000000,48.24,54.2672
2021-12-27T03:00:00.000000000,47.59,54.21471
2021-12-27T04:00:00.000000000,49.22,54.00171
2021-12-27T05:00:00.000000000,49.69,53.7526
2021-12-27T06:00:00.000000000,50.38,54.13325
2021-12-27T07:00:00.000000000,51.76,54.02248
2021-12-27T08:00:00.000000000,52.67,53.58877
2021-12-27T09:00:00.000000000,52.79,53.39485
2021-12-27T10:00:00.000000000,53.19,52.12679
2021-12-27T11:00:00.000000000,53.14,52.2831
2021-12-27T12:00:00.000000000,53.78,51.86026
2021-12-27T13:00:00.000000000,53.19,50.95635
2021-12-27T14:00:00.000000000,52.91,50.90819
2021-12-27T15:00:00.000000000,52.45,51.11528
2021-12-27T16:00:00.000000000,52.58,51.18899
2021-12-27T17:00:00.000000000,52.21,51.28112
2021-12-27T18:00:00.000000000,52.08,51.18937
2021-12-27T19:00:00.000000000,52.22,51.26299
2021-12-27T20:00:00.000000000,51.75,50.76715
2021-12-27T21:00:00.000000000,51.4,50.40854
2021-12-27T22:00:00.000000000,50.09,49.94652
2021-12-27T23:00:00.000000000,46.74,49.85702
2021-12-28T00:00:00.000000000,46.73,52.05917
2021-12-28T01:00:00.000000000,48.07,52.08113
2021-12-28T02:00:00.000000000,48.44,52.1368
2021-12-28T03:00:00.000000000,47.53,52.13125
2021-12-28T04:00:00.000000000,47.15,52.00827
2021-12-28T05:00:00.000000000,47.54,51.74097
2021-12-28T06:00:00.000000000,48.02,52.07663
2021-12-28T07:00:00.000000000,48.36,52.02477
2021-12-28T08:00:00.000000000,48.67,51.64451
2021-12-28T09:00:00.000000000,48.9,51.48332
2021-12-28T10:00:00.000000000,49.09,50.28911
2021-12-28T11:00:00.000000000,49.48,50.46439
2021-12-28T12:00:00.000000000,49.92,50.12127
2021-12-28T13:00:00.000000000,50.01,49.39836
2021-12-28T14:00:00.000000000,50.47,49.41298
2021-12-28T15:00:00.000000000,50.66,49.69123
2021-12-28T16:00:00.000000000,51.99,49.87787
2021-12-28T17:00:00.000000000,52.74,50.09281
2021-12-28T18:00:00.000000000,53.65,50.10651
2021-12-28T19:00:00.000000000,55.56,50.20588
2021-12-28T20:00:00.000000000,54.66,49.73934
2021-12-28T21:00:00.000000000,54.26,49.27428
2021-12-28T22:00:00.000000000,55.15,48.77849
2021-12-28T23:00:00.000000000,54.96,48.60357
2021-12-29T00:00:00.000000000,53.23,50.31817
2021-12-29T01:00:00.000000000,53.46,50.45277
2021-12-29T02:00:00.000000000,54.23,50.53245
2021-12-29T03:00:00.000000000,52.4,50.59192
2021-12-29T04:00:00.000000000,52.77,50.56135
2021-12-29T05:00:00.000000000,51.51,50.32337
2021-12-29T06:00:00.000000000,52.05,50.62177
2021-12-29T07:00:00.000000000,52.07,50.57933
2021-12-29T08:00:00.000000000,52.19,50.22396
2021-12-29T09:00:00.000000000,53.2,50.03751
2021-12-29T10:00:00.000000000,54.73,48.91722
2021-12-29T11:00:00.000000000,55.68,49.0713
2021-12-29T12:00:00.000000000,55.04,48.73898
2021-12-29T13:00:00.000000000,54.78,48.06787
2021-12-29T14:00:00.000000000,55.31,48.10047
2021-12-29T15:00:00.000000000,55.13,48.3602
2021-12-29T16:00:00.000000000,54.87,48.54871
2021-12-29T17:00:00.000000000,55.36,48.73372
2021-12-29T18:00:00.000000000,58.18,48.71265
2021-12-29T19:00:00.000000000,57.87,48.77471
2021-12-29T20:00:00.000000000,56.69,48.32971
2021-12-29T21:00:00.000000000,53.76,47.85157
2021-12-29T22:00:00.000000000,53.07,47.42243
2021-12-29T23:00:00.000000000,51.1,47.26208
2021-12-27T00:00:00.000000000,49.73,53.53782
2021-12-27T01:00:00.000000000,49.92,53.57937
2021-12-27T02:00:00.000000000,48.24,53.83243
2021-12-27T03:00:00.000000000,47.59,53.87124
2021-12-27T04:00:00.000000000,49.22,53.85678
2021-12-27T05:00:00.000000000,49.69,53.76181
2021-12-27T06:00:00.000000000,50.38,54.37986
2021-12-27T07:00:00.000000000,51.76,54.55415
2021-12-27T08:00:00.000000000,52.67,54.40052
2021-12-27T09:00:00.000000000,52.79,54.49124
2021-12-27T10:00:00.000000000,53.19,53.48677
2021-12-27T11:00:00.000000000,53.14,53.73583
2021-12-27T12:00:00.000000000,53.78,53.2198
2021-12-27T13:00:00.000000000,53.19,52.21057
2021-12-27T14:00:00.000000000,52.91,52.03392
2021-12-27T15:00:00.000000000,52.45,51.91476
2021-12-27T16:00:00.000000000,52.58,51.73864
2021-12-27T17:00:00.000000000,52.21,51.54629
2021-12-27T18:00:00.000000000,52.08,51.24786
2021-12-27T19:00:00.000000000,52.22,51.18342
2021-12-27T20:00:00.000000000,51.75,50.5813
2021-12-27T21:00:00.000000000,51.4,50.30275
2021-12-27T22:00:00.000000000,50.09,49.83065
2021-12-27T23:00:00.000000000,46.74,49.7199
2021-12-28T00:00:00.000000000,46.73,51.78
2021-12-28T01:00:00.000000000,48.07,51.80168
2021-12-28T02:00:00.000000000,48.44,51.83548
2021-12-28T03:00:00.000000000,47.53,51.77601
2021-12-28T04:00:00.000000000,47.15,51.66614
2021-12-28T05:00:00.000000000,47.54,51.42009
2021-12-28T06:00:00.000000000,48.02,51.84119
2021-12-28T07:00:00.000000000,48.36,51.88998
2021-12-28T08:00:00.000000000,48.67,51.66043
2021-12-28T09:00:00.000000000,48.9,51.6129
2021-12-28T10:00:00.000000000,49.09,50.55234
2021-12-28T11:00:00.000000000,49.48,50.75857
2021-12-28T12:00:00.000000000,49.92,50.35033
2021-12-28T13:00:00.000000000,50.01,49.53658
2021-12-28T14:00:00.000000000,50.47,49.43275
2021-12-28T15:00:00.000000000,50.66,49.51916
2021-12-28T16:00:00.000000000,51.99,49.54977
2021-12-28T17:00:00.000000000,52.74,49.61868
2021-12-28T18:00:00.000000000,53.65,49.57086
2021-12-28T19:00:00.000000000,55.56,49.67717
2021-12-28T20:00:00.000000000,54.66,49.26145
2021-12-28T21:00:00.000000000,54.26,48.91651
2021-12-28T22:00:00.000000000,55.15,48.52977
2021-12-28T23:00:00.000000000,54.96,48.42456
2021-12-29T00:00:00.000000000,53.23,50.83708
2021-12-29T01:00:00.000000000,53.46,50.8823
2021-12-29T02:00:00.000000000,54.23,50.89853
2021-12-29T03:00:00.000000000,52.4,50.89015
2021-12-29T04:00:00.000000000,52.77,50.81225
2021-12-29T05:00:00.000000000,51.51,50.55242
2021-12-29T06:00:00.000000000,52.05,50.89932
2021-12-29T07:00:00.000000000,52.07,50.91733
2021-12-29T08:00:00.000000000,52.19,50.64513
2021-12-29T09:00:00.000000000,53.2,50.55446
2021-12-29T10:00:00.000000000,54.73,49.48929
2021-12-29T11:00:00.000000000,55.68,49.68788
2021-12-29T12:00:00.000000000,55.04,49.34485
2021-12-29T13:00:00.000000000,54.78,48.64799
2021-12-29T14:00:00.000000000,55.31,48.62552
2021-12-29T15:00:00.000000000,55.13,48.81154
2021-12-29T16:00:00.000000000,54.87,48.94003
2021-12-29T17:00:00.000000000,55.36,49.09652
2021-12-29T18:00:00.000000000,58.18,49.09203
2021-12-29T19:00:00.000000000,57.87,49.18709
2021-12-29T20:00:00.000000000,56.69,48.76131
2021-12-29T21:00:00.000000000,53.76,48.33654
2021-12-29T22:00:00.000000000,53.07,47.91502
2021-12-29T23:00:00.000000000,51.1,47.76093
2021-12-30T00:00:00.000000000,51.24,49.46016
2021-12-30T01:00:00.000000000,52.2,49.5546
2021-12-30T02:00:00.000000000,54.29,49.54113
2021-12-30T03:00:00.000000000,53.3,49.54974
2021-12-30T04:00:00.000000000,50.79,49.4813
2021-12-30T05:00:00.000000000,50.21,49.19331
2021-12-30T06:00:00.000000000,50.95,49.44679
2021-12-30T07:00:00.000000000,51.18,49.44398
2021-12-30T08:00:00.000000000,49.72,49.17405
2021-12-30T09:00:00.000000000,49.03,49.0723
2021-12-30T10:00:00.000000000,48.77,48.08527
2021-12-30T11:00:00.000000000,48.44,48.29919
2021-12-30T12:00:00.000000000,48.9,48.03271
2021-12-30T13:00:00.000000000,49.15,47.45876
2021-12-30T14:00:00.000000000,50.03,47.49866
2021-12-30T15:00:00.000000000,49.58,47.72548
2021-12-30T16:00:00.000000000,49.39,47.89337
2021-12-30T17:00:00.000000000,49.54,48.07604
2021-12-30T18:00:00.000000000,49.01,48.08024
2021-12-30T19:00:00.000000000,48.45,48.15216
2021-12-30T20:00:00.000000000,46.61,47.73951
2021-12-30T21:00:00.000000000,45.28,47.28977
2021-12-30T22:00:00.000000000,44.65,46.90516
2021-12-30T23:00:00.000000000,47.06,46.7466
2021-12-28T00:00:00.000000000,46.73,53.59081
2021-12-28T01:00:00.000000000,48.07,53.37739
2021-12-28T02:00:00.000000000,48.44,53.28419
2021-12-28T03:00:00.000000000,47.53,53.04249
2021-12-28T04:00:00.000000000,47.15,52.67218
2021-12-28T05:00:00.000000000,47.54,52.21443
2021-12-28T06:00:00.000000000,48.02,52.59943
2021-12-28T07:00:00.000000000,48.36,52.71432
2021-12-28T08:00:00.000000000,48.67,52.65441
2021-12-28T09:00:00.000000000,48.9,52.98831
2021-12-28T10:00:00.000000000,49.09,52.26458
2021-12-28T11:00:00.000000000,49.48,52.8601
2021-12-28T12:00:00.000000000,49.92,52.75093
2021-12-28T13:00:00.000000000,50.01,52.1986
2021-12-28T14:00:00.000000000,50.47,52.17031
2021-12-28T15:00:00.000000000,50.66,52.18057
2021-12-28T16:00:00.000000000,51.99,52.07102
2021-12-28T17:00:00.000000000,52.74,51.99175
2021-12-28T18:00:00.000000000,53.65,51.84977
2021-12-28T19:00:00.000000000,55.56,51.82339
2021-12-28T20:00:00.000000000,54.66,51.21529
2021-12-28T21:00:00.000000000,54.26,50.88152
2021-12-28T22:00:00.000000000,55.15,50.38305
2021-12-28T23:00:00.000000000,54.96,50.25025
2021-12-29T00:00:00.000000000,53.23,53.7021
2021-12-29T01:00:00.000000000,53.46,53.70688
2021-12-29T02:00:00.000000000,54.23,53.79602
2021-12-29T03:00:00.000000000,52.4,53.6642
2021-12-29T04:00:00.000000000,52.77,53.363
2021-12-29T05:00:00.000000000,51.51,52.99245
2021-12-29T06:00:00.000000000,52.05,53.32443
2021-12-29T07:00:00.000000000,52.07,53.24238
2021-12-29T08:00:00.000000000,52.19,52.92197
2021-12-29T09:00:00.000000000,53.2,52.91182
2021-12-29T10:00:00.000000000,54.73,51.86142
2021-12-29T11:00:00.000000000,55.68,52.21162
2021-12-29T12:00:00.000000000,55.04,51.95541
2021-12-29T13:00:00.000000000,54.78,51.23378
2021-12-29T14:00:00.000000000,55.31,51.22322
2021-12-29T15:00:00.000000000,55.13,51.39032
2021-12-29T16:00:00.000000000,54.87,51.39834
2021-12-29T17:00:00.000000000,55.36,51.40998
2021-12-29T18:00:00.000000000,58.18,51.27778
2021-12-29T19:00:00.000000000,57.87,51.28615
2021-12-29T20:00:00.000000000,56.69,50.7386
2021-12-29T21:00:00.000000000,53.76,50.37031
2021-12-29T22:00:00.000000000,53.07,49.91232
2021-12-29T23:00:00.000000000,51.1,49.8331
2021-12-30T00:00:00.000000000,51.24,51.20403
2021-12-30T01:00:00.000000000,52.2,51.33303
2021-12-30T02:00:00.000000000,54.29,51.4292
2021-12-30T03:00:00.000000000,53.3,51.43368
2021-12-30T04:00:00.000000000,50.79,51.33029
2021-12-30T05:00:00.000000000,50.21,51.04668
2021-12-30T06:00:00.000000000,50.95,51.3571
2021-12-30T07:00:00.000000000,51.18,51.30512
2021-12-30T08:00:00.000000000,49.72,50.97646
2021-12-30T09:00:00.000000000,49.03,50.85799
2021-12-30T10:00:00.000000000,48.77,49.783
2021-12-30T11:00:00.000000000,48.44,50.01448
2021-12-30T12:00:00.000000000,48.9,49.70694
2021-12-30T13:00:00.000000000,49.15,49.01854
2021-12-30T14:00:00.000000000,50.03,49.02553
2021-12-30T15:00:00.000000000,49.58,49.22965
2021-12-30T16:00:00.000000000,49.39,49.33727
2021-12-30T17:00:00.000000000,49.54,49.42517
2021-12-30T18:00:00.000000000,49.01,49.33966
2021-12-30T19:00:00.000000000,48.45,49.36397
2021-12-30T20:00:00.000000000,46.61,48.88095
2021-12-30T21:00:00.000000000,45.28,48.44284
2021-12-30T22:00:00.000000000,44.65,48.02476
2021-12-30T23:00:00.000000000,47.06,47.91222
2021-12-31T00:00:00.000000000,48.99,50.61937
2021-12-31T01:00:00.000000000,50.44,50.63128
2021-12-31T02:00:00.000000000,50.99,50.60014
2021-12-31T03:00:00.000000000,52.58,50.58408
2021-12-31T04:00:00.000000000,51.71,50.47221
2021-12-31T05:00:00.000000000,50.01,50.17818
2021-12-31T06:00:00.000000000,49.64,50.4646
2021-12-31T07:00:00.000000000,47.45,50.45204
2021-12-31T08:00:00.000000000,46.65,50.14944
2021-12-31T09:00:00.000000000,47.4,50.03976
2021-12-31T10:00:00.000000000,48.32,48.96217
2021-12-31T11:00:00.000000000,48.53,49.16399
2021-12-31T12:00:00.000000000,47.95,48.87302
2021-12-31T13:00:00.000000000,48.1,48.25565
2021-12-31T14:00:00.000000000,47.4,48.28549
2021-12-31T15:00:00.000000000,47.73,48.54769
2021-12-31T16:00:00.000000000,48.61,48.74697
2021-12-31T17:00:00.000000000,49.28,48.98775
2021-12-31T18:00:00.000000000,47.04,49.04525
2021-12-31T19:00:00.000000000,49.37,49.15778
2021-12-31T20:00:00.000000000,49.85,48.73548
2021-12-31T21:00:00.000000000,49.29,48.27773
2021-12-31T22:00:00.000000000,48.46,47.82649
2021-12-31T23:00:00.000000000,47.45,47.63757
